"SC","日付","始値","高値","安値","終値","VWAP","出来高","売買代金","前場始値","前場高値","前場安値","前場終値","後場始値","後場高値","後場安値","後場終値"
"1301","20231002","3940","3970","3900","3900","3927.4085","16400","64409500","3940","3970","3930","3960","3945","3945","3900","3900"
"1332","20231002","733.8","742.7","723.1","723.2","731.3033","1696500","1240656050","733.8","742.7","733.7","738.3","735.3","737.4","723.1","723.2"
"1333","20231002","2563.5","2588","2538.5","2541","2560.1833","123000","314902550","2563.5","2588","2560","2579","2579","2580","2538.5","2541"
"1375","20231002","901","906","891","891","897.1628","99500","89267700","901","906","899","900","900","900","891","891"
"1376","20231002","1456","1471","1440","1440","1453.2965","17200","24996700","1456","1471","1456","1460","1460","1460","1440","1440"
"1377","20231002","4335","4375","4320","4320","4340.5125","80000","347241000","4335","4375","4325","4365","4365","4365","4320","4320"
"1379","20231002","1825","1830","1814","1817","1821.3279","49100","89427200","1825","1830","1820","1826","1825","1828","1814","1817"
"1380","20231002","1041","1058","1041","1051","1047.6923","1300","1362000","1041","1058","1041","1042","1045","1051","1045","1051"
"1381","20231002","2999","3000","2985","2985","2994.5","600","1796700","2999","3000","2999","3000","2998","2998","2985","2985"
"1382","20231002","2332","2437","2192","2202","2307.9839","105300","243030700","2332","2437","2285","2292","2298","2315","2192","2202"
"1383","20231002","3170","3260","3170","3175","3190.6818","2200","7019500","3170","3260","3170","3205","3195","3195","3175","3175"
"1384","20231002","1159","1167","1122","1124","1141.9236","30100","34371900","1159","1167","1141","1155","1155","1155","1122","1124"
"1400","20231002","123","124","122","123","123.0753","14600","1796900","123","124","122","123","123","123","123","123"
"1401","20231002","519","523","518","518","519.9667","3000","1559900","519","523","519","523","522","522","518","518"
"1407","20231002","3215","3235","3160","3160","3201.8023","208900","668856500","3215","3235","3190","3230","3220","3220","3160","3160"
"1414","20231002","5862","5923","5814","5814","5856.0582","120200","703898200","5862","5923","5862","5891","5875","5889","5814","5814"
"1417","20231002","1966","1997.5","1962","1962.5","1974.8402","176800","349151750","1966","1997.5","1963","1987","1984.5","1986","1962","1962.5"
"1418","20231002","206","208","201","204","205.19","32100","6586600","206","208","206","207","206","206","201","204"
"1419","20231002","3590","3655","3575","3580","3619.8535","252500","914013000","3590","3655","3590","3650","3650","3650","3575","3580"
"1420","20231002","729","729","727","729","728.4754","6100","4443700","729","729","727","728","729","729","727","729"
"1429","20231002","1042","1046","1005","1006","1024.1173","89500","91658500","1042","1046","1028","1030","1031","1031","1005","1006"
"1430","20231002","789","800","787","789","792.1101","33600","26614900","789","800","789","795","794","795","787","789"
"1431","20231002","799","801","786","786","794.7283","17300","13748800","799","801","795","795","796","796","786","786"
"1433","20231002","1007","1031","1007","1023","1023.1422","63300","64764900","1007","1031","1007","1024","1027","1031","1020","1023"
"1434","20231002","610","622","606","606","612.3528","34300","21003700","610","622","610","618","617","617","606","606"
"1435","20231002","203","203","198","198","199.7268","333400","66588900","203","203","199","201","202","202","198","198"
"1436","20231002","821","821","811","811","813.8462","2600","2116000","821","821","817","820","811","819","811","811"
"1438","20231002","1591","1599","1414","1444","1501.4655","5800","8708500","1591","1599","1591","1596","1590","1590","1414","1444"
"1439","20231002","1372","1400","1368","1368","1381.0571","3500","4833700","1372","1400","1372","1400","1375","1375","1368","1368"
"1443","20231002","225","225","220","220","223.3251","44300","9893300","225","225","222","222","223","223","220","220"
"1444","20231002","2485","2550","2485","2485","2505.7143","700","1754000","2485","2550","2485","2485","2485","2485","2485","2485"
"1446","20231002","567","569","548","549","556.437","98400","54753400","567","569","555","557","557","559","548","549"
"1447","20231002","339","339","328","328","332.4629","40400","13431500","339","339","333","334","332","333","328","328"
"1450","20231002","2180","2182","2180","2181","2180.4444","900","1962400","2180","2180","2180","2180","2181","2182","2181","2181"
"1451","20231002","741","741","721","721","734.6327","9800","7199400","741","741","727","727","727","727","721","721"
"1491","20231002","31","32","30","31","30.8368","375700","11585400","31","32","30","31","30","31","30","31"
"1514","20231002","496","509","470","492","489.9102","4591500","2249422500","496","509","475","483","484","493","470","492"
"1515","20231002","4995","5090","4940","4960","5000.2985","40200","201012000","4995","5090","4995","5050","5050","5050","4940","4960"
"1518","20231002","2756","2791","2689","2689","2734.6822","267500","731527500","2756","2791","2746","2759","2760","2765","2689","2689"
"1605","20231002","2248","2270","2225","2225","2246.8785","9217200","20709928550","2248","2270","2248","2260","2256","2259","2225","2225"
"1662","20231002","5560","5600","5440","5450","5516.0263","433100","2388991000","5560","5600","5500","5530","5530","5530","5440","5450"
"1663","20231002","2648","2718","2635","2642","2674.6138","139300","372573700","2648","2718","2642","2688","2695","2695","2635","2642"
"1711","20231002","252","253","246","246","250.0187","21400","5350400","252","253","250","250","251","251","246","246"
"1712","20231002","1234","1260","1178","1188","1212.0685","858700","1040803200","1234","1260","1212","1220","1228","1234","1178","1188"
"1716","20231002","1285","1297","1272","1275","1282.4163","22100","28341400","1285","1297","1284","1291","1291","1291","1272","1275"
"1717","20231002","730","734","725","727","728.0864","22000","16017900","730","734","730","732","732","732","725","727"
"1718","20231002","4575","4575","4525","4525","4553","1500","6829500","4575","4575","4565","4570","4555","4555","4525","4525"
"1719","20231002","1179","1193","1166","1168","1178.8223","664200","782973800","1179","1193","1179","1189","1187","1187","1166","1168"
"1720","20231002","783","792","778","779","784.61","360300","282695000","783","792","780","790","792","792","778","779"
"1721","20231002","3139","3170","3098","3098","3121.7465","435500","1359520600","3139","3170","3130","3162","3145","3155","3098","3098"
"1723","20231002","4365","4365","4315","4320","4336.6667","2100","9107000","4365","4365","4320","4320","4350","4350","4315","4320"
"1724","20231002","697","697","683","684","689.2121","6600","4548800","697","697","683","689","689","689","683","684"
"1726","20231002","367","370","363","363","366.2137","179700","65808600","367","370","365","369","368","368","363","363"
"1730","20231002","437","437","416","423","424.0789","3800","1611500","437","437","416","422","425","425","422","423"
"1736","20231002","3090","3110","2976","2976","3045.9167","2400","7310200","3090","3110","3070","3110","3100","3100","2976","2976"
"1739","20231002","822","847","810","830","824.6422","20400","16822700","822","847","810","847","832","832","826","830"
"1743","20231002","1226","1226","1213","1216","1217.8148","2700","3288100","1226","1226","1215","1219","1216","1216","1213","1216"
"1757","20231002","32","33","31","32","31.5616","2193500","69230300","32","33","31","32","32","32","31","32"
"1758","20231002","2072","2099","2072","2072","2077.4","500","1038700","2072","2099","2072","2099","2072","2072","2072","2072"
"1762","20231002","2660","2694","2641","2642","2660.8588","34000","90469200","2660","2694","2655","2689","2685","2685","2641","2642"
"1764","20231002","2453","2453","2453","2453","2453","100","245300","2453","2453","2453","2453","-","-","-","-"
"1766","20231002","8000","8100","7930","7930","8002.7723","30300","242484000","8000","8100","7960","8050","8030","8040","7930","7930"
"1768","20231002","977","977","964","965","971.6814","11300","10980000","977","977","964","971","971","976","965","965"
"1770","20231002","1108","1108","1084","1084","1097.0714","1400","1535900","1108","1108","1086","1086","1100","1100","1084","1084"
"1773","20231002","47","47","46","46","46.3789","512000","23746000","47","47","46","47","47","47","46","46"
"1775","20231002","4345","4345","4215","4270","4303.1132","5300","22806500","4345","4345","4215","4215","4320","4330","4270","4270"
"1776","20231002","1086","1086","1060","1084","1079.9125","8000","8639300","1086","1086","1060","1082","1080","1084","1076","1084"
"1780","20231002","1250","1259","1242","1242","1248.4893","23300","29089800","1250","1259","1248","1255","1251","1253","1242","1242"
"1783","20231002","50","51","48","49","49.2189","1076400","52979200","50","51","48","49","49","50","48","49"
"1786","20231002","329","331","325","325","327.2731","415900","136112900","329","331","326","329","329","329","325","325"
"1787","20231002","5310","5310","5310","5310","5310","100","531000","5310","5310","5310","5310","-","-","-","-"
"1788","20231002","3125","3125","3125","3125","3125","700","2187500","3125","3125","3125","3125","-","-","-","-"
"1789","20231002","640","640","625","629","632.5236","21200","13409500","640","640","630","630","630","630","625","629"
"1793","20231002","2519","2520","2471","2471","2509.8","500","1254900","2519","2519","2519","2519","2520","2520","2471","2471"
"1795","20231002","3450","3495","3415","3420","3448.8889","2700","9312000","3450","3495","3415","3420","3445","3445","3420","3420"
"1798","20231002","2838","2882","2766","2882","2817.9091","1100","3099700","2838","2866","2766","2866","2882","2882","2882","2882"
"1799","20231002","1727","1729","1690","1715","1718.208","12500","21477600","1727","1729","1715","1717","1712","1718","1690","1715"
"1801","20231002","5220","5279","5161","5177","5209.4359","619000","3224640800","5220","5279","5212","5245","5226","5233","5161","5177"
"1802","20231002","1312.5","1333","1303.5","1307","1315.119","2438100","3206391550","1312.5","1333","1310","1325.5","1321","1323.5","1303.5","1307"
"1803","20231002","1037.5","1047.5","1030","1030","1036.5105","2592600","2687257200","1037.5","1047.5","1032","1044","1040.5","1043","1030","1030"
"1805","20231002","1380","1396","1364","1365","1378.1631","93200","128444800","1380","1396","1375","1381","1385","1385","1364","1365"
"1807","20231002","2644","2644","2618","2639","2631.9","1000","2631900","2644","2644","2618","2639","-","-","-","-"
"1808","20231002","1910.5","1945","1910.5","1912.5","1923.9337","1124200","2162886300","1910.5","1945","1910.5","1940","1932.5","1936.5","1911.5","1912.5"
"1810","20231002","768","779","760","760","766.7782","23900","18326000","768","779","766","777","771","772","760","760"
"1811","20231002","3710","3785","3710","3755","3754.7692","6500","24406000","3710","3785","3710","3785","3755","3775","3725","3755"
"1812","20231002","2438","2481","2425.5","2433.5","2447.5952","1620200","3965593700","2438","2481","2427","2468","2458.5","2460.5","2425.5","2433.5"
"1813","20231002","2008","2042","1990","1990","2012.0203","78800","158547200","2008","2042","1996","2036","2029","2033","1990","1990"
"1814","20231002","1452","1474","1446","1446","1459.2839","31700","46259300","1452","1474","1452","1465","1465","1467","1446","1446"
"1815","20231002","2127","2147","2089","2095","2111.7552","24100","50893300","2127","2147","2120","2129","2120","2129","2089","2095"
"1820","20231002","3686","3724","3673","3674","3698.0729","327900","1212598100","3686","3724","3686","3708","3700","3713","3673","3674"
"1821","20231002","410","412","397","397","402.3139","1142900","459804500","410","412","404","407","407","407","397","397"
"1822","20231002","3945","3975","3900","3900","3926.6047","21500","84422000","3945","3975","3940","3940","3940","3950","3900","3900"
"1826","20231002","531","547","531","532","538.0382","44500","23942700","531","547","531","542","542","542","532","532"
"1827","20231002","430","435","425","426","431.0095","84000","36204800","430","435","429","435","434","434","425","426"
"1828","20231002","1565","1613","1537","1550","1570.5986","28900","45390300","1565","1613","1565","1578","1579","1580","1537","1550"
"1833","20231002","4490","4555","4475","4480","4513.2805","129400","584018500","4490","4555","4475","4550","4545","4545","4475","4480"
"1835","20231002","2914","2949","2897","2901","2917.3597","67000","195463100","2914","2949","2911","2929","2929","2931","2897","2901"
"1840","20231002","252","257","251","253","254.0508","53100","13490100","252","257","252","255","255","255","251","253"
"1841","20231002","952","958","950","958","953.2632","1900","1811200","952","956","950","950","958","958","958","958"
"1844","20231002","189","190","187","187","188.8057","136400","25753100","189","190","189","190","190","190","187","187"
"1847","20231002","2088","2122","2081","2084","2093.75","24400","51087500","2088","2122","2088","2112","2107","2107","2081","2084"
"1848","20231002","471","471","460","460","465.8774","26100","12159400","471","471","465","469","468","468","460","460"
"1850","20231002","329","333","327","333","329.718","46100","15200000","329","332","327","332","332","333","328","333"
"1852","20231002","3620","3670","3615","3635","3645.456","95400","347776500","3620","3670","3615","3660","3660","3660","3630","3635"
"1853","20231002","339","342","322","322","329.8866","100500","33153600","339","342","332","335","335","335","322","322"
"1860","20231002","815.4","831.9","811.4","814.7","821.917","1013500","833012840","815.4","831.9","811.4","828.5","827","827","813.5","814.7"
"1861","20231002","3535","3595","3530","3550","3564.1572","185700","661864000","3535","3595","3530","3580","3580","3595","3545","3550"
"1866","20231002","2990","3020","2990","3000","3006.7556","4500","13530400","2990","3020","2990","3020","3020","3020","2999","3000"
"1867","20231002","1506","1533","1480","1481","1501.6056","18000","27028900","1506","1533","1502","1525","1519","1519","1480","1481"
"1870","20231002","1258","1273","1234","1234","1247.6068","74000","92322900","1258","1273","1253","1256","1253","1253","1234","1234"
"1871","20231002","839","848","833","834","840.3791","83100","69835500","839","848","837","847","843","844","833","834"
"1873","20231002","379","384","375","375","379.4022","460200","174600900","379","384","377","377","377","379","375","375"
"1878","20231002","15890","16060","15735","15765","15829.426","181200","2868292000","15890","16060","15775","15885","15835","15870","15735","15765"
"1879","20231002","1228","1250","1228","1238","1240.337","54900","68094500","1228","1250","1228","1249","1247","1247","1234","1238"
"1882","20231002","5340","5380","5320","5330","5348.0695","25900","138515000","5340","5380","5320","5370","5380","5380","5320","5330"
"1884","20231002","1900","1946","1898","1908","1918.5183","87600","168062200","1900","1946","1898","1927","1927","1930","1902","1908"
"1885","20231002","3790","3860","3770","3775","3818.3807","63300","241703500","3790","3860","3775","3845","3845","3845","3770","3775"
"1887","20231002","672","678","659","660","668.4318","301300","201398500","672","678","665","671","670","670","659","660"
"1888","20231002","3015","3070","2996","3000","3024.951","20400","61709000","3015","3070","3010","3060","3040","3070","2996","3000"
"1890","20231002","1221","1232","1216","1219","1224.303","289100","353946000","1221","1232","1216","1227","1227","1228","1219","1219"
"1893","20231002","886.4","895.3","880.2","881","886.2679","999300","885647480","886.4","895.3","881.2","889","887.8","889.7","880.2","881"
"1897","20231002","2800","2830","2793","2830","2805","500","1402500","2800","2800","2800","2800","2793","2830","2793","2830"
"1898","20231002","1558","1588","1532","1533","1554.4008","895700","1392276800","1558","1588","1551","1562","1556","1557","1532","1533"
"1899","20231002","4845","4900","4840","4840","4863.6607","11200","54473000","4845","4900","4845","4885","4885","4895","4840","4840"
"1904","20231002","2346","2346","2330","2331","2337.52","2500","5843800","2346","2346","2330","2330","2340","2341","2331","2331"
"1905","20231002","1193","1193","1130","1140","1146.3798","12900","14788300","1193","1193","1140","1155","1143","1143","1130","1140"
"1909","20231002","2091","2147","2091","2102","2118.2647","10200","21606300","2091","2147","2091","2136","2133","2136","2097","2102"
"1911","20231002","3823","3841","3761","3763","3789.488","1307100","4953239800","3823","3841","3778","3809","3809","3810","3761","3763"
"1914","20231002","502","504","496","496","498.7917","9600","4788400","502","504","499","503","503","503","496","496"
"1921","20231002","575","592","574","579","581.2246","47200","27433800","575","592","574","586","590","590","577","579"
"1925","20231002","4025","4082","4010","4010","4033.3829","1205000","4860226400","4025","4082","4023","4074","4062","4069","4010","4010"
"1926","20231002","2065","2074","2026","2028","2042.9991","109000","222686900","2065","2074","2047","2051","2050","2050","2026","2028"
"1928","20231002","2994","2995","2909.5","2914","2942.4066","2751900","8097208700","2994","2995","2966","2966","2961","2962","2909.5","2914"
"1929","20231002","1092","1107","1081","1081","1092.9286","89600","97926400","1092","1107","1092","1100","1096","1099","1081","1081"
"1930","20231002","1031","1047","1026","1026","1034.7954","47400","49049300","1031","1047","1031","1039","1039","1041","1026","1026"
"1934","20231002","965","974","958","960","964.0681","74900","72208700","965","974","962","969","968","969","958","960"
"1938","20231002","1302","1319","1281","1282","1295.9401","28400","36804700","1302","1319","1298","1309","1292","1308","1281","1282"
"1939","20231002","2891","2936","2860","2879","2901.8217","38700","112300500","2891","2936","2860","2910","2911","2913","2879","2879"
"1941","20231002","2410","2442","2407","2408","2422.7085","84400","204476600","2410","2442","2407","2435","2424","2432","2408","2408"
"1942","20231002","1387","1417","1375","1385","1395.9432","653700","912528100","1387","1417","1375","1406","1407","1407","1385","1385"
"1944","20231002","2179","2211.5","2170.5","2190.5","2192.7827","616300","1351411950","2179","2211.5","2170.5","2207","2203.5","2205","2183","2190.5"
"1945","20231002","990","997","970","970","981.9048","50400","49488000","990","997","986","990","990","990","970","970"
"1946","20231002","4305","4305","4200","4200","4237.5258","9700","41104000","4305","4305","4240","4270","4250","4250","4200","4200"
"1948","20231002","4930","4930","4900","4915","4911.6667","1500","7367500","4930","4930","4915","4915","4920","4920","4900","4915"
"1949","20231002","2785","2837","2761","2764","2792.7897","54200","151369200","2785","2837","2774","2800","2799","2799","2761","2764"
"1950","20231002","2182","2208","2122","2127","2150.3886","66400","142785800","2182","2208","2164","2167","2163","2164","2122","2127"
"1951","20231002","3065","3092","3043","3048","3064.0592","300700","921362600","3065","3092","3054","3087","3079","3081","3043","3048"
"1952","20231002","2404","2420","2373","2373","2396.069","23200","55588800","2404","2420","2394","2414","2405","2406","2373","2373"
"1959","20231002","4686","4790","4660","4714","4740.8685","293600","1391919000","4686","4790","4660","4775","4775","4781","4714","4714"
"1960","20231002","711","714","705","705","710.5536","5600","3979100","711","714","709","710","712","712","705","705"
"1961","20231002","1627","1644","1621","1622","1629.8962","160900","262250300","1627","1644","1627","1634","1632","1632","1621","1622"
"1963","20231002","2077.5","2091","2036.5","2037.5","2059.551","958100","1973255850","2077.5","2091","2064","2078.5","2070","2076","2036.5","2037.5"
"1964","20231002","2270","2341","2240","2317","2310.8195","79800","184403400","2270","2338","2240","2325","2334","2341","2311","2317"
"1965","20231002","1325","1375","1325","1344","1350.1633","34300","46310600","1325","1365","1325","1346","1335","1375","1335","1344"
"1966","20231002","1025","1037","1014","1016","1027.2929","9900","10170200","1025","1037","1025","1037","1030","1037","1014","1016"
"1967","20231002","958","975","953","955","961.6433","32800","31541900","958","975","958","966","964","969","953","955"
"1968","20231002","4060","4125","4035","4055","4075.4778","29300","119411500","4060","4125","4050","4095","4045","4115","4035","4055"
"1969","20231002","2911","2938","2878","2881","2900.5894","148800","431607700","2911","2938","2884","2919","2912","2916","2878","2881"
"1971","20231002","576","576","565","565","567.7333","1500","851600","576","576","576","576","566","567","565","565"
"1972","20231002","4090","4200","4090","4105","4142.0264","22700","94024000","4090","4200","4090","4200","4195","4195","4105","4105"
"1973","20231002","1975","1990","1948","1952","1967.1776","166700","327928500","1975","1990","1964","1986","1980","1983","1948","1952"
"1975","20231002","2424","2476","2418","2423","2441.5535","15900","38820700","2424","2476","2421","2470","2475","2475","2418","2423"
"1976","20231002","1014","1020","1001","1003","1007.7864","78200","78808900","1014","1020","1006","1010","1008","1010","1001","1003"
"1979","20231002","4520","4595","4495","4530","4549.3343","72100","328007000","4520","4595","4495","4585","4565","4570","4520","4530"
"1980","20231002","1498","1520","1488","1491","1502.7211","48400","72731700","1498","1520","1491","1518","1516","1516","1488","1491"
"1981","20231002","-","-","-","-","-","-","-","-","-","-","-","-","-","-","-"
"1982","20231002","2335","2339","2289","2296","2307.0596","28500","65751200","2335","2339","2310","2326","2317","2317","2289","2296"
"1992","20231002","1720","1760","1720","1760","1746.6667","300","524000","1720","1760","1720","1760","1760","1760","1760","1760"
"1994","20231002","516","518","516","518","517.0909","5500","2844000","516","518","516","518","516","518","516","518"
"1997","20231002","1400","1423","1400","1409","1407.3333","1800","2533200","1400","1405","1400","1401","1403","1423","1403","1409"
"2001","20231002","2191","2222","2165","2168","2187.1513","260400","569534200","2191","2222","2182","2190","2186","2190","2165","2168"
"2002","20231002","1907","1928","1891","1891","1905.1755","726700","1384491050","1907","1928","1907","1919.5","1916.5","1920","1891","1891"
"2003","20231002","4940","4940","4855","4875","4896","4500","22032000","4940","4940","4900","4905","4920","4920","4855","4875"
"2004","20231002","3055","3075","3020","3025","3044.5553","37100","112953000","3055","3075","3040","3065","3055","3055","3020","3025"
"2009","20231002","680","690","674","675","680.5418","49100","33414600","680","690","680","683","681","683","674","675"
"2053","20231002","1100","1110","1088","1089","1098.08","57500","63139600","1100","1110","1099","1106","1105","1105","1088","1089"
"2055","20231002","267","274","266","266","269.1192","15100","4063700","267","274","267","271","270","270","266","266"
"2060","20231002","795","801","779","780","788.7364","89900","70907400","795","801","790","793","793","795","779","780"
"2107","20231002","1947","1994","1891","1898","1930.8843","130500","251980400","1947","1994","1928","1931","1928","1932","1891","1898"
"2108","20231002","1916","1955","1916","1924","1930.887","30100","58119700","1916","1955","1916","1944","1944","1944","1923","1924"
"2109","20231002","3015","3050","2996","2999","3015.0535","63600","191757400","3015","3050","2996","3035","3040","3045","2996","2999"
"2112","20231002","260","265","259","259","262.1987","133400","34977300","260","265","260","264","264","264","259","259"
"2114","20231002","1024","1024","958","958","977.5428","163600","159926000","1024","1024","970","973","970","970","958","958"
"2117","20231002","2068","2080","2000","2000","2028.8564","99600","202074100","2068","2080","2031","2033","2033","2033","2000","2000"
"2120","20231002","236","236","227","227","232.0065","602300","139737500","236","236","233","233","233","233","227","227"
"2121","20231002","2369","2378","2312","2312","2339.1049","333700","780559300","2369","2378","2344","2354","2352","2356","2312","2312"
"2122","20231002","948","960","948","955","951.2703","3700","3519700","948","960","948","960","953","960","948","955"
"2124","20231002","2571","2571","2482","2492","2512.7239","140900","354042800","2571","2571","2520","2520","2516","2516","2482","2492"
"2127","20231002","715.9","722","698","698.6","707.0824","4874600","3446743800","715.9","722","709.1","711","710.9","711","698","698.6"
"2130","20231002","1199","1212","1171","1174","1184.9182","69700","82588800","1199","1212","1188","1188","1190","1192","1171","1174"
"2134","20231002","24","24","23","24","23.8443","1133800","27034700","24","24","23","24","23","24","23","24"
"2136","20231002","1151","1159","1124","1141","1142.875","8000","9143000","1151","1159","1124","1152","1155","1155","1139","1141"
"2138","20231002","925","931","880","888","904.2129","368300","333021600","925","931","916","921","921","921","880","888"
"2139","20231002","446","448","432","432","440.6818","11000","4847500","446","448","446","447","444","444","432","432"
"2146","20231002","2281","2292","2204","2204","2240.5397","321300","719885400","2281","2292","2242","2248","2247","2256","2204","2204"
"2148","20231002","1168","1184","1154","1156","1169.6182","33000","38597400","1168","1184","1168","1176","1170","1173","1154","1156"
"2150","20231002","907","914","897","904","904.3577","404800","366084000","907","914","898","903","902","906","897","904"
"2152","20231002","1221","1222","1221","1222","1221.2","500","610600","1221","1221","1221","1221","1221","1222","1221","1222"
"2153","20231002","1740","1757","1694","1694","1716.4761","102700","176282100","1740","1757","1698","1702","1709","1722","1694","1694"
"2154","20231002","1823","1850","1784","1786","1804.2167","210400","379607200","1823","1850","1821","1830","1824","1825","1784","1786"
"2156","20231002","312","314","310","310","312","2700","842400","312","314","312","313","313","314","310","310"
"2157","20231002","1175","1176","1143","1145","1155.639","631600","729901600","1175","1176","1153","1156","1156","1163","1143","1145"
"2158","20231002","641","644","621","621","629.6168","137000","86257500","641","644","629","630","630","630","621","621"
"2160","20231002","2049","2092","2021","2024","2056.2648","3157600","6492861600","2049","2092","2032","2041","2046","2052","2021","2024"
"2162","20231002","426","426","411","413","417.1455","81800","34122500","426","426","417","417","418","418","411","413"
"2163","20231002","1808","1809","1752","1752","1777.3019","41400","73580300","1808","1809","1781","1781","1782","1782","1752","1752"
"2164","20231002","386","388","385","388","386.5161","3100","1198200","386","387","385","387","388","388","387","388"
"2168","20231002","1634","1647","1591","1591","1611.7471","103600","166977000","1634","1647","1618","1618","1616","1617","1591","1591"
"2169","20231002","1742","1761","1730","1735","1742.1282","7800","13588600","1742","1761","1742","1751","1751","1751","1730","1735"
"2170","20231002","437","439","421","421","428.4863","298200","127774600","437","439","428","429","428","428","421","421"
"2173","20231002","658","658","640","640","648.3333","6300","4084500","658","658","640","647","646","646","640","640"
"2175","20231002","2553","2573","2516","2525","2536.8669","615100","1560426800","2553","2573","2516","2552.5","2543","2545","2517","2525"
"2179","20231002","709","714","709","713","711.2727","1100","782400","709","712","709","712","712","714","712","713"
"2180","20231002","809","839","809","824","826.9526","40100","33160800","809","833","809","827","829","839","824","824"
"2181","20231002","243.8","245.9","238.4","239","241.1194","8179600","1972260190","243.8","245.9","238.4","243.5","243","243.5","239","239"
"2183","20231002","681","684","663","663","671.2493","36900","24769100","681","684","676","676","675","675","663","663"
"2185","20231002","1418","1418","1333","1354","1399.1826","11500","16090600","1418","1418","1414","1414","1412","1412","1333","1354"
"2186","20231002","1012","1013","990","992","998.5686","30600","30556200","1012","1013","998","1001","1001","1002","990","992"
"2193","20231002","143","144","136","136","138.6147","409500","56762700","143","144","136","137","137","137","136","136"
"2195","20231002","783","787","767","767","777.3617","14100","10960800","783","787","774","775","775","777","767","767"
"2196","20231002","323","326","315","315","318.3167","96000","30558400","323","326","319","320","320","320","315","315"
"2198","20231002","736","736","718","720","728.1392","137900","100410400","736","736","726","726","726","726","718","720"
"2201","20231002","5389","5404","5313","5318","5344.3544","194700","1040545800","5389","5404","5331","5369","5358","5361","5313","5318"
"2204","20231002","3095","3100","3060","3060","3079.1463","8200","25249000","3095","3100","3090","3100","3095","3095","3060","3060"
"2206","20231002","4100","4121","4046","4046","4079.0125","184600","752985700","4100","4121","4086","4099","4099","4103","4046","4046"
"2207","20231002","1610","1611","1597","1597","1602.0035","85900","137612100","1610","1611","1601","1601","1602","1602","1597","1597"
"2208","20231002","2252","2300","2242","2251","2266.0761","9200","20847900","2252","2300","2242","2290","2300","2300","2250","2251"
"2209","20231002","2270","2280","2238","2238","2255.8714","31100","70157600","2270","2280","2250","2263","2263","2263","2238","2238"
"2211","20231002","2550","2560","2511","2512","2532.9916","59300","150206400","2550","2560","2538","2538","2538","2541","2511","2512"
"2212","20231002","2750","2757","2711.5","2716.5","2730.3833","510400","1393587650","2750","2757","2715.5","2743","2743","2748","2711.5","2716.5"
"2215","20231002","455","456","431","431","440.3592","41200","18142800","455","456","434","434","434","443","431","431"
"2216","20231002","2083","2119","2001","2006","2033.742","69000","140328200","2083","2119","2024","2025","2017","2021","2001","2006"
"2217","20231002","3670","3715","3670","3680","3690.8252","10300","38015500","3670","3715","3670","3705","3695","3705","3675","3680"
"2220","20231002","4130","4135","4080","4080","4102.5899","41700","171078000","4130","4135","4105","4115","4115","4115","4080","4080"
"2221","20231002","5130","5170","5090","5110","5121.9048","2100","10756000","5130","5130","5090","5120","5120","5170","5110","5110"
"2222","20231002","2459","2479","2408","2415","2442.8627","836300","2042966100","2459","2479","2408","2456","2455","2455","2411","2415"
"2224","20231002","2756","2756","2753","2755","2755.3333","900","2479800","2756","2756","2753","2753","2754","2755","2754","2755"
"2226","20231002","8860","8860","8290","8430","8473.5542","16600","140661000","8860","8860","8350","8420","8400","8690","8290","8430"
"2229","20231002","2839.5","2844","2756.5","2763","2793.6882","737900","2061462550","2839.5","2844","2810","2810","2807","2809","2756.5","2763"
"2264","20231002","5657","5735","5605","5605","5657.4601","204100","1154687600","5657","5735","5645","5686","5675","5689","5605","5605"
"2266","20231002","1392","1406","1380","1381","1389.2649","18500","25701400","1392","1406","1388","1395","1393","1396","1380","1381"
"2267","20231002","3633","3656","3604","3617","3629.5932","1597700","5799001100","3633","3646","3604","3645","3647","3656","3615","3617"
"2268","20231002","4140","4140","4130","4140","4136.6667","600","2482000","4140","4140","4130","4130","4140","4140","4140","4140"
"2269","20231002","3701","3736","3692","3692","3711.2191","931600","3457371700","3701","3736","3701","3725","3720","3727","3692","3692"
"2270","20231002","2280","2330","2280","2301","2307.7598","154900","357472000","2280","2330","2280","2310","2310","2322","2295","2301"
"2281","20231002","2450","2463","2419","2421","2441.3626","113900","278071200","2450","2463","2446","2451","2450","2460","2419","2421"
"2282","20231002","4475","4557","4449","4449","4486.9091","321300","1441643900","4475","4557","4475","4521","4507","4515","4449","4449"
"2286","20231002","562","574","561","561","567.5147","30700","17422700","562","574","562","573","569","571","561","561"
"2288","20231002","1661","1680","1655","1660","1668.7168","85800","143175900","1661","1680","1655","1676","1676","1677","1659","1660"
"2291","20231002","1481","1481","1475","1475","1478.4167","1200","1774100","1481","1481","1475","1479","1481","1481","1475","1475"
"2292","20231002","3375","3380","3300","3305","3319.5139","36000","119502500","3375","3380","3325","3330","3325","3335","3300","3305"
"2293","20231002","3130","3135","3130","3135","3131.25","400","1252500","3130","3135","3130","3135","-","-","-","-"
"2294","20231002","2479","2490","2452","2456","2472.8398","23100","57122600","2479","2490","2474","2480","2480","2480","2452","2456"
"2296","20231002","4050","4105","4020","4025","4058.7434","114200","463508500","4050","4105","4030","4090","4060","4090","4020","4025"
"2300","20231002","498","505","498","505","501.5","9000","4513500","498","498","498","498","498","505","498","505"
"2301","20231002","2021","2031","1980","1981","2001.011","82100","164283000","2021","2031","1999","2015","2013","2014","1980","1981"
"2303","20231002","2000","2033","1993","1993","2003.2714","7000","14022900","2000","2033","2000","2008","2008","2015","1993","1993"
"2304","20231002","870","871","823","826","840.9138","23200","19509200","870","871","840","840","840","840","823","826"
"2305","20231002","2061","2080","2051","2051","2061.0102","39100","80585500","2061","2080","2061","2064","2064","2064","2051","2051"
"2307","20231002","1038","1044","1017","1017","1029.7786","27100","27907000","1038","1044","1034","1036","1037","1037","1017","1017"
"2309","20231002","1729","1738","1692","1692","1712.7618","125100","214266500","1729","1738","1713","1719","1717","1722","1692","1692"
"2311","20231002","758","763","755","755","758.6042","14400","10923900","758","763","758","761","762","762","755","755"
"2315","20231002","53","54","52","52","52.8552","683900","36147700","53","53","52","52","53","54","52","52"
"2317","20231002","271","275","267","268","270.7684","1531900","414790100","271","275","271","274","272","273","267","268"
"2321","20231002","97","98","97","98","97.0312","48100","4667200","97","98","97","98","98","98","97","98"
"2323","20231002","779","779","723","730","746.1479","119000","88791600","779","779","723","729","731","745","729","730"
"2325","20231002","3005","3005","2963","2963","2983.1649","29100","86810100","3005","3005","2990","3000","3000","3000","2963","2963"
"2326","20231002","4670","4755","4595","4605","4657.1161","56000","260798500","4670","4755","4650","4675","4675","4675","4595","4605"
"2327","20231002","4260","4350","4240","4255","4277.2296","210800","901640000","4260","4350","4250","4295","4290","4295","4240","4255"
"2329","20231002","1201","1222","1193","1222","1208.2853","36100","43619100","1201","1220","1193","1219","1219","1222","1204","1222"
"2330","20231002","76","76","73","74","74.6663","304500","22735900","76","76","73","75","75","75","74","74"
"2331","20231002","907","911.8","895.8","896.9","901.3835","1139300","1026946220","907","911.8","900.7","905.7","904.2","905.2","895.8","896.9"
"2332","20231002","1215","1225","1203","1203","1211.8815","13500","16360400","1215","1225","1210","1211","1210","1210","1203","1203"
"2334","20231002","1823","1830","1733","1754","1775.977","34800","61804000","1823","1830","1733","1758","1758","1773","1745","1754"
"2335","20231002","1135","1149","1124","1124","1134.8085","28200","32001600","1135","1149","1135","1142","1139","1139","1124","1124"
"2337","20231002","329","335","322","324","327.7895","1204400","394789700","329","335","329","330","329","330","322","324"
"2338","20231002","1934","1975","1900","1974","1945.7417","135500","263648000","1934","1958","1900","1930","1950","1975","1902","1974"
"2340","20231002","420","429","403","403","414.7682","260600","108088600","420","429","411","416","416","416","403","403"
"2341","20231002","146","149","146","146","146.6738","93500","13714000","146","149","146","148","146","148","146","146"
"2342","20231002","288","288","283","285","286.0133","30000","8580400","288","288","287","287","286","288","283","285"
"2344","20231002","773","775","758","764","765.5888","41100","31465700","773","775","768","771","773","773","758","764"
"2345","20231002","304","338","303","324","324.3178","2280700","739671500","304","337","303","326","328","338","318","324"
"2349","20231002","1732","1732","1732","1732","1732","300","519600","-","-","-","-","1732","1732","1732","1732"
"2351","20231002","492","494","488","494","490.475","4000","1961900","492","492","488","490","492","494","488","494"
"2353","20231002","213","215","210","210","212.1811","2010200","426526500","213","215","211","212","212","213","210","210"
"2354","20231002","703","769","683","741","739.7089","1955100","1446204800","703","766","683","755","756","769","738","741"
"2359","20231002","1719","1728","1699","1699","1709.5521","9600","16411700","1719","1728","1715","1723","1723","1723","1699","1699"
"2370","20231002","50","50","48","49","49.0146","1480100","72546500","50","50","49","49","49","49","48","49"
"2371","20231002","1517","1536.5","1478","1478","1504.2124","1249100","1878911700","1517","1536.5","1515.5","1516","1513","1514.5","1478","1478"
"2372","20231002","1891","1907","1853","1853","1873.3552","39700","74372200","1891","1907","1883","1883","1881","1885","1853","1853"
"2373","20231002","765","770","764","768","767.3659","28700","22023400","765","770","764","764","766","768","765","768"
"2374","20231002","850","871","848","856","861.545","60000","51692700","850","871","848","869","870","870","856","856"
"2375","20231002","396","456","387","445","428.2695","6173100","2643750200","396","456","387","456","456","456","441","445"
"2376","20231002","699","700","676","677","688.7822","10100","6956700","699","700","694","695","696","696","676","677"
"2378","20231002","889","892","873","873","883.364","111000","98053400","889","892","883","883","883","884","873","873"
"2379","20231002","3680","3695","3585","3595","3626.458","262000","950132000","3680","3695","3625","3635","3620","3620","3585","3595"
"2384","20231002","2810","2816","2761","2761","2783.6492","86100","239672200","2810","2816","2783","2786","2782","2784","2761","2761"
"2385","20231002","227","227","223","224","224.8978","18600","4183100","227","227","225","226","226","226","223","224"
"2388","20231002","125","133","123","123","126.5344","939600","118891700","125","133","123","125","125","127","123","123"
"2389","20231002","999","1005","982","983","997.6952","302200","301503500","999","1005","994","999","997","997","982","983"
"2391","20231002","1258","1258","1231","1231","1243.5075","6700","8331500","1258","1258","1237","1237","1250","1250","1231","1231"
"2393","20231002","1755","1755","1694","1696","1715.8704","5400","9265700","1755","1755","1694","1733","1733","1733","1696","1696"
"2395","20231002","1895","1906","1833","1833","1861.6904","337200","627762000","1895","1906","1869","1893","1887","1888","1833","1833"
"2397","20231002","755","755","745","748","749.8902","8200","6149100","755","755","750","751","747","750","745","748"
"2402","20231002","310","310","290","292","296.3854","61500","18227700","310","310","294","295","295","295","290","292"
"2404","20231002","376","383","371","371","375.617","23500","8827000","376","383","375","376","376","377","371","371"
"2408","20231002","415","418","410","411","413.7143","7700","3185600","415","417","415","415","417","418","410","411"
"2410","20231002","1952","1985","1952","1967","1967.945","61800","121619000","1952","1985","1952","1975","1973","1976","1957","1967"
"2411","20231002","396","398","392","393","394.516","18800","7416900","396","398","394","394","394","395","392","393"
"2412","20231002","1097","1114","1056","1059","1079.1749","482400","520593950","1097","1114","1076.5","1081.5","1079","1080","1056","1059"
"2413","20231002","2734","2748.5","2669","2669","2698.1492","2098000","5660717050","2734","2748.5","2711","2720","2713","2718","2669","2669"
"2415","20231002","1080","1080","1049","1049","1066.9615","7800","8322300","1080","1080","1053","1066","1073","1073","1049","1049"
"2418","20231002","444","446","431","432","438.4223","132600","58134800","444","446","439","439","439","439","431","432"
"2424","20231002","708","716","691","691","701.2234","47900","33588600","708","716","704","704","704","706","691","691"
"2425","20231002","720","727","717","719","720.6667","2400","1729600","720","727","720","722","722","722","717","719"
"2427","20231002","1155","1176.5","1140.5","1141.5","1153.5868","737500","850770300","1155","1176.5","1148.5","1160","1158.5","1159.5","1140.5","1141.5"
"2428","20231002","592","593","572","577","580.1893","89800","52101000","592","593","583","584","584","585","572","577"
"2429","20231002","2458","2482","2403","2405","2439.9923","129100","315003000","2458","2482","2444","2452","2451","2451","2403","2405"
"2432","20231002","1504.5","1516","1473","1473","1489.2975","418600","623419950","1504.5","1516","1501.5","1501.5","1500","1502","1473","1473"
"2433","20231002","1242.5","1255","1219","1220.5","1232.3198","1383800","1705284150","1242.5","1255","1234","1246","1241","1243","1219","1220.5"
"2435","20231002","273","280","272","274","277.0619","93700","25960700","273","277","272","275","275","280","274","274"
"2436","20231002","571","571","566","567","568.3077","1300","738800","571","571","569","569","566","567","566","567"
"2437","20231002","642","658","639","639","648.3219","151300","98091100","642","658","642","652","651","651","639","639"
"2438","20231002","668","675","654","654","662.508","56300","37299200","668","675","664","664","665","666","654","654"
"2440","20231002","317","320","311","311","313.8794","174200","54677800","317","320","315","316","316","316","311","311"
"2445","20231002","493","498","481","482","489.4201","81400","39838800","493","498","490","491","490","491","481","482"
"2449","20231002","1044","1067","1044","1047","1054.2418","18200","19187200","1044","1067","1044","1061","1061","1061","1047","1047"
"2453","20231002","706","719","701","702","707.9042","61600","43606900","706","719","706","708","708","710","701","702"
"2454","20231002","488","489","482","483","485.0659","118300","57383300","488","489","485","485","485","487","482","483"
"2459","20231002","160","164","160","163","161.3364","32100","5178900","160","161","160","161","161","164","161","163"
"2461","20231002","400","402","398","398","399.7609","143900","57525600","400","402","399","401","400","401","398","398"
"2462","20231002","1530","1540","1515","1517","1526.8429","83400","127338700","1530","1540","1523","1529","1529","1533","1515","1517"
"2464","20231002","395","401","390","392","395.8423","22200","8787700","395","400","395","400","401","401","390","392"
"2468","20231002","255","255","248","250","251.8435","29400","7404200","255","255","252","254","253","253","248","250"
"2469","20231002","1712","1753","1710","1715","1727.6892","7400","12784900","1712","1753","1712","1724","1724","1724","1710","1715"
"2471","20231002","482","493","478","481","483.329","1037300","501357200","482","493","480","484","483","484","478","481"
"2475","20231002","2044","2093","2044","2049","2065.3714","21000","43372800","2044","2093","2044","2085","2083","2083","2049","2049"
"2477","20231002","2571","2579","2455","2470","2508.261","70500","176832400","2571","2579","2503","2508","2508","2514","2455","2470"
"2479","20231002","261","264","254","254","258.6248","70900","18336500","261","264","259","261","260","260","254","254"
"2480","20231002","1410","1413","1405","1405","1410.9333","1500","2116400","1410","1410","1410","1410","1413","1413","1405","1405"
"2481","20231002","688","688","681","684","683.5714","700","478500","688","688","681","684","684","684","684","684"
"2483","20231002","2201","2247","1906","1906","2041.307","45600","93083600","2201","2247","1926","1956","1950","1950","1906","1906"
"2484","20231002","367","369","363","365","365.5946","636700","232774100","367","369","363","364","366","367","364","365"
"2485","20231002","456","461","454","454","456.979","28600","13069600","456","461","456","459","459","459","454","454"
"2487","20231002","1300","1308","1298","1298","1301.7273","2200","2863800","1300","1308","1299","1307","1302","1307","1298","1298"
"2488","20231002","940","958","922","922","936.4731","18600","17418400","940","958","937","944","938","942","922","922"
"2489","20231002","557","564","553","554","558.3318","67200","37519900","557","564","556","562","560","561","553","554"
"2491","20231002","1268","1279","1242","1242","1257.8039","118800","149427100","1268","1279","1266","1270","1269","1269","1242","1242"
"2492","20231002","415","416","400","403","405.2458","1396800","566047300","415","416","400","401","401","405","400","403"
"2493","20231002","858","862","850","854","856.3333","9300","7963900","858","862","858","861","862","862","850","854"
"2497","20231002","952","970","941","941","954.8104","170900","163177100","952","970","945","956","958","958","941","941"
"2498","20231002","2606","2636","2571","2575","2586.0857","3500","9051300","2606","2636","2573","2576","2608","2608","2571","2575"
"2499","20231002","338","338","334","336","337.129","18600","6270600","338","338","336","337","337","337","334","336"
"2501","20231002","4708","4795","4688","4778","4766.6166","439800","2096358000","4708","4789","4688","4764","4757","4795","4728","4778"
"2502","20231002","5566","5659","5537","5562","5590.6166","1593800","8910324800","5566","5659","5537","5635","5630","5642","5552","5562"
"2503","20231002","2096","2124.5","2096","2098.5","2106.2597","2341900","4932649600","2096","2124.5","2096","2120.5","2120.5","2121","2097.5","2098.5"
"2531","20231002","1201.5","1233","1199","1199","1210.9259","744100","901049950","1201.5","1233","1201.5","1225.5","1217","1219","1199","1199"
"2533","20231002","428","433","412","413","420.1988","320500","134673700","428","433","421","424","424","424","412","413"
"2540","20231002","1861","1864","1845","1845","1854.0211","23700","43940300","1861","1864","1850","1855","1860","1860","1845","1845"
"2573","20231002","2759","2775","2722","2745","2753.6919","21100","58102900","2759","2775","2742","2757","2760","2761","2722","2745"
"2579","20231002","1966","1995","1953.5","1964.5","1974.6539","637500","1258841850","1966","1995","1953.5","1980.5","1983.5","1987.5","1961.5","1964.5"
"2585","20231002","3800","3845","3755","3770","3787.6136","57200","216651500","3800","3845","3755","3805","3815","3820","3755","3770"
"2586","20231002","75","77","75","76","76.2402","94100","7174200","75","77","75","77","76","77","75","76"
"2587","20231002","4538","4576","4488","4493","4520.9011","536000","2423203000","4538","4576","4528","4546","4542","4553","4488","4493"
"2588","20231002","2898","2905","2836","2862","2883.36","2500","7208400","2898","2905","2878","2880","2874","2879","2836","2862"
"2590","20231002","5540","5570","5460","5460","5505.1376","21800","120012000","5540","5570","5510","5540","5540","5540","5460","5460"
"2593","20231002","4832","4889","4793","4802","4839.7532","300700","1455313800","4832","4889","4828","4856","4852","4870","4793","4802"
"2594","20231002","2013","2020","1997","1997","2007.6834","172800","346927700","2013","2020","2011","2012","2011","2013","1997","1997"
"2597","20231002","958","969","956","957","959.7952","21000","20155700","958","969","956","963","958","961","957","957"
"2599","20231002","1116","1122","1116","1116","1117.55","2000","2235100","1116","1122","1116","1122","1117","1120","1116","1116"
"2602","20231002","4175","4225","4140","4145","4176.1012","73100","305273000","4175","4225","4160","4205","4185","4200","4140","4145"
"2607","20231002","2265","2293","2243.5","2243.5","2259.7584","163900","370374400","2265","2293","2257.5","2268.5","2262.5","2273","2243.5","2243.5"
"2612","20231002","3505","3515","3495","3495","3504.5536","5600","19625500","3505","3515","3505","3515","3505","3515","3495","3495"
"2613","20231002","1783","1800","1767","1767","1781.6273","44000","78391600","1783","1800","1777","1792","1788","1790","1767","1767"
"2651","20231002","6821","6916","6775","6775","6826.0064","312900","2135857400","6821","6916","6807","6876","6868","6889","6775","6775"
"2652","20231002","1763","1764","1654","1658","1687.138","153600","259144400","1763","1764","1661","1664","1666","1679","1654","1658"
"2653","20231002","2403","2406","2388","2399","2400.2308","14300","34323300","2403","2406","2388","2398","2398","2406","2398","2399"
"2654","20231002","368","368","362","362","367","1200","440400","368","368","366","366","366","366","362","362"
"2656","20231002","273","276","269","271","272.9574","46900","12801700","273","276","272","273","274","274","269","271"
"2659","20231002","4850","4960","4795","4875","4890.9031","114600","560497500","4850","4960","4795","4905","4890","4925","4875","4875"
"2664","20231002","2480","2514","2475","2491","2494.9318","70400","175643200","2480","2514","2475","2501","2500","2504","2487","2491"
"2666","20231002","182","182","179","180","180.182","66500","11982100","182","182","180","180","181","181","179","180"
"2667","20231002","623","645","620","622","628.6238","369000","231962200","623","645","620","625","626","630","621","622"
"2668","20231002","1178","1187","1175","1187","1182.2453","5300","6265900","1178","1187","1175","1186","1186","1187","1181","1187"
"2669","20231002","3090","3110","3090","3095","3097.1429","10500","32520000","3090","3110","3090","3095","3100","3100","3090","3095"
"2670","20231002","2713","2760","2691.5","2695","2718.5626","873000","2373305150","2713","2760","2691.5","2751","2743","2747","2695","2695"
"2673","20231002","115","115","113","113","114.0313","6400","729800","115","115","114","114","114","115","113","113"
"2674","20231002","1506","1509","1468","1468","1486.9232","53400","79401700","1506","1509","1484","1500","1499","1500","1468","1468"
"2676","20231002","3160","3240","3160","3160","3199.9534","32200","103038500","3160","3240","3160","3225","3225","3235","3160","3160"
"2678","20231002","1950","1980","1929","1936","1948.7246","413600","805992500","1950","1980","1929","1968","1965","1965","1930","1936"
"2681","20231002","2382","2388","2295","2295","2327.9304","249900","581749800","2382","2388","2322","2338","2338","2338","2295","2295"
"2683","20231002","1114","1114","1110","1113","1112.25","800","889800","1114","1114","1110","1113","1113","1113","1111","1113"
"2685","20231002","3075","3340","2986","3205","3223.289","3499700","11280544500","3075","3340","2986","3300","3285","3325","3200","3205"
"2686","20231002","281","283","281","281","281.379","21900","6162200","281","283","281","283","282","283","281","281"
"2687","20231002","930","955","917","936","938.3714","126000","118234800","930","951","917","948","948","955","931","936"
"2689","20231002","1811","1830","1807","1807","1815.6296","2700","4902200","1811","1830","1811","1821","1814","1822","1807","1807"
"2692","20231002","6810","6820","6580","6590","6676.934","21200","141551000","6810","6820","6680","6730","6750","6750","6580","6590"
"2693","20231002","299","299","292","295","297.1051","35200","10458100","299","299","297","297","297","299","292","295"
"2694","20231002","73","74","73","73","73.061","242700","17731900","73","74","73","73","74","74","73","73"
"2695","20231002","3390","3395","3315","3315","3343.3807","133700","447010000","3390","3395","3340","3355","3355","3355","3315","3315"
"2698","20231002","2704","2727","2674","2674","2691.0106","18900","50860100","2704","2727","2691","2703","2702","2702","2674","2674"
"2700","20231002","5680","5690","5440","5440","5524.5161","12400","68504000","5680","5690","5500","5550","5540","5550","5440","5440"
"2702","20231002","5720","5720","5680","5680","5696.193","261100","1487276000","5720","5720","5690","5710","5710","5710","5680","5680"
"2705","20231002","5020","5020","4860","4880","4930.4545","44000","216940000","5020","5020","4910","4910","4910","4915","4860","4880"
"2708","20231002","2019","2059","1901","1912","1963.0286","42000","82447200","2019","2059","2007","2038","2046","2046","1901","1912"
"2715","20231002","1860","1887","1825","1825","1852.985","140300","259973800","1860","1887","1857","1872","1873","1873","1825","1825"
"2721","20231002","197","200","197","199","198.0395","17700","3505300","197","200","197","199","199","200","198","199"
"2722","20231002","380","385","378","381","381.8092","13100","5001700","380","385","378","385","385","385","381","381"
"2726","20231002","1944","2006","1891","1969","1968.585","481400","947676800","1944","2006","1891","1981","1980","1992","1967","1969"
"2730","20231002","1480","1495","1474","1475","1480.5738","199200","294930300","1480","1495","1474","1487","1485","1486","1475","1475"
"2733","20231002","5650","5740","5600","5600","5656.2319","41400","234168000","5650","5740","5630","5710","5720","5720","5600","5600"
"2734","20231002","766","769","752","754","759.7161","87000","66095300","766","769","761","763","762","764","752","754"
"2735","20231002","609","613","605","605","609.1849","43800","26682300","609","613","606","609","609","611","605","605"
"2736","20231002","1465","1469","1464","1464","1465.75","400","586300","1465","1469","1465","1469","1464","1464","1464","1464"
"2737","20231002","4865","4985","4865","4920","4937.5676","18500","91345000","4865","4985","4865","4970","4970","4970","4905","4920"
"2742","20231002","4175","4190","4045","4090","4112.2524","31300","128713500","4175","4190","4045","4090","4090","4155","4085","4090"
"2743","20231002","40","41","39","39","39.9833","210200","8404500","40","41","40","41","41","41","39","39"
"2747","20231002","3025","3035","3005","3035","3022.8571","700","2116000","3025","3030","3005","3030","3035","3035","3035","3035"
"2749","20231002","338","342","332","332","336.0745","307300","103275700","338","342","334","340","338","338","332","332"
"2750","20231002","746","752","740","747","746.0714","2800","2089000","746","746","740","740","740","752","740","747"
"2751","20231002","2799","2824","2764","2764","2793.7308","15600","43582200","2799","2824","2796","2812","2812","2812","2764","2764"
"2752","20231002","1391","1393","1367","1369","1380.3213","116700","161083500","1391","1393","1375","1385","1383","1384","1367","1369"
"2753","20231002","3800","3910","3780","3850","3844.6161","50800","195306500","3800","3910","3780","3820","3825","3855","3805","3850"
"2754","20231002","418","424","418","419","422.2","2000","844400","418","424","418","422","423","424","419","419"
"2760","20231002","3595","3715","3585","3625","3661.6539","352200","1289634500","3595","3715","3585","3690","3695","3710","3625","3625"
"2762","20231002","160","162","158","158","159.9927","150900","24142900","160","162","158","158","159","160","158","158"
"2763","20231002","1277","1298","1231","1245","1258.2782","85200","107205300","1277","1298","1239","1249","1248","1248","1231","1245"
"2764","20231002","249","251","243","243","246.6423","204900","50537000","249","251","247","248","248","248","243","243"
"2767","20231002","2065","2074","1970","1981","2002.8201","1184300","2371939800","2065","2074","1993","1999","2001","2023","1970","1981"
"2768","20231002","3298","3337","3225","3227","3265.1873","1704600","5565838200","3298","3337","3293","3297","3290","3292","3225","3227"
"2769","20231002","1126","1130","1119","1124","1126.4444","14400","16220800","1126","1130","1119","1130","1130","1130","1120","1124"
"2776","20231002","63","65","63","64","63.5567","174600","11097000","63","65","63","64","64","64","63","64"
"2778","20231002","198","198","192","194","195.525","291600","57015100","198","198","194","196","196","196","192","194"
"2780","20231002","5920","6090","5650","5660","5858.0588","336900","1973580000","5920","6090","5770","5850","5830","5830","5650","5660"
"2782","20231002","2214","2224","2183","2183","2203.4172","265100","584125900","2214","2224","2196","2212","2213","2216","2183","2183"
"2784","20231002","2454.5","2471.5","2427","2427","2448.5246","615300","1506577200","2454.5","2471.5","2443.5","2464","2460.5","2463","2427","2427"
"2788","20231002","515","531","511","511","521.6482","418700","218414100","515","531","511","518","518","522","511","511"
"2789","20231002","499","505","495","505","500.2181","35300","17657700","499","503","495","501","501","505","500","505"
"2790","20231002","1925","1957","1925","1949","1944.6039","25500","49587400","1925","1943","1925","1942","1942","1957","1934","1949"
"2791","20231002","6230","6360","6180","6190","6234.2767","47700","297375000","6230","6360","6180","6260","6240","6290","6190","6190"
"2792","20231002","1585","1652","1581","1595","1617.4378","468500","757769600","1585","1652","1581","1639","1634","1641","1595","1595"
"2795","20231002","771","772","770","772","771.1176","1700","1310900","771","771","771","771","770","772","770","772"
"2796","20231002","664","664","654","654","658.45","4000","2633800","664","664","658","659","658","658","654","654"
"2798","20231002","2600","2619","2593","2593","2598.6471","1700","4417700","2600","2619","2594","2594","2594","2600","2593","2593"
"2801","20231002","7849","8017","7840","7855","7906.6166","505000","3992841400","7849","8017","7840","8002","7985","7993","7855","7855"
"2802","20231002","5780","5858","5713","5719","5764.4862","1158000","6675275000","5780","5858","5756","5842","5824","5833","5713","5719"
"2804","20231002","2090","2112","2055","2066","2076.1462","17100","35502100","2090","2112","2067","2067","2067","2077","2055","2066"
"2805","20231002","3900","3900","3800","3870","3847.0513","11700","45010500","3900","3900","3800","3835","3830","3870","3820","3870"
"2806","20231002","1815","1815","1786","1790","1793.1111","900","1613800","1815","1815","1786","1786","1790","1790","1790","1790"
"2809","20231002","2415","2430","2404","2405.5","2415.6168","450000","1087027550","2415","2428","2408.5","2426.5","2427","2430","2404","2405.5"
"2810","20231002","3127","3145","3107","3109","3120.4334","201200","627831200","3127","3145","3119","3128","3132","3137","3107","3109"
"2811","20231002","3245","3254","3181","3187","3207.2827","213300","684113400","3245","3254","3216","3222","3220","3229","3181","3187"
"2812","20231002","1319","1338","1303","1313","1317.3682","90700","119485300","1319","1338","1308","1308","1310","1313","1303","1313"
"2813","20231002","3100","3135","3090","3090","3115.2174","2300","7165000","3100","3130","3100","3130","3135","3135","3090","3090"
"2814","20231002","1800","1800","1800","1800","1800","300","540000","-","-","-","-","1800","1800","1800","1800"
"2815","20231002","5036","5050","4898","4902","4968.0794","99500","494323900","5036","5050","4985","5015","5003","5021","4898","4902"
"2816","20231002","1413","1413","1404","1405","1408.6508","6300","8874500","1413","1413","1404","1405","1405","1405","1404","1405"
"2818","20231002","1842","1848","1842","1843","1843.8421","3800","7006600","1842","1848","1842","1843","1843","1848","1842","1843"
"2819","20231002","2945","2964","2928","2937","2942.5116","4300","12652800","2945","2964","2940","2951","2928","2959","2928","2937"
"2820","20231002","2023","2072","2000","2038","2048.1394","45200","92575900","2023","2072","2000","2061","2046","2067","2038","2038"
"2830","20231002","2520","2520","2515","2516","2519.1081","3700","9320700","2520","2520","2515","2519","2519","2520","2516","2516"
"2831","20231002","3060","3060","3040","3050","3050","400","1220000","3060","3060","3060","3060","3040","3050","3040","3050"
"2871","20231002","3317","3346","3250","3251","3283.3774","462900","1519875400","3317","3346","3299","3308","3292","3307","3250","3251"
"2872","20231002","2581","2641","2581","2585","2596.4524","4200","10905100","2581","2641","2581","2591","2605","2605","2581","2585"
"2874","20231002","1201","1207","1175","1176","1187.5246","142200","168866000","1201","1207","1186","1201","1199","1202","1175","1176"
"2875","20231002","5846","5864","5750","5753","5801.1129","372800","2162654900","5846","5864","5798","5861","5853","5862","5750","5753"
"2876","20231002","563","575","559","559","567.844","14100","8006600","563","575","563","571","574","574","559","559"
"2877","20231002","846","861","846","861","856","300","256800","846","861","846","861","-","-","-","-"
"2882","20231002","2082","2085","2050","2050","2061.0863","62600","129024000","2082","2085","2058","2067","2067","2068","2050","2050"
"2883","20231002","1955","1961","1950","1950","1954.4505","11100","21694400","1955","1961","1952","1955","1955","1958","1950","1950"
"2884","20231002","1169","1169","1135","1140","1147.2564","254700","292206200","1169","1169","1135","1149","1149","1155","1137","1140"
"2892","20231002","3840","3940","3820","3840","3878.8158","15200","58958000","3840","3940","3840","3910","3880","3885","3820","3840"
"2894","20231002","297","300","297","298","298.1477","8800","2623700","297","300","297","299","298","300","298","298"
"2897","20231002","12435","12475","12300","12320","12374.8397","221500","2741027000","12435","12470","12300","12430","12470","12475","12315","12320"
"2899","20231002","2234","2289","2227","2234","2253.2483","43500","98016300","2234","2289","2227","2260","2257","2258","2234","2234"
"2901","20231002","149","149","145","145","146.242","15700","2296000","149","149","148","148","147","147","145","145"
"2903","20231002","927","935","921","934","929.4833","6000","5576900","927","935","921","935","929","935","929","934"
"2904","20231002","767","769","755","755","763.0604","18200","13887700","767","769","765","768","768","768","755","755"
"2907","20231002","886","888","886","887","886.5556","900","797900","886","888","886","888","887","887","887","887"
"2908","20231002","1928","1942","1912","1914","1925.271","70100","134961500","1928","1942","1925","1935","1935","1936","1912","1914"
"2910","20231002","1600","1605","1582","1582","1595.4178","202000","322274400","1600","1605","1591","1596","1595","1602","1582","1582"
"2911","20231002","2201","2201","2200","2200","2200.3571","1400","3080500","2201","2201","2200","2200","2200","2201","2200","2200"
"2914","20231002","3449","3487","3432","3449","3462.458","6723400","23279490000","3449","3487","3432","3472","3474","3477","3444","3449"
"2915","20231002","1457","1505","1454","1492","1490.1156","49300","73462700","1457","1482","1454","1478","1485","1505","1476","1492"
"2916","20231002","-","-","-","-","-","-","-","-","-","-","-","-","-","-","-"
"2917","20231002","931","942","921","921","927.9733","7500","6959800","931","942","921","921","930","930","921","921"
"2918","20231002","2839","2894","2828","2828","2852.8611","69100","197132700","2839","2894","2837","2880","2871","2881","2828","2828"
"2922","20231002","1978","2009","1978","1979","1990.8359","19500","38821300","1978","2009","1978","1997","1995","1995","1978","1979"
"2923","20231002","5660","5720","5560","5590","5655.2083","4800","27145000","5660","5720","5660","5700","5700","5720","5560","5590"
"2924","20231002","1605","1639","1588","1588","1615.5735","13600","21971800","1605","1639","1605","1626","1618","1629","1588","1588"
"2926","20231002","92","93","92","92","92.0046","65600","6035500","92","93","92","93","92","93","92","92"
"2927","20231002","790","796","788","788","791.8564","18100","14332600","790","796","789","794","794","794","788","788"
"2929","20231002","1519","1541","1474","1477","1498.3819","314500","471241100","1519","1541","1494","1497","1497","1507","1474","1477"
"2930","20231002","240","240","230","230","233.5136","880700","205655400","240","240","234","234","234","235","230","230"
"2931","20231002","799","800","771","771","781.6284","730600","571057700","799","800","782","784","784","784","771","771"
"2932","20231002","4320","4455","4320","4430","4400.1646","24300","106924000","4320","4455","4320","4370","4370","4445","4355","4430"
"2933","20231002","1130","1142","1123","1124","1130.6637","100800","113970900","1130","1142","1123","1130","1130","1138","1124","1124"
"2934","20231002","5600","5680","5460","5490","5559.9127","45800","254644000","5600","5680","5490","5510","5510","5530","5460","5490"
"2935","20231002","1201","1245","1191","1218","1219.25","135600","165330300","1201","1245","1191","1228","1225","1227","1211","1218"
"2936","20231002","765","778","734","734","751.908","955800","718673700","765","778","754","763","761","762","734","734"
"2937","20231002","3650","3680","3545","3565","3601.3066","134700","485096000","3650","3655","3545","3625","3625","3680","3560","3565"
"2938","20231002","2671","2875","2543","2839","2719.6694","1850500","5032748200","2671","2720","2543","2587","2610","2875","2587","2839"
"2961","20231002","2941","2941","2910","2910","2936.4167","1200","3523700","2941","2941","2917","2917","2910","2910","2910","2910"
"2962","20231002","672","721","664","695","703.7949","260800","183549700","672","721","664","708","709","709","692","695"
"2970","20231002","1721","1721","1651","1689","1694","5300","8978200","1721","1721","1705","1705","1705","1705","1651","1689"
"2975","20231002","639","680","639","659","665.2024","360100","239539400","639","680","639","664","665","673","657","659"
"2978","20231002","882","918","868","873","892.233","81100","72360100","882","918","882","905","903","903","868","873"
"2980","20231002","2997","3000","2861","2866","2919.0514","130300","380352400","2997","3000","2940","2941","2941","2943","2861","2866"
"2981","20231002","3395","3710","3390","3440","3536.3983","23600","83459000","3395","3710","3395","3625","3600","3610","3390","3440"
"2982","20231002","274","284","268","279","277.7137","2912600","808868900","274","284","268","283","282","282","275","279"
"2983","20231002","802","805","791","791","798.5484","3100","2475500","802","805","799","800","801","801","791","791"
"2984","20231002","925","925","876","885","903.9213","8900","8044900","925","925","910","910","910","910","876","885"
"2986","20231002","4680","4710","4585","4585","4637.2829","120900","560647500","4680","4710","4620","4685","4675","4685","4585","4585"
"2987","20231002","1400","1400","1333","1366","1366.9774","260700","356371000","1400","1400","1333","1369","1369","1390","1362","1366"
"2991","20231002","1094","1098","1075","1084","1089.3529","1700","1851900","1094","1098","1086","1091","1085","1088","1075","1084"
"2993","20231002","2183","2184","2183","2183","2183.5556","900","1965200","2183","2184","2183","2184","2183","2183","2183","2183"
"2997","20231002","589","589","536","543","556.5214","81700","45467800","589","589","545","552","552","554","536","543"
"2998","20231002","3635","3680","3500","3510","3572.3032","77500","276853500","3635","3680","3590","3620","3605","3605","3500","3510"
"2999","20231002","380","380","375","375","377.5185","5400","2038600","380","380","378","380","380","380","375","375"
"3001","20231002","1752","1762","1735","1738","1745.6932","54100","94442000","1752","1762","1742","1755","1755","1755","1735","1738"
"3002","20231002","4525","4605","4515","4520","4558.0998","52100","237477000","4525","4605","4525","4570","4570","4570","4515","4520"
"3003","20231002","1344","1355.5","1331.5","1332","1340.7973","1415600","1898032650","1344","1355.5","1341.5","1351.5","1351.5","1351.5","1331.5","1332"
"3004","20231002","1665","1698","1644","1653","1663.2573","24100","40084500","1665","1698","1665","1673","1662","1675","1644","1653"
"3010","20231002","165","175","165","168","170.9438","663900","113489600","165","175","165","173","172","175","167","168"
"3011","20231002","133","134","132","132","132.4897","14500","1921100","133","134","132","132","133","133","132","132"
"3020","20231002","2362","2424","2362","2418","2376.7844","26900","63935500","2362","2370","2362","2370","2377","2424","2377","2418"
"3021","20231002","1631","1686","1631","1643","1646.3077","1300","2140200","1631","1686","1631","1686","1646","1651","1636","1643"
"3023","20231002","1683","1698","1652","1652","1671.7283","46000","76899500","1683","1698","1676","1678","1684","1684","1652","1652"
"3024","20231002","787","788","783","783","785.6667","1200","942800","787","788","784","784","783","783","783","783"
"3028","20231002","1944","1944","1920","1920","1932.1876","83700","161724100","1944","1944","1932","1941","1936","1938","1920","1920"
"3030","20231002","850","852","829","833","837.2232","58700","49145000","850","852","837","842","842","842","829","833"
"3031","20231002","757","763","742","742","752.4432","218400","164333600","757","763","746","760","760","760","742","742"
"3034","20231002","1869","1869","1755","1755","1789.0277","209200","374264600","1869","1869","1791","1802","1800","1801","1755","1755"
"3035","20231002","578","603","578","596","592.8273","24900","14761400","578","590","578","587","586","603","586","596"
"3036","20231002","1365","1380","1361","1363","1369.28","83200","113924100","1365","1380","1364","1374","1373","1375","1361","1363"
"3038","20231002","3528","3532","3434","3436","3487.1973","1750400","6103990200","3528","3532","3474","3523","3522","3522","3434","3436"
"3040","20231002","1160","1176","1146","1146","1157.1077","19500","22563600","1160","1176","1159","1164","1163","1163","1146","1146"
"3041","20231002","1471","1491","1424","1424","1454.8256","82000","119295700","1471","1491","1460","1466","1470","1470","1424","1424"
"3042","20231002","315","340","298","340","319.4137","1967200","628350700","315","323","298","303","303","340","302","340"
"3045","20231002","1362","1362","1350","1351","1354.5","1000","1354500","1362","1362","1350","1360","1353","1353","1351","1351"
"3046","20231002","3250","3260","3160","3165","3206.7574","198300","635900000","3250","3260","3190","3235","3230","3240","3160","3165"
"3048","20231002","1105","1112","1094","1101","1104.3233","477000","526762200","1105","1112","1094","1109","1107","1108","1101","1101"
"3050","20231002","1213","1223","1190","1190","1204.5881","792500","954636100","1213","1223","1198","1212","1212","1213","1190","1190"
"3053","20231002","114","116","112","112","113.4226","227900","25849000","114","116","113","113","113","113","112","112"
"3054","20231002","358","358","357","357","357.8246","11400","4079200","358","358","357","358","358","358","357","357"
"3058","20231002","757","760","753","759","757.375","2400","1817700","757","757","753","756","760","760","756","759"
"3059","20231002","1002","1002","1001","1002","1001.5","1200","1201800","1002","1002","1001","1002","1001","1002","1001","1002"
"3063","20231002","564","568","561","562","563.8723","9400","5300400","564","568","563","563","564","564","561","562"
"3064","20231002","1601","1613.5","1527.5","1532.5","1552.6525","3433700","5331342950","1601","1613.5","1566","1569.5","1568","1568","1527.5","1532.5"
"3065","20231002","1704","1704","1703","1704","1703.875","800","1363100","1704","1704","1704","1704","1703","1704","1703","1704"
"3067","20231002","523","526","523","523","523.9516","12400","6497000","523","526","523","525","526","526","523","523"
"3068","20231002","2635","2657","2635","2638","2649.2105","1900","5033500","2635","2657","2635","2654","2650","2650","2638","2638"
"3069","20231002","170","172","168","169","170.0596","256600","43637300","170","172","169","170","170","170","168","169"
"3070","20231002","256","257","256","256","256.3467","7500","1922600","256","257","256","256","256","257","256","256"
"3071","20231002","112","114","112","113","113.2147","54500","6170200","112","114","112","114","114","114","113","113"
"3073","20231002","1953","1961","1846","1855","1886.3616","249200","470081300","1953","1961","1853","1856","1853","1891","1846","1855"
"3075","20231002","1428","1520","1407","1492","1471.2202","97200","143002600","1428","1506","1407","1495","1495","1520","1465","1492"
"3076","20231002","2384","2429","2384","2399","2403.5803","215400","517731200","2384","2429","2384","2415","2413","2413","2384","2399"
"3077","20231002","477","482","476","477","478.7556","4500","2154400","477","479","476","476","477","482","477","477"
"3079","20231002","1047","1062","1040","1040","1048.5361","16600","17405700","1047","1062","1044","1052","1050","1054","1040","1040"
"3080","20231002","544","544","509","518","528.0774","16800","8871700","544","544","540","540","541","541","509","518"
"3082","20231002","903","923","903","913","913.973","14800","13526800","903","923","903","923","923","923","908","913"
"3083","20231002","792","819","776","802","801.364","111000","88951400","792","809","776","806","814","819","800","802"
"3086","20231002","1540","1556.5","1509","1509","1528.8568","1406500","2150337100","1540","1556.5","1517.5","1543","1540","1545","1509","1509"
"3087","20231002","2318","2335","2288","2302","2310.296","108800","251360200","2318","2335","2288","2316","2313","2318","2300","2302"
"3088","20231002","2677","2687","2618","2623.5","2643.6725","1244400","3289786000","2677","2687","2624","2657","2653.5","2656","2618","2623.5"
"3089","20231002","1138","1175","1126","1150","1148.8226","37200","42736200","1138","1164","1126","1154","1158","1175","1150","1150"
"3091","20231002","3025","3045","2970","2978","2997.8234","45300","135801400","3025","3045","2994","3010","3000","3015","2970","2978"
"3092","20231002","2762","2773.5","2709","2710","2734.5506","976800","2671109000","2762","2773.5","2714.5","2766","2763.5","2765.5","2709","2710"
"3093","20231002","1379","1408","1359","1373","1384.8963","403900","559359600","1379","1408","1359","1392","1396","1396","1370","1373"
"3094","20231002","975","997","974","997","982.1714","3500","3437600","975","980","974","980","985","997","985","997"
"3096","20231002","1007","1018","1007","1012","1012","7400","7488800","1007","1018","1007","1018","1018","1018","1012","1012"
"3097","20231002","4115","4150","4030","4075","4099.9311","239400","981523500","4115","4150","4030","4125","4125","4145","4065","4075"
"3099","20231002","1755","1783.5","1726.5","1726.5","1753.0063","3189700","5591564150","1755","1783.5","1730.5","1757.5","1753","1760.5","1726.5","1726.5"
"3101","20231002","1074","1078","1047.5","1047.5","1062.9246","664400","706207100","1074","1078","1062.5","1066","1066","1066.5","1047.5","1047.5"
"3103","20231002","206","209","204","204","205.8433","476100","98002000","206","209","205","206","206","206","204","204"
"3104","20231002","3580","3640","3530","3550","3573.8811","14300","51106500","3580","3640","3580","3600","3590","3590","3530","3550"
"3105","20231002","1118","1137","1114","1123","1127.0219","531800","599350250","1118","1137","1114","1132.5","1130.5","1134","1122","1123"
"3106","20231002","2440","2484","2431","2445","2458.32","22500","55312200","2440","2484","2431","2478","2478","2480","2441","2445"
"3107","20231002","2867","2917","2843","2852","2879.4508","291600","839647850","2867","2917","2843","2906","2903","2910","2852","2852"
"3109","20231002","1091","1112","1090","1099","1101.9038","42600","46941100","1091","1112","1090","1108","1106","1109","1097","1099"
"3110","20231002","3540","3540","3435","3460","3491.6437","268900","938903000","3540","3540","3435","3495","3495","3525","3455","3460"
"3111","20231002","365","400","359","381","385.679","430200","165919100","365","395","359","390","390","400","379","381"
"3113","20231002","98","98","94","96","96.2673","217700","20957400","98","98","95","95","95","96","94","96"
"3116","20231002","2752.5","2770.5","2708.5","2713.5","2730.1876","458000","1250425900","2752.5","2770.5","2738.5","2745","2746.5","2753","2708.5","2713.5"
"3121","20231002","304","305","300","301","301.6725","17100","5158600","304","305","302","304","300","303","300","301"
"3123","20231002","522","522","520","520","520.9167","1200","625100","-","-","-","-","522","522","520","520"
"3131","20231002","2330","2350","2315","2348","2333.5854","4100","9567700","2330","2350","2330","2334","2334","2348","2315","2348"
"3132","20231002","7100","7370","7050","7120","7215.0767","586600","4232364000","7100","7370","7050","7340","7320","7320","7120","7120"
"3133","20231002","605","632","597","617","617.383","3013900","1860730600","605","628","597","625","625","632","613","617"
"3134","20231002","915","918","880","880","892.8007","176100","157222200","915","918","885","888","890","895","880","880"
"3135","20231002","1370","1456","1350","1369","1396.601","118300","165217900","1370","1456","1360","1395","1395","1402","1350","1369"
"3137","20231002","333","340","327","327","334.1691","13600","4544700","333","340","329","338","336","336","327","327"
"3138","20231002","720","724","720","720","720.0089","79000","56880700","720","720","720","720","724","724","720","720"
"3139","20231002","2100","2109","2033","2034","2062.7649","40400","83335700","2100","2109","2088","2088","2085","2085","2033","2034"
"3140","20231002","960","961","951","951","955.6486","11100","10607700","960","961","953","955","955","955","951","951"
"3141","20231002","2588","2595.5","2518.5","2522.5","2546.1924","989700","2519966650","2588","2595.5","2554","2565.5","2564","2568","2518.5","2522.5"
"3143","20231002","1305","1320","1304","1308","1312.4444","900","1181200","1305","1320","1304","1319","1317","1317","1308","1308"
"3148","20231002","3380","3395","3330","3345","3356.0836","70600","236939500","3380","3395","3340","3375","3375","3380","3330","3345"
"3150","20231002","2285","2320","2263","2263","2287.4446","62300","142507800","2285","2320","2271","2320","2308","2309","2263","2263"
"3151","20231002","993","1016","990","990","1003.1939","164000","164523800","993","1016","991","1011","1007","1010","990","990"
"3153","20231002","1327","1345","1301","1302","1319.4889","49700","65578600","1327","1345","1319","1328","1324","1324","1301","1302"
"3154","20231002","761","780","761","764","769.3915","23500","18080700","761","780","761","777","775","775","764","764"
"3156","20231002","2485","2553","2478","2492","2513.1965","73800","185473900","2485","2553","2478","2531","2531","2531","2485","2492"
"3157","20231002","1223","1238","1210","1210","1220.5783","8300","10130800","1223","1238","1220","1225","1225","1228","1210","1210"
"3159","20231002","344","344","340","341","342.4202","49500","16949800","344","344","342","342","342","343","340","341"
"3160","20231002","731","741","718","718","728.8203","187500","136653800","731","741","725","732","732","737","718","718"
"3161","20231002","678","681","675","681","678.3924","7900","5359300","678","680","676","679","681","681","675","681"
"3166","20231002","1422","1429","1390","1390","1405.193","17100","24028800","1422","1429","1417","1417","1416","1416","1390","1390"
"3167","20231002","930","936","924","925","929.2661","301400","280080800","930","936","926","934","932","933","924","925"
"3168","20231002","603","606","601","601","602.7791","8600","5183900","603","606","603","604","604","604","601","601"
"3169","20231002","609","611","608","608","609.3246","11400","6946300","609","611","608","611","611","611","608","608"
"3172","20231002","1415","1427","1407","1408","1415.1111","8100","11462400","1415","1427","1409","1418","1414","1414","1407","1408"
"3173","20231002","851","860","846","846","851.0267","7500","6382700","851","860","851","860","860","860","846","846"
"3174","20231002","897","897","890","892","892.8889","1800","1607200","897","897","890","891","893","893","892","892"
"3175","20231002","863","879","842","865","862.4578","65100","56146000","863","879","842","866","869","873","861","865"
"3176","20231002","1351","1367","1339","1340","1351.6762","48800","65961800","1351","1367","1347","1357","1352","1355","1339","1340"
"3177","20231002","2850","2850","2848","2848","2849.7273","1100","3134700","-","-","-","-","2850","2850","2848","2848"
"3178","20231002","1431","1431","1380","1380","1398.8855","39300","54976200","1431","1431","1398","1398","1395","1396","1380","1380"
"3179","20231002","1120","1137","1099","1099","1112.9305","169800","188975600","1120","1137","1100","1116","1112","1114","1099","1099"
"3180","20231002","4825","4850","4775","4800","4799.0524","40100","192442000","4825","4850","4775","4800","4785","4830","4775","4800"
"3181","20231002","1122","1145","1122","1131","1135.6923","19500","22146000","1122","1144","1122","1134","1137","1145","1125","1131"
"3182","20231002","1605","1606","1523","1525","1560.8393","607800","948678100","1605","1606","1561","1566","1566","1568","1523","1525"
"3183","20231002","1088","1098","1081","1081","1086.8115","24400","26518200","1088","1098","1088","1096","1098","1098","1081","1081"
"3184","20231002","2755","2755","2750","2750","2752.4","500","1376200","2755","2755","2755","2755","2755","2755","2750","2750"
"3185","20231002","164","164","162","163","163","6000","978000","164","164","162","162","162","163","162","163"
"3186","20231002","2304","2332","2203","2213","2254.8005","8687100","19587677800","2304","2332","2235","2266","2266","2276","2203","2213"
"3187","20231002","841","841","766","795","801.6105","184600","147977300","841","841","766","793","798","809","795","795"
"3189","20231002","249","249","238","245","241.9712","31200","7549500","249","249","238","244","244","245","244","245"
"3190","20231002","614","617","611","615","613.8333","1800","1104900","614","617","611","613","612","615","612","615"
"3191","20231002","1758","1770","1737","1739","1748.1789","133000","232507800","1758","1770","1750","1758","1751","1757","1737","1739"
"3192","20231002","337","346","336","344","342.1235","16200","5542400","337","346","336","344","340","344","340","344"
"3193","20231002","3055","3055","2955","2955","2993.1515","107600","322063100","3055","3055","2992","2993","3000","3000","2955","2955"
"3195","20231002","286","289","284","287","286.8663","20200","5794700","286","289","284","287","288","289","287","287"
"3196","20231002","1942","1955","1917","1919","1933.3324","107400","207639900","1942","1955","1922","1937","1933","1935","1917","1919"
"3197","20231002","2042.5","2045.5","1997.5","2017","2022.5994","983500","1989226500","2042.5","2045.5","1997.5","2030","2029","2033.5","2017","2017"
"3198","20231002","2293","2297","2205","2207","2245.2108","57400","128875100","2293","2297","2238","2253","2253","2253","2205","2207"
"3199","20231002","1325","1335","1315","1315","1323.8244","39300","52026300","1325","1335","1320","1333","1330","1330","1315","1315"
"3201","20231002","1353","1364","1330","1331","1342.6613","86200","115737400","1353","1364","1342","1356","1352","1353","1330","1331"
"3202","20231002","94","95","93","93","93.6779","44400","4159300","94","95","93","94","94","94","93","93"
"3204","20231002","458","470","458","458","463.5015","68400","31703500","458","470","458","467","466","466","458","458"
"3205","20231002","295","302","295","297","297.8513","71300","21236800","295","302","295","299","299","299","297","297"
"3221","20231002","2745","2775","2675","2739","2745.8237","69200","190011000","2745","2775","2675","2757","2763","2766","2739","2739"
"3222","20231002","1077","1082","1057","1057","1065.8681","327500","349071800","1077","1082","1070","1071","1070","1071","1057","1057"
"3223","20231002","1023","1068","1023","1051","1049.2222","6300","6610100","1023","1065","1023","1065","1065","1068","1047","1051"
"3224","20231002","1860","1871","1832","1832","1847.9882","8500","15707900","1860","1871","1845","1871","1861","1871","1832","1832"
"3228","20231002","2020","2023","2020","2020","2020.3588","37900","76571600","2020","2023","2020","2021","2020","2021","2020","2020"
"3231","20231002","3778","3830","3712","3722","3755.9439","520300","1954217600","3778","3830","3774","3786","3777","3779","3712","3722"
"3232","20231002","570","577","562","562","567.6224","170000","96495800","570","577","567","571","568","570","562","562"
"3236","20231002","153","153","151","151","152.6903","91700","14001700","153","153","152","153","153","153","151","151"
"3237","20231002","77","78","75","77","76.4393","136800","10456900","77","78","75","75","76","77","76","77"
"3238","20231002","504","507","502","507","504.9474","5700","2878200","504","506","502","506","507","507","505","507"
"3241","20231002","481","481","461","464","471.9914","46400","21900400","481","481","472","476","476","476","461","464"
"3242","20231002","395","402","394","399","398.9555","134900","53819100","395","402","394","401","400","401","398","399"
"3244","20231002","2381","2408","2367","2367","2383.2883","223700","533141600","2381","2408","2379","2401","2400","2400","2367","2367"
"3245","20231002","804","816","794","794","804.5148","347500","279568900","804","816","800","809","810","810","794","794"
"3246","20231002","1006","1041","1006","1018","1022.1702","47600","48655300","1006","1041","1006","1033","1025","1029","1013","1018"
"3248","20231002","887","924","887","924","908.9589","46200","41993900","887","917","887","900","920","924","910","924"
"3252","20231002","1923","1948","1921","1922","1932.3081","62000","119803100","1923","1948","1923","1937","1937","1937","1921","1922"
"3254","20231002","1830","1849","1801","1819","1824.5726","144600","263833200","1830","1849","1825","1825","1821","1826","1801","1819"
"3261","20231002","366","366","356","356","358.4","500","179200","366","366","356","356","356","356","356","356"
"3264","20231002","150","150","144","149","147.574","65500","9666100","150","150","149","150","148","150","144","149"
"3266","20231002","89","89","88","89","88.9967","30700","2732200","89","89","88","89","89","89","89","89"
"3267","20231002","710","721","690","695","706.1057","35000","24713700","710","721","709","710","710","710","690","695"
"3271","20231002","401","412","397","400","403.9588","109300","44152700","401","412","398","403","405","407","397","400"
"3275","20231002","949","955","931","931","945.5934","9100","8604900","949","955","948","954","946","949","931","931"
"3276","20231002","1141","1153","1138","1141","1144.9183","20800","23814300","1141","1153","1141","1151","1148","1151","1138","1141"
"3277","20231002","1065","1079","1058","1058","1067.1087","18400","19634800","1065","1079","1061","1074","1074","1074","1058","1058"
"3280","20231002","691","695","671","683","679.3824","13600","9239600","691","695","671","683","678","683","675","683"
"3284","20231002","1093","1109","1090","1093","1098.3144","95100","104449700","1093","1109","1092","1104","1102","1102","1090","1093"
"3286","20231002","543","543","506","509","523.7015","90800","47552100","543","543","525","525","524","525","506","509"
"3288","20231002","5074","5140","5074","5081","5096.1186","414100","2110302700","5074","5140","5074","5112","5110","5115","5076","5081"
"3289","20231002","923.5","936.4","916.7","917.3","925.1884","2643100","2445365550","923.5","936.4","920.8","931.3","932.2","933.5","916.7","917.3"
"3291","20231002","2492","2498","2456.5","2460","2474.2529","551700","1365045300","2492","2498","2458.5","2491","2487.5","2489","2456.5","2460"
"3293","20231002","770","770","761","761","765.0625","3200","2448200","770","770","769","769","767","769","761","761"
"3294","20231002","1540","1565","1514","1517","1538.6071","30800","47389100","1540","1565","1538","1544","1547","1547","1514","1517"
"3297","20231002","1169","1199","1151","1169","1178.96","2500","2947400","1169","1199","1169","1191","1180","1182","1151","1169"
"3299","20231002","1090","1111","1072","1072","1088.9554","255400","278119200","1090","1111","1087","1103","1102","1106","1072","1072"
"3300","20231002","848","848","827","827","835.9661","17700","14796600","848","848","831","840","840","841","827","827"
"3302","20231002","1948","1954","1911","1911","1923.8789","22300","42902500","1948","1954","1932","1943","1936","1936","1911","1911"
"3306","20231002","826","834","819","820","825.3939","3300","2723800","826","834","826","833","826","827","819","820"
"3315","20231002","123","125","119","119","121.9416","2379700","290184400","123","125","122","124","123","123","119","119"
"3316","20231002","1743","1746","1743","1746","1744.4783","2300","4012300","1743","1746","1743","1744","1744","1746","1744","1746"
"3317","20231002","2180","2199","2180","2199","2191.7083","2400","5260100","2180","2195","2180","2195","2195","2199","2187","2199"
"3319","20231002","710","715","691","692","699.6613","136400","95433800","710","715","704","704","704","704","691","692"
"3320","20231002","1223","1250","1213","1213","1226.4511","39900","48935400","1223","1250","1223","1230","1230","1230","1213","1213"
"3321","20231002","1118","1153","1118","1126","1139.8144","58200","66337200","1118","1153","1118","1150","1152","1153","1126","1126"
"3322","20231002","645","645","622","632","632.4028","7200","4553300","645","645","633","634","633","633","622","632"
"3323","20231002","86","87","85","85","85.8992","134900","11587800","86","87","86","86","86","86","85","85"
"3326","20231002","401","410","401","408","405.6747","8300","3367100","401","407","401","406","406","410","402","408"
"3328","20231002","1668","1679","1626","1628","1649.6669","156400","258007900","1668","1679","1650","1654","1657","1658","1626","1628"
"3329","20231002","1970","1983","1915","1915","1948.2633","37600","73254700","1970","1983","1942","1943","1946","1954","1915","1915"
"3333","20231002","1271","1274","1254","1254","1260.8081","126100","158987900","1271","1274","1265","1268","1266","1267","1254","1254"
"3341","20231002","1472","1490","1466","1466","1475.925","48000","70844400","1472","1490","1469","1485","1481","1482","1466","1466"
"3347","20231002","261","261","255","255","257.8827","119400","30791200","261","261","258","258","258","259","255","255"
"3349","20231002","15380","15440","15070","15085","15228.5653","150900","2297990500","15380","15440","15140","15285","15250","15310","15070","15085"
"3350","20231002","19","20","19","19","19.724","176100","3473400","19","20","19","20","20","20","19","19"
"3352","20231002","1355","1355","1341","1341","1348.6471","1700","2292700","1355","1355","1348","1350","1350","1350","1341","1341"
"3353","20231002","2266","2366","2223","2350","2289.1875","1600","3662700","2266","2266","2223","2223","2261","2366","2261","2350"
"3355","20231002","901","913","897","897","906.9529","48800","44259300","901","913","901","910","911","911","897","897"
"3358","20231002","471","471","459","460","464.5338","13300","6178300","471","471","462","469","467","467","459","460"
"3359","20231002","516","516","495","495","506.7418","70100","35522600","516","516","508","508","509","509","495","495"
"3360","20231002","2253","2273","2203","2204","2226.4326","219700","489147250","2253","2273","2248","2254.5","2253.5","2256","2203","2204"
"3361","20231002","756","763","751","755","757.8114","28100","21294500","756","763","756","762","761","761","751","755"
"3370","20231002","283","290","283","284","285.9591","22000","6291100","283","290","283","287","289","289","284","284"
"3371","20231002","1754","1794","1732","1736","1758.1435","63400","111466300","1754","1794","1753","1763","1760","1765","1732","1736"
"3372","20231002","319","326","315","318","320.3647","42500","13615500","319","326","319","324","324","324","315","318"
"3374","20231002","2232","2274","2224","2224","2251.1304","4600","10355200","2232","2274","2232","2267","2250","2250","2224","2224"
"3375","20231002","1900","1900","1890","1890","1898.3333","600","1139000","1900","1900","1900","1900","1890","1890","1890","1890"
"3377","20231002","709","712","696","696","701.8363","132600","93063500","709","712","696","704","704","704","696","696"
"3382","20231002","5873","5895","5775","5775","5816.753","1816300","10564968500","5873","5895","5814","5865","5857","5863","5775","5775"
"3386","20231002","992","997","989","991","993.6207","8700","8644500","992","997","989","996","996","996","991","991"
"3387","20231002","1142","1146","1115","1117","1126.1377","550400","619826200","1142","1146","1122","1126","1126","1130","1115","1117"
"3388","20231002","1450","1472","1443","1443","1453.7853","31200","45358100","1450","1472","1450","1465","1462","1464","1443","1443"
"3391","20231002","10105","10185","9992","10090","10102.9468","246300","2488355800","10105","10185","9992","10150","10110","10170","10060","10090"
"3392","20231002","627","638","622","622","630.6509","46400","29262200","627","638","626","635","637","637","622","622"
"3393","20231002","1759","1790","1649","1665","1712.1355","426500","730225800","1759","1790","1704","1712","1710","1718","1649","1665"
"3395","20231002","1900","1911","1890","1890","1898.7724","45700","86773900","1900","1911","1891","1906","1901","1905","1890","1890"
"3396","20231002","982","988","982","985","984.0471","8500","8364400","982","987","982","987","987","988","985","985"
"3397","20231002","3650","3665","3595","3615","3630.6018","383000","1390520500","3650","3665","3595","3640","3635","3640","3615","3615"
"3399","20231002","4560","4640","4415","4450","4493.4665","77600","348693000","4560","4640","4415","4515","4515","4515","4435","4450"
"3401","20231002","1455","1460","1420","1420","1437.2541","1094000","1572355950","1455","1460","1442.5","1444","1441.5","1446","1420","1420"
"3402","20231002","785","789.1","765.9","766","774.3794","5508800","4265901250","785","789.1","780.4","780.4","779.5","780.3","765.9","766"
"3405","20231002","1766.5","1777","1731","1735","1750.6571","2766200","4842667550","1766.5","1777","1748.5","1755.5","1750","1755","1731","1735"
"3407","20231002","945.6","953","933.3","934.2","942.7038","4516400","4257627340","945.6","953","944.7","950.5","950","950.7","933.3","934.2"
"3409","20231002","114","116","114","115","114.7778","8100","929700","114","116","114","115","115","115","114","115"
"3415","20231002","341","341","328","328","333.3135","359800","119926200","341","341","333","333","334","335","328","328"
"3416","20231002","834","836","825","836","832.918","24400","20323200","834","836","833","833","834","836","825","836"
"3417","20231002","1016","1016","1007","1008","1008.8","3000","3026400","1016","1016","1008","1008","1008","1010","1007","1008"
"3418","20231002","1425","1433","1390","1390","1415.4905","21000","29725300","1425","1433","1409","1425","1425","1425","1390","1390"
"3420","20231002","1317","1334","1317","1325","1324.7391","4600","6093800","1317","1330","1317","1324","1324","1334","1323","1325"
"3421","20231002","1546","1570","1543","1543","1554.796","25000","38869900","1546","1570","1546","1559","1567","1567","1543","1543"
"3422","20231002","596","599","590","591","593.7662","7700","4572000","596","599","590","599","595","595","590","591"
"3423","20231002","304","308","302","302","304.664","12500","3808300","304","308","304","306","305","305","302","302"
"3426","20231002","1245","1279","1245","1279","1247.3265","4900","6111900","1245","1245","1245","1245","1245","1279","1245","1279"
"3431","20231002","3060","3100","3010","3010","3057.6064","251500","768988000","3060","3100","3060","3070","3070","3075","3010","3010"
"3433","20231002","1373","1388","1366","1368","1376.3905","144700","199163700","1373","1388","1369","1386","1386","1387","1366","1368"
"3434","20231002","1630","1645","1570","1572","1608.6894","82100","132073400","1630","1645","1603","1603","1603","1610","1570","1572"
"3435","20231002","1308","1308","1255","1260","1268.7423","19400","24613600","1308","1308","1259","1260","1260","1260","1255","1260"
"3436","20231002","1955","2006.5","1952","1981.5","1988.8762","5356400","10653216350","1955","2006.5","1952","2004","2002","2003","1981.5","1981.5"
"3437","20231002","2120","2120","2120","2120","2120","100","212000","-","-","-","-","2120","2120","2120","2120"
"3439","20231002","912","917","907","913","914.4091","2200","2011700","912","917","912","916","912","913","907","913"
"3440","20231002","878","892","869","885","882.8896","16300","14391100","878","892","878","886","882","885","869","885"
"3441","20231002","1009","1011","977","978","990.088","21600","21385900","1009","1011","1000","1000","1000","1000","977","978"
"3443","20231002","6260","6370","6240","6260","6292.3353","16700","105082000","6260","6370","6240","6350","6330","6330","6240","6260"
"3444","20231002","376","377","375","377","375.4681","4700","1764700","376","377","375","375","375","377","375","377"
"3445","20231002","2860","2931","2825","2897","2895.3083","269200","779417000","2860","2931","2825","2920","2913","2916","2895","2897"
"3446","20231002","2599","2691","2588","2656","2656.8841","63000","167383700","2599","2680","2588","2663","2661","2691","2653","2656"
"3447","20231002","755","762","751","751","756.2809","73700","55737900","755","762","755","760","761","761","751","751"
"3449","20231002","1140","1140","1124","1126","1132","15800","17885600","1140","1140","1132","1134","1131","1135","1124","1126"
"3452","20231002","868","868","840","840","850.0843","85400","72597200","868","868","850","851","851","851","840","840"
"3454","20231002","1254","1273","1234","1234","1253.5822","59600","74713500","1254","1273","1249","1262","1261","1261","1234","1234"
"3457","20231002","1020","1049","1019","1020","1032.3007","71500","73809500","1020","1049","1020","1034","1031","1036","1019","1020"
"3458","20231002","1599","1614","1585","1601","1602.6549","42600","68273100","1599","1614","1585","1612","1612","1613","1597","1601"
"3461","20231002","320","320","319","319","319.5357","2800","894700","320","320","320","320","320","320","319","319"
"3465","20231002","4620","4695","4610","4610","4647.0891","50500","234678000","4620","4695","4620","4690","4685","4685","4610","4610"
"3467","20231002","1557","1574","1546","1548","1557.1413","9200","14325700","1557","1574","1557","1563","1569","1569","1546","1548"
"3469","20231002","420","420","416","416","417.8148","2700","1128100","420","420","420","420","417","419","416","416"
"3474","20231002","417","418","408","411","411.3514","7400","3044000","417","418","414","414","410","412","408","411"
"3475","20231002","1055","1082","1041","1054","1062.8464","292400","310776300","1055","1082","1041","1078","1077","1077","1049","1054"
"3477","20231002","600","602","600","600","600.3","1000","600300","600","600","600","600","601","602","600","600"
"3479","20231002","2650","2689","2598","2615","2642.3673","278000","734578100","2650","2689","2624","2660","2653","2653","2598","2615"
"3480","20231002","5340","5340","5220","5220","5272.9048","21000","110731000","5340","5340","5240","5290","5270","5300","5220","5220"
"3482","20231002","1889","1932","1874","1880","1908.4073","159100","303627600","1889","1932","1874","1924","1919","1923","1880","1880"
"3484","20231002","1189","1190","1156","1156","1171.8764","27500","32226600","1189","1190","1177","1179","1179","1179","1156","1156"
"3486","20231002","2217","2280","2200","2200","2231.4609","64000","142813500","2217","2280","2211","2255","2248","2249","2200","2200"
"3489","20231002","1465","1501","1457","1457","1477.6027","29700","43884800","1465","1501","1465","1488","1487","1487","1457","1457"
"3490","20231002","2180","2191","2150","2150","2172.7143","3500","7604500","2180","2191","2180","2191","2191","2191","2150","2150"
"3491","20231002","1218","1228","1161","1162","1187.5821","210800","250342300","1218","1228","1189","1189","1189","1193","1161","1162"
"3494","20231002","1304","1341","1280","1285","1307.1279","8600","11241300","1304","1341","1300","1308","1302","1302","1280","1285"
"3495","20231002","1465","1465","1465","1465","1465","100","146500","-","-","-","-","1465","1465","1465","1465"
"3496","20231002","8300","8300","8110","8150","8196.1818","22000","180316000","8300","8300","8110","8200","8250","8290","8150","8150"
"3497","20231002","880","894","866","871","876.3109","23800","20856200","880","894","878","880","879","880","866","871"
"3498","20231002","6590","6870","6470","6470","6647.8161","394700","2623893000","6590","6870","6510","6600","6600","6640","6470","6470"
"3501","20231002","2241","2279","2233","2233","2253.9345","33600","75732200","2241","2279","2241","2257","2258","2268","2233","2233"
"3512","20231002","425","430","425","425","426.2536","13800","5882300","425","430","425","427","427","427","425","425"
"3513","20231002","1553","1596","1553","1575","1573.9714","7000","11017800","1553","1596","1553","1586","1586","1587","1575","1575"
"3521","20231002","157","160","153","153","156.3659","142400","22266500","157","160","157","159","159","159","153","153"
"3524","20231002","1528","1559","1515","1515","1540.8915","12900","19877500","1528","1559","1526","1549","1549","1549","1515","1515"
"3526","20231002","2340","2370","2300","2300","2332.2538","32700","76264700","2340","2370","2324","2343","2356","2356","2300","2300"
"3529","20231002","440","441","436","436","437.7361","46600","20398500","440","441","437","437","437","438","436","436"
"3536","20231002","135","135","132","134","133.8872","32800","4391500","135","135","132","134","135","135","134","134"
"3537","20231002","987","990","984","988","987.757","10700","10569000","987","987","984","987","987","990","987","988"
"3538","20231002","1225","1246","1207","1207","1226.4344","22100","27104200","1225","1246","1225","1239","1232","1232","1207","1207"
"3539","20231002","1968","1991","1945","1947","1965.3129","63600","124993900","1968","1991","1955","1965","1964","1967","1945","1947"
"3540","20231002","4250","4250","4115","4170","4195.9016","6100","25595000","4250","4250","4185","4185","4200","4200","4115","4170"
"3541","20231002","328","332","327","327","329.5695","30200","9953000","328","332","328","331","331","331","327","327"
"3542","20231002","511","511","504","504","506.6739","4600","2330700","511","511","505","506","505","508","504","504"
"3543","20231002","2900","2903","2849","2849","2868.6731","185100","530991400","2900","2903","2858","2884","2884","2887","2849","2849"
"3544","20231002","766","773","758","762","764.2316","47500","36301000","766","773","763","766","764","766","758","762"
"3546","20231002","1014","1017","1003","1003","1009.0436","36700","37031900","1014","1017","1008","1010","1013","1013","1003","1003"
"3547","20231002","1670","1690","1652","1653","1669.8261","43700","72971400","1670","1690","1652","1676","1674","1676","1653","1653"
"3548","20231002","829","833","821","821","826.8664","125000","103358300","829","833","825","827","829","829","821","821"
"3549","20231002","8596","8624","8400","8499","8530.5076","125500","1070578700","8596","8624","8400","8596","8603","8609","8487","8499"
"3550","20231002","220","225","218","219","221.2162","18500","4092500","220","225","218","221","221","221","219","219"
"3551","20231002","828","842","815","815","824.8458","20100","16579400","828","842","825","826","826","827","815","815"
"3553","20231002","686","699","676","676","683.9185","63800","43634000","686","699","685","695","693","694","676","676"
"3556","20231002","623","629","601","601","610.0997","96300","58752600","623","629","609","611","610","612","601","601"
"3557","20231002","1223","1224","1220","1220","1220.9286","5600","6837200","1223","1224","1220","1221","1220","1222","1220","1220"
"3558","20231002","1614","1618","1570","1570","1596.8554","116200","185554600","1614","1618","1585","1611","1610","1610","1570","1570"
"3559","20231002","456","456","451","451","452.7255","5100","2308900","456","456","453","453","454","454","451","451"
"3560","20231002","3805","3805","3645","3660","3716.9444","3600","13381000","3805","3805","3645","3645","3660","3690","3655","3660"
"3561","20231002","2259","2349","2250","2250","2298.3084","793800","1824397200","2259","2349","2259","2293","2293","2294","2250","2250"
"3562","20231002","1025","1034","1011","1015","1022.9193","16100","16469000","1025","1034","1023","1028","1026","1026","1011","1015"
"3563","20231002","2518","2537","2494","2496","2509.2942","1573300","3947872550","2518","2537","2494","2512","2510","2516","2496","2496"
"3565","20231002","534","543","527","528","532.9791","47900","25529700","534","543","531","535","536","536","527","528"
"3566","20231002","706","716","703","708","709.4913","17300","12274200","706","716","706","710","708","713","703","708"
"3569","20231002","2340","2364","2303","2303","2332.0643","130700","304800800","2340","2364","2336","2354","2346","2346","2303","2303"
"3571","20231002","767","768","757","757","761.9153","5900","4495300","767","768","764","764","763","763","757","757"
"3577","20231002","1056","1056","1055","1055","1055.4","500","527700","1056","1056","1055","1055","1055","1055","1055","1055"
"3580","20231002","747","753","737","738","742.3216","37000","27465900","747","753","741","746","744","744","737","738"
"3583","20231002","-","-","-","-","-","-","-","-","-","-","-","-","-","-","-"
"3591","20231002","3408","3432","3361","3380","3391.0582","170100","576819000","3408","3432","3385","3409","3409","3409","3361","3380"
"3593","20231002","3190","3215","3185","3185","3195.1048","76300","243786500","3190","3215","3190","3200","3200","3210","3185","3185"
"3597","20231002","10480","10920","10480","10700","10626.7308","5200","55259000","10480","10920","10480","10660","10710","10810","10490","10700"
"3598","20231002","163","167","159","163","162.2804","69900","11343400","163","163","159","163","163","167","161","163"
"3600","20231002","1633","1647","1633","1641","1642.625","4000","6570500","1633","1647","1633","1633","1644","1644","1641","1641"
"3604","20231002","902","902","897","900","899.1228","5700","5125000","902","902","902","902","901","902","897","900"
"3607","20231002","505","519","503","505","509.5777","230900","117661500","505","519","503","511","512","514","505","505"
"3608","20231002","815","828","805","805","812.786","253300","205878700","815","828","810","816","813","818","805","805"
"3611","20231002","1703","1753","1703","1704","1723.7624","30300","52230000","1703","1753","1703","1730","1726","1733","1704","1704"
"3612","20231002","1653","1698","1644","1652","1670.5441","139500","233040900","1653","1698","1644","1687","1685","1689","1651","1652"
"3622","20231002","638","638","618","619","622.7436","3900","2428700","638","638","618","625","625","625","619","619"
"3623","20231002","1044","1044","1020","1021","1033.4865","11100","11471700","1044","1044","1037","1043","1031","1039","1020","1021"
"3624","20231002","255","257","248","250","252.9199","106100","26834800","255","257","255","257","256","256","248","250"
"3625","20231002","545","545","531","535","535.9804","10200","5467000","545","545","542","543","536","537","531","535"
"3626","20231002","3316","3322","3241","3245","3271.1486","531100","1737307000","3316","3322","3272","3309","3301","3305","3241","3245"
"3627","20231002","447","454","434","435","439.6481","44900","19740200","447","454","444","445","443","443","434","435"
"3628","20231002","2043","2043","1947","1947","1981.4375","9600","19021800","2043","2043","1980","1988","1980","1980","1947","1947"
"3632","20231002","591","596","585","586","590.262","397000","234334000","591","596","589","592","592","593","585","586"
"3633","20231002","1345","1349","1320","1320","1334.6667","11100","14814800","1345","1349","1337","1337","1337","1337","1320","1320"
"3634","20231002","-","-","-","-","-","-","-","-","-","-","-","-","-","-","-"
"3635","20231002","2125","2127.5","2082","2084","2095.6198","913900","1915186900","2125","2127.5","2111.5","2119.5","2116.5","2117.5","2082","2084"
"3636","20231002","4840","4870","4785","4785","4825.5556","44100","212807000","4840","4870","4830","4840","4840","4850","4785","4785"
"3639","20231002","292","294","288","288","290.7933","17900","5205200","292","294","291","291","291","292","288","288"
"3640","20231002","1570","1576","1563","1563","1568.7037","2700","4235500","1570","1576","1570","1570","1575","1575","1563","1563"
"3641","20231002","880","885","875","875","879.904","12500","10998800","880","884","878","881","885","885","875","875"
"3645","20231002","381","384","369","369","375.8609","126500","47546400","381","384","376","378","377","378","369","369"
"3646","20231002","395","396","393","393","394.76","2500","986900","395","396","395","396","395","395","393","393"
"3647","20231002","154","155","152","154","153.6562","31700","4870900","154","155","152","154","154","154","153","154"
"3648","20231002","709","709","695","695","702.0476","12600","8845800","709","709","705","705","703","703","695","695"
"3649","20231002","767","767","749","749","754.9663","26700","20157600","767","767","755","758","755","758","749","749"
"3652","20231002","2493","2530","2431","2440","2467.0106","18900","46626500","2493","2530","2457","2470","2470","2471","2431","2440"
"3653","20231002","1163","1168","1129","1132","1148.0571","14000","16072800","1163","1168","1144","1161","1161","1161","1129","1132"
"3655","20231002","873","903","870","882","889.7915","340100","302618100","873","903","870","886","885","895","879","882"
"3656","20231002","287","287","277","277","280.4265","314900","88306300","287","287","279","280","279","281","277","277"
"3657","20231002","528","537","506","506","519.7573","411600","213932100","528","537","518","518","518","520","506","506"
"3659","20231002","2681","2732","2671.5","2683.5","2691.6052","2219700","5974556150","2681","2732","2671.5","2712","2704.5","2709","2675","2683.5"
"3660","20231002","511","514","494","494","502.8558","1698900","854301800","511","514","502","504","503","505","494","494"
"3661","20231002","1306","1340","1286","1286","1313.8375","742100","974998800","1306","1340","1306","1311","1314","1319","1286","1286"
"3662","20231002","610","613","592","592","600.6818","92400","55503000","610","613","598","600","600","600","592","592"
"3663","20231002","758","767","742","744","753.3804","222400","167551800","758","767","754","756","755","756","742","744"
"3664","20231002","82","82","80","80","80.9416","253500","20518700","82","82","81","81","81","82","80","80"
"3665","20231002","367","370","352","353","358.4708","474500","170094400","367","370","357","358","357","358","352","353"
"3666","20231002","745","781","741","754","764.8959","222800","170418800","745","781","741","762","760","760","751","754"
"3667","20231002","221","222","209","209","214.6151","753500","161712500","221","222","212","213","212","212","209","209"
"3668","20231002","595","595","580","580","586.0353","615600","360763300","595","595","583","586","586","586","580","580"
"3670","20231002","-","-","-","-","-","-","-","-","-","-","-","-","-","-","-"
"3671","20231002","758","758","747","751","754.1176","3400","2564000","758","758","748","754","751","751","747","751"
"3672","20231002","210","211","198","198","201.9218","603900","121940600","210","211","198","199","200","200","198","198"
"3673","20231002","508","510","489","491","498.0922","247400","123228000","508","510","502","504","502","504","489","491"
"3674","20231002","485","488","471","473","477.8417","58100","27762600","485","488","479","479","481","482","471","473"
"3675","20231002","759","759","725","725","741.2644","124800","92509800","759","759","737","740","739","739","725","725"
"3676","20231002","1016","1030","990","990","1003.9674","165600","166257000","1016","1030","1009","1011","1011","1013","990","990"
"3677","20231002","927","928","927","927","927.0785","602400","558472100","927","928","927","927","927","928","927","927"
"3678","20231002","1188","1209","1153","1153","1175.0886","55300","64982400","1188","1209","1175","1176","1173","1176","1153","1153"
"3679","20231002","532","532","516","516","521.8181","368300","192185600","532","532","523","523","522","522","516","516"
"3680","20231002","338","341","333","333","337.3223","33200","11199100","338","341","336","339","340","340","333","333"
"3681","20231002","395","402","386","386","392.8996","235000","92331400","395","402","391","394","392","393","386","386"
"3682","20231002","509","510","503","506","506.5111","9000","4558600","509","510","508","508","507","507","503","506"
"3683","20231002","778","795","765","769","772.2612","24500","18920400","778","795","771","771","767","774","765","769"
"3686","20231002","250","252","241","241","244.3006","295700","72239700","250","252","244","244","244","245","241","241"
"3687","20231002","1175","1182","1123","1123","1144.3934","179200","205075300","1175","1182","1148","1150","1150","1150","1123","1123"
"3688","20231002","1282","1286","1254","1255","1269.2469","40100","50896800","1282","1286","1272","1277","1274","1278","1254","1255"
"3690","20231002","577","579","570","572","575.6522","4600","2648000","577","579","570","579","574","574","571","572"
"3691","20231002","794","934","751","934","883.22","2124100","1876047500","794","934","751","934","934","934","934","934"
"3692","20231002","1330","1360","1172","1187","1241.6521","1692800","2101868700","1330","1360","1172","1204","1214","1239","1184","1187"
"3694","20231002","866","873","847","847","859.673","94800","81497000","866","873","857","864","862","862","847","847"
"3695","20231002","3000","3100","3000","3035","3044.3333","3000","9133000","3000","3100","3000","3050","3045","3065","3035","3035"
"3696","20231002","971","971","937","937","952.6349","86000","81926600","971","971","948","952","952","952","937","937"
"3697","20231002","27395","27540","26470","26530","26883.1098","189400","5091661000","27395","27540","26780","26865","26820","26845","26470","26530"
"3698","20231002","1055","1074","1030","1034","1054.6133","22500","23728800","1055","1074","1046","1074","1073","1073","1030","1034"
"3708","20231002","3420","3495","3420","3445","3462.1429","16100","55740500","3420","3495","3420","3495","3480","3495","3440","3445"
"3710","20231002","690","695","690","691","692","900","622800","690","694","690","694","695","695","691","691"
"3712","20231002","2929","2929","2912","2912","2924.4063","3200","9358100","2929","2929","2924","2924","2924","2924","2912","2912"
"3719","20231002","229","229","222","225","224.8877","76600","17226400","229","229","225","225","225","225","222","225"
"3723","20231002","1333","1333","1320","1323","1324.32","2500","3310800","1333","1333","1320","1330","1329","1330","1323","1323"
"3726","20231002","490","490","470","475","477.0206","29100","13881300","490","490","471","472","472","479","470","475"
"3727","20231002","227","234","217","217","223.4373","410500","91721000","227","234","219","220","221","222","217","217"
"3733","20231002","10150","10300","10040","10200","10165.6842","9500","96574000","10150","10300","10040","10200","10200","10200","10110","10200"
"3738","20231002","1775","1785","1755","1756","1767.6818","55000","97222500","1775","1785","1765","1777","1777","1777","1755","1756"
"3741","20231002","3510","3600","3510","3545","3556.1486","14800","52631000","3510","3600","3510","3550","3560","3565","3525","3545"
"3744","20231002","386","391","384","391","386.8444","4500","1740800","386","389","384","384","385","391","385","391"
"3747","20231002","390","402","387","387","393.8813","55600","21899800","390","402","390","393","397","397","387","387"
"3750","20231002","1175","1187","1175","1178","1178.5789","1900","2239300","1175","1187","1175","1178","1178","1180","1178","1178"
"3753","20231002","389","390","384","384","388.0476","6300","2444700","389","390","387","388","390","390","384","384"
"3758","20231002","362","363","355","358","358.2135","93200","33385500","362","363","358","358","359","359","355","358"
"3760","20231002","1833","1854","1762","1768","1804.2143","154900","279472800","1833","1854","1794","1806","1811","1811","1762","1768"
"3762","20231002","1610","1644","1599","1605","1617.512","166600","269477500","1610","1644","1610","1618","1613","1615","1599","1605"
"3763","20231002","1262","1272","1246","1246","1253.4479","31700","39734300","1262","1272","1260","1260","1260","1260","1246","1246"
"3765","20231002","2365.5","2371.5","2309","2312","2326.8323","250100","581940750","2365.5","2371.5","2335.5","2336","2333.5","2337.5","2309","2312"
"3766","20231002","788","788","783","788","786.35","2000","1572700","788","788","787","787","786","788","783","788"
"3768","20231002","550","550","541","550","545.7727","4400","2401400","550","550","541","546","549","550","547","550"
"3769","20231002","8141","8174","7938","7954","8040.38","279200","2244874100","8141","8174","8097","8119","8100","8119","7938","7954"
"3770","20231002","472","476","471","474","473.3538","19500","9230400","472","475","471","474","473","476","471","474"
"3771","20231002","3010","3010","2897","2897","2958.0649","30800","91108400","3010","3010","2958","2978","2976","2976","2897","2897"
"3772","20231002","1385","1391","1305","1311","1339.4641","225800","302451000","1385","1391","1362","1362","1360","1361","1305","1311"
"3773","20231002","1451","1460","1414","1421","1435.0578","65700","94283300","1451","1460","1437","1441","1440","1444","1414","1421"
"3774","20231002","2421","2428","2373.5","2380.5","2396.7246","527700","1264751550","2421","2428","2396.5","2412","2410","2415.5","2373.5","2380.5"
"3776","20231002","142","145","138","138","141.3373","313100","44252700","142","145","142","144","143","144","138","138"
"3777","20231002","45","46","42","44","43.5939","2460000","107240900","45","46","45","46","45","45","42","44"
"3778","20231002","1235","1253","1166","1167","1204.3398","1205400","1451711200","1235","1253","1205","1210","1208","1208","1166","1167"
"3779","20231002","235","242","220","220","230.7404","1840600","424700700","235","242","225","229","228","228","220","220"
"3784","20231002","1300","1300","1281","1284","1288.7813","9600","12372300","1300","1300","1292","1292","1292","1293","1281","1284"
"3787","20231002","714","714","712","712","713.5","400","285400","714","714","714","714","714","714","712","712"
"3788","20231002","2732","2772","2650","2650","2692.5014","36500","98276300","2732","2772","2697","2706","2706","2706","2650","2650"
"3791","20231002","4095","4095","3935","3950","3990.1216","32900","131275000","4095","4095","3935","3955","3955","4020","3945","3950"
"3793","20231002","572","591","566","583","581.2573","295400","171703400","572","591","566","590","590","590","580","583"
"3796","20231002","518","518","492","498","502.2718","20600","10346800","518","518","492","503","503","506","496","498"
"3798","20231002","4220","4330","4210","4210","4254.1824","15900","67641500","4220","4330","4220","4240","4225","4265","4210","4210"
"3799","20231002","710","710","704","708","706.2889","4500","3178300","710","710","704","707","707","708","704","708"
"3800","20231002","1881","1882","1857","1865","1868.6522","2300","4297900","1881","1882","1857","1882","1881","1881","1859","1865"
"3802","20231002","530","546","524","546","531.75","4800","2552400","530","536","524","536","535","546","535","546"
"3803","20231002","502","503","470","473","479.3983","59500","28524200","502","503","476","487","480","487","470","473"
"3804","20231002","1407","1430","1407","1411","1419.5152","3300","4684400","1407","1410","1407","1410","1414","1430","1410","1411"
"3807","20231002","114","114","111","111","113.2002","83900","9497500","114","114","113","113","112","112","111","111"
"3810","20231002","398","401","381","382","390.1415","241000","94024100","398","401","392","392","392","392","381","382"
"3814","20231002","640","640","593","607","612.282","26600","16286700","640","640","607","607","607","608","593","607"
"3815","20231002","263","263","261","261","262.5","1600","420000","263","263","262","263","261","261","261","261"
"3816","20231002","983","983","969","971","973","700","681100","983","983","969","974","974","974","971","971"
"3817","20231002","3490","3525","3420","3430","3459.0415","19300","66759500","3490","3525","3485","3490","3490","3490","3420","3430"
"3823","20231002","92","93","86","86","89.0417","172800","15386400","92","93","92","92","92","92","86","86"
"3825","20231002","203","204","198","199","200.3537","371500","74431400","203","204","198","200","200","202","198","199"
"3826","20231002","422","426","421","421","422.274","7300","3082600","422","426","422","425","425","425","421","421"
"3834","20231002","627","630","619","619","623.6476","34900","21765300","627","630","625","626","628","628","619","619"
"3835","20231002","665","670","652","652","658.8712","66000","43485500","665","670","660","660","661","662","652","652"
"3836","20231002","1306","1320","1296","1299","1305.2447","118100","154149400","1306","1320","1302","1304","1301","1314","1296","1299"
"3837","20231002","1714","1736","1694","1694","1708.4924","13200","22552100","1714","1736","1714","1722","1720","1720","1694","1694"
"3839","20231002","573","581","572","572","574.5323","6200","3562100","573","581","573","575","575","575","572","572"
"3840","20231002","163","174","162","169","168.2261","1683200","283158200","163","168","162","166","167","174","167","169"
"3841","20231002","1021","1030","1011","1011","1021.7143","700","715200","1021","1030","1021","1030","1025","1025","1011","1011"
"3842","20231002","806","806","790","797","802.0192","5200","4170500","806","806","790","800","791","798","791","797"
"3843","20231002","1198","1213","1180","1180","1194.0719","125200","149497800","1198","1213","1187","1199","1200","1202","1180","1180"
"3844","20231002","2335","2342","2264","2268","2294.2757","72900","167252700","2335","2342","2311","2324","2323","2323","2264","2268"
"3845","20231002","114","116","114","114","115.3966","47400","5469800","114","116","114","116","115","116","114","114"
"3847","20231002","3165","3180","3150","3150","3163.9706","3400","10757500","3165","3180","3165","3180","3155","3155","3150","3150"
"3848","20231002","966","980","956","956","967.2826","4600","4449500","966","972","965","965","969","980","956","956"
"3850","20231002","1777","1777","1740","1760","1758.92","2500","4397300","1777","1777","1740","1762","1762","1762","1750","1760"
"3851","20231002","1147","1150","1140","1148","1145.8679","5300","6073100","1147","1150","1140","1149","1149","1150","1145","1148"
"3852","20231002","1320","1373","1320","1323","1343.7778","8100","10884600","1320","1373","1320","1352","1348","1350","1323","1323"
"3853","20231002","710","713","696","696","703.6204","112500","79157300","710","713","702","702","702","705","696","696"
"3854","20231002","3810","3860","3770","3785","3806.9306","86500","329299500","3810","3860","3770","3825","3825","3830","3770","3785"
"3856","20231002","3390","3480","3270","3300","3376.6186","744800","2514905500","3390","3480","3270","3410","3420","3420","3290","3300"
"3857","20231002","779","784","756","756","771.2946","78400","60469500","779","784","763","763","761","765","756","756"
"3858","20231002","410","415","408","409","410.5","10800","4433400","410","415","410","412","410","412","408","409"
"3861","20231002","631","639.8","627.8","627.8","632.2113","3466200","2191370940","631","639.8","628.4","638.4","637.8","638.6","627.8","627.8"
"3863","20231002","1360","1372","1334","1335","1350.7506","581800","785866700","1360","1372","1340","1364","1364","1367","1334","1335"
"3864","20231002","606","620","596","603","605.9315","1135100","687792800","606","620","596","607","610","610","600","603"
"3865","20231002","1088","1089","1049","1052","1064.7044","321700","342515400","1088","1089","1067","1076","1074","1077","1049","1052"
"3877","20231002","1398","1425","1373","1374","1395.7335","42400","59179100","1398","1425","1398","1410","1407","1410","1373","1374"
"3878","20231002","675","683","666","666","673.1176","27200","18308800","675","683","672","674","672","674","666","666"
"3880","20231002","1228","1237","1216","1219","1225.4965","352900","432477700","1228","1237","1220","1233","1233","1234","1216","1219"
"3891","20231002","1981","2007","1965","1968","1983.2298","16100","31930000","1981","2007","1981","1993","1992","1992","1965","1968"
"3892","20231002","1070","1165","1001","1048","1071.6037","228100","244432800","1070","1165","1001","1023","1029","1053","1029","1048"
"3895","20231002","420","422","410","410","416.5278","7200","2999000","420","422","417","419","418","418","410","410"
"3896","20231002","516","518","505","506","510.2051","35600","18163300","516","518","512","516","515","515","505","506"
"3900","20231002","1442","1442","1386","1386","1410.0604","38100","53723300","1442","1442","1410","1410","1420","1420","1386","1386"
"3901","20231002","2962","2982","2836","2837","2882.3418","50900","146711200","2962","2982","2897","2897","2877","2881","2836","2837"
"3902","20231002","802","807","786","788","794.3901","320400","254522600","802","807","786","791","795","795","786","788"
"3903","20231002","495","502","479","481","490.2294","838000","410812200","495","502","489","491","491","491","479","481"
"3904","20231002","755","762","740","740","751.7412","22800","17139700","755","762","755","755","756","760","740","740"
"3905","20231002","319","328","319","325","323.4292","47300","15298200","319","327","319","324","322","328","322","325"
"3907","20231002","1738","1827","1734","1734","1772.6427","44500","78882600","1738","1827","1736","1807","1806","1807","1734","1734"
"3908","20231002","359","359","356","356","358.25","400","143300","-","-","-","-","359","359","356","356"
"3909","20231002","375","383","374","374","378.1523","15100","5710100","375","383","375","379","379","381","374","374"
"3910","20231002","369","378","367","370","369.0917","22900","8452200","369","378","367","368","368","370","368","370"
"3911","20231002","343","344","332","333","337.4086","1575400","531553500","343","344","336","336","337","338","332","333"
"3912","20231002","810","816","798","799","805.4661","23600","19009000","810","816","808","811","807","807","798","799"
"3913","20231002","574","583","574","577","577.6667","1200","693200","574","583","574","583","575","581","575","577"
"3914","20231002","3960","3960","3805","3805","3864.1575","27300","105491500","3960","3960","3855","3870","3870","3870","3805","3805"
"3915","20231002","2030","2047","1960","1968","1992.2585","85500","170338100","2030","2047","1986","1995","1989","1989","1960","1968"
"3916","20231002","1848","1867","1801","1801","1827.3643","40900","74739200","1848","1867","1831","1833","1833","1833","1801","1801"
"3917","20231002","638","647","636","641","641.1341","26100","16733600","638","647","636","640","640","645","636","641"
"3918","20231002","1058","1075","1054","1054","1061.6175","40000","42464700","1058","1075","1058","1070","1069","1069","1054","1054"
"3920","20231002","608","614","589","593","599.4226","31000","18582100","608","614","602","606","604","605","589","593"
"3921","20231002","1032","1040","1011","1011","1024.7115","20800","21314000","1032","1040","1026","1030","1030","1030","1011","1011"
"3922","20231002","1750","1770","1719","1727","1735.5775","35500","61613000","1750","1770","1738","1746","1737","1752","1719","1727"
"3923","20231002","2078","2097","2017.5","2022.5","2042.9141","688800","1407159200","2078","2097","2038.5","2044.5","2043","2045","2017.5","2022.5"
"3924","20231002","1264","1308","1250","1294","1280.0816","102900","131720400","1264","1308","1250","1284","1287","1308","1275","1294"
"3925","20231002","1705","1705","1637","1639","1667.9905","305200","509070700","1705","1705","1660","1664","1664","1668","1637","1639"
"3926","20231002","875","891","848","848","867.0646","270800","234801100","875","891","857","868","870","875","848","848"
"3927","20231002","614","617","602","608","608.5629","15100","9189300","614","617","610","613","613","613","602","608"
"3928","20231002","362","362","351","351","354.6543","24300","8618100","362","362","357","357","356","356","351","351"
"3929","20231002","296","301","290","290","293.4592","99300","29140500","296","301","295","295","296","296","290","290"
"3930","20231002","782","782","778","778","779.5882","1700","1325300","782","782","780","780","778","780","778","778"
"3931","20231002","1158","1158","1137","1145","1149.8308","6500","7473900","1158","1158","1137","1150","1150","1150","1145","1145"
"3932","20231002","2179","2204","2129","2132","2157.8582","103700","223769900","2179","2204","2169","2172","2161","2161","2129","2132"
"3933","20231002","700","700","690","690","695.7073","4100","2852400","700","700","693","694","695","695","690","690"
"3934","20231002","1213","1245","1213","1241","1238.84","2500","3097100","1213","1241","1213","1241","1245","1245","1241","1241"
"3935","20231002","425","429","411","415","418.5698","26500","11092100","425","429","423","423","423","423","411","415"
"3936","20231002","189","191","185","188","187.324","57100","10696200","189","191","188","188","188","188","185","188"
"3937","20231002","1330","1348","1291","1310","1318.94","203300","268140500","1330","1348","1315","1324","1320","1325","1291","1310"
"3939","20231002","521","532","518","518","523.9186","291000","152460300","521","532","521","526","527","527","518","518"
"3940","20231002","116","117","115","115","115.8409","30800","3567900","116","117","116","116","116","116","115","115"
"3941","20231002","1028","1038.5","1015.5","1016","1023.721","807800","826961850","1028","1038.5","1023","1031.5","1030","1030","1015.5","1016"
"3943","20231002","2198","2232","2197","2197","2203.6842","1900","4187000","2198","2232","2198","2209","2209","2209","2197","2197"
"3944","20231002","2432","2470","2432","2442","2445.625","800","1956500","2432","2432","2432","2432","2470","2470","2432","2442"
"3945","20231002","2255","2325","2243","2259","2285.1333","3000","6855400","2255","2325","2243","2325","2302","2302","2259","2259"
"3946","20231002","2443","2489","2443","2457","2466.9013","54700","134939500","2443","2489","2443","2478","2474","2477","2452","2457"
"3947","20231002","1536","1538","1528","1533","1535.6667","2100","3224900","1536","1538","1529","1538","1538","1538","1528","1533"
"3948","20231002","980","980","950","950","962.9186","22100","21280500","980","980","954","964","964","964","950","950"
"3950","20231002","3170","3225","3155","3160","3181.6829","20500","65224500","3170","3225","3155","3215","3200","3215","3160","3160"
"3951","20231002","881","884","875","883","880.9458","20300","17883200","881","883","878","883","883","884","875","883"
"3953","20231002","599","605","593","595","599","6800","4073200","599","605","599","604","604","604","593","595"
"3954","20231002","1851","1851","1811","1851","1838.7","1000","1838700","1851","1851","1851","1851","1811","1851","1811","1851"
"3955","20231002","1220","1220","1180","1188","1201.3622","19600","23546700","1220","1220","1199","1199","1208","1208","1180","1188"
"3958","20231002","626","636","598","598","613.0687","606600","371887500","626","636","610","610","611","617","598","598"
"3961","20231002","855","861","828","834","840.3289","7600","6386500","855","861","855","861","847","848","828","834"
"3962","20231002","1782","1848","1738","1738","1791.3618","866700","1552573300","1782","1848","1779","1794","1793","1793","1738","1738"
"3963","20231002","570","577","560","560","567.9298","95500","54237300","570","577","567","569","569","569","560","560"
"3964","20231002","1786","1797","1750","1750","1767.3444","24100","42593000","1786","1797","1772","1775","1768","1773","1750","1750"
"3965","20231002","812","832","811","811","818.8169","21300","17440800","812","832","811","817","815","825","811","811"
"3967","20231002","934","939","918","927","928.7194","13900","12909200","934","939","929","930","930","931","918","927"
"3968","20231002","1018","1040","1008","1015","1022.6603","88900","90914500","1018","1040","1011","1028","1028","1028","1008","1015"
"3969","20231002","1452","1464","1436","1439","1446.0103","39000","56394400","1452","1464","1448","1450","1445","1449","1436","1439"
"3970","20231002","1343","1345","1292","1296","1314.1204","19100","25099700","1343","1345","1299","1310","1303","1308","1292","1296"
"3974","20231002","551","560","545","549","552.4609","24300","13424800","551","560","545","557","557","557","549","549"
"3976","20231002","610","616","601","616","611.0274","7300","4460500","610","610","601","610","610","616","607","616"
"3978","20231002","738","744","719","720","729.769","208700","152302800","738","744","733","735","734","735","719","720"
"3979","20231002","2013","2013","1994","1995","2000.6691","27200","54418200","2013","2013","1994","2001","2000","2005","1995","1995"
"3981","20231002","1165","1165","1131","1132","1141.7241","26100","29799000","1165","1165","1148","1148","1141","1143","1131","1132"
"3983","20231002","2136","2169","2105","2114","2131.662","42600","90808800","2136","2169","2105","2150","2143","2154","2113","2114"
"3984","20231002","1844","1869","1785","1785","1822.688","209300","381488600","1844","1869","1815","1815","1822","1822","1785","1785"
"3985","20231002","288","289","283","284","286.1892","7400","2117800","288","289","287","287","286","288","283","284"
"3986","20231002","1468","1468","1468","1468","1468","700","1027600","1468","1468","1468","1468","-","-","-","-"
"3987","20231002","805","820","707","710","762.6464","180700","137810200","805","820","757","759","758","764","707","710"
"3988","20231002","897","904","890","903","896.0286","7000","6272200","897","904","893","896","894","903","890","903"
"3989","20231002","698","705","667","668","680.3372","373100","253833800","698","705","673","677","674","677","667","668"
"3990","20231002","720","726","685","685","700.0794","86900","60836900","720","726","695","701","697","697","685","685"
"3991","20231002","1452","1466","1412","1423","1432.9","52000","74510800","1452","1466","1433","1433","1436","1437","1412","1423"
"3992","20231002","658","672","651","651","660.335","79700","52628700","658","672","658","659","659","661","651","651"
"3993","20231002","2750","2778","2626","2630","2686.2237","380800","1022914000","2750","2778","2675","2675","2670","2675","2626","2630"
"3994","20231002","4864","4928","4703","4717","4793.7663","502000","2406470700","4864","4928","4786","4806","4795","4795","4703","4717"
"3995","20231002","412","417","401","407","409.9147","110200","45172600","412","417","401","410","409","413","407","407"
"3996","20231002","497","501","482","482","490.557","86000","42187900","497","501","490","491","490","490","482","482"
"3997","20231002","884","910","880","904","893.2941","3400","3037200","884","907","880","907","906","910","904","904"
"3998","20231002","608","610","599","601","604.3548","9300","5620500","608","610","608","608","608","608","599","601"
"4004","20231002","2550","2670","2550","2564","2611.2358","3783800","9880394150","2550","2670","2550","2608.5","2606","2615","2561.5","2564"
"4005","20231002","407.9","413.2","404.9","404.9","408.7542","8999400","3678542420","407.9","413.2","407.9","411.5","411","411.2","404.9","404.9"
"4008","20231002","4590","4625","4545","4545","4585.7866","46400","212780500","4590","4625","4575","4615","4610","4610","4545","4545"
"4011","20231002","7730","7780","7330","7330","7477.0864","40500","302822000","7730","7780","7440","7450","7450","7450","7330","7330"
"4012","20231002","1420","1425","1406","1407","1416.6038","5300","7508000","1420","1425","1420","1423","1418","1418","1406","1407"
"4013","20231002","1280","1280","1231","1246","1246.303","6600","8225600","1280","1280","1246","1258","1258","1258","1231","1246"
"4014","20231002","717","720","716","717","716.7692","2600","1863600","717","720","716","720","716","717","716","717"
"4015","20231002","938","964","923","924","942.5369","290000","273335700","938","964","938","947","952","952","923","924"
"4016","20231002","732","736","726","730","732.0476","2100","1537300","732","736","726","736","736","736","730","730"
"4017","20231002","330","335","325","329","330.54","25000","8263500","330","335","328","329","329","329","325","329"
"4019","20231002","775","783","770","778","775.5267","60000","46531600","775","783","770","775","775","781","775","778"
"4020","20231002","902","903","900","900","902","400","360800","-","-","-","-","902","903","900","900"
"4021","20231002","6410","6514","6344","6344","6407.841","501800","3215454600","6410","6514","6398","6448","6426","6441","6344","6344"
"4022","20231002","2061","2096","2050","2051","2073.3305","47200","97861200","2061","2096","2061","2096","2092","2096","2050","2051"
"4023","20231002","8340","8430","8250","8250","8341.4815","102600","855836000","8340","8430","8330","8400","8400","8400","8250","8250"
"4025","20231002","3770","3805","3655","3660","3698.2415","23600","87278500","3770","3805","3720","3725","3720","3720","3655","3660"
"4026","20231002","1451","1451","1403","1409","1421.5483","81700","116140500","1451","1451","1416","1418","1419","1419","1403","1409"
"4027","20231002","1381","1411","1377","1377","1386.9543","19700","27323000","1381","1411","1381","1397","1390","1398","1377","1377"
"4028","20231002","1510","1522","1471","1471","1496.5599","269700","403622200","1510","1522","1504","1510","1510","1512","1471","1471"
"4031","20231002","1146","1163","1133","1134","1146.8261","36800","42203200","1146","1163","1146","1151","1154","1154","1133","1134"
"4040","20231002","4000","4085","3920","3930","3994.7053","93300","372706000","4000","4085","3920","4025","4040","4050","3930","3930"
"4041","20231002","5580","5590","5470","5470","5523.986","71500","394965000","5580","5590","5530","5550","5540","5550","5470","5470"
"4042","20231002","1922.5","1948","1906","1906","1921.7181","1089300","2093327500","1922.5","1948","1922.5","1939","1935.5","1938","1906","1906"
"4043","20231002","2365","2389.5","2336","2337","2357.5779","291900","688177000","2365","2389.5","2360","2373.5","2370","2370.5","2336","2337"
"4044","20231002","2995","3035","2960","2960","2990.6705","131400","392974100","2995","3035","2984","3020","3010","3015","2960","2960"
"4045","20231002","1355","1363","1331","1332.5","1344.8657","233000","313353700","1355","1363","1347","1354","1354","1354","1331","1332.5"
"4046","20231002","6460","6600","6380","6390","6466.9289","78800","509594000","6460","6600","6460","6510","6500","6500","6380","6390"
"4047","20231002","880","889","868","871","876.247","272100","238426800","880","889","877","879","877","878","868","871"
"4051","20231002","10650","10820","10620","10780","10747.7108","41500","446030000","10650","10770","10620","10730","10750","10820","10750","10780"
"4052","20231002","1081","1103","1058","1061","1076.8292","32200","34673900","1081","1103","1066","1070","1070","1088","1058","1061"
"4053","20231002","1415","1419","1370","1370","1393.6903","131400","183130900","1415","1419","1394","1396","1396","1399","1370","1370"
"4054","20231002","786","796","775","784","784.3789","51200","40160200","786","796","779","786","777","789","775","784"
"4055","20231002","2392","2469","2342","2345","2385.2902","118900","283611000","2392","2469","2386","2389","2388","2388","2342","2345"
"4056","20231002","1066","1085","1019","1029","1037.965","114300","118639400","1066","1085","1046","1046","1045","1048","1019","1029"
"4057","20231002","668","668","652","652","659.25","2000","1318500","668","668","657","657","656","656","652","652"
"4058","20231002","1474","1489","1426","1426","1462.2752","14900","21787900","1474","1489","1459","1459","1457","1460","1426","1426"
"4059","20231002","519","522","515","521","518.9583","2400","1245500","519","522","515","522","517","521","517","521"
"4060","20231002","1206","1236","1174","1191","1204.6375","41100","49510600","1206","1236","1191","1191","1193","1195","1174","1191"
"4061","20231002","2734","2765","2715","2715","2738.2218","520400","1424970600","2734","2765","2723.5","2750","2745","2747","2715","2715"
"4062","20231002","7985","8180","7919","8045","8076.0708","1531400","12367694800","7985","8180","7919","8115","8115","8120","8004","8045"
"4063","20231002","4366","4419","4343","4362","4377.5071","6423300","28118041300","4366","4419","4343","4411","4401","4409","4362","4362"
"4064","20231002","1755","1789","1741","1741","1767.2201","52700","93132500","1755","1789","1750","1775","1770","1770","1741","1741"
"4068","20231002","1702","1742","1699","1710","1714.55","2000","3429100","1702","1742","1702","1733","1707","1710","1699","1710"
"4069","20231002","1850","1881","1827","1867","1869.0357","2800","5233300","1850","1881","1827","1827","1867","1867","1867","1867"
"4071","20231002","2829","2878","2801","2831","2840.4812","379700","1078530700","2829","2878","2817","2830","2850","2850","2801","2831"
"4072","20231002","2900","2922","2853","2854","2879.1683","30900","88966300","2900","2922","2882","2885","2884","2888","2853","2854"
"4073","20231002","547","547","541","541","542.5","400","217000","547","547","547","547","541","541","541","541"
"4074","20231002","1700","1728","1670","1672","1694.6413","27600","46772100","1700","1728","1684","1691","1690","1692","1670","1672"
"4075","20231002","842","865","837","840","851.7925","21200","18058000","842","865","841","843","844","860","837","840"
"4076","20231002","2100","2100","2017","2020","2062.6341","8200","16913600","2100","2100","2040","2040","2022","2051","2017","2020"
"4078","20231002","2097","2097","2052","2054","2073.2873","44200","91639300","2097","2097","2075","2083","2076","2081","2052","2054"
"4080","20231002","1277","1289","1225","1225","1256.1671","218400","274346900","1277","1289","1255","1258","1263","1263","1225","1225"
"4082","20231002","955","969","950","950","959.7042","62200","59693600","955","969","955","965","966","967","950","950"
"4088","20231002","1864","1875.5","1841","1841.5","1854.9154","759800","1409364750","1864","1875.5","1860","1865","1863","1864.5","1841","1841.5"
"4091","20231002","3578","3609","3442","3475","3502.9659","536500","1879341200","3578","3609","3542","3562","3550","3553","3442","3475"
"4092","20231002","1960","1980","1939","1939","1958.274","28100","55027500","1960","1980","1950","1968","1971","1971","1939","1939"
"4093","20231002","1596","1620","1582","1598","1606.9451","40100","64438500","1596","1616","1582","1616","1620","1620","1597","1598"
"4094","20231002","1120","1140","1120","1125","1128.4804","10200","11510500","1120","1130","1120","1130","1137","1140","1125","1125"
"4095","20231002","1116","1118","1091","1094","1101.6322","184900","203691800","1116","1118","1106","1114","1111","1113","1091","1094"
"4097","20231002","757","767","747","748","754.9456","44100","33293100","757","767","757","761","761","761","747","748"
"4098","20231002","1405","1417","1405","1415","1412.7368","1900","2684200","1405","1414","1405","1414","1407","1417","1407","1415"
"4099","20231002","1663","1667","1609","1613","1627.5792","70100","114093300","1663","1667","1631","1635","1632","1632","1609","1613"
"4100","20231002","1920","1938","1884","1884","1901.8969","29100","55345200","1920","1938","1915","1927","1925","1925","1884","1884"
"4102","20231002","1422","1422","1402","1421","1417.1818","1100","1558900","1422","1422","1413","1413","1402","1422","1402","1421"
"4107","20231002","8780","9130","8700","8810","8909.7197","99900","890081000","8780","9130","8700","8950","8960","8960","8760","8810"
"4109","20231002","3145","3175","3100","3100","3135.1115","26900","84334500","3145","3175","3140","3160","3160","3160","3100","3100"
"4112","20231002","3180","3205","3145","3155","3164.537","21600","68354000","3180","3205","3170","3170","3180","3180","3145","3155"
"4113","20231002","710","715","706","707","709.6786","5600","3974200","710","715","706","710","707","708","706","707"
"4114","20231002","5459","5492","5399","5406","5434.9027","63700","346203300","5459","5492","5446","5461","5461","5470","5399","5406"
"4116","20231002","2272","2312","2245","2249","2272.7331","26600","60454700","2272","2312","2272","2300","2291","2291","2245","2249"
"4118","20231002","3913","3933","3851","3851","3885.497","133000","516771100","3913","3933","3897","3915","3913","3913","3851","3851"
"4119","20231002","2320","2323","2315","2315","2316.6279","4300","9961500","2320","2323","2315","2323","2315","2316","2315","2315"
"4120","20231002","2480","2535","2443","2484","2478.75","3600","8923500","2480","2535","2443","2498","2491","2491","2484","2484"
"4124","20231002","1746","1765","1719","1728","1743.2069","5800","10110600","1746","1765","1742","1758","1758","1758","1719","1728"
"4125","20231002","3080","3160","3080","3085","3118.5185","10800","33680000","3080","3160","3080","3110","3120","3140","3080","3085"
"4151","20231002","2618","2639.5","2562","2565.5","2588.4255","1053100","2725870900","2618","2639.5","2605","2617.5","2610","2615","2562","2565.5"
"4165","20231002","738","761","716","717","738.9302","736900","544517700","738","761","726","731","730","731","716","717"
"4166","20231002","918","924","908","916","915.0556","1800","1647100","918","924","918","923","921","921","908","916"
"4167","20231002","446","446","430","430","438.4465","15900","6971300","446","446","436","437","439","442","430","430"
"4168","20231002","1236","1284","1199","1214","1235.2705","214400","264842000","1236","1284","1203","1205","1203","1220","1199","1214"
"4169","20231002","1148","1150","1122","1138","1136.8381","296400","336958800","1148","1148","1122","1136","1133","1150","1126","1138"
"4170","20231002","330","330","312","312","317.8645","117300","37285500","330","330","316","319","319","319","312","312"
"4171","20231002","1653","1680","1653","1661","1660.1471","3400","5644500","1653","1680","1653","1663","1658","1665","1658","1661"
"4172","20231002","1756","1765","1733","1743","1752.1","2000","3504200","1756","1765","1733","1743","-","-","-","-"
"4173","20231002","846","867","833","858","851.7788","169500","144376500","846","863","833","860","860","867","847","858"
"4174","20231002","1130","1145","1100","1101","1116.5033","15100","16859200","1130","1145","1115","1138","1138","1138","1100","1101"
"4175","20231002","958","965","954","954","957.7742","3100","2969100","958","965","954","960","962","962","954","954"
"4176","20231002","360","360","341","342","349.5311","589000","205873800","360","360","347","350","350","352","341","342"
"4177","20231002","1447","1447","1380","1410","1412.1724","5800","8190600","1447","1447","1421","1439","1431","1436","1380","1410"
"4178","20231002","800","800","790","793","796.5789","1900","1513500","800","800","790","799","799","799","793","793"
"4179","20231002","318","329","318","326","321.7042","7100","2284100","318","329","318","326","323","326","322","326"
"4180","20231002","1608","1612","1530","1537","1555.6427","1071400","1666715600","1608","1612","1555","1558","1552","1555","1530","1537"
"4182","20231002","2033","2048","2016","2017.5","2028.8921","613100","1243913750","2033","2048","2029","2042","2043.5","2044","2016","2017.5"
"4183","20231002","3925","3984","3916","3918","3943.8518","845500","3334526700","3925","3984","3916","3977","3971","3975","3917","3918"
"4185","20231002","4020","4036","4011","4012","4018.6092","1256100","5047775000","4020","4036","4016","4021","4019","4021","4011","4012"
"4186","20231002","8995","9057","8842","8847","8944.0525","179100","1601879800","8995","9057","8960","9020","9005","9011","8842","8847"
"4187","20231002","2548","2573","2518","2520","2537.7055","69600","176624300","2548","2573","2532","2534","2526","2537","2518","2520"
"4188","20231002","947.2","956.4","937.7","940.1","945.5186","7270800","6874676460","947.2","956.4","939.9","951.1","948.7","951.3","937.7","940.1"
"4189","20231002","2314","2323","2274","2277","2293.643","109800","251842000","2314","2323","2301","2311","2311","2311","2274","2277"
"4192","20231002","604","610","589","589","597.9025","211300","126336800","604","610","591","593","594","594","589","589"
"4193","20231002","2235","2235","2122","2134","2162.351","15100","32651500","2235","2235","2160","2164","2164","2170","2122","2134"
"4194","20231002","7470","7630","7350","7360","7452.9096","264300","1969804000","7470","7630","7400","7480","7510","7510","7350","7360"
"4196","20231002","1250","1250","1227","1245","1243.2449","4900","6091900","1250","1250","1232","1248","1240","1248","1227","1245"
"4198","20231002","2086","2086","1990","2000","2011.6842","3800","7644400","2086","2086","1990","2007","2000","2000","1999","2000"
"4199","20231002","1240","1245","1223","1230","1238.3788","6600","8173300","1240","1245","1223","1230","1230","1230","1230","1230"
"4200","20231002","1796","1798","1796","1797","1796.814","12900","23178900","1796","1798","1796","1796","1796","1797","1796","1797"
"4202","20231002","1257","1275.5","1243.5","1246.5","1256.8378","750000","942628350","1257","1275.5","1257","1270","1270.5","1270.5","1243.5","1246.5"
"4203","20231002","6554","6695","6453","6473","6556.5438","239600","1570947900","6554","6695","6554","6636","6621","6631","6453","6473"
"4204","20231002","2164.5","2187.5","2144.5","2148","2160.7014","1000600","2161997800","2164.5","2187.5","2156","2176","2175","2175","2144.5","2148"
"4205","20231002","1570.5","1583","1554.5","1554.5","1568.431","658100","1032184450","1570.5","1583","1567","1573.5","1573.5","1577","1554.5","1554.5"
"4206","20231002","3364","3366","3295","3298","3325.0931","166500","553628000","3364","3366","3338","3349","3350","3350","3295","3298"
"4208","20231002","2539","2568.5","2510","2510.5","2536.1215","811800","2058823400","2539","2568.5","2527.5","2545.5","2545","2547.5","2510","2510.5"
"4212","20231002","2409","2431","2372","2373","2387.2768","83100","198382700","2409","2431","2392","2400","2395","2395","2372","2373"
"4215","20231002","574","580","557","564","569.2935","303900","173008300","574","580","557","573","572","573","563","564"
"4216","20231002","3720","3800","3670","3670","3726.7536","97800","364476500","3720","3800","3720","3760","3750","3750","3670","3670"
"4218","20231002","1831","1838","1804","1804","1817.8415","36600","66533000","1831","1838","1817","1819","1819","1821","1804","1804"
"4220","20231002","715","729","711","714","720.6785","126900","91454100","715","729","711","725","724","726","714","714"
"4221","20231002","2618","2660","2618","2622","2638.2251","27100","71495900","2618","2660","2618","2649","2656","2656","2622","2622"
"4222","20231002","319","321","317","318","318.9","17000","5421300","319","321","319","319","320","320","317","318"
"4224","20231002","1476","1530","1476","1501","1505.8049","4100","6173800","1476","1530","1476","1508","1509","1520","1501","1501"
"4228","20231002","467","474","462","462","467.7926","95000","44440300","467","474","465","470","469","472","462","462"
"4229","20231002","3320","3370","3305","3310","3332.9204","11300","37662000","3320","3370","3320","3355","3355","3355","3305","3310"
"4231","20231002","688","706","680","682","690.3225","110400","76211600","688","706","683","688","687","693","680","682"
"4234","20231002","524","528","516","516","523.5833","9600","5026400","524","528","524","526","526","526","516","516"
"4235","20231002","1440","1459","1397","1397","1422.2471","136000","193425600","1440","1459","1431","1434","1435","1435","1397","1397"
"4237","20231002","375","377","372","374","374.157","29300","10962800","375","375","372","374","374","377","372","374"
"4238","20231002","1405","1432","1405","1406","1418.6088","61600","87386300","1405","1432","1405","1425","1424","1424","1406","1406"
"4240","20231002","378","380","373","375","376.0823","15800","5942100","378","380","375","377","377","377","373","375"
"4241","20231002","746","753","729","729","739.835","20000","14796700","746","753","742","742","743","743","729","729"
"4242","20231002","1800","1828","1785","1809","1810.7857","2800","5070200","1800","1828","1800","1810","1809","1809","1785","1809"
"4243","20231002","885","897","875","897","887.8784","7400","6570300","885","885","875","880","885","897","885","897"
"4245","20231002","733","737","731","734","733.9841","18900","13872300","733","737","731","734","734","736","733","734"
"4246","20231002","810","818","794","794","804.7449","103500","83291100","810","818","806","814","812","813","794","794"
"4247","20231002","1215","1215","1199","1206","1202.5625","1600","1924100","1215","1215","1206","1206","1204","1206","1199","1206"
"4248","20231002","810","816","807","808","810.7311","11900","9647700","810","816","810","812","812","812","807","808"
"4249","20231002","2233","2287","2233","2241","2258.507","28600","64593300","2233","2287","2233","2267","2267","2271","2240","2241"
"4251","20231002","1415","1425","1405","1411","1412.8003","140200","198074600","1415","1425","1405","1418","1415","1419","1406","1411"
"4255","20231002","612","620","612","620","617.3333","300","185200","612","612","612","612","620","620","620","620"
"4256","20231002","758","766","756","760","759.3571","5600","4252400","758","766","758","765","764","764","756","760"
"4258","20231002","2400","2499","2388","2426","2432.209","134900","328105000","2400","2499","2388","2430","2420","2450","2388","2426"
"4259","20231002","412","412","393","393","399.6793","368200","147161900","412","412","398","399","398","399","393","393"
"4260","20231002","644","644","622","632","628.6404","17800","11189800","644","644","627","630","625","632","622","632"
"4261","20231002","2128","2188","2031","2039","2103.6349","12600","26505800","2128","2188","2110","2110","2108","2108","2031","2039"
"4262","20231002","826","826","816","820","819.3793","2900","2376200","826","826","816","816","817","820","817","820"
"4263","20231002","1620","1658","1558","1558","1606.219","255300","410067700","1620","1658","1590","1594","1594","1594","1558","1558"
"4264","20231002","2114","2184","1838","1879","1983.6445","574700","1140000500","2114","2184","1942","1957","1920","1972","1838","1879"
"4265","20231002","469","473","460","460","466.073","13700","6385200","469","473","463","466","463","468","460","460"
"4267","20231002","1006","1007","998","998","1004.2","500","502100","1006","1007","1004","1004","998","998","998","998"
"4268","20231002","789","816","781","795","802.5916","73700","59151000","789","816","781","802","802","804","795","795"
"4270","20231002","4105","4245","4020","4070","4132.7874","17400","71910500","4105","4245","4095","4100","4050","4080","4020","4070"
"4272","20231002","1266.5","1280.5","1252.5","1252.5","1262.2227","241600","304953000","1266.5","1280.5","1266","1271","1271","1271","1252.5","1252.5"
"4274","20231002","1429","1450","1417","1429","1435.1043","11500","16503700","1429","1450","1417","1450","1430","1430","1421","1429"
"4275","20231002","965","979","955","955","965.5435","142600","137686500","965","979","958","974","970","972","955","955"
"4284","20231002","454","467","454","454","458.349","93400","42809800","454","467","454","459","459","459","454","454"
"4286","20231002","807","812","807","808","808.8158","7600","6147000","807","812","807","810","809","811","808","808"
"4287","20231002","322","325","319","319","322.5271","20300","6547300","322","325","321","324","324","324","319","319"
"4288","20231002","505","525","503","505","510.9143","3500","1788200","505","525","505","511","503","507","503","505"
"4290","20231002","624","627","611","611","617.2713","203800","125799900","624","627","619","622","624","624","611","611"
"4293","20231002","410","427","408","419","418.955","734900","307890000","410","427","408","422","420","422","415","419"
"4295","20231002","506","509","501","501","508.77","242600","123427600","506","509","505","509","506","508","501","501"
"4298","20231002","1212","1215","1137","1145","1157.242","81000","93736600","1212","1215","1157","1159","1159","1164","1137","1145"
"4299","20231002","1406","1420","1383","1383","1399.4086","9300","13014500","1406","1420","1406","1411","1413","1413","1383","1383"
"4301","20231002","1565","1574","1549","1549","1561.2663","64600","100857800","1565","1574","1558","1567","1570","1570","1549","1549"
"4304","20231002","1386","1386","1352","1352","1373.3068","8800","12085100","1386","1386","1375","1380","1380","1380","1352","1352"
"4307","20231002","3937","3937","3789","3800","3834.0756","3072400","11779814000","3937","3937","3842","3844","3835","3844","3789","3800"
"4308","20231002","505","506","494","495","498.1013","23700","11805000","505","506","501","501","500","500","494","495"
"4310","20231002","2656","2762","2651","2711","2729.6742","53400","145764600","2656","2762","2651","2755","2754","2760","2711","2711"
"4312","20231002","778","784","766","766","773.7684","44900","34742200","778","784","774","777","777","777","766","766"
"4316","20231002","456","457","446","446","452.9209","13900","6295600","456","457","450","450","450","450","446","446"
"4317","20231002","390","392","388","388","389.907","4300","1676600","390","392","390","390","391","392","388","388"
"4318","20231002","2099","2133","2085","2085","2103.0149","67300","141532900","2099","2133","2095","2111","2110","2110","2085","2085"
"4319","20231002","208","213","204","204","207.4428","477000","98950200","208","213","205","208","207","208","204","204"
"4320","20231002","590","590","571","571","580.3285","103500","60064000","590","590","580","583","581","581","571","571"
"4323","20231002","2275","2327","2239","2247","2272.7442","25800","58636800","2275","2327","2275","2298","2297","2297","2239","2247"
"4324","20231002","4447","4497","4398","4399","4425.3008","1449900","6416243700","4447","4497","4398","4458","4453","4458","4399","4399"
"4326","20231002","2238","2253","2229","2239","2238.1398","450000","1007162900","2238","2253","2235","2238","2238","2240","2229","2239"
"4331","20231002","992","1010","982","985","993.6242","88600","88035100","992","1010","992","996","993","998","982","985"
"4333","20231002","1267","1302","1255","1268","1282.0249","52300","67049900","1267","1302","1255","1292","1288","1291","1268","1268"
"4334","20231002","1450","1523","1445","1458","1485.7867","356300","529385800","1450","1523","1450","1493","1500","1507","1445","1458"
"4335","20231002","1012","1018","1004","1007","1011.3478","4600","4652200","1012","1018","1010","1016","1015","1015","1004","1007"
"4337","20231002","3690","3705","3455","3490","3535.3049","41000","144947500","3690","3705","3555","3595","3575","3585","3455","3490"
"4341","20231002","-","-","-","-","-","-","-","-","-","-","-","-","-","-","-"
"4343","20231002","3245","3255","3180","3190","3220.6695","59000","190019500","3245","3255","3205","3225","3215","3235","3180","3190"
"4344","20231002","196","196","185","185","189.4695","1301500","246594600","196","196","187","189","188","188","185","185"
"4345","20231002","700","700","688","688","692.9527","78200","54188900","700","700","696","696","693","694","688","688"
"4346","20231002","833","851","812","814","823.7215","39500","32537000","833","851","828","828","822","822","812","814"
"4347","20231002","1975","1992","1951","1957","1966.9239","76200","149879600","1975","1992","1962","1977","1977","1977","1951","1957"
"4348","20231002","2750","2756","2669","2675","2695.4232","101600","273855000","2750","2756","2700","2702","2700","2708","2669","2675"
"4350","20231002","409","416","408","408","410.1706","75600","31008900","409","416","408","412","410","413","408","408"
"4351","20231002","1000","1014","998","1000","1004.8372","4300","4320800","1000","1014","998","1001","1005","1006","1000","1000"
"4355","20231002","185","185","185","185","185","23300","4310500","185","185","185","185","185","185","185","185"
"4356","20231002","1581","1591","1579","1579","1582.8333","1800","2849100","1581","1591","1581","1589","1582","1591","1579","1579"
"4360","20231002","616","619","611","613","612.6744","4300","2634500","616","616","611","614","615","619","611","613"
"4361","20231002","1499","1534","1498","1534","1512.7403","15400","23296200","1499","1520","1498","1519","1519","1534","1510","1534"
"4362","20231002","2591","2647","2587","2587","2612.1629","22100","57728800","2591","2647","2591","2632","2618","2637","2587","2587"
"4365","20231002","14520","14520","14410","14410","14446.6667","300","4334000","14520","14520","14520","14520","14410","14410","14410","14410"
"4366","20231002","580","588","576","576","581.6351","7400","4304100","580","588","580","586","581","587","576","576"
"4367","20231002","2350","2354","2345","2345","2348.3636","1100","2583200","2350","2352","2347","2347","2347","2354","2345","2345"
"4368","20231002","3930","3960","3855","3865","3900.7786","77700","303090500","3930","3960","3925","3940","3925","3935","3855","3865"
"4369","20231002","3085","3095","2945","2963","2996.5185","251100","752425800","3085","3095","3005","3025","3015","3020","2945","2963"
"4370","20231002","509","512","500","501","504.9","6000","3029400","509","512","506","506","506","508","500","501"
"4371","20231002","2841","2904","2750","2751","2815.8385","107100","301576300","2841","2904","2826","2830","2824","2847","2750","2751"
"4372","20231002","1285","1285","1265","1265","1274.5","2000","2549000","1285","1285","1266","1266","1266","1266","1265","1265"
"4373","20231002","2746","2751","2667","2670","2699.3549","133000","359014200","2746","2751","2700","2722","2717","2717","2667","2670"
"4374","20231002","2617","2638","2440","2500","2534.6838","40800","103415100","2617","2638","2550","2559","2559","2571","2440","2500"
"4375","20231002","812","820","790","794","800.5726","173600","138979400","812","820","799","800","801","801","790","794"
"4376","20231002","354","354","305","314","324.2478","343400","111346700","354","354","336","336","337","338","305","314"
"4377","20231002","3345","3440","3320","3375","3394.4898","63700","216229000","3345","3440","3320","3425","3415","3425","3370","3375"
"4378","20231002","779","779","751","757","768.2","2500","1920500","779","779","766","766","751","773","751","757"
"4379","20231002","693","700","637","651","662.2553","425300","281657200","693","700","666","674","672","673","637","651"
"4380","20231002","1380","1380","1340","1354","1357.3506","7700","10451600","1380","1380","1354","1354","1369","1369","1340","1354"
"4381","20231002","1905","1930","1855","1864","1888.9864","44000","83115400","1905","1930","1865","1880","1890","1891","1855","1864"
"4382","20231002","1500","1510","1464","1468","1482.5882","74300","110156300","1500","1510","1483","1486","1495","1495","1464","1468"
"4384","20231002","1350","1377","1311","1311","1347.3657","810500","1092039900","1350","1377","1345","1352","1353","1353","1311","1311"
"4385","20231002","3275","3335","3197","3208","3263.7534","7350500","23990219600","3275","3335","3215","3273","3270","3302","3197","3208"
"4386","20231002","510","520","510","513","516.3273","5500","2839800","510","518","510","516","515","520","513","513"
"4387","20231002","645","654","645","650","649.8571","700","454900","645","654","645","648","650","650","650","650"
"4388","20231002","952","967","942","946","953.3955","17700","16875100","952","967","949","951","955","955","942","946"
"4389","20231002","1778","1778","1688","1708","1715.9434","5300","9094500","1778","1778","1688","1709","1712","1718","1708","1708"
"4390","20231002","2581","2653","2535","2550","2586.4239","88000","227605300","2581","2653","2576","2580","2580","2593","2535","2550"
"4391","20231002","1288","1326","1167","1210","1237.1669","1876500","2321543700","1288","1326","1177","1198","1191","1225","1167","1210"
"4392","20231002","323","329","316","318","321.75","126400","40669200","323","329","320","324","325","325","316","318"
"4393","20231002","5460","5490","5240","5240","5331.3932","149300","795977000","5460","5490","5240","5260","5280","5280","5240","5240"
"4394","20231002","975","975","967","974","973.5714","700","681500","975","975","967","974","974","974","974","974"
"4395","20231002","1224","1234","1171","1180","1191.4234","77000","91739600","1224","1234","1193","1195","1195","1196","1171","1180"
"4396","20231002","2134","2137","2040","2040","2064.5","14600","30141700","2134","2137","2078","2078","2079","2079","2040","2040"
"4397","20231002","450","450","424","427","431.5128","31200","13463200","450","450","429","431","428","430","424","427"
"4398","20231002","1464","1499","1433","1433","1467.5745","4700","6897600","1464","1499","1461","1462","1462","1462","1433","1433"
"4401","20231002","2618.5","2642","2582","2587","2607.2714","352300","918541700","2618.5","2642","2600","2634","2626.5","2626.5","2582","2587"
"4403","20231002","5979","6009","5857","5868","5912.1194","180100","1064772700","5979","6009","5923","5977","5977","5977","5857","5868"
"4404","20231002","1185","1209","1179","1193","1199.182","44500","53363600","1185","1209","1179","1203","1206","1206","1193","1193"
"4406","20231002","233","235","229","229","231.697","160400","37164200","233","235","232","233","232","232","229","229"
"4409","20231002","507","507","502","504","504.8621","2900","1464100","507","507","505","505","505","505","502","504"
"4410","20231002","827","835","816","816","822.9038","65500","53900200","827","835","826","826","825","825","816","816"
"4412","20231002","702","705","687","687","692.4086","9300","6439400","702","705","699","699","694","695","687","687"
"4413","20231002","5420","5500","5170","5220","5308.5","32000","169872000","5420","5500","5300","5310","5310","5320","5170","5220"
"4414","20231002","5100","5110","4875","4885","4924.7796","49900","245746500","5100","5110","4900","4920","4920","4955","4875","4885"
"4415","20231002","1930","1947","1856","1857","1896.975","4000","7587900","1930","1947","1900","1900","1910","1925","1856","1857"
"4416","20231002","490","490","479","480","484.7273","6600","3199200","490","490","488","488","485","485","479","480"
"4417","20231002","4525","4525","4185","4200","4328.169","134900","583870000","4525","4525","4290","4290","4300","4305","4185","4200"
"4418","20231002","1371","1405","1320","1332","1358.4632","402600","546917300","1371","1405","1357","1373","1373","1375","1320","1332"
"4419","20231002","629","629","606","606","615.0793","181500","111636900","629","629","613","614","615","615","606","606"
"4420","20231002","741","748","718","718","727.9364","17300","12593300","741","748","735","735","731","731","718","718"
"4421","20231002","1065","1070","1050","1060","1061.6765","3400","3609700","1065","1065","1050","1050","1051","1070","1051","1060"
"4422","20231002","1024","1039","1014","1015","1027.4935","7700","7911700","1024","1039","1014","1028","1029","1029","1015","1015"
"4423","20231002","1980","1980","1975","1975","1975.6829","24600","48601800","1980","1980","1976","1976","1977","1977","1975","1975"
"4424","20231002","470","474","464","464","468.8679","5300","2485000","470","474","469","470","470","470","464","464"
"4425","20231002","1560","1563","1502","1504","1509.6311","201400","304039700","1560","1563","1507","1507","1507","1515","1502","1504"
"4427","20231002","422","436","385","385","410.1994","723600","296820300","422","436","389","395","395","401","385","385"
"4428","20231002","995","995","960","960","974.044","9100","8863800","995","995","983","984","984","984","960","960"
"4429","20231002","1665","1672","1638","1652","1659.7647","3400","5643200","1665","1672","1661","1661","1660","1668","1638","1652"
"4430","20231002","1139","1149","1130","1143","1142.8333","25200","28799400","1139","1148","1130","1142","1148","1149","1138","1143"
"4431","20231002","2845","2885","2777","2793","2835.4602","260300","738070300","2845","2885","2824","2846","2846","2853","2777","2793"
"4432","20231002","2595","2620","2478","2481","2545.9976","211400","538223900","2595","2620","2552","2563","2555","2562","2478","2481"
"4433","20231002","1430","1457","1423","1423","1437.2225","36400","52314900","1430","1457","1429","1443","1443","1443","1423","1423"
"4434","20231002","4065","4155","4020","4055","4081.1626","57200","233442500","4065","4155","4025","4035","4030","4070","4020","4055"
"4435","20231002","2223","2227","2163","2163","2184.9958","47100","102913300","2223","2227","2167","2169","2197","2197","2163","2163"
"4436","20231002","1445","1455","1395","1395","1417.9362","178700","253385200","1445","1455","1403","1405","1406","1420","1395","1395"
"4437","20231002","538","538","533","533","537.2308","1300","698400","538","538","537","537","534","534","533","533"
"4438","20231002","505","505","500","501","501.75","1600","802800","505","505","501","501","501","501","500","501"
"4439","20231002","2417","2529","2400","2491","2488.8936","120300","299413900","2417","2529","2400","2504","2513","2513","2477","2491"
"4440","20231002","1147","1162","1118","1120","1137.8148","13500","15360500","1147","1162","1139","1154","1145","1148","1118","1120"
"4441","20231002","947","955","933","933","941.1312","34300","32280800","947","955","942","945","945","945","933","933"
"4442","20231002","1009","1025","962","962","985.3225","86500","85230400","1009","1025","984","986","984","985","962","962"
"4443","20231002","1259.5","1264","1207.5","1211","1225.6319","1079200","1322702000","1259.5","1264","1224","1228.5","1229.5","1230.5","1207.5","1211"
"4444","20231002","1465","1477","1408","1410","1438.2418","18200","26176000","1465","1477","1438","1440","1437","1437","1408","1410"
"4445","20231002","2350","2396","2300","2396","2337","2000","4674000","2350","2350","2350","2350","2315","2396","2300","2396"
"4446","20231002","828","830","800","800","809.5506","67200","54401800","828","830","801","809","809","811","800","800"
"4447","20231002","676","681","660","660","667.2357","15700","10475600","676","681","670","675","675","675","660","660"
"4448","20231002","830","844","790","790","814.0682","494000","402149700","830","844","811","813","815","818","790","790"
"4449","20231002","1425","1445","1359","1362","1385.5712","535400","741834800","1425","1445","1374","1379","1376","1380","1359","1362"
"4450","20231002","2375","2375","2375","2375","2375","200","475000","2375","2375","2375","2375","-","-","-","-"
"4452","20231002","5590","5621","5520","5529","5563.8458","1594100","8869326600","5590","5621","5562","5597","5590","5597","5520","5529"
"4461","20231002","1746","1758","1723","1723","1742.8589","24800","43222900","1746","1758","1743","1752","1753","1754","1723","1723"
"4462","20231002","1580","1610","1567","1567","1584.0245","32600","51639200","1580","1610","1580","1605","1595","1595","1567","1567"
"4463","20231002","898","901","890","890","895.8889","14400","12900800","898","901","896","896","896","898","890","890"
"4464","20231002","1324","1327","1305","1327","1322.4947","9500","12563700","1324","1325","1305","1324","1324","1327","1323","1327"
"4465","20231002","2090","2107","2064","2066","2086.0896","21200","44225100","2090","2107","2085","2096","2099","2099","2064","2066"
"4471","20231002","4130","4170","4095","4105","4132.2051","39000","161156000","4130","4170","4130","4150","4145","4145","4095","4105"
"4475","20231002","1113","1164","1107","1110","1134.0426","1318200","1494894900","1113","1164","1108","1133","1130","1136","1107","1110"
"4476","20231002","1301","1301","1242","1244","1262.3443","24400","30801200","1301","1301","1261","1266","1265","1265","1242","1244"
"4477","20231002","301","302","289","289","295.0934","2292900","676619600","301","302","294","295","295","295","289","289"
"4478","20231002","2996","3040","2966","2973","2991.8984","344500","1030709000","2996","3040","2966","2998","3000","3005","2971","2973"
"4479","20231002","996","1034","996","1012","1018.1986","28200","28713200","996","1034","996","1033","1033","1033","1003","1012"
"4480","20231002","5020","5120","4930","4975","5007.2841","455100","2278815000","5020","5120","4930","4955","4960","5000","4940","4975"
"4481","20231002","4320","4360","4185","4185","4232.6307","28700","121476500","4320","4360","4220","4225","4225","4230","4185","4185"
"4482","20231002","622","625","601","601","613.071","31000","19005200","622","625","612","612","612","613","601","601"
"4483","20231002","5450","5555","5431","5481","5478.5451","842100","4613482800","5450","5497","5431","5458","5463","5555","5454","5481"
"4484","20231002","260","260","255","258","257.72","17500","4510100","260","260","258","258","257","260","255","258"
"4485","20231002","6150","6230","6020","6040","6108.4265","173500","1059812000","6150","6230","6040","6120","6100","6170","6020","6040"
"4486","20231002","1050","1054","1045","1045","1049.1379","2900","3042500","1050","1054","1045","1050","1051","1051","1045","1045"
"4487","20231002","358","359","337","337","348.5549","116600","40641500","358","359","344","345","345","345","337","337"
"4488","20231002","4435","4515","4350","4350","4421.2727","16500","72951000","4435","4515","4410","4415","4415","4420","4350","4350"
"4489","20231002","1132","1132","1092","1094","1104.764","57200","63192500","1132","1132","1114","1123","1123","1123","1092","1094"
"4490","20231002","1158","1165","1091","1100","1135.3877","27600","31336700","1158","1165","1113","1113","1118","1118","1091","1100"
"4491","20231002","1489","1489","1489","1489","1489","100","148900","1489","1489","1489","1489","-","-","-","-"
"4492","20231002","1170","1205","1143","1143","1168.2857","18900","22080600","1170","1205","1157","1166","1188","1188","1143","1143"
"4493","20231002","2355","2378","2243","2243","2303.8585","139200","320697100","2355","2378","2265","2270","2283","2283","2243","2243"
"4494","20231002","769","773","756","756","765.1415","10600","8110500","769","773","757","757","757","757","756","756"
"4495","20231002","1420","1420","1372","1402","1408.45","2000","2816900","1420","1420","1405","1415","1415","1415","1372","1402"
"4496","20231002","732","732","712","714","723.459","6100","4413100","732","732","719","719","719","719","712","714"
"4498","20231002","2373","2373","2241","2247","2285.2324","38300","87524400","2373","2373","2284","2284","2288","2299","2241","2247"
"4499","20231002","3615","3800","3385","3460","3584.6582","566100","2029275000","3615","3800","3550","3570","3570","3600","3385","3460"
"4502","20231002","4642","4674","4576","4576","4614.6676","3582600","16532508000","4642","4674","4629","4650","4641","4645","4576","4576"
"4503","20231002","2084","2112.5","2071","2074","2087.6988","5087400","10620959000","2084","2112.5","2083","2107.5","2100","2104.5","2071","2074"
"4506","20231002","534.2","538.7","516.9","516.9","523.902","2022100","1059382290","534.2","538.7","529.3","530.4","529.3","530","516.9","516.9"
"4507","20231002","6674","6733","6591","6591","6638.404","1037400","6886680300","6674","6733","6670","6678","6670","6679","6591","6591"
"4512","20231002","224","225","221","221","223.0568","66900","14922500","224","225","222","223","224","224","221","221"
"4516","20231002","6333","6406","6229","6244","6297.28","232500","1464117600","6333","6406","6309","6341","6321","6333","6229","6244"
"4519","20231002","4624","4701","4528","4534","4585.3774","2485000","11394662800","4624","4701","4602","4621","4600","4607","4528","4534"
"4521","20231002","3516","3524","3470","3470","3493.6971","248600","868533100","3516","3524","3498","3506","3503","3508","3470","3470"
"4523","20231002","8466","8518","8276","8291","8388.8386","1225400","10279682800","8466","8518","8404","8418","8410","8411","8276","8291"
"4524","20231002","2334","2383","2304","2304","2327.2584","8900","20712600","2334","2383","2311","2328","2328","2330","2304","2304"
"4526","20231002","2240","2257","2217","2217","2230.4309","55000","122673700","2240","2257","2218","2246","2241","2242","2217","2217"
"4527","20231002","4055","4061","3930","3943","3974.1103","1149100","4566650200","4055","4061","3961","3983","3981","3986","3930","3943"
"4528","20231002","2870","2887.5","2817","2822","2845.8549","1021100","2905902400","2870","2887.5","2857","2871.5","2866","2866.5","2817","2822"
"4530","20231002","5454","5497","5333","5333","5391.8474","195300","1053027800","5454","5497","5391","5415","5396","5407","5333","5333"
"4531","20231002","300","303","295","297","299.6844","120100","35992100","300","303","300","301","301","301","295","297"
"4534","20231002","3370","3370","3285","3285","3321.4006","33200","110270500","3370","3370","3335","3345","3335","3335","3285","3285"
"4536","20231002","1365","1388.5","1348.5","1349.5","1363.9595","1716500","2341236400","1365","1388.5","1363.5","1373","1368","1373.5","1348.5","1349.5"
"4538","20231002","1972","1981","1954","1960","1965.4154","46700","91784900","1972","1981","1963","1978","1978","1978","1954","1960"
"4539","20231002","1872","1884","1872","1872","1874.5238","2100","3936500","1872","1884","1872","1873","1873","1876","1872","1872"
"4540","20231002","2795.5","2800","2734","2734","2763.8154","200700","554697750","2795.5","2800","2776","2788.5","2788.5","2788.5","2734","2734"
"4543","20231002","3978","4030","3903","3903","3944.3409","2145800","8463766800","3978","4030","3958","3988","3958","3978","3903","3903"
"4544","20231002","2526","2543.5","2508","2508","2521.8293","405300","1022097400","2526","2543.5","2519.5","2537","2537","2537.5","2508","2508"
"4547","20231002","3420","3430","3360","3365","3388.1474","69900","236831500","3420","3430","3390","3410","3415","3415","3360","3365"
"4548","20231002","809","816","800","801","805.5242","55900","45028800","809","816","807","809","809","810","800","801"
"4549","20231002","1378","1389","1362","1365","1371.1279","195500","268055500","1378","1389","1373","1377","1376","1376","1362","1365"
"4551","20231002","3930","3935","3805","3805","3845.8808","19300","74225500","3930","3935","3865","3865","3865","3865","3805","3805"
"4552","20231002","1495.5","1503.5","1408","1422","1443.6628","1498200","2162895600","1495.5","1503.5","1435.5","1444.5","1440.5","1444.5","1408","1422"
"4553","20231002","2884","2886","2749","2753","2793.5968","202400","565424000","2884","2886","2797","2815","2820","2820","2749","2753"
"4554","20231002","1165","1170","1144","1144","1158.7595","52400","60719000","1165","1170","1160","1168","1164","1167","1144","1144"
"4556","20231002","1045","1053","1041","1042","1044.3125","3200","3341800","1045","1053","1045","1048","1046","1046","1041","1042"
"4558","20231002","228","228","226","227","227.0345","8700","1975200","228","228","226","227","227","228","226","227"
"4559","20231002","2202","2228","2174","2174","2190.9225","135400","296650900","2202","2228","2191","2204","2200","2201","2174","2174"
"4563","20231002","96","97","95","95","95.7251","461600","44186700","96","97","95","95","95","96","95","95"
"4564","20231002","31","31","30","31","30.6719","2455400","75311900","31","31","30","31","30","31","30","31"
"4565","20231002","1500","1507","1465","1468","1482.473","893600","1324737900","1500","1507","1484","1488","1488","1489","1465","1468"
"4568","20231002","4130","4146","4043","4054","4076.7907","4070900","16596207100","4130","4146","4043","4089","4079","4089","4051","4054"
"4569","20231002","1847","1850","1814","1814","1831.7665","105800","193800900","1847","1850","1835","1848","1845","1845","1814","1814"
"4570","20231002","548","561","544","550","550.5353","386300","212671800","548","561","548","552","551","553","544","550"
"4571","20231002","213","222","209","209","214.2653","1643700","352187800","213","222","210","213","215","215","209","209"
"4572","20231002","723","724","697","703","705.5501","421900","297671600","723","724","699","702","701","708","697","703"
"4574","20231002","354","358","351","351","353.3966","104400","36894600","354","358","354","356","356","356","351","351"
"4575","20231002","905","939","905","924","924.4913","218200","201724000","905","939","905","930","927","930","914","924"
"4576","20231002","180","180","173","174","176.4252","238700","42112700","180","180","175","176","176","176","173","174"
"4577","20231002","2332","2360","2308","2310","2331.437","38900","90692900","2332","2358","2320","2349","2347","2360","2308","2310"
"4578","20231002","5326","5361","5234","5240","5277.8198","735300","3880780900","5326","5361","5304","5333","5314","5321","5234","5240"
"4579","20231002","745","749","735","735","741.8269","121900","90428700","745","749","740","744","744","748","735","735"
"4581","20231002","6163","6219","6087","6100","6143.9486","122500","752633700","6163","6219","6144","6175","6190","6190","6087","6100"
"4582","20231002","383","383","370","370","375.4535","177500","66643000","383","383","375","375","374","375","370","370"
"4583","20231002","150","150","145","146","147.0189","275200","40459600","150","150","147","148","148","148","145","146"
"4584","20231002","187","187","173","175","179.4707","1675800","300757000","187","187","178","179","180","182","173","175"
"4586","20231002","122","133","112","112","119.4928","24305700","2904355700","122","133","114","116","116","117","112","112"
"4587","20231002","1600","1607.5","1523","1527","1557.7209","1278900","1992169300","1600","1607.5","1574.5","1582","1580","1586","1523","1527"
"4588","20231002","633","639","620","637","629.3519","218800","137702200","633","639","620","626","626","637","621","637"
"4591","20231002","136","136","129","130","132.3266","554200","73335400","136","136","131","133","133","133","129","130"
"4592","20231002","635","635","605","609","614.9976","380200","233822100","635","635","613","613","616","617","605","609"
"4593","20231002","238","239","229","229","233.1142","538700","125578600","238","239","231","232","231","233","229","229"
"4594","20231002","136","137","129","129","131.5768","654700","86143300","136","137","130","132","132","132","129","129"
"4595","20231002","2980","3030","2954","2960","2990.8064","106900","319717200","2980","3030","2973","2991","2992","3005","2954","2960"
"4596","20231002","88","88","85","85","86.413","125900","10879400","88","88","86","87","87","87","85","85"
"4597","20231002","45","45","43","44","44.2136","1970900","87140600","45","45","43","44","44","45","43","44"
"4598","20231002","900","908","860","868","875.9044","144300","126393000","900","908","877","879","878","879","860","868"
"4599","20231002","792","792","756","756","769.4992","514400","395830400","792","792","762","769","770","775","756","756"
"4611","20231002","976","989","974","974","979.0407","61400","60113100","976","989","975","985","985","985","974","974"
"4612","20231002","1014.5","1026.5","1003","1003","1012.4856","3345000","3386764350","1014.5","1026.5","1008","1024","1024.5","1025","1003","1003"
"4613","20231002","2137","2141","2071.5","2072.5","2096.8438","1071600","2246977800","2137","2141","2105","2107","2107.5","2110","2071.5","2072.5"
"4615","20231002","134","135","133","133","134.2371","48500","6510500","134","135","134","135","134","135","133","133"
"4616","20231002","1729","1729","1629","1629","1680","1900","3192000","1729","1729","1660","1660","1674","1674","1629","1629"
"4617","20231002","1383","1405","1369","1373","1387.6859","795700","1104181700","1383","1405","1373","1403","1405","1405","1369","1373"
"4619","20231002","1334","1361","1320","1323","1338.9685","50800","68019600","1334","1361","1334","1350","1352","1352","1320","1323"
"4620","20231002","470","476","466","466","469.9096","52000","24435300","470","476","470","474","473","473","466","466"
"4621","20231002","-","-","-","-","-","-","-","-","-","-","-","-","-","-","-"
"4623","20231002","1755","1783","1755","1766","1769.6154","1300","2300500","1755","1783","1755","1781","1781","1781","1764","1766"
"4624","20231002","-","-","-","-","-","-","-","-","-","-","-","-","-","-","-"
"4625","20231002","671","676","671","676","671.5556","900","604400","671","671","671","671","676","676","676","676"
"4626","20231002","2580","2604","2544","2548","2568.2293","79800","204944700","2580","2604","2579","2594","2591","2593","2544","2548"
"4627","20231002","1560","1560","1521","1554","1553.56","5000","7767800","1560","1560","1521","1545","1551","1557","1546","1554"
"4628","20231002","6850","6850","6810","6810","6832.7273","2200","15032000","6850","6850","6820","6830","6830","6840","6810","6810"
"4629","20231002","1289","1289","1243","1246","1262.8571","4900","6188000","1289","1289","1271","1280","1250","1264","1243","1246"
"4631","20231002","2451","2469","2413","2413.5","2432.7815","295900","719860050","2451","2469","2448.5","2459","2451.5","2454","2413","2413.5"
"4633","20231002","1294","1312","1264","1268","1285.3331","178000","228789300","1294","1312","1285","1300","1296","1298","1264","1268"
"4634","20231002","2356","2367","2314","2317","2338.7208","126800","296549800","2356","2367","2346","2356","2357","2357","2314","2317"
"4635","20231002","2850","2884","2841","2842","2855.04","2500","7137600","2850","2884","2850","2860","2860","2860","2841","2842"
"4636","20231002","1421","1434","1419","1419","1424.7917","19200","27356000","1421","1434","1421","1430","1429","1432","1419","1419"
"4641","20231002","2536","2562","2507","2507","2528.1526","32100","81153700","2536","2562","2531","2547","2547","2547","2507","2507"
"4642","20231002","962","982","945","952","959.102","4900","4699600","962","982","949","949","949","952","945","952"
"4644","20231002","993","993","986","992","991.6","2000","1983200","993","993","986","986","991","992","990","992"
"4645","20231002","486","486","486","486","486","500","243000","486","486","486","486","-","-","-","-"
"4650","20231002","279","279","275","275","277.2157","5100","1413800","279","279","277","278","276","277","275","275"
"4651","20231002","326","332","324","324","328.4499","334100","109735100","326","332","325","331","331","331","324","324"
"4657","20231002","596","602","573","573","586.172","75000","43962900","596","602","580","582","583","584","573","573"
"4658","20231002","792","802","781","781","790.9302","40100","31716300","792","802","792","793","793","793","781","781"
"4659","20231002","2265","2279","2252","2252","2260.95","4000","9043800","2265","2279","2252","2256","2256","2265","2252","2252"
"4661","20231002","4958","5051","4915","4941","4978.5347","3480300","17326794400","4958","5051","4915","5020","5007","5020","4937","4941"
"4662","20231002","981","993","972","972","980.2939","24500","24017200","981","993","981","983","983","985","972","972"
"4664","20231002","850","850","825","849","844.9765","8500","7182300","850","850","843","850","850","850","825","849"
"4665","20231002","3229","3237","3170","3180","3199.9628","201500","644792500","3229","3237","3192","3203","3200","3201","3170","3180"
"4666","20231002","1901","1920.5","1877","1877.5","1895.3854","1051400","1992808250","1901","1920.5","1900","1902","1901","1902.5","1877","1877.5"
"4667","20231002","1842","1842","1784","1784","1807.6304","51400","92912200","1842","1842","1790","1806","1806","1811","1784","1784"
"4668","20231002","645","650","641","641","644.5397","71700","46213500","645","650","645","646","645","646","641","641"
"4671","20231002","1960","1970","1943","1943","1955.99","20000","39119800","1960","1970","1951","1962","1962","1962","1943","1943"
"4673","20231002","2440","2453","2440","2453","2445.0455","2200","5379100","-","-","-","-","2440","2453","2440","2453"
"4674","20231002","1760","1777","1724","1725","1741.7042","28400","49464400","1760","1777","1750","1750","1744","1750","1724","1725"
"4676","20231002","1600","1615","1594","1594","1599.8843","747000","1195113600","1600","1615","1597.5","1607","1602.5","1607","1594","1594"
"4678","20231002","402","404","400","403","402.3529","10200","4104000","402","404","400","404","404","404","403","403"
"4679","20231002","476","476","471","471","474.3014","7300","3462400","476","476","472","472","472","472","471","471"
"4680","20231002","563","565","552","552","558.3228","1474900","823470300","563","565","556","560","560","562","552","552"
"4681","20231002","2250","2285","2248","2248","2262.5048","478200","1081929800","2250","2285","2248","2275","2274.5","2276","2248","2248"
"4684","20231002","22955","22965","22390","22465","22551.9639","246700","5563569500","22955","22965","22525","22615","22620","22645","22390","22465"
"4685","20231002","2575","2585","2560","2585","2574.7931","2900","7466900","2575","2585","2560","2585","2585","2585","2585","2585"
"4686","20231002","3001","3011","2905.5","2905.5","2941.0344","224100","659085800","3001","3011","2949","2961.5","2949","2953.5","2905.5","2905.5"
"4687","20231002","1689","1715","1642","1643","1666.2804","37800","62985400","1689","1715","1680","1682","1670","1670","1642","1643"
"4689","20231002","418","419","402.4","403.6","408.6185","16716900","6830834340","418","419","410.4","411.1","410","410.1","402.4","403.6"
"4690","20231002","2190","2200","2161","2161","2180.129","3100","6758400","2190","2200","2187","2195","2190","2190","2161","2161"
"4691","20231002","947","954","937","938","943.0365","30100","28385400","947","954","944","947","954","954","937","938"
"4694","20231002","2796","2833","2793","2799","2810.4379","70100","197011700","2796","2833","2796","2827","2820","2822","2793","2799"
"4704","20231002","5750","5864","5701","5701","5758.4706","724400","4171436100","5750","5864","5746","5830","5760","5810","5701","5701"
"4705","20231002","873","876","867","873","871.6379","5800","5055500","873","876","867","873","874","874","870","873"
"4707","20231002","348","349","346","346","347.7451","5100","1773500","348","349","346","348","348","349","346","346"
"4709","20231002","1440","1456","1422","1422","1434.7872","23500","33717500","1440","1456","1437","1439","1438","1438","1422","1422"
"4712","20231002","920","921","893","893","903.0244","65700","59328700","920","921","900","900","899","902","893","893"
"4714","20231002","248","249","243","243","245.8451","482200","118546500","248","249","247","247","247","247","243","243"
"4716","20231002","11020","11175","10920","11000","11039.3234","261600","2887887000","11020","11175","10920","11175","11115","11165","10980","11000"
"4718","20231002","1437","1455","1411","1411","1432.0277","47000","67305300","1437","1455","1431","1435","1431","1431","1411","1411"
"4719","20231002","2846","2890","2828","2832","2850.1927","19200","54723700","2846","2890","2846","2853","2853","2853","2828","2832"
"4720","20231002","387","387","385","386","386.0645","3100","1196800","387","387","385","385","385","387","385","386"
"4722","20231002","1510","1513","1474","1475","1484.9393","279900","415634500","1510","1513","1489","1491","1487","1489","1474","1475"
"4725","20231002","1770","1789","1764","1766","1776.3011","36200","64302100","1770","1789","1764","1785","1785","1785","1766","1766"
"4726","20231002","2289","2292","2201","2201","2259.1558","69300","156559500","2289","2292","2259","2262","2262","2262","2201","2201"
"4728","20231002","733","741","732","732","735.1024","16600","12202700","733","741","732","737","736","736","732","732"
"4732","20231002","2485.5","2523.5","2481","2498.5","2500.216","727400","1818657150","2485.5","2523.5","2481","2513.5","2510.5","2511.5","2491","2498.5"
"4733","20231002","6260","6430","6250","6270","6337.344","299700","1899302000","6260","6430","6260","6390","6390","6410","6250","6270"
"4735","20231002","419","419","415","415","415.9286","1400","582300","419","419","415","415","415","415","415","415"
"4736","20231002","847","853","826","826","841.309","28800","24229700","847","853","830","831","846","846","826","826"
"4739","20231002","4315","4321","4314","4315","4317.1848","495600","2139596800","4315","4321","4314","4320","4320","4320","4315","4315"
"4743","20231002","1108","1128","1106","1107","1114.9563","100600","112164600","1108","1128","1108","1116","1115","1119","1106","1107"
"4745","20231002","491","494","485","485","488.9545","44000","21514000","491","494","490","490","490","490","485","485"
"4746","20231002","6240","6270","6140","6140","6198.6842","3800","23555000","6240","6270","6220","6220","6230","6230","6140","6140"
"4748","20231002","3730","3730","3670","3670","3699","5000","18495000","3730","3730","3710","3725","3720","3725","3670","3670"
"4750","20231002","623","629","623","623","625.2976","8400","5252500","623","629","623","628","628","628","623","623"
"4751","20231002","810.7","816.7","794.7","795.7","804.6021","5845400","4703221030","810.7","816.7","805.6","809.7","807.1","807.9","794.7","795.7"
"4752","20231002","1296","1322","1296","1308","1318.68","2500","3296700","1296","1321","1296","1321","1321","1322","1308","1308"
"4754","20231002","1317","1326","1302","1326","1316.8571","2100","2765400","1317","1320","1302","1320","1320","1326","1320","1326"
"4755","20231002","617.5","621.7","579.5","579.5","595.5164","36566600","21776008660","617.5","621.7","598.2","598.7","598.5","598.8","579.5","579.5"
"4760","20231002","1192","1220","1160","1182","1187.5915","7100","8431900","1192","1220","1190","1192","1194","1195","1160","1182"
"4761","20231002","820","830","820","824","823.7692","2600","2141800","820","823","820","823","823","830","823","824"
"4762","20231002","1052","1055","1041","1041","1047.3333","4800","5027200","1052","1055","1052","1053","1048","1050","1041","1041"
"4763","20231002","2120","2151","2088","2090","2116.2343","65300","138190100","2120","2151","2115","2132","2131","2131","2088","2090"
"4765","20231002","564","567","554","555","561.0516","116300","65250300","564","567","562","564","564","565","554","555"
"4766","20231002","218","218","218","218","218","243500","53083000","-","-","-","-","218","218","218","218"
"4767","20231002","317","318","312","312","315.3201","149000","46982700","317","318","315","316","316","316","312","312"
"4768","20231002","6348","6361","6213","6218","6273.8724","396500","2487590400","6348","6361","6304","6324","6310","6320","6213","6218"
"4769","20231002","880","880","873","873","877.2","500","438600","880","880","876","879","878","878","873","873"
"4770","20231002","290","291","282","285","287.1895","38000","10913200","290","291","290","290","289","289","282","285"
"4771","20231002","2220","2238","2172","2197","2215.4659","35200","77984400","2220","2238","2172","2220","2220","2230","2190","2197"
"4772","20231002","242","245","234","234","238.1525","448000","106692300","242","245","235","237","236","238","234","234"
"4776","20231002","2047","2052","1932","1938","1971.7531","691300","1363072900","2047","2052","1982","1988","1985","1987","1932","1938"
"4777","20231002","323","323","303","303","312.3058","282500","88226400","323","323","311","312","311","312","303","303"
"4781","20231002","1034","1034","982","1030","1010.3023","8600","8688600","1034","1034","982","1010","1000","1030","1000","1030"
"4783","20231002","983","1007","983","1000","997.3636","5500","5485500","983","1007","983","1007","1001","1001","992","1000"
"4784","20231002","409","411","408","408","409.1846","6500","2659700","409","411","408","410","410","411","408","408"
"4792","20231002","1620","1634","1566","1566","1593.1294","47900","76310900","1620","1634","1618","1624","1623","1625","1566","1566"
"4800","20231002","798","798","781","781","787.5807","53900","42450600","798","798","788","789","791","791","781","781"
"4801","20231002","2431","2431","2380","2381","2410.2397","38800","93517300","2431","2431","2406","2414","2407","2412","2380","2381"
"4809","20231002","1979","1994","1943","1943","1965.8519","16200","31846800","1979","1994","1977","1979","1977","1977","1943","1943"
"4812","20231002","5690","5700","5560","5560","5600.7096","184600","1033891000","5690","5700","5570","5630","5630","5640","5560","5560"
"4813","20231002","786","795","773","774","782.5694","105900","82874100","786","795","783","786","785","786","773","774"
"4814","20231002","196","196","192","192","194.9388","4900","955200","196","196","196","196","196","196","192","192"
"4816","20231002","13340","13340","12950","12980","13110.1587","31500","412970000","13340","13340","13150","13150","13190","13190","12950","12980"
"4819","20231002","3440","3480","3350","3350","3407.4869","171500","584384000","3440","3480","3410","3425","3420","3425","3350","3350"
"4820","20231002","738","741","721","722","727.3289","68400","49749300","738","741","728","729","729","731","721","722"
"4824","20231002","304","306","299","301","302.0319","9400","2839100","304","306","304","304","304","304","299","301"
"4825","20231002","6390","6390","6270","6270","6314.6563","32000","202069000","6390","6390","6320","6340","6340","6340","6270","6270"
"4826","20231002","570","575","554","554","561.7676","61100","34324000","570","575","564","564","563","563","554","554"
"4828","20231002","3305","3355","3235","3235","3276.4552","13400","43904500","3305","3355","3300","3300","3305","3310","3235","3235"
"4829","20231002","132","133","130","130","131.5431","49900","6564000","132","133","131","131","131","131","130","130"
"4832","20231002","3200","3210","3100","3100","3152.4419","8600","27111000","3200","3210","3165","3165","3165","3165","3100","3100"
"4833","20231002","105","105","104","104","104.358","8100","845300","105","105","104","104","104","105","104","104"
"4837","20231002","608","623","606","615","615.5179","477700","294032900","608","621","606","617","615","623","613","615"
"4838","20231002","575","578","571","571","573.75","12000","6885000","575","578","573","574","573","575","571","571"
"4839","20231002","1137","1142","1117","1118","1129.3263","33400","37719500","1137","1142","1132","1137","1137","1137","1117","1118"
"4840","20231002","409","413","407","413","409.9314","10200","4181300","409","410","407","410","411","413","411","413"
"4845","20231002","775","778","764","764","770.2726","91700","70634000","775","778","768","772","772","772","764","764"
"4847","20231002","947","964","937","941","952.7925","130100","123958300","947","964","945","956","957","958","937","941"
"4848","20231002","1902","1911","1850","1850","1879.1595","124100","233203700","1902","1911","1877","1885","1884","1884","1850","1850"
"4849","20231002","2340","2374","2291","2291","2321.6735","194500","451565500","2340","2374","2307","2350","2348","2348","2291","2291"
"4875","20231002","311","311","302","303","305.5807","153600","46937200","311","311","302","302","303","305","302","303"
"4880","20231002","2575","2600","2482","2510","2536.0576","157900","400443500","2575","2600","2500","2500","2499","2555","2482","2510"
"4881","20231002","163","167","162","162","164.1124","71200","11684800","163","167","162","166","167","167","162","162"
"4882","20231002","470","481","445","475","464.9315","1121900","521606600","470","481","445","457","458","480","449","475"
"4883","20231002","151","154","145","147","149.0044","270600","40320600","151","154","149","149","149","149","145","147"
"4884","20231002","801","808","757","759","776.3545","195500","151777300","801","808","768","778","774","786","757","759"
"4885","20231002","802","804","801","804","802.4167","1200","962900","802","804","801","803","802","804","802","804"
"4886","20231002","1677","1685","1615","1616","1640.9443","221000","362648700","1677","1685","1637","1649","1642","1647","1615","1616"
"4887","20231002","4578","4587","4388","4399","4457.5508","218600","974420600","4578","4587","4526","4526","4516","4516","4388","4399"
"4888","20231002","321","321","312","312","316.2177","56500","17866300","321","321","315","316","316","316","312","312"
"4889","20231002","519","527","510","510","516.3592","61800","31911000","519","527","517","518","518","518","510","510"
"4890","20231002","523","545","505","506","523.5175","74400","38949700","523","545","514","516","517","517","505","506"
"4891","20231002","254","254","240","247","247.0644","424100","104780000","254","254","243","245","245","250","240","247"
"4892","20231002","845","855","828","828","836.6142","90200","75462600","845","855","831","833","833","835","828","828"
"4893","20231002","459","459","438","445","445.5895","55300","24641100","459","459","441","442","442","445","438","445"
"4894","20231002","1749","1783","1662","1676","1707.3677","232000","396109300","1749","1783","1706","1706","1703","1708","1662","1676"
"4901","20231002","8695","8847","8644","8649","8726.6023","1179200","10290409400","8695","8847","8693","8804","8800","8800","8644","8649"
"4902","20231002","490.1","491.4","476.1","476.8","480.5374","2518700","1210329670","490.1","491.4","485.2","486.4","485.4","485.9","476.1","476.8"
"4911","20231002","5295","5348","5223","5223","5274.7705","2467700","13016551100","5295","5348","5252","5336","5330","5334","5223","5223"
"4912","20231002","1480","1483","1447.5","1452","1461.9168","1248900","1825787850","1480","1483","1468","1477","1474.5","1475","1447.5","1452"
"4914","20231002","3010","3060","2981","2988","3013.6427","36100","108792500","3010","3060","3010","3035","3040","3040","2981","2988"
"4917","20231002","1390","1401","1375","1375","1385.3944","99400","137708200","1390","1401","1384","1395","1393","1395","1375","1375"
"4918","20231002","533","549","533","547","541.5316","23700","12834300","533","549","533","546","542","548","538","547"
"4919","20231002","4198","4198","4094","4108","4129.6551","227000","937431700","4198","4198","4116","4144","4135","4138","4094","4108"
"4920","20231002","2416","2631","2416","2512","2538.1049","32400","82234600","2416","2631","2416","2562","2531","2550","2466","2512"
"4921","20231002","2305.5","2330","2279.5","2284","2298.1298","480100","1103332100","2305.5","2330","2293.5","2301","2300","2306.5","2279.5","2284"
"4922","20231002","10990","11175","10915","11040","11050.5137","309500","3420134000","10990","11175","10915","11155","11140","11145","10980","11040"
"4923","20231002","1600","1611","1596","1597","1602.4843","28700","45991300","1600","1611","1596","1609","1607","1607","1597","1597"
"4925","20231002","2366","2370","2366","2366","2366.7333","1500","3550100","2366","2366","2366","2366","2366","2370","2366","2366"
"4926","20231002","1535","1539","1535","1537","1536.5417","2400","3687700","1535","1539","1535","1536","1536","1539","1536","1537"
"4927","20231002","1798.5","1805.5","1766","1769.5","1784.4012","738100","1317066500","1798.5","1805.5","1792.5","1799","1795.5","1800.5","1766","1769.5"
"4928","20231002","5280","5310","5210","5210","5261.4747","71200","374617000","5280","5310","5270","5290","5280","5280","5210","5210"
"4929","20231002","933","938","930","930","931.6087","4600","4285400","933","937","932","933","932","938","930","930"
"4930","20231002","2235","2301","2228","2250","2261.1884","6900","15602200","2235","2301","2228","2235","2282","2282","2250","2250"
"4931","20231002","1537","1570","1526","1540","1553.3482","92200","143218700","1537","1570","1526","1563","1560","1563","1539","1540"
"4932","20231002","1262","1281","1255","1255","1267.3451","51000","64634600","1262","1281","1262","1274","1275","1277","1255","1255"
"4933","20231002","2938","3025","2876","3005","2978.5562","203900","607327600","2938","3020","2876","3000","2997","3025","2978","3005"
"4934","20231002","1075","1080","1036","1036","1062.7908","74100","78752800","1075","1080","1054","1063","1063","1063","1036","1036"
"4935","20231002","824","834","824","830","829.25","1600","1326800","824","834","824","834","834","834","830","830"
"4936","20231002","1043","1132","1043","1093","1103.3291","321200","354389300","1043","1132","1043","1129","1129","1130","1088","1093"
"4937","20231002","2231","2434","2218","2370","2355.3722","45400","106933900","2231","2434","2218","2329","2329","2396","2295","2370"
"4951","20231002","1493","1506","1489","1489","1496.0847","29500","44134500","1493","1505","1493","1500","1506","1506","1489","1489"
"4955","20231002","1380","1380","1335","1335","1354.6176","17000","23028500","1380","1380","1358","1363","1363","1363","1335","1335"
"4956","20231002","2295","2332","2279","2279","2296.6573","57200","131368800","2295","2332","2280","2320","2314","2316","2279","2279"
"4957","20231002","565","565","564","564","564.5","400","225800","565","565","564","564","564","564","564","564"
"4958","20231002","3055","3105","3010","3020","3038.8287","79400","241283000","3055","3105","3025","3045","3030","3060","3010","3020"
"4960","20231002","281","285","280","282","282.2564","7800","2201600","281","282","280","282","282","285","282","282"
"4963","20231002","1069","1070","1068","1068","1068.9219","194500","207905300","1069","1070","1069","1069","1069","1069","1068","1068"
"4966","20231002","9280","9530","9010","9130","9191.6256","20300","186590000","9280","9530","9160","9160","9140","9140","9010","9130"
"4967","20231002","6721","6731","6610","6610","6658.3512","381000","2536831800","6721","6731","6654","6698","6689","6694","6610","6610"
"4968","20231002","1029","1034","1013","1013","1021.2391","27600","28186200","1029","1034","1021","1029","1029","1029","1013","1013"
"4970","20231002","6710","6750","6570","6580","6625.7732","77600","514160000","6710","6750","6600","6600","6600","6650","6570","6580"
"4971","20231002","3680","3750","3650","3685","3703.4563","109800","406639500","3680","3745","3680","3740","3740","3750","3650","3685"
"4972","20231002","1945","1966","1931","1936","1951.4976","20700","40396000","1945","1966","1945","1955","1955","1962","1931","1936"
"4973","20231002","2601","2634","2552","2561","2580.0194","25800","66564500","2601","2634","2601","2607","2575","2595","2552","2561"
"4974","20231002","1387","1391","1350","1350","1367.9127","269300","368378900","1387","1391","1380","1381","1380","1380","1350","1350"
"4975","20231002","3115","3135","3030","3030","3060.4152","55400","169547000","3115","3135","3080","3080","3075","3075","3030","3030"
"4976","20231002","2316","2326","2314","2324","2320.5918","4900","11370900","2316","2322","2315","2322","2326","2326","2314","2324"
"4977","20231002","709","711","702","702","705.9931","58300","41159400","709","711","707","708","708","708","702","702"
"4978","20231002","242","242","233","233","237.3865","400800","95144500","242","242","237","237","239","239","233","233"
"4979","20231002","1754","1779","1721","1722","1746.3638","63500","110894100","1754","1779","1743","1748","1747","1751","1721","1722"
"4980","20231002","3718","3754","3655","3667","3697.8432","310500","1148180300","3718","3754","3672","3723","3723","3723","3655","3667"
"4985","20231002","4945","5020","4910","4910","4959.279","95700","474603000","4945","5020","4945","4965","4965","4965","4910","4910"
"4987","20231002","335","335","332","334","333.6321","10600","3536500","335","335","332","334","333","334","332","334"
"4990","20231002","462","462","453","461","456.7273","2200","1004800","462","462","455","455","461","461","453","461"
"4992","20231002","960","969","949","951","956.3236","61500","58813900","960","969","957","965","960","961","949","951"
"4994","20231002","2981","3010","2978","2985","2992.4745","13700","40996900","2981","3010","2981","2999","3010","3010","2978","2985"
"4996","20231002","1122","1137","1104","1106","1119.963","928900","1040333600","1122","1137","1114","1126","1126","1126","1104","1106"
"4997","20231002","665","669","652","652","659.1322","137700","90762500","665","669","661","663","663","663","652","652"
"4998","20231002","1109","1109","1085","1090","1097.655","45800","50272600","1109","1109","1092","1095","1096","1096","1085","1090"
"5009","20231002","1793","1824","1788","1788","1803.1144","47200","85107000","1793","1824","1790","1810","1811","1817","1788","1788"
"5010","20231002","186","187","163","171","171.1382","2955300","505764600","186","187","163","164","165","171","164","171"
"5011","20231002","1998","2021","1975","1977","1994.7494","44300","88367400","1998","2021","1988","2015","2019","2019","1975","1977"
"5013","20231002","1542","1552","1492","1495","1516.0041","123000","186468500","1542","1552","1515","1528","1521","1528","1492","1495"
"5015","20231002","929","929","916","916","923.2478","23000","21234700","929","929","924","924","927","927","916","916"
"5017","20231002","343","345","333","335","339.4562","863400","293086500","343","345","338","342","341","341","333","335"
"5018","20231002","1200","1200","1181","1181","1188.6779","14900","17711300","1200","1200","1193","1200","1200","1200","1181","1181"
"5019","20231002","3438","3462","3348","3350","3402.9872","1813900","6172678500","3438","3462","3420","3423","3406","3416","3348","3350"
"5020","20231002","585.8","591.3","573.6","575.3","581.6564","18916000","11002612480","585.8","591.3","582.3","585","583.6","584.2","573.6","575.3"
"5021","20231002","5294","5375","5231","5232","5291.6798","354200","1874313000","5294","5375","5262","5330","5322","5339","5231","5232"
"5025","20231002","657","660","637","642","646.6471","1700","1099300","657","660","637","647","637","642","637","642"
"5026","20231002","804","804","757","757","780.8833","24000","18741200","804","804","781","781","782","783","757","757"
"5027","20231002","888","916","887","910","896.4381","110700","99235700","888","916","887","888","888","911","888","910"
"5028","20231002","1487","1510","1411","1434","1462.2646","37800","55273600","1487","1510","1442","1450","1450","1458","1411","1434"
"5029","20231002","720","720","696","713","706.3946","14700","10384000","720","720","713","713","710","713","696","713"
"5031","20231002","358","360","346","346","351.7245","75500","26555200","358","360","353","353","353","353","346","346"
"5032","20231002","3565","3610","3330","3330","3443.1556","2382600","8203662500","3565","3610","3435","3440","3435","3435","3330","3330"
"5033","20231002","952","994","952","976","979.3316","56100","54940500","952","991","952","985","982","994","969","976"
"5034","20231002","3480","3605","3290","3290","3417.8359","84100","287440000","3480","3605","3395","3395","3380","3395","3290","3290"
"5035","20231002","525","531","512","512","520.8297","41100","21406100","525","531","520","521","521","521","512","512"
"5036","20231002","1234","1249","1155","1169","1195.1503","69200","82704400","1234","1249","1191","1191","1193","1220","1155","1169"
"5038","20231002","3575","3580","3455","3455","3518.1481","40500","142485000","3575","3580","3520","3535","3535","3535","3455","3455"
"5070","20231002","571","574","547","547","560.8012","50300","28208300","571","574","555","556","557","560","547","547"
"5071","20231002","926","934","914","922","923.05","6000","5538300","926","934","920","932","925","925","914","922"
"5074","20231002","534","540","515","519","527.1706","1088400","573772500","534","540","527","533","534","534","515","519"
"5076","20231002","1554","1587.5","1551","1572.5","1574.5811","914800","1440426800","1554","1587.5","1551","1584.5","1583","1583","1568","1572.5"
"5078","20231002","2860","2919","2860","2884","2872.7778","2700","7756500","2860","2882","2860","2882","2919","2919","2864","2884"
"5079","20231002","3740","3795","3665","3665","3741.947","75500","282517000","3740","3795","3710","3735","3750","3750","3665","3665"
"5101","20231002","3160","3205","3079","3079","3129.572","754900","2362513900","3160","3205","3149","3160","3140","3150","3079","3079"
"5103","20231002","47","48","46","47","46.9613","15500","727900","47","48","47","48","47","48","46","47"
"5105","20231002","2304","2342","2292.5","2300","2311.9689","615800","1423710450","2304","2342","2292.5","2326","2333","2338","2293.5","2300"
"5108","20231002","5870","5955","5840","5840","5881.9563","1694600","9967563200","5870","5955","5863","5933","5910","5928","5840","5840"
"5110","20231002","1655","1672.5","1637.5","1637.5","1653.8352","842900","1394017700","1655","1672.5","1649.5","1667","1669","1669","1637.5","1637.5"
"5121","20231002","1172","1201","1172","1176","1183.9543","118200","139943400","1172","1201","1172","1196","1192","1194","1172","1176"
"5122","20231002","5160","5190","5100","5120","5139.3155","33600","172681000","5160","5190","5120","5130","5130","5160","5100","5120"
"5125","20231002","688","692","662","662","673.791","17700","11926100","688","692","673","674","674","674","662","662"
"5126","20231002","2339","2440","2310","2321","2361.1912","6800","16056100","2339","2440","2333","2390","2310","2387","2310","2321"
"5127","20231002","2507","2538","2439","2481","2493.0153","45900","114429400","2507","2534","2457","2457","2475","2538","2439","2481"
"5129","20231002","1609","1634","1570","1570","1596.2766","59300","94659200","1609","1634","1584","1584","1585","1592","1570","1570"
"5131","20231002","290","293","278","278","284.2786","124900","35506400","290","293","283","284","282","284","278","278"
"5132","20231002","5450","5470","5160","5160","5286.4286","8400","44406000","5450","5470","5330","5330","5340","5340","5160","5160"
"5133","20231002","310","312","305","308","308.6702","19100","5895600","310","312","309","309","309","309","305","308"
"5134","20231002","714","714","695","702","705.0938","6400","4512600","714","714","695","704","705","708","702","702"
"5136","20231002","1754","1770","1626","1626","1686.2397","289100","487491900","1754","1770","1663","1665","1670","1681","1626","1626"
"5137","20231002","2191","2191","1986","1994","2063.5352","108000","222861800","2191","2191","2094","2099","2108","2108","1986","1994"
"5138","20231002","1103","1115","1090","1103","1103.4291","26800","29571900","1103","1115","1098","1103","1103","1111","1090","1103"
"5139","20231002","3495","3495","3240","3250","3349.7801","52300","175193500","3495","3495","3335","3345","3345","3345","3240","3250"
"5142","20231002","1451","1478","1451","1466","1469.6491","26500","38945700","1451","1478","1451","1476","1471","1473","1466","1466"
"5161","20231002","1482","1501","1463","1465","1481.3559","17700","26220000","1482","1501","1482","1494","1492","1493","1463","1465"
"5162","20231002","571","580","562","580","569.0837","26300","14966900","571","571","562","569","564","580","563","580"
"5184","20231002","3015","3090","3015","3055","3058.8433","13400","40988500","3015","3090","3015","3070","3080","3080","3040","3055"
"5185","20231002","1451","1485","1446","1447","1465.1355","135800","198965400","1451","1485","1450","1485","1477","1479","1446","1447"
"5186","20231002","3365","3445","3365","3400","3411.0248","60500","206367000","3365","3445","3365","3445","3445","3445","3395","3400"
"5187","20231002","908","911","900","904","905.2676","21300","19282200","908","911","908","908","910","910","900","904"
"5189","20231002","1972","1973","1882","1882","1937.3675","11700","22667200","1972","1973","1925","1925","1925","1961","1882","1882"
"5191","20231002","1110","1127","1106","1106","1116.1979","189000","210961400","1110","1125","1110","1123","1124","1127","1106","1106"
"5192","20231002","4625","4700","4605","4610","4651.1466","281700","1310228000","4625","4700","4620","4675","4675","4675","4605","4610"
"5194","20231002","950","953","945","951","948.9655","2900","2752000","950","952","946","946","947","953","945","951"
"5195","20231002","1648","1683","1636","1636","1655.3319","70500","116700900","1648","1683","1642","1674","1674","1677","1636","1636"
"5199","20231002","1925","1925","1904","1904","1915","500","957500","1925","1925","1925","1925","1911","1911","1904","1904"
"5201","20231002","5257","5342","5257","5260","5295.5383","803500","4254965000","5257","5342","5257","5320","5331","5336","5260","5260"
"5202","20231002","813","838","804","812","821.815","1366300","1122845800","813","838","804","825","826","827","811","812"
"5204","20231002","2700","2780","2675","2675","2724","21700","59110800","2700","2780","2700","2748","2738","2751","2675","2675"
"5208","20231002","1062","1083","1061","1072","1075.5549","179500","193062100","1062","1083","1061","1082","1082","1082","1071","1072"
"5210","20231002","1786","1826","1761","1768","1784.9442","102200","182421300","1786","1826","1771","1799","1791","1804","1761","1768"
"5212","20231002","1238","1240","1200","1215","1216.6885","6100","7421800","1238","1240","1200","1210","1210","1225","1210","1215"
"5214","20231002","2801","2848","2801","2818","2824.7222","916300","2588292950","2801","2848","2801","2842.5","2833.5","2838","2807","2818"
"5216","20231002","110","111","109","110","109.3346","51700","5652600","110","111","109","110","109","110","109","110"
"5217","20231002","4005","4050","3990","4010","4016.1842","3800","15261500","4005","4050","4000","4040","4005","4010","3990","4010"
"5218","20231002","1313","1335","1293","1293","1310.6917","61300","80345400","1313","1335","1313","1319","1320","1320","1293","1293"
"5232","20231002","3693","3782","3693","3697","3729.7159","206300","769440400","3693","3782","3693","3767","3752","3760","3697","3697"
"5233","20231002","2650","2738.5","2648.5","2677","2699.0903","771600","2082618100","2650","2738.5","2648.5","2729.5","2728.5","2729","2677","2677"
"5237","20231002","848","850","817","847","833.3968","6300","5250400","848","850","848","850","842","847","817","847"
"5240","20231002","721","744","702","704","722.5282","101100","73047600","721","744","713","713","714","715","702","704"
"5242","20231002","2835","2836","2750","2800","2787.3462","2600","7247100","2835","2836","2750","2750","2767","2800","2767","2800"
"5243","20231002","515","518","488","493","502.5113","198700","99849000","515","518","495","496","496","497","488","493"
"5244","20231002","398","398","358","362","367.7589","2056600","756333000","398","398","359","366","370","370","358","362"
"5246","20231002","555","556","531","532","537.7638","222700","119760000","555","556","532","537","538","538","531","532"
"5247","20231002","2999","3005","2898","2947","2930.5672","6700","19634800","2999","3005","2902","2995","2929","2947","2898","2947"
"5248","20231002","2250","2509","2209","2470","2435.3761","227600","554291600","2250","2509","2209","2486","2487","2500","2410","2470"
"5250","20231002","2150","2192","2098","2109","2130.684","21200","45170500","2150","2192","2128","2128","2128","2128","2098","2109"
"5252","20231002","1563","1563","1498","1500","1513.9412","3400","5147400","1563","1563","1546","1546","1520","1520","1498","1500"
"5253","20231002","2520","2560","2452","2476","2499.0072","3320600","8298203200","2520","2560","2456","2463","2469","2488","2452","2476"
"5254","20231002","5270","5360","4905","4945","5118.0348","158000","808649500","5270","5360","5050","5070","5120","5120","4905","4945"
"5255","20231002","301","307","297","298","301.2193","223000","67171900","301","307","299","301","301","302","297","298"
"5256","20231002","4800","4855","4655","4750","4758.1923","13000","61856500","4800","4855","4800","4810","4815","4815","4655","4750"
"5257","20231002","2353","2393","2306","2348","2351.3188","6900","16224100","2353","2393","2322","2380","2352","2352","2306","2348"
"5258","20231002","857","858","833","833","843.2268","399000","336447500","857","858","838","845","844","847","833","833"
"5259","20231002","623","624","564","567","593.1773","29900","17736000","623","624","619","624","623","623","564","567"
"5261","20231002","4850","4850","4820","4845","4835.5208","4800","23210500","4850","4850","4820","4840","4830","4845","4825","4845"
"5262","20231002","873","888","863","863","873.1469","49000","42784200","873","888","867","885","881","884","863","863"
"5268","20231002","699","699","697","699","698.5","400","279400","699","699","697","697","699","699","699","699"
"5269","20231002","330","337","327","327","331.4183","65500","21707900","330","337","330","334","334","335","327","327"
"5271","20231002","2218","2224","2164","2217","2208.5789","11400","25177800","2218","2224","2200","2215","2208","2223","2164","2217"
"5273","20231002","4615","4695","4575","4590","4618.0252","11900","54954500","4615","4695","4615","4645","4645","4645","4575","4590"
"5277","20231002","284","290","273","276","279.8973","105200","29445200","284","290","278","281","279","282","273","276"
"5279","20231002","855","890","820","834","861.0657","19800","17049100","855","890","833","850","837","837","820","834"
"5280","20231002","1237","1238","1217","1217","1227.4348","6900","8469300","1237","1238","1218","1238","1219","1235","1217","1217"
"5282","20231002","302","305","302","302","302.8723","32100","9722200","302","305","302","305","302","304","302","302"
"5283","20231002","2936","2967","2936","2936","2943.75","400","1177500","2936","2936","2936","2936","2936","2967","2936","2936"
"5284","20231002","1600","1651","1586","1613","1623.3991","134800","218834200","1600","1651","1586","1634","1632","1646","1603","1613"
"5285","20231002","689","709","681","681","695.9051","56900","39597000","689","709","689","702","702","702","681","681"
"5287","20231002","603","611","603","611","605.9333","1500","908900","603","611","603","611","611","611","611","611"
"5288","20231002","694","702","682","682","690.9304","130800","90373700","694","702","692","692","691","692","682","682"
"5290","20231002","1491","1511","1470","1511","1496","7900","11818400","1491","1507","1470","1495","1506","1511","1486","1511"
"5301","20231002","1184.5","1207","1180","1180","1191.8106","1677500","1999262300","1184.5","1207","1180","1202","1201.5","1201.5","1180","1180"
"5302","20231002","4570","4650","4570","4595","4617.3241","72500","334756000","4570","4650","4570","4630","4630","4640","4590","4595"
"5304","20231002","14550","14830","14310","14510","14635.3571","19600","286853000","14550","14830","14310","14660","14760","14770","14410","14510"
"5310","20231002","5470","5560","5430","5430","5492.2014","117200","643686000","5470","5550","5460","5530","5530","5560","5430","5430"
"5331","20231002","6220","6350","6220","6280","6300.0975","51300","323195000","6220","6350","6220","6330","6350","6350","6250","6280"
"5332","20231002","3890","3937","3874","3876","3897.7469","793500","3092862200","3890","3937","3889","3926","3922","3923","3874","3876"
"5333","20231002","1990.5","2035","1990","1996","2009.7381","1132900","2276832250","1990.5","2035","1990","2029.5","2025","2028","1996","1996"
"5334","20231002","3416","3468","3413","3415","3435.1832","1150000","3950460700","3416","3468","3415","3457","3462","3462","3413","3415"
"5337","20231002","800","864","800","855","847.5076","131200","111193000","800","859","800","857","862","864","850","855"
"5341","20231002","705","734","705","706","719.5044","68600","49358000","705","734","705","716","713","714","706","706"
"5344","20231002","23480","23670","22630","22710","23024.3703","65900","1517306000","23480","23670","23230","23230","23240","23240","22630","22710"
"5351","20231002","1532","1584","1532","1555","1559.9829","286200","446467100","1532","1584","1532","1569","1565","1576","1552","1555"
"5352","20231002","9610","9740","9530","9540","9609.1209","27300","262329000","9610","9740","9610","9630","9630","9650","9530","9540"
"5355","20231002","554","555","552","554","553.9","1000","553900","554","554","554","554","555","555","552","554"
"5357","20231002","1457","1477","1446","1452","1459.8764","35600","51971600","1457","1477","1457","1467","1461","1469","1446","1452"
"5363","20231002","336","339","330","331","334.4666","62800","21004500","336","339","335","337","337","337","330","331"
"5367","20231002","612","619","605","605","611.257","17900","10941500","612","619","612","616","618","618","605","605"
"5368","20231002","906","907","890","893","896.4545","6600","5916600","906","907","906","906","901","901","890","893"
"5380","20231002","1708","1708","1640","1699","1670.625","4800","8019000","1708","1708","1659","1660","1674","1699","1640","1699"
"5381","20231002","501","513","501","501","505.6719","63400","32059600","501","513","501","506","508","508","501","501"
"5384","20231002","3010","3025","2968","2968","2989.4615","201300","601778600","3010","3025","2982","3015","3015","3020","2968","2968"
"5386","20231002","394","394","387","393","390.4","500","195200","394","394","394","394","389","393","387","393"
"5388","20231002","1046","1052","1037","1037","1042.0506","23700","24696600","1046","1052","1042","1043","1043","1044","1037","1037"
"5391","20231002","1148","1161","1132","1137","1146.7644","22500","25802200","1148","1161","1147","1155","1160","1160","1132","1137"
"5393","20231002","3100","3140","3070","3075","3100.6851","102900","319060500","3100","3140","3095","3130","3120","3120","3070","3075"
"5395","20231002","2431","2432","2413","2414","2422.625","800","1938100","-","-","-","-","2431","2432","2413","2414"
"5401","20231002","3505","3565","3497","3500","3526.9702","6778800","23908625600","3505","3565","3504","3529","3529","3539","3497","3500"
"5406","20231002","1957","1991","1935.5","1936","1956.5583","12444500","24348390250","1957","1991","1945.5","1950","1947","1959.5","1935.5","1936"
"5408","20231002","912","921","894","895","906.5854","879800","797613800","912","921","911","911","912","912","894","895"
"5410","20231002","4650","4735","4595","4610","4658.8629","213700","995599000","4650","4735","4640","4685","4690","4700","4595","4610"
"5411","20231002","2203.5","2253","2203.5","2221","2231.3874","4504200","10050615250","2203.5","2253","2203.5","2239.5","2236","2238.5","2215.5","2221"
"5423","20231002","1690","1705","1673","1677","1688.6148","540500","912696300","1690","1705","1689","1702","1702","1702","1673","1677"
"5440","20231002","1998","2023","1976","1978","1995.6114","126100","251646600","1998","2023","1995","2011","2011","2011","1976","1978"
"5444","20231002","7214","7282","7128","7144","7192.0604","183800","1321900700","7214","7282","7184","7232","7232","7234","7128","7144"
"5445","20231002","3525","3620","3525","3560","3575.7984","88300","315743000","3525","3620","3525","3605","3590","3610","3555","3560"
"5446","20231002","1672","1672","1594","1617","1628.2889","4500","7327300","1672","1672","1594","1642","1630","1634","1615","1617"
"5449","20231002","1840","1890","1837","1839","1858.7751","75600","140523400","1840","1890","1837","1882","1882","1882","1839","1839"
"5451","20231002","3585","3605","3520","3520","3551.1887","79500","282319500","3585","3605","3555","3565","3565","3565","3520","3520"
"5458","20231002","839","839","825","825","829.3","1000","829300","839","839","825","831","827","827","825","825"
"5461","20231002","2100","2116","2063","2063","2087.0298","67100","140039700","2100","2116","2082","2099","2104","2104","2063","2063"
"5463","20231002","3724","3756","3680","3692","3709.1708","167400","620915200","3724","3756","3724","3742","3730","3741","3680","3692"
"5464","20231002","3980","4005","3890","3890","3943.4646","12700","50082000","3980","4005","3950","3975","3980","3980","3890","3890"
"5471","20231002","6133","6180","6090","6114","6129.346","102300","627032100","6133","6180","6116","6150","6146","6152","6090","6114"
"5476","20231002","621","630","606","609","616.2891","174700","107665700","621","630","615","617","617","617","606","609"
"5480","20231002","4715","4750","4620","4620","4681.2798","205500","962003000","4715","4750","4675","4705","4700","4700","4620","4620"
"5481","20231002","2946","2984","2903","2904","2927.3936","40400","118266700","2946","2984","2946","2965","2946","2947","2903","2904"
"5482","20231002","3905","3975","3880","3880","3923.9407","79300","311168500","3905","3975","3900","3940","3940","3955","3880","3880"
"5484","20231002","1840","1840","1840","1840","1840","200","368000","1840","1840","1840","1840","-","-","-","-"
"5491","20231002","895","903","886","886","893.6832","38200","34138700","895","903","895","899","902","902","886","886"
"5527","20231002","1782","1824","1764","1770","1796.1711","30400","54603600","1782","1824","1764","1791","1800","1807","1770","1770"
"5532","20231002","1988","1988","1923","1923","1946.0806","6200","12065700","1988","1988","1951","1952","1952","1952","1923","1923"
"5533","20231002","2351","2410","2300","2324","2348.8421","1900","4462800","2351","2410","2351","2410","2363","2363","2300","2324"
"5535","20231002","1385","1440","1385","1389","1400.899","19800","27737800","1385","1440","1385","1402","1402","1418","1389","1389"
"5541","20231002","1393","1428","1352","1352","1383.3561","909700","1258439000","1393","1428","1391","1407","1407","1409","1352","1352"
"5542","20231002","1213","1218","1205","1206","1213.3571","2800","3397400","1213","1218","1213","1218","1212","1212","1205","1206"
"5563","20231002","304","310","303","303","305.4121","488000","149041100","304","310","303","307","306","307","303","303"
"5570","20231002","1015","1027","981","981","996.825","66300","66089500","1015","1027","995","999","998","999","981","981"
"5571","20231002","1007","1028","1007","1026","1021.9231","1300","1328500","1007","1028","1007","1028","1027","1027","1018","1026"
"5572","20231002","1858","1900","1790","1794","1817.4037","21800","39619400","1858","1900","1804","1825","1804","1809","1790","1794"
"5574","20231002","5850","6040","5690","5700","5883.0767","435200","2560315000","5850","6040","5770","5940","5980","5980","5690","5700"
"5575","20231002","1878","1944","1878","1911","1917.9306","24500","46989300","1878","1944","1878","1918","1911","1932","1907","1911"
"5576","20231002","2220","2348","2124","2170","2235.6487","39000","87190300","2220","2348","2191","2257","2269","2269","2124","2170"
"5577","20231002","2128","2170","2062","2090","2103.2139","99600","209480100","2128","2170","2099","2123","2115","2115","2062","2090"
"5578","20231002","2615","2615","2481","2481","2545.8632","42400","107944600","2615","2615","2516","2548","2577","2577","2481","2481"
"5580","20231002","1545","1586","1523","1523","1551.7735","18100","28087100","1545","1586","1542","1561","1561","1561","1523","1523"
"5582","20231002","3270","3465","3270","3420","3407.5921","40700","138689000","3270","3455","3270","3385","3430","3465","3365","3420"
"5585","20231002","2950","3150","2939","2988","3055.151","352300","1076329700","2950","3150","2939","3065","3060","3090","2988","2988"
"5586","20231002","975","980","913","913","939.0802","468700","440146900","975","980","947","955","956","957","913","913"
"5587","20231002","2100","2118","2021","2030","2070.4827","98000","202907300","2100","2118","2030","2071","2071","2074","2021","2030"
"5588","20231002","2125","2154","1900","1900","1997.1103","1194400","2385348600","2125","2154","1956","1974","1969","1997","1900","1900"
"5589","20231002","1857","1880","1792","1792","1833.7271","130100","238567900","1857","1880","1839","1855","1846","1850","1792","1792"
"5590","20231002","1079","1106","1051","1051","1077.1635","135800","146278800","1079","1106","1063","1092","1092","1093","1051","1051"
"5591","20231002","2304","2305","2150","2150","2211.5719","365100","807444900","2304","2305","2170","2188","2192","2196","2150","2150"
"5602","20231002","2708","2785","2708","2720","2744.3622","38100","104560200","2708","2785","2708","2769","2763","2763","2715","2720"
"5603","20231002","1455","1499","1455","1458","1474.8212","15100","22269800","1455","1499","1455","1484","1472","1478","1458","1458"
"5609","20231002","1085","1085","1044","1045","1065.1284","51400","54747600","1085","1085","1044","1075","1075","1075","1045","1045"
"5610","20231002","1087","1105","1067","1067","1087.0291","10300","11196400","1087","1105","1087","1092","1095","1096","1067","1067"
"5612","20231002","1144","1158","1128","1136","1144.4159","11300","12931900","1144","1158","1143","1152","1152","1153","1128","1136"
"5631","20231002","2787","2830.5","2763","2764","2787.0524","299800","835558300","2787","2830.5","2784","2819","2813","2816.5","2763","2764"
"5632","20231002","1515","1535","1502","1510","1517.3129","183100","277820000","1515","1535","1515","1531","1530","1532","1502","1510"
"5644","20231002","3940","3980","3885","3900","3919.7059","13600","53308000","3940","3980","3935","3960","3950","3955","3885","3900"
"5658","20231002","308","312","303","304","306.6248","78100","23947400","308","312","308","310","310","311","303","304"
"5659","20231002","4765","4840","4765","4765","4791.2069","8700","41683500","4765","4840","4765","4820","4820","4820","4765","4765"
"5660","20231002","1083","1083","1058","1065","1062.4118","1700","1806100","1083","1083","1058","1058","1060","1065","1058","1065"
"5695","20231002","2289","2321","2286","2312","2292.6667","3600","8253600","2289","2301","2286","2301","2321","2321","2304","2312"
"5697","20231002","585","593","585","593","589.7857","1400","825700","585","592","585","588","592","593","592","593"
"5698","20231002","695","713","681","684","696.9672","372100","259341500","695","713","688","698","697","698","681","684"
"5699","20231002","1161","1172","1161","1165","1163.6","1000","1163600","1161","1170","1161","1170","1172","1172","1165","1165"
"5702","20231002","1310","1324","1277","1277","1300.0286","475700","618423600","1310","1324","1296","1305","1303","1309","1277","1277"
"5703","20231002","1684","1706","1664","1664","1683.185","256700","432073600","1684","1706","1681","1703","1697","1699","1664","1664"
"5704","20231002","1429","1536","1423","1503","1489.7031","517700","771219300","1429","1536","1423","1502","1500","1510","1459","1503"
"5706","20231002","3831","3900","3815","3815","3848.6985","446500","1718443900","3831","3900","3831","3875","3870","3870","3815","3815"
"5707","20231002","1640","1682","1636","1639","1655.0624","166600","275733400","1640","1682","1640","1672","1671","1671","1636","1639"
"5711","20231002","2430","2472.5","2419.5","2419.5","2441.9466","696000","1699594800","2430","2472.5","2430","2462","2453","2457","2419.5","2419.5"
"5713","20231002","4415","4483","4363","4366","4408.6529","1192700","5258200300","4415","4483","4391","4458","4442","4455","4363","4366"
"5714","20231002","4656","4716","4598","4605","4643.7707","211100","980300000","4656","4716","4656","4686","4668","4686","4598","4605"
"5715","20231002","1670","1732","1670","1701","1710.5733","131000","224085100","1670","1729","1670","1728","1731","1732","1701","1701"
"5721","20231002","23","24","23","23","23.6791","534200","12649400","23","24","23","24","23","24","23","23"
"5724","20231002","1250","1265","1213","1223","1233.9029","10300","12709200","1250","1265","1250","1255","1252","1254","1213","1223"
"5726","20231002","3065","3120","3020","3020","3070.4112","762400","2340881500","3065","3120","3055","3075","3070","3075","3020","3020"
"5727","20231002","1767","1819","1745","1745","1771.2758","830700","1471398800","1767","1819","1754","1774","1774","1774","1745","1745"
"5729","20231002","-","-","-","-","-","-","-","-","-","-","-","-","-","-","-"
"5741","20231002","3180","3225","3150","3160","3179.5006","176200","560228000","3180","3225","3180","3200","3190","3195","3150","3160"
"5742","20231002","845","845","837","841","842.7143","2100","1769700","845","845","837","841","841","841","841","841"
"5753","20231002","2006","2006","1996","1996","2000.3333","300","600100","2006","2006","1996","1996","-","-","-","-"
"5757","20231002","3640","3670","3610","3610","3634.3478","4600","16718000","3640","3670","3640","3650","3645","3645","3610","3610"
"5759","20231002","1599","1602","1560","1560","1574.3375","55400","87218300","1599","1602","1576","1580","1583","1583","1560","1560"
"5781","20231002","1460","1470","1437","1453","1452.8378","3700","5375500","1460","1470","1437","1445","1459","1459","1442","1453"
"5801","20231002","2415.5","2446.5","2376","2376","2403.7306","546900","1314600250","2415.5","2446.5","2413","2421","2415","2421","2376","2376"
"5802","20231002","1812.5","1835","1801","1801","1812.7153","1829600","3316544000","1812.5","1835","1812","1831.5","1823","1826.5","1801","1801"
"5803","20231002","1208","1234","1207","1210","1218.3546","1474900","1796951250","1208","1234","1208","1228.5","1225","1227.5","1207","1210"
"5805","20231002","2138","2180","2136","2145","2158.9939","165200","356665800","2138","2180","2136","2175","2175","2175","2143","2145"
"5809","20231002","700","705","700","700","701.4479","179300","125769600","700","705","700","703","702","702","700","700"
"5816","20231002","850","865","838","841","849.0507","29600","25131900","850","865","850","859","858","858","838","841"
"5817","20231002","637","639","616","620","629.1522","9200","5788200","637","639","636","639","631","636","616","620"
"5819","20231002","1457","1486","1453","1464","1469.0708","11300","16600500","1457","1486","1453","1479","1479","1479","1463","1464"
"5820","20231002","2408","2518","2408","2464","2478.9363","83200","206247500","2408","2518","2408","2442","2443","2505","2439","2464"
"5821","20231002","1415","1444","1414","1414","1421.9315","21900","31140300","1415","1444","1415","1436","1435","1435","1414","1414"
"5830","20231002","1083","1122.5","1081.5","1108.5","1108.7386","990700","1098427350","1083","1122.5","1081.5","1121","1117.5","1122","1107","1108.5"
"5831","20231002","1236.5","1270.5","1235.5","1242.5","1251.3675","1654300","2070137200","1236.5","1270.5","1235.5","1270.5","1265.5","1268.5","1242.5","1242.5"
"5832","20231002","1127","1161","1126.5","1138.5","1144.5091","535100","612426800","1127","1161","1126.5","1154.5","1154","1157.5","1137.5","1138.5"
"5834","20231002","2327","2349","2291","2293","2323.8846","26000","60421000","2327","2349","2309","2333","2323","2335","2291","2293"
"5838","20231002","2300","2324","2249","2280","2289.5454","1412500","3233982900","2300","2312","2249","2305","2320","2324","2273","2280"
"5842","20231002","2158","2158","2043","2043","2092.6137","190800","399270700","2158","2158","2093","2105","2099","2099","2043","2043"
"5844","20231002","8573","8741","8353","8636","8588.1109","147900","1270181600","8573","8573","8353","8500","8500","8741","8491","8636"
"5851","20231002","3035","3100","3005","3015","3044.21","363300","1105961500","3035","3100","3005","3090","3090","3095","3005","3015"
"5852","20231002","858","875","836","838","857.8416","697500","598344500","858","875","854","867","864","864","836","838"
"5856","20231002","49","49","48","48","48.1871","97300","4688600","49","49","48","49","48","48","48","48"
"5857","20231002","1900","1921","1885","1887","1900.9706","377900","718376800","1900","1921","1900","1907","1907","1908","1885","1887"
"5884","20231002","520","521","502","503","509.636","147800","75324200","520","521","502","507","517","517","502","503"
"5885","20231002","10700","10730","10110","10110","10359.6883","38500","398848000","10700","10730","10300","10400","10380","10380","10110","10110"
"5900","20231002","907","907","840","840","874.3991","22800","19936300","907","907","845","869","899","904","840","840"
"5901","20231002","2475.5","2566","2471.5","2526","2533.6421","983600","2492090350","2475.5","2566","2471.5","2549.5","2549.5","2551.5","2521","2526"
"5902","20231002","1522","1544","1513","1513","1524.8233","21500","32783700","1522","1544","1522","1535","1530","1532","1513","1513"
"5903","20231002","1247","1247","1238","1238","1242","700","869400","1247","1247","1247","1247","1239","1239","1238","1238"
"5905","20231002","1690","1690","1669","1669","1681.6364","2200","3699600","1690","1690","1688","1688","1685","1685","1669","1669"
"5906","20231002","381","383","381","382","381.1358","8100","3087200","381","383","381","381","381","382","381","382"
"5909","20231002","948","951","932","932","941.3886","22900","21557800","948","951","945","946","946","946","932","932"
"5911","20231002","2810","2840","2788","2788","2808.8547","114900","322737400","2810","2840","2800","2827","2828","2828","2788","2788"
"5915","20231002","2049","2060","1973","1975","2010.4124","146700","294927500","2049","2060","2004","2019","2020","2020","1973","1975"
"5918","20231002","-","-","-","-","-","-","-","-","-","-","-","-","-","-","-"
"5921","20231002","3290","3315","3265","3315","3283.3333","900","2955000","3290","3290","3290","3290","3265","3315","3265","3315"
"5922","20231002","8740","8870","8740","8830","8830","900","7947000","8740","8870","8740","8870","8760","8830","8760","8830"
"5923","20231002","3300","3340","3255","3255","3299.6429","2800","9239000","3300","3340","3300","3340","3340","3340","3255","3255"
"5928","20231002","298","299","297","297","297.3565","11500","3419600","298","298","297","297","297","299","297","297"
"5929","20231002","1994","2019.5","1982.5","1983","1996.8139","814400","1626205200","1994","2019.5","1988","2010.5","2007.5","2016.5","1982.5","1983"
"5930","20231002","1116","1121","1103","1103","1111.3218","119000","132247300","1116","1121","1112","1115","1112","1114","1103","1103"
"5932","20231002","949","971","943","944","955.4683","209700","200361700","949","971","946","963","963","963","943","944"
"5933","20231002","1083","1097","1076","1079","1086.3639","40400","43889100","1083","1097","1078","1092","1090","1091","1076","1079"
"5935","20231002","2229","2370","2165","2240","2268.6553","20600","46734300","2229","2362","2165","2362","2365","2370","2240","2240"
"5936","20231002","642","649","640","642","642.1637","22600","14512900","642","649","642","642","640","642","640","642"
"5938","20231002","1749","1771","1738","1741.5","1753.2949","2660300","4664290350","1749","1771","1746.5","1765.5","1766.5","1766.5","1738","1741.5"
"5939","20231002","7890","7940","7000","7050","7394.8438","19200","141981000","7890","7940","7000","7240","7280","7290","7030","7050"
"5940","20231002","78","80","78","78","78.4819","328500","25781300","78","79","78","78","79","80","78","78"
"5941","20231002","1654","1654","1645","1646","1650.2273","2200","3630500","1654","1654","1650","1650","1654","1654","1645","1646"
"5942","20231002","482","482","473","478","477.6415","80900","38641200","482","482","479","479","480","481","473","478"
"5943","20231002","1588","1604","1581","1584","1592.4522","118300","188387100","1588","1604","1588","1601","1600","1600","1581","1584"
"5945","20231002","1635","1635","1632","1632","1634.6","1500","2451900","1635","1635","1632","1632","1632","1632","1632","1632"
"5946","20231002","2096","2114","2073","2073","2089.2878","47600","99450100","2096","2114","2093","2103","2102","2102","2073","2073"
"5947","20231002","2826","2838","2795.5","2800","2809.827","558100","1568164450","2826","2838","2819.5","2829.5","2820","2825.5","2795.5","2800"
"5949","20231002","1200","1204","1156","1159","1179.4144","241300","284592700","1200","1204","1185","1192","1190","1191","1156","1159"
"5950","20231002","121","122","120","121","120.9638","22100","2673300","121","122","120","121","121","122","121","121"
"5951","20231002","737","746","731","731","736.32","20000","14726400","737","746","737","740","740","742","731","731"
"5952","20231002","141","144","140","141","141.4576","114500","16196900","141","144","141","142","142","144","140","141"
"5955","20231002","89","89","85","85","87.3616","1057800","92411100","89","89","88","88","87","88","85","85"
"5956","20231002","538","542","538","540","539.5","1400","755300","538","542","538","542","541","541","538","540"
"5957","20231002","600","614","599","604","606.1506","389900","236338100","600","614","599","611","610","610","601","604"
"5958","20231002","2094","2129","2062","2082","2091.9492","5900","12342500","2094","2129","2094","2129","2129","2129","2062","2082"
"5959","20231002","757","764","750","750","758.0997","76200","57767200","757","764","755","760","760","760","750","750"
"5962","20231002","1460","1460","1460","1460","1460","100","146000","1460","1460","1460","1460","-","-","-","-"
"5965","20231002","826","843","822","830","833.0611","18000","14995100","826","839","822","839","840","843","829","830"
"5966","20231002","2357","2524","2160","2218","2314.2453","15900","36796500","2357","2524","2325","2325","2352","2352","2160","2218"
"5967","20231002","1184","1291","1184","1204","1207.4563","10300","12436800","1184","1291","1184","1203","1231","1231","1200","1204"
"5969","20231002","1223","1223","1223","1223","1223","200","244600","1223","1223","1223","1223","-","-","-","-"
"5970","20231002","1833","1860","1820","1823","1836.2896","92900","170591300","1833","1860","1831","1855","1853","1857","1820","1823"
"5971","20231002","4625","4780","4625","4780","4671.25","400","1868500","4625","4640","4625","4640","4780","4780","4780","4780"
"5973","20231002","579","580","576","580","578.1429","700","404700","579","579","578","578","578","580","576","580"
"5974","20231002","717","721","705","708","712.7949","7800","5559800","717","721","714","714","714","715","705","708"
"5975","20231002","1706","1744","1702","1704","1718.7878","104600","179785200","1706","1744","1704","1736","1737","1738","1702","1704"
"5976","20231002","1025","1039","1017","1020","1029.4245","236500","243458900","1025","1039","1024","1034","1035","1035","1017","1020"
"5981","20231002","1375","1407","1365","1367","1387.7785","73600","102140500","1375","1407","1375","1399","1394","1395","1365","1367"
"5982","20231002","2080","2102","2080","2089","2091.6757","14800","30956800","2080","2102","2080","2098","2094","2094","2083","2089"
"5983","20231002","5960","6100","5930","5940","5994.6512","4300","25777000","5960","6100","5940","6100","6040","6070","5930","5940"
"5984","20231002","742","742","723","735","730.75","4800","3507600","742","742","723","731","731","735","728","735"
"5985","20231002","494","503","492","493","497.4744","72300","35967400","494","503","494","499","500","500","492","493"
"5986","20231002","320","322","310","311","315.0089","90200","28413800","320","322","317","318","319","319","310","311"
"5987","20231002","1684","1706","1684","1690","1690.7193","5700","9637100","1684","1706","1684","1698","1690","1690","1689","1690"
"5988","20231002","2300","2344","2292","2295","2313.5678","91400","211460100","2300","2344","2292","2332","2329","2329","2293","2295"
"5989","20231002","877","900","871","871","883.2338","55600","49107800","877","900","877","893","888","890","871","871"
"5990","20231002","1973","2019","1973","1990","1994.3333","2100","4188100","1973","2019","1973","2019","1991","1991","1990","1990"
"5991","20231002","1145.5","1148.5","1129.5","1130","1137.5464","411400","467986600","1145.5","1148.5","1138.5","1146","1144.5","1145.5","1129.5","1130"
"5992","20231002","800","817","796","796","803.2238","42000","33735400","800","817","800","810","808","809","796","796"
"5994","20231002","1456","1469","1391","1442","1428.4248","11300","16141200","1456","1456","1450","1450","1422","1469","1391","1442"
"5997","20231002","650","656","634","640","645.6146","9600","6197900","650","656","634","646","645","645","637","640"
"5998","20231002","1046","1046","1003","1003","1015.3774","5300","5381500","1046","1046","1010","1022","1025","1025","1003","1003"
"6005","20231002","3040","3058","2972.5","2977","3003.5096","410700","1233541400","3040","3058","3013","3022","3017","3023","2972.5","2977"
"6013","20231002","1548","1564","1534","1549","1550.2187","240500","372827600","1548","1564","1534","1560","1555","1559","1537","1549"
"6016","20231002","5050","5180","4915","5060","5050.7749","27100","136876000","5050","5180","4915","5090","5100","5100","4990","5060"
"6018","20231002","1749","1749","1704","1707","1716.1319","9100","15616800","1749","1749","1704","1715","1717","1720","1705","1707"
"6022","20231002","2151","2168","2150","2161","2153.5","4200","9044700","2151","2155","2150","2155","2167","2168","2161","2161"
"6023","20231002","875","887","856","856","870.5124","89000","77475600","875","887","875","878","878","881","856","856"
"6026","20231002","4830","4830","4375","4515","4543.0612","9800","44522000","4830","4830","4510","4535","4515","4515","4375","4515"
"6027","20231002","4900","5070","4760","4760","4905.7206","281000","1378507500","4900","5070","4855","4935","4975","4975","4760","4760"
"6028","20231002","3271","3278","3176","3176","3209.5931","291700","936238300","3271","3278","3237","3242","3243","3243","3176","3176"
"6029","20231002","206","209","198","198","202.0981","141700","28637300","206","209","205","207","207","207","198","198"
"6030","20231002","5250","5320","5080","5110","5222.4502","80400","419885000","5250","5320","5210","5260","5230","5260","5080","5110"
"6031","20231002","1130","1139","1112","1119","1125.0182","16500","18562800","1130","1139","1118","1123","1118","1135","1112","1119"
"6033","20231002","1365","1379","1354","1367","1366.6795","15600","21320200","1365","1379","1354","1372","1372","1372","1356","1367"
"6034","20231002","1141","1145","1125","1125","1132.541","12200","13817000","1141","1145","1130","1135","1134","1134","1125","1125"
"6035","20231002","1748","1782","1698","1699","1726.75","278800","481417900","1748","1782","1715","1723","1726","1738","1698","1699"
"6036","20231002","5830","5860","5640","5640","5735.0118","169400","971511000","5830","5860","5720","5770","5740","5790","5640","5640"
"6037","20231002","527","534","527","530","530.7018","11400","6050000","527","534","527","534","532","532","529","530"
"6038","20231002","775","776","772","775","774.8095","2100","1627100","775","776","772","773","775","775","775","775"
"6039","20231002","1835","1837","1787","1806","1812.3214","2800","5074500","1835","1837","1787","1820","1806","1806","1806","1806"
"6040","20231002","1130","1132","1068","1075","1089.1894","115100","125365700","1130","1132","1081","1087","1087","1102","1068","1075"
"6042","20231002","-","-","-","-","-","-","-","-","-","-","-","-","-","-","-"
"6044","20231002","1017","1047","1017","1022","1031.6594","13800","14236900","1017","1047","1017","1038","1035","1035","1019","1022"
"6045","20231002","505","505","485","490","495.0484","12400","6138600","505","505","490","490","490","490","485","490"
"6046","20231002","185","185","182","183","184.0816","4900","902000","185","185","185","185","185","185","182","183"
"6047","20231002","609","609","591","591","597.8317","121800","72815900","609","609","598","601","600","600","591","591"
"6048","20231002","164","170","164","166","166.0567","47600","7904300","164","165","164","164","164","170","164","166"
"6049","20231002","324","328","317","317","320.5291","84300","27020600","324","328","319","320","319","322","317","317"
"6050","20231002","2665","2665","2292","2292","2455.1514","127500","313031800","2665","2665","2400","2400","2370","2371","2292","2292"
"6054","20231002","333","338","325","326","330.034","105800","34917600","333","338","333","333","332","333","325","326"
"6055","20231002","2303","2369","2285","2334","2336.4673","325500","760520100","2303","2368","2285","2365","2369","2369","2325","2334"
"6058","20231002","1242","1255","1212","1212","1231.49","289200","356146900","1242","1255","1231","1242","1238","1239","1212","1212"
"6059","20231002","358","364","358","360","360.8095","12600","4546200","358","364","358","363","362","362","359","360"
"6060","20231002","1016","1016","1016","1016","1016","200","203200","1016","1016","1016","1016","-","-","-","-"
"6061","20231002","4825","4880","4735","4820","4809.1176","1700","8175500","4825","4880","4780","4780","4810","4870","4735","4820"
"6062","20231002","1165","1177","1141","1142","1157.0884","132300","153082800","1165","1177","1156","1166","1164","1165","1141","1142"
"6063","20231002","848","848","833","833","842.2632","1900","1600300","848","848","840","840","835","839","833","833"
"6069","20231002","1155","1171","1149","1149","1159.1465","47100","54595800","1155","1171","1151","1163","1165","1165","1149","1149"
"6070","20231002","2440","2485","2424","2425","2446.6813","91000","222648000","2440","2485","2437","2461","2462","2462","2424","2425"
"6071","20231002","637","640","621","624","628.1036","236400","148483700","637","640","628","628","628","629","621","624"
"6072","20231002","124","125","123","123","123.6969","60700","7508400","124","125","123","123","124","124","123","123"
"6073","20231002","1581","1586","1569","1569","1577.5807","123300","194515700","1581","1586","1574","1584","1586","1586","1569","1569"
"6074","20231002","577","579","571","571","576.7778","1800","1038200","577","579","577","579","572","572","571","571"
"6078","20231002","1271","1284","1260","1260","1273.2671","103700","132037800","1271","1284","1268","1282","1280","1280","1260","1260"
"6080","20231002","2690","2728","2631","2640","2679.59","119500","320211000","2690","2728","2672","2695","2692","2692","2631","2640"
"6081","20231002","340","340","331","332","334.7342","69600","23297500","340","340","335","335","336","336","331","332"
"6082","20231002","1035","1039","1012","1012","1022.0235","42500","43436000","1035","1039","1017","1017","1016","1022","1012","1012"
"6083","20231002","1823","1850","1733","1734","1778.4354","436200","775753500","1823","1850","1748","1771","1771","1772","1733","1734"
"6085","20231002","501","510","501","505","505.1364","4400","2222600","501","510","501","507","504","510","502","505"
"6086","20231002","1735","1735","1640","1672","1678.8538","43100","72358600","1735","1735","1640","1647","1651","1711","1647","1672"
"6087","20231002","3300","3305","3240","3240","3274.7337","16900","55343000","3300","3305","3295","3300","3300","3300","3240","3240"
"6088","20231002","1594","1646","1571","1572","1606.0597","324700","521487600","1594","1646","1586","1611","1607","1609","1571","1572"
"6089","20231002","1087","1098","1075","1075","1084.4149","28200","30580500","1087","1098","1087","1094","1094","1094","1075","1075"
"6090","20231002","733","736","725","725","729.6522","4600","3356400","733","736","727","727","727","728","725","725"
"6091","20231002","526","531","521","521","526.0186","21500","11309400","526","531","521","525","527","527","521","521"
"6092","20231002","624","632","616","620","622.8851","26100","16257300","624","632","624","626","626","626","616","620"
"6093","20231002","147","148","145","145","146.3073","132100","19327200","147","148","146","146","147","147","145","145"
"6094","20231002","958","958","904","904","920.0799","110200","101392800","958","958","920","925","925","925","904","904"
"6095","20231002","1034","1049","1017","1025","1030.1516","182700","188208700","1034","1049","1023","1031","1030","1032","1017","1025"
"6096","20231002","1032","1052","1012","1019","1032.324","35800","36957200","1032","1052","1032","1044","1041","1041","1012","1019"
"6098","20231002","4626","4683","4586","4590","4619.42","3947700","18236084500","4626","4683","4586","4642","4634","4644","4589","4590"
"6099","20231002","823","827","799","799","811.3953","132300","107347600","823","827","813","814","813","815","799","799"
"6101","20231002","1166","1177","1153","1153","1164.7549","228900","266612400","1166","1177","1164","1170","1170","1171","1153","1153"
"6103","20231002","6673","6842","6630","6641","6710.1528","171500","1150791200","6673","6842","6672","6789","6782","6782","6630","6641"
"6104","20231002","4130","4230","4130","4175","4198.7818","227800","956482500","4130","4230","4130","4225","4230","4230","4175","4175"
"6113","20231002","1519","1538","1506.5","1506.5","1518.7656","1093200","1660314500","1519","1538","1517.5","1536","1535","1536","1506.5","1506.5"
"6118","20231002","1001","1017","995","995","1001.8703","79400","79548500","1001","1017","1001","1009","1003","1008","995","995"
"6121","20231002","2595","2600","2594","2594","2596.0749","161600","419525700","2595","2600","2594","2594","2594","2595","2594","2594"
"6125","20231002","5640","5830","5630","5710","5737.6638","116000","665569000","5640","5830","5630","5760","5750","5770","5660","5710"
"6131","20231002","1570","1615","1543","1557","1578.196","30100","47503700","1570","1615","1560","1584","1584","1584","1543","1557"
"6134","20231002","2344","2389.5","2331","2334.5","2354.525","296000","696939400","2344","2389.5","2333.5","2387","2387","2387","2331","2334.5"
"6135","20231002","6590","6730","6480","6510","6601.079","165900","1095119000","6590","6730","6560","6670","6670","6670","6480","6510"
"6136","20231002","1788","1813","1782","1785","1794.68","372800","669056700","1788","1813","1786.5","1809","1804","1807.5","1782","1785"
"6137","20231002","3820","3880","3720","3720","3781.1628","8600","32518000","3820","3880","3795","3795","3795","3810","3720","3720"
"6138","20231002","932","958","932","936","946.4074","2700","2555300","932","958","932","958","950","950","936","936"
"6140","20231002","897","908","893","893","899.7276","177300","159521700","897","907","894","907","908","908","893","893"
"6141","20231002","2570","2607.5","2545","2547.5","2573.8945","787500","2026941950","2570","2607.5","2551","2601","2601.5","2601.5","2545","2547.5"
"6143","20231002","743","778","742","761","764.7565","560100","428340100","743","775","742","775","776","778","760","761"
"6144","20231002","1382","1405","1382","1403","1398.875","800","1119100","1382","1382","1382","1382","1398","1405","1398","1403"
"6145","20231002","2474","2506","2462","2462","2477.5888","50100","124127200","2474","2506","2474","2486","2486","2486","2462","2462"
"6146","20231002","27600","28525","27475","28140","28179.777","1199400","33798824500","27600","28525","27475","28495","28495","28510","28040","28140"
"6147","20231002","390","403","385","393","394.4091","24200","9544700","390","403","385","394","394","394","393","393"
"6149","20231002","2520","2576","2486","2488","2535.3306","36600","92793100","2520","2576","2513","2546","2546","2546","2486","2488"
"6150","20231002","2631","2631","2600","2609","2613.0571","3500","9145700","2631","2631","2615","2615","2617","2618","2600","2609"
"6151","20231002","1985","2017","1973","1973","1983.9237","11800","23410300","1985","2017","1980","2006","2001","2001","1973","1973"
"6155","20231002","538","538","531","534","533.3214","2800","1493300","538","538","531","531","533","534","532","534"
"6156","20231002","1985","1999","1980","1980","1991.9839","6200","12350300","1985","1999","1985","1994","1999","1999","1980","1980"
"6157","20231002","1049","1053","1027","1031","1037.5796","31400","32580000","1049","1053","1038","1044","1041","1042","1027","1031"
"6158","20231002","1057","1076","1057","1058","1066.4727","11000","11731200","1057","1076","1057","1067","1065","1066","1058","1058"
"6159","20231002","1584","1699","1584","1611","1649.325","4000","6597300","1584","1699","1584","1699","1683","1683","1611","1611"
"6161","20231002","955","955","940","944","951.5238","2100","1998200","955","955","940","952","947","950","944","944"
"6164","20231002","1408","1419","1379","1405","1402.4444","1800","2524400","1408","1408","1379","1390","1418","1419","1405","1405"
"6165","20231002","435","448","435","437","442.4747","154000","68141100","435","448","435","447","445","445","437","437"
"6166","20231002","497","500","489","490","492.9877","32400","15972800","497","500","495","495","495","495","489","490"
"6167","20231002","637","647","635","635","641.3434","56500","36235900","637","647","637","645","642","644","635","635"
"6171","20231002","338","341","335","337","338","9200","3109600","338","341","335","341","339","339","337","337"
"6173","20231002","575","578","532","532","550.8215","74500","41036200","575","578","547","559","552","559","532","532"
"6176","20231002","910","910","843","843","870.8163","150800","131319100","910","910","858","860","860","862","843","843"
"6177","20231002","123","124","121","121","122.3504","83900","10265200","123","124","123","123","123","124","121","121"
"6178","20231002","1201","1242.5","1201","1231","1229.8513","15291800","18806639950","1201","1242.5","1201","1238.5","1235","1239","1228.5","1231"
"6180","20231002","2648","2648","2648","2648","2648","100","264800","2648","2648","2648","2648","-","-","-","-"
"6181","20231002","117","122","116","117","118.137","888800","105000200","117","122","116","119","120","120","116","117"
"6182","20231002","1249","1257","1207","1207","1226.1565","52400","64250600","1249","1257","1228","1230","1230","1231","1207","1207"
"6183","20231002","1580","1595","1569","1572","1580.1769","205200","324252300","1580","1595","1580","1581","1584","1585","1569","1572"
"6184","20231002","624","625","601","604","608.8259","210800","128340500","624","625","608","609","609","610","601","604"
"6185","20231002","421","424","419","419","421.8902","26400","11137900","421","424","421","422","422","424","419","419"
"6186","20231002","584","592","581","587","585.0328","12200","7137400","584","592","584","589","586","587","581","587"
"6188","20231002","419","419","416","416","418.8333","1800","753900","419","419","419","419","419","419","416","416"
"6189","20231002","632","641","625","626","633.0875","32000","20258800","632","641","632","636","639","639","625","626"
"6190","20231002","557","560","539","555","550.9609","17900","9862200","557","560","555","555","558","558","539","555"
"6191","20231002","2105","2137","2059","2060","2085.866","296200","617833500","2105","2137","2086","2090","2087","2093","2059","2060"
"6192","20231002","86","86","84","84","84.369","18700","1577700","86","86","85","86","86","86","84","84"
"6193","20231002","1012","1024","1001","1011","1013.341","21700","21989500","1012","1024","1001","1001","1020","1020","1005","1011"
"6194","20231002","1066","1092","1048","1052","1068.9887","186400","199259500","1066","1092","1065","1078","1073","1077","1048","1052"
"6195","20231002","280","284","271","271","276.7104","85300","23603400","280","284","276","276","276","276","271","271"
"6196","20231002","3360","3420","3300","3310","3356.5524","77300","259461500","3360","3420","3345","3395","3380","3380","3300","3310"
"6197","20231002","622","630","610","610","619.5965","304600","188729100","622","630","620","622","619","620","610","610"
"6198","20231002","382","386","382","382","383.5375","8000","3068300","382","386","382","386","386","386","382","382"
"6199","20231002","1314","1346","1295","1295","1318.3537","109400","144227900","1314","1346","1314","1319","1315","1319","1295","1295"
"6200","20231002","1044","1045","1005","1005","1022.6198","363000","371211000","1044","1045","1023","1023","1025","1025","1005","1005"
"6201","20231002","11655","12045","11655","11710","11791.1765","598800","7060556500","11655","12045","11655","11915","11910","11920","11675","11710"
"6203","20231002","785","792","778","778","785.1718","35500","27873600","785","792","784","789","788","789","778","778"
"6208","20231002","1265","1279","1260","1260","1270.4574","12900","16388900","1265","1279","1265","1278","1273","1273","1260","1260"
"6209","20231002","1833","1924","1710","1740","1844.3008","157900","291215100","1833","1924","1830","1900","1901","1901","1710","1740"
"6210","20231002","690","699","686","686","691.676","92900","64256700","690","699","690","696","696","696","686","686"
"6217","20231002","437","440","435","435","436.3714","3500","1527300","437","440","435","435","435","435","435","435"
"6218","20231002","769","790","758","758","770.8602","41500","31990700","769","790","769","780","777","777","758","758"
"6222","20231002","1780","1794","1743","1745","1760.2866","167500","294848000","1780","1794","1761","1776","1770","1775","1743","1745"
"6224","20231002","737","743","727","727","734.3824","52300","38408200","737","743","728","739","739","742","727","727"
"6226","20231002","1278","1290","1228","1228","1251.1794","100900","126244000","1278","1290","1247","1251","1257","1261","1228","1228"
"6227","20231002","3355","3430","3275","3340","3346.9101","475100","1590117000","3355","3430","3275","3330","3320","3380","3320","3340"
"6228","20231002","3900","4055","3740","3780","3904.0341","190500","743718500","3900","4055","3885","3975","3940","3950","3740","3780"
"6229","20231002","1456","1467","1436","1467","1455.1284","10900","15860900","1456","1466","1436","1459","1458","1467","1445","1467"
"6230","20231002","3210","3210","3150","3150","3181.3636","1100","3499500","3210","3210","3185","3185","3165","3165","3150","3150"
"6231","20231002","3440","3725","3440","3700","3648.5192","26000","94861500","3440","3725","3440","3680","3695","3700","3645","3700"
"6232","20231002","1270","1324","1218","1229","1264.5488","144500","182727300","1270","1324","1253","1253","1251","1251","1218","1229"
"6233","20231002","567","567","561","561","566.0769","2600","1471800","567","567","567","567","561","561","561","561"
"6235","20231002","1850","1870","1824","1827","1845.0665","269100","496507400","1850","1869","1839","1869","1870","1870","1824","1827"
"6236","20231002","1688","1688","1589","1589","1632.8966","2900","4735400","1688","1688","1650","1650","1637","1638","1589","1589"
"6237","20231002","1790","1848","1790","1831","1831.5261","40300","73810500","1790","1848","1790","1848","1848","1848","1823","1831"
"6238","20231002","1545","1550","1517","1532","1534.3128","144800","222168500","1545","1550","1517","1523","1523","1545","1523","1532"
"6239","20231002","1032","1100","1021","1070","1052.7138","89100","93796800","1032","1100","1021","1060","1060","1085","1051","1070"
"6240","20231002","349","358","342","342","348.9832","613000","213926700","349","358","346","347","347","348","342","342"
"6245","20231002","2184","2187","2139","2143","2160.9263","9500","20528800","2184","2187","2165","2168","2177","2177","2139","2143"
"6246","20231002","1717","1717","1651","1653","1671.1282","11700","19552200","1717","1717","1696","1696","1696","1697","1651","1653"
"6247","20231002","957","971","953","955","961.2383","100300","96412200","957","971","957","967","965","967","953","955"
"6248","20231002","1221","1235","1220","1230","1225.6364","3300","4044600","1221","1235","1221","1234","1235","1235","1220","1230"
"6249","20231002","4180","4190","4010","4020","4081.4484","341400","1393406500","4180","4190","4035","4130","4120","4120","4010","4020"
"6250","20231002","1450","1462","1426","1427","1441.1124","100500","144831800","1450","1462","1446","1450","1450","1450","1426","1427"
"6254","20231002","6140","6180","5860","5880","5979.2886","98400","588362000","6140","6180","6100","6110","6090","6090","5860","5880"
"6255","20231002","648","659","639","641","647.3534","245600","158990000","648","659","644","651","651","652","639","641"
"6257","20231002","1408","1420","1385","1386","1395.6446","120700","168454300","1408","1420","1392","1395","1399","1399","1385","1386"
"6258","20231002","7560","7730","7520","7540","7623.248","62500","476453000","7560","7730","7540","7720","7710","7710","7520","7540"
"6262","20231002","617","626","610","610","618.7205","82300","50920700","617","626","614","624","623","623","610","610"
"6264","20231002","1770","1806","1758","1758","1779.5785","103200","183652500","1770","1806","1765","1801","1800","1800","1758","1758"
"6265","20231002","1794","1795","1794","1795","1794.3333","300","538300","1794","1794","1794","1794","1794","1795","1794","1795"
"6266","20231002","2949","3080","2923","3055","3023.1241","302900","915704300","2949","3050","2923","3040","3050","3080","2999","3055"
"6267","20231002","2843","2843","2843","2843","2843","100","284300","2843","2843","2843","2843","-","-","-","-"
"6268","20231002","2712","2785","2709.5","2723","2743.2668","798700","2191047200","2712","2785","2709.5","2780.5","2770","2770.5","2723","2723"
"6269","20231002","1882","1894","1822","1826","1855.1636","284800","528350600","1882","1894","1844","1864","1863","1863","1822","1826"
"6272","20231002","1336","1352","1308","1309","1326.349","67900","90059100","1336","1352","1334","1343","1338","1338","1308","1309"
"6273","20231002","67500","69920","67390","68220","68729.8656","327300","22495285000","67500","69800","67390","69640","69770","69920","68220","68220"
"6276","20231002","344","344","337","337","339.8776","4900","1665400","344","344","341","341","340","340","337","337"
"6277","20231002","4120","4175","4085","4095","4125.4474","44700","184407500","4120","4175","4085","4170","4170","4170","4090","4095"
"6278","20231002","3880","3925","3860","3870","3888.1628","21500","83595500","3880","3925","3880","3925","3915","3915","3860","3870"
"6279","20231002","1215","1248","1207","1229","1231.8607","140700","173322800","1215","1248","1207","1238","1235","1244","1221","1229"
"6282","20231002","2026","2038","2004","2004","2014.5934","30500","61445100","2026","2038","2012","2030","2028","2028","2004","2004"
"6284","20231002","4490","4535","4430","4450","4481.2598","50800","227648000","4490","4535","4430","4490","4480","4500","4450","4450"
"6286","20231002","668","674","668","670","669.8462","1300","870800","668","670","668","670","670","674","670","670"
"6287","20231002","2121","2155","2121","2122","2136.6746","122300","261315300","2121","2155","2121","2142","2142","2146","2122","2122"
"6289","20231002","2010","2022","1980","1985","1993.9274","111500","222322900","2010","2022","1996","1996","1992","1998","1980","1985"
"6291","20231002","1311","1335","1311","1317","1325.6548","67200","89084000","1311","1335","1311","1334","1334","1335","1315","1317"
"6292","20231002","1121","1144","1114","1114","1129.9209","63200","71411000","1121","1144","1118","1141","1140","1140","1114","1114"
"6293","20231002","1019","1043","1019","1027","1031.4223","25100","25888700","1019","1043","1019","1043","1036","1038","1026","1027"
"6294","20231002","2104","2129","2053","2054","2085.8768","41400","86355300","2104","2129","2089","2091","2089","2089","2053","2054"
"6297","20231002","475","480","474","478","477.1395","8600","4103400","475","479","475","477","480","480","474","478"
"6298","20231002","2637","2647","2529","2529","2573.422","264700","681184800","2637","2647","2582","2603","2602","2602","2529","2529"
"6301","20231002","4075","4130","4035","4039","4078.4551","5361400","21866229000","4075","4130","4058","4110","4105","4115","4035","4039"
"6302","20231002","3814","3854","3721","3721","3774.0384","562500","2122896600","3814","3854","3794","3817","3816","3819","3721","3721"
"6305","20231002","4578","4683","4561","4608","4626.0185","1018500","4711599800","4578","4683","4561","4669","4664","4669","4599","4608"
"6306","20231002","658","666","655","655","659.8685","44100","29100200","658","666","658","663","664","666","655","655"
"6307","20231002","384","388","380","382","383.485","20000","7669700","384","388","384","388","384","385","380","382"
"6309","20231002","3095","3145","3085","3110","3110.9854","54800","170482000","3095","3145","3085","3110","3110","3140","3085","3110"
"6310","20231002","1191","1201","1173","1173","1185.8165","85000","100794400","1191","1201","1191","1196","1192","1193","1173","1173"
"6312","20231002","791","795","767","767","778.5482","19700","15337400","791","795","783","783","782","782","767","767"
"6315","20231002","4120","4320","4085","4280","4264.497","1115400","4756620000","4120","4315","4085","4280","4280","4320","4245","4280"
"6316","20231002","2256","2309","2256","2261","2284.8497","19300","44097600","2256","2309","2256","2292","2299","2305","2261","2261"
"6317","20231002","1520","1624","1504","1605","1566.1553","609100","953945200","1520","1610","1504","1603","1610","1624","1591","1605"
"6319","20231002","249","251","247","247","249.2819","108900","27146800","249","251","248","251","250","251","247","247"
"6322","20231002","1599","1642","1599","1634","1620.7692","1300","2107000","1599","1602","1599","1602","1642","1642","1631","1634"
"6323","20231002","10220","10280","9990","10000","10124.3322","242600","2456163000","10220","10280","10140","10230","10190","10200","9990","10000"
"6324","20231002","3345","3470","3330","3340","3403.1968","429800","1462694000","3345","3470","3335","3450","3450","3450","3330","3340"
"6325","20231002","474","479","474","474","475.2131","6100","2898800","474","479","474","475","475","476","474","474"
"6326","20231002","2209.5","2244","2182","2182","2205.8327","3128800","6901609400","2209.5","2244","2208","2227.5","2225","2226.5","2182","2182"
"6327","20231002","900","928","888","888","904.2045","52800","47742000","900","928","897","905","905","905","888","888"
"6328","20231002","2756","2765","2689","2689","2718.9198","26200","71235700","2756","2765","2715","2740","2740","2740","2689","2689"
"6330","20231002","694","701","674","674","686.2199","131400","90169300","694","701","687","692","690","691","674","674"
"6331","20231002","2775","2821","2752","2756","2780.6063","25400","70627400","2775","2821","2775","2801","2801","2801","2752","2756"
"6332","20231002","1335","1341","1308","1315","1323.34","65000","86017100","1335","1341","1308","1335","1336","1336","1314","1315"
"6333","20231002","2550","2582","2511","2518","2539.625","30400","77204600","2550","2582","2550","2563","2552","2563","2511","2518"
"6334","20231002","347","348","339","342","343.7692","33800","11619400","347","348","340","346","346","346","339","342"
"6335","20231002","393","393","390","390","391.0833","6000","2346500","393","393","393","393","393","393","390","390"
"6336","20231002","779","779","750","756","767.1985","26200","20100600","779","779","767","775","773","773","750","756"
"6337","20231002","3005","3115","2980","3075","3067.6226","46100","141417400","3005","3115","2980","3090","3085","3095","3045","3075"
"6338","20231002","5480","5530","5210","5210","5334.7459","92500","493464000","5480","5530","5310","5340","5360","5360","5210","5210"
"6339","20231002","1091","1108","1077","1077","1090.0543","68200","74341700","1091","1108","1090","1106","1106","1106","1077","1077"
"6340","20231002","2535","2560","2506","2506","2525.8327","25100","63398400","2535","2560","2520","2558","2558","2558","2506","2506"
"6342","20231002","2480","2499","2453","2453","2478.9","1000","2478900","2480","2499","2480","2495","2495","2495","2453","2453"
"6343","20231002","112","112","111","112","111.375","11200","1247400","112","112","111","111","111","112","111","112"
"6345","20231002","1007","1018","1002","1007","1010.5487","70900","71647900","1007","1018","1002","1014","1014","1015","1004","1007"
"6346","20231002","4235","4235","4230","4230","4231.6667","300","1269500","4235","4235","4230","4230","4230","4230","4230","4230"
"6347","20231002","246","249","245","247","247.4545","1100","272200","246","249","245","247","249","249","247","247"
"6349","20231002","1063","1084","1058","1059","1067.116","58600","62533000","1063","1084","1059","1084","1082","1084","1058","1059"
"6351","20231002","3000","3045","2964","2985","2994.4396","54600","163496400","3000","3045","2964","3010","3005","3010","2973","2985"
"6356","20231002","391","397","385","385","390.665","39100","15275000","391","397","391","394","393","393","385","385"
"6357","20231002","1250","1264","1231","1239","1242.498","25500","31683700","1250","1264","1242","1245","1243","1243","1231","1239"
"6358","20231002","5420","5490","5340","5360","5412.7106","27300","147767000","5420","5490","5370","5450","5470","5470","5340","5360"
"6360","20231002","2788","2869","2746","2754","2806.5824","9100","25539900","2788","2795","2787","2790","2840","2869","2746","2754"
"6361","20231002","7000","7066","6911","6911","6985.5093","383700","2680339900","7000","7066","6985","7053","7043","7051","6911","6911"
"6362","20231002","3100","3110","3035","3035","3070.4","2500","7676000","3100","3110","3100","3100","3090","3090","3035","3035"
"6363","20231002","1911","1944","1900","1900","1919.2247","66300","127244600","1911","1944","1910","1934","1930","1936","1900","1900"
"6364","20231002","2081","2131","2061","2061","2087.5858","54800","114399700","2081","2131","2079","2111","2102","2103","2061","2061"
"6365","20231002","3705","3715","3690","3705","3701","1000","3701000","3705","3705","3690","3690","3715","3715","3705","3705"
"6366","20231002","381","382","374","374","377.6079","806700","304616300","381","382","378","380","380","380","374","374"
"6367","20231002","23865","24120","23580","23650","23822.7072","1058100","25206806500","23865","24120","23580","23950","23930","23955","23645","23650"
"6368","20231002","4225","4360","4170","4170","4260.0988","232700","991325000","4225","4360","4225","4275","4260","4270","4170","4170"
"6369","20231002","3385","3420","3330","3335","3371.4057","28100","94736500","3385","3420","3385","3400","3400","3400","3330","3335"
"6370","20231002","5256","5281","5178","5184","5216.4978","299300","1561297800","5256","5281","5220","5248","5249","5250","5178","5184"
"6371","20231002","3875","3950","3860","3895","3914.0392","109800","429761500","3875","3950","3860","3940","3940","3940","3895","3895"
"6373","20231002","792","805","780","781","790.6857","189600","149914000","792","805","780","798","798","800","781","781"
"6376","20231002","1024","1031","998","999","1014.0676","184800","187399700","1024","1031","1019","1024","1022","1022","998","999"
"6378","20231002","752","756","732","735","743.6791","53600","39861200","752","756","746","750","748","748","732","735"
"6379","20231002","1450","1483","1435","1438","1450.1522","33500","48580100","1450","1483","1450","1465","1457","1465","1435","1438"
"6380","20231002","2090","2150","2000","2059","2067.8977","17600","36395000","2090","2150","2000","2057","2007","2074","2002","2059"
"6381","20231002","1208","1222","1194","1195","1205.8409","59700","71988700","1208","1222","1200","1218","1218","1218","1194","1195"
"6382","20231002","945","945","927","927","938.1379","2900","2720600","945","945","937","944","938","939","927","927"
"6383","20231002","2851","2893","2819.5","2819.5","2846.9756","1830900","5212527550","2851","2893","2850.5","2873","2869","2870.5","2819.5","2819.5"
"6384","20231002","1400","1400","1391","1391","1398.4481","108900","152291000","1400","1400","1393","1395","1400","1400","1391","1391"
"6387","20231002","4325","4420","4310","4325","4354.951","71400","310943500","4325","4420","4310","4395","4395","4415","4320","4325"
"6390","20231002","1215","1323","1215","1289","1294.9925","331300","429031000","1215","1323","1215","1308","1304","1316","1289","1289"
"6391","20231002","4620","4660","4620","4645","4643.5","1000","4643500","4620","4620","4620","4620","4650","4660","4645","4645"
"6392","20231002","4375","4420","4270","4415","4361.0784","5100","22241500","4375","4420","4360","4405","4340","4415","4270","4415"
"6393","20231002","2293","2327","2284","2284","2302.1293","11600","26704700","2293","2327","2291","2313","2324","2324","2284","2284"
"6395","20231002","1265","1288.5","1257.5","1259","1268.4928","327300","415177700","1265","1288.5","1262.5","1285","1284","1284.5","1257.5","1259"
"6396","20231002","-","-","-","-","-","-","-","-","-","-","-","-","-","-","-"
"6400","20231002","351","355","348","351","351.9643","5600","1971000","351","355","348","352","352","352","351","351"
"6402","20231002","1175","1176","1171","1173","1174.2727","1100","1291700","1175","1176","1171","1176","1176","1176","1173","1173"
"6403","20231002","1421","1431","1419","1419","1423.1111","900","1280800","1421","1431","1421","1431","1424","1424","1419","1419"
"6405","20231002","1051","1061","1047","1053","1051.4889","4500","4731700","1051","1061","1051","1054","1047","1053","1047","1053"
"6406","20231002","3447","3508","3392","3428","3432.0911","255700","877585700","3447","3508","3443","3462","3465","3465","3392","3428"
"6407","20231002","2084","2110","2068","2068","2089.6748","210300","439458600","2084","2110","2080","2106","2102","2105","2068","2068"
"6408","20231002","3185","3185","3120","3120","3150","1100","3465000","-","-","-","-","3185","3185","3120","3120"
"6411","20231002","6990","6990","6820","6830","6901.7241","2900","20015000","6990","6990","6850","6850","6850","6870","6820","6830"
"6412","20231002","2169","2212","2165","2172","2188.3405","513400","1123494000","2169","2212","2165","2187","2187","2192","2171","2172"
"6413","20231002","2329","2364","2313","2313","2335.4155","41400","96686200","2329","2364","2329","2350","2348","2355","2313","2313"
"6416","20231002","728","765","720","725","742.3483","8900","6606900","728","765","728","760","758","763","720","725"
"6417","20231002","6950","7070","6910","6950","6994.3002","618300","4324575800","6950","7070","6910","7025","7034","7039","6942","6950"
"6418","20231002","1003","1019","994","994","1002.1481","106000","106227700","1003","1019","1001","1010","1005","1007","994","994"
"6419","20231002","2792","2812","2735","2735","2765.6876","183400","507227100","2792","2812","2763","2780","2773","2786","2735","2735"
"6420","20231002","4925","4965","4790","4800","4854.8995","39800","193225000","4925","4965","4875","4910","4915","4915","4790","4800"
"6424","20231002","1118","1121","1079","1093","1100.7115","5200","5723700","1118","1121","1079","1111","1117","1120","1093","1093"
"6425","20231002","2225","2241","2185","2190","2211.2451","195000","431192800","2225","2241","2209","2213","2216","2223","2185","2190"
"6428","20231002","411","414","401","401","406.6505","47500","19315900","411","414","407","407","407","407","401","401"
"6430","20231002","5370","5420","5230","5290","5325.9383","200900","1069981000","5370","5420","5230","5330","5330","5380","5290","5290"
"6432","20231002","4850","4960","4840","4855","4892.0113","237900","1163809500","4850","4950","4840","4950","4945","4960","4855","4855"
"6433","20231002","266","298","255","255","274.5326","619200","169990600","266","298","255","257","258","258","255","255"
"6436","20231002","3312","3334","3259","3270","3294.0178","157300","518149000","3312","3334","3293","3310","3307","3312","3259","3270"
"6440","20231002","625","634","618","620","625.3091","159500","99736800","625","634","625","630","629","629","618","620"
"6444","20231002","201","203","193","193","196.9172","233200","45921100","201","203","199","199","199","200","193","193"
"6445","20231002","745","780","742","756","768.8561","336300","258566300","745","780","742","780","779","779","756","756"
"6448","20231002","2433.5","2447.5","2398","2402.5","2415.755","521300","1259333100","2433.5","2447.5","2416.5","2441.5","2438","2438","2398","2402.5"
"6454","20231002","2773","2784","2692","2692","2731.3077","122200","333765800","2773","2784","2740","2759","2750","2754","2692","2692"
"6455","20231002","1609","1619","1594","1594","1606","53600","86081600","1609","1619","1599","1618","1611","1618","1594","1594"
"6457","20231002","3010","3036","2953","2956.5","2985.0198","156900","468349600","3010","3036","2982","3019","3015","3015","2953","2956.5"
"6458","20231002","2229","2266","2221","2240","2247.2115","62400","140226000","2229","2266","2221","2258","2255","2260","2240","2240"
"6459","20231002","1383","1411","1371","1372","1381.9438","32000","44222200","1383","1411","1383","1393","1384","1391","1371","1372"
"6460","20231002","2768","2779","2689","2698.5","2729.2023","1222900","3337541500","2768","2779","2733.5","2755.5","2752","2764.5","2689","2698.5"
"6463","20231002","1831","1859","1816","1819","1838.4634","72500","133288600","1831","1859","1831","1854","1847","1850","1816","1819"
"6464","20231002","789","799","777","777","787.0914","464000","365210400","789","799","786","792","791","791","777","777"
"6465","20231002","5239","5288","5168","5178","5210.3222","312200","1626662600","5239","5288","5178","5271","5272","5272","5168","5178"
"6466","20231002","1833","1833","1815","1833","1827","300","548100","1833","1833","1833","1833","1815","1833","1815","1833"
"6467","20231002","377","383","374","379","378.6125","8000","3028900","377","378","374","376","383","383","377","379"
"6469","20231002","565","577","562","577","570.7054","12900","7362100","565","572","562","566","567","577","566","577"
"6470","20231002","904","917","881","885","896.6406","93200","83566900","904","917","899","907","908","910","881","885"
"6471","20231002","851.7","871.4","850.4","850.4","859.6624","3552700","3054122460","851.7","871.4","850.7","870.4","865.2","868","850.4","850.4"
"6472","20231002","287","291.8","284.4","284.7","288.2224","6199900","1786950330","287","291.8","287","290.1","290","290","284.4","284.7"
"6473","20231002","1419","1438.5","1394.5","1395","1411.1121","1305300","1841924600","1419","1438.5","1411.5","1428","1425","1427","1394.5","1395"
"6474","20231002","4065","4145","4040","4045","4089.9089","76800","314105000","4065","4145","4050","4125","4110","4110","4040","4045"
"6479","20231002","2462","2516.5","2433.5","2435.5","2466.1746","1812700","4470434750","2462","2516.5","2459","2504.5","2493","2500.5","2433.5","2435.5"
"6480","20231002","557","572","557","561","565.6536","211900","119862000","557","572","557","572","571","572","560","561"
"6481","20231002","2767","2808","2748.5","2753.5","2775.0479","721500","2002197050","2767","2808","2758.5","2805.5","2799.5","2801","2748.5","2753.5"
"6482","20231002","689","696","682","682","688.8055","29300","20182000","689","696","689","695","688","694","682","682"
"6484","20231002","1781","1795","1765","1787","1783.4167","1200","2140100","1781","1795","1765","1795","1795","1795","1787","1787"
"6485","20231002","1212","1239","1205","1225","1227.1517","38900","47736200","1212","1229","1205","1227","1230","1239","1225","1225"
"6486","20231002","1694","1727","1689","1689","1705.0718","69600","118673000","1694","1727","1694","1724","1723","1723","1689","1689"
"6488","20231002","899","920","894","906","903.8667","4500","4067400","899","920","894","915","915","915","906","906"
"6489","20231002","1023","1046","1023","1024","1034.8355","46800","48430300","1023","1046","1023","1041","1039","1039","1023","1024"
"6490","20231002","3920","3990","3910","3910","3940.0515","48500","191092500","3920","3990","3920","3975","3975","3980","3910","3910"
"6492","20231002","2536","2578","2536","2568","2561.163","9200","23562700","2536","2578","2536","2575","2567","2576","2550","2568"
"6493","20231002","328","334","324","324","329.0681","63100","20764200","328","334","328","333","332","332","324","324"
"6494","20231002","100","100","98","99","99.3442","33700","3347900","100","100","98","99","99","99","98","99"
"6495","20231002","130","132","130","130","130.5882","20400","2664000","130","132","130","131","131","131","130","130"
"6496","20231002","2867","2877","2850","2850","2862.8235","1700","4866800","2867","2867","2867","2867","2867","2877","2850","2850"
"6497","20231002","994","994","988","988","991.4138","2900","2875100","994","994","992","992","991","992","988","988"
"6498","20231002","1050","1061","1038","1038","1048.7434","124700","130778300","1050","1061","1046","1060","1060","1060","1038","1038"
"6501","20231002","9322","9465","9289","9298","9355.1479","2617400","24486164100","9322","9465","9289","9419","9413","9420","9298","9298"
"6502","20231002","4603","4605","4601","4601","4602.226","1193900","5494597600","4603","4605","4602","4602","4602","4603","4601","4601"
"6503","20231002","1863","1876.5","1830","1835.5","1850.2192","5977100","11058945200","1863","1876.5","1856","1859","1854","1858.5","1830","1835.5"
"6504","20231002","6815","6882","6721","6721","6796.0078","548500","3727610300","6815","6882","6782","6862","6860","6862","6721","6721"
"6505","20231002","984","997","984","985","988.6538","20800","20564000","984","997","984","991","991","992","984","985"
"6506","20231002","5489","5663","5471","5480","5565.1513","2256700","12558876900","5489","5663","5471","5658","5660","5660","5480","5480"
"6507","20231002","1618","1647","1618","1622","1631.7728","55900","91216100","1618","1647","1618","1646","1646","1646","1619","1622"
"6508","20231002","2252","2305","2250","2255","2272.8466","145400","330471900","2252","2305","2252","2286","2281","2281","2250","2255"
"6513","20231002","1260","1278","1254","1254","1263.6","14000","17690400","1260","1278","1260","1265","1277","1277","1254","1254"
"6516","20231002","6900","6970","6850","6870","6906.5591","37200","256924000","6900","6970","6900","6940","6950","6950","6850","6870"
"6517","20231002","2141","2188","2140","2140","2153.4498","28900","62234700","2141","2188","2141","2172","2165","2171","2140","2140"
"6518","20231002","1142","1142","1142","1142","1142","100","114200","1142","1142","1142","1142","-","-","-","-"
"6521","20231002","3150","3190","3115","3115","3158.15","30000","94744500","3150","3190","3145","3170","3170","3175","3115","3115"
"6522","20231002","904","904","862","864","875.2974","19500","17068300","904","904","879","880","879","879","862","864"
"6523","20231002","1523","1539","1502","1502","1515.898","156800","237692800","1523","1539","1521","1524","1520","1521","1502","1502"
"6524","20231002","5700","5780","5560","5610","5629.3393","33300","187457000","5700","5780","5610","5610","5610","5750","5560","5610"
"6526","20231002","14870","14990","14550","14590","14776.6846","1152800","17034562000","14870","14950","14660","14910","14930","14990","14550","14590"
"6532","20231002","4998","5051","4815","4822","4904.142","860500","4220014200","4998","5051","4877","4907","4891","4891","4815","4822"
"6533","20231002","1041","1054","1025","1025","1035.7591","13700","14189900","1041","1054","1038","1040","1040","1042","1025","1025"
"6535","20231002","1321","1364","1321","1337","1347.9572","98100","132234600","1321","1364","1321","1353","1350","1350","1337","1337"
"6537","20231002","273","277","268","270","271.9193","16100","4377900","273","277","271","271","272","272","268","270"
"6538","20231002","315","315","301","302","306.3103","272300","83408300","315","315","303","304","304","306","301","302"
"6539","20231002","1133","1139","1117","1124","1127.9381","67800","76474200","1133","1139","1120","1132","1132","1132","1117","1124"
"6540","20231002","921","926","908","908","918.7677","9900","9095800","921","926","919","919","919","920","908","908"
"6542","20231002","900","903","887","888","895.5606","6600","5910700","900","902","887","898","902","903","887","888"
"6543","20231002","585","594","585","585","587.25","800","469800","585","594","585","594","594","594","585","585"
"6544","20231002","2215","2219","2160","2163","2186.7538","404500","884541900","2215","2219","2176","2208","2205","2205","2160","2163"
"6545","20231002","412","412","401","404","407.1429","4200","1710000","412","412","401","407","407","407","404","404"
"6546","20231002","1195","1219","1195","1214","1208.1875","3200","3866200","1195","1212","1195","1212","1214","1219","1214","1214"
"6547","20231002","1740","1788","1734","1741","1756.6965","138400","243126800","1740","1788","1734","1765","1762","1769","1734","1741"
"6548","20231002","278","278","270","270","273.8868","47700","13064400","278","278","272","272","272","274","270","270"
"6549","20231002","1327","1340","1318","1340","1329.3043","2300","3057400","1327","1328","1318","1318","1332","1340","1324","1340"
"6550","20231002","170","170","164","166","166.5551","80700","13441000","170","170","169","169","169","169","164","166"
"6551","20231002","831","843","815","828","825.6632","38300","31622900","831","843","821","822","820","828","815","828"
"6552","20231002","327","328","320","320","322.1183","50700","16331400","327","328","324","324","324","324","320","320"
"6554","20231002","863","867","852","863","860.8407","11300","9727500","863","867","860","862","862","863","852","863"
"6555","20231002","682","702","682","699","698.6614","12700","8873000","682","702","682","700","700","701","697","699"
"6556","20231002","633","648","624","635","637.3752","349400","222698900","633","648","624","640","640","648","634","635"
"6557","20231002","820","829","778","778","801.0909","16500","13218000","820","829","793","817","813","813","778","778"
"6558","20231002","1280","1282","1224","1263","1255.3235","6800","8536200","1280","1282","1224","1248","1272","1272","1240","1263"
"6560","20231002","4065","4090","3855","3865","3933.9524","42000","165226000","4065","4090","3890","3930","3920","3935","3855","3865"
"6561","20231002","1911","1929","1780","1795","1836.09","506800","930530400","1911","1929","1810","1821","1835","1844","1780","1795"
"6562","20231002","1101","1101","1040","1046","1067.97","173300","185079200","1101","1101","1040","1043","1043","1063","1043","1046"
"6563","20231002","845","853","820","850","842.3821","21200","17858500","845","853","839","849","844","850","820","850"
"6564","20231002","1937","1988","1873","1913","1940.5981","169700","329319500","1937","1988","1873","1945","1942","1954","1913","1913"
"6565","20231002","2654","2663","2489","2489","2565.3964","60300","154693400","2654","2663","2554","2565","2562","2562","2489","2489"
"6566","20231002","797","797","792","792","796.25","1200","955500","797","797","793","793","792","792","792","792"
"6567","20231002","668","683","655","656","666.4984","31700","21128000","668","681","666","675","677","683","655","656"
"6568","20231002","1603","1613","1592","1602","1603.2161","31000","49699700","1603","1613","1592","1603","1603","1611","1595","1602"
"6570","20231002","796","796","780","781","787.7727","2200","1733100","796","796","781","784","790","790","780","781"
"6571","20231002","1622","1639","1580","1580","1595.87","57700","92081700","1622","1639","1591","1609","1601","1610","1580","1580"
"6572","20231002","326","338","323","323","329.5679","123800","40800500","326","338","326","330","330","330","323","323"
"6573","20231002","2439","2510","2381","2400","2423.1769","81400","197246600","2439","2510","2406","2411","2410","2450","2381","2400"
"6574","20231002","680","680","654","655","671.234","4700","3154800","680","680","665","674","658","659","654","655"
"6577","20231002","4445","4470","3965","4100","4222.6344","9300","39270500","4445","4470","4195","4305","4305","4305","3965","4100"
"6578","20231002","371","377","367","367","372.0103","58500","21762600","371","377","369","372","371","371","367","367"
"6579","20231002","697","705","675","681","686.6865","31900","21905300","697","705","686","687","684","686","675","681"
"6580","20231002","915","922","902","913","908.3077","6500","5904000","915","922","908","908","902","913","902","913"
"6584","20231002","1000","1027","986","986","1006.4697","287000","288856800","1000","1027","1000","1008","1006","1008","986","986"
"6586","20231002","3746","3774","3696","3698","3727.9628","765300","2853009900","3746","3774","3739","3754","3755","3763","3696","3698"
"6588","20231002","3435","3460","3345","3355","3391.7731","76700","260149000","3435","3460","3400","3420","3420","3425","3345","3355"
"6590","20231002","7200","7410","7070","7130","7227.9283","465800","3366769000","7200","7410","7070","7330","7340","7350","7110","7130"
"6592","20231002","4512","4571","4502","4503","4528.3888","221700","1003943800","4512","4571","4509","4566","4555","4562","4502","4503"
"6594","20231002","6999","7065","6881","6894","6965.3086","2487100","17323419000","6999","7065","6954","7047","7040","7047","6881","6894"
"6597","20231002","1696","1713","1653","1653","1682.5059","25500","42903900","1696","1713","1677","1680","1685","1685","1653","1653"
"6599","20231002","2431","2431","2352","2364","2363.0556","1800","4253500","2431","2431","2352","2387","2364","2364","2364","2364"
"6612","20231002","1750","1750","1691","1697","1711.6355","10700","18314500","1750","1750","1719","1719","1710","1710","1691","1697"
"6613","20231002","746","746","730","730","737.9239","349400","257830600","746","746","735","738","736","736","730","730"
"6614","20231002","2530","2580","2503","2559","2549.8651","12600","32128300","2530","2580","2530","2553","2560","2560","2503","2559"
"6615","20231002","488","495","481","483","487.2263","49500","24117700","488","495","485","491","490","490","481","483"
"6616","20231002","2171","2196","2132","2136","2159.9151","37700","81428800","2171","2196","2168","2184","2178","2188","2132","2136"
"6617","20231002","2133","2150","2088","2093","2118.3205","41500","87910300","2133","2150","2125","2127","2129","2133","2088","2093"
"6618","20231002","791","791","770","774","775.2071","30900","23953900","791","791","787","787","785","785","770","774"
"6619","20231002","1019","1055","1014","1018","1032.2429","1849600","1909236500","1019","1055","1014","1041","1043","1044","1014","1018"
"6620","20231002","1166","1188","1139","1142","1158.9079","39100","45313300","1166","1188","1166","1168","1168","1168","1139","1142"
"6622","20231002","5080","5110","4960","4960","5037.9213","81300","409583000","5080","5110","5060","5080","5070","5070","4960","4960"
"6625","20231002","215","216","210","211","212.681","368700","78415500","215","216","212","214","214","214","210","211"
"6626","20231002","1940","1996","1940","1973","1971.7204","18600","36674000","1940","1993","1940","1983","1994","1996","1954","1973"
"6627","20231002","4220","4295","4145","4210","4226.9708","41100","173728500","4220","4295","4210","4210","4215","4255","4145","4210"
"6629","20231002","535","544","530","530","537.8291","39800","21405600","535","544","534","542","542","542","530","530"
"6630","20231002","1016","1019","1006","1006","1011.0207","169000","170862500","1016","1019","1011","1014","1014","1014","1006","1006"
"6632","20231002","693","714","689","701","703.7675","3881300","2731532800","693","714","689","708","710","714","698","701"
"6633","20231002","373","378","372","372","373.75","18400","6877000","373","378","373","374","375","375","372","372"
"6634","20231002","159","159","158","158","158.7887","14200","2254800","159","159","159","159","159","159","158","158"
"6635","20231002","547","550","535","545","546.1441","11100","6062200","547","550","535","546","550","550","545","545"
"6637","20231002","1779","1779","1729","1755","1755.4047","29900","52486600","1779","1779","1740","1763","1769","1769","1729","1755"
"6638","20231002","795","796","765","767","777.0526","95100","73897700","795","796","778","780","780","780","765","767"
"6640","20231002","1575","1611","1534","1541","1565.2019","104000","162781000","1575","1611","1571","1574","1572","1576","1534","1541"
"6643","20231002","2176","2203","2165","2203","2186.3049","8200","17927700","2176","2198","2165","2195","2179","2203","2170","2203"
"6644","20231002","681","686","665","665","676.0332","183500","124052100","681","686","676","679","679","679","665","665"
"6645","20231002","6718","6814","6583","6583","6670.376","1214800","8103172800","6718","6814","6708","6749","6700","6718","6583","6583"
"6647","20231002","-","-","-","-","-","-","-","-","-","-","-","-","-","-","-"
"6648","20231002","1861","1868","1861","1868","1863.413","4600","8571700","1861","1865","1861","1865","1867","1868","1862","1868"
"6651","20231002","3575","3675","3555","3605","3625.6134","259200","939759000","3575","3675","3555","3670","3670","3670","3605","3605"
"6652","20231002","2970","3005","2916","2916","2952.2303","102900","303784500","2970","3005","2970","2974","2973","2973","2916","2916"
"6653","20231002","1192","1206","1181","1186","1190.8418","63200","75261200","1192","1206","1181","1187","1186","1192","1181","1186"
"6654","20231002","1123","1127","1111","1111","1118.1619","10500","11740700","1123","1127","1117","1127","1126","1126","1111","1111"
"6656","20231002","1327","1375","1308","1308","1334.5784","10200","13612700","1327","1375","1327","1349","1345","1345","1308","1308"
"6658","20231002","505","505","505","505","505","51300","25906500","-","-","-","-","505","505","505","505"
"6659","20231002","46","46","44","44","44.9876","249200","11210900","46","46","45","46","45","46","44","44"
"6662","20231002","255","255","251","251","253.7899","13800","3502300","255","255","254","254","254","254","251","251"
"6663","20231002","370","370","366","366","369.6759","10800","3992500","370","370","367","369","367","368","366","366"
"6664","20231002","386","386","372","377","377.7967","12300","4646900","386","386","372","380","379","379","374","377"
"6666","20231002","557","565","552","552","557.1867","16600","9249300","557","565","556","557","556","556","552","552"
"6668","20231002","1674","1680","1642","1642","1660.7399","41900","69585000","1674","1680","1656","1661","1661","1670","1642","1642"
"6670","20231002","1122","1151","1122","1131","1139.6566","136300","155335200","1122","1151","1122","1142","1142","1146","1126","1131"
"6674","20231002","2704","2737.5","2664.5","2664.5","2699.8934","453500","1224401650","2704","2737.5","2693","2717.5","2716","2719","2664.5","2664.5"
"6675","20231002","2450","2510","2390","2390","2442.2575","16700","40785700","2450","2510","2440","2440","2431","2435","2390","2390"
"6676","20231002","3115","3170","3115","3125","3145.0974","15400","48434500","3115","3170","3115","3160","3165","3165","3125","3125"
"6677","20231002","2980","3020","2881","2881","2953.5261","141600","418219300","2980","3020","2979","2992","2992","2992","2881","2881"
"6678","20231002","2190","2232","2166","2166","2192.8185","27000","59206100","2190","2232","2168","2177","2177","2190","2166","2166"
"6694","20231002","1190","1204","1175","1200","1189.3571","11200","13320800","1190","1204","1182","1182","1182","1200","1175","1200"
"6696","20231002","352","353","344","344","347.7008","50800","17663200","352","353","350","351","352","352","344","344"
"6697","20231002","1080","1127","1080","1101","1106.7579","28500","31542600","1080","1108","1080","1108","1110","1127","1099","1101"
"6698","20231002","648","661","645","651","652.5522","13400","8744200","648","661","648","658","661","661","645","651"
"6699","20231002","853","860","828","828","839.7228","40400","33924800","853","860","842","847","846","847","828","828"
"6701","20231002","8281","8390","8158","8174","8255.0654","1061900","8766053900","8281","8390","8280","8342","8350","8350","8158","8174"
"6702","20231002","17675","17930","17555","17560","17682.769","455400","8052733000","17675","17930","17655","17875","17855","17875","17555","17560"
"6703","20231002","1009","1019","1000","1003","1008.1641","703400","709142600","1009","1019","1005","1005","1007","1015","1000","1003"
"6704","20231002","784","795","784","790","791.4286","4200","3324000","784","795","784","794","792","795","790","790"
"6706","20231002","2392","2444","2392","2416","2424.7461","19300","46797600","2392","2443","2392","2438","2443","2444","2412","2416"
"6707","20231002","9220","9420","9050","9050","9203.8315","267000","2457423000","9220","9420","9170","9240","9250","9270","9050","9050"
"6715","20231002","1211","1239","1211","1217","1223.6842","3800","4650000","1211","1239","1211","1239","1237","1237","1217","1217"
"6718","20231002","3005","3055","2996","3005","3020.523","30400","91823900","3005","3055","3005","3040","3025","3030","2996","3005"
"6721","20231002","114","118","112","114","115.535","163000","18832200","114","118","112","116","117","117","114","114"
"6723","20231002","2320","2321","2273","2280","2295.7535","8169700","18755617700","2320","2321","2287","2317","2318","2318","2273","2280"
"6724","20231002","2378","2398","2337","2337","2357.4345","1035100","2440180500","2378","2398","2367.5","2379","2369.5","2375","2337","2337"
"6727","20231002","599","602","581","581","589.3543","546700","322200000","599","602","593","594","594","595","581","581"
"6728","20231002","5427","5559","5397","5441","5478.8102","247600","1356553400","5427","5559","5397","5534","5514","5521","5434","5441"
"6730","20231002","1887","1898","1820","1820","1851.7934","66300","122773900","1887","1898","1849","1851","1850","1852","1820","1820"
"6731","20231002","3","3","2","2","2.5989","4815600","12515400","3","3","2","3","2","3","2","2"
"6734","20231002","1480","1489","1467","1467","1478.9412","3400","5028400","1480","1489","1472","1487","1480","1486","1467","1467"
"6736","20231002","1800","1845","1800","1845","1820.4487","15600","28399000","1800","1818","1800","1811","1834","1845","1802","1845"
"6737","20231002","5110","5160","5080","5090","5117.9459","37000","189364000","5110","5160","5100","5140","5140","5140","5080","5090"
"6740","20231002","38","39","37","37","37.4734","20649900","773821000","38","39","37","37","37","38","37","37"
"6741","20231002","945","950","934","935","939.9821","128400","120693700","945","950","941","944","943","944","934","935"
"6742","20231002","490","498","488","489","492.2122","82000","40361400","490","498","490","496","495","495","488","489"
"6743","20231002","418","422","413","413","415.9932","44300","18428500","418","422","416","416","417","417","413","413"
"6744","20231002","1774","1792","1753","1756","1764.3395","27100","47813600","1774","1792","1771","1781","1774","1775","1753","1756"
"6745","20231002","1629","1648","1626","1632","1635.1327","22600","36954000","1629","1648","1626","1646","1640","1643","1630","1632"
"6748","20231002","502","513","502","503","505.1649","19400","9800200","502","513","502","513","513","513","503","503"
"6750","20231002","1745","1773","1745","1755","1758.5555","147800","259914500","1745","1770","1745","1769","1773","1773","1751","1755"
"6752","20231002","1699.5","1707","1674","1680","1690.9265","8027900","13574588500","1699.5","1707","1686","1698.5","1697","1698","1674","1680"
"6753","20231002","942","963.8","936.8","949","953.018","4291500","4089876600","942","963.8","936.8","956.4","955.4","955.8","945.5","949"
"6754","20231002","1073.5","1080.5","1062.5","1063","1070.4999","608200","651078050","1073.5","1080.5","1071","1076","1077","1077.5","1062.5","1063"
"6755","20231002","2830","2844.5","2768","2772","2790.7846","394100","1099848200","2830","2844.5","2776","2810.5","2810.5","2811.5","2768","2772"
"6757","20231002","859","865","851","865","858.54","5000","4292700","859","859","851","858","858","865","858","865"
"6758","20231002","12385","12465","12205","12205","12312.4563","3060500","37682272500","12385","12465","12365","12415","12400","12400","12205","12205"
"6762","20231002","5597","5698","5583","5591","5629.0712","2536600","14278701900","5597","5698","5583","5668","5666","5669","5591","5591"
"6763","20231002","1851","1895","1848","1848","1868.7849","27900","52139100","1851","1895","1851","1870","1870","1875","1848","1848"
"6768","20231002","560","568","551","551","557.5206","391100","218046300","560","568","560","563","562","563","551","551"
"6769","20231002","804","813","804","806","809.0909","5500","4450000","804","813","804","813","813","813","806","806"
"6770","20231002","1300","1315","1269.5","1270","1286.3481","1135500","1460648250","1300","1315","1297.5","1305","1303","1305","1269.5","1270"
"6771","20231002","829","840","815","815","823.9005","38200","31473000","829","840","821","823","823","825","815","815"
"6772","20231002","3140","3200","3140","3160","3183.4615","2600","8277000","3140","3200","3140","3195","3195","3195","3160","3160"
"6775","20231002","277","279","257","266","265.9406","333400","88664600","277","279","262","263","261","268","257","266"
"6776","20231002","410","411","403","403","406.35","18000","7314300","410","411","403","411","409","410","403","403"
"6777","20231002","2663","2695","2634","2639","2654.8118","18600","49379500","2663","2695","2663","2672","2672","2672","2634","2639"
"6778","20231002","716","726","716","720","721.798","30200","21798300","716","726","716","723","723","725","720","720"
"6779","20231002","1395","1411","1366","1371","1383.6289","95400","131998200","1395","1411","1391","1393","1395","1395","1366","1371"
"6785","20231002","1196","1213","1178","1180","1197.1493","44200","52914000","1196","1213","1196","1209","1209","1209","1178","1180"
"6786","20231002","58","59","58","59","58.2658","7900","460300","58","59","58","58","59","59","59","59"
"6787","20231002","3400","3420","3255","3260","3320.5218","167700","556851500","3400","3420","3320","3330","3320","3340","3255","3260"
"6788","20231002","3045","3060","2964","2964","2998.7803","26400","79167800","3045","3060","3010","3010","3010","3010","2964","2964"
"6789","20231002","3405","3480","3400","3400","3436.3102","66400","228171000","3405","3480","3405","3465","3460","3460","3400","3400"
"6794","20231002","1000","1018","990","990","1002.1586","201100","201534100","1000","1018","1000","1006","1006","1006","990","990"
"6798","20231002","2491","2514","2448","2452","2476.5676","14800","36653200","2491","2514","2478","2478","2481","2481","2448","2452"
"6800","20231002","1576","1622","1576","1577","1596.3513","161700","258130000","1576","1622","1576","1609","1603","1606","1577","1577"
"6803","20231002","115","115","113","113","114.4226","121400","13890900","115","115","114","115","115","115","113","113"
"6804","20231002","1955","2022","1951","1952","1984.3056","451300","895517100","1955","2022","1954","1987","1980","1984","1951","1952"
"6806","20231002","17440","17580","17140","17175","17326.1372","108600","1881618500","17440","17580","17355","17560","17540","17540","17140","17175"
"6807","20231002","2992","3070","2990","2998","3024.3065","176500","533790100","2992","3070","2990","3060","3060","3060","2996","2998"
"6809","20231002","1156","1164","1141","1150","1154.8509","104600","120797400","1156","1164","1141","1157","1155","1157","1150","1150"
"6810","20231002","1698","1717","1681","1688","1698.0011","187100","317696000","1698","1717","1692","1713","1715","1715","1681","1688"
"6814","20231002","1386","1410","1370","1370","1388.6319","88300","122616200","1386","1410","1386","1399","1396","1399","1370","1370"
"6817","20231002","1542","1546","1460","1461","1502.6293","397600","597445400","1542","1546","1527","1530","1530","1530","1460","1461"
"6819","20231002","471","480","468","470","471.997","32800","15481500","471","480","468","471","475","475","470","470"
"6820","20231002","3340","3385","3290","3305","3336.9079","22800","76081500","3340","3385","3340","3365","3360","3360","3290","3305"
"6822","20231002","1942","1942","1942","1942","1942","200","388400","1942","1942","1942","1942","-","-","-","-"
"6823","20231002","2253","2311","2245","2281","2291.9102","49000","112303600","2253","2311","2245","2311","2303","2310","2280","2281"
"6824","20231002","2200","2200","2176","2199","2196.0455","2200","4831300","2200","2200","2198","2198","2176","2199","2176","2199"
"6832","20231002","1856","1857","1831","1834","1843.5417","4800","8849000","1856","1857","1846","1857","1851","1851","1831","1834"
"6834","20231002","1398","1406","1386","1387","1398.748","12300","17204600","1398","1406","1398","1398","1403","1403","1386","1387"
"6835","20231002","105","106","103","104","104.4057","171300","17884700","105","106","105","105","105","106","103","104"
"6836","20231002","823","824","817","817","822.25","800","657800","-","-","-","-","823","824","817","817"
"6837","20231002","424","432","419","420","425.3195","48200","20500400","424","432","423","425","425","426","419","420"
"6838","20231002","814","828","790","794","807.7078","24300","19627300","814","828","812","812","811","811","790","794"
"6840","20231002","505","505","490","497","496.9569","25500","12672400","505","505","497","497","497","498","490","497"
"6841","20231002","2896.5","2945.5","2859","2860.5","2885.9013","606800","1751164900","2896.5","2945.5","2890","2941","2914","2940","2859","2860.5"
"6844","20231002","3065","3100","3025","3025","3055.9545","44000","134462000","3065","3100","3065","3075","3065","3065","3025","3025"
"6845","20231002","4700","4759","4642","4651","4686.8312","331800","1555090600","4700","4759","4642","4747","4747","4747","4651","4651"
"6848","20231002","870","878","864","864","869.619","12600","10957200","870","878","867","870","870","871","864","864"
"6849","20231002","3717","3731","3673","3677","3691.4708","292700","1080493500","3717","3731","3691","3694","3694","3704","3673","3677"
"6850","20231002","2049","2086","2045","2047","2063.3055","34700","71596700","2049","2086","2046","2069","2063","2085","2045","2047"
"6853","20231002","381","388","377","377","382.0695","105100","40155500","381","388","379","384","384","384","377","377"
"6855","20231002","1375","1403","1367","1371","1384.481","65700","90960400","1375","1403","1367","1397","1397","1397","1370","1371"
"6856","20231002","8175","8318","8081","8095","8183.2238","137600","1126011600","8175","8318","8157","8260","8244","8244","8081","8095"
"6857","20231002","4229","4358","4221","4301","4308.5049","12398700","53419859600","4229","4358","4221","4355","4355","4357","4281","4301"
"6858","20231002","464","468","455","456","459.7828","19800","9103700","464","468","462","462","461","461","455","456"
"6859","20231002","2401","2442","2361","2361","2413.6606","158800","383289300","2401","2442","2400","2419","2416","2421","2361","2361"
"6861","20231002","56300","56630","55480","55520","56082.8114","761200","42690236000","56300","56600","55880","56480","56550","56630","55480","55520"
"6862","20231002","751","786","749","758","771.9234","148800","114862200","751","786","749","783","784","785","756","758"
"6863","20231002","1305","1308","1261","1261","1287.4092","91400","117669200","1305","1308","1276","1300","1298","1298","1261","1261"
"6864","20231002","1217","1222","1185","1195","1211.9104","13400","16239600","1217","1222","1212","1213","1212","1212","1185","1195"
"6866","20231002","7240","7360","7200","7200","7273.6531","49000","356409000","7240","7360","7240","7350","7350","7350","7200","7200"
"6867","20231002","632","632","581","585","611.3824","3400","2078700","632","632","627","628","627","627","581","585"
"6869","20231002","7133","7142","7037","7094","7091.3883","922400","6541096600","7133","7142","7037","7100","7103","7116","7069","7094"
"6870","20231002","1649","1670","1642","1650","1651.8889","4500","7433500","1649","1670","1649","1650","1665","1665","1642","1650"
"6871","20231002","2142","2243","2121","2226","2214.9665","699500","1549369100","2142","2236","2121","2235","2228","2243","2211","2226"
"6874","20231002","2887","2931","2880","2916","2909.019","10500","30544700","2887","2931","2880","2910","2913","2916","2904","2916"
"6875","20231002","4140","4230","4130","4175","4186.5","96000","401904000","4140","4230","4130","4220","4210","4220","4135","4175"
"6877","20231002","3875","3905","3820","3820","3854.3056","36000","138755000","3875","3905","3865","3885","3885","3885","3820","3820"
"6879","20231002","589","598","581","581","588.977","212600","125216500","589","598","587","589","590","592","581","581"
"6881","20231002","600","601","598","598","599.6847","33300","19969500","600","601","598","599","599","599","598","598"
"6882","20231002","1383","1421","1383","1395","1408.8629","72200","101719900","1383","1421","1383","1414","1414","1417","1395","1395"
"6888","20231002","429","430","419","419","422.7436","27300","11540900","429","430","426","426","426","426","419","419"
"6890","20231002","2887","2907","2850","2854","2883.13","487600","1405814200","2887","2907","2871","2904","2900","2903","2850","2854"
"6894","20231002","1605","1641","1605","1641","1619.6667","600","971800","1605","1606","1605","1605","1620","1641","1620","1641"
"6897","20231002","520","522","516","517","518.9324","7400","3840100","520","522","516","517","517","519","517","517"
"6898","20231002","1901","1934","1882","1933","1907.6471","3400","6486000","1901","1921","1882","1912","1913","1934","1910","1933"
"6899","20231002","3830","3900","3750","3755","3819.9533","10700","40873500","3830","3900","3800","3815","3805","3810","3750","3755"
"6901","20231002","1286","1286","1255","1255","1268.4068","5900","7483600","1286","1286","1263","1263","1276","1276","1255","1255"
"6902","20231002","2430","2464","2404","2404.5","2423.7778","5363200","12999205250","2430","2464","2412","2443.5","2439","2445.5","2404","2404.5"
"6904","20231002","835","837","833","833","834.6667","5700","4757600","835","837","834","836","836","837","833","833"
"6905","20231002","1260","1262","1214","1214","1228.496","160500","197173600","1260","1262","1239","1241","1239","1241","1214","1214"
"6907","20231002","497","502","495","495","496.1667","3000","1488500","497","502","497","497","496","500","495","495"
"6908","20231002","4200","4225","4050","4070","4117.9784","69500","286199500","4200","4225","4175","4175","4170","4170","4050","4070"
"6912","20231002","1313","1352","1313","1317","1333.5068","7300","9734600","1313","1352","1313","1348","1348","1348","1314","1317"
"6914","20231002","1635","1649","1600","1600","1617.7268","94800","153360500","1635","1649","1628","1634","1634","1635","1600","1600"
"6915","20231002","2767","2812","2751","2768","2786.9401","16700","46541900","2767","2812","2751","2812","2812","2812","2768","2768"
"6918","20231002","4635","4900","4630","4785","4803.053","107600","516808500","4635","4900","4630","4890","4880","4880","4745","4785"
"6919","20231002","1940","1996","1940","1956","1961.4154","13000","25498400","1940","1996","1940","1972","1979","1984","1951","1956"
"6920","20231002","23500","24370","23260","23655","23921.0512","14171800","339004353500","23500","24370","23260","24110","24130","24130","23585","23655"
"6923","20231002","2380.5","2408","2348.5","2353.5","2373.4852","492100","1167992050","2380.5","2408","2378","2395.5","2393","2393.5","2348.5","2353.5"
"6925","20231002","1820.5","1864.5","1818.5","1838.5","1845.4276","662500","1222595800","1820.5","1864.5","1818.5","1864.5","1863","1864.5","1837","1838.5"
"6926","20231002","312","315","307","307","310.5112","53400","16581300","312","315","310","315","314","315","307","307"
"6927","20231002","416","423","407","409","413.0868","407700","168415500","416","423","413","415","416","416","407","409"
"6928","20231002","1674","1703","1662","1662","1682.3","27000","45422100","1674","1703","1674","1691","1683","1697","1662","1662"
"6929","20231002","2693","2735","2680","2683","2707.116","100900","273148000","2693","2735","2680","2727","2728","2728","2680","2683"
"6930","20231002","509","509","507","507","508.1724","2900","1473700","509","509","507","507","509","509","507","507"
"6932","20231002","1278","1291","1273","1278","1278.7726","36500","46675200","1278","1291","1273","1280","1284","1284","1273","1278"
"6937","20231002","977","987","968","968","976.6026","46300","45216700","977","987","977","981","983","983","968","968"
"6938","20231002","340","343","338","338","339.7236","12300","4178600","340","343","339","341","341","341","338","338"
"6941","20231002","1746","1759","1733","1737","1745.3898","207800","362692000","1746","1759","1733","1751","1751","1753","1734","1737"
"6942","20231002","711","711","692","699","705.6833","6000","4234100","711","711","692","694","701","706","699","699"
"6943","20231002","5130","5150","5130","5130","5134","500","2567000","5130","5150","5130","5130","5130","5130","5130","5130"
"6946","20231002","7140","7140","6900","6920","7016.8513","34300","240678000","7140","7140","6940","7000","7040","7040","6900","6920"
"6947","20231002","3625","3740","3625","3665","3696.4661","104700","387020000","3625","3740","3625","3720","3715","3720","3665","3665"
"6951","20231002","4588","4703","4565","4639","4652.7497","397100","1847606900","4588","4703","4565","4681","4685","4691","4620","4639"
"6952","20231002","1266.5","1288.5","1255.5","1255.5","1269.8765","1598600","2030024600","1266.5","1288.5","1266","1278.5","1277","1278.5","1255.5","1255.5"
"6954","20231002","3945","4025","3935","3953","3978.956","5301800","21095629100","3945","4025","3935","4021","4021","4023","3953","3953"
"6955","20231002","824","832","818","822","824.4329","36500","30091800","824","832","824","825","825","825","818","822"
"6957","20231002","6030","6120","5920","5950","6003.7333","22500","135084000","6030","6120","6010","6020","6050","6050","5920","5950"
"6958","20231002","661","671","648","650","657.2791","429300","282169900","661","671","659","666","663","664","648","650"
"6960","20231002","5430","5470","5330","5370","5393.8249","21700","117046000","5430","5450","5360","5430","5470","5470","5330","5370"
"6961","20231002","10420","11130","10330","10770","10859.7141","584200","6344245000","10420","11130","10330","11070","11050","11050","10730","10770"
"6962","20231002","775","779","757","758","767.5871","129800","99632800","775","779","772","778","777","777","757","758"
"6963","20231002","2841","2854","2818.5","2825.5","2835.5105","1932800","5480474650","2841","2853","2818.5","2851","2851","2854","2823","2825.5"
"6964","20231002","534","534","517","528","526.314","8600","4526300","534","534","517","526","527","530","527","528"
"6965","20231002","6361","6394","6221","6232","6280.682","384000","2411781900","6361","6394","6320","6379","6366","6375","6221","6232"
"6966","20231002","7610","7760","7490","7500","7599.8255","447000","3397122000","7610","7760","7600","7680","7680","7680","7490","7500"
"6967","20231002","5829","5880","5693","5719","5762.6271","721100","4155430400","5829","5880","5726","5754","5745","5753","5693","5719"
"6969","20231002","696","698","693","693","693.6296","2700","1872800","696","698","695","695","693","694","693","693"
"6971","20231002","7700","7778","7531","7542","7638.0151","1321700","10095164500","7700","7778","7671","7710","7701","7702","7531","7542"
"6973","20231002","2363","2409","2300","2318","2345.8644","17700","41521800","2363","2409","2363","2388","2389","2389","2300","2318"
"6976","20231002","4077","4152","4048","4049","4097.4422","1141400","4676820500","4077","4152","4071","4142","4135","4135","4048","4049"
"6977","20231002","1089","1089","1079","1079","1086.5","1200","1303800","1089","1089","1089","1089","1079","1079","1079","1079"
"6981","20231002","2764","2797.5","2727","2732","2759.9303","6023100","16623336250","2764","2797.5","2750","2787","2783.5","2785.5","2727","2732"
"6982","20231002","653","656","649","650","651.7308","5200","3389000","653","656","650","650","650","654","649","650"
"6986","20231002","536","542","530","530","534.951","67300","36002200","536","542","533","540","539","539","530","530"
"6988","20231002","9860","10015","9685","9685","9793.2237","575300","5634041600","9860","10015","9840","9903","9850","9900","9685","9685"
"6989","20231002","1426","1466","1426","1442","1450.6695","23600","34235800","1426","1466","1426","1459","1460","1460","1442","1442"
"6993","20231002","52","53","51","51","51.9808","982400","51065900","52","53","51","52","52","52","51","51"
"6994","20231002","467","469","461","463","464.3053","22600","10493300","467","469","467","468","468","468","461","463"
"6995","20231002","2350","2383","2334","2339","2351.7717","125300","294677000","2350","2383","2347","2374","2374","2375","2334","2339"
"6996","20231002","1418","1427","1375","1376","1400.3707","363100","508474600","1418","1427","1414","1418","1418","1419","1375","1376"
"6997","20231002","1626","1669","1577","1578","1624.72","465400","756144700","1626","1669","1626","1635","1635","1636","1577","1578"
"6998","20231002","2462","2477","2462","2471","2471.7692","1300","3213300","2462","2477","2462","2477","2477","2477","2471","2471"
"6999","20231002","1813","1831","1794","1794","1813.1565","152700","276869000","1813","1831","1807","1826","1825","1828","1794","1794"
"7003","20231002","580","587","572","572","578.0148","1953000","1128862900","580","587","574","581","583","584","572","572"
"7004","20231002","852","853","821","821","836.7539","1687000","1411603900","852","853","839","841","839","841","821","821"
"7011","20231002","8355","8423","8170","8170","8272.1776","3745000","30979305200","8355","8423","8295","8307","8295","8318","8170","8170"
"7012","20231002","3644","3688","3601","3603","3646.851","1333900","4864534500","3644","3688","3640","3676","3671","3676","3601","3603"
"7013","20231002","3160","3198","3131","3131","3164.4308","1441200","4560577700","3160","3198","3159","3178","3180","3180","3131","3131"
"7014","20231002","879","891","846","849","863.1615","2730800","2357121500","879","891","863","869","869","871","846","849"
"7018","20231002","5500","5690","5350","5400","5511.1667","90000","496005000","5500","5690","5450","5630","5620","5620","5350","5400"
"7021","20231002","1640","1640","1601","1610","1613.9697","3300","5326100","1640","1640","1601","1620","1620","1620","1607","1610"
"7022","20231002","136","139","136","136","136.5156","227100","31002700","136","139","136","138","137","138","136","136"
"7030","20231002","824","824","804","804","816.4312","27600","22533500","824","824","815","819","815","821","804","804"
"7031","20231002","1252","1266","1237","1237","1250.0769","10400","13000800","1252","1266","1245","1266","1266","1266","1237","1237"
"7033","20231002","2815","2849","2732","2734","2774.5409","338500","939182100","2815","2849","2771","2777","2784","2794","2732","2734"
"7034","20231002","461","468","461","461","463.2826","4600","2131100","461","468","461","465","465","465","461","461"
"7035","20231002","347","353","345","345","348.9139","15100","5268600","347","353","347","350","351","351","345","345"
"7036","20231002","827","830","825","830","825.9167","1200","991100","827","827","825","825","830","830","830","830"
"7037","20231002","597","597","589","593","593.4706","1700","1008900","597","597","589","593","594","594","593","593"
"7038","20231002","1383","1398","1336","1341","1363.8612","64100","87423500","1383","1390","1345","1381","1388","1398","1336","1341"
"7039","20231002","1946","1955","1899","1917","1925.7667","21000","40441100","1946","1955","1918","1919","1921","1923","1899","1917"
"7040","20231002","880","920","880","906","904.2911","7900","7143900","880","900","880","900","920","920","890","906"
"7041","20231002","504","515","503","506","506.0276","25400","12853100","504","515","503","508","508","508","503","506"
"7042","20231002","970","986","967","971","975.3519","5400","5266900","970","977","967","967","979","986","971","971"
"7043","20231002","1038","1045","1037","1037","1039.2609","2300","2390300","1038","1045","1038","1045","1041","1045","1037","1037"
"7044","20231002","444","449","430","433","438.3731","64600","28318900","444","449","436","439","439","439","430","433"
"7046","20231002","2242","2242","2088","2150","2175.0141","7100","15442600","2242","2242","2210","2210","2219","2219","2088","2150"
"7047","20231002","2237","2265","2181","2181","2220.7191","127800","283807900","2237","2265","2219","2227","2247","2247","2181","2181"
"7048","20231002","461","465","430","430","442.753","436000","193040300","461","465","435","437","437","438","430","430"
"7049","20231002","627","630","600","608","614.3401","173200","106403700","627","630","600","618","618","624","603","608"
"7050","20231002","1742","1774","1742","1742","1757.5","2000","3515000","1742","1760","1742","1758","1774","1774","1742","1742"
"7057","20231002","984","984","984","984","984","300","295200","984","984","984","984","984","984","984","984"
"7058","20231002","2949","2971","2900","2921","2930.8571","700","2051600","2949","2971","2900","2971","2921","2921","2921","2921"
"7059","20231002","1217","1242","1217","1223","1228.5256","54600","67077500","1217","1232","1217","1229","1230","1242","1222","1223"
"7060","20231002","743","743","717","720","728.9848","59100","43083000","743","743","727","730","726","727","717","720"
"7061","20231002","2550","2550","2423","2426","2475.0276","83300","206169800","2550","2550","2461","2473","2473","2487","2423","2426"
"7062","20231002","940","947","935","943","941.9423","5200","4898100","940","947","935","944","944","944","940","943"
"7063","20231002","1228","1228","1050","1092","1109.4356","154500","171407800","1228","1228","1054","1058","1058","1093","1050","1092"
"7064","20231002","3575","3575","3435","3560","3518.4545","5500","19351500","3575","3575","3435","3535","3530","3565","3485","3560"
"7065","20231002","2653","2744","2608","2635","2678.0433","67000","179428900","2653","2744","2638","2699","2696","2696","2608","2635"
"7066","20231002","706","722","684","684","699.186","91400","63905600","706","722","688","688","691","700","684","684"
"7067","20231002","1135","1135","1130","1130","1132.3333","300","339700","1135","1135","1130","1130","-","-","-","-"
"7068","20231002","929","957","876","876","907.7501","431400","391603400","929","957","900","900","900","911","876","876"
"7069","20231002","1900","1900","1667","1667","1809.7342","23700","42890700","1900","1900","1800","1816","1815","1815","1667","1667"
"7071","20231002","2631","2689","2600","2641","2655.099","270800","719000800","2631","2689","2600","2667","2656","2668","2637","2641"
"7072","20231002","1273","1273","1211","1232","1248.4818","13700","17104200","1273","1273","1240","1261","1259","1259","1211","1232"
"7073","20231002","2117","2158","2117","2158","2142.6667","300","642800","2117","2153","2117","2153","2158","2158","2158","2158"
"7074","20231002","353","369","335","340","350.5229","48000","16825100","353","369","353","360","361","361","335","340"
"7077","20231002","1131","1137","1129","1130","1131.3","1000","1131300","1131","1137","1130","1137","1129","1133","1129","1130"
"7078","20231002","1061","1079","1022","1038","1052.5719","580700","611228500","1061","1075","1022","1051","1045","1079","1025","1038"
"7079","20231002","5270","5290","5250","5250","5266","500","2633000","5270","5270","5270","5270","5290","5290","5250","5250"
"7080","20231002","1458","1459","1435","1440","1446.8882","17000","24597100","1458","1458","1435","1449","1449","1459","1440","1440"
"7081","20231002","2075","2103","2075","2083","2093.6947","9500","19890100","2075","2096","2075","2088","2088","2103","2083","2083"
"7082","20231002","1744","1751","1707","1707","1725.355","23100","39855700","1744","1751","1721","1727","1733","1733","1707","1707"
"7083","20231002","630","630","623","623","625.3333","300","187600","630","630","630","630","623","623","623","623"
"7084","20231002","968","968","944","955","955.2632","1900","1815000","968","968","951","954","944","955","944","955"
"7085","20231002","712","714","691","691","700.6903","269600","188906100","712","714","703","704","703","703","691","691"
"7086","20231002","1935","1938","1865","1876","1884.1193","63700","120018400","1935","1938","1874","1883","1880","1887","1865","1876"
"7087","20231002","906","915","900","900","905.2826","9200","8328600","906","915","906","911","911","911","900","900"
"7088","20231002","1324","1343","1306","1312","1324.6783","46000","60935200","1324","1343","1324","1331","1329","1331","1306","1312"
"7089","20231002","1860","1860","1807","1807","1836.8085","4700","8633000","1860","1860","1819","1842","1841","1841","1807","1807"
"7090","20231002","1612","1612","1611","1611","1611.75","1200","1934100","1612","1612","1612","1612","1611","1611","1611","1611"
"7091","20231002","1275","1290","1274","1275","1278.8","1000","1278800","1275","1290","1274","1274","1277","1277","1275","1275"
"7092","20231002","1389","1405","1367","1390","1390.0488","67600","93967300","1389","1405","1367","1393","1393","1397","1389","1390"
"7093","20231002","1242","1249","1152","1205","1199.8073","10900","13077900","1242","1249","1196","1220","1225","1227","1152","1205"
"7094","20231002","1678","1678","1568","1590","1614.6933","502400","811221900","1678","1678","1587","1599","1595","1610","1568","1590"
"7095","20231002","19090","19180","18380","18380","18690.3633","57800","1080303000","19090","19180","18660","18840","18840","18840","18380","18380"
"7096","20231002","2566","2579","2521","2521","2544.4203","6900","17556500","2566","2579","2546","2548","2555","2555","2521","2521"
"7097","20231002","784","796","743","755","760.5376","27900","21219000","784","796","784","796","788","788","743","755"
"7102","20231002","2093","2130","2062","2062","2085.5197","15200","31699900","2093","2130","2093","2097","2087","2094","2062","2062"
"7105","20231002","1385","1390","1308","1310","1340.2428","223600","299678300","1385","1390","1357","1365","1362","1362","1308","1310"
"7110","20231002","1464","1469","1430","1443","1445.9931","14500","20966900","1464","1469","1453","1453","1452","1452","1430","1443"
"7111","20231002","55","57","54","56","55.4723","222300","12331500","55","57","54","56","56","56","55","56"
"7112","20231002","713","713","691","694","699.3929","5600","3916600","713","713","700","702","702","702","691","694"
"7114","20231002","1728","1728","1668","1668","1691.4949","9900","16745800","1728","1728","1701","1701","1700","1702","1668","1668"
"7115","20231002","1090","1107","1081","1081","1093.351","15100","16509600","1090","1107","1088","1104","1100","1102","1081","1081"
"7116","20231002","1515","1535","1515","1518","1525.4286","1400","2135600","1515","1535","1515","1535","1535","1535","1516","1518"
"7119","20231002","1625","1631","1550","1550","1577.1738","119700","188787700","1625","1631","1573","1580","1580","1582","1550","1550"
"7120","20231002","2144","2172","2123","2140","2146.7742","12400","26620000","2144","2172","2144","2160","2160","2167","2123","2140"
"7122","20231002","2197","2266","2189","2221","2230.4053","37500","83640200","2197","2266","2189","2254","2242","2242","2213","2221"
"7126","20231002","1674","1693","1640","1653","1659.968","12500","20749600","1674","1693","1640","1682","1685","1688","1653","1653"
"7127","20231002","663","674","662","662","668.0098","30600","20441100","663","674","662","674","672","674","662","662"
"7128","20231002","2677","2718","2663","2665","2684.7338","41700","111953400","2677","2718","2664","2711","2709","2709","2663","2665"
"7129","20231002","1015","1020","1013","1013","1015.9348","4600","4673300","1015","1020","1014","1014","1014","1014","1013","1013"
"7130","20231002","3665","3665","3490","3490","3555.6163","86000","305783000","3665","3665","3580","3595","3585","3620","3490","3490"
"7131","20231002","2155","2384","2155","2180","2228.5012","40300","89808600","2155","2384","2155","2178","2211","2215","2180","2180"
"7133","20231002","2021","2079","2003","2079","2043.4463","17700","36169000","2021","2055","2003","2032","2040","2079","2020","2079"
"7134","20231002","754","754","726","730","735.6556","9000","6620900","754","754","735","735","735","735","726","730"
"7135","20231002","223","225","222","222","223.0539","24100","5375600","223","225","223","223","223","223","222","222"
"7138","20231002","1180","1211","1175","1177","1183.7059","5100","6036900","1180","1211","1175","1175","1180","1192","1177","1177"
"7140","20231002","1580","1583","1515","1515","1556.7852","54000","84066400","1580","1583","1535","1579","1562","1570","1515","1515"
"7148","20231002","1349","1369","1325","1326","1347.0451","907700","1222712800","1349","1369","1349","1361","1360","1361","1325","1326"
"7150","20231002","533","553","533","550","548.7847","20900","11469600","533","553","533","552","550","552","547","550"
"7157","20231002","970","983","954","954","966.4442","337700","326368200","970","983","959","968","971","977","954","954"
"7161","20231002","435","448","435","443","442.9297","64000","28347500","435","447","435","444","444","448","440","443"
"7162","20231002","248","289","241","246","265.9832","7685000","2044080800","248","289","244","247","244","262","241","246"
"7163","20231002","1559","1587","1555","1555","1567.9703","832200","1304864900","1559","1587","1559","1570","1572","1577","1555","1555"
"7164","20231002","4939","4954","4891","4893","4914.1307","293800","1443771600","4939","4954","4924","4931","4930","4931","4891","4893"
"7167","20231002","418.6","427.3","417","420","422.3304","4098100","1730752340","418.6","427.3","417","426.5","426.4","426.4","419.2","420"
"7172","20231002","1693","1796","1691","1742","1758.0314","232300","408390700","1693","1796","1691","1774","1774","1780","1741","1742"
"7173","20231002","4615","4750","4595","4635","4672.4093","182000","850378500","4615","4750","4595","4735","4720","4720","4620","4635"
"7175","20231002","1156","1160","1113","1137","1140.3182","2200","2508700","1156","1160","1140","1140","1113","1144","1113","1137"
"7177","20231002","725","734","724","726","728.1206","127700","92981000","725","734","724","729","729","730","725","726"
"7180","20231002","780.2","802.8","777.6","780.4","789.7627","2224400","1756748040","780.2","802.8","780.2","800.2","800","800.5","777.6","780.4"
"7181","20231002","2520.5","2594.5","2520.5","2564","2570.4343","1435000","3688573200","2520.5","2592","2520.5","2584.5","2581.5","2594.5","2559","2564"
"7182","20231002","1302","1330","1302","1311.5","1318.1923","9654900","12727015100","1302","1330","1302","1326","1323","1325","1309","1311.5"
"7183","20231002","283","288","283","285","284.6872","22700","6462400","283","286","283","286","285","288","284","285"
"7184","20231002","953","990","945","963","973.4413","664400","646754400","953","990","945","990","990","990","960","963"
"7185","20231002","2905","2939","2860","2872","2895.9677","31000","89775000","2905","2939","2898","2914","2911","2916","2860","2872"
"7186","20231002","691.5","708.8","690.7","695.3","699.4314","3653600","2555442650","691.5","708.8","690.7","707.6","704","706.5","695.3","695.3"
"7187","20231002","2070","2111","2021","2021","2052.0808","78000","160062300","2070","2111","2053","2055","2055","2063","2021","2021"
"7189","20231002","1737","1835","1732","1781","1793.2982","1032500","1851580400","1737","1835","1732","1828","1821","1821","1774","1781"
"7191","20231002","944","962","942","950","951.4703","60600","57659100","944","962","943","950","943","955","942","950"
"7192","20231002","564","568","560","560","563.0942","32900","18525800","564","568","563","564","563","564","560","560"
"7196","20231002","867","874","860","860","866.0485","30900","26760900","867","874","867","870","868","872","860","860"
"7198","20231002","915","922","900","900","907.9442","141700","128655700","915","922","912","912","912","912","900","900"
"7199","20231002","1605","1628","1574","1576","1592.6435","161300","256893400","1605","1628","1594","1602","1600","1601","1574","1576"
"7201","20231002","675","677.1","662.9","663","670.1366","16250500","10890055170","675","677.1","667.8","674.5","674.3","674.8","662.9","663"
"7202","20231002","1895","1916","1865.5","1868","1887.3149","3472200","6553134650","1895","1916","1892.5","1904","1900","1902","1865.5","1868"
"7203","20231002","2700.5","2746.5","2683.5","2687","2707.1158","28738800","77799258550","2700.5","2746.5","2688.5","2733.5","2730","2730.5","2683.5","2687"
"7205","20231002","573.5","583.8","573.5","574.2","578.5337","3343100","1934096030","573.5","583.8","573.5","579.7","579.4","581.4","574.2","574.2"
"7208","20231002","818","818","805","810","810.3125","3200","2593000","818","818","805","805","808","811","808","810"
"7211","20231002","664.3","678.3","658.3","658.3","668.3262","17087600","11420089930","664.3","678.3","661.1","675.1","675","675.1","658.3","658.3"
"7212","20231002","836","850","817","817","832.4493","96600","80414600","836","850","835","839","839","840","817","817"
"7213","20231002","548","550","539","540","544.2573","17100","9306800","548","550","544","547","547","547","539","540"
"7214","20231002","2098","2099","1982","2001","2025.1591","269700","546185400","2098","2099","2006","2047","2048","2048","1982","2001"
"7215","20231002","581","585","578","578","580.5","11600","6733800","581","585","581","583","583","583","578","578"
"7217","20231002","1043","1058","1015","1020","1025.9394","3300","3385600","1043","1058","1016","1027","1022","1025","1015","1020"
"7218","20231002","827","837","826","829","829.225","8000","6633800","827","837","827","835","833","833","826","829"
"7219","20231002","2203","2207","2165","2188","2180.8333","1200","2617000","2203","2207","2190","2195","2173","2188","2165","2188"
"7220","20231002","1628","1668","1624","1628","1642.5384","286800","471080000","1628","1668","1628","1662","1654","1658","1624","1628"
"7222","20231002","856","859","845","845","849.0932","109500","92975700","856","859","846","850","850","854","845","845"
"7224","20231002","1267","1285","1261","1261","1270.8907","158300","201182000","1267","1285","1265","1281","1281","1281","1261","1261"
"7226","20231002","1765","1792","1753","1753","1765.0252","59600","105195500","1765","1792","1763","1782","1780","1780","1753","1753"
"7228","20231002","3055","3285","3055","3145","3146.8644","5900","18566500","3055","3285","3055","3235","3150","3150","3105","3145"
"7229","20231002","1996","2025","1994","2016","2003.8429","7000","14026900","1996","2015","1996","2009","1994","2025","1994","2016"
"7231","20231002","2584","2601","2530","2530","2558.4767","79300","202887200","2584","2601","2567","2581","2584","2584","2530","2530"
"7235","20231002","635","647","620","624","632.5417","70700","44720700","635","647","634","634","635","641","620","624"
"7236","20231002","2238","2274","2210","2210","2241.609","15600","34969100","2238","2274","2238","2269","2263","2263","2210","2210"
"7238","20231002","141","144","139","139","141.0457","547200","77180200","141","144","141","141","141","141","139","139"
"7239","20231002","1703","1753","1703","1722","1735.6116","489500","849581900","1703","1753","1703","1746","1747","1749","1722","1722"
"7240","20231002","2000","2037.5","2000","2003.5","2017.1473","350300","706606700","2000","2037.5","2000","2035","2027.5","2032","2003.5","2003.5"
"7241","20231002","776","783","763","763","773.7947","553400","428218000","776","783","775","778","776","778","763","763"
"7242","20231002","4880","4905","4840","4840","4870.0938","111900","544963500","4880","4905","4865","4880","4885","4885","4840","4840"
"7244","20231002","573","580","565","567","572.0907","108100","61843000","573","580","571","578","576","577","565","567"
"7245","20231002","575","578","561","561","568.7127","81100","46122600","575","578","570","572","570","571","561","561"
"7246","20231002","693","703","687","687","695.9413","435900","303360800","693","703","693","703","702","702","687","687"
"7247","20231002","493","503","488","488","495.5443","154700","76660700","493","503","493","500","500","500","488","488"
"7250","20231002","1440","1454","1415","1416","1432.6617","173200","248137000","1440","1454","1433","1443","1441","1444","1415","1416"
"7254","20231002","395","398","393","394","395.3587","27600","10911900","395","398","395","397","396","396","393","394"
"7255","20231002","512","512","511","511","511.75","400","204700","512","512","512","512","512","512","511","511"
"7256","20231002","264","266","251","251","257.9599","488700","126065000","264","266","257","257","257","258","251","251"
"7259","20231002","5704","5710","5624","5661","5663.0616","936000","5300625700","5704","5710","5629","5665","5654","5685","5624","5661"
"7261","20231002","1724.5","1738.5","1706","1707.5","1720.492","4585700","7889660350","1724.5","1738.5","1708","1729","1728","1733.5","1706","1707.5"
"7264","20231002","1312","1320","1308","1308","1312.5","1600","2100000","1312","1312","1312","1312","1311","1320","1308","1308"
"7265","20231002","3460","3880","3355","3750","3633.6015","26100","94837000","3460","3880","3355","3705","3705","3830","3565","3750"
"7266","20231002","651","673","651","653","661.8822","48400","32035100","651","673","651","670","670","670","653","653"
"7267","20231002","1714","1729.5","1688","1688.5","1706.5661","15600800","26623796300","1714","1729.5","1697.5","1727.5","1726.5","1727","1688","1688.5"
"7268","20231002","306","307","291","291","299.4173","40500","12126400","306","307","303","303","305","305","291","291"
"7269","20231002","6048","6145","5950","5950","6018.9002","1599500","9627230800","6048","6145","5974","6116","6090","6103","5950","5950"
"7270","20231002","2955","2995","2923.5","2923.5","2959.0506","3936000","11646823300","2955","2995","2946.5","2979.5","2978","2978","2923.5","2923.5"
"7271","20231002","808","823","802","802","811.3462","26000","21095000","808","823","808","813","812","815","802","802"
"7272","20231002","3991","4042","3936","3943","3986.881","1653800","6593503800","3991","4042","3958","4031","4030","4030","3936","3943"
"7273","20231002","1400","1400","1350","1351","1363.3429","3500","4771700","1400","1400","1376","1376","1385","1385","1350","1351"
"7276","20231002","2266","2316.5","2265.5","2290.5","2296.8234","1375700","3159739900","2266","2313.5","2265.5","2306","2302","2316.5","2290.5","2290.5"
"7277","20231002","428","434","418","421","426.2823","381900","162797200","428","432","426","431","431","434","418","421"
"7278","20231002","2627","2678","2627","2638","2654.3983","237000","629092400","2627","2678","2627","2664","2667","2676","2634","2638"
"7279","20231002","1603","1658","1597","1603","1626.3121","111500","181333800","1603","1658","1599","1644","1632","1633","1597","1603"
"7280","20231002","801","805","760","760","781.7342","385200","301124000","801","805","788","792","794","795","760","760"
"7282","20231002","3223","3252","3188","3195","3217.4348","320600","1031509600","3223","3252","3192","3245","3239","3247","3188","3195"
"7283","20231002","1347","1372","1326","1326","1345.834","177700","239154700","1347","1372","1347","1357","1357","1357","1326","1326"
"7284","20231002","1002","1012","1002","1010","1008.0889","4500","4536400","1002","1011","1002","1011","1011","1012","1010","1010"
"7287","20231002","1167","1195","1155","1159","1175.0364","225200","264618200","1167","1195","1160","1190","1185","1193","1155","1159"
"7291","20231002","497","503","487","488","494.2409","46900","23179900","497","503","497","498","497","497","487","488"
"7292","20231002","3350","3390","3255","3315","3338.1633","19600","65428000","3350","3390","3350","3380","3380","3390","3255","3315"
"7294","20231002","976","1008","966","985","993.8971","197300","196095900","976","1008","966","1004","1003","1004","983","985"
"7296","20231002","1919","1931","1882","1886","1906.6503","203300","387622000","1919","1931","1906","1919","1919","1921","1882","1886"
"7297","20231002","883","890","883","885","886","900","797400","883","885","883","885","890","890","885","885"
"7298","20231002","1386","1398","1382","1382","1383.8759","122500","169524800","1386","1398","1383","1384","1385","1385","1382","1382"
"7299","20231002","4205","4255","4140","4155","4188.6842","3800","15917000","4205","4255","4195","4215","4210","4210","4140","4155"
"7305","20231002","2819","2873","2800","2809","2826.2006","34400","97221300","2819","2873","2819","2844","2831","2834","2800","2809"
"7309","20231002","20350","20405","19900","20050","20147.5758","323400","6515726000","20350","20405","20170","20245","20230","20250","19900","20050"
"7313","20231002","1723.5","1739","1701","1703.5","1716.6569","292600","502293800","1723.5","1739","1717","1728","1728","1730","1701","1703.5"
"7314","20231002","1121","1132","1085","1098","1108.0628","20700","22936900","1121","1132","1100","1127","1127","1127","1085","1098"
"7315","20231002","692","703","684","688","693.2198","116900","81037400","692","703","685","693","695","695","684","688"
"7317","20231002","652","685","651","659","667.4051","39000","26028800","652","685","651","671","671","671","652","659"
"7318","20231002","1623","1670","1623","1640","1649.0417","4800","7915400","1623","1670","1623","1645","1635","1640","1623","1640"
"7320","20231002","2775","2874","2752","2766","2804.6766","33400","93676200","2775","2874","2764","2858","2858","2863","2752","2766"
"7322","20231002","1878","1908","1863","1866","1881.491","55600","104610900","1878","1908","1864","1899","1899","1899","1863","1866"
"7325","20231002","714","716","711","714","713.1667","4800","3423200","714","714","711","711","712","716","712","714"
"7326","20231002","1213","1235","1205","1230","1224.3737","93400","114356500","1213","1223","1205","1217","1227","1235","1210","1230"
"7327","20231002","3865","3970","3855","3900","3916.376","110100","431193000","3865","3970","3855","3965","3965","3965","3885","3900"
"7330","20231002","1220","1231","1183","1187","1206.8871","31900","38499700","1220","1231","1202","1210","1210","1210","1183","1187"
"7337","20231002","929.9","955","927.6","936.4","942.655","1006200","948499420","929.9","955","927.6","952.8","952.8","952.8","933.4","936.4"
"7338","20231002","824","824","800","806","806.1724","5800","4675800","824","824","800","805","806","807","804","806"
"7342","20231002","1275","1315","1253","1255","1288.9644","744500","959634000","1275","1315","1265","1297","1295","1298","1253","1255"
"7343","20231002","1137","1145","1134","1137","1139.76","5000","5698800","1137","1145","1137","1140","1138","1138","1134","1137"
"7345","20231002","460","460","457","457","459","600","275400","460","460","459","459","457","457","457","457"
"7347","20231002","827","842","814","814","824.783","23500","19382400","827","842","827","827","823","834","814","814"
"7350","20231002","2430","2499","2430","2446","2466.18","50000","123309000","2430","2499","2430","2494","2496","2497","2438","2446"
"7351","20231002","873","884","843","850","860.3137","56100","48263600","873","884","843","876","866","869","849","850"
"7352","20231002","1538","1552","1480","1480","1503.2793","40100","60281500","1538","1552","1501","1501","1503","1507","1480","1480"
"7353","20231002","1007","1012","983","999","997.0653","19900","19841600","1007","1012","983","989","998","1006","990","999"
"7354","20231002","475","479","446","446","461.886","484100","223599000","475","479","462","464","465","465","446","446"
"7356","20231002","196","197","190","194","193.9343","13700","2656900","196","197","195","196","196","196","190","194"
"7357","20231002","784","797","771","790","785.5488","8200","6441500","784","797","771","790","790","790","780","790"
"7358","20231002","1241","1257","1217","1217","1227.5143","28000","34370400","1241","1257","1241","1245","1241","1241","1217","1217"
"7359","20231002","1055","1060","1023","1023","1039.8271","71700","74555600","1055","1058","1026","1040","1043","1060","1023","1023"
"7360","20231002","919","935","913","913","920","1600","1472000","919","935","919","935","934","934","913","913"
"7361","20231002","2617","2635","2557","2557","2598.9717","10600","27549100","2617","2635","2609","2610","2611","2611","2557","2557"
"7362","20231002","1240","1277","1240","1277","1264.2308","1300","1643500","1240","1240","1240","1240","1270","1277","1246","1277"
"7363","20231002","2016","2016","2016","2016","2016","100","201600","-","-","-","-","2016","2016","2016","2016"
"7366","20231002","2015","2049","1983","1984","2005.1595","130400","261472800","2015","2049","2002","2009","2003","2013","1983","1984"
"7367","20231002","876","876","852","857","862.7529","17400","15011900","876","876","862","862","868","868","852","857"
"7368","20231002","1477","1480","1440","1451","1463.0175","5700","8339200","1477","1480","1440","1470","1473","1473","1451","1451"
"7369","20231002","2847","2865","2750","2804","2808.4267","38900","109247800","2847","2865","2760","2821","2821","2863","2750","2804"
"7370","20231002","1139","1155","1117","1121","1132","57200","64750400","1139","1155","1137","1138","1134","1134","1117","1121"
"7371","20231002","594","608","593","604","602.0945","27500","16557600","594","608","593","605","605","607","603","604"
"7372","20231002","714","733","707","716","720.7651","46400","33443500","714","720","707","719","719","733","716","716"
"7373","20231002","2215","2254","2125","2127","2191.398","142700","312712500","2215","2254","2174","2191","2186","2186","2125","2127"
"7374","20231002","1645","1645","1619","1628","1626.625","3200","5205200","1645","1645","1624","1644","1624","1628","1619","1628"
"7375","20231002","1430","1452","1402","1433","1429.0549","65600","93746000","1430","1432","1402","1430","1428","1452","1419","1433"
"7376","20231002","-","-","-","-","-","-","-","-","-","-","-","-","-","-","-"
"7377","20231002","1482","1512","1468","1497","1489.6727","5500","8193200","1482","1512","1468","1502","1491","1502","1489","1497"
"7378","20231002","809","809","784","784","797.6606","66300","52884900","809","809","796","799","799","799","784","784"
"7379","20231002","1044","1046","999","999","1021.9491","62900","64280600","1044","1046","1015","1015","1017","1018","999","999"
"7380","20231002","3795","3905","3775","3845","3851.7286","172100","662882500","3795","3905","3775","3895","3905","3905","3845","3845"
"7381","20231002","5210","5420","5210","5330","5354.9542","76500","409654000","5210","5420","5210","5410","5410","5410","5310","5330"
"7383","20231002","340","346","337","340","340.5745","168500","57386800","340","346","338","340","338","342","337","340"
"7384","20231002","1980","2019","1962","1965","1988.1947","67300","133805500","1980","2019","1980","2003","1998","2004","1962","1965"
"7386","20231002","4590","4620","4410","4410","4495.4839","9300","41808000","4590","4620","4495","4550","4535","4535","4410","4410"
"7388","20231002","3580","3615","3485","3505","3552.9696","313000","1112079500","3580","3615","3485","3560","3570","3570","3500","3505"
"7389","20231002","2481","2566","2481","2529","2534.1828","153700","389503900","2481","2564","2481","2563","2566","2566","2516","2529"
"7399","20231002","554","556","549","556","554.339","5900","3270600","554","556","549","556","554","556","554","556"
"7408","20231002","1585","1600","1531","1531","1560.5304","170800","266538600","1585","1600","1558","1570","1573","1573","1531","1531"
"7409","20231002","4100","4195","4040","4045","4086.3063","11100","45358000","4100","4195","4075","4135","4135","4135","4040","4045"
"7412","20231002","886","889","864","864","872.4821","705400","615448900","886","889","869","871","870","871","864","864"
"7413","20231002","-","-","-","-","-","-","-","-","-","-","-","-","-","-","-"
"7414","20231002","1728","1751","1714","1716","1729.7658","63200","109321200","1728","1751","1722","1742","1742","1742","1714","1716"
"7416","20231002","534","534","521","521","528.4417","12000","6341300","534","534","530","530","532","532","521","521"
"7417","20231002","2230","2269","2228","2230","2257.2479","23400","52819600","2230","2258","2230","2255","2269","2269","2228","2230"
"7419","20231002","1320","1336","1306","1312","1321.3434","271100","358216200","1320","1336","1306","1333","1332","1332","1311","1312"
"7420","20231002","1884","1938","1884","1888","1912.9441","114400","218840800","1884","1938","1884","1928","1928","1928","1887","1888"
"7421","20231002","1526","1530","1480","1480","1499.2872","253500","380069300","1526","1530","1499","1503","1503","1503","1480","1480"
"7422","20231002","2910","2920","2910","2920","2916.6667","300","875000","2910","2920","2910","2920","2920","2920","2920","2920"
"7425","20231002","3020","3020","2998","2998","3006.8571","700","2104800","3020","3020","3020","3020","3005","3005","2998","2998"
"7426","20231002","-","-","-","-","-","-","-","-","-","-","-","-","-","-","-"
"7427","20231002","1576","1664","1501","1596","1605.656","1374600","2207134800","1576","1664","1501","1650","1649","1652","1595","1596"
"7433","20231002","5150","5240","5130","5130","5185.9102","209300","1085411000","5150","5240","5140","5230","5240","5240","5130","5130"
"7434","20231002","1801","1801","1734","1742","1764.8889","900","1588400","1801","1801","1734","1734","1774","1774","1742","1742"
"7435","20231002","1185","1193","1172","1173","1184.4102","25600","30320900","1185","1192","1177","1192","1187","1193","1172","1173"
"7438","20231002","1176","1190","1166","1166","1175.3443","24400","28678400","1176","1190","1176","1184","1183","1183","1166","1166"
"7442","20231002","368","370","360","360","365.3481","27000","9864400","368","370","368","370","369","370","360","360"
"7443","20231002","547","547","544","544","546.7368","1900","1038800","547","547","545","545","544","544","544","544"
"7444","20231002","1644","1661","1644","1661","1650.8723","4700","7759100","1644","1647","1644","1647","1647","1661","1647","1661"
"7445","20231002","513","516","507","508","511.8226","69900","35776400","513","516","511","513","513","513","507","508"
"7446","20231002","3935","3935","3865","3865","3900","200","780000","3935","3935","3865","3865","-","-","-","-"
"7447","20231002","2133","2178","2124","2133","2140.5368","82900","177450500","2133","2178","2133","2154","2154","2154","2124","2133"
"7450","20231002","1253","1253","1248","1248","1250.6522","2300","2876500","1253","1253","1252","1252","1251","1251","1248","1248"
"7451","20231002","3915","3960","3890","3895","3923.3816","96700","379391000","3915","3960","3905","3945","3945","3945","3890","3895"
"7453","20231002","1940","1940","1881.5","1894","1907.4269","2888800","5510174700","1940","1940","1909","1917","1915","1918","1881.5","1894"
"7455","20231002","385","395","375","375","383.6782","161900","62117500","385","395","385","387","387","389","375","375"
"7456","20231002","2389","2437","2377","2385","2399.9399","66600","159836000","2389","2437","2389","2414","2408","2408","2377","2385"
"7458","20231002","2434.5","2479.5","2408","2408","2435.0285","219500","534488750","2434.5","2479.5","2423","2458.5","2458.5","2458.5","2408","2408"
"7459","20231002","2515.5","2551","2498.5","2505.5","2517.0711","439000","1104994200","2515.5","2551","2502.5","2540.5","2537.5","2540.5","2498.5","2505.5"
"7460","20231002","1448","1461","1405","1441","1449.5532","81700","118428500","1448","1450","1405","1450","1460","1461","1440","1441"
"7461","20231002","566","566","555","560","564.2222","1800","1015600","566","566","555","555","561","561","560","560"
"7462","20231002","367","372","367","372","370.0667","1500","555100","367","372","367","372","372","372","372","372"
"7463","20231002","1057","1083","1056","1060","1068.9964","111600","119300000","1057","1083","1056","1073","1071","1071","1059","1060"
"7464","20231002","8300","8440","8300","8440","8334","500","4167000","8300","8300","8300","8300","8330","8440","8330","8440"
"7466","20231002","1946","1958","1924","1930","1936.8946","38900","75345200","1946","1958","1935","1946","1945","1945","1924","1930"
"7467","20231002","3985","4060","3940","3940","3995.8275","57400","229360500","3985","4060","3985","4040","4040","4040","3940","3940"
"7472","20231002","3265","3265","3220","3220","3242.7273","1100","3567000","3265","3265","3250","3250","3230","3245","3220","3220"
"7475","20231002","2424","2448","2406","2406","2428.1046","23900","58031700","2424","2448","2420","2439","2445","2446","2406","2406"
"7476","20231002","5474","5496","5284","5288","5353.2415","82400","441107100","5474","5496","5415","5421","5395","5401","5284","5288"
"7477","20231002","3475","3580","3330","3400","3449.1837","4900","16901000","3475","3580","3330","3430","3440","3440","3370","3400"
"7480","20231002","2215","2256","2214","2214","2234.0141","42600","95169000","2215","2256","2215","2244","2245","2245","2214","2214"
"7481","20231002","2039","2050","1905","1920","1953.859","46100","90072900","2039","2050","1959","1961","1961","1970","1905","1920"
"7482","20231002","1159","1183","1146","1147","1159.8198","17200","19948900","1159","1183","1159","1178","1151","1172","1146","1147"
"7483","20231002","2232","2251","2161","2161","2192.4382","75300","165090600","2232","2251","2203","2203","2200","2204","2161","2161"
"7486","20231002","669","670","669","670","669.5","200","133900","669","669","669","669","670","670","670","670"
"7487","20231002","1601","1610","1593","1593","1598.1591","8800","14063800","1601","1610","1601","1604","1602","1602","1593","1593"
"7490","20231002","916","925","904","921","914.9286","2800","2561800","916","925","904","925","920","921","905","921"
"7494","20231002","406","418","405","405","410.2205","205000","84095200","406","418","405","413","412","413","405","405"
"7500","20231002","6350","6400","6350","6390","6382.5","1600","10212000","6350","6400","6350","6360","6390","6390","6390","6390"
"7501","20231002","795","795","786","786","789.8667","1500","1184800","795","795","789","789","790","791","786","786"
"7502","20231002","2130","2148","2118","2137","2131.5","600","1278900","2130","2148","2118","2148","2138","2138","2137","2137"
"7504","20231002","2055","2075","2027","2028","2048.774","17700","36263300","2055","2075","2050","2071","2070","2070","2027","2028"
"7505","20231002","1550","1557","1465","1466","1518.5851","9400","14274700","1550","1557","1507","1523","1523","1524","1465","1466"
"7506","20231002","1613","1613","1606","1609","1608.125","2400","3859500","1613","1613","1606","1606","1606","1609","1606","1609"
"7508","20231002","1230","1239","1204","1204","1217.8861","94800","115455600","1230","1239","1225","1226","1225","1226","1204","1204"
"7509","20231002","3605","3605","3605","3605","3605","500","1802500","3605","3605","3605","3605","-","-","-","-"
"7510","20231002","1846","1857","1834","1836","1846.9244","23800","43956800","1846","1857","1843","1855","1854","1855","1834","1836"
"7512","20231002","870","873","863","863","867.9098","197400","171325400","870","873","866","872","870","872","863","863"
"7513","20231002","640","645","634","636","639.6503","120100","76822000","640","645","634","643","641","642","636","636"
"7514","20231002","921","926","912","912","918.5796","69700","64025000","921","926","913","917","917","918","912","912"
"7515","20231002","3500","3500","3360","3470","3419.4444","1800","6155000","3500","3500","3360","3480","3470","3470","3470","3470"
"7516","20231002","3900","3930","3830","3835","3878.9286","113400","439870500","3900","3930","3880","3910","3900","3900","3830","3835"
"7518","20231002","2862","2901","2840","2840","2862.6184","796000","2278644250","2862","2901","2862","2866.5","2865.5","2866.5","2840","2840"
"7520","20231002","2053","2069","2041","2046","2053.656","12500","25670700","2053","2069","2044","2062","2062","2065","2041","2046"
"7521","20231002","1884","1885","1851","1869","1863.7442","8600","16028200","1884","1885","1856","1861","1861","1879","1851","1869"
"7522","20231002","1180","1227","1167","1197","1203.7091","260600","313686600","1180","1227","1167","1206","1204","1210","1197","1197"
"7523","20231002","1136","1136","1086","1091","1104.259","113500","125333400","1136","1136","1118","1119","1118","1118","1086","1091"
"7524","20231002","276","276","267","267","270.243","53900","14566100","276","276","270","272","272","273","267","267"
"7525","20231002","2998","3070","2998","3035","3043.5281","8900","27087400","2998","3070","2998","3050","3065","3065","3035","3035"
"7527","20231002","77","77","75","75","75.9773","250600","19039900","77","77","76","76","76","76","75","75"
"7531","20231002","1450","1450","1424","1424","1437","400","574800","1450","1450","1450","1450","1424","1424","1424","1424"
"7532","20231002","3129","3151","3050","3052","3089.7346","1810300","5593346500","3129","3151","3059","3125","3121","3123","3050","3052"
"7537","20231002","1162","1192","1158","1163","1176.1817","84200","99034500","1162","1192","1162","1186","1185","1188","1158","1163"
"7538","20231002","303","304","302","304","303.0526","1900","575800","303","303","303","303","303","304","302","304"
"7539","20231002","1274","1274","1210","1210","1238.0316","28500","35283900","1274","1274","1233","1242","1236","1236","1210","1210"
"7544","20231002","364","365","350","350","355.8571","32900","11707700","364","365","352","359","359","359","350","350"
"7545","20231002","1628","1634","1581","1581","1601.2584","585500","937536800","1628","1634","1598","1602","1600","1607","1581","1581"
"7550","20231002","6463","6534","6306","6422","6435.8279","870000","5599170300","6463","6534","6306","6459","6460","6466","6389","6422"
"7551","20231002","625","631","619","627","623.7996","46900","29256200","625","631","624","627","626","627","619","627"
"7552","20231002","2479","2523","2445","2445","2476.2878","48300","119604700","2479","2523","2463","2511","2503","2503","2445","2445"
"7554","20231002","1025","1029","1008","1008","1014.5701","54200","54989700","1025","1029","1012","1017","1016","1017","1008","1008"
"7555","20231002","783","783","771","772","775.1667","600","465100","783","783","771","771","772","772","772","772"
"7559","20231002","1478","1493","1478","1482","1484.4","1000","1484400","1478","1493","1478","1493","1493","1493","1482","1482"
"7561","20231002","733","738","722","722","729.8032","43200","31527500","733","738","729","731","731","733","722","722"
"7562","20231002","7300","7300","7080","7120","7196.0606","6600","47494000","7300","7300","7220","7260","7250","7260","7080","7120"
"7564","20231002","4560","4580","4480","4480","4513.4797","315400","1423551500","4560","4580","4505","4530","4530","4540","4480","4480"
"7565","20231002","-","-","-","-","-","-","-","-","-","-","-","-","-","-","-"
"7567","20231002","433","433","427","430","429.5776","16100","6916200","433","433","429","429","430","430","427","430"
"7570","20231002","1143","1161","1130","1132","1142.0347","14400","16445300","1143","1161","1143","1156","1150","1151","1130","1132"
"7571","20231002","67","69","67","67","67.1604","130900","8791300","67","69","67","67","67","69","67","67"
"7575","20231002","1172","1182","1157","1157","1168.0313","194800","227532500","1172","1182","1166","1182","1182","1182","1157","1157"
"7578","20231002","590","646","570","570","606.9686","551600","334803900","590","646","590","622","620","620","570","570"
"7581","20231002","4870","4875","4780","4820","4836.9163","164900","797607500","4870","4875","4780","4855","4850","4870","4820","4820"
"7585","20231002","458","462","428","430","442.2174","39100","17290700","458","462","452","458","459","459","428","430"
"7590","20231002","636","641","632","632","636.3293","66500","42315900","636","641","633","641","641","641","632","632"
"7593","20231002","513","518","510","510","514.2003","444400","228510600","513","518","513","515","514","517","510","510"
"7595","20231002","3335","3335","3205","3205","3243.5072","34500","111901000","3335","3335","3275","3285","3270","3270","3205","3205"
"7596","20231002","2138","2153","2125","2125","2136.8242","25600","54702700","2138","2153","2137","2148","2148","2148","2125","2125"
"7599","20231002","732","741","719","722","729.1817","1257300","916800100","732","741","723","733","732","734","719","722"
"7600","20231002","747","756","733","733","741.9113","103700","76936200","747","756","742","743","743","744","733","733"
"7601","20231002","230","238","222","222","228.1896","93900","21427000","230","238","230","234","234","234","222","222"
"7602","20231002","206","206","202","203","203.75","6400","1304000","206","206","202","202","203","203","202","203"
"7603","20231002","378","378","376","378","377.1176","5100","1923300","378","378","376","377","377","378","377","378"
"7604","20231002","1130","1148","1122","1122","1135.4397","14100","16009700","1130","1148","1128","1135","1136","1140","1122","1122"
"7605","20231002","2105","2141","2041","2048","2083.975","51900","108158300","2105","2141","2105","2117","2104","2118","2041","2048"
"7606","20231002","1980","2015","1946","1947","1976.7058","242000","478362800","1980","2015","1972","1993","1990","1992","1946","1947"
"7607","20231002","2368","2409","2365","2365","2391.0258","38700","92532700","2368","2409","2368","2402","2401","2404","2365","2365"
"7608","20231002","706","739","702","702","719.4345","171000","123023300","706","734","706","734","730","739","702","702"
"7609","20231002","3020","3080","3010","3010","3040.027","18500","56240500","3020","3080","3020","3065","3065","3075","3010","3010"
"7610","20231002","162","166","159","159","162.1421","1025200","166228100","162","166","162","163","163","163","159","159"
"7611","20231002","2745","2751","2662","2668","2692.0321","190200","512024500","2745","2751","2676","2704","2702","2703","2662","2668"
"7613","20231002","1540","1546","1481","1485","1508.0079","127100","191667800","1540","1546","1527","1529","1528","1528","1481","1485"
"7614","20231002","1227","1242","1227","1231","1233.661","5900","7278600","1227","1242","1227","1235","1234","1234","1229","1231"
"7615","20231002","174","177","173","173","174.5435","36800","6423200","174","177","174","177","177","177","173","173"
"7616","20231002","2392.5","2409.5","2345","2364","2374.8876","522000","1239691350","2392.5","2409.5","2345","2382","2378","2383","2354.5","2364"
"7618","20231002","478","479","478","479","478.0395","15200","7266200","478","479","478","478","478","479","478","479"
"7619","20231002","708","708","703","705","705.8","8500","5999300","708","708","703","705","704","708","704","705"
"7621","20231002","3865","3865","3750","3750","3806.2121","3300","12560500","3865","3865","3815","3820","3825","3840","3750","3750"
"7623","20231002","590","590","585","585","586.9048","2100","1232500","590","590","587","589","590","590","585","585"
"7624","20231002","146","146","145","145","145.6498","21700","3160600","146","146","145","146","146","146","145","145"
"7625","20231002","561","581","555","555","568.1667","67800","38521700","561","581","561","565","566","569","555","555"
"7628","20231002","1645","1678","1645","1649","1659.4658","23400","38831500","1645","1678","1645","1661","1661","1661","1649","1649"
"7630","20231002","5460","5460","5300","5300","5364.5296","57400","307924000","5460","5460","5370","5370","5360","5370","5300","5300"
"7634","20231002","4220","4220","4220","4220","4220","100","422000","4220","4220","4220","4220","-","-","-","-"
"7635","20231002","1100","1130","1100","1127","1109.6429","4200","4660500","1100","1110","1100","1105","1106","1130","1106","1127"
"7636","20231002","1044","1090","1044","1063","1063.1408","14200","15096600","1044","1090","1044","1065","1066","1080","1063","1063"
"7637","20231002","2270","2310","2252","2252","2271.5812","35100","79732500","2270","2310","2270","2282","2277","2277","2252","2252"
"7638","20231002","1812","1821","1786","1790","1799.2679","44800","80607200","1812","1821","1798","1807","1803","1804","1786","1790"
"7640","20231002","189","190","189","189","189.5266","16900","3203000","189","190","189","190","190","190","189","189"
"7643","20231002","846","851","840","840","845.7831","18900","15985300","846","851","846","848","849","849","840","840"
"7646","20231002","799","806","797","797","799.8607","12200","9758300","799","806","799","800","800","803","797","797"
"7647","20231002","28","29","28","28","28.3454","159781000","4529060700","28","29","28","29","29","29","28","28"
"7649","20231002","5950","5953","5847","5860","5886.679","222100","1307431400","5950","5953","5870","5925","5913","5926","5847","5860"
"7670","20231002","792","803","784","784","792.0209","19100","15127600","792","803","792","797","797","798","784","784"
"7671","20231002","948","948","947","948","947.4375","1600","1515900","948","948","947","948","-","-","-","-"
"7673","20231002","1217","1217","1202","1206","1210.0909","3300","3993300","1217","1217","1208","1214","1210","1215","1202","1206"
"7674","20231002","3725","3735","3630","3630","3674.7273","5500","20211000","3725","3735","3705","3705","3720","3720","3630","3630"
"7676","20231002","717","740","717","717","719.7857","440500","317065600","717","740","717","717","717","717","717","717"
"7677","20231002","2095","2095","2065","2065","2076.6667","300","623000","2095","2095","2070","2070","2065","2065","2065","2065"
"7678","20231002","1747","1790","1741","1758","1758.8","4000","7035200","1747","1790","1741","1760","1780","1780","1758","1758"
"7679","20231002","2726","2739","2652","2659","2673.622","24600","65771100","2726","2739","2674","2679","2672","2678","2652","2659"
"7681","20231002","2758","2758","2608","2684","2658.4","500","1329200","2758","2758","2608","2684","-","-","-","-"
"7682","20231002","3010","3035","3005","3005","3012.3913","2300","6928500","3010","3035","3010","3020","3020","3020","3005","3005"
"7683","20231002","2500","2555","2488","2515","2516.3534","13300","33467500","2500","2555","2500","2526","2534","2535","2488","2515"
"7685","20231002","3140","3180","3080","3090","3128.5823","72300","226196500","3140","3180","3105","3125","3120","3140","3080","3090"
"7686","20231002","2760","2786","2698","2718","2737.7354","18900","51743200","2760","2786","2745","2770","2757","2765","2698","2718"
"7687","20231002","2054","2090","1973","1973","2009.8307","18900","37985800","2054","2090","2023","2023","2013","2013","1973","1973"
"7689","20231002","624","624","622","624","623.5","600","374100","624","624","622","624","-","-","-","-"
"7692","20231002","106","109","105","105","106.336","2449900","260512500","106","109","105","106","107","108","105","105"
"7694","20231002","1037","1041","1002","1023","1024.4828","11600","11884000","1037","1037","1002","1016","1017","1041","1008","1023"
"7695","20231002","2650","2680","2565","2571","2608.0323","9300","24254700","2650","2680","2620","2620","2620","2621","2565","2571"
"7698","20231002","1835","1854","1814","1830","1837.1167","6000","11022700","1835","1850","1816","1839","1825","1854","1814","1830"
"7699","20231002","533","533","533","533","533","200","106600","533","533","533","533","-","-","-","-"
"7701","20231002","4013","4036","3956","3960","3987.6096","841500","3355573500","4013","4036","3998","4027","4027","4027","3956","3960"
"7702","20231002","536","546","534","535","539.3226","52700","28422300","536","546","536","542","541","543","534","535"
"7705","20231002","2302","2319","2300","2307","2304.5625","3200","7374600","2302","2319","2300","2315","2313","2313","2300","2307"
"7707","20231002","328","345","319","319","332.7131","172900","57526100","328","345","327","330","327","328","319","319"
"7709","20231002","272","279","270","270","273.3538","42400","11590200","272","279","270","273","270","274","270","270"
"7711","20231002","1246","1265","1225","1225","1241.6825","21100","26199500","1246","1265","1246","1251","1247","1250","1225","1225"
"7713","20231002","1562","1571","1557","1557","1564.875","6400","10015200","1562","1571","1557","1566","1566","1568","1557","1557"
"7715","20231002","2588","2646","2510","2510","2563.6832","171400","439415300","2588","2646","2575","2616","2616","2617","2510","2510"
"7716","20231002","3470","3510","3395","3415","3450.1217","357300","1232728500","3470","3510","3440","3485","3465","3475","3395","3415"
"7717","20231002","2100","2162","2067","2068","2115.8978","133100","281626000","2100","2162","2100","2118","2122","2123","2067","2068"
"7718","20231002","1892","1935","1889","1900","1912.6837","236500","452349700","1892","1935","1889","1927","1923","1924","1894","1900"
"7719","20231002","164","164","162","164","163.3231","6500","1061600","164","164","162","163","163","164","162","164"
"7721","20231002","1464","1486","1437","1440","1455.5091","66200","96354700","1464","1486","1463","1480","1476","1476","1437","1440"
"7722","20231002","523","524","521","521","522.5135","3700","1933300","523","523","521","521","524","524","521","521"
"7723","20231002","1748","1750","1707","1707","1727.0103","29200","50428700","1748","1750","1730","1742","1741","1741","1707","1707"
"7725","20231002","1039","1039","1011","1011","1021.8541","61000","62333100","1039","1039","1022","1026","1025","1025","1011","1011"
"7726","20231002","1440","1458","1430","1430","1440.9242","6600","9510100","1440","1458","1431","1451","1450","1457","1430","1430"
"7727","20231002","435","446","433","434","439.8931","211500","93037400","435","446","435","440","440","441","433","434"
"7729","20231002","7530","7680","7490","7530","7580.0137","219200","1661539000","7530","7680","7490","7680","7650","7670","7530","7530"
"7730","20231002","1828","1858","1815","1817","1831.8655","261400","478849650","1828","1858","1815","1840.5","1838.5","1842.5","1817","1817"
"7731","20231002","1594.5","1602","1562","1567","1579.8156","1734000","2739400200","1594.5","1602","1587.5","1596.5","1588","1594","1562","1567"
"7732","20231002","1648.5","1673.5","1636.5","1651.5","1656.1723","827700","1370813800","1648.5","1673.5","1636.5","1668.5","1663","1669.5","1648","1651.5"
"7733","20231002","1953","1986.5","1942.5","1950.5","1959.1902","5537100","10848232050","1953","1986.5","1942.5","1974.5","1971","1973.5","1943","1950.5"
"7734","20231002","6110","6150","6010","6040","6067.6039","40900","248165000","6110","6150","6010","6140","6100","6100","6030","6040"
"7735","20231002","7413","7653","7358","7512","7539.8293","1673100","12614888400","7413","7644","7358","7640","7641","7653","7470","7512"
"7739","20231002","1908","1954","1905","1907","1929.3532","137600","265479000","1908","1954","1908","1945","1940","1943","1905","1907"
"7740","20231002","4640","4710","4525","4530","4607.6463","119600","551074500","4640","4710","4605","4630","4625","4625","4525","4530"
"7741","20231002","15400","15570","15135","15160","15285.6418","957500","14636002000","15400","15570","15305","15445","15405","15435","15135","15160"
"7743","20231002","820","839","812","819","823.1795","62400","51366400","820","839","813","815","812","830","812","819"
"7744","20231002","3355","3410","3325","3370","3366.5764","157000","528552500","3355","3410","3335","3375","3380","3380","3325","3370"
"7745","20231002","1709","1744","1678","1680","1705.0957","126500","215694600","1709","1744","1704","1729","1725","1727","1678","1680"
"7746","20231002","141","142","138","138","140.2584","116100","16284000","141","142","140","140","140","141","138","138"
"7747","20231002","2687","2691.5","2591","2603.5","2623.7499","894600","2347206650","2687","2691.5","2623","2641","2636","2641.5","2591","2603.5"
"7749","20231002","2653","2729","2635","2729","2692.7391","4600","12386600","2653","2725","2635","2700","2716","2729","2700","2729"
"7751","20231002","3614","3646","3582","3582","3607.1703","3048400","10996097800","3614","3646","3608","3637","3630","3635","3582","3582"
"7752","20231002","1303.5","1320","1289","1292.5","1300.601","2109100","2743097500","1303.5","1320","1297","1314.5","1310.5","1312.5","1289","1292.5"
"7760","20231002","507","511","505","505","506.9248","13300","6742100","507","511","506","506","508","508","505","505"
"7762","20231002","927","944","925","926","932.2444","1469500","1369933100","927","944","925","942","941","941","926","926"
"7769","20231002","1867","2073","1849","2031","2008.7185","130000","261133400","1867","2073","1849","2056","2056","2058","2017","2031"
"7771","20231002","86","87","85","86","85.6148","67500","5779000","86","87","85","85","85","86","85","86"
"7774","20231002","560","560","549","554","553.4684","15800","8744800","560","560","552","552","552","554","549","554"
"7775","20231002","530","533","518","519","524.9522","64800","34016900","530","533","530","530","530","530","518","519"
"7776","20231002","369","388","367","370","378.3044","1171100","443032300","369","388","367","387","387","387","369","370"
"7777","20231002","154","154","149","149","151.0467","668400","100959600","154","154","150","151","151","152","149","149"
"7779","20231002","272","273","268","268","269.9628","470900","127125500","272","273","270","271","271","271","268","268"
"7780","20231002","1938","1953","1885","1887","1909.5745","274000","523223400","1938","1953","1925.5","1925.5","1921.5","1923","1885","1887"
"7781","20231002","942","950","928","936","939","5900","5540100","942","950","928","950","945","945","931","936"
"7782","20231002","559","567","559","562","563.7895","3800","2142400","559","567","559","567","567","567","562","562"
"7791","20231002","775","775","753","756","764.3165","37600","28738300","775","775","758","760","769","769","753","756"
"7792","20231002","979","991","959","960","973.8356","36500","35545000","979","991","971","979","980","983","959","960"
"7793","20231002","1506","1515","1475","1483","1487.519","15800","23502800","1506","1515","1480","1495","1494","1494","1475","1483"
"7794","20231002","2046","2046","2008","2009","2016.378","79900","161108600","2046","2046","2008","2011","2015","2016","2009","2009"
"7795","20231002","194","197","192","193","194.1454","163700","31781600","194","196","193","195","195","197","192","193"
"7800","20231002","655","660","652","652","654.3529","6800","4449600","655","660","652","655","655","655","652","652"
"7803","20231002","565","568","545","548","556.0117","1141600","634742900","565","568","556","559","558","558","545","548"
"7804","20231002","1606","1606","1541","1563","1571.4359","7800","12257200","1606","1606","1541","1585","1592","1593","1560","1563"
"7805","20231002","721","733","719","729","725.9429","3500","2540800","721","731","719","730","733","733","725","729"
"7806","20231002","1538","1548","1481","1481","1504.4257","78700","118398300","1538","1548","1496","1498","1498","1519","1481","1481"
"7807","20231002","984","1007","982","991","996.2778","12600","12553100","984","1007","984","997","997","997","982","991"
"7808","20231002","3025","3050","3025","3040","3035","2300","6980500","3025","3045","3025","3040","3050","3050","3040","3040"
"7809","20231002","2250","2290","2175","2175","2241.3778","48700","109155100","2250","2290","2231","2273","2257","2273","2175","2175"
"7810","20231002","218","220","212","216","216.6795","41500","8992200","218","220","216","219","217","218","212","216"
"7811","20231002","1661","1679","1650","1650","1662.7154","13000","21615300","1661","1679","1661","1670","1670","1670","1650","1650"
"7812","20231002","2025","2037","1932","2011","1986.4032","6200","12315700","2025","2025","1932","2007","2010","2037","2009","2011"
"7813","20231002","663","663","655","655","659.2857","6300","4153500","663","663","659","660","661","661","655","655"
"7814","20231002","619","619","577","584","605.862","187000","113296200","619","619","598","606","609","609","577","584"
"7815","20231002","-","-","-","-","-","-","-","-","-","-","-","-","-","-","-"
"7816","20231002","1192","1197","1138","1139","1158.9337","772100","894812700","1192","1197","1164","1166","1166","1169","1138","1139"
"7817","20231002","2385","2389","2340","2344","2359.4481","82800","195362300","2385","2389","2364","2367","2367","2372","2340","2344"
"7818","20231002","1852","1868","1781","1781","1811.7395","76000","137692200","1852","1868","1839","1840","1835","1835","1781","1781"
"7819","20231002","485","493","480","480","486.5139","32300","15714400","485","493","481","491","491","491","480","480"
"7820","20231002","892","898","882","884","889.2157","35700","31745000","892","898","888","893","893","893","882","884"
"7821","20231002","2990","2990","2921","2921","2947.2702","105100","309758100","2990","2990","2956","2957","2960","2966","2921","2921"
"7822","20231002","224","226","223","224","224.2946","46500","10429700","224","226","223","224","225","225","223","224"
"7823","20231002","816","839","816","826","829.4259","99800","82776700","816","839","816","833","832","833","824","826"
"7826","20231002","10260","10290","10010","10010","10142.5465","53800","545669000","10260","10290","10130","10130","10130","10170","10010","10010"
"7827","20231002","1930","2048","1930","2023","1994.1456","66600","132810100","1930","2040","1930","2002","2026","2048","2005","2023"
"7829","20231002","111","114","109","109","111.6857","282200","31517700","111","114","111","112","112","113","109","109"
"7831","20231002","153","156","151","155","153.9656","90200","13887700","153","154","151","154","154","156","154","155"
"7832","20231002","3082","3130","3065","3081","3093.0988","2322400","7183412600","3082","3130","3065","3110","3097","3107","3079","3081"
"7833","20231002","644","644","640","641","642.0667","4500","2889300","644","644","640","644","641","644","641","641"
"7836","20231002","99","99","95","97","96.6239","252600","24407200","99","99","97","97","97","98","95","97"
"7837","20231002","494","499","493","493","494.5","1200","593400","494","495","494","495","494","499","493","493"
"7839","20231002","2310","2330","2280","2282","2305.071","318400","733934600","2310","2330","2301","2326","2327","2327","2280","2282"
"7840","20231002","1215","1226","1207","1207","1214.1447","30400","36910000","1215","1226","1214","1222","1220","1220","1207","1207"
"7841","20231002","759","770","755","765","759.9091","11000","8359000","759","759","755","759","760","770","760","765"
"7844","20231002","714","722","711","711","715.3269","83200","59515200","714","722","714","718","718","719","711","711"
"7846","20231002","5174","5257","5145","5175","5214.0449","97900","510455000","5174","5257","5145","5248","5246","5246","5175","5175"
"7847","20231002","791","803","791","795","796.2427","20600","16402600","791","803","791","797","797","797","795","795"
"7849","20231002","3975","3975","3830","3830","3895.2727","5500","21424000","3975","3975","3900","3905","3920","3920","3830","3830"
"7850","20231002","874","874","866","868","872","700","610400","874","874","874","874","874","874","866","868"
"7851","20231002","281","285","260","260","270.6567","120300","32560000","281","285","274","278","278","278","260","260"
"7856","20231002","1850","1890","1849","1860","1870.4458","158800","297026800","1850","1890","1849","1876","1877","1877","1855","1860"
"7857","20231002","1325","1325","1325","1325","1325","300","397500","1325","1325","1325","1325","1325","1325","1325","1325"
"7859","20231002","430","437","420","421","428.1068","110500","47305800","430","437","430","430","429","429","420","421"
"7860","20231002","1450","1467","1422","1424","1443.5494","155800","224905000","1450","1467","1437","1456","1453","1456","1422","1424"
"7863","20231002","910","927","898","899","902.8824","5100","4604700","910","927","898","899","900","900","899","899"
"7864","20231002","1779","1797","1768","1773","1782.9736","128800","229647000","1779","1797","1779","1794","1790","1794","1768","1773"
"7865","20231002","1070","1075","1069","1070","1071.0909","3300","3534600","1070","1075","1069","1075","1071","1074","1069","1070"
"7867","20231002","2154","2157","2089","2092","2111.9626","578200","1221136800","2154","2157","2103","2112","2115","2124","2089","2092"
"7868","20231002","2952","3030","2924","2939","2970.9028","221300","657460800","2952","3030","2924","3000","2992","3000","2939","2939"
"7871","20231002","772","773","748","756","759.6393","6100","4633800","772","773","748","758","756","757","754","756"
"7872","20231002","629","633","626","628","628.8361","6100","3835900","629","630","626","630","633","633","628","628"
"7874","20231002","951","957","945","947","949.8071","47700","45305800","951","957","946","951","949","954","945","947"
"7875","20231002","707","714","706","707","709.2857","2800","1986000","707","707","707","707","712","714","706","707"
"7877","20231002","1601","1601","1601","1601","1601","100","160100","1601","1601","1601","1601","-","-","-","-"
"7878","20231002","6220","6720","6220","6500","6484.6465","9900","64198000","6220","6720","6220","6630","6650","6650","6450","6500"
"7879","20231002","1370","1396","1370","1384","1384.042","14300","19791800","1370","1396","1370","1383","1383","1390","1383","1384"
"7883","20231002","372","374","366","366","368.62","15000","5529300","372","374","371","371","367","370","366","366"
"7885","20231002","872","887","867","867","874.767","41200","36040400","872","887","872","875","877","881","867","867"
"7886","20231002","1122","1122","1103","1117","1119.8621","2900","3247600","1122","1122","1103","1103","1105","1117","1105","1117"
"7887","20231002","5790","5790","5690","5770","5737.5","400","2295000","5790","5790","5690","5700","5770","5770","5770","5770"
"7888","20231002","706","716","700","700","705.8076","112800","79615100","706","716","706","712","711","711","700","700"
"7893","20231002","1174","1174","1142","1142","1154.6965","36900","42608300","1174","1174","1160","1164","1163","1163","1142","1142"
"7896","20231002","508","510","508","509","508.75","400","203500","508","510","508","510","509","509","509","509"
"7897","20231002","130","131","127","127","129.7604","644900","83682500","130","131","129","130","130","130","127","127"
"7898","20231002","1060","1077","1059","1059","1065.3192","26000","27698300","1060","1077","1060","1065","1063","1072","1059","1059"
"7899","20231002","405","408","400","403","403.2941","22100","8912800","405","408","403","406","405","406","400","403"
"7901","20231002","10300","10980","10110","10520","10606.7333","15000","159101000","10300","10980","10110","10390","10400","10770","10340","10520"
"7902","20231002","831","839","831","835","836.2","1000","836200","831","839","831","837","838","838","835","835"
"7905","20231002","2995","2996","2994","2994","2994.8658","375500","1124572100","2995","2996","2994","2995","2994","2995","2994","2994"
"7906","20231002","1598","1628","1577","1584","1598.3716","174100","278276500","1598","1628","1582","1611","1606","1608","1577","1584"
"7908","20231002","185","187","183","183","184.4996","117500","21678700","185","187","185","186","185","186","183","183"
"7911","20231002","3562","3591","3487","3494","3525.8226","1126700","3972544300","3562","3591","3540","3559","3550","3555","3487","3494"
"7912","20231002","3896","3944","3864","3868","3888.5279","651300","2532598200","3896","3944","3892","3921","3919","3919","3864","3868"
"7914","20231002","3135","3215","3115","3115","3160.8673","9800","30976500","3135","3215","3135","3205","3190","3190","3115","3115"
"7915","20231002","1680","1694","1652","1652","1669.8786","93900","156801600","1680","1694","1665","1692","1692","1692","1652","1652"
"7916","20231002","1347","1365","1332","1332","1344.9661","5900","7935300","1347","1365","1347","1351","1350","1350","1332","1332"
"7917","20231002","3720","3810","3720","3755","3768.9703","50500","190333000","3720","3810","3720","3795","3780","3790","3745","3755"
"7918","20231002","104","104","101","102","102.5786","333200","34179200","104","104","101","103","103","104","101","102"
"7919","20231002","161","164","158","158","160.8597","49900","8026900","161","164","161","162","162","162","158","158"
"7921","20231002","2467","2473","2418","2423","2445.2036","50100","122504700","2467","2473","2434","2464","2465","2465","2418","2423"
"7922","20231002","471","471","455","459","459","3600","1652400","471","471","469","469","465","465","455","459"
"7923","20231002","513","513","511","511","512","200","102400","513","513","513","513","511","511","511","511"
"7925","20231002","1515","1528","1509","1511","1518.1321","37100","56322700","1515","1528","1514","1523","1525","1525","1509","1511"
"7927","20231002","1680","1706","1668","1668","1686.4785","55800","94105500","1680","1706","1676","1693","1693","1693","1668","1668"
"7928","20231002","587","589","584","584","586.2105","1900","1113800","587","589","587","589","587","587","584","584"
"7931","20231002","3505","3545","3460","3470","3500.144","52100","182357500","3505","3545","3490","3510","3530","3530","3460","3470"
"7932","20231002","4200","4290","4200","4245","4237.5","5600","23730000","4200","4290","4200","4270","4240","4245","4225","4245"
"7936","20231002","5273","5288","5163","5163","5217.0173","1245400","6497273400","5273","5288","5204","5252","5249","5249","5163","5163"
"7937","20231002","2433","2450","2383","2383","2416.44","7500","18123300","2433","2450","2433","2443","2443","2443","2383","2383"
"7938","20231002","2050","2050","2030","2035","2045.8571","1400","2864200","2050","2050","2030","2032","2035","2035","2035","2035"
"7939","20231002","519","519","516","516","518","1100","569800","519","519","519","519","518","518","516","516"
"7940","20231002","653","658","645","645","651.5541","30500","19872400","653","658","649","652","655","655","645","645"
"7942","20231002","2043","2063","2015","2015","2036.6171","35000","71281600","2043","2063","2039","2056","2052","2052","2015","2015"
"7943","20231002","2955","2977","2920","2921","2944.1276","63500","186952100","2955","2977","2938","2965","2965","2965","2920","2921"
"7944","20231002","4130","4195","4120","4130","4149.5359","47400","196688000","4130","4195","4125","4175","4155","4170","4120","4130"
"7946","20231002","1635","1635","1626","1626","1629","300","488700","1635","1635","1635","1635","1626","1626","1626","1626"
"7947","20231002","2424","2469.5","2416.5","2438","2446.0063","236800","579214300","2424","2469.5","2416.5","2465.5","2453.5","2455","2426","2438"
"7949","20231002","2928","2958","2908","2908","2928.0723","24900","72909000","2928","2958","2928","2928","2926","2931","2908","2908"
"7951","20231002","4150","4202","4087","4087","4139.3879","995700","4121588500","4150","4202","4139","4171","4150","4161","4087","4087"
"7952","20231002","3570","3655","3570","3580","3615.7895","24700","89310000","3570","3655","3570","3650","3605","3640","3570","3580"
"7953","20231002","407","408","406","406","407.4646","9900","4033900","407","408","407","408","408","408","406","406"
"7955","20231002","720","727","710","710","718.5279","46600","33483400","720","727","720","722","720","721","710","710"
"7956","20231002","1700","1701.5","1665","1665","1678.2805","992700","1666029050","1700","1701.5","1681","1686.5","1686","1690","1665","1665"
"7957","20231002","1678","1678","1677","1677","1677.5","400","671000","1678","1678","1677","1677","1677","1677","1677","1677"
"7958","20231002","2400","2441","2397","2400","2414.0087","34600","83524700","2400","2441","2400","2432","2432","2432","2397","2400"
"7962","20231002","878","889","875","875","881.6301","34600","30504400","878","889","878","885","880","882","875","875"
"7963","20231002","1654","1656","1647","1655","1652.2308","1300","2147900","1654","1656","1647","1648","1649","1655","1649","1655"
"7965","20231002","1815","1841","1792","1803","1809.976","420000","760189900","1815","1841","1808","1826","1830","1830","1792","1803"
"7966","20231002","2417.5","2452.5","2405","2408","2427.8377","262400","637064600","2417.5","2452.5","2417","2441.5","2440","2440.5","2405","2408"
"7970","20231002","1343","1357","1332","1334","1344.9309","150500","202412100","1343","1357","1343","1354","1352","1353","1332","1334"
"7971","20231002","367","383","361","366","373.2169","675100","251958700","367","383","361","376","375","376","366","366"
"7972","20231002","1502","1530","1490","1494","1505.8639","252800","380682400","1502","1530","1498","1510","1509","1515","1490","1494"
"7974","20231002","6277","6285","6095","6130","6160.0071","5289300","32582125400","6277","6285","6179","6192","6179","6183","6095","6130"
"7975","20231002","990","990","965","966","981.2","2000","1962400","990","990","990","990","990","990","965","966"
"7976","20231002","1915","1943","1914","1919","1926.159","61000","117495700","1915","1943","1915","1935","1928","1942","1914","1919"
"7979","20231002","2152","2190","2134","2141","2150.9058","19100","41082300","2152","2190","2152","2161","2166","2166","2134","2141"
"7980","20231002","787","792","787","792","789.75","4000","3159000","787","790","787","790","790","792","789","792"
"7981","20231002","1842","1868","1836","1847","1851.2368","87000","161057600","1842","1868","1836","1863","1856","1864","1842","1847"
"7983","20231002","1813","1825","1805","1805","1819.2105","1900","3456500","1813","1825","1813","1825","1825","1825","1805","1805"
"7984","20231002","2381","2411.5","2352","2359","2376.0013","300300","713513200","2381","2411.5","2361.5","2389","2388.5","2391.5","2352","2359"
"7985","20231002","1496","1521","1496","1497","1502.5714","1400","2103600","1496","1501","1496","1501","1521","1521","1497","1497"
"7986","20231002","1379","1384","1353","1384","1369.5294","5100","6984600","1379","1380","1361","1362","1372","1384","1353","1384"
"7987","20231002","523","527","517","517","521.5338","60700","31657100","523","527","523","526","527","527","517","517"
"7988","20231002","3903","3970","3862","3870","3904.4333","269100","1050683000","3903","3970","3882","3945","3936","3940","3862","3870"
"7989","20231002","1415","1447","1415","1424","1428.9119","26100","37294600","1415","1447","1415","1435","1437","1437","1421","1424"
"7990","20231002","2035","2085","2025","2026","2049.2301","123400","252875000","2035","2085","2025","2059","2053","2059","2026","2026"
"7991","20231002","1969","1993","1932","1934","1960.8639","46300","90788000","1969","1993","1969","1978","1977","1982","1932","1934"
"7992","20231002","156","156","154","154","155.037","13500","2093000","156","156","155","155","156","156","154","154"
"7994","20231002","2220","2252","2190","2194","2216.1667","280100","620748300","2220","2252","2196","2232","2223","2233","2190","2194"
"7995","20231002","4130","4235","4130","4150","4178.5269","35300","147502000","4130","4235","4130","4220","4215","4230","4145","4150"
"7997","20231002","935","936","920","936","930.7143","2800","2606000","935","935","920","935","934","936","925","936"
"7999","20231002","2049","2099","2024","2025","2058.7582","9100","18734700","2049","2099","2049","2082","2082","2082","2024","2025"
"8001","20231002","5436","5501","5377","5378","5424.0921","3553600","19275053800","5436","5501","5405","5441","5430","5436","5377","5378"
"8002","20231002","2346","2381.5","2330","2331","2352.8828","5455000","12834975550","2346","2381.5","2331.5","2370.5","2370.5","2371","2330","2331"
"8005","20231002","993","1010","990","990","999.6397","106300","106261700","993","1009","993","1006","1006","1010","990","990"
"8006","20231002","3035","3060","3020","3060","3036.6667","600","1822000","3035","3035","3020","3020","3035","3060","3035","3060"
"8007","20231002","932","954","923","925","935.4042","99700","93259800","932","954","923","936","936","937","925","925"
"8008","20231002","1902","1913","1887","1888","1900.8917","114500","217652100","1902","1913","1896","1908","1909","1909","1887","1888"
"8011","20231002","2015","2050","1986","1993","2017.8054","141300","285115900","2015","2050","2011","2025","2022","2028","1986","1993"
"8012","20231002","2360","2388.5","2346","2346","2362.0532","205000","484220900","2360","2388.5","2360","2383","2375.5","2378","2346","2346"
"8013","20231002","288","288","285","286","286.2899","16900","4838300","288","288","285","286","286","287","286","286"
"8014","20231002","2981","3035","2968","2968","2999.2588","22800","68383100","2981","3035","2981","3030","3020","3020","2968","2968"
"8015","20231002","8888","8965","8697","8709","8794.8694","750400","6599670000","8888","8965","8823","8859","8817","8839","8697","8709"
"8016","20231002","537","558","535","540","545.604","2377200","1297009800","537","558","535","551","550","550","540","540"
"8018","20231002","805","831","805","816","821.7338","81900","67300000","805","831","805","826","826","827","815","816"
"8020","20231002","2093","2132","2075","2092","2108.1232","411400","867281900","2093","2132","2075","2132","2125","2128","2088","2092"
"8022","20231002","4780","4805","4645","4645","4718.9559","77100","363831500","4780","4805","4735","4760","4755","4760","4645","4645"
"8023","20231002","656","675","650","650","661.745","35300","23359600","656","675","655","655","653","658","650","650"
"8025","20231002","1300","1300","1291","1291","1292.2857","700","904600","1300","1300","1300","1300","1291","1291","1291","1291"
"8029","20231002","2019","2044","2015","2017","2025.4368","36400","73725900","2019","2044","2017","2042","2043","2043","2015","2017"
"8030","20231002","3035","3045","3035","3045","3041","500","1520500","3035","3045","3035","3045","3045","3045","3045","3045"
"8031","20231002","5480","5526","5381","5391","5442.8666","3611800","19658545700","5480","5526","5411","5495","5484","5489","5381","5391"
"8032","20231002","4885","4940","4825","4825","4868.2888","18700","91037000","4885","4940","4860","4915","4930","4930","4825","4825"
"8035","20231002","20540","20575","20165","20180","20376.9016","3367200","68613103000","20540","20575","20275","20475","20475","20485","20165","20180"
"8037","20231002","1473","1485","1440","1440","1462.6739","183100","267815600","1473","1485","1459","1464","1467","1467","1440","1440"
"8038","20231002","6510","6560","6410","6410","6480","1200","7776000","6510","6560","6410","6410","6410","6410","6410","6410"
"8039","20231002","3145","3145","3105","3135","3126.25","800","2501000","3145","3145","3105","3140","3135","3135","3135","3135"
"8040","20231002","885","892","884","885","886.9167","1200","1064300","885","892","885","892","884","891","884","885"
"8041","20231002","2430","2445","2402","2402","2426.2932","13300","32269700","2430","2445","2430","2440","2440","2440","2402","2402"
"8043","20231002","2583","2630","2557","2563","2587.1353","30300","78390200","2583","2630","2583","2601","2605","2605","2557","2563"
"8045","20231002","830","840","830","839","836.1818","1100","919800","830","831","830","831","835","840","835","839"
"8046","20231002","2374","2404","2374","2397","2387.0448","6700","15993200","2374","2400","2374","2386","2397","2404","2384","2397"
"8050","20231002","2632","2648","2564","2568","2600.5665","172300","448077600","2632","2648","2616","2634","2630","2630","2564","2568"
"8051","20231002","1188","1209","1179","1181","1193.8489","201800","240918700","1188","1209","1184","1207","1207","1207","1179","1181"
"8052","20231002","4925","4965","4830","4830","4884.9561","11400","55688500","4925","4965","4900","4910","4910","4910","4830","4830"
"8053","20231002","2997","3033","2963","2965","2994.5213","5011100","15005845550","2997","3033","2997","3003","3003","3005","2963","2965"
"8056","20231002","3746","3751","3688","3700","3717.2463","286700","1065734500","3746","3751","3721","3730","3737","3745","3688","3700"
"8057","20231002","6780","6870","6750","6750","6792.2531","32400","220069000","6780","6870","6780","6800","6780","6830","6750","6750"
"8058","20231002","7180","7288","7107","7126","7200.3129","5536100","39861652100","7180","7288","7128","7253","7246","7247","7107","7126"
"8059","20231002","1871","1904","1839","1839","1859.6692","65900","122552200","1871","1904","1861","1869","1859","1861","1839","1839"
"8060","20231002","3921","4007","3887","3895","3944.6597","171300","675720200","3921","4007","3917","3990","3976","3981","3887","3895"
"8061","20231002","2251","2257","2194","2194","2221.7855","37300","82872600","2251","2257","2225","2230","2236","2236","2194","2194"
"8065","20231002","1533","1541","1502","1503","1518.9485","19400","29467600","1533","1541","1519","1532","1526","1526","1502","1503"
"8066","20231002","1414","1415","1382","1389","1395.625","5600","7815500","1414","1415","1395","1395","1383","1393","1382","1389"
"8068","20231002","3310","3375","3300","3310","3340.1127","199700","667020500","3310","3375","3305","3365","3370","3370","3300","3310"
"8070","20231002","839","863","839","844","854.8619","131100","112072400","839","863","839","857","857","857","844","844"
"8072","20231002","2342","2342","2217","2268","2271.5833","1200","2725900","2342","2342","2217","2268","-","-","-","-"
"8074","20231002","4175","4215","4135","4155","4180.3733","50900","212781000","4175","4215","4135","4205","4205","4210","4150","4155"
"8075","20231002","5800","5870","5750","5750","5804.3673","24500","142207000","5800","5870","5780","5840","5840","5840","5750","5750"
"8076","20231002","2186","2207","2151","2152","2172.7627","11800","25638600","2186","2207","2151","2179","2179","2188","2151","2152"
"8077","20231002","314","324","308","308","316.0948","217200","68655800","314","324","314","319","319","320","308","308"
"8078","20231002","4745","4835","4690","4690","4758.1329","181300","862649500","4745","4835","4735","4815","4800","4800","4690","4690"
"8079","20231002","4870","4905","4825","4825","4857.8962","71300","346368000","4870","4905","4865","4880","4890","4890","4825","4825"
"8081","20231002","1325","1333","1304","1305","1318.875","50400","66471300","1325","1333","1318","1326","1325","1325","1304","1305"
"8084","20231002","2335","2396","2328","2348","2363.7576","33000","78004000","2335","2396","2328","2390","2380","2380","2342","2348"
"8085","20231002","2638","2638","2549","2600","2593","1300","3370900","2638","2638","2582","2582","2549","2632","2549","2600"
"8086","20231002","1204.5","1204.5","1133","1144.5","1161.1563","1164900","1352630950","1204.5","1204.5","1169","1169.5","1169","1169.5","1133","1144.5"
"8088","20231002","7545","7642","7470","7472","7547.0457","170500","1286771300","7545","7642","7541","7619","7600","7611","7470","7472"
"8089","20231002","1459","1486","1454","1454","1468.697","6600","9693400","1459","1486","1459","1481","1480","1480","1454","1454"
"8091","20231002","4015","4085","3960","3970","4012.4638","20700","83058000","4015","4085","4015","4050","4040","4040","3960","3970"
"8093","20231002","1853","1900","1853","1866","1878.8793","66300","124569700","1853","1900","1853","1889","1889","1890","1865","1866"
"8095","20231002","494","503","490","490","495.0229","113500","56185100","494","503","491","500","499","499","490","490"
"8097","20231002","1607","1619","1582","1591","1601.4766","181700","290988300","1607","1619","1582","1610","1605","1612","1590","1591"
"8098","20231002","3150","3185","3130","3140","3155.9633","98100","309600000","3150","3180","3145","3180","3180","3185","3130","3140"
"8101","20231002","2272","2296","2213","2213","2245.4294","72200","162120000","2272","2296","2266","2272","2273","2273","2213","2213"
"8103","20231002","662","668","656","656","660.6035","51200","33822900","662","668","662","664","662","663","656","656"
"8104","20231002","585","598","579","580","588.9488","43000","25324800","585","598","583","594","595","597","579","580"
"8105","20231002","54","54","52","52","53.1397","129600","6886900","54","54","53","53","53","53","52","52"
"8107","20231002","20","20","19","20","19.7158","86200","1699500","20","20","19","20","19","20","19","20"
"8111","20231002","10180","10295","10060","10100","10152.2616","131100","1330961500","10180","10295","10090","10210","10180","10200","10060","10100"
"8113","20231002","5292","5325","5218","5221","5253.0741","1098900","5772603100","5292","5325","5253","5309","5304","5304","5218","5221"
"8114","20231002","4300","4400","4290","4345","4353.2623","406000","1767424500","4300","4400","4290","4370","4355","4370","4320","4345"
"8115","20231002","628","632","624","627","627.05","4000","2508200","628","632","624","624","632","632","626","627"
"8117","20231002","3730","3820","3730","3815","3778.5204","19600","74059000","3730","3785","3730","3765","3730","3820","3730","3815"
"8118","20231002","662","673","660","660","663.4286","6300","4179600","662","673","662","672","670","670","660","660"
"8119","20231002","2100","2210","2100","2210","2163.3636","1100","2379700","2100","2100","2100","2100","2150","2210","2150","2210"
"8123","20231002","-","-","-","-","-","-","-","-","-","-","-","-","-","-","-"
"8125","20231002","1415","1427","1401","1402","1410.0369","54200","76424000","1415","1427","1407","1424","1422","1422","1401","1402"
"8127","20231002","325","330","319","320","324.232","193500","62738900","325","330","323","323","323","323","319","320"
"8129","20231002","3206","3247","3191","3200","3221.8677","277500","894068300","3206","3247","3191","3240","3240","3246","3200","3200"
"8130","20231002","2915","2957","2899","2904","2921.7366","151500","442643100","2915","2957","2903","2943","2940","2945","2899","2904"
"8131","20231002","1287","1298","1269","1269","1279.9358","32700","41853900","1287","1298","1278","1293","1292","1292","1269","1269"
"8132","20231002","4070","4080","3990","3995","4038.8816","15200","61391000","4070","4080","4060","4080","4080","4080","3990","3995"
"8133","20231002","1511","1531","1496","1499","1510.0457","172800","260935900","1511","1531","1504","1522","1523","1523","1496","1499"
"8135","20231002","292","292","289","289","291.1121","11600","3376900","292","292","291","292","292","292","289","289"
"8136","20231002","7176","7226","6990","7008","7093.6115","408700","2899159000","7176","7226","7072","7091","7090","7090","6990","7008"
"8137","20231002","2149","2230","2138","2200","2197.3591","47900","105253500","2149","2230","2138","2222","2220","2220","2179","2200"
"8138","20231002","3050","3050","3050","3050","3050","300","915000","3050","3050","3050","3050","3050","3050","3050","3050"
"8139","20231002","1289","1295","1245","1262","1280.8897","124200","159086500","1289","1295","1245","1278","1279","1282","1262","1262"
"8140","20231002","4500","4545","4445","4445","4483.3184","100500","450573500","4500","4545","4480","4530","4520","4525","4445","4445"
"8141","20231002","1187","1216","1187","1189","1200.6146","83800","100611500","1187","1216","1187","1214","1212","1212","1187","1189"
"8142","20231002","3395","3525","3350","3355","3420.7206","113800","389278000","3395","3525","3390","3400","3410","3410","3350","3355"
"8143","20231002","320","321","311","314","318.8993","14900","4751600","320","321","320","321","321","321","311","314"
"8144","20231002","1261","1287","1261","1261","1268.3333","600","761000","1261","1287","1261","1287","1279","1279","1261","1261"
"8147","20231002","1089","1099","1089","1099","1096.7576","3300","3619300","1089","1099","1089","1098","1098","1099","1095","1099"
"8150","20231002","2170","2214","2170","2170","2188.6518","22400","49025800","2170","2214","2170","2206","2207","2207","2170","2170"
"8151","20231002","1305","1316","1278","1278","1297.4701","127200","165038200","1305","1316","1303","1306","1306","1306","1278","1278"
"8152","20231002","2474","2475","2470","2470","2474","600","1484400","2474","2475","2474","2475","2475","2475","2470","2470"
"8153","20231002","3270","3280","3205","3210","3230.2774","162200","523951000","3270","3280","3225","3235","3230","3235","3205","3210"
"8154","20231002","6580","6660","6480","6500","6587.6094","93700","617259000","6580","6660","6510","6650","6630","6630","6480","6500"
"8155","20231002","2766","2774","2671","2688","2713.7588","246700","669484300","2766","2774","2700","2738","2738","2739","2671","2688"
"8157","20231002","2300","2324","2279","2292","2299.0764","40600","93342500","2300","2324","2279","2314","2310","2316","2290","2292"
"8158","20231002","1032","1053","1019","1030","1040.8614","57700","60057700","1032","1053","1019","1048","1052","1052","1030","1030"
"8159","20231002","2800","2850","2783","2783","2814.8605","33700","94860800","2800","2850","2800","2840","2843","2844","2783","2783"
"8160","20231002","2444","2454","2399","2404","2417.959","141300","341657600","2444","2454","2415","2417","2419","2419","2399","2404"
"8163","20231002","1010","1011","989","995","1001.1341","189400","189614800","1010","1011","989","1002","1000","1003","995","995"
"8165","20231002","405","407","403","403","404.4681","45500","18403300","405","407","405","406","405","406","403","403"
"8166","20231002","92","92","91","91","91.7863","35100","3221700","92","92","91","92","92","92","91","91"
"8167","20231002","1747","1760","1716","1725","1735.34","45300","78610900","1747","1760","1720","1751","1742","1752","1716","1725"
"8168","20231002","971","971","971","971","971","52600","51074600","-","-","-","-","971","971","971","971"
"8173","20231002","2342","2383","2329","2329","2354.3265","83000","195409100","2342","2383","2338","2367","2360","2369","2329","2329"
"8174","20231002","2227","2252.5","2200.5","2214","2227.72","338000","752969350","2227","2252.5","2200.5","2247","2240.5","2244.5","2214","2214"
"8179","20231002","2661","2666","2585","2585","2614.5348","198200","518200800","2661","2666","2608","2634","2634","2638","2585","2585"
"8181","20231002","847","848","841","843","845.3846","5200","4396000","847","847","841","844","845","848","843","843"
"8182","20231002","1470","1474","1450","1450","1459.1782","43200","63036500","1470","1474","1458","1460","1456","1458","1450","1450"
"8185","20231002","920","926","908","910","915.7946","51600","47255000","920","926","912","921","921","921","908","910"
"8194","20231002","3640","3665","3610","3615","3629.2591","91100","330625500","3640","3665","3610","3645","3640","3650","3610","3615"
"8198","20231002","2945","2968","2940","2949","2952.0227","8800","25977800","2945","2955","2940","2950","2968","2968","2946","2949"
"8200","20231002","2335","2338","2278","2278","2295.5578","131400","301636300","2335","2338","2297","2297","2297","2299","2278","2278"
"8202","20231002","280","281","263","263","271.3094","1840500","499345000","280","281","267","267","267","269","263","263"
"8203","20231002","612","621","610","610","614.7763","52300","32152800","612","621","612","618","617","619","610","610"
"8207","20231002","304","304","295","295","298.772","209200","62503100","304","304","298","298","298","298","295","295"
"8208","20231002","1005","1005","1005","1005","1005","500","502500","1005","1005","1005","1005","-","-","-","-"
"8209","20231002","485","496","480","496","487.6471","1700","829000","485","491","480","491","495","496","494","496"
"8214","20231002","1013","1030","1002","1006","1015.7532","163300","165872500","1013","1030","1002","1023","1023","1023","1004","1006"
"8215","20231002","1076","1088","1076","1082","1082","400","432800","1076","1088","1076","1088","1082","1082","1082","1082"
"8217","20231002","873","878","858","858","866.8709","64300","55739800","873","878","869","872","872","873","858","858"
"8218","20231002","3175","3215","3145","3145","3170.5427","69100","219084500","3175","3215","3155","3200","3200","3200","3145","3145"
"8219","20231002","1652","1675","1599","1600","1625.9862","631600","1026972900","1652","1675","1631","1646","1641","1641","1599","1600"
"8225","20231002","2070","2089","2070","2071","2073.1429","700","1451200","2070","2089","2070","2071","-","-","-","-"
"8226","20231002","229","230","227","227","228.4536","18300","4180700","229","230","228","229","229","229","227","227"
"8227","20231002","15000","15215","14730","14915","15006.6802","319300","4791633000","15000","15215","14730","15120","15110","15120","14880","14915"
"8230","20231002","342","345","340","341","342.5438","27400","9385700","342","345","342","344","345","345","340","341"
"8233","20231002","2191","2214.5","2155.5","2158","2176.7341","1162000","2529365050","2191","2214.5","2158.5","2194","2189","2196.5","2155.5","2158"
"8237","20231002","1010","1022","994","994","1005.8192","234000","235361700","1010","1022","1001","1009","1009","1011","994","994"
"8242","20231002","1815","1838","1773","1793","1806.0052","668300","1206953300","1815","1838","1773","1822","1820","1821","1788","1793"
"8244","20231002","2839","2855","2804","2804","2823.0706","51000","143976600","2839","2855","2806","2825","2819","2829","2804","2804"
"8247","20231002","487","487","481","486","484.9242","6600","3200500","487","487","481","487","486","486","484","486"
"8252","20231002","2432.5","2482.5","2423","2423","2444.8193","701500","1715040750","2432.5","2482.5","2432","2473","2469.5","2471","2423","2423"
"8253","20231002","2385.5","2445","2371.5","2371.5","2395.7902","699000","1674657350","2385.5","2445","2382","2425","2400","2416","2371.5","2371.5"
"8254","20231002","384","384","365","379","369.9643","14000","5179500","384","384","365","380","375","380","365","379"
"8255","20231002","3715","3770","3680","3685","3716.069","43500","161649000","3715","3770","3690","3735","3730","3730","3680","3685"
"8256","20231002","29","30","27","27","28.3995","492600","13989600","29","30","28","29","28","29","27","27"
"8260","20231002","384","400","384","391","394.3581","208900","82381400","384","400","384","396","396","398","391","391"
"8267","20231002","2970","2984.5","2919.5","2919.5","2945.2951","1702200","5013481400","2970","2984.5","2944.5","2971","2965","2967","2919.5","2919.5"
"8273","20231002","3980","4009","3925","3925","3959.6262","137500","544448600","3980","4009","3952","3991","3978","3982","3925","3925"
"8275","20231002","1105","1139","1105","1113","1116.4332","33700","37623800","1105","1139","1105","1136","1136","1136","1113","1113"
"8276","20231002","2603","2678","2598","2631","2643.3973","189800","501716800","2603","2678","2598","2652","2652","2662","2631","2631"
"8278","20231002","1797","1800","1774","1775","1784.9292","80500","143686800","1797","1800","1780","1793","1791","1792","1774","1775"
"8279","20231002","7738","7738","7588","7588","7627.7347","53900","411134900","7738","7738","7619","7653","7658","7658","7588","7588"
"8281","20231002","1005","1013","990","991","999.8486","148600","148577500","1005","1013","1001","1006","1005","1007","990","991"
"8282","20231002","1376","1391.5","1366.5","1368","1375.2323","582700","801347850","1376","1391.5","1366.5","1386.5","1385.5","1385.5","1368","1368"
"8283","20231002","4702","4735","4594","4597","4654.7522","92800","431961000","4702","4735","4673","4722","4712","4727","4594","4597"
"8285","20231002","319","325","318","318","320.5438","55900","17918400","319","325","319","323","324","324","318","318"
"8289","20231002","525","528","520","520","522.6708","16100","8415000","525","528","521","521","521","521","520","520"
"8291","20231002","489","495","480","480","488.1336","155700","76002400","489","495","485","490","488","490","480","480"
"8301","20231002","30500","30500","30500","30500","30500","200","6100000","30500","30500","30500","30500","-","-","-","-"
"8304","20231002","3077","3121","3029","3029","3073.1405","2455600","7546403900","3077","3121","3071","3093","3092","3093","3029","3029"
"8306","20231002","1271","1308","1271","1288","1294.9986","79629800","103120481500","1271","1308","1271","1304.5","1304.5","1306.5","1288","1288"
"8308","20231002","835","855.7","833","840.1","845.8402","12446400","10527665300","835","855.7","833","853","850.7","852.7","839.8","840.1"
"8309","20231002","5655","5731","5628","5639","5674.7506","1534600","8708472300","5655","5731","5653","5701","5688","5703","5628","5639"
"8316","20231002","7360","7508","7360","7400","7444.4768","7353300","54741471000","7360","7508","7360","7496","7487","7504","7400","7400"
"8331","20231002","1095","1124.5","1095","1100.5","1108.3662","2660000","2948254050","1095","1124.5","1095","1122.5","1116.5","1120","1099.5","1100.5"
"8334","20231002","705.8","728.7","705.3","713.1","718.7042","1548400","1112841630","705.8","728.7","705.3","726.7","725.3","725.6","711.9","713.1"
"8336","20231002","2790","2879","2790","2829","2842.3705","113900","323746000","2790","2879","2790","2873","2876","2879","2826","2829"
"8337","20231002","900","952","895","923","930.4325","1263700","1175787600","900","952","895","944","940","943","921","923"
"8338","20231002","271","281","270","278","277.3152","1086500","301303000","271","281","270","281","280","281","276","278"
"8341","20231002","3225","3305","3205","3230","3259.5071","324600","1058036000","3225","3305","3205","3285","3285","3285","3220","3230"
"8343","20231002","2041","2068","2013","2018","2038.2027","80400","163871500","2041","2068","2032","2051","2051","2052","2013","2018"
"8344","20231002","1161","1180","1149","1149","1161.8338","68000","79004700","1161","1180","1158","1173","1170","1172","1149","1149"
"8345","20231002","2650","2712","2643","2651","2669.9454","56800","151652900","2650","2712","2650","2698","2698","2698","2643","2651"
"8346","20231002","285","290","285","287","287.4431","1139400","327512700","285","290","285","290","290","290","285","287"
"8349","20231002","1152","1181","1152","1155","1165.7859","42500","49545900","1152","1181","1152","1176","1180","1180","1153","1155"
"8354","20231002","3619","3754","3607","3667","3696.3962","1125300","4159554700","3619","3754","3607","3744","3736","3739","3653","3667"
"8358","20231002","638","654","638","645","646.7523","1593000","1030276400","638","654","638","649","649","650","641","645"
"8359","20231002","829.2","851.5","829.1","834.1","840.3129","1722100","1447102760","829.2","851.5","829.1","850.3","850","850.2","833.4","834.1"
"8360","20231002","1672","1725","1672","1694","1706.4988","80200","136861200","1672","1725","1672","1720","1723","1724","1691","1694"
"8361","20231002","2114","2153","2097","2106","2120.3706","163800","347316700","2114","2153","2097","2145","2139","2144","2100","2106"
"8362","20231002","1563","1593","1562","1567","1575.3841","44000","69316900","1563","1593","1563","1585","1585","1587","1562","1567"
"8364","20231002","1630","1656","1617","1618","1630.8497","15300","24952000","1630","1656","1630","1648","1648","1648","1617","1618"
"8365","20231002","1815","1870","1815","1817","1844.7875","8000","14758300","1815","1870","1815","1850","1853","1853","1817","1817"
"8366","20231002","3530","3690","3530","3655","3651.023","165200","603149000","3530","3690","3530","3685","3680","3680","3645","3655"
"8367","20231002","2707","2761","2696","2701","2725.5267","127200","346687000","2707","2761","2696","2758","2752","2757","2696","2701"
"8368","20231002","540","550","538","540","544.2622","939400","511279900","540","550","540","550","550","550","538","540"
"8370","20231002","1520","1545","1515","1520","1526.3569","151300","230937800","1520","1545","1516","1539","1536","1539","1515","1520"
"8377","20231002","1630","1706.5","1622","1650.5","1671.9941","911900","1524691400","1630","1706.5","1622","1689.5","1684","1686","1648.5","1650.5"
"8381","20231002","979","1003","977","977","989.1722","538200","532372500","979","1003","978","1000","1001","1001","977","977"
"8383","20231002","1416","1451","1407","1411","1431.0078","38400","54950700","1416","1451","1415","1441","1439","1445","1407","1411"
"8386","20231002","2626","2731","2620","2634","2671.3847","119300","318696200","2626","2731","2620","2695","2699","2699","2628","2634"
"8387","20231002","1031","1047","1016","1020","1030.9262","120600","124329700","1031","1047","1031","1039","1038","1038","1016","1020"
"8388","20231002","2306","2369","2306","2329","2339.8279","70900","165893800","2306","2369","2306","2358","2362","2363","2323","2329"
"8392","20231002","2722","2810","2722","2751","2771.4545","40700","112798200","2722","2806","2722","2803","2810","2810","2745","2751"
"8393","20231002","2821","2873","2800","2809","2834.9657","46700","132392900","2821","2873","2821","2852","2844","2844","2800","2809"
"8395","20231002","2043","2100","2025","2050","2063.5212","51800","106890400","2043","2100","2025","2085","2085","2085","2049","2050"
"8399","20231002","1141","1181","1141","1145","1158.9338","152500","176737400","1141","1181","1141","1175","1175","1175","1143","1145"
"8410","20231002","314","319.6","313.3","313.9","316.2851","4588900","1451400830","314","319.6","314","318.2","318","318.4","313.3","313.9"
"8411","20231002","2560","2608.5","2559.5","2567","2583.1818","11550100","29836008150","2560","2608.5","2559.5","2605","2603.5","2606.5","2565.5","2567"
"8416","20231002","1016","1059","1009","1040","1045.3828","43100","45056000","1016","1059","1009","1054","1058","1059","1038","1040"
"8418","20231002","1333.5","1355.5","1323.5","1328","1337.7355","1017500","1361145900","1333.5","1355.5","1330","1350.5","1350","1350","1323.5","1328"
"8421","20231002","276900","277200","275400","275400","276484.2105","95","26266000","276900","277200","275400","276200","276200","276200","275400","275400"
"8424","20231002","12000","12190","11800","11830","11957.0065","61800","738943000","12000","12190","11940","12120","12100","12120","11800","11830"
"8425","20231002","4910","4985","4835","4835","4897.7375","120000","587728500","4910","4985","4910","4950","4950","4950","4835","4835"
"8439","20231002","6016","6111","5957","5961","6016.2305","152700","918678400","6016","6111","5986","6084","6072","6076","5957","5961"
"8462","20231002","631","642","620","620","626.8","21000","13162800","631","642","621","631","628","628","620","620"
"8473","20231002","3185","3220","3137","3147","3175.2093","1848400","5869056800","3185","3220","3181","3208","3205","3207","3137","3147"
"8508","20231002","484","494","480","481","488.208","467200","228090800","484","494","484","492","491","492","480","481"
"8511","20231002","1459","1506","1451","1452","1473.0656","273000","402146900","1459","1506","1451","1492","1488","1491","1452","1452"
"8515","20231002","391","397","389","389","392.1843","2852500","1118705700","391","397","390","395","394","395","389","389"
"8518","20231002","272","276","267","267","272.2993","87200","23744500","272","276","269","272","271","272","267","267"
"8522","20231002","5250","5420","5230","5250","5313.6009","89700","476630000","5250","5420","5250","5380","5380","5380","5230","5250"
"8524","20231002","368","369","362","362","366.3076","1944000","712102000","368","369","365","369","369","369","362","362"
"8537","20231002","1345","1379","1341","1343","1360.0532","26300","35769400","1345","1379","1345","1371","1367","1367","1341","1343"
"8541","20231002","989","1010","989","997","1001.8187","89900","90063500","989","1010","989","1009","1006","1010","996","997"
"8542","20231002","1237","1265","1231","1231","1252.5806","49600","62128000","1237","1265","1237","1261","1261","1261","1231","1231"
"8544","20231002","700","715","699","702","707.8193","600500","425045500","700","715","699","714","714","714","702","702"
"8550","20231002","332","346","332","335","339.8893","1325600","450557200","332","346","332","342","343","344","333","335"
"8551","20231002","2331","2392","2331","2340","2359.6483","14500","34214900","2331","2392","2331","2387","2383","2383","2340","2340"
"8558","20231002","635","649","632","634","640.7679","122800","78686300","635","649","632","645","643","646","634","634"
"8562","20231002","243","254","243","249","250.2559","593100","148426800","243","254","243","252","251","253","248","249"
"8563","20231002","737","760","737","748","749.8045","88000","65982800","737","760","737","758","758","758","747","748"
"8566","20231002","4395","4485","4385","4390","4425.3523","66700","295171000","4395","4485","4395","4455","4450","4455","4385","4390"
"8570","20231002","1297.5","1326","1292","1293.5","1306.5877","813400","1062778450","1297.5","1326","1295","1320","1318","1319","1292","1293.5"
"8572","20231002","350.3","357.6","350","350.7","353.0767","1357200","479195680","350.3","357.6","350","356.1","355.9","355.9","350.1","350.7"
"8584","20231002","5180","5300","5170","5180","5224.5806","108500","566867000","5180","5300","5180","5260","5260","5260","5170","5180"
"8585","20231002","1164","1184","1158","1159","1169.4621","216400","253071600","1164","1184","1163","1181","1176","1177","1158","1159"
"8591","20231002","2793","2820.5","2757","2760.5","2781.6019","4133600","11498029700","2793","2820.5","2790","2796","2790.5","2798","2757","2760.5"
"8593","20231002","1004","1021","999.9","1001.5","1009.6165","5634900","5689087960","1004","1021","1003.5","1018","1018","1018","999.9","1001.5"
"8595","20231002","1669","1676","1623.5","1625.5","1652.7876","629900","1041090900","1669","1676","1663.5","1670","1668","1668.5","1623.5","1625.5"
"8596","20231002","1032","1040","996","998","1010.3365","368500","372309000","1032","1038","996","1036","1040","1040","998","998"
"8600","20231002","469","480","467","468","471.9563","489900","231211400","469","480","467","480","480","480","468","468"
"8601","20231002","863.2","876.9","855.3","856.4","865.8524","6419400","5558252730","863.2","876.9","861.2","874.8","871.9","874","855.3","856.4"
"8604","20231002","600","612.8","599","599.8","604.3455","12034900","7273237060","600","612.8","599.6","610.4","608.7","609.8","599","599.8"
"8609","20231002","700","715","697","697","705.2063","923000","650905400","700","715","697","713","712","712","697","697"
"8613","20231002","828","854","827","833","838.4189","1042000","873632500","828","854","827","837","837","844","832","833"
"8614","20231002","324","335","320","320","325.4371","222400","72377200","324","335","324","327","325","327","320","320"
"8616","20231002","477","494","477","482","485.603","1194600","580101400","477","494","477","493","493","494","480","482"
"8617","20231002","609","619","595","595","603.4035","22800","13757600","609","619","606","606","606","607","595","595"
"8622","20231002","453","460","445","446","452.1116","701300","317065900","453","460","448","457","458","458","445","446"
"8624","20231002","699","715","697","699","705.531","319600","225487700","699","715","697","710","710","711","698","699"
"8628","20231002","821","831","816","817","823.6629","1459900","1202465400","821","831","819","829","830","830","816","817"
"8630","20231002","6387","6469","6346","6347","6397.1682","1534400","9815814900","6387","6469","6384","6445","6439","6456","6346","6347"
"8697","20231002","2794","2826.5","2782","2789","2796.5877","1767100","4941850200","2794","2826.5","2782","2823","2816","2818.5","2785","2789"
"8698","20231002","561","570","561","562","565.1845","1789300","1011284700","561","570","561","568","570","570","561","562"
"8699","20231002","986","998","975","975","982.4025","71800","70536500","986","998","984","984","983","986","975","975"
"8700","20231002","1440","1440","1422","1425","1430.5714","700","1001400","1440","1440","1440","1440","1434","1434","1422","1425"
"8704","20231002","683","687","668","669","677.2334","215500","145943800","683","687","679","679","678","679","668","669"
"8705","20231002","165","166","163","163","164.0765","35300","5791900","165","166","163","164","164","164","163","163"
"8706","20231002","920","953","919","924","937.8244","180500","169277300","920","952","919","949","950","953","924","924"
"8707","20231002","1748","1779","1683","1731","1740.3702","193700","337109700","1748","1779","1748","1768","1768","1776","1683","1731"
"8708","20231002","1006","1013","984","988","996.4959","48200","48031100","1006","1013","984","1010","1006","1006","988","988"
"8713","20231002","1615","1644","1607","1608","1624.1331","89400","145197500","1615","1644","1613","1632","1630","1637","1607","1608"
"8714","20231002","323","335","322","327","330.0822","3485500","1150501500","323","335","322","333","333","333","327","327"
"8715","20231002","575","610","573","597","596.5784","819300","488776700","575","610","573","600","600","603","595","597"
"8725","20231002","5495","5540","5447","5459","5488.5325","1690400","9277815300","5495","5540","5492","5519","5511","5521","5447","5459"
"8732","20231002","300","305","296","300","301.0663","135700","40854700","300","305","296","303","303","304","299","300"
"8737","20231002","434","448","434","435","440.5944","177500","78205500","434","448","434","441","441","442","435","435"
"8739","20231002","1507","1521","1468","1468","1485.967","78800","117094200","1507","1521","1493","1495","1492","1498","1468","1468"
"8742","20231002","243","245","241","241","242.58","10000","2425800","243","245","242","244","245","245","241","241"
"8746","20231002","86","88","85","85","86.3366","215400","18596900","86","88","86","87","87","87","85","85"
"8747","20231002","1057","1077","1057","1061","1066.0938","3200","3411500","1057","1077","1057","1077","1068","1068","1061","1061"
"8750","20231002","3061","3158","3059","3125","3123.4993","5257900","16423047200","3061","3158","3059","3155","3149","3152","3115","3125"
"8766","20231002","3445","3460","3380","3392","3419.6348","7447300","25467045900","3445","3460","3430","3441","3433","3439","3380","3392"
"8769","20231002","461","461","447","447","453.1471","50300","22793300","461","461","453","453","454","455","447","447"
"8771","20231002","1967","1998","1942","1942","1966.8236","145700","286566200","1967","1998","1960","1968","1968","1968","1942","1942"
"8772","20231002","688","690","678","678","683.3415","24600","16810200","688","690","684","686","686","687","678","678"
"8783","20231002","63","64","62","62","62.8993","251200","15800300","63","64","63","63","64","64","62","62"
"8789","20231002","61","62","61","61","61.1343","397500","24300900","61","62","61","62","62","62","61","61"
"8793","20231002","3215","3320","3215","3245","3276.2565","57700","189040000","3215","3320","3215","3300","3300","3300","3245","3245"
"8795","20231002","2478","2512","2460","2481.5","2489.1293","2706700","6737326300","2478","2508.5","2460","2503.5","2498","2512","2480.5","2481.5"
"8798","20231002","1060","1061","1025","1025","1041.4547","132400","137888600","1060","1061","1042","1042","1043","1043","1025","1025"
"8801","20231002","3291","3357","3273","3278","3298.58","2295400","7571560500","3291","3357","3290","3330","3330","3331","3273","3278"
"8802","20231002","1967.5","1980","1939","1939.5","1958.1708","5105900","9998224300","1967.5","1980","1960.5","1974","1974.5","1974.5","1939","1939.5"
"8803","20231002","3995","4055","3950","3950","3988.7004","45400","181087000","3995","4055","3995","4030","4015","4020","3950","3950"
"8804","20231002","2073.5","2091.5","2036","2047","2059.8203","1282700","2642131450","2073.5","2091.5","2056.5","2071","2068","2070","2036","2047"
"8818","20231002","1366","1394","1365","1373","1378.7441","97300","134151800","1366","1394","1365","1386","1384","1384","1371","1373"
"8830","20231002","3902","3953","3832","3841","3868.2723","1069700","4137890900","3902","3953","3882","3903","3890","3901","3832","3841"
"8835","20231002","810","821","802","802","810.3377","23100","18718800","810","821","810","815","816","816","802","802"
"8836","20231002","20","20","19","20","19.9316","19000","378700","20","20","19","20","20","20","19","20"
"8841","20231002","642","651","633","633","642.0307","143300","92003000","642","651","642","647","647","647","633","633"
"8842","20231002","4180","4220","4165","4165","4178.9583","4800","20059000","4180","4220","4170","4175","4165","4190","4165","4165"
"8844","20231002","731","743","725","728","732.1454","61200","44807300","731","743","727","736","736","736","725","728"
"8848","20231002","332","337","329","329","332.8758","3590700","1195257000","332","337","331","333","334","334","329","329"
"8850","20231002","2942","2979","2921","2923","2945.3135","85500","251824300","2942","2979","2932","2968","2968","2968","2921","2923"
"8854","20231002","1405","1405","1405","1405","1405","100","140500","1405","1405","1405","1405","-","-","-","-"
"8860","20231002","737","743","724","725","733.7211","73500","53928500","737","743","733","735","733","734","724","725"
"8864","20231002","562","568","555","555","560.9201","103900","58279600","562","568","562","564","563","563","555","555"
"8869","20231002","1141","1205","1141","1172","1181.1475","185100","218630400","1141","1205","1141","1186","1189","1189","1168","1172"
"8871","20231002","2221","2251","2206","2226","2230.2962","103300","230389600","2221","2251","2206","2241","2239","2239","2222","2226"
"8876","20231002","1613","1616","1570.5","1573.5","1587.3514","511100","811295300","1613","1616","1594.5","1594.5","1594","1595","1570.5","1573.5"
"8877","20231002","3030","3105","3030","3050","3066.9538","23800","72993500","3030","3105","3030","3100","3095","3095","3035","3050"
"8881","20231002","542","549","538","539","543.4661","62000","33694900","542","549","542","547","548","548","538","539"
"8886","20231002","1690","1693","1690","1693","1691.6667","300","507500","1690","1692","1690","1692","1693","1693","1693","1693"
"8887","20231002","800","809","796","796","802.1313","29700","23823300","800","809","800","805","804","804","796","796"
"8889","20231002","460","460","455","455","456.637","27000","12329200","460","460","457","459","458","458","455","455"
"8890","20231002","3275","3315","3215","3215","3262.1356","49400","161149500","3275","3315","3265","3265","3270","3270","3215","3215"
"8891","20231002","2023","2023","2006","2006","2021.0128","7800","15763900","2023","2023","2009","2009","2010","2010","2006","2006"
"8892","20231002","935","951","921","921","934.5702","484200","452518900","935","951","935","943","941","941","921","921"
"8893","20231002","643","654","632","632","643.5651","61400","39514900","643","654","643","645","647","647","632","632"
"8894","20231002","17","17","16","17","16.8615","162500","2740000","17","17","16","17","17","17","16","17"
"8897","20231002","474","482","472","472","475.4049","365300","173665400","474","482","474","477","477","477","472","472"
"8898","20231002","1060","1060","1053","1054","1056.6486","3700","3909600","1060","1060","1053","1059","1057","1058","1054","1054"
"8903","20231002","885","885","865","865","877.8939","6600","5794100","885","885","872","872","871","871","865","865"
"8904","20231002","875","880","865","865","873.5111","36000","31446400","875","880","870","876","872","876","865","865"
"8905","20231002","1767.5","1782.5","1757","1757","1765.9352","668900","1181234050","1767.5","1782.5","1764","1774","1774","1774.5","1757","1757"
"8908","20231002","766","776","764","764","767.6275","10200","7829800","766","776","766","773","773","774","764","764"
"8912","20231002","122","124","121","123","122.6451","71000","8707800","122","123","121","123","123","124","122","123"
"8914","20231002","2945","2980","2823","2934","2910.7269","52000","151357800","2945","2980","2921","2924","2923","2947","2823","2934"
"8917","20231002","1241","1258","1232","1238","1245.4423","88400","110097100","1241","1258","1232","1253","1250","1252","1237","1238"
"8918","20231002","8","9","8","8","8.0016","28289300","226358600","8","9","8","8","8","9","8","8"
"8919","20231002","2199","2199","2097","2113","2142.6265","314900","674713100","2199","2199","2176","2179","2169","2180","2097","2113"
"8920","20231002","1143","1161","1119","1119","1139.849","145700","166076000","1143","1161","1140","1141","1140","1142","1119","1119"
"8923","20231002","1935","1963","1921","1924","1937.2163","171500","332232600","1935","1963","1923","1954","1950","1950","1921","1924"
"8925","20231002","390","412","388","405","402.3729","623300","250799000","390","412","388","403","401","408","401","405"
"8927","20231002","236","240","234","234","237.5912","183700","43645500","236","240","236","239","238","238","234","234"
"8928","20231002","2001","2026","2001","2007","2011.928","12500","25149100","2001","2025","2001","2015","2005","2026","2001","2007"
"8929","20231002","1105","1123","1103","1103","1113.0586","100700","112085000","1105","1123","1105","1118","1114","1119","1103","1103"
"8931","20231002","1214","1232","1206","1214","1217.3915","18900","23008700","1214","1232","1214","1223","1223","1224","1206","1214"
"8934","20231002","1510","1539","1505","1515","1520.3188","173800","264231400","1510","1539","1508","1535","1538","1539","1505","1515"
"8935","20231002","1048","1062","1041","1041","1051.1853","39400","41416700","1048","1062","1048","1058","1057","1058","1041","1041"
"8938","20231002","1317","1327","1214","1215","1250.1938","278700","348429000","1317","1327","1225","1232","1249","1249","1214","1215"
"8940","20231002","543","548","536","537","542.2159","8800","4771500","543","545","543","543","548","548","536","537"
"8944","20231002","326","326","312","312","319.1367","13900","4436000","326","326","320","322","320","324","312","312"
"8945","20231002","968","979","968","971","973.4355","6200","6035300","968","977","968","976","976","979","971","971"
"8946","20231002","90","92","90","92","91.3594","109900","10040400","90","92","90","91","92","92","91","92"
"8995","20231002","818","824","818","824","819.2","500","409600","818","818","818","818","824","824","824","824"
"8996","20231002","870","875","850","869","867.2609","4600","3989400","870","870","850","864","870","875","865","869"
"8999","20231002","645","654","641","641","647.1157","68300","44198000","645","654","642","651","650","652","641","641"
"9001","20231002","3820","3897","3781","3784","3812.5135","605400","2308095700","3820","3897","3791","3856","3837","3845","3781","3784"
"9003","20231002","2927.5","2962","2892.5","2897","2918.9837","306000","893209000","2927.5","2962","2892.5","2928.5","2930","2935.5","2896","2897"
"9005","20231002","1724","1744.5","1701","1701","1714.6085","1446800","2480695600","1724","1744.5","1706","1730","1727","1730","1701","1701"
"9006","20231002","1272","1284.5","1258","1262.5","1268.523","773900","981709950","1272","1284.5","1258","1275.5","1276","1276.5","1261","1262.5"
"9007","20231002","2240","2291","2209.5","2217.5","2239.4702","1102500","2469015950","2240","2291","2209.5","2263.5","2260","2264","2217.5","2217.5"
"9008","20231002","5139","5248","5089","5128","5158.2746","399500","2060730700","5139","5248","5089","5200","5200","5219","5128","5128"
"9009","20231002","5208","5298","5126","5127","5188.9329","400900","2080243200","5208","5298","5127","5229","5204","5223","5126","5127"
"9010","20231002","4590","4665","4530","4550","4587.805","141000","646880500","4590","4665","4530","4605","4600","4615","4540","4550"
"9012","20231002","2140","2140","2098","2098","2111.9167","1200","2534300","-","-","-","-","2140","2140","2098","2098"
"9017","20231002","-","-","-","-","-","-","-","-","-","-","-","-","-","-","-"
"9020","20231002","8543","8554","8297","8300","8395.1372","1683900","14136571600","8543","8554","8391","8448","8445","8450","8297","8300"
"9021","20231002","6202","6248","6106","6114","6165.1151","1224300","7547950400","6202","6248","6106","6193","6203","6210","6114","6114"
"9022","20231002","3650","3677","3568","3568","3611.5503","3169700","11447531100","3650","3677","3595","3643","3643","3644","3568","3568"
"9024","20231002","1443.5","1462","1423.5","1424.5","1439.1765","1488300","2141926400","1443.5","1462","1436.5","1448","1447","1447","1423.5","1424.5"
"9025","20231002","1955","1977","1942","1948","1955.5159","72300","141383800","1955","1977","1948","1964","1964","1967","1942","1948"
"9028","20231002","1539","1539","1481","1481","1503.6522","4600","6916800","1539","1539","1512","1515","1505","1519","1481","1481"
"9029","20231002","971","982","967","969","971.6627","8300","8064800","971","975","967","975","971","982","969","969"
"9031","20231002","2498.5","2518.5","2471.5","2487.5","2493.8751","174600","435430600","2498.5","2518.5","2471.5","2505.5","2497.5","2505.5","2483","2487.5"
"9033","20231002","805","805","802","802","803.9592","9800","7878800","805","805","802","804","804","804","802","802"
"9034","20231002","1684","1684","1679","1679","1682.3333","300","504700","1684","1684","1684","1684","1684","1684","1679","1679"
"9036","20231002","951","959","950","952","954.0714","2800","2671400","951","959","951","952","951","957","950","952"
"9037","20231002","4055","4100","4020","4025","4047.3661","33600","135991500","4055","4075","4030","4075","4100","4100","4020","4025"
"9039","20231002","2513","2539","2498","2499","2517.7888","64400","162145600","2513","2539","2513","2525","2529","2539","2498","2499"
"9041","20231002","4261","4304","4208","4209","4244.4546","686800","2915091400","4261","4304","4208","4272","4268","4269","4209","4209"
"9042","20231002","5100","5175","5041","5050","5084.9496","491800","2500778200","5100","5175","5055","5133","5119","5127","5041","5050"
"9044","20231002","2892","2925","2852.5","2863.5","2883.2071","355200","1024115150","2892","2925","2852.5","2897.5","2896","2902.5","2858.5","2863.5"
"9045","20231002","3960","3990","3877","3879","3918.0121","256600","1005361900","3960","3990","3904","3950","3945","3945","3877","3879"
"9046","20231002","2994","2994","2955","2955","2969.1754","26800","79573900","2994","2994","2970","2970","2970","2970","2955","2955"
"9048","20231002","2211","2214","2148.5","2151","2177.522","1065100","2319278650","2211","2214","2177.5","2192.5","2190","2195.5","2148.5","2151"
"9049","20231002","-","-","-","-","-","-","-","-","-","-","-","-","-","-","-"
"9051","20231002","794","798","794","798","794.6667","600","476800","794","794","794","794","798","798","798","798"
"9052","20231002","2160","2178","2137","2139","2150.9364","28300","60871500","2160","2178","2160","2165","2155","2158","2137","2139"
"9055","20231002","1615","1622","1591","1593","1601.0175","34200","54754800","1615","1622","1600","1605","1600","1609","1591","1593"
"9057","20231002","2434","2460","2427","2432","2442.3043","2300","5617300","2434","2460","2427","2456","2453","2453","2432","2432"
"9058","20231002","7340","7410","7330","7350","7365.302","14900","109743000","7340","7410","7340","7380","7390","7390","7330","7350"
"9059","20231002","755","758","752","755","755.2667","1500","1132900","755","758","755","756","757","757","752","755"
"9060","20231002","3535","3535","3535","3535","3535","300","1060500","-","-","-","-","3535","3535","3535","3535"
"9063","20231002","2947","2947","2947","2947","2947","100","294700","-","-","-","-","2947","2947","2947","2947"
"9064","20231002","2435.5","2467.5","2413","2413","2435.2787","1057300","2574820200","2435.5","2467.5","2435.5","2452","2444","2452","2413","2413"
"9065","20231002","5197","5229","5148","5157","5179.0368","146900","760800500","5197","5229","5148","5217","5200","5206","5148","5157"
"9066","20231002","2675","2736","2675","2685","2703.2582","24400","65959500","2675","2736","2675","2729","2723","2725","2685","2685"
"9067","20231002","257","260","255","255","257.0045","22200","5705500","257","260","256","258","258","258","255","255"
"9068","20231002","3835","3860","3805","3815","3826.3433","26800","102546000","3835","3860","3810","3840","3840","3840","3805","3815"
"9069","20231002","1064","1069","1058","1061","1063.2615","364100","387133500","1064","1069","1058","1066","1065","1067","1058","1061"
"9070","20231002","4690","4730","4620","4635","4668.6538","10400","48554000","4690","4730","4665","4670","4645","4675","4620","4635"
"9072","20231002","3168","3199","3139","3145","3164.1945","206700","654039000","3168","3199","3158","3180","3179","3184","3139","3145"
"9073","20231002","632","633","621","621","629.25","1200","755100","632","633","632","633","625","625","621","621"
"9074","20231002","2725","2780","2677","2693","2723.7627","5900","16070200","2725","2780","2718","2759","2759","2759","2677","2693"
"9075","20231002","3950","4000","3915","3920","3947.7839","73100","288583000","3950","4000","3935","3980","3975","3975","3915","3920"
"9076","20231002","2105","2135.5","2100.5","2116.5","2118.5346","608600","1289340150","2105","2135.5","2100.5","2127","2129","2129","2110.5","2116.5"
"9078","20231002","905","913","880","880","896.4206","10700","9591700","905","910","889","910","913","913","880","880"
"9081","20231002","3165","3185","3140","3145","3162.0455","15400","48695500","3165","3185","3155","3185","3185","3185","3140","3145"
"9082","20231002","817","817","810","817","816.15","4000","3264600","817","817","810","817","-","-","-","-"
"9083","20231002","3400","3400","3400","3400","3400","100","340000","-","-","-","-","3400","3400","3400","3400"
"9087","20231002","-","-","-","-","-","-","-","-","-","-","-","-","-","-","-"
"9090","20231002","2145","2148","2080","2095","2101.1691","143100","300677300","2145","2148","2088","2101","2098","2098","2080","2095"
"9099","20231002","1339","1350","1304","1304","1319.6533","19900","26261100","1339","1350","1324","1324","1320","1325","1304","1304"
"9101","20231002","3887","3973","3887","3910","3927.1091","5936300","23312497900","3887","3973","3887","3929","3929","3941","3908","3910"
"9104","20231002","4121","4216","4110","4111","4149.6257","7017300","29119168200","4121","4216","4121","4143","4130","4157","4110","4111"
"9107","20231002","5125","5268","5104","5213","5216.7442","12365900","64509737100","5125","5268","5104","5233","5224","5253","5195","5213"
"9110","20231002","3940","4075","3940","4005","4024.3472","177700","715126500","3940","4075","3940","4040","4045","4060","4005","4005"
"9115","20231002","928","934","885","888","904.8542","413000","373704800","928","934","898","903","902","904","885","888"
"9119","20231002","1068","1095","1056","1065","1077.4254","505200","544315300","1068","1095","1056","1078","1074","1078","1063","1065"
"9127","20231002","1853","1918","1839","1900","1894.0401","27400","51896700","1853","1918","1839","1907","1901","1907","1883","1900"
"9130","20231002","843","855","836","836","844.4194","9300","7853100","843","855","843","852","851","851","836","836"
"9142","20231002","3174","3200","3133","3141","3158.9469","655900","2071953300","3174","3200","3133","3179","3176","3180","3139","3141"
"9143","20231002","1928","1938","1897.5","1902","1911.2823","977500","1868278450","1928","1938","1915","1919.5","1915.5","1917","1897.5","1902"
"9145","20231002","2650","2651","2541","2572","2579.9565","4600","11867800","2650","2651","2541","2571","2572","2595","2544","2572"
"9147","20231002","7804","7920","7754","7768","7814.5152","262800","2053654600","7804","7920","7803","7878","7850","7869","7754","7768"
"9158","20231002","2486","2506","2429","2450","2461.2058","89400","220031800","2486","2506","2438","2438","2443","2472","2429","2450"
"9159","20231002","2873","2900","2808","2855","2855.4132","12100","34550500","2873","2900","2808","2861","2860","2879","2823","2855"
"9160","20231002","388","388","368","370","375.7311","162900","61206600","388","388","374","377","377","378","368","370"
"9161","20231002","3600","3640","3560","3560","3594.9813","26800","96345500","3600","3640","3585","3600","3600","3600","3560","3560"
"9162","20231002","670","674","652","652","660.3914","200800","132606600","670","674","658","660","659","662","652","652"
"9163","20231002","2636","2708","2573","2573","2638.9499","119800","316146200","2636","2708","2616","2619","2619","2624","2573","2573"
"9164","20231002","788","807","779","800","797.3253","558500","445306200","788","802","779","797","800","807","796","800"
"9165","20231002","2002","2030","1901","1901","1965.8104","53800","105760600","2002","2030","1951","1969","1977","1977","1901","1901"
"9166","20231002","2306","2345","2162","2162","2228.5386","638700","1423367600","2306","2345","2211","2221","2223","2225","2162","2162"
"9168","20231002","962","1028","932","937","978.0112","1067200","1043733600","962","1028","956","977","977","977","932","937"
"9171","20231002","722","779","722","759","759.2525","60600","46010700","722","779","722","756","759","768","754","759"
"9173","20231002","2500","2506","2500","2502","2501.1429","700","1750800","2500","2506","2500","2502","-","-","-","-"
"9193","20231002","626","634","618","618","624.2987","7700","4807100","626","634","626","626","625","625","618","618"
"9201","20231002","2913","2947.5","2850","2853","2892.3967","3699400","10700132400","2913","2947.5","2892.5","2912","2908","2909.5","2850","2853"
"9202","20231002","3130","3154","3050","3051","3092.7222","4618100","14282500500","3130","3154","3100","3100","3100","3102","3050","3051"
"9204","20231002","1070","1073","1028","1028","1044.4979","676800","706916200","1070","1073","1037","1041","1038","1039","1028","1028"
"9206","20231002","2830","2842","2781","2796","2807.4464","5600","15721700","2830","2836","2810","2814","2842","2842","2781","2796"
"9211","20231002","1451","1453","1326","1342","1375.0304","36200","49776100","1451","1453","1383","1384","1386","1388","1326","1342"
"9212","20231002","725","729","707","708","713.8997","62800","44832900","725","729","710","711","710","715","707","708"
"9213","20231002","1094","1123","1094","1118","1100.297","10100","11113000","1094","1123","1094","1098","1096","1118","1094","1118"
"9214","20231002","2320","2350","2246","2250","2294.0108","9300","21334300","2320","2350","2271","2340","2297","2319","2246","2250"
"9215","20231002","895","909","895","909","906.7727","2200","1994900","895","907","895","907","909","909","909","909"
"9216","20231002","2413","2469","2380","2410","2426.2349","49800","120826500","2413","2446","2380","2446","2469","2469","2404","2410"
"9218","20231002","919","919","867","867","883.5831","61400","54252000","919","919","883","883","884","884","867","867"
"9219","20231002","1672","1675","1574","1577","1608.2049","103000","165645100","1672","1675","1594","1600","1598","1610","1574","1577"
"9220","20231002","1105","1105","1083","1099","1100.2381","2100","2310500","1105","1105","1083","1083","1089","1099","1089","1099"
"9221","20231002","777","779","748","753","756.8974","15600","11807600","777","779","760","760","754","758","748","753"
"9225","20231002","2886","2886","2590","2600","2712.6636","10700","29025500","2886","2886","2773","2852","2802","2802","2590","2600"
"9227","20231002","1550","1554","1500","1501","1520.8104","200400","304770400","1550","1554","1516","1522","1520","1527","1500","1501"
"9229","20231002","2995","3030","2840","2845","2919.7044","1221300","3565835000","2995","3030","2891","2897","2891","2918","2840","2845"
"9232","20231002","1697","1709","1682","1683","1692.6367","25600","43331500","1697","1709","1690","1692","1692","1693","1682","1683"
"9233","20231002","910","917","902","902","910.4848","36300","33050600","910","917","905","914","912","913","902","902"
"9240","20231002","475","475","469","469","470.8333","2400","1130000","475","475","469","472","471","471","469","469"
"9241","20231002","1455","1455","1411","1421","1430.6667","3900","5579600","1455","1455","1411","1441","1426","1444","1421","1421"
"9242","20231002","1692","1692","1671","1671","1678.6667","900","1510800","-","-","-","-","1692","1692","1671","1671"
"9244","20231002","966","980","959","980","970.7","1000","970700","966","966","966","966","970","980","959","980"
"9245","20231002","1005","1036","1005","1032","1011.1765","1700","1719000","1005","1028","1005","1006","1036","1036","1008","1032"
"9246","20231002","3475","3485","3230","3260","3332.2633","173200","577148000","3475","3485","3255","3340","3290","3380","3230","3260"
"9247","20231002","1216","1235","1201","1205","1215.144","242400","294550900","1216","1235","1202","1230","1231","1231","1201","1205"
"9248","20231002","1660","1682","1630","1630","1650.6234","23100","38129400","1660","1682","1652","1664","1660","1660","1630","1630"
"9249","20231002","1787","1787","1751","1762","1768.4444","4500","7958000","1787","1787","1751","1761","1761","1767","1761","1762"
"9250","20231002","2668","2693","2633","2633","2664.5294","1700","4529700","2668","2693","2668","2693","2663","2687","2633","2633"
"9251","20231002","1260","1281","1255","1255","1265.5537","54900","69478900","1260","1281","1255","1265","1270","1270","1255","1255"
"9252","20231002","3950","4060","3910","3910","3980.1049","66700","265473000","3950","4000","3910","3970","3970","4060","3910","3910"
"9253","20231002","704","704","676","676","683.7955","8800","6017400","704","704","689","698","698","698","676","676"
"9254","20231002","1472","1554","1448","1501","1500.6883","49400","74134000","1472","1520","1448","1514","1495","1554","1460","1501"
"9256","20231002","999","1008","999","1005","1001.8511","4700","4708700","999","1008","999","1000","1000","1007","1000","1005"
"9257","20231002","742","742","725","725","729.7143","700","510800","742","742","727","733","725","725","725","725"
"9258","20231002","396","404","392","394","396.5267","39300","15583500","396","404","396","397","396","400","392","394"
"9259","20231002","1293","1301","1285","1300","1295.5213","9400","12177900","1293","1301","1285","1300","1299","1300","1299","1300"
"9260","20231002","4850","4885","4745","4760","4803.9207","22700","109049000","4850","4885","4835","4845","4845","4845","4745","4760"
"9262","20231002","1143","1144","1102","1105","1113.525","157700","175602900","1143","1144","1111","1116","1115","1116","1102","1105"
"9263","20231002","110","112","108","108","109.8413","305700","33578500","110","112","108","110","110","111","108","108"
"9264","20231002","990","1009","974","974","993.9298","51300","50988600","990","1009","984","1000","998","1000","974","974"
"9265","20231002","2072","2090","2028","2028","2068.9038","5200","10758300","2072","2090","2072","2075","2082","2082","2028","2028"
"9267","20231002","5630","5660","5430","5440","5514.1569","25500","140611000","5630","5660","5500","5500","5500","5500","5430","5440"
"9268","20231002","1770","1836","1740","1762","1790.1761","219800","393480700","1770","1836","1740","1797","1798","1812","1762","1762"
"9270","20231002","2800","2869","2775","2775","2809.3267","120900","339647600","2800","2869","2778","2813","2796","2815","2775","2775"
"9271","20231002","443","469","443","443","453.7833","20300","9211800","443","469","443","452","452","453","443","443"
"9272","20231002","2441","2441","2319","2319","2353.7868","25800","60727700","2441","2441","2326","2347","2360","2360","2319","2319"
"9273","20231002","705","717","704","713","714.1047","53500","38204600","705","716","704","715","713","717","712","713"
"9274","20231002","688","699","681","684","689.1065","413100","284669900","688","699","688","695","696","696","681","684"
"9275","20231002","1160","1190","1160","1170","1175.6932","8800","10346100","1160","1190","1160","1182","1187","1188","1165","1170"
"9278","20231002","1250","1272","1250","1250","1259.8868","74200","93483600","1250","1272","1250","1266","1268","1268","1250","1250"
"9279","20231002","2272","2318","2240","2255","2274.6491","192100","436960100","2272","2318","2240","2281","2280","2290","2252","2255"
"9301","20231002","3991","4063","3950","3953","3986.8141","271700","1083217400","3991","4063","3990","4035","4000","4033","3950","3953"
"9302","20231002","4300","4385","4275","4320","4343.081","83900","364384500","4300","4385","4275","4365","4380","4380","4320","4320"
"9303","20231002","2388","2435","2388","2392","2408.9527","253800","611392200","2388","2435","2388","2424","2424","2424","2392","2392"
"9304","20231002","3070","3075","2968","2968","3000.5161","21700","65111200","3070","3075","3005","3020","3020","3020","2968","2968"
"9305","20231002","2086","2093","2045","2052","2065.0661","33300","68766700","2086","2093","2067","2080","2075","2075","2045","2052"
"9306","20231002","1464","1488","1433","1475","1461.6629","43900","64167000","1464","1488","1455","1456","1456","1480","1433","1475"
"9307","20231002","616","618","609","609","613.2405","15800","9689200","616","618","615","615","615","615","609","609"
"9308","20231002","1320","1329","1280","1280","1301.5766","193200","251464600","1320","1329","1305","1310","1310","1311","1280","1280"
"9310","20231002","660","670","654","655","660.8599","68500","45268900","660","670","658","666","665","668","654","655"
"9311","20231002","4580","4600","4580","4600","4590","200","918000","4580","4600","4580","4600","-","-","-","-"
"9312","20231002","1978","2031","1967","1985","2003.3882","15200","30451500","1978","2031","1967","2020","2020","2020","1982","1985"
"9313","20231002","724","724","720","724","723","4600","3325800","724","724","720","720","720","724","720","724"
"9319","20231002","1106","1113","1087","1089","1100.5251","75600","83199700","1106","1113","1100","1100","1102","1102","1087","1089"
"9322","20231002","1085","1088","1070","1070","1079.8095","4200","4535200","1085","1088","1083","1083","1084","1084","1070","1070"
"9324","20231002","1075","1081","1053","1053","1065.1474","31200","33232600","1075","1081","1071","1074","1073","1073","1053","1053"
"9325","20231002","1183","1184","1138","1138","1160.67","60900","70684800","1183","1184","1166","1169","1169","1169","1138","1138"
"9326","20231002","725","729","701","702","711.4482","70500","50157100","725","729","705","707","708","711","701","702"
"9327","20231002","700","713","614","650","691.0401","1779400","1229636700","700","713","663","686","683","713","614","650"
"9330","20231002","1422","1449","1365","1376","1410.4442","208000","293372400","1422","1449","1405","1416","1417","1438","1365","1376"
"9332","20231002","775","780","763","770","773.7068","60700","46964000","775","778","763","778","778","780","770","770"
"9336","20231002","2092","2097","2031","2033","2060.2097","239900","494244300","2092","2097","2058","2083","2080","2086","2031","2033"
"9337","20231002","2154","2198","2083","2086","2127.7485","51300","109153500","2154","2198","2100","2139","2182","2182","2083","2086"
"9338","20231002","4310","4570","4265","4430","4450.2476","375600","1671513000","4310","4570","4265","4425","4445","4545","4355","4430"
"9339","20231002","1462","1466","1444","1446","1457.2278","7900","11512100","1462","1466","1451","1460","1453","1460","1444","1446"
"9340","20231002","677","680","660","660","671.4179","6700","4498500","677","680","673","673","674","675","660","660"
"9341","20231002","1528","1559","1488","1488","1515.1184","259300","392870200","1528","1559","1492","1499","1500","1507","1488","1488"
"9342","20231002","1790","1809","1730","1752","1755.7574","13600","23878300","1790","1809","1765","1765","1765","1765","1730","1752"
"9343","20231002","1567","1617","1562","1569","1581.6755","37600","59471000","1567","1617","1562","1572","1587","1587","1567","1569"
"9344","20231002","1533","1565","1493","1493","1522.394","46700","71095800","1533","1565","1518","1530","1528","1530","1493","1493"
"9345","20231002","1844","1852","1789","1790","1808.6699","10300","18629300","1844","1852","1824","1852","1833","1833","1789","1790"
"9346","20231002","2181","2215","2171","2177","2191.7378","16400","35944500","2181","2215","2175","2192","2192","2194","2171","2177"
"9347","20231002","2578","2591","2544","2544","2565.6553","70500","180878700","2578","2591","2570","2577","2574","2576","2544","2544"
"9348","20231002","1408","1408","1345","1358","1367.9561","257600","352385500","1408","1408","1345","1354","1354","1379","1354","1358"
"9351","20231002","1411","1436","1400","1400","1412.0896","13400","18922000","1411","1436","1411","1429","1425","1425","1400","1400"
"9353","20231002","2150","2150","2100","2134","2121.8462","2600","5516800","2150","2150","2102","2103","2111","2134","2100","2134"
"9355","20231002","1659","1659","1659","1659","1659","400","663600","1659","1659","1659","1659","1659","1659","1659","1659"
"9360","20231002","1750","1760","1750","1760","1755","800","1404000","1750","1750","1750","1750","1755","1760","1755","1760"
"9361","20231002","1478","1505","1478","1505","1482.9167","1200","1779500","1478","1478","1478","1478","1480","1505","1478","1505"
"9362","20231002","2150","2150","2112","2141","2129.8333","1800","3833700","2150","2150","2122","2123","2120","2141","2112","2141"
"9363","20231002","403","405","398","401","400.8273","11000","4409100","403","403","400","401","401","405","398","401"
"9364","20231002","3075","3134","3074","3084","3096.9562","431900","1337575400","3075","3134","3074","3126","3126","3126","3079","3084"
"9365","20231002","1347","1366","1347","1353","1352.7857","1400","1893900","1347","1366","1347","1354","1357","1357","1353","1353"
"9366","20231002","736","745","732","732","735.7377","6100","4488000","736","745","736","738","738","738","732","732"
"9367","20231002","-","-","-","-","-","-","-","-","-","-","-","-","-","-","-"
"9368","20231002","1374","1388","1360","1362","1371.2039","35800","49089100","1374","1388","1371","1373","1373","1375","1360","1362"
"9369","20231002","1000","1000","973","979","985.8415","85800","84585200","1000","1000","973","980","982","990","979","979"
"9376","20231002","449","449","443","443","446.1667","1200","535400","449","449","443","444","443","443","443","443"
"9377","20231002","919","932","913","920","921.0938","6400","5895000","919","932","918","922","922","922","913","920"
"9380","20231002","290","290","287","287","288.5371","22900","6607500","290","290","289","289","289","290","287","287"
"9381","20231002","1766","1796","1757","1757","1769.6241","43900","77686500","1766","1796","1766","1778","1772","1775","1757","1757"
"9384","20231002","2518","2518","2440","2443","2480.6755","63800","158267100","2518","2518","2493","2503","2503","2505","2440","2443"
"9385","20231002","603","611","603","605","606.7651","16600","10072300","603","611","603","610","610","610","605","605"
"9386","20231002","1800","1803","1765","1767","1779.4963","13500","24023200","1800","1803","1774","1791","1791","1792","1765","1767"
"9399","20231002","4","5","3","4","3.9868","765458","3051740","4","5","3","4","4","4","3","4"
"9401","20231002","2506","2537.5","2473.5","2478","2496.4008","329200","821815150","2506","2537.5","2492","2525","2524","2524","2473.5","2478"
"9404","20231002","1498","1539","1495","1516","1522.4913","1151000","1752387500","1498","1539","1495","1533","1528.5","1532.5","1513.5","1516"
"9405","20231002","709","709","688","690","698.9799","139300","97367900","709","709","701","701","698","699","688","690"
"9408","20231002","1550","1550","1521","1521","1530.6667","300","459200","1550","1550","1521","1521","-","-","-","-"
"9409","20231002","1690","1706","1667","1671","1683.7488","128600","216530100","1690","1706","1682","1695","1698","1698","1667","1671"
"9412","20231002","699","715","692","695","702.3109","758100","532421900","699","715","699","709","708","709","692","695"
"9413","20231002","2991","3045","2974","2974","2998.2034","47200","141515200","2991","3045","2983","3030","3025","3025","2974","2974"
"9414","20231002","920","929","916","916","921.8131","55100","50791900","920","929","919","923","921","923","916","916"
"9416","20231002","1529","1595","1524","1575","1569.1766","925500","1452272900","1529","1595","1524","1563","1565","1578","1554","1575"
"9417","20231002","401","406","391","391","398.7473","18600","7416700","401","406","401","403","400","400","391","391"
"9418","20231002","3350","3370","3225","3225","3272.0715","176200","576539000","3350","3370","3270","3280","3285","3290","3225","3225"
"9419","20231002","208","208","205","205","207.0289","17300","3581600","208","208","207","207","207","207","205","205"
"9421","20231002","510","517","510","510","512.1778","4500","2304800","510","516","510","516","515","517","510","510"
"9423","20231002","99","99","98","99","98.9342","48600","4808200","99","99","98","99","99","99","98","99"
"9424","20231002","218","222","214","214","218.2363","2053000","448039100","218","222","218","219","218","219","214","214"
"9425","20231002","452","478","452","461","465.4126","85800","39932400","452","478","452","463","465","468","460","461"
"9428","20231002","1036","1040","1032","1032","1033.8235","1700","1757500","1036","1036","1036","1036","1035","1040","1032","1032"
"9432","20231002","176.6","178.6","175","175","176.2127","181446100","31973114110","176.6","178.6","175.9","177.1","176.8","177","175","175"
"9433","20231002","4550","4606","4506","4508","4540.2647","4423800","20085223100","4550","4606","4544","4580","4568","4577","4506","4508"
"9434","20231002","1690.5","1703","1679","1679","1687.198","9378700","15823723550","1690.5","1703","1688","1694","1691","1692","1679","1679"
"9435","20231002","23140","23155","22340","22350","22562.1388","69900","1577093500","23140","23155","22715","22775","22745","22745","22340","22350"
"9436","20231002","3220","3250","3215","3230","3234.5407","38100","123236000","3220","3250","3215","3250","3250","3250","3230","3230"
"9438","20231002","619","625","602","602","611.3244","37300","22802400","619","625","614","615","615","615","602","602"
"9439","20231002","199","201","199","201","199.7054","12900","2576200","199","201","199","200","200","201","200","201"
"9441","20231002","1683","1690","1681","1681","1685.25","1200","2022300","1683","1690","1681","1681","1681","1681","1681","1681"
"9444","20231002","689","709","686","703","698.1473","41400","28903300","689","709","686","704","701","704","691","703"
"9445","20231002","366","368","365","367","366.25","7600","2783500","366","368","365","367","367","367","367","367"
"9446","20231002","580","582","573","573","577.5247","16200","9355900","580","582","574","574","577","578","573","573"
"9449","20231002","2334","2334","2269.5","2271","2289.9847","286900","656996600","2334","2334","2296","2304","2300","2303.5","2269.5","2271"
"9450","20231002","1329","1338","1273","1273","1294.5652","87400","113145000","1329","1338","1291","1293","1297","1297","1273","1273"
"9466","20231002","255","258","254","254","256.2703","11100","2844600","255","258","255","258","257","257","254","254"
"9467","20231002","2590","2590","2470","2492","2508.9779","22600","56702900","2590","2590","2500","2500","2500","2506","2470","2492"
"9468","20231002","3019","3056","3009","3035","3038.8278","495300","1505131400","3019","3056","3009","3043","3039","3053","3024","3035"
"9470","20231002","862","866","845","846","852.5101","207800","177151600","862","866","849","850","850","855","845","846"
"9474","20231002","913","924","910","911","916.2532","70700","64779100","913","924","913","919","919","920","910","911"
"9475","20231002","333","333","328","328","330.9579","26100","8638000","333","333","330","332","332","332","328","328"
"9476","20231002","453","460","449","458","453.5652","2300","1043200","453","460","449","453","453","458","453","458"
"9478","20231002","296","306","296","299","300.4111","129900","39023400","296","306","296","301","301","303","296","299"
"9479","20231002","181","183","180","181","181.3286","42600","7724600","181","183","180","183","181","182","181","181"
"9501","20231002","678","683.7","649.5","650","663.0035","28853000","19129639520","678","683.7","662.3","664.5","664.5","666","649.5","650"
"9502","20231002","1934","1953.5","1894","1894","1918.3333","2419000","4640448350","1934","1953.5","1920.5","1931.5","1926.5","1931.5","1894","1894"
"9503","20231002","2105","2124","2055.5","2061.5","2077.407","4172800","8668603800","2105","2124","2061","2085","2084.5","2087.5","2055.5","2061.5"
"9504","20231002","935.1","942.1","910.1","912.4","921.4593","2000700","1843563570","935.1","942.1","919.6","926.2","925","926.3","910.1","912.4"
"9505","20231002","816","820","786.4","791.5","798.4175","2077600","1658792290","816","820","794.4","801","798.8","799.1","786.4","791.5"
"9506","20231002","982.5","985","949.2","949.6","962.4848","2711000","2609296330","982.5","985","960.2","965.7","965.4","967.5","949.2","949.6"
"9507","20231002","1047.5","1052","1017","1017","1032.1833","729500","752977750","1047.5","1052","1033","1035.5","1036","1038","1017","1017"
"9508","20231002","988.9","992.2","954.2","956.2","965.7601","2261700","2184259610","988.9","992.2","966.8","969.5","969.5","970.6","954.2","956.2"
"9509","20231002","662.2","666.6","645.8","646.6","653.3752","1545800","1009987350","662.2","666.6","654","655.3","655.5","655.6","645.8","646.6"
"9511","20231002","1129","1134","1105","1105","1119.5164","403200","451389000","1129","1134","1121","1124","1123","1125","1105","1105"
"9513","20231002","2427.5","2453","2396.5","2403","2424.9416","927900","2250103350","2427.5","2453","2423.5","2433.5","2435","2436.5","2396.5","2403"
"9514","20231002","505","508","494","494","499.702","76500","38227200","505","508","502","503","503","503","494","494"
"9517","20231002","771","793","759","759","775.9893","703100","545598100","771","793","771","791","790","790","759","759"
"9519","20231002","1149","1161","1114","1116","1135.3836","1188400","1349289900","1149","1161","1133","1148","1147","1149","1114","1116"
"9522","20231002","870","937","868","910","911.9644","1808400","1649196400","870","935","868","920","919","937","910","910"
"9531","20231002","3400","3436","3375","3375","3396.6757","1682300","5714227500","3400","3436","3377","3406","3400","3412","3375","3375"
"9532","20231002","2462","2486","2432","2435","2455.1771","1562500","3836214250","2462","2486","2453","2468","2463.5","2464","2432","2435"
"9533","20231002","2614.5","2630","2571","2573.5","2593.3853","245800","637454100","2614.5","2630","2601","2618","2621","2621","2571","2573.5"
"9534","20231002","2361","2415","2358","2360","2380.6138","18900","44993600","2361","2415","2361","2397","2392","2394","2358","2360"
"9535","20231002","392","397","387","388","391.2342","44400","17370800","392","397","392","394","393","394","387","388"
"9536","20231002","1948","1972","1930","1930","1944.873","81900","159285100","1948","1972","1944","1960","1962","1962","1930","1930"
"9537","20231002","3750","3750","3745","3745","3748","500","1874000","3750","3750","3745","3745","-","-","-","-"
"9539","20231002","2522","2525","2508","2508","2515.1622","3700","9306100","2522","2525","2512","2512","2512","2514","2508","2508"
"9543","20231002","1020","1029","1005","1005","1012.99","109900","111327600","1020","1029","1016","1019","1020","1020","1005","1005"
"9551","20231002","1873","1887","1844","1848","1866.2739","111700","208462800","1873","1887","1862","1879","1872","1872","1844","1848"
"9552","20231002","3500","3560","3375","3375","3461.4097","473500","1638977500","3500","3560","3385","3400","3425","3455","3375","3375"
"9553","20231002","756","765","715","716","737.7971","1011600","746355500","756","765","737","742","742","745","715","716"
"9554","20231002","772","774","742","742","752.8881","14300","10766300","772","774","754","754","754","763","742","742"
"9556","20231002","6110","6560","6030","6210","6340.9506","234600","1487587000","6110","6560","6030","6320","6310","6430","6200","6210"
"9557","20231002","419","419","407","407","410.6735","4900","2012300","419","419","411","411","409","411","407","407"
"9558","20231002","3180","3290","3145","3155","3198.8961","53900","172420500","3180","3290","3150","3185","3165","3215","3145","3155"
"9560","20231002","1068","1090","1046","1063","1073.0305","226200","242719500","1068","1090","1046","1080","1068","1083","1061","1063"
"9561","20231002","730","740","657","657","694.3183","451800","313693000","730","740","684","691","690","693","657","657"
"9562","20231002","1310","1310","1310","1310","1310","100","131000","1310","1310","1310","1310","-","-","-","-"
"9563","20231002","698","706","683","683","696.2586","58000","40383000","698","706","696","696","694","694","683","683"
"9564","20231002","1907","1963","1907","1927","1937.1412","17000","32931400","1907","1963","1907","1956","1942","1944","1921","1927"
"9565","20231002","1818","1864","1764","1764","1798.1168","21400","38479700","1818","1864","1786","1786","1786","1794","1764","1764"
"9600","20231002","1714","1743","1702","1702","1713.9522","20900","35821600","1714","1743","1714","1727","1719","1725","1702","1702"
"9601","20231002","10310","10380","10105","10105","10225.8631","50400","515383500","10310","10380","10260","10305","10305","10305","10105","10105"
"9602","20231002","5175","5201","5081","5087","5124.6242","331000","1696250600","5175","5201","5113","5159","5170","5183","5081","5087"
"9603","20231002","1825","1828","1800","1809","1814.0666","777500","1410436800","1825","1828","1812","1816","1819","1819","1800","1809"
"9605","20231002","18780","18780","18310","18350","18491.573","26700","493725000","18780","18780","18550","18570","18580","18590","18310","18350"
"9610","20231002","152","153","151","153","152.5031","32000","4880100","152","153","152","152","152","153","151","153"
"9612","20231002","3005","3010","2922","2926","2957.9199","63700","188419500","3005","3010","2961","2966","2971","2971","2922","2926"
"9613","20231002","2021.5","2054.5","2007","2010","2022.3607","3507900","7094239000","2021.5","2054.5","2016","2043.5","2035.5","2040","2007","2010"
"9616","20231002","6222","6368","6210","6239","6280.7075","353500","2220230100","6222","6368","6210","6317","6311","6316","6237","6239"
"9619","20231002","1423","1455","1423","1424","1434.3607","36600","52497600","1423","1455","1423","1446","1446","1450","1424","1424"
"9621","20231002","4510","4550","4470","4485","4511.9524","21000","94751000","4510","4550","4470","4545","4540","4550","4470","4485"
"9622","20231002","931","941","920","922","930.1357","36100","33577900","931","941","929","934","934","934","920","922"
"9625","20231002","903","913","901","913","909.8222","4500","4094200","903","913","901","913","912","913","906","913"
"9627","20231002","4350","4433","4326","4339","4370.6685","314900","1376323500","4350","4433","4326","4416","4416","4424","4339","4339"
"9628","20231002","1054","1061","1032","1032","1043.0865","20800","21696200","1054","1061","1049","1053","1055","1055","1032","1032"
"9629","20231002","1212","1241","1206","1211","1218.681","23200","28273400","1212","1241","1206","1228","1225","1225","1210","1211"
"9632","20231002","12290","12300","11750","11750","12007.5","11200","134484000","12290","12300","11820","11970","11970","12020","11750","11750"
"9633","20231002","1118","1127","1116","1116","1119.8579","19000","21277300","1118","1127","1118","1123","1120","1122","1116","1116"
"9635","20231002","2070","2070","2042","2042","2056","200","411200","2070","2070","2042","2042","-","-","-","-"
"9636","20231002","3470","3470","3460","3460","3465","400","1386000","3470","3470","3465","3465","3460","3460","3460","3460"
"9637","20231002","3390","3395","3375","3375","3383.125","800","2706500","3390","3395","3375","3375","3375","3375","3375","3375"
"9639","20231002","4185","4210","4080","4080","4162.8788","3300","13737500","4185","4210","4180","4210","4190","4190","4080","4080"
"9640","20231002","1945","1947","1940","1947","1943.6667","1500","2915500","1945","1945","1943","1944","1943","1947","1940","1947"
"9644","20231002","1125","1153","1124","1129","1140.4677","37200","42425400","1125","1153","1124","1149","1149","1149","1129","1129"
"9647","20231002","3925","3925","3925","3925","3925","500","1962500","3925","3925","3925","3925","-","-","-","-"
"9651","20231002","988","1000","953","973","980.5367","25900","25395900","988","1000","953","1000","982","985","973","973"
"9656","20231002","720","728","713","728","720.7292","4800","3459500","720","720","713","717","718","728","718","728"
"9658","20231002","2179","2199","2139","2139","2162.6684","18700","40441900","2179","2199","2166","2170","2183","2183","2139","2139"
"9661","20231002","4790","4790","4760","4765","4771.4286","3500","16700000","4790","4790","4760","4770","4765","4770","4765","4765"
"9663","20231002","6960","7050","6910","6920","6958.4685","11100","77239000","6960","7050","6960","6990","6970","7000","6910","6920"
"9672","20231002","4030","4055","3970","3970","4007.1012","77100","308947500","4030","4055","4010","4020","4015","4020","3970","3970"
"9675","20231002","1299","1305","1264","1264","1285.8652","26700","34332600","1299","1305","1291","1295","1293","1293","1264","1264"
"9678","20231002","2651","2686","2637","2638","2660.7561","143100","380754200","2651","2686","2645","2680","2680","2680","2637","2638"
"9679","20231002","3305","3305","3305","3305","3305","100","330500","3305","3305","3305","3305","-","-","-","-"
"9682","20231002","3225","3245","3170","3170","3194.9529","63700","203518500","3225","3245","3210","3225","3205","3215","3170","3170"
"9684","20231002","5190","5230","5121","5121","5164.205","767400","3963010900","5190","5230","5150","5192","5190","5190","5121","5121"
"9685","20231002","537","544","537","541","539.6","500","269800","537","544","537","539","541","541","541","541"
"9686","20231002","1129","1138","1106","1134","1129.5411","14600","16491300","1129","1138","1106","1134","1132","1134","1121","1134"
"9687","20231002","2600","2620","2600","2610","2604","1500","3906000","2600","2610","2600","2610","2610","2620","2610","2610"
"9691","20231002","2403","2403","2346","2350","2359.7","1000","2359700","2403","2403","2396","2396","2346","2355","2346","2350"
"9692","20231002","1623","1642","1586","1590","1609.3236","99500","160127700","1623","1642","1617","1617","1615","1616","1586","1590"
"9696","20231002","1406","1466","1378","1390","1420.875","11200","15913800","1406","1466","1398","1398","1385","1391","1378","1390"
"9697","20231002","5414","5439","5301","5303","5361.5494","978000","5243595300","5414","5439","5360","5395","5400","5412","5301","5303"
"9698","20231002","947","962","940","943","949.931","8700","8264400","947","962","940","958","950","951","943","943"
"9699","20231002","3535","3575","3525","3530","3547.0213","47000","166710000","3535","3575","3525","3575","3565","3565","3525","3530"
"9701","20231002","3530","3535","3530","3535","3533.3333","300","1060000","3530","3530","3530","3530","3535","3535","3535","3535"
"9702","20231002","1448","1459","1415","1415","1432.6952","21000","30086600","1448","1459","1443","1446","1442","1444","1415","1415"
"9704","20231002","25","25","24","24","24.2043","563000","13627000","25","25","24","24","24","25","24","24"
"9706","20231002","6396","6415","6213","6213","6275.9255","302200","1896584700","6396","6415","6304","6307","6286","6309","6213","6213"
"9708","20231002","1000","1003","981","987","994.2511","138200","137405500","1000","1003","985","988","988","990","981","987"
"9709","20231002","720","727","715","715","717.15","4000","2868600","720","727","715","718","715","716","715","715"
"9713","20231002","1272","1285","1272","1273","1276.6078","5100","6510700","1272","1282","1272","1282","1282","1285","1272","1273"
"9715","20231002","3245","3245","3175","3180","3205.7507","76600","245560500","3245","3245","3210","3220","3220","3220","3175","3180"
"9716","20231002","939","951","927","927","936.8012","465300","435893600","939","951","932","944","944","945","927","927"
"9717","20231002","1533","1538","1492","1492","1508.628","96500","145582600","1533","1538","1495","1504","1508","1508","1492","1492"
"9719","20231002","2609.5","2634.5","2583.5","2583.5","2602.5752","614200","1598501700","2609.5","2634.5","2602.5","2621.5","2618","2619","2583.5","2583.5"
"9720","20231002","4400","4405","4400","4405","4402.5","200","880500","4400","4405","4400","4405","-","-","-","-"
"9722","20231002","4840","4840","4575","4575","4666.7168","96400","449871500","4840","4840","4665","4690","4680","4700","4575","4575"
"9723","20231002","772","775","766","769","770.5192","5200","4006700","772","775","772","772","772","772","766","769"
"9726","20231002","1350","1360","1322","1322","1339.1862","63900","85574000","1350","1360","1337","1346","1341","1344","1322","1322"
"9729","20231002","1900","1929","1899","1900","1910.355","26200","50051300","1900","1929","1900","1925","1915","1926","1899","1900"
"9731","20231002","2620","2652","2553","2559","2591.0566","26500","68663000","2620","2652","2597","2617","2597","2612","2553","2559"
"9733","20231002","1915","1925","1875","1890","1899.2818","116400","221076400","1915","1925","1890","1898","1894","1899","1875","1890"
"9735","20231002","10215","10320","10070","10085","10171.9763","735200","7478437000","10215","10320","10215","10240","10165","10195","10070","10085"
"9739","20231002","2807","2858","2807","2811","2829.2039","10300","29140800","2807","2856","2807","2844","2858","2858","2811","2811"
"9740","20231002","3110","3150","3080","3100","3116.899","20800","64831500","3110","3150","3080","3145","3150","3150","3095","3100"
"9742","20231002","1646","1661","1627","1628","1640.8125","25600","42004800","1646","1661","1632","1652","1648","1653","1627","1628"
"9743","20231002","922","928","901","901","913.7183","353200","322725300","922","928","910","915","914","920","901","901"
"9744","20231002","2709","2738.5","2681","2689","2700.6882","253400","684354400","2709","2738.5","2701","2731","2723.5","2726","2681","2689"
"9746","20231002","3680","3685","3575","3575","3620.3532","80700","292162500","3680","3685","3635","3635","3620","3625","3575","3575"
"9749","20231002","4845","4885","4790","4795","4819.3067","88700","427472500","4845","4885","4835","4860","4850","4850","4790","4795"
"9753","20231002","1023","1031","1015","1015","1024.0368","16300","16691800","1023","1031","1023","1027","1027","1027","1015","1015"
"9755","20231002","2484","2488","2424","2429","2448.309","30100","73694100","2484","2488","2457","2465","2465","2465","2424","2429"
"9757","20231002","2631","2638","2579","2587","2599.5758","68600","178330900","2631","2638","2607","2616","2616","2616","2579","2587"
"9759","20231002","2845","2883","2829","2860","2859.411","386600","1105448300","2845","2883","2829","2866","2861","2870","2842","2860"
"9760","20231002","290","290","289","290","289.9333","12000","3479200","290","290","289","290","290","290","289","290"
"9761","20231002","1320","1320","1310","1311","1314.6923","2600","3418200","1320","1320","1310","1312","1312","1312","1311","1311"
"9763","20231002","2700","2757","2691","2696","2724.6186","9700","26428800","2700","2757","2700","2742","2733","2749","2691","2696"
"9765","20231002","965","978","954","958","966.5922","53700","51906000","965","978","954","972","972","972","956","958"
"9766","20231002","7960","8030","7881","7918","7951.2292","532400","4233234400","7960","8030","7881","8016","7977","7995","7903","7918"
"9767","20231002","1747","1747","1746","1746","1746.3333","300","523900","-","-","-","-","1747","1747","1746","1746"
"9768","20231002","1730","1735","1703","1703","1719.1884","6900","11862400","1730","1735","1728","1728","1728","1728","1703","1703"
"9769","20231002","2064","2075","2028","2038","2057.0905","21000","43198900","2064","2075","2028","2066","2067","2067","2038","2038"
"9776","20231002","1015","1019","1013","1013","1014.9474","1900","1928400","1015","1019","1013","1015","1013","1013","1013","1013"
"9778","20231002","5940","5950","5930","5930","5940","500","2970000","5940","5950","5940","5950","5940","5940","5930","5930"
"9780","20231002","2750","2790","2750","2790","2779.5","400","1111800","2750","2788","2750","2788","2790","2790","2790","2790"
"9782","20231002","1546","1555","1502","1520","1533.45","6000","9200700","1546","1555","1545","1545","1555","1555","1502","1520"
"9783","20231002","1838","1852.5","1829","1831.5","1840.6747","440700","811185350","1838","1852.5","1835.5","1846.5","1844","1847.5","1829","1831.5"
"9787","20231002","3290","3320","3270","3280","3290.8543","55600","182971500","3290","3320","3280","3310","3300","3305","3270","3280"
"9788","20231002","973","978","966","966","971.9259","18900","18369400","973","978","972","976","977","977","966","966"
"9790","20231002","2615","2649","2568","2576","2596.9892","74400","193216000","2615","2649","2599","2604","2600","2607","2568","2576"
"9791","20231002","1199","1210","1175","1187","1198.1944","7200","8627000","1199","1210","1196","1207","1181","1200","1175","1187"
"9793","20231002","4070","4125","4025","4040","4068.031","219400","892526000","4070","4125","4025","4105","4115","4115","4030","4040"
"9795","20231002","1738","1754","1724","1724","1737.9245","96700","168057300","1738","1754","1735","1745","1748","1748","1724","1724"
"9799","20231002","1270","1276","1263","1263","1270.3774","5300","6733000","1270","1270","1268","1269","1275","1276","1263","1263"
"9812","20231002","269","272","262","268","266.9801","20100","5366300","269","272","262","270","269","269","265","268"
"9816","20231002","225","227","224","227","225.6333","12000","2707600","225","226","224","226","226","227","226","227"
"9818","20231002","1205","1249","1205","1248","1230.5417","2400","2953300","1205","1205","1205","1205","1249","1249","1248","1248"
"9820","20231002","2383","2400","2383","2400","2387.1","2000","4774200","-","-","-","-","2383","2400","2383","2400"
"9823","20231002","3125","3130","2925","3030","3043.3962","10600","32260000","3125","3130","2925","3050","3060","3060","2991","3030"
"9824","20231002","3570","3590","3460","3460","3523.3899","185700","654293500","3570","3590","3520","3520","3520","3525","3460","3460"
"9827","20231002","676","687","668","668","674.3875","35100","23671000","676","687","676","677","677","683","668","668"
"9828","20231002","5350","5350","5120","5130","5196.0229","61100","317477000","5350","5350","5160","5180","5170","5200","5120","5130"
"9830","20231002","2487","2497","2422","2424","2451.5834","104900","257171100","2487","2497","2438","2474","2465","2471","2422","2424"
"9831","20231002","460.1","465.4","457.6","458.5","460.98","3389200","1562353480","460.1","465.4","460","464.1","463.1","463.5","457.6","458.5"
"9832","20231002","1587","1596.5","1561","1561","1580.1294","435400","687988350","1587","1596.5","1580.5","1583.5","1583","1585.5","1561","1561"
"9835","20231002","589","591","585","591","589.2105","1900","1119500","589","590","585","590","591","591","590","591"
"9837","20231002","1372","1408","1364","1378","1391.6019","116300","161843300","1372","1408","1364","1406","1406","1406","1378","1378"
"9842","20231002","1608","1608","1562","1562","1582.4433","551800","873192200","1608","1608","1584","1592","1591","1591","1562","1562"
"9843","20231002","16570","16680","15890","16000","16240.9519","1298500","21088876000","16570","16680","16305","16450","16400","16415","15890","16000"
"9845","20231002","851","868","835","836","851.6761","7100","6046900","851","868","848","868","854","867","835","836"
"9846","20231002","1078","1080","1078","1080","1079.125","800","863300","1078","1080","1078","1080","1080","1080","1080","1080"
"9849","20231002","-","-","-","-","-","-","-","-","-","-","-","-","-","-","-"
"9850","20231002","1087","1087","1059","1059","1073.913","79300","85161300","1087","1087","1073","1078","1075","1077","1059","1059"
"9852","20231002","4025","4070","4025","4030","4031.25","800","3225000","-","-","-","-","4025","4070","4025","4030"
"9853","20231002","859","861","858","861","859","900","773100","859","859","859","859","858","861","858","861"
"9854","20231002","176","178","175","176","176.3495","32900","5801900","176","177","175","177","177","178","176","176"
"9856","20231002","1197","1214","1174","1176","1189.8383","30300","36052100","1197","1214","1197","1206","1203","1203","1174","1176"
"9857","20231002","1850","1907","1826","1901","1860.7308","5200","9675800","1850","1907","1826","1856","1856","1901","1856","1901"
"9861","20231002","2818.5","2822.5","2777.5","2785.5","2795.2648","261100","729843650","2818.5","2822.5","2777.5","2799","2803","2807.5","2781.5","2785.5"
"9867","20231002","5620","5630","5420","5420","5531.4286","1400","7744000","5620","5630","5550","5630","5590","5590","5420","5420"
"9869","20231002","3975","3995","3885","3890","3923.7954","30300","118891000","3975","3995","3940","3970","3945","3960","3885","3890"
"9872","20231002","961","996","961","979","981.3896","48000","47106700","961","996","961","996","996","996","974","979"
"9873","20231002","3000","3005","2937","2938","2958.4595","42000","124255300","3000","3005","2953","2960","2961","2964","2937","2938"
"9876","20231002","174","176","172","173","173.7152","59700","10370800","174","176","174","175","174","175","172","173"
"9878","20231002","625","625","618","620","621.5075","6700","4164100","625","625","618","620","620","620","620","620"
"9880","20231002","1600","1629","1598","1602","1610.7692","32500","52350000","1600","1629","1600","1622","1616","1619","1598","1602"
"9882","20231002","1886","1898","1850","1850","1873.4251","170300","319044300","1886","1898","1875","1886","1884","1884","1850","1850"
"9885","20231002","388","394","388","394","391.6767","13300","5209300","388","393","388","392","393","394","390","394"
"9887","20231002","4110","4125","4065","4075","4091.1775","27600","112916500","4110","4125","4090","4110","4105","4110","4065","4075"
"9888","20231002","1222","1256","1222","1236","1246.74","179600","223914500","1222","1256","1222","1254","1249","1253","1236","1236"
"9889","20231002","2848","2883","2794","2794","2829.5163","36800","104126200","2848","2883","2811","2845","2842","2842","2794","2794"
"9890","20231002","938","940","935","937","937.2184","8700","8153800","938","940","935","936","939","940","935","937"
"9895","20231002","1242","1242","1222","1224","1229.6923","1300","1598600","1242","1242","1222","1223","1224","1224","1224","1224"
"9896","20231002","975","986","967","967","974.2361","21600","21043500","975","986","970","982","980","980","967","967"
"9900","20231002","1310","1324","1288","1289","1300.001","192300","249990200","1310","1324","1288","1304","1301","1305","1289","1289"
"9902","20231002","2503","2557","2494","2521","2531.0101","49700","125791200","2503","2555","2494","2555","2555","2557","2519","2521"
"9903","20231002","1380","1380","1359","1365","1367.193","5700","7793000","1380","1380","1370","1371","1370","1370","1359","1365"
"9904","20231002","398","409","398","403","403.2051","66300","26732500","398","409","398","405","406","406","402","403"
"9906","20231002","2260","2260","2183","2188","2238.25","2400","5371800","2260","2260","2250","2250","2228","2228","2183","2188"
"9908","20231002","2060","2067","1966","1969","2003.7358","37100","74338600","2060","2067","2026","2037","2037","2037","1966","1969"
"9913","20231002","1229","1268","1229","1251","1253.175","4000","5012700","1229","1268","1229","1249","1249","1253","1232","1251"
"9914","20231002","883","883","853","868","868","600","520800","883","883","883","883","883","883","853","868"
"9919","20231002","1444","1463","1428","1428","1438.3583","30700","44157600","1444","1463","1436","1448","1441","1444","1428","1428"
"9927","20231002","808","808","781","787","793","1700","1348100","808","808","781","785","787","787","787","787"
"9928","20231002","1648","1652","1620","1620","1633.001","99100","161830400","1648","1652","1629","1629","1625","1639","1620","1620"
"9929","20231002","425","425","425","425","425","1200","510000","425","425","425","425","-","-","-","-"
"9930","20231002","330","339","328","334","334.7038","127300","42607800","330","338","328","333","334","339","332","334"
"9932","20231002","2216","2248","2190","2193","2208.6724","11600","25620600","2216","2248","2216","2232","2239","2239","2190","2193"
"9934","20231002","3285","3325","3245","3255","3275.7024","96100","314795000","3285","3325","3260","3300","3300","3300","3245","3255"
"9936","20231002","6900","6920","6780","6780","6842.1818","60500","413952000","6900","6920","6830","6870","6850","6870","6780","6780"
"9941","20231002","893","914","893","896","900.5207","45900","41333900","893","914","893","903","901","906","896","896"
"9946","20231002","1460","1466","1451","1451","1457.9323","53200","77562000","1460","1466","1455","1464","1460","1465","1451","1451"
"9948","20231002","2723","2753","2701","2702","2721.8786","83200","226460300","2723","2753","2707","2733","2733","2733","2701","2702"
"9950","20231002","3200","3205","3190","3195","3197.7778","900","2878000","3200","3205","3190","3200","3200","3200","3195","3195"
"9955","20231002","2246","2248","2239","2248","2244.0769","2600","5834600","2246","2248","2239","2239","2239","2248","2239","2248"
"9956","20231002","2193","2241","2180","2201","2216.6112","135800","301015800","2193","2241","2180","2231","2232","2232","2201","2201"
"9959","20231002","570","574","568","571","571.25","1600","914000","570","574","568","574","571","571","570","571"
"9960","20231002","5250","5310","5230","5230","5253.0303","9900","52005000","5250","5310","5230","5300","5280","5290","5230","5230"
"9962","20231002","2356","2367","2300.5","2305.5","2324.6328","997900","2319751050","2356","2367","2336","2359.5","2360","2360","2300.5","2305.5"
"9969","20231002","257","257","250","252","254.6056","21300","5423100","257","257","256","257","256","257","250","252"
"9972","20231002","263","266","261","264","262.7741","33200","8724100","263","266","263","264","263","264","261","264"
"9973","20231002","19","20","19","19","19.0243","403800","7682000","19","20","19","19","19","20","19","19"
"9974","20231002","6820","6880","6730","6740","6789.4175","20600","139862000","6820","6880","6810","6820","6820","6830","6730","6740"
"9976","20231002","1220","1220","1220","1220","1220","100","122000","1220","1220","1220","1220","-","-","-","-"
"9977","20231002","2829","2910","2829","2910","2870.8923","6500","18660800","2829","2880","2829","2874","2874","2910","2874","2910"
"9978","20231002","40","44","39","42","41.5196","1501100","62325000","40","44","39","43","42","43","41","42"
"9979","20231002","1117","1119","1100","1100","1106.8988","34600","38298700","1117","1119","1107","1107","1107","1109","1100","1100"
"9980","20231002","107","108","107","107","107.0845","63900","6842700","107","108","107","108","108","108","107","107"
"9982","20231002","1166","1199","1166","1181","1184.8611","18000","21327500","1166","1199","1166","1192","1189","1191","1176","1181"
"9983","20231002","32970","33520","32470","32470","32936.3186","1529600","50379393000","32970","33520","32960","33150","32900","33040","32470","32470"
"9984","20231002","6357","6425","6250","6250","6338.5397","7793100","49396873500","6357","6425","6346","6387","6370","6378","6250","6250"
"9986","20231002","2583","2583","2510","2512","2536.25","8800","22319000","2583","2583","2528","2548","2555","2555","2510","2512"
"9987","20231002","4600","4604","4524","4524","4560.6309","236000","1076308900","4600","4604","4552","4596","4589","4589","4524","4524"
"9989","20231002","4049","4087","4004","4025","4043.1899","338000","1366598200","4049","4087","4004","4069","4056","4068","4022","4025"
"9990","20231002","902","918","898","900","908.0238","113300","102879100","902","918","898","913","913","914","899","900"
"9991","20231002","983","989","975","975","982.0537","24200","23765700","983","989","979","987","987","987","975","975"
"9993","20231002","1268","1268","1258","1258","1264.5","3800","4805100","1268","1268","1264","1265","1263","1263","1258","1258"
"9994","20231002","2900","2929","2870","2887","2902.4565","18400","53405200","2900","2929","2870","2915","2915","2924","2881","2887"
"9995","20231002","470","476","467","469","470.6973","100100","47116800","470","476","468","471","470","474","467","469"
"9996","20231002","1521","1521","1502","1505","1510.7556","4500","6798400","1521","1521","1502","1509","1506","1506","1505","1505"
"9997","20231002","680","686","671","671","678.3377","476800","323431400","680","686","677","683","682","682","671","671"
