"SC","日付","始値","高値","安値","終値","VWAP","出来高","売買代金","前場始値","前場高値","前場安値","前場終値","後場始値","後場高値","後場安値","後場終値"
"1301","20231013","3830","3830","3790","3810","3810.3571","15400","58679500","3830","3830","3810","3810","3805","3810","3790","3810"
"1332","20231013","710.6","716.2","701.5","705.6","707.6362","1655200","1171279510","710.6","716.2","706","706","705.7","706.8","701.5","705.6"
"1333","20231013","2496","2504","2477","2484.5","2486.9231","154000","382986150","2496","2504","2477","2477","2484","2493","2477.5","2484.5"
"1375","20231013","894","894","883","885","887.7857","85400","75816900","894","894","886","887","886","886","883","885"
"1376","20231013","1409","1413","1394","1399","1400.1123","37400","52364200","1409","1413","1395","1397","1404","1404","1394","1399"
"1377","20231013","4215","4230","4135","4150","4175.2014","114200","476808000","4215","4230","4175","4180","4175","4175","4135","4150"
"1379","20231013","1809","1811","1802","1802","1805.5008","64100","115732600","1809","1811","1804","1810","1807","1809","1802","1802"
"1380","20231013","1043","1049","1042","1048","1045.3333","900","940800","1043","1049","1043","1049","1049","1049","1042","1048"
"1381","20231013","3010","3010","2980","2980","2990","1200","3588000","3010","3010","2990","2990","2981","2981","2980","2980"
"1382","20231013","2133","2148","2078","2087","2107.0505","19800","41719600","2133","2148","2110","2126","2123","2124","2078","2087"
"1383","20231013","3240","3240","3220","3220","3231.6667","1500","4847500","3240","3240","3225","3235","3220","3230","3220","3220"
"1384","20231013","1099","1126","1073","1110","1096.9927","82600","90611600","1099","1104","1078","1088","1083","1126","1073","1110"
"1400","20231013","122","123","120","123","121.688","12500","1521100","122","122","120","121","121","123","121","123"
"1401","20231013","526","532","520","526","527.7853","17700","9341800","526","526","520","526","527","532","525","526"
"1407","20231013","3250","3590","3065","3575","3400.0899","1495600","5085174500","3250","3455","3065","3380","3375","3590","3360","3575"
"1414","20231013","5740","5750","5667","5668","5695.3","81000","461319300","5740","5750","5687","5699","5694","5705","5667","5668"
"1417","20231013","1923.5","1951.5","1920.5","1928.5","1931.7641","146900","283776150","1923.5","1951.5","1921","1938","1933.5","1937.5","1920.5","1928.5"
"1418","20231013","214","214","198","200","203.4145","407700","82932100","214","214","198","202","202","203","198","200"
"1419","20231013","3295","3310","3210","3230","3248.1404","591800","1922249500","3295","3310","3245","3250","3250","3250","3210","3230"
"1420","20231013","720","726","720","720","720.4416","7700","5547400","720","722","720","720","726","726","720","720"
"1429","20231013","971","985","955","955","962.2728","90900","87470600","971","985","960","964","964","964","955","955"
"1430","20231013","769","774","757","758","764.7251","38200","29212500","769","772","762","762","761","774","757","758"
"1431","20231013","806","806","795","795","800.425","8000","6403400","806","806","796","796","796","798","795","795"
"1433","20231013","1019","1019","1007","1009","1011.9049","36800","37238100","1019","1019","1007","1017","1011","1013","1007","1009"
"1434","20231013","596","596","570","570","578.8261","80500","46595500","596","596","580","580","582","583","570","570"
"1435","20231013","192","193","190","191","191.2962","184000","35198500","192","193","191","193","192","192","190","191"
"1436","20231013","799","803","797","800","799.7143","700","559800","799","799","797","797","800","803","800","800"
"1438","20231013","1537","1598","1467","1467","1538.3148","5400","8306900","1537","1598","1537","1538","1537","1538","1467","1467"
"1439","20231013","1340","1340","1331","1331","1339.3889","1800","2410900","1340","1340","1339","1340","1340","1340","1331","1331"
"1443","20231013","212","213","210","211","211.3777","41300","8729900","212","213","211","213","212","212","210","211"
"1444","20231013","2355","2364","2352","2364","2356.8","1000","2356800","2355","2357","2352","2357","2357","2364","2355","2364"
"1446","20231013","567","567","555","561","558.4943","17600","9829500","567","567","556","559","559","561","555","561"
"1447","20231013","318","319","309","309","311.4413","34900","10869300","318","319","311","312","313","313","309","309"
"1450","20231013","2157","2160","2155","2160","2157.875","800","1726300","2157","2160","2155","2160","-","-","-","-"
"1451","20231013","713","713","706","710","710.1","3000","2130300","713","713","708","713","710","710","706","710"
"1491","20231013","31","31","30","30","30.5667","33000","1008700","31","31","30","31","31","31","30","30"
"1514","20231013","527","549","521","526","535.1613","1659800","888260700","527","549","525","538","538","540","521","526"
"1515","20231013","4710","4750","4625","4655","4683.7838","48100","225290000","4710","4750","4670","4670","4655","4680","4625","4655"
"1518","20231013","2613","2631","2572","2584","2588.3225","166200","430179200","2613","2631","2574","2577","2580","2592","2572","2584"
"1605","20231013","2070","2078.5","2048","2075.5","2065.6178","10313000","21302716150","2070","2076","2048","2051","2060","2078.5","2056","2075.5"
"1662","20231013","5150","5200","5060","5120","5112.8652","408700","2089628000","5150","5200","5080","5100","5090","5120","5060","5120"
"1663","20231013","2634","2649","2586","2597","2611.4268","72400","189067300","2634","2649","2613","2621","2621","2621","2586","2597"
"1711","20231013","228","230","225","229","227.8504","27400","6243100","228","230","225","227","230","230","228","229"
"1712","20231013","1031","1046","1012","1023","1025.8522","131300","134694400","1031","1046","1022","1025","1022","1025","1012","1023"
"1716","20231013","1246","1246","1234","1239","1239.0785","19100","23666400","1246","1246","1235","1242","1243","1243","1234","1239"
"1717","20231013","719","719","708","708","711.9253","34800","24775000","719","719","712","713","713","713","708","708"
"1718","20231013","4535","4550","4525","4550","4533.8095","2100","9521000","4535","4545","4535","4545","4535","4550","4525","4550"
"1719","20231013","1150","1156","1137","1139","1145.7516","455000","521317000","1150","1156","1144","1146","1146","1148","1137","1139"
"1720","20231013","758","759","746","747","752.7959","367000","276276100","758","759","752","752","752","753","746","747"
"1721","20231013","3078","3101","3075","3089","3083.9364","449700","1386846200","3078","3101","3075","3088","3094","3096","3080","3089"
"1723","20231013","4205","4205","4130","4130","4161.1111","900","3745000","4205","4205","4150","4150","4150","4150","4130","4130"
"1724","20231013","665","665","650","650","657","9500","6241500","665","665","658","658","659","659","650","650"
"1726","20231013","360","360","356","357","358.2168","55800","19988500","360","360","357","358","358","358","356","357"
"1730","20231013","429","440","426","440","435.4054","3700","1611000","-","-","-","-","429","440","426","440"
"1736","20231013","2945","2945","2900","2900","2915","300","874500","2945","2945","2900","2900","-","-","-","-"
"1739","20231013","789","802","782","786","786.04","7500","5895300","789","802","789","790","793","793","782","786"
"1743","20231013","1170","1182","1170","1171","1175","500","587500","1170","1182","1170","1182","1182","1182","1171","1171"
"1757","20231013","30","30","29","30","29.3489","98300","2885000","30","30","29","29","30","30","29","30"
"1758","20231013","2011","2039","2010","2039","2016","500","1008000","2011","2011","2010","2010","2010","2039","2010","2039"
"1762","20231013","2775","2839","2775","2812","2812.9292","110200","309984800","2775","2839","2775","2823","2823","2832","2797","2812"
"1764","20231013","2510","2510","2510","2510","2510","100","251000","2510","2510","2510","2510","-","-","-","-"
"1766","20231013","7870","7890","7790","7790","7826.4746","29500","230881000","7870","7890","7820","7850","7840","7860","7790","7790"
"1768","20231013","968","968","961","961","964.6341","4100","3955000","968","968","963","963","966","966","961","961"
"1770","20231013","1031","1031","1031","1031","1031","100","103100","1031","1031","1031","1031","-","-","-","-"
"1773","20231013","46","47","46","47","46.3077","13000","602000","46","46","46","46","47","47","46","47"
"1775","20231013","4330","4330","4260","4280","4300.7143","700","3010500","4330","4330","4285","4315","4260","4280","4260","4280"
"1776","20231013","1022","1022","1004","1004","1015.0952","6300","6395100","1022","1022","1012","1015","1020","1020","1004","1004"
"1780","20231013","1224","1228","1216","1217","1221.0255","15700","19170100","1224","1228","1220","1222","1228","1228","1216","1217"
"1783","20231013","48","49","46","47","47.244","1123400","53073900","48","49","47","48","48","48","46","47"
"1786","20231013","321","325","320","322","322.1772","517600","166758900","321","325","320","322","323","324","320","322"
"1787","20231013","5000","5000","5000","5000","5000","300","1500000","5000","5000","5000","5000","5000","5000","5000","5000"
"1788","20231013","3170","3170","3170","3170","3170","100","317000","-","-","-","-","3170","3170","3170","3170"
"1789","20231013","615","618","615","616","616.1765","1700","1047500","615","618","615","615","615","616","615","616"
"1793","20231013","2430","2480","2373","2480","2435","1200","2922000","2430","2430","2417","2417","2373","2480","2373","2480"
"1795","20231013","3380","3380","3355","3355","3371.6667","300","1011500","3380","3380","3380","3380","3380","3380","3355","3355"
"1798","20231013","2849","2849","2815","2815","2837.6667","300","851300","2849","2849","2849","2849","2815","2815","2815","2815"
"1799","20231013","1697","1702","1657","1666","1670.3529","1700","2839600","1697","1702","1683","1702","1697","1697","1657","1666"
"1801","20231013","5111","5170","5094","5112","5121.265","685000","3508066500","5111","5170","5094","5120","5121","5139","5096","5112"
"1802","20231013","1314","1318","1298","1313","1311.6321","2989000","3920468350","1314","1318","1298","1308","1305","1315","1304.5","1313"
"1803","20231013","1027","1035.5","1023.5","1033.5","1030.7232","2230700","2299234200","1027","1035.5","1023.5","1029.5","1029","1034.5","1028.5","1033.5"
"1805","20231013","1286","1300","1276","1278","1285.4813","80400","103352700","1286","1300","1282","1285","1283","1286","1276","1278"
"1807","20231013","2653","2665","2635","2656","2650.5385","1300","3445700","2653","2665","2635","2665","2663","2663","2641","2656"
"1808","20231013","1887.5","1891","1872.5","1883","1882.4643","751600","1414860200","1887.5","1891","1872.5","1881","1883","1884.5","1874.5","1883"
"1810","20231013","762","762","752","755","756.5673","34900","26404200","762","762","756","757","755","761","752","755"
"1811","20231013","3710","3715","3605","3605","3639.8795","8300","30211000","3710","3715","3610","3630","3630","3635","3605","3605"
"1812","20231013","2462.5","2462.5","2428","2439","2445.1549","1570300","3839626750","2462.5","2462.5","2428","2436","2440","2449.5","2430","2439"
"1813","20231013","2002","2040","2000","2008","2014.6996","84900","171048000","2002","2040","2002","2017","2017","2023","2000","2008"
"1814","20231013","1441","1447","1410","1416","1426.3901","36400","51920600","1441","1447","1420","1421","1416","1419","1410","1416"
"1815","20231013","2049","2049","2012","2013","2029.4299","10700","21714900","2049","2049","2030","2032","2028","2029","2012","2013"
"1820","20231013","3533","3555","3490","3493","3515.6072","254300","894018900","3533","3555","3525","3532","3522","3530","3490","3493"
"1821","20231013","387","387","378","381","382.7198","723500","276897800","387","387","382","382","382","383","378","381"
"1822","20231013","3870","3890","3815","3830","3848.8636","33000","127012500","3870","3890","3845","3865","3865","3865","3815","3830"
"1826","20231013","600","610","584","590","596.9475","45700","27280500","600","610","584","590","590","597","586","590"
"1827","20231013","400","400","389","391","393.9926","40700","16035500","400","400","394","394","394","395","389","391"
"1828","20231013","1430","1439","1403","1403","1419.0159","6300","8939800","1430","1439","1415","1415","1415","1431","1403","1403"
"1833","20231013","4405","4425","4365","4365","4391.2385","130000","570861000","4405","4425","4380","4400","4390","4405","4365","4365"
"1835","20231013","2903","2909","2860","2870","2880.038","71000","204482700","2903","2909","2883","2888","2887","2887","2860","2870"
"1840","20231013","242","243","234","234","236.6337","110300","26100700","242","243","239","240","240","240","234","234"
"1841","20231013","-","-","-","-","-","-","-","-","-","-","-","-","-","-","-"
"1844","20231013","184","184","180","181","181.8142","182500","33181100","184","184","182","183","183","183","180","181"
"1847","20231013","2035","2048","2014","2026","2029.539","15400","31254900","2035","2048","2030","2030","2028","2034","2014","2026"
"1848","20231013","457","459","456","456","456.8889","7200","3289600","457","457","456","456","456","459","456","456"
"1850","20231013","329","329","327","328","327.9474","1900","623100","329","329","328","328","328","328","327","328"
"1852","20231013","3595","3615","3575","3585","3592.9774","48700","174978000","3595","3615","3585","3595","3600","3600","3575","3585"
"1853","20231013","327","334","327","332","331.6","25500","8455800","327","334","327","333","333","333","330","332"
"1860","20231013","804","814.8","803","808.1","808.0801","639500","516767240","804","814.8","803","808.6","807.8","809","804.7","808.1"
"1861","20231013","3570","3625","3545","3590","3593.8193","133400","479415500","3570","3625","3545","3605","3600","3605","3585","3590"
"1866","20231013","2996","3030","2977","2997","2998.3333","9300","27884500","2996","3030","2977","2995","3010","3010","2986","2997"
"1867","20231013","1442","1450","1411","1421","1429.4771","10900","15581300","1442","1450","1434","1434","1436","1436","1411","1421"
"1870","20231013","1266","1276","1253","1258","1264.6201","35800","45273400","1266","1276","1260","1267","1266","1269","1253","1258"
"1871","20231013","812","816","805","806","810.1056","83300","67481800","812","816","810","810","809","810","805","806"
"1873","20231013","372","372","369","370","370.8508","231300","85777800","372","372","370","370","370","371","369","370"
"1878","20231013","15660","15715","15565","15700","15650.2936","207800","3252131000","15660","15705","15565","15575","15610","15715","15575","15700"
"1879","20231013","1226","1227","1200","1203","1213.3673","56900","69040600","1226","1227","1213","1215","1212","1215","1200","1203"
"1882","20231013","5210","5280","5190","5200","5219.9487","19500","101789000","5210","5280","5190","5210","5230","5230","5190","5200"
"1884","20231013","1891","1905","1870","1876","1882.9475","61000","114859800","1891","1905","1880","1886","1886","1889","1870","1876"
"1885","20231013","3640","3650","3575","3590","3614.2332","63900","230949500","3640","3650","3610","3615","3605","3605","3575","3590"
"1887","20231013","641","645","633","635","638.8757","112600","71937400","641","645","640","642","640","640","633","635"
"1888","20231013","2968","2973","2911","2930","2942.6682","22000","64738700","2968","2973","2946","2946","2951","2951","2911","2930"
"1890","20231013","1222","1229","1217","1229","1224.052","278600","341020900","1222","1227","1217","1223","1223","1229","1222","1229"
"1893","20231013","866.5","871.3","861.5","865","866.5398","741700","642712590","866.5","871.3","863.6","869.2","868","869.7","861.5","865"
"1897","20231013","2753","2764","2753","2764","2756.6667","600","1654000","-","-","-","-","2753","2764","2753","2764"
"1898","20231013","1560","1574","1557","1563","1564.9396","244900","383253700","1560","1574","1557","1565","1564","1568","1558","1563"
"1899","20231013","4790","4820","4780","4805","4797.1324","6800","32620500","4790","4820","4790","4795","4790","4805","4780","4805"
"1904","20231013","2406","2421","2371","2420","2401.0656","6100","14646500","2406","2421","2371","2393","2416","2420","2398","2420"
"1905","20231013","1084","1085","1077","1077","1083.8148","2700","2926300","1084","1085","1084","1085","1077","1077","1077","1077"
"1909","20231013","2170","2175","2130","2140","2146.5455","11000","23612000","2170","2175","2140","2140","2132","2142","2130","2140"
"1911","20231013","3697","3733","3633","3638","3672.4911","1080500","3968126600","3697","3733","3686","3686","3683","3683","3633","3638"
"1914","20231013","477","477","465","465","471.8828","23900","11278000","477","477","472","472","472","472","465","465"
"1921","20231013","566","571","566","571","567.9848","46000","26127300","566","571","566","568","567","571","566","571"
"1925","20231013","4091","4097","3995","4012","4038.9264","1721800","6954223500","4091","4097","4020","4020","4019","4024","3995","4012"
"1926","20231013","1970","1982","1957","1969","1966.5901","179300","352609600","1970","1982","1961","1961","1962","1970","1957","1969"
"1928","20231013","2838.5","2862","2835.5","2846","2846.0932","1952800","5557850750","2838.5","2862","2835.5","2847","2851","2854.5","2839","2846"
"1929","20231013","1062","1072","1053","1058","1061.4753","38500","40866800","1062","1072","1062","1067","1067","1067","1053","1058"
"1930","20231013","991","999","978","985","988.8394","21800","21556700","991","999","991","992","995","995","978","985"
"1934","20231013","949","950","928","933","938.5288","62400","58564200","949","950","938","940","937","939","928","933"
"1938","20231013","1294","1305","1284","1292","1293.3287","28600","36989200","1294","1305","1288","1294","1294","1296","1284","1292"
"1939","20231013","2918","2933","2902","2907","2914.3455","22000","64115600","2918","2933","2902","2905","2905","2923","2902","2907"
"1941","20231013","2376","2376","2352","2356","2362.4903","56500","133480700","2376","2376","2358","2360","2361","2368","2352","2356"
"1942","20231013","1317","1331","1304","1310","1314.549","534600","702757900","1317","1331","1314","1318","1316","1323","1304","1310"
"1944","20231013","2133","2140","2085.5","2096.5","2108.3405","417500","880232150","2133","2140","2107","2107","2109","2122","2085.5","2096.5"
"1945","20231013","970","971","955","959","963.0708","24000","23113700","970","971","964","964","964","967","955","959"
"1946","20231013","4080","4095","4045","4075","4073.087","11500","46840500","4080","4095","4070","4080","4080","4095","4045","4075"
"1948","20231013","4835","4845","4835","4845","4840","200","968000","4835","4835","4835","4835","4845","4845","4845","4845"
"1949","20231013","2700","2706","2658","2661","2679.3431","27400","73414000","2700","2706","2680","2680","2680","2681","2658","2661"
"1950","20231013","2042","2063","2017","2023","2030.7052","58000","117780900","2042","2063","2038","2038","2031","2038","2017","2023"
"1951","20231013","3043","3079","3039","3064","3064.3358","260600","798565900","3043","3079","3039","3068","3070","3074","3059","3064"
"1952","20231013","2364","2366","2329","2342","2346.0862","17400","40821900","2364","2366","2343","2351","2351","2352","2329","2342"
"1959","20231013","4460","4531","4449","4477","4476.2981","255600","1144141800","4460","4531","4454","4485","4489","4494","4449","4477"
"1960","20231013","686","686","685","685","685.8571","700","480100","686","686","685","685","-","-","-","-"
"1961","20231013","1609","1620","1603","1613","1610.5737","138400","222903400","1609","1620","1605","1607","1606","1613","1603","1613"
"1963","20231013","1951","1951.5","1898","1913.5","1922.4359","1566700","3011880400","1951","1951.5","1898","1900.5","1903","1921.5","1903","1913.5"
"1964","20231013","2224","2237","2180","2180","2205.619","14700","32422600","2224","2237","2203","2203","2201","2203","2180","2180"
"1965","20231013","1305","1306","1294","1305","1301.5965","11400","14838200","1305","1305","1294","1299","1302","1306","1295","1305"
"1966","20231013","995","996","982","994","992.6","14000","13896400","995","995","982","994","992","996","989","994"
"1967","20231013","888","890","879","889","884.2306","56800","50224300","888","888","879","884","880","890","880","889"
"1968","20231013","4050","4100","4005","4025","4042.1053","13300","53760000","4050","4100","4050","4085","4075","4075","4005","4025"
"1969","20231013","2813","2834","2775","2780","2804.3788","139400","390930400","2813","2834","2792","2814","2804","2818","2775","2780"
"1971","20231013","546","551","544","544","545.5455","3300","1800300","546","551","546","551","548","548","544","544"
"1972","20231013","4130","4130","4090","4095","4105.4245","10600","43517500","4130","4130","4100","4105","4105","4110","4090","4095"
"1973","20231013","2018","2039","1979","1986","2000.9713","261500","523254000","2018","2039","2009","2009","2008","2010","1979","1986"
"1975","20231013","2462","2466","2417","2427","2442.0915","14200","34677700","2462","2466","2443","2443","2456","2456","2417","2427"
"1976","20231013","1040","1046","1023","1027","1033.2043","92000","95054800","1040","1046","1034","1034","1034","1038","1023","1027"
"1979","20231013","4515","4535","4445","4455","4483.0049","41100","184251500","4515","4535","4495","4495","4490","4500","4445","4455"
"1980","20231013","1488","1494","1468","1476","1478.2222","33300","49224800","1488","1494","1480","1480","1478","1480","1468","1476"
"1981","20231013","-","-","-","-","-","-","-","-","-","-","-","-","-","-","-"
"1982","20231013","2261","2275","2218","2230","2235.9859","28400","63502000","2261","2275","2230","2230","2230","2232","2218","2230"
"1992","20231013","1740","1740","1727","1727","1733.5","200","346700","1740","1740","1740","1740","1727","1727","1727","1727"
"1994","20231013","521","521","512","518","518.1536","31900","16529100","521","521","512","515","515","520","515","518"
"1997","20231013","1434","1434","1410","1421","1421.1429","1400","1989600","1434","1434","1410","1413","1415","1421","1415","1421"
"2001","20231013","2179","2191","2167","2174","2177.5976","199800","435084000","2179","2191","2167","2184","2181","2185","2170","2174"
"2002","20231013","1832","1832.5","1798.5","1827.5","1822.2587","1447800","2638266100","1832","1832.5","1798.5","1820.5","1819.5","1829.5","1818","1827.5"
"2003","20231013","4840","4890","4825","4845","4851.0417","2400","11642500","4840","4885","4825","4865","4890","4890","4845","4845"
"2004","20231013","3015","3020","2991","2992","3001.9015","26400","79250200","3015","3020","3005","3010","3000","3010","2991","2992"
"2009","20231013","677","680","673","676","676.2873","36200","24481600","677","680","676","676","677","678","673","676"
"2053","20231013","1092","1097","1080","1084","1088.8973","33100","36042500","1092","1097","1089","1089","1088","1090","1080","1084"
"2055","20231013","265","270","264","270","266.6122","4900","1306400","265","265","264","265","266","270","266","270"
"2060","20231013","768","768","758","762","763.0775","52900","40366800","768","768","762","763","762","764","758","762"
"2107","20231013","1890","1911","1875","1881","1889.4981","51600","97498100","1890","1911","1884","1884","1877","1895","1875","1881"
"2108","20231013","1887","1888","1865","1865","1873.6176","13600","25481200","1887","1888","1870","1872","1868","1874","1865","1865"
"2109","20231013","2940","2949","2903","2924","2922.9534","51500","150532100","2940","2949","2915","2916","2916","2935","2903","2924"
"2112","20231013","246","246","242","243","243.7915","101700","24793600","246","246","242","243","243","244","243","243"
"2114","20231013","951","952","922","922","933.7534","51500","48088300","951","952","932","935","933","935","922","922"
"2117","20231013","2013","2019","2005","2010","2010.8272","24300","48863100","2013","2019","2009","2010","2013","2013","2005","2010"
"2120","20231013","228","229","225","226","227.4538","362700","82497500","228","229","226","228","228","228","225","226"
"2121","20231013","2275","2279","2242","2247","2256.2969","233400","526619700","2275","2279","2258","2258","2258","2258","2242","2247"
"2122","20231013","921","931","916","925","920.234","4700","4325100","921","931","921","931","916","928","916","925"
"2124","20231013","2489","2489","2414","2427","2439.0827","176600","430742000","2489","2489","2441","2442","2439","2450","2414","2427"
"2127","20231013","690.5","691.7","664.2","666.4","672.5182","6528800","4390736510","690.5","691.7","667.2","667.2","667","668.1","664.2","666.4"
"2130","20231013","1175","1181","1158","1161","1167.2224","59800","69799900","1175","1181","1163","1168","1169","1170","1158","1161"
"2134","20231013","23","24","22","23","22.9878","1143600","26288900","23","23","22","23","24","24","23","23"
"2136","20231013","1109","1110","1083","1110","1102.7333","1500","1654100","1109","1109","1083","1091","1093","1110","1093","1110"
"2138","20231013","962","975","952","970","962.9023","168900","162634200","962","970","952","962","962","975","954","970"
"2139","20231013","427","427","421","421","423.4167","2400","1016200","427","427","422","422","423","424","421","421"
"2146","20231013","2154","2163","2122","2126","2137.9076","340900","728812700","2154","2163","2125","2137","2130","2140","2122","2126"
"2148","20231013","1142","1144","1116","1120","1128.5212","37800","42658100","1142","1144","1129","1129","1129","1129","1116","1120"
"2150","20231013","895","906","881","881","888.5931","161200","143241200","895","906","890","892","891","891","881","881"
"2152","20231013","1230","1233","1229","1233","1229.9412","1700","2090900","1230","1231","1229","1231","1230","1233","1229","1233"
"2153","20231013","1606","1606","1539","1541","1568.934","160700","252127700","1606","1606","1553","1555","1553","1553","1539","1541"
"2154","20231013","1911","1912","1878","1880","1888.8933","234400","442756600","1911","1912","1887","1891","1886","1892","1878","1880"
"2156","20231013","301","301","300","300","300.6","500","150300","301","301","300","300","300","300","300","300"
"2157","20231013","1061","1114","1057","1111","1098.1437","1704100","1871346600","1061","1109","1057","1097","1100","1114","1096","1111"
"2158","20231013","635","635","618","618","623.7404","211900","132170600","635","635","620","620","620","622","618","618"
"2160","20231013","2164","2181","2113","2129","2142.383","2030500","4350108600","2164","2181","2113","2149","2150","2172","2114","2129"
"2162","20231013","416","416","401","401","405.2052","68700","27837600","416","416","406","408","407","407","401","401"
"2163","20231013","1706","1706","1674","1684","1685.5212","49500","83433300","1706","1706","1678","1681","1685","1687","1674","1684"
"2164","20231013","377","378","372","372","375.0769","1300","487600","377","378","372","378","374","374","372","372"
"2168","20231013","1585","1585","1518","1521","1535.8544","204000","313314300","1585","1585","1530","1532","1532","1533","1518","1521"
"2169","20231013","1700","1703","1692","1699","1697.9652","11500","19526600","1700","1703","1700","1700","1702","1702","1692","1699"
"2170","20231013","409","410","398","399","402.8183","487700","196454500","409","410","403","405","404","404","398","399"
"2173","20231013","619","619","611","617","615.625","3200","1970000","619","619","615","617","616","617","611","617"
"2175","20231013","2472.5","2473","2415.5","2435.5","2435.5354","540200","1315676200","2472.5","2473","2424.5","2434","2433","2438","2415.5","2435.5"
"2179","20231013","715","715","709","712","712.5","600","427500","715","715","709","709","712","712","712","712"
"2180","20231013","823","825","794","794","805.3764","34800","28027100","823","825","800","800","796","801","794","794"
"2181","20231013","244","244.3","239.4","239.6","240.5916","10272000","2471356710","244","244.3","239.8","240.2","240.7","241.4","239.4","239.6"
"2183","20231013","637","637","613","615","624.6541","63600","39728000","637","637","626","626","626","626","613","615"
"2185","20231013","1345","1360","1343","1353","1352.2174","2300","3110100","1345","1346","1343","1343","1360","1360","1347","1353"
"2186","20231013","996","996","991","994","993.0455","2200","2184700","996","996","991","993","993","994","991","994"
"2193","20231013","116","117","113","115","114.954","549700","63190200","116","117","113","114","115","115","113","115"
"2195","20231013","703","710","695","697","700.3558","10400","7283700","703","710","699","700","702","702","695","697"
"2196","20231013","304","316","296","297","301.1048","105000","31616000","304","306","301","302","303","316","296","297"
"2198","20231013","710","710","697","698","704.8849","127700","90013800","710","710","704","705","705","705","697","698"
"2201","20231013","5258","5326","5233","5297","5293.0816","197300","1044325000","5258","5314","5233","5300","5300","5326","5277","5297"
"2204","20231013","3085","3085","3070","3070","3078.2143","2800","8619000","3085","3085","3075","3075","3075","3075","3070","3070"
"2206","20231013","4120","4136","4106","4125","4121.1915","196900","811462600","4120","4136","4110","4110","4106","4128","4106","4125"
"2207","20231013","1606","1606","1597","1604","1600.7692","31200","49944000","1606","1606","1597","1601","1601","1605","1597","1604"
"2208","20231013","2325","2337","2309","2313","2320.6667","1800","4177200","2325","2337","2309","2337","2317","2322","2313","2313"
"2209","20231013","2300","2300","2261","2271","2275.6095","21000","47787800","2300","2300","2270","2274","2274","2278","2261","2271"
"2211","20231013","2485","2488","2461","2471","2473.5383","60000","148412300","2485","2488","2469","2470","2470","2473","2461","2471"
"2212","20231013","2635.5","2650.5","2612","2618","2627.3861","540500","1420102200","2635.5","2650.5","2620.5","2629","2627.5","2639","2612","2618"
"2215","20231013","453","467","449","466","458.808","22400","10277300","453","458","449","457","457","467","454","466"
"2216","20231013","2060","2060","2008","2026","2023.1672","29300","59278800","2060","2060","2011","2024","2018","2026","2008","2026"
"2217","20231013","3680","3690","3655","3665","3671.2143","7000","25698500","3680","3690","3675","3690","3690","3690","3655","3665"
"2220","20231013","4085","4095","4055","4070","4068.7041","43600","177395500","4085","4095","4065","4065","4065","4070","4055","4070"
"2221","20231013","5100","5140","5100","5100","5112.5","400","2045000","-","-","-","-","5100","5140","5100","5100"
"2222","20231013","2302","2306","2269","2286","2289.5657","625900","1433039200","2302","2306","2269","2293","2296","2303","2276","2286"
"2224","20231013","2755","2758","2753","2758","2754.6","1500","4131900","2755","2757","2753","2757","2757","2758","2757","2758"
"2226","20231013","8370","8490","8300","8300","8374.6154","3900","32661000","8370","8460","8360","8460","8490","8490","8300","8300"
"2229","20231013","2708","2719","2695.5","2707.5","2703.5805","479400","1296096500","2708","2719","2698.5","2699","2699","2709","2695.5","2707.5"
"2264","20231013","5472","5486","5411","5429","5442.0739","148800","809780600","5472","5486","5411","5441","5445","5459","5415","5429"
"2266","20231013","1380","1380","1361","1365","1371.2925","10600","14535700","1380","1380","1365","1365","1365","1369","1361","1365"
"2267","20231013","3664","3681","3618","3629","3635.8755","1030300","3746042500","3664","3681","3618","3633","3630","3638","3619","3629"
"2268","20231013","4145","4145","4135","4145","4141.1765","1700","7040000","4145","4145","4135","4140","4140","4145","4135","4145"
"2269","20231013","3680","3690","3656","3683","3679.4879","772900","2843876200","3680","3690","3656","3676","3684","3688","3670","3683"
"2270","20231013","2267","2276","2246","2252","2258.492","87000","196488800","2267","2276","2258","2262","2265","2266","2246","2252"
"2281","20231013","2334","2335","2307","2319","2322.2922","111900","259864500","2334","2335","2307","2323","2319","2326","2311","2319"
"2282","20231013","4366","4378","4337","4359","4359.7527","474400","2068266700","4366","4378","4337","4357","4352","4368","4345","4359"
"2286","20231013","559","559","542","544","548.8797","13300","7300100","559","559","552","554","554","554","542","544"
"2288","20231013","1620","1621","1598","1604","1609.2757","61300","98648600","1620","1621","1606","1606","1605","1607","1598","1604"
"2291","20231013","1478","1482","1478","1478","1479.5","1600","2367200","1478","1478","1478","1478","1482","1482","1478","1478"
"2292","20231013","3505","3515","3260","3285","3337.8688","110500","368834500","3505","3515","3285","3310","3310","3315","3260","3285"
"2293","20231013","3105","3135","3105","3135","3115","300","934500","3105","3105","3105","3105","3135","3135","3135","3135"
"2294","20231013","2450","2455","2437","2439","2445.7353","13600","33262000","2450","2455","2443","2450","2450","2450","2437","2439"
"2296","20231013","4000","4035","3980","4020","4014.774","88500","355307500","4000","4035","3980","4025","3990","4025","3990","4020"
"2300","20231013","480","484","480","482","482.2632","1900","916300","480","484","480","482","482","483","482","482"
"2301","20231013","1841","1841","1785","1787","1800.9355","156700","282206600","1841","1841","1795","1800","1800","1801","1785","1787"
"2303","20231013","1929","1964","1906","1906","1935.7447","9400","18196000","1929","1964","1929","1937","1935","1935","1906","1906"
"2304","20231013","785","785","757","763","765.2654","16200","12397300","785","785","775","775","775","775","757","763"
"2305","20231013","2040","2040","1999","2002","2009.3842","106200","213396600","2040","2040","2005","2006","2007","2011","1999","2002"
"2307","20231013","1019","1019","1001","1002","1007.1733","22500","22661400","1019","1019","1002","1004","1009","1009","1001","1002"
"2309","20231013","1704","1704","1669","1677","1682.0988","60700","102103400","1704","1704","1680","1680","1680","1681","1669","1677"
"2311","20231013","773","773","761","765","767.4839","24800","19033600","773","773","766","766","766","769","761","765"
"2315","20231013","53","54","52","53","52.8117","654800","34581100","53","54","53","53","52","53","52","53"
"2317","20231013","261","262","253","253","256.5443","2410400","618374500","261","262","255","256","256","256","253","253"
"2321","20231013","94","95","91","91","92.2297","77500","7147800","94","95","93","93","93","93","91","91"
"2323","20231013","704","769","695","761","748.7885","633600","474432400","704","769","695","759","764","767","737","761"
"2325","20231013","2866","2866","2819","2819","2837.7553","9400","26674900","2866","2866","2845","2845","2846","2846","2819","2819"
"2326","20231013","4405","4435","4345","4370","4378.9695","65500","286822500","4405","4435","4370","4390","4390","4390","4345","4370"
"2327","20231013","4200","4220","4130","4140","4162.5253","187900","782138500","4200","4220","4160","4180","4180","4185","4130","4140"
"2329","20231013","1239","1239","1197","1198","1211.5126","19900","24109100","1239","1239","1222","1222","1222","1222","1197","1198"
"2330","20231013","76","76","74","74","74.9538","26000","1948800","76","76","74","75","75","75","74","74"
"2331","20231013","870.7","875","860.5","863.9","866.0558","1340700","1161121040","870.7","875","867","867","866","868.4","860.5","863.9"
"2332","20231013","1211","1217","1190","1197","1204.9333","4500","5422200","1211","1217","1206","1208","1207","1207","1190","1197"
"2334","20231013","1608","1608","1526","1539","1544.6091","46300","71515400","1608","1608","1535","1547","1547","1558","1526","1539"
"2335","20231013","1094","1101","1086","1088","1092.4605","21500","23487900","1094","1101","1094","1095","1099","1099","1086","1088"
"2337","20231013","342","352","337","340","341.9694","2425200","829344300","342","352","338","338","337","340","337","340"
"2338","20231013","2295","2400","2200","2278","2289.8791","375400","859620600","2295","2400","2242","2264","2214","2307","2200","2278"
"2340","20231013","397","397","388","393","392.0322","99400","38968000","397","397","390","392","392","393","388","393"
"2341","20231013","142","142","139","141","140.8083","428700","60364500","142","142","139","140","140","141","139","141"
"2342","20231013","274","276","273","276","274.2924","17100","4690400","274","276","274","275","275","276","273","276"
"2344","20231013","760","765","760","761","763.8246","11400","8707600","760","765","760","765","765","765","761","761"
"2345","20231013","365","381","351","356","364.4071","2472900","901142200","365","381","353","368","366","370","351","356"
"2349","20231013","-","-","-","-","-","-","-","-","-","-","-","-","-","-","-"
"2351","20231013","585","703","563","703","660.9476","881800","582823600","585","605","563","578","577","703","577","703"
"2353","20231013","205","206","202","202","204.0529","2556300","521620400","205","206","203","205","205","205","202","202"
"2354","20231013","813","822","781","790","795.7919","414200","329617000","813","822","791","794","798","798","781","790"
"2359","20231013","1695","1695","1667","1669","1677.8961","7700","12919800","1695","1695","1682","1682","1682","1695","1667","1669"
"2370","20231013","46","47","46","46","46.3867","263000","12199700","46","47","46","46","47","47","46","46"
"2371","20231013","1426.5","1427","1376.5","1380","1393.7467","1625600","2265674600","1426.5","1427","1385","1393","1394.5","1398","1376.5","1380"
"2372","20231013","1793","1793","1762","1763","1774.0354","39500","70074400","1793","1793","1774","1774","1782","1782","1762","1763"
"2373","20231013","762","766","762","766","764.3304","11500","8789800","762","765","762","765","765","766","763","766"
"2374","20231013","852","852","833","835","840.2281","32000","26887300","852","852","841","841","838","841","833","835"
"2375","20231013","1060","1142","849","908","994.499","13495700","13421460300","1060","1142","861","1002","1003","1060","849","908"
"2376","20231013","810","811","761","762","777.7977","44000","34223100","810","811","775","778","780","780","761","762"
"2378","20231013","871","872","862","864","866.3571","72800","63070800","871","872","866","867","867","867","862","864"
"2379","20231013","3530","3530","3350","3360","3404.392","487700","1660322000","3530","3530","3395","3410","3405","3415","3350","3360"
"2384","20231013","2666","2666","2603","2614","2629.0719","104300","274212200","2666","2666","2633","2635","2634","2634","2603","2614"
"2385","20231013","219","220","217","217","218.2778","30600","6679300","219","220","218","219","218","218","217","217"
"2388","20231013","122","122","119","119","120.4097","228700","27537700","122","122","120","121","121","121","119","119"
"2389","20231013","994","1000","986","990","991.6881","31100","30841500","994","1000","991","992","990","992","986","990"
"2391","20231013","1226","1226","1218","1225","1221.28","2500","3053200","1226","1226","1218","1219","1222","1225","1219","1225"
"2393","20231013","1690","1694","1674","1680","1684.7073","4100","6907300","1690","1694","1681","1685","1688","1689","1674","1680"
"2395","20231013","1806","1810","1753","1757","1770.8281","253100","448196600","1806","1810","1759","1764","1761","1767","1753","1757"
"2397","20231013","731","739","730","732","733.6529","12100","8877200","731","737","730","732","733","739","730","732"
"2402","20231013","299","299","293","296","296.2833","12000","3555400","299","299","296","296","297","297","293","296"
"2404","20231013","361","361","356","357","358.5106","4700","1685000","361","361","358","359","360","360","356","357"
"2408","20231013","599","616","587","603","598.9227","703400","421282200","599","616","587","597","598","603","591","603"
"2410","20231013","1792","1797","1751","1775","1770.2424","55700","98602500","1792","1797","1751","1762","1767","1779","1762","1775"
"2411","20231013","384","385","380","384","382.5076","26200","10021700","384","385","381","381","381","384","380","384"
"2412","20231013","991.1","991.1","951.7","960.8","962.3094","1418700","1365228310","991.1","991.1","955.1","961.7","962.3","965.5","951.7","960.8"
"2413","20231013","2634.5","2698","2585","2592.5","2624.3695","3581000","9397867150","2634.5","2698","2606","2617","2610","2628","2585","2592.5"
"2415","20231013","1027","1040","1023","1023","1026.5769","2600","2669100","1027","1040","1027","1030","1030","1030","1023","1023"
"2418","20231013","402","402","392","393","397.0144","174000","69080500","402","402","396","396","397","397","392","393"
"2424","20231013","642","642","620","623","626.7883","44400","27829400","642","642","624","625","625","626","620","623"
"2425","20231013","719","719","713","715","717.8182","2200","1579200","719","719","714","714","713","715","713","715"
"2427","20231013","1140","1140.5","1111.5","1127","1124.8842","1142800","1285517700","1140","1140.5","1111.5","1114.5","1115","1130","1111.5","1127"
"2428","20231013","550","551","532","535","542.4744","187400","101659700","550","551","544","544","544","545","532","535"
"2429","20231013","2402","2403","2360","2365","2377.0948","81200","193020100","2402","2403","2374","2375","2375","2375","2360","2365"
"2432","20231013","1460.5","1462","1439.5","1443.5","1447.6013","462900","670094650","1460.5","1462","1441","1444.5","1442","1445.5","1439.5","1443.5"
"2433","20231013","1237","1269","1230.5","1259","1257.3496","1519200","1910165450","1237","1264","1230.5","1250.5","1252","1269","1247.5","1259"
"2435","20231013","250","254","247","248","249.9212","96500","24117400","250","254","247","254","252","254","248","248"
"2436","20231013","561","561","558","558","558.76","5000","2793800","561","561","560","560","558","560","558","558"
"2437","20231013","605","613","574","575","588.5754","292500","172158300","605","613","579","585","586","586","574","575"
"2438","20231013","629","631","609","609","615.6818","156200","96169500","629","631","610","616","616","616","609","609"
"2440","20231013","307","308","298","299","301.3152","196400","59178300","307","308","301","302","301","302","298","299"
"2445","20231013","500","502","495","496","497.892","70400","35051600","500","502","495","499","501","501","495","496"
"2449","20231013","1027","1030","992","999","1005.0329","48600","48844600","1027","1030","997","997","999","1002","992","999"
"2453","20231013","659","660","640","641","647.953","93700","60713200","659","660","645","646","647","647","640","641"
"2454","20231013","474","475","471","471","472.9007","14100","6667900","474","475","472","473","472","473","471","471"
"2459","20231013","152","154","151","154","152.4578","33200","5061600","152","153","151","152","152","154","151","154"
"2461","20231013","397","399","395","395","396.534","89700","35569100","397","399","396","397","397","397","395","395"
"2462","20231013","1421","1421","1364","1373","1383.9634","292300","404532500","1421","1421","1372","1372","1373","1380","1364","1373"
"2464","20231013","390","390","380","384","383.8938","38600","14818300","390","390","382","384","384","384","380","384"
"2468","20231013","243","258","241","243","247.9745","50900","12621900","243","258","241","249","246","248","242","243"
"2469","20231013","1575","1648","1520","1520","1550.0357","8400","13020300","1575","1648","1551","1551","1552","1553","1520","1520"
"2471","20231013","356","359","338","341","345.2035","2049500","707494500","356","359","339","340","340","342","338","341"
"2475","20231013","2032","2041","2016","2022","2023.4015","13200","26708900","2032","2041","2023","2023","2021","2022","2016","2022"
"2477","20231013","2161","2161","2046","2054","2079.9305","93500","194473500","2161","2161","2070","2078","2071","2076","2046","2054"
"2479","20231013","245","245","239","239","240.7817","70100","16878800","245","245","240","240","241","241","239","239"
"2480","20231013","-","-","-","-","-","-","-","-","-","-","-","-","-","-","-"
"2481","20231013","640","642","639","642","639.75","800","511800","640","640","640","640","639","642","639","642"
"2483","20231013","1931","1931","1911","1916","1917.5","2400","4602000","1931","1931","1911","1914","1912","1919","1912","1916"
"2484","20231013","376","384","367","376","376.516","2097200","789629300","376","381","367","376","378","384","375","376"
"2485","20231013","451","451","445","447","447.3612","40700","18207600","451","451","447","447","448","449","445","447"
"2487","20231013","1260","1271","1260","1265","1264.6923","2600","3288200","1260","1270","1260","1270","1271","1271","1262","1265"
"2488","20231013","920","934","900","902","910.9667","27000","24596100","920","934","908","908","908","909","900","902"
"2489","20231013","551","551","539","542","543.9817","43800","23826400","551","551","544","545","545","545","539","542"
"2491","20231013","1226","1228","1195","1203","1206.3217","207000","249708600","1226","1228","1206","1208","1206","1207","1195","1203"
"2492","20231013","390","394","376","377","383.3574","1161400","445231300","390","394","383","383","383","383","376","377"
"2493","20231013","850","852","846","850","849.8333","4800","4079200","850","852","846","850","850","851","850","850"
"2497","20231013","931","941","916","916","929.1731","84900","78886800","931","941","929","929","930","930","916","916"
"2498","20231013","2631","2650","2631","2634","2640.1875","1600","4224300","2631","2650","2631","2643","2650","2650","2634","2634"
"2499","20231013","340","340","338","340","339.5269","9300","3157600","340","340","338","340","339","340","339","340"
"2501","20231013","5000","5010","4964","4995","4995.0693","340400","1700321600","5000","5010","4964","4995","4983","5006","4983","4995"
"2502","20231013","5533","5600","5526","5562","5555.3724","1390300","7723634200","5533","5600","5526","5532","5547","5569","5547","5562"
"2503","20231013","2100","2110.5","2090","2097.5","2098.6601","2180300","4575708650","2100","2110.5","2093","2093","2090","2100","2090","2097.5"
"2531","20231013","1252","1255","1233.5","1236.5","1244.1148","651300","810292000","1252","1255","1239.5","1242","1242","1244.5","1233.5","1236.5"
"2533","20231013","410","411","394","396","401.1517","148300","59490800","410","411","401","401","401","401","394","396"
"2540","20231013","1844","1844","1823","1828","1831.439","12300","22526700","1844","1844","1829","1829","1830","1830","1823","1828"
"2573","20231013","2650","2654","2615","2626","2634.3408","17900","47154700","2650","2654","2617","2630","2630","2630","2615","2626"
"2579","20231013","1832.5","1861","1826.5","1845","1845.6023","698500","1289153200","1832.5","1855","1826.5","1850","1846.5","1861","1842","1845"
"2585","20231013","3335","3415","3305","3375","3374.5107","154300","520687000","3335","3415","3305","3405","3395","3395","3360","3375"
"2586","20231013","73","75","72","74","73.9229","177800","13143500","73","74","72","73","74","75","73","74"
"2587","20231013","4427","4453","4396","4434","4429.4756","742700","3289771500","4427","4453","4396","4422","4422","4446","4422","4434"
"2588","20231013","2847","2888","2847","2887","2867.6","1500","4301400","2847","2866","2847","2859","2885","2888","2865","2887"
"2590","20231013","5500","5550","5440","5440","5478.3152","18400","100801000","5500","5550","5480","5480","5480","5500","5440","5440"
"2593","20231013","4606","4628","4567","4582","4592.2787","260500","1196288600","4606","4628","4586","4586","4586","4603","4567","4582"
"2594","20231013","1990","1991","1981","1985","1985.9758","66200","131471600","1990","1991","1986","1987","1986","1986","1981","1985"
"2597","20231013","945","949","944","946","945.5432","8100","7658900","945","949","945","945","945","947","944","946"
"2599","20231013","1101","1103","1095","1098","1098.1471","3400","3733700","1101","1101","1095","1097","1103","1103","1096","1098"
"2602","20231013","4000","4020","3915","3920","3959.3867","96200","380893000","4000","4020","3980","3980","3980","3980","3915","3920"
"2607","20231013","2227","2227","2208","2219","2217.4509","122100","270750750","2227","2227","2208","2220.5","2219","2222","2208","2219"
"2612","20231013","3455","3475","3440","3450","3451.7442","8600","29685000","3455","3465","3455","3465","3475","3475","3440","3450"
"2613","20231013","1756","1765","1727","1732","1738.7111","62300","108321700","1756","1765","1738","1739","1735","1739","1727","1732"
"2651","20231013","6668","6718","6585","6718","6672.2293","939100","6265890500","6668","6687","6585","6671","6665","6718","6622","6718"
"2652","20231013","1575","1575","1514","1519","1534.3406","82500","126583100","1575","1575","1530","1530","1530","1533","1514","1519"
"2653","20231013","2381","2382","2328","2350","2351.5","13800","32450700","2381","2382","2328","2350","2340","2350","2336","2350"
"2654","20231013","348","348","342","342","344.1111","1800","619400","348","348","345","345","346","346","342","342"
"2656","20231013","320","330","258","263","298.2547","2522300","752287800","320","330","271","274","274","276","258","263"
"2659","20231013","4965","4965","4790","4790","4853.2301","96900","470278000","4965","4965","4850","4850","4835","4845","4790","4790"
"2664","20231013","2480","2490","2463","2480","2475.8372","43600","107946500","2480","2490","2468","2480","2481","2484","2463","2480"
"2666","20231013","172","172","169","169","170.912","73900","12630400","172","172","171","171","171","172","169","169"
"2667","20231013","621","624","600","600","606.9281","116900","70949900","621","624","606","607","607","607","600","600"
"2668","20231013","1143","1149","1132","1143","1139.5","2000","2279000","1143","1143","1132","1132","1149","1149","1135","1143"
"2669","20231013","3005","3010","2993","2997","3002.0926","5400","16211300","3005","3010","2993","3005","3005","3010","2996","2997"
"2670","20231013","2469","2489.5","2415","2415.5","2436.8721","2025800","4936615450","2469","2489.5","2430","2430","2430","2438","2415","2415.5"
"2673","20231013","111","112","111","111","111.1204","10800","1200100","111","111","111","111","112","112","111","111"
"2674","20231013","1470","1475","1432","1433","1446.2689","56900","82292700","1470","1475","1438","1440","1442","1445","1432","1433"
"2676","20231013","3245","3280","3215","3230","3245.4279","22200","72048500","3245","3280","3235","3255","3265","3265","3215","3230"
"2678","20231013","1941","1952","1933","1944","1941.1382","186000","361051700","1941","1952","1933","1943","1946","1950","1933","1944"
"2681","20231013","2301","2315","2253","2267","2275.1617","282000","641595600","2301","2315","2265","2279","2270","2277","2253","2267"
"2683","20231013","1105","1110","1105","1107","1106.3636","2200","2434000","1105","1110","1105","1108","1106","1107","1106","1107"
"2685","20231013","3120","3120","3025","3045","3064.313","285300","874248500","3120","3120","3060","3070","3065","3080","3025","3045"
"2686","20231013","279","280","278","278","278.6972","10900","3037800","279","280","278","279","279","279","278","278"
"2687","20231013","700","717","688","707","701.748","184500","129472500","700","717","691","692","694","712","688","707"
"2689","20231013","1821","1830","1820","1825","1825.2143","4200","7665900","1821","1829","1820","1822","1829","1830","1821","1825"
"2692","20231013","6480","6550","6400","6440","6461.1594","13800","89164000","6480","6550","6430","6440","6420","6460","6400","6440"
"2693","20231013","287","289","285","285","287.4865","14800","4254800","287","289","285","289","288","289","285","285"
"2694","20231013","73","73","72","72","72.9055","158800","11577400","73","73","72","73","73","73","72","72"
"2695","20231013","3370","3370","3330","3335","3342.9196","72100","241024500","3370","3370","3340","3340","3330","3355","3330","3335"
"2698","20231013","2475","2475","2434","2440","2448.0977","26600","65119400","2475","2475","2439","2439","2439","2448","2434","2440"
"2700","20231013","5460","5490","5280","5320","5341.8333","6000","32051000","5460","5490","5290","5290","5290","5370","5280","5320"
"2702","20231013","5770","5770","5720","5720","5737.1592","245000","1405604000","5770","5770","5730","5730","5740","5740","5720","5720"
"2705","20231013","5030","5070","5010","5010","5040.5814","8600","43349000","5030","5070","5030","5060","5060","5060","5010","5010"
"2708","20231013","2208","2270","2121","2162","2177.4872","42900","93414200","2208","2270","2121","2160","2136","2162","2121","2162"
"2715","20231013","1851","1858","1811","1815","1832.1782","109400","200440300","1851","1858","1831","1835","1833","1833","1811","1815"
"2721","20231013","173","177","173","174","173.8138","29000","5040600","173","175","173","174","174","177","174","174"
"2722","20231013","359","362","357","357","358.7747","18200","6529700","359","362","359","359","360","360","357","357"
"2726","20231013","1945","1946","1838","1844","1881.6172","1210600","2277885800","1945","1946","1880","1891","1892","1897","1838","1844"
"2730","20231013","1485","1493","1475","1481","1481.5797","188900","279870400","1485","1493","1480","1481","1481","1483","1475","1481"
"2733","20231013","5390","5400","5300","5320","5345.625","20800","111189000","5390","5400","5350","5350","5350","5360","5300","5320"
"2734","20231013","735","737","726","730","731.5748","54800","40090300","735","737","732","732","731","733","726","730"
"2735","20231013","574","574","568","568","571.294","48300","27593500","574","574","570","570","570","572","568","568"
"2736","20231013","1479","1479","1470","1474","1474","600","884400","1479","1479","1479","1479","1475","1475","1470","1474"
"2737","20231013","5030","5060","4985","5000","5011.4706","13600","68156000","5030","5060","5010","5030","5030","5030","4985","5000"
"2742","20231013","4090","4095","3995","4010","4030.7471","17400","70135000","4090","4095","4005","4005","4025","4025","3995","4010"
"2743","20231013","36","37","35","36","36.0468","128200","4621200","36","37","36","36","36","37","35","36"
"2747","20231013","3055","3055","3055","3055","3055","100","305500","3055","3055","3055","3055","-","-","-","-"
"2749","20231013","334","338","331","333","334.7782","298400","99897800","334","338","331","337","337","337","332","333"
"2750","20231013","741","741","737","738","739.4375","1600","1183100","741","741","737","737","737","738","737","738"
"2751","20231013","2741","2759","2725","2725","2740.5429","3500","9591900","2741","2759","2741","2747","2741","2750","2725","2725"
"2752","20231013","1375","1375","1360","1363","1365.5347","95200","129998900","1375","1375","1363","1363","1363","1366","1360","1363"
"2753","20231013","3720","3720","3645","3655","3674.8235","17000","62472000","3720","3720","3665","3665","3660","3675","3645","3655"
"2754","20231013","418","423","416","423","418.125","6400","2676000","418","419","418","418","419","423","416","423"
"2760","20231013","3720","3810","3705","3725","3756.3032","310400","1165956500","3720","3810","3705","3780","3775","3775","3705","3725"
"2762","20231013","156","156","151","152","152.0337","71200","10824800","156","156","152","152","152","152","151","152"
"2763","20231013","1354","1361","1331","1348","1345.4271","19900","26774000","1354","1361","1337","1343","1348","1349","1331","1348"
"2764","20231013","239","240","236","237","237.8215","222400","52891500","239","240","236","236","236","238","236","237"
"2767","20231013","1774","1779","1697","1709","1729.1817","1989600","3440380000","1774","1779","1719","1729","1729","1737","1697","1709"
"2768","20231013","3191","3227","3178","3202","3201.04","1113700","3564998200","3191","3227","3178","3202","3193","3204","3189","3202"
"2769","20231013","1115","1117","1114","1115","1115.3824","6800","7584600","1115","1117","1114","1114","1114","1117","1114","1115"
"2776","20231013","64","64","62","62","63.2477","21400","1353500","64","64","63","63","63","63","62","62"
"2778","20231013","195","195","188","188","191.6206","113600","21768100","195","195","192","192","193","193","188","188"
"2780","20231013","5150","5160","4910","4945","5014.0588","270400","1355801500","5150","5160","5000","5110","5090","5100","4910","4945"
"2782","20231013","2080","2084","2037","2038","2051.5193","245500","503648000","2080","2084","2042","2042","2043","2048","2037","2038"
"2784","20231013","2384","2415.5","2369.5","2377","2385.2605","322900","770200600","2384","2415.5","2379","2383.5","2375.5","2393.5","2369.5","2377"
"2788","20231013","492","494","477","479","484.5057","574000","278106300","492","494","486","488","488","490","477","479"
"2789","20231013","441","462","439","440","452.792","55300","25039400","441","462","441","455","455","457","439","440"
"2790","20231013","1914","1920","1891","1891","1905.9576","11800","22490300","1914","1920","1908","1908","1908","1908","1891","1891"
"2791","20231013","6570","6570","6160","6280","6293.8349","191400","1204640000","6570","6570","6180","6220","6220","6320","6160","6280"
"2792","20231013","1495","1503","1472","1472","1483.4738","190600","282750100","1495","1503","1484","1484","1483","1483","1472","1472"
"2795","20231013","764","765","763","763","763.8333","600","458300","764","764","764","764","765","765","763","763"
"2796","20231013","649","650","647","650","648.7692","3900","2530200","649","649","648","648","649","650","647","650"
"2798","20231013","2655","2659","2635","2635","2648.8077","2600","6886900","2655","2656","2642","2642","2640","2659","2635","2635"
"2801","20231013","8319","8355","8171","8203","8248.5437","637700","5260096300","8319","8355","8171","8193","8191","8229","8182","8203"
"2802","20231013","5848","5873","5700","5862","5820.1417","2160700","12575580200","5848","5873","5700","5790","5802","5873","5796","5862"
"2804","20231013","2065","2070","2057","2067","2064.1341","8200","16925900","2065","2070","2060","2065","2070","2070","2057","2067"
"2805","20231013","3815","3840","3755","3795","3790.119","4200","15918500","3815","3840","3800","3800","3800","3800","3755","3795"
"2806","20231013","1760","1760","1756","1756","1759.4286","700","1231600","1760","1760","1760","1760","1760","1760","1756","1756"
"2809","20231013","2605","2625.5","2594.5","2620","2615.9015","627300","1640955000","2605","2625.5","2594.5","2610.5","2610.5","2624","2606","2620"
"2810","20231013","3145","3165","3133","3138","3144.2934","185100","582008700","3145","3165","3133","3146","3135","3152","3135","3138"
"2811","20231013","3184","3193","3170","3180","3180.3212","172800","549559500","3184","3191","3175","3175","3175","3193","3170","3180"
"2812","20231013","1287","1305","1278","1293","1287.5432","35900","46222800","1287","1305","1287","1294","1292","1301","1278","1293"
"2813","20231013","2940","2949","2871","2871","2900.4444","3600","10441600","2940","2949","2893","2894","2883","2889","2871","2871"
"2814","20231013","1740","1740","1740","1740","1740","100","174000","-","-","-","-","1740","1740","1740","1740"
"2815","20231013","4693","4751","4646","4647","4690.1432","92200","432431200","4693","4751","4685","4707","4700","4704","4646","4647"
"2816","20231013","1415","1419","1404","1407","1411.2273","2200","3104700","1415","1419","1415","1419","1415","1415","1404","1407"
"2818","20231013","1820","1824","1815","1815","1817.34","5000","9086700","1820","1824","1817","1817","1817","1819","1815","1815"
"2819","20231013","2895","2900","2862","2870","2880.1875","4800","13824900","2895","2900","2885","2885","2882","2882","2862","2870"
"2820","20231013","2116","2157","2102","2126","2132.418","24400","52031000","2116","2157","2102","2135","2127","2147","2123","2126"
"2830","20231013","2515","2529","2515","2516","2517.7143","1400","3524800","2515","2529","2515","2529","2515","2528","2515","2516"
"2831","20231013","3035","3035","3025","3025","3028.125","800","2422500","3035","3035","3030","3030","3025","3025","3025","3025"
"2871","20231013","3239","3239","3196","3217","3223.3609","425900","1372829400","3239","3239","3196","3210","3213","3230","3211","3217"
"2872","20231013","2559","2559","2218","2252","2371.572","54200","128539200","2559","2559","2355","2456","2416","2425","2218","2252"
"2874","20231013","1149","1155","1137","1140","1144.3564","70700","80906000","1149","1155","1146","1148","1145","1148","1137","1140"
"2875","20231013","5942","5947","5824","5844","5872.9539","704500","4137496000","5942","5947","5870","5898","5895","5902","5824","5844"
"2876","20231013","531","539","521","521","528.1282","7800","4119400","531","539","530","531","531","531","521","521"
"2877","20231013","860","868","860","868","862.25","400","344900","860","860","860","860","861","868","861","868"
"2882","20231013","2007","2017","1972","1981","1988.1449","69700","138573700","2007","2017","1982","1984","1984","1990","1972","1981"
"2883","20231013","1926","1927","1908","1908","1917.3667","6000","11504200","1926","1927","1913","1913","1913","1916","1908","1908"
"2884","20231013","1112","1139","1058","1078","1084.9439","805500","873922300","1112","1139","1058","1087","1087","1096","1073","1078"
"2892","20231013","3820","3845","3750","3750","3781.0294","20400","77133000","3820","3845","3780","3785","3780","3800","3750","3750"
"2894","20231013","287","288","281","284","283.973","7400","2101400","287","288","283","285","282","284","281","284"
"2897","20231013","12430","12455","12165","12170","12264.1423","501900","6155373000","12430","12455","12225","12295","12285","12290","12165","12170"
"2899","20231013","2202","2204","2168","2173","2187.0746","22800","49865300","2202","2204","2186","2193","2198","2198","2168","2173"
"2901","20231013","148","150","148","149","149.2333","9000","1343100","148","150","148","148","148","149","148","149"
"2903","20231013","999","999","942","952","970.5878","24500","23779400","999","999","982","982","979","979","942","952"
"2904","20231013","748","749","741","744","744.9182","15900","11844200","748","749","741","741","744","747","742","744"
"2907","20231013","878","884","878","879","880.3333","300","264100","-","-","-","-","878","884","878","879"
"2908","20231013","1915","1916","1902","1907","1908.9216","42100","80365600","1915","1916","1908","1911","1908","1913","1902","1907"
"2910","20231013","1536","1536","1517","1526","1526.7109","148400","226563900","1536","1536","1519","1521","1521","1526","1517","1526"
"2911","20231013","2201","2221","2201","2220","2217.1304","2300","5099400","2201","2221","2201","2220","-","-","-","-"
"2914","20231013","3401","3420","3388","3406","3403.9512","5337500","18168589500","3401","3420","3388","3399","3403","3409","3397","3406"
"2915","20231013","1490","1510","1486","1509","1501.0076","26400","39626600","1490","1510","1486","1503","1505","1509","1495","1509"
"2916","20231013","673","673","673","673","673","100","67300","673","673","673","673","-","-","-","-"
"2917","20231013","945","945","916","930","930.9655","2900","2699800","945","945","916","931","930","930","930","930"
"2918","20231013","3065","3070","3005","3020","3030.3077","104000","315152000","3065","3070","3010","3040","3035","3035","3005","3020"
"2922","20231013","1973","1975","1967","1971","1970.8696","11500","22665000","1973","1975","1969","1974","1971","1973","1967","1971"
"2923","20231013","5630","5650","5630","5640","5638","1000","5638000","5630","5650","5630","5650","5650","5650","5640","5640"
"2924","20231013","1690","1708","1659","1675","1680","14100","23688000","1690","1708","1664","1664","1696","1696","1659","1675"
"2926","20231013","90","91","90","90","90.1875","46400","4184700","90","91","90","91","91","91","90","90"
"2927","20231013","796","801","793","798","796.5763","35400","28198800","796","798","793","793","794","801","794","798"
"2929","20231013","1401","1408","1397","1400","1401.3899","235700","330307600","1401","1408","1397","1400","1400","1408","1399","1400"
"2930","20231013","231","236","229","231","232.3029","1312500","304897600","231","236","229","233","234","234","230","231"
"2931","20231013","750","755","745","753","751.5445","376700","283106800","750","754","745","751","750","755","749","753"
"2932","20231013","4440","4440","4375","4440","4413.3761","11700","51636500","4440","4440","4375","4390","4390","4440","4390","4440"
"2933","20231013","1142","1143","1127","1134","1133.8625","45100","51137200","1142","1143","1127","1128","1128","1138","1127","1134"
"2934","20231013","4880","4965","4740","4845","4875.5228","67900","331048000","4880","4920","4740","4890","4900","4965","4840","4845"
"2935","20231013","1171","1171","1144","1157","1156.7876","30600","35397700","1171","1171","1152","1152","1153","1158","1144","1157"
"2936","20231013","775","789","753","763","769.4755","2432000","1871364500","775","789","753","777","780","781","755","763"
"2937","20231013","3300","3305","3135","3135","3206.183","76500","245273000","3300","3305","3210","3215","3215","3220","3135","3135"
"2938","20231013","2280","2337","2186","2200","2233.2649","98900","220869900","2280","2337","2189","2216","2217","2222","2186","2200"
"2961","20231013","2850","2860","2850","2860","2851.4286","700","1996000","-","-","-","-","2850","2860","2850","2860"
"2962","20231013","756","770","734","742","751.3529","258400","194149600","756","770","741","760","760","760","734","742"
"2970","20231013","1661","1679","1631","1633","1658.4138","2900","4809400","1661","1677","1661","1677","1679","1679","1631","1633"
"2975","20231013","643","643","629","630","635.2185","44400","28203700","643","643","636","636","635","635","629","630"
"2978","20231013","748","757","741","747","747.3","29000","21671700","748","757","745","748","747","750","741","747"
"2980","20231013","2587","2587","2421","2430","2469.6027","395200","975987000","2587","2587","2446","2463","2463","2466","2421","2430"
"2981","20231013","3465","3490","3340","3340","3433.1081","3700","12702500","3465","3490","3425","3450","3450","3450","3340","3340"
"2982","20231013","264","268","257","258","261.1191","661400","172704200","264","268","258","258","259","260","257","258"
"2983","20231013","757","764","753","753","757.1163","4300","3255600","757","764","755","755","758","763","753","753"
"2984","20231013","884","893","880","893","883.4912","5700","5035900","884","893","880","880","880","893","880","893"
"2986","20231013","4665","4665","4505","4505","4557.2357","45400","206898500","4665","4665","4530","4560","4560","4560","4505","4505"
"2987","20231013","1285","1286","1251","1251","1261.4717","127000","160206900","1285","1286","1258","1264","1260","1260","1251","1251"
"2991","20231013","1040","1040","1026","1031","1030.8182","3300","3401700","1040","1040","1026","1038","1035","1035","1031","1031"
"2993","20231013","2105","2180","2063","2180","2099.5676","3700","7768400","2105","2105","2100","2100","2100","2180","2063","2180"
"2997","20231013","551","564","542","563","555.4048","16800","9330800","551","561","542","561","555","564","555","563"
"2998","20231013","3200","3220","3030","3070","3084.0158","88400","272627000","3200","3220","3030","3055","3050","3130","3030","3070"
"2999","20231013","388","388","375","379","381.4559","47600","18157300","388","388","378","383","383","388","375","379"
"3001","20231013","1736","1738","1715","1725","1726.1364","28600","49367500","1736","1738","1726","1728","1726","1728","1715","1725"
"3002","20231013","4555","4565","4495","4510","4529.7288","42400","192060500","4555","4565","4530","4530","4530","4535","4495","4510"
"3003","20231013","1368","1375","1360.5","1366.5","1367.1629","1172800","1603408600","1368","1375","1364.5","1370.5","1369.5","1371.5","1360.5","1366.5"
"3004","20231013","1697","1697","1637","1651","1652.7358","24600","40657300","1697","1697","1648","1658","1656","1659","1637","1651"
"3010","20231013","163","164","155","157","159.2875","399700","63667200","163","164","158","159","159","160","155","157"
"3011","20231013","133","134","132","133","132.6168","10700","1419000","133","134","132","134","132","133","132","133"
"3020","20231013","-","-","-","-","-","-","-","-","-","-","-","-","-","-","-"
"3021","20231013","1680","1680","1664","1672","1673.0345","2900","4851800","1680","1680","1666","1675","1669","1678","1664","1672"
"3023","20231013","1671","1675","1653","1663","1663.6681","22900","38098000","1671","1675","1655","1655","1667","1667","1653","1663"
"3024","20231013","777","779","777","779","777.2857","700","544100","777","777","777","777","779","779","779","779"
"3028","20231013","1926","1927","1911","1916","1917.6597","66700","127907900","1926","1927","1916","1916","1916","1918","1911","1916"
"3030","20231013","805","809","764","769","774.1187","231700","179363300","805","809","764","768","768","780","766","769"
"3031","20231013","733","735","711","711","720.5822","273800","197295400","733","735","720","722","721","721","711","711"
"3034","20231013","1781","1785","1721","1721","1744.2122","131000","228491800","1781","1785","1738","1739","1738","1741","1721","1721"
"3035","20231013","513","519","511","519","514.1373","5100","2622100","513","516","512","515","512","519","511","519"
"3036","20231013","1351","1355","1338","1343","1345.8584","55100","74156800","1351","1355","1345","1346","1347","1347","1338","1343"
"3038","20231013","3783","3783","3701","3750","3749.915","2089600","7835822300","3783","3783","3701","3732","3730","3754","3716","3750"
"3040","20231013","1100","1110","1082","1082","1096.2908","39200","42974600","1100","1110","1097","1099","1096","1099","1082","1082"
"3041","20231013","1176","1178","1105","1120","1134.7667","128600","145931000","1176","1178","1122","1125","1121","1124","1105","1120"
"3042","20231013","308","322","308","311","314.4026","468500","147297600","308","322","308","318","317","319","311","311"
"3045","20231013","1343","1358","1325","1325","1341.1071","2800","3755100","1343","1343","1332","1332","1343","1358","1325","1325"
"3046","20231013","3555","3610","3525","3560","3569.6107","412300","1471750500","3555","3610","3525","3560","3570","3600","3555","3560"
"3048","20231013","1129","1146","1129","1146","1140.6921","843100","961717500","1129","1142","1129","1140","1139","1146","1137","1146"
"3050","20231013","1273","1273","1243","1249","1255.1393","406400","510088600","1273","1273","1254","1254","1252","1253","1243","1249"
"3053","20231013","111","112","110","112","111.0276","163300","18130800","111","112","110","112","111","112","110","112"
"3054","20231013","337","338","333","333","335.4318","13200","4427700","337","338","335","335","336","336","333","333"
"3058","20231013","755","755","752","752","753.1667","1200","903800","755","755","755","755","752","754","752","752"
"3059","20231013","1001","1001","1000","1000","1000.85","2000","2001700","1001","1001","1000","1000","1001","1001","1000","1000"
"3063","20231013","586","586","575","575","580.5976","16400","9521800","586","586","582","582","582","584","575","575"
"3064","20231013","1306","1312","1244.5","1246.5","1262.9643","5244800","6623995050","1306","1312","1252","1256.5","1254","1256.5","1244.5","1246.5"
"3065","20231013","1696","1712","1681","1712","1691.5333","3000","5074600","1696","1696","1681","1681","1685","1712","1685","1712"
"3067","20231013","507","507","504","504","505.381","8400","4245200","507","507","505","505","506","506","504","504"
"3068","20231013","2683","2683","2657","2657","2672.8182","3300","8820300","2683","2683","2665","2680","2680","2680","2657","2657"
"3069","20231013","161","161","158","159","159.8843","201400","32200700","161","161","159","160","159","160","158","159"
"3070","20231013","258","259","257","258","257.9672","6100","1573600","258","259","258","258","257","259","257","258"
"3071","20231013","111","111","110","110","110.2256","19500","2149400","111","111","110","111","111","111","110","110"
"3073","20231013","1889","1889","1796","1819","1833.8981","345600","633795200","1889","1889","1832","1833","1835","1835","1796","1819"
"3075","20231013","1546","1559","1485","1491","1519.096","32300","49066800","1546","1559","1509","1509","1509","1517","1485","1491"
"3076","20231013","2346","2349","2318","2326","2332.4354","94400","220181900","2346","2349","2335","2340","2338","2340","2318","2326"
"3077","20231013","483","483","481","481","482.1429","2100","1012500","483","483","481","481","481","481","481","481"
"3079","20231013","1080","1114","1065","1070","1085.7264","32900","35720400","1080","1114","1074","1081","1089","1089","1065","1070"
"3080","20231013","515","519","504","504","510.2661","60500","30871100","515","519","505","507","507","514","504","504"
"3082","20231013","899","904","891","902","896.5746","13400","12014100","899","904","892","892","892","902","891","902"
"3083","20231013","757","769","719","727","740.7945","106100","78598300","757","769","736","740","740","743","719","727"
"3086","20231013","1467","1469.5","1440","1449.5","1451.8933","2786500","4045700700","1467","1469.5","1446.5","1450.5","1448","1453","1440","1449.5"
"3087","20231013","2284","2294","2218","2229","2247.7768","301500","677704700","2284","2294","2247","2250","2249","2256","2218","2229"
"3088","20231013","2640.5","2648.5","2566","2571.5","2589.5716","1399500","3624105450","2640.5","2648.5","2591","2592.5","2590","2600.5","2566","2571.5"
"3089","20231013","1150","1167","1150","1163","1153.7419","3100","3576600","1150","1154","1150","1154","1167","1167","1153","1163"
"3091","20231013","2986","2990","2956","2963","2970.4499","34900","103668700","2986","2990","2965","2965","2963","2971","2956","2963"
"3092","20231013","2888","2903.5","2882.5","2891","2890.093","1420600","4105666100","2888","2903.5","2883","2886","2886","2892.5","2882.5","2891"
"3093","20231013","1170","1214","1153","1159","1178.4111","1006400","1185952900","1170","1214","1158","1173","1172","1177","1153","1159"
"3094","20231013","995","1003","995","1003","999.6667","1200","1199600","995","996","995","996","1000","1003","1000","1003"
"3096","20231013","1001","1001","989","995","993.225","4000","3972900","1001","1001","991","994","991","995","989","995"
"3097","20231013","3950","3950","3795","3805","3853.9009","292500","1127266000","3950","3950","3845","3845","3840","3850","3795","3805"
"3099","20231013","1691.5","1703.5","1674","1695.5","1692.3939","2527900","4278202600","1691.5","1702.5","1674","1695","1694","1703.5","1687.5","1695.5"
"3101","20231013","1024.5","1029","1011","1012.5","1019.8221","308900","315023050","1024.5","1029","1020.5","1022.5","1020.5","1022.5","1011","1012.5"
"3103","20231013","194","194","189","190","191.6339","542800","104018900","194","194","192","193","192","192","189","190"
"3104","20231013","3520","3550","3505","3505","3522.8935","21600","76094500","3520","3545","3505","3535","3550","3550","3505","3505"
"3105","20231013","1098","1107","1093.5","1098","1098.6702","415600","456607350","1098","1107","1096","1100","1099","1100.5","1093.5","1098"
"3106","20231013","2358","2370","2278","2291","2300.2082","46600","107189700","2358","2370","2308","2308","2308","2308","2278","2291"
"3107","20231013","2856.5","2877.5","2820","2830","2842.9012","182200","517976600","2856.5","2877.5","2846","2848","2855","2855","2820","2830"
"3109","20231013","1067","1070","1055","1055","1061.8936","37600","39927200","1067","1070","1063","1063","1063","1064","1055","1055"
"3110","20231013","3880","3880","3755","3760","3811.2234","211300","805311500","3880","3880","3795","3805","3800","3825","3755","3760"
"3111","20231013","355","355","342","342","345.6283","56500","19528000","355","355","345","347","346","346","342","342"
"3113","20231013","93","97","90","96","93.2174","235100","21915400","93","93","91","92","92","97","90","96"
"3116","20231013","2660","2687.5","2643.5","2665.5","2670.7396","383900","1025296950","2660","2686","2643.5","2672","2676.5","2687.5","2660.5","2665.5"
"3121","20231013","299","300","297","300","297.7202","21800","6490300","299","300","297","299","297","300","297","300"
"3123","20231013","498","498","494","494","497.8875","8000","3983100","498","498","497","498","498","498","494","494"
"3131","20231013","2285","2301","2249","2258","2269.898","4900","11122500","2285","2301","2271","2287","2292","2292","2249","2258"
"3132","20231013","7580","7810","7570","7620","7678.5303","809000","6211931000","7580","7810","7570","7690","7690","7700","7590","7620"
"3133","20231013","579","614","570","595","595.8301","2856900","1702227100","579","614","570","602","601","613","585","595"
"3134","20231013","875","878","861","861","867.4068","41300","35823900","875","878","865","865","864","864","861","861"
"3135","20231013","1383","1411","1377","1399","1391.993","14200","19766300","1383","1404","1377","1386","1382","1411","1378","1399"
"3137","20231013","298","301","296","301","298.1702","4700","1401400","298","301","298","301","298","301","296","301"
"3138","20231013","723","723","715","721","721.3333","600","432800","723","723","723","723","723","723","715","721"
"3139","20231013","1983","2024","1935","1940","1965.868","146200","287409900","1983","2024","1947","1950","1960","1963","1935","1940"
"3140","20231013","953","953","950","951","951.3409","4400","4185900","953","953","950","951","950","953","950","951"
"3141","20231013","2520","2522.5","2404.5","2410.5","2442.4092","2406100","5876680700","2520","2522.5","2433","2435","2435","2435","2404.5","2410.5"
"3143","20231013","1284","1284","1270","1270","1279.0455","2200","2813900","1284","1284","1283","1283","1282","1282","1270","1270"
"3148","20231013","3155","3170","3120","3120","3141.158","130400","409607000","3155","3170","3130","3130","3130","3150","3120","3120"
"3150","20231013","2165","2169","2102","2118","2127.7455","67200","142984500","2165","2169","2109","2121","2121","2127","2102","2118"
"3151","20231013","1034","1043","1001","1006","1018.6217","69000","70284900","1034","1043","1019","1019","1019","1022","1001","1006"
"3153","20231013","1288","1294","1268","1272","1279.7293","18100","23163100","1288","1294","1281","1281","1281","1281","1268","1272"
"3154","20231013","765","768","749","753","759.0113","17700","13434500","765","768","759","760","760","760","749","753"
"3156","20231013","2526","2563","2516","2526","2535.1521","44700","113321300","2526","2563","2523","2548","2546","2546","2516","2526"
"3157","20231013","1182","1183","1165","1165","1172.8387","9300","10907400","1182","1183","1166","1174","1174","1174","1165","1165"
"3159","20231013","335","336","333","334","334.361","51800","17319900","335","336","334","334","334","335","333","334"
"3160","20231013","669","670","647","647","655.7446","128800","84459900","669","670","660","661","660","660","647","647"
"3161","20231013","667","670","666","666","668.5283","5300","3543200","667","670","666","668","668","669","666","666"
"3166","20231013","1399","1399","1384","1384","1390.4286","14000","19466000","1399","1399","1391","1391","1391","1392","1384","1384"
"3167","20231013","945","945","936","940","940.5421","225600","212186300","945","945","939","940","940","942","936","940"
"3168","20231013","593","597","590","590","591.6418","13400","7928000","593","597","591","593","593","593","590","590"
"3169","20231013","612","615","606","606","610.1064","9400","5735000","612","615","611","611","615","615","606","606"
"3172","20231013","1364","1366","1341","1342","1350.6993","14300","19315000","1364","1366","1352","1354","1352","1357","1341","1342"
"3173","20231013","849","849","811","817","826.3439","31400","25947200","849","849","839","840","840","843","811","817"
"3174","20231013","895","913","889","889","896.6207","2900","2600200","895","913","893","913","893","893","889","889"
"3175","20231013","870","870","856","860","861.5672","26800","23090000","870","870","858","861","861","863","856","860"
"3176","20231013","1301","1308","1286","1289","1296.7398","26900","34882300","1301","1308","1300","1302","1300","1303","1286","1289"
"3177","20231013","2850","2872","2817","2817","2844.9118","3400","9672700","2850","2872","2850","2850","2861","2865","2817","2817"
"3178","20231013","1380","1383","1357","1360","1366.7376","22100","30204900","1380","1383","1366","1366","1363","1366","1357","1360"
"3179","20231013","1111","1118","1091","1095","1103.395","107600","118725300","1111","1118","1097","1109","1104","1108","1091","1095"
"3180","20231013","4775","4840","4610","4610","4680.2364","55000","257413000","4775","4840","4705","4705","4715","4735","4610","4610"
"3181","20231013","1030","1030","962","965","985.4758","142500","140430300","1030","1030","971","975","985","985","962","965"
"3182","20231013","1260","1260","1196","1197","1219.3018","970400","1183210500","1260","1260","1212","1212","1212","1215","1196","1197"
"3183","20231013","1077","1084","1074","1078","1078.8621","14500","15643500","1077","1084","1077","1082","1082","1082","1074","1078"
"3184","20231013","-","-","-","-","-","-","-","-","-","-","-","-","-","-","-"
"3185","20231013","162","163","161","161","161.8353","8500","1375600","162","163","162","162","162","162","161","161"
"3186","20231013","2132","2149","2071","2111","2110.8676","4228400","8925592400","2132","2149","2071","2088","2091","2137","2088","2111"
"3187","20231013","762","770","716","721","739.3482","196700","145429800","762","770","724","731","728","731","716","721"
"3189","20231013","230","231","229","229","230","21700","4991000","230","231","230","230","230","231","229","229"
"3190","20231013","610","611","610","610","610.125","800","488100","610","610","610","610","611","611","610","610"
"3191","20231013","1734","1739","1722","1726","1728.5804","132500","229036900","1734","1739","1724","1727","1725","1729","1722","1726"
"3192","20231013","319","336","316","323","320.9712","41600","13352400","319","326","316","323","322","336","322","323"
"3193","20231013","3000","3040","2911","2911","2958.5071","113400","335494700","3000","3040","2934","2942","2945","2964","2911","2911"
"3195","20231013","279","282","279","281","280.8276","2900","814400","279","282","279","281","281","281","280","281"
"3196","20231013","1909","1909","1867","1875","1883.1097","62900","118447600","1909","1909","1871","1872","1873","1881","1867","1875"
"3197","20231013","2145","2145","2121","2128.5","2133.6837","802200","1711641050","2145","2145","2124","2133","2133","2137","2121","2128.5"
"3198","20231013","2150","2162","2102","2107","2123.5867","66300","140793800","2150","2162","2111","2113","2113","2120","2102","2107"
"3199","20231013","1308","1310","1298","1300","1302.0664","28600","37239100","1308","1310","1302","1302","1302","1303","1298","1300"
"3201","20231013","1336","1337","1294","1299","1314.1552","145600","191341000","1336","1337","1315","1315","1315","1321","1294","1299"
"3202","20231013","91","91","89","89","90.0174","172100","15492000","91","91","90","91","91","91","89","89"
"3204","20231013","443","443","432","433","438.1582","39200","17175800","443","443","437","437","441","441","432","433"
"3205","20231013","321","329","318","319","322.2878","195600","63039500","321","324","318","320","320","329","318","319"
"3221","20231013","2688","2719","2666","2672","2688.2429","35000","94088500","2688","2719","2683","2684","2684","2690","2666","2672"
"3222","20231013","1035","1038","1030","1035","1033.3235","377700","390286300","1035","1038","1030","1034","1033","1037","1030","1035"
"3223","20231013","1050","1090","905","905","1023.9107","51500","52731400","1050","1090","1034","1040","1048","1048","905","905"
"3224","20231013","1790","1822","1761","1761","1784.2632","3800","6780200","1790","1822","1784","1784","1793","1793","1761","1761"
"3228","20231013","2019","2021","2019","2019","2019.2796","30400","61386100","2019","2021","2019","2019","2019","2020","2019","2019"
"3231","20231013","3800","3842","3777","3803","3799.0428","537800","2043125200","3800","3842","3788","3793","3799","3812","3777","3803"
"3232","20231013","537","537","529","530","532.5027","110600","58894800","537","537","532","533","532","533","529","530"
"3236","20231013","157","158","155","156","156.3366","82600","12913400","157","158","156","157","157","157","155","156"
"3237","20231013","77","78","76","76","76.978","82000","6312200","77","78","76","77","77","77","76","76"
"3238","20231013","500","502","496","499","499.1","4000","1996400","500","501","500","500","501","502","496","499"
"3241","20231013","487","495","482","490","489.4","18500","9053900","487","495","482","486","486","490","484","490"
"3242","20231013","390","391","385","385","387.8487","93200","36147500","390","391","387","387","387","387","385","385"
"3244","20231013","2370","2381","2358","2366","2369.6528","233900","554261800","2370","2381","2361","2376","2370","2375","2358","2366"
"3245","20231013","764","771","755","759","761.7938","136300","103832500","764","771","761","763","762","762","755","759"
"3246","20231013","973","980","963","973","970.2483","29800","28913400","973","980","963","967","968","977","965","973"
"3248","20231013","882","882","833","840","852.8065","36700","31298000","882","882","862","863","863","863","833","840"
"3252","20231013","1946","1963","1934","1940","1945.2905","56800","110492500","1946","1963","1946","1947","1946","1946","1934","1940"
"3254","20231013","1733","1735","1708","1712","1716.902","111200","190919500","1733","1735","1717","1719","1716","1723","1708","1712"
"3261","20231013","354","359","351","351","355.5517","2900","1031100","354","359","354","355","354","354","351","351"
"3264","20231013","145","147","143","143","145.0426","49300","7150600","145","147","145","146","145","147","143","143"
"3266","20231013","87","89","87","88","87.7375","89900","7887600","87","88","87","88","89","89","87","88"
"3267","20231013","670","672","630","631","646.1591","52800","34117200","670","672","635","636","636","636","630","631"
"3271","20231013","389","389","377","380","380.5157","156100","59398500","389","389","378","378","378","380","377","380"
"3275","20231013","903","903","891","894","896.25","4800","4302000","903","903","903","903","898","898","891","894"
"3276","20231013","1138","1138","1125","1130","1130.8085","23500","26574000","1138","1138","1129","1129","1126","1131","1125","1130"
"3277","20231013","1021","1029","1008","1013","1018.787","33800","34435000","1021","1029","1018","1019","1017","1018","1008","1013"
"3280","20231013","643","653","640","645","646.1739","4600","2972400","643","653","643","651","642","645","640","645"
"3284","20231013","1074","1074","1047","1048","1057.608","52300","55312900","1074","1074","1056","1056","1055","1058","1047","1048"
"3286","20231013","471","480","430","435","447.4958","96200","43049100","471","480","455","457","458","459","430","435"
"3288","20231013","5013","5036","4908","4927","4959.5615","287800","1427361800","5013","5036","4981","4981","4981","4986","4908","4927"
"3289","20231013","936","942.3","918.6","925.8","929.7187","2890400","2687258880","936","942.3","928.9","928.9","926.7","928.5","918.6","925.8"
"3291","20231013","2393","2423.5","2387.5","2397","2400.94","511900","1229041200","2393","2423.5","2393","2403.5","2404","2409","2387.5","2397"
"3293","20231013","757","761","755","755","756.5926","2700","2042800","757","759","756","759","761","761","755","755"
"3294","20231013","1500","1507","1475","1478","1486.4303","16500","24526100","1500","1507","1485","1486","1484","1485","1475","1478"
"3297","20231013","1167","1174","1133","1135","1156.2979","4700","5434600","1167","1174","1147","1171","1145","1145","1133","1135"
"3299","20231013","1023","1032","1013","1014","1021.9879","99100","101279000","1023","1032","1021","1025","1025","1025","1013","1014"
"3300","20231013","791","792","777","777","783.6559","27900","21864000","791","792","778","785","788","788","777","777"
"3302","20231013","1848","1861","1819","1825","1836.5497","19100","35078100","1848","1861","1835","1835","1841","1841","1819","1825"
"3306","20231013","764","764","755","764","757.45","2000","1514900","764","764","755","755","764","764","764","764"
"3315","20231013","114","116","111","111","112.9169","1379000","155712400","114","116","113","113","113","114","111","111"
"3316","20231013","1745","1745","1744","1745","1744.6667","300","523400","1745","1745","1744","1745","-","-","-","-"
"3317","20231013","2139","2156","2136","2156","2146.25","800","1717000","2139","2139","2136","2136","2152","2156","2141","2156"
"3319","20231013","715","717","689","689","697.4251","114800","80064400","715","717","693","694","694","694","689","689"
"3320","20231013","1173","1173","1121","1123","1133.3631","31400","35587600","1173","1173","1142","1143","1143","1143","1121","1123"
"3321","20231013","1054","1057","1020","1022","1029.374","51600","53115700","1054","1057","1028","1029","1032","1032","1020","1022"
"3322","20231013","611","616","607","607","612.2","500","306100","611","611","611","611","616","616","607","607"
"3323","20231013","87","88","86","86","86.6837","203000","17596800","87","88","86","88","88","88","86","86"
"3326","20231013","392","400","386","400","389.9684","9500","3704700","392","396","386","391","389","400","388","400"
"3328","20231013","1591","1596","1541","1541","1563.8769","128300","200645400","1591","1596","1564","1567","1564","1567","1541","1541"
"3329","20231013","1900","1909","1897","1903","1901.4968","15700","29853500","1900","1909","1897","1900","1900","1903","1899","1903"
"3333","20231013","1257","1257","1246","1247","1250.5175","80000","100041400","1257","1257","1251","1252","1252","1252","1246","1247"
"3341","20231013","1432","1432","1404","1410","1414.8859","29800","42163600","1432","1432","1411","1411","1411","1419","1404","1410"
"3347","20231013","243","243","237","239","238.9061","105400","25180700","243","243","238","239","238","239","237","239"
"3349","20231013","14200","14205","13750","13820","13901.5719","408100","5673231500","14200","14205","13810","13850","13855","13880","13750","13820"
"3350","20231013","19","20","19","19","19.0733","316700","6040500","19","20","19","19","19","20","19","19"
"3352","20231013","1278","1279","1278","1279","1278.5","200","255700","-","-","-","-","1278","1279","1278","1279"
"3353","20231013","-","-","-","-","-","-","-","-","-","-","-","-","-","-","-"
"3355","20231013","888","890","878","884","882.8123","27700","24453900","888","890","883","883","883","888","878","884"
"3358","20231013","409","409","386","390","395.5822","14600","5775500","409","409","386","391","392","394","389","390"
"3359","20231013","475","475","460","460","465.7333","81000","37724400","475","475","460","462","462","463","460","460"
"3360","20231013","2267.5","2290.5","2248","2259","2265.2533","181800","411823050","2267.5","2290.5","2262","2271","2268.5","2274.5","2248","2259"
"3361","20231013","750","750","745","747","747.0485","20600","15389200","750","750","747","747","749","749","745","747"
"3370","20231013","265","265","257","260","260.8268","12700","3312500","265","265","260","261","260","261","257","260"
"3371","20231013","1776","1782","1754","1764","1770.207","63300","112054100","1776","1782","1754","1771","1764","1780","1760","1764"
"3372","20231013","305","308","304","306","305.0578","17300","5277500","305","308","305","305","305","306","304","306"
"3374","20231013","2269","2313","2231","2231","2268.5898","25600","58075900","2269","2313","2260","2275","2262","2269","2231","2231"
"3375","20231013","1741","1741","1741","1741","1741","500","870500","-","-","-","-","1741","1741","1741","1741"
"3377","20231013","668","670","659","659","663.9717","45900","30476300","668","670","667","667","667","667","659","659"
"3382","20231013","5558","5568","5451","5500","5507.028","5667400","31210530400","5558","5568","5451","5467","5467","5531","5462","5500"
"3386","20231013","985","987","978","978","982.3559","5900","5795900","985","987","978","984","982","984","978","978"
"3387","20231013","1081","1085","1068","1081","1077.0465","889900","958463700","1081","1082","1068","1075","1080","1085","1075","1081"
"3388","20231013","1400","1401","1375","1381","1388.5474","32700","45405500","1400","1401","1390","1390","1391","1391","1375","1381"
"3391","20231013","10530","10625","10350","10390","10443.5693","303700","3171712000","10530","10625","10475","10475","10455","10475","10350","10390"
"3392","20231013","625","625","616","617","619.0938","19200","11886600","625","625","616","616","618","619","616","617"
"3393","20231013","1607","1608","1555","1555","1583.116","116400","184274700","1607","1608","1596","1601","1600","1604","1555","1555"
"3395","20231013","1895","1899","1883","1885","1889.2518","27400","51765500","1895","1899","1888","1888","1888","1892","1883","1885"
"3396","20231013","956","957","952","952","953.8723","9400","8966400","956","957","955","955","954","955","952","952"
"3397","20231013","3600","3605","3560","3565","3581.6129","192200","688386000","3600","3605","3575","3575","3575","3590","3560","3565"
"3399","20231013","3380","3460","3270","3270","3345.8684","92700","310162000","3380","3460","3330","3350","3340","3370","3270","3270"
"3401","20231013","1411","1423.5","1408","1409.5","1412.9141","559000","789819000","1411","1423.5","1408","1416.5","1417.5","1418.5","1408.5","1409.5"
"3402","20231013","747.9","750.2","735","738.6","741.0609","5538700","4104514060","747.9","750.2","740.9","740.9","742.8","742.8","735","738.6"
"3405","20231013","1732.5","1744","1723","1742.5","1735.6685","1714000","2974935800","1732.5","1743","1723","1727.5","1730","1744","1729","1742.5"
"3407","20231013","939.5","944","932.6","936.4","937.059","5360900","5023479360","939.5","944","937","937","937","937.9","932.6","936.4"
"3409","20231013","120","121","115","121","118.5464","56000","6638600","120","120","115","119","119","121","119","121"
"3415","20231013","297","299","289","290","292.3131","367600","107454300","297","299","290","290","291","294","289","290"
"3416","20231013","849","850","841","845","847.0263","7600","6437400","849","850","842","849","849","850","841","845"
"3417","20231013","961","965","960","960","961.2308","1300","1249600","961","965","961","961","961","964","960","960"
"3418","20231013","1299","1317","1261","1269","1283.6852","32400","41591400","1299","1317","1279","1279","1279","1280","1261","1269"
"3420","20231013","1336","1336","1313","1313","1326.3409","4400","5835900","1336","1336","1317","1325","1321","1324","1313","1313"
"3421","20231013","1525","1525","1496","1504","1506.1039","27900","42020300","1525","1525","1505","1505","1503","1506","1496","1504"
"3422","20231013","577","577","566","566","569.3525","24400","13892200","577","577","566","568","570","571","566","566"
"3423","20231013","300","300","297","299","298.6667","8700","2598400","300","300","297","299","299","299","298","299"
"3426","20231013","1245","1245","1230","1230","1237.5","200","247500","1245","1245","1245","1245","1230","1230","1230","1230"
"3431","20231013","3030","3040","3010","3020","3024.4315","64200","194168500","3030","3040","3015","3030","3030","3030","3010","3020"
"3433","20231013","1391","1410","1389","1391","1396.9957","140400","196138200","1391","1410","1391","1402","1402","1403","1389","1391"
"3434","20231013","1447","1454","1417","1422","1428.1857","60300","86119600","1447","1454","1421","1422","1420","1429","1417","1422"
"3435","20231013","1234","1260","1226","1226","1237.4","2500","3093500","1234","1260","1233","1239","1235","1246","1226","1226"
"3436","20231013","2020","2037.5","1998","2006","2014.5745","4252400","8566776800","2020","2037.5","2011.5","2031.5","2025","2026","1998","2006"
"3437","20231013","2131","2131","2120","2120","2127","300","638100","2131","2131","2120","2120","-","-","-","-"
"3439","20231013","823","823","812","816","816.9167","1200","980300","823","823","817","817","816","816","812","816"
"3440","20231013","880","895","873","888","884.787","56800","50255900","880","895","877","884","890","890","873","888"
"3441","20231013","940","940","927","932","933.2727","7700","7186200","940","940","931","931","936","936","927","932"
"3443","20231013","6170","6290","6130","6180","6211.9298","17100","106224000","6170","6290","6130","6220","6220","6240","6180","6180"
"3444","20231013","368","368","366","366","366.9697","6600","2422000","368","368","368","368","367","367","366","366"
"3445","20231013","2831","2867","2770","2792","2808.1958","174200","489187700","2831","2867","2805","2823","2823","2823","2770","2792"
"3446","20231013","2430","2430","2297","2308","2332.0313","134200","312958600","2430","2430","2314","2314","2312","2325","2297","2308"
"3447","20231013","745","750","741","741","745.9518","39400","29390500","745","750","745","745","744","744","741","741"
"3449","20231013","1101","1113","1101","1108","1103.8705","13900","15343800","1101","1112","1101","1112","1112","1113","1105","1108"
"3452","20231013","843","843","822","825","829.2422","73900","61281000","843","843","826","826","825","828","822","825"
"3454","20231013","1168","1168","1127","1128","1138.6053","71700","81638000","1168","1168","1134","1135","1138","1138","1127","1128"
"3457","20231013","1010","1012","993","993","998.9927","68300","68231200","1010","1012","997","999","999","999","993","993"
"3458","20231013","1661","1661","1591","1611","1616.9032","56800","91840100","1661","1661","1604","1611","1608","1612","1591","1611"
"3461","20231013","306","310","305","308","307.0833","2400","737000","306","306","305","305","306","310","306","308"
"3465","20231013","4430","4445","4355","4385","4390.6882","109700","481658500","4430","4445","4385","4390","4380","4390","4355","4385"
"3467","20231013","1540","1540","1517","1517","1525.475","8000","12203800","1540","1540","1528","1528","1528","1528","1517","1517"
"3469","20231013","415","491","414","429","462.8496","313900","145288500","415","417","414","417","417","491","417","429"
"3474","20231013","396","400","390","396","393.92","2500","984800","396","396","390","390","390","400","390","396"
"3475","20231013","1074","1088","1046","1049","1060.3017","317500","336645800","1074","1088","1048","1050","1055","1060","1046","1049"
"3477","20231013","600","600","599","600","599.2727","1100","659200","600","600","599","599","599","600","599","600"
"3479","20231013","2483","2490","2242","2260","2362.5315","2110900","4987067800","2483","2490","2380","2385","2385","2386","2242","2260"
"3480","20231013","5170","5240","5140","5150","5182.3762","20200","104684000","5170","5240","5150","5190","5180","5190","5140","5150"
"3482","20231013","1936","1937","1869","1873","1890.3617","129100","244045700","1936","1937","1886","1886","1890","1892","1869","1873"
"3484","20231013","1130","1132","1123","1125","1126.337","18100","20386700","1130","1132","1124","1127","1127","1128","1123","1125"
"3486","20231013","2122","2140","2087","2099","2107.7304","31900","67236600","2122","2140","2091","2111","2112","2117","2087","2099"
"3489","20231013","1376","1384","1329","1331","1344.9225","58100","78140000","1376","1384","1338","1342","1339","1342","1329","1331"
"3490","20231013","2107","2115","2080","2080","2095.2083","7200","15085500","2107","2115","2092","2092","2092","2100","2080","2080"
"3491","20231013","1160","1160","1096","1109","1116.7502","361100","403258500","1160","1160","1102","1108","1108","1113","1096","1109"
"3494","20231013","1271","1288","1256","1256","1277.4255","4700","6003900","1271","1288","1271","1280","1277","1288","1256","1256"
"3495","20231013","-","-","-","-","-","-","-","-","-","-","-","-","-","-","-"
"3496","20231013","8240","8240","8100","8120","8149.7273","33000","268941000","8240","8240","8130","8140","8140","8180","8100","8120"
"3497","20231013","808","817","808","816","808.4198","16200","13096400","808","817","808","817","810","816","808","816"
"3498","20231013","10500","10780","10350","10450","10553.8974","711500","7509098000","10500","10780","10350","10640","10620","10680","10360","10450"
"3501","20231013","2081","2090","2015","2015","2044.879","295800","604875200","2081","2090","2023","2036","2036","2036","2015","2015"
"3512","20231013","420","422","419","422","420.7375","8000","3365900","420","422","419","420","420","422","419","422"
"3513","20231013","1504","1517","1483","1488","1496.8261","4600","6885400","1504","1517","1498","1498","1496","1496","1483","1488"
"3521","20231013","147","147","144","144","145.4124","35400","5147600","147","147","144","146","145","145","144","144"
"3524","20231013","1433","1433","1410","1414","1422.0187","21400","30431200","1433","1433","1410","1412","1412","1420","1410","1414"
"3526","20231013","2171","2179","2123","2123","2145.1382","24600","52770400","2171","2177","2133","2140","2138","2179","2123","2123"
"3529","20231013","422","423","419","422","420.6834","71700","30163000","422","422","419","420","420","423","420","422"
"3536","20231013","131","144","129","135","136.7856","417400","57094300","131","131","129","131","129","144","129","135"
"3537","20231013","988","988","983","983","985.9778","4500","4436900","988","988","985","985","985","985","983","983"
"3538","20231013","1233","1233","1217","1217","1223.5646","14700","17986400","1233","1233","1223","1228","1230","1230","1217","1217"
"3539","20231013","1985","2000","1961","1966","1974.2178","47300","93380500","1985","2000","1968","1968","1967","1973","1961","1966"
"3540","20231013","3970","4000","3940","3990","3976.5116","4300","17099000","3970","3975","3940","3940","3980","4000","3960","3990"
"3541","20231013","329","332","315","325","323.0836","287000","92725000","329","332","317","318","318","325","315","325"
"3542","20231013","514","514","495","497","504.6588","8500","4289600","514","514","505","507","510","510","495","497"
"3543","20231013","2786","2800","2759","2773","2778.7583","340500","946167200","2786","2800","2759","2776","2775","2782","2766","2773"
"3544","20231013","746","747","736","742","741.4306","55500","41149400","746","747","739","740","738","744","736","742"
"3546","20231013","1000","1000","990","990","993.8066","30500","30311100","1000","1000","994","994","994","994","990","990"
"3547","20231013","1655","1655","1594","1598","1612.1117","108300","174591700","1655","1655","1607","1609","1615","1615","1594","1598"
"3548","20231013","802","802","790","791","794.4666","180900","143719000","802","802","794","794","798","798","790","791"
"3549","20231013","9281","9286","9006","9031","9102.4907","242700","2209174500","9281","9286","9118","9121","9103","9128","9006","9031"
"3550","20231013","234","234","225","225","229.7372","44900","10315200","234","234","230","231","230","233","225","225"
"3551","20231013","804","804","787","791","795.5474","13700","10899000","804","804","794","794","795","800","787","791"
"3553","20231013","632","639","628","628","633.6133","30000","19008400","632","639","632","632","632","634","628","628"
"3556","20231013","607","608","587","587","592.7773","51200","30350200","607","608","592","596","600","600","587","587"
"3557","20231013","1237","1240","1231","1231","1234.5368","9500","11728100","1237","1237","1231","1234","1232","1240","1231","1231"
"3558","20231013","1613","1620","1518","1533","1556.7899","304200","473575500","1613","1620","1557","1562","1593","1593","1518","1533"
"3559","20231013","428","428","423","423","425.3776","9800","4168700","428","428","424","424","424","425","423","423"
"3560","20231013","3680","3680","3550","3580","3580","2500","8950000","3680","3680","3550","3550","3560","3580","3550","3580"
"3561","20231013","1868","1868","1793","1802","1816.4675","665900","1209585700","1868","1868","1800","1807","1805","1820","1793","1802"
"3562","20231013","1020","1024","986","1008","1003.5489","60300","60514000","1020","1024","992","994","1008","1008","986","1008"
"3563","20231013","2580","2580.5","2502.5","2513.5","2536.6341","1687000","4279301750","2580","2580.5","2531","2538","2532","2536.5","2502.5","2513.5"
"3565","20231013","527","527","507","507","511.6231","52800","27013700","527","527","508","511","514","514","507","507"
"3566","20231013","665","668","651","651","655.7623","12200","8000300","665","668","656","656","655","657","651","651"
"3569","20231013","2191","2211","2176","2195","2196.333","107200","235446900","2191","2211","2176","2210","2206","2206","2192","2195"
"3571","20231013","740","740","732","733","735.1304","4600","3381600","740","740","732","733","735","737","733","733"
"3577","20231013","1020","1020","1000","1000","1008.9444","3600","3632200","1020","1020","1010","1011","1010","1010","1000","1000"
"3580","20231013","723","723","707","710","714.0933","37500","26778500","723","723","713","713","710","714","707","710"
"3583","20231013","858","858","858","858","858","100","85800","858","858","858","858","-","-","-","-"
"3591","20231013","3440","3446","3410","3425","3424.395","157200","538314900","3440","3446","3423","3423","3419","3426","3410","3425"
"3593","20231013","3190","3215","3150","3160","3171.0736","81500","258442500","3190","3215","3150","3180","3165","3180","3150","3160"
"3597","20231013","10500","10500","10260","10380","10381","1000","10381000","10500","10500","10490","10490","10410","10410","10260","10380"
"3598","20231013","151","153","151","152","151.5448","13400","2030700","151","153","151","151","151","152","151","152"
"3600","20231013","1570","1571","1566","1566","1569.8","1000","1569800","1570","1571","1570","1571","1571","1571","1566","1566"
"3604","20231013","879","885","879","883","881.2195","4100","3613000","879","881","879","880","879","885","879","883"
"3607","20231013","451","451","430","431","436.0577","81400","35495100","451","451","435","436","436","437","430","431"
"3608","20231013","783","783","738","739","754.0472","675600","509434300","783","783","754","759","759","759","738","739"
"3611","20231013","1580","1640","1576","1625","1613.9706","81700","131861400","1580","1640","1576","1602","1607","1626","1599","1625"
"3612","20231013","1605","1616","1579","1580","1593.3687","73500","117112600","1605","1616","1597","1597","1597","1602","1579","1580"
"3622","20231013","608","618","607","612","611.6111","1800","1100900","608","618","608","617","610","612","607","612"
"3623","20231013","991","996","987","987","990.5965","17100","16939200","991","996","988","992","993","994","987","987"
"3624","20231013","234","237","234","237","235.0331","24200","5687800","234","237","234","236","236","237","234","237"
"3625","20231013","528","531","501","508","516.5885","20900","10796700","528","531","520","523","524","524","501","508"
"3626","20231013","3205","3218","3146","3153","3169.6107","374500","1187019200","3205","3218","3168","3168","3163","3167","3146","3153"
"3627","20231013","422","422","410","413","415.5156","86700","36025200","422","422","410","414","414","416","413","413"
"3628","20231013","1952","1952","1857","1861","1884.9231","2600","4900800","1952","1952","1906","1906","1881","1888","1857","1861"
"3632","20231013","573","573","558","559","562.7331","376900","212094100","573","573","563","563","562","562","558","559"
"3633","20231013","1255","1255","1227","1233","1241.1013","15800","19609400","1255","1255","1237","1239","1249","1249","1227","1233"
"3634","20231013","-","-","-","-","-","-","-","-","-","-","-","-","-","-","-"
"3635","20231013","2095","2103.5","2087","2090","2092.5978","356300","745592600","2095","2103.5","2087.5","2096","2096","2098.5","2087","2090"
"3636","20231013","4860","4910","4845","4870","4875.7992","24400","118969500","4860","4910","4860","4890","4880","4880","4845","4870"
"3639","20231013","278","280","274","274","276.6879","31400","8688000","278","280","278","278","280","280","274","274"
"3640","20231013","1558","1558","1539","1539","1550.0645","3100","4805200","1558","1558","1550","1550","1550","1550","1539","1539"
"3641","20231013","890","890","871","871","881.3398","10300","9077800","890","890","881","883","884","884","871","871"
"3645","20231013","354","363","353","353","356.2645","48400","17243200","354","362","354","361","361","363","353","353"
"3646","20231013","386","387","383","387","385.0441","6800","2618300","386","387","383","384","385","387","385","387"
"3647","20231013","153","156","153","154","154.4795","24400","3769300","153","156","153","154","153","156","153","154"
"3648","20231013","691","692","682","683","686.6082","9700","6660100","691","692","688","688","688","688","682","683"
"3649","20231013","850","850","834","848","843.1261","70600","59524700","850","850","834","836","836","850","836","848"
"3652","20231013","2336","2338","2295","2312","2318.3897","13600","31530100","2336","2338","2305","2330","2323","2323","2295","2312"
"3653","20231013","1247","1247","1213","1220","1230.0203","34500","42435700","1247","1247","1222","1228","1229","1232","1213","1220"
"3655","20231013","855","877","845","847","859.3805","203700","175055800","855","877","852","859","858","859","845","847"
"3656","20231013","271","271","266","266","268.0885","289300","77558000","271","271","267","267","267","269","266","266"
"3657","20231013","473","476","467","468","470.3225","162800","76568500","473","476","467","471","471","471","468","468"
"3659","20231013","2680","2704","2627","2634","2655.3547","1903300","5053936600","2680","2704","2645.5","2645.5","2645.5","2654","2627","2634"
"3660","20231013","485","486","468","468","474.3966","1793800","850972700","485","486","472","473","474","474","468","468"
"3661","20231013","1220","1221","1179","1182","1191.2084","318600","379519000","1220","1221","1184","1190","1193","1193","1179","1182"
"3662","20231013","583","583","569","569","573.5822","157000","90052400","583","583","572","573","572","573","569","569"
"3663","20231013","719","722","708","709","711.4452","135900","96685400","719","722","708","710","712","712","708","709"
"3664","20231013","80","80","78","78","79.2953","607900","48203600","80","80","78","79","80","80","78","78"
"3665","20231013","324","324","309","310","315.1335","765000","241077100","324","324","313","314","314","314","309","310"
"3666","20231013","807","815","740","743","770.1849","483400","372307400","807","815","759","759","758","760","740","743"
"3667","20231013","195","195","189","189","191.4801","533900","102231200","195","195","189","192","192","192","189","189"
"3668","20231013","577","577","566","566","571.7103","172600","98677200","577","577","573","573","573","573","566","566"
"3670","20231013","-","-","-","-","-","-","-","-","-","-","-","-","-","-","-"
"3671","20231013","738","738","731","731","734.96","2500","1837400","738","738","731","732","732","732","731","731"
"3672","20231013","190","190","186","189","187.8702","112500","21135400","190","190","187","188","188","189","186","189"
"3673","20231013","541","541","526","526","533.1697","192700","102741800","541","541","532","534","533","535","526","526"
"3674","20231013","446","453","436","440","441.9286","36400","16086200","446","453","442","442","442","443","436","440"
"3675","20231013","674","677","660","660","664.0906","91600","60830700","674","677","661","667","667","667","660","660"
"3676","20231013","920","921","895","899","903.8272","212400","191972900","920","921","901","902","900","902","895","899"
"3677","20231013","928","928","927","927","927.4072","128200","118893600","928","928","927","928","927","928","927","927"
"3678","20231013","1147","1150","1067","1121","1118.526","331400","370679500","1147","1150","1067","1110","1110","1127","1099","1121"
"3679","20231013","540","540","525","529","530.7096","587500","311791900","540","540","527","529","529","533","525","529"
"3680","20231013","330","330","320","322","324.5161","68400","22196900","330","330","322","322","322","322","320","322"
"3681","20231013","371","371","358","359","362.2412","212700","77048700","371","371","360","360","360","360","358","359"
"3682","20231013","495","496","490","491","492.5408","9800","4826900","495","496","493","493","493","493","490","491"
"3683","20231013","755","757","747","755","752.1709","15800","11884300","755","757","747","751","757","757","750","755"
"3686","20231013","240","243","237","237","238.7463","113500","27097700","240","241","238","241","243","243","237","237"
"3687","20231013","1080","1080","1036","1041","1048.6916","223400","234277700","1080","1080","1045","1045","1042","1046","1036","1041"
"3688","20231013","1220","1220","1198","1201","1206.3632","60300","72743700","1220","1220","1203","1204","1203","1204","1198","1201"
"3690","20231013","542","542","507","513","519.1556","48200","25023300","542","542","527","530","520","520","507","513"
"3691","20231013","691","700","681","681","689.5881","40300","27790400","691","700","684","693","690","693","681","681"
"3692","20231013","1057","1060","1011","1026","1033.4635","194400","200905300","1057","1060","1018","1022","1022","1033","1011","1026"
"3694","20231013","849","859","828","832","841.7294","107900","90822600","849","859","841","842","842","843","828","832"
"3695","20231013","3010","3010","2900","2980","2945.5758","3300","9720400","3010","3010","2900","2900","2950","2998","2948","2980"
"3696","20231013","936","937","918","922","926.5827","56800","52629900","936","937","922","924","924","928","918","922"
"3697","20231013","26805","28530","26250","27420","27541.5903","726300","20003457000","26805","28530","26250","27855","27995","28050","27330","27420"
"3698","20231013","994","1008","978","985","990.2373","11800","11684800","994","1008","986","986","988","990","978","985"
"3708","20231013","3435","3475","3410","3425","3437.6333","15000","51564500","3435","3475","3435","3445","3440","3450","3410","3425"
"3710","20231013","681","684","681","681","682","500","341000","681","681","681","681","684","684","681","681"
"3712","20231013","2941","2949","2925","2925","2938.4","500","1469200","2941","2949","2937","2949","2925","2925","2925","2925"
"3719","20231013","208","208","198","199","200.8194","223700","44923300","208","208","198","202","202","202","199","199"
"3723","20231013","1266","1277","1250","1250","1259.5128","3900","4912100","1266","1277","1262","1262","1262","1262","1250","1250"
"3726","20231013","479","479","470","470","472.7436","3900","1843700","479","479","471","471","471","474","470","470"
"3727","20231013","207","208","198","200","202.2732","248200","50204200","207","208","204","205","204","204","198","200"
"3733","20231013","10020","10110","9700","9700","9853.4132","16700","164552000","10020","10110","9950","10000","10000","10000","9700","9700"
"3738","20231013","1760","1764","1741","1743","1749.7978","44500","77866000","1760","1764","1751","1751","1751","1753","1741","1743"
"3741","20231013","3725","3725","3605","3610","3657.4007","30200","110453500","3725","3725","3650","3650","3660","3660","3605","3610"
"3744","20231013","385","385","382","384","384.4","3500","1345400","385","385","383","383","382","384","382","384"
"3747","20231013","386","388","373","374","377.9837","67600","25551700","386","388","377","378","378","378","373","374"
"3750","20231013","1160","1167","1150","1151","1156.8947","3800","4396200","1160","1167","1160","1167","1167","1167","1150","1151"
"3753","20231013","371","371","360","361","361.6351","14800","5352200","371","371","360","363","363","363","360","361"
"3758","20231013","347","349","340","340","343.561","77000","26454200","347","349","344","344","345","345","340","340"
"3760","20231013","1505","1593","1482","1502","1533.4312","319100","489317900","1505","1593","1503","1529","1532","1532","1482","1502"
"3762","20231013","1576","1579","1522","1523","1538.0291","103200","158724600","1576","1579","1544","1544","1540","1540","1522","1523"
"3763","20231013","1281","1281","1266","1270","1272.2977","13100","16667100","1281","1281","1271","1271","1271","1274","1266","1270"
"3765","20231013","2372","2381.5","2333.5","2350.5","2355.8872","263300","620305100","2372","2381.5","2363","2363.5","2363","2363","2333.5","2350.5"
"3766","20231013","784","791","774","784","782.9429","3500","2740300","784","791","774","786","784","784","783","784"
"3768","20231013","536","536","534","536","535.4167","2400","1285000","536","536","534","535","536","536","534","536"
"3769","20231013","7721","7805","7281","7281","7407.4","490500","3633329700","7721","7805","7313","7315","7379","7385","7281","7281"
"3770","20231013","424","430","422","422","426.8142","11300","4823000","424","430","424","429","429","430","422","422"
"3771","20231013","3115","3120","3025","3070","3084.875","20000","61697500","3115","3120","3070","3095","3025","3105","3025","3070"
"3772","20231013","1326","1326","1284","1284","1298.2376","40400","52448800","1326","1326","1298","1298","1299","1299","1284","1284"
"3773","20231013","1437","1437","1395","1395","1411.6331","66500","93873600","1437","1437","1413","1418","1418","1418","1395","1395"
"3774","20231013","2462","2462","2413.5","2417.5","2430.4187","343800","835577950","2462","2462","2429.5","2440","2449.5","2449.5","2413.5","2417.5"
"3776","20231013","136","136","134","134","134.719","54100","7288300","136","136","134","135","135","135","134","134"
"3777","20231013","46","46","44","44","44.8176","595300","26679900","46","46","45","46","46","46","44","44"
"3778","20231013","1262","1308","1234","1243","1271.7055","1231000","1565469500","1262","1308","1250","1250","1250","1257","1234","1243"
"3779","20231013","267","283","254","261","265.0358","2919800","773851600","267","283","254","260","261","265","255","261"
"3784","20231013","1222","1222","1187","1189","1200.4837","24600","29531900","1222","1222","1201","1202","1204","1204","1187","1189"
"3787","20231013","671","681","671","675","676.75","400","270700","671","681","671","680","675","675","675","675"
"3788","20231013","2655","2689","2602","2611","2633.4674","29100","76633900","2655","2689","2624","2624","2616","2620","2602","2611"
"3791","20231013","3715","3715","3620","3620","3650.5612","29400","107326500","3715","3715","3635","3660","3670","3695","3620","3620"
"3793","20231013","558","559","539","540","546.5521","254100","138878900","558","559","541","541","541","543","539","540"
"3796","20231013","474","484","464","466","474.9808","10400","4939800","474","484","474","482","482","482","464","466"
"3798","20231013","4655","4655","4505","4550","4555.5592","15200","69244500","4655","4655","4505","4575","4575","4605","4520","4550"
"3799","20231013","670","672","668","672","671.0909","3300","2214600","670","672","670","672","672","672","668","672"
"3800","20231013","1832","1838","1831","1837","1834","500","917000","1832","1838","1831","1838","1837","1837","1837","1837"
"3802","20231013","538","538","533","536","535.1765","1700","909800","538","538","536","537","537","537","533","536"
"3803","20231013","428","434","425","430","428.1961","10200","4367600","428","434","425","429","429","430","426","430"
"3804","20231013","1390","1390","1373","1373","1381.5","200","276300","1390","1390","1390","1390","1373","1373","1373","1373"
"3807","20231013","107","107","105","105","106.5167","122900","13090900","107","107","105","105","106","106","105","105"
"3810","20231013","365","370","353","353","360.0159","151300","54470400","365","370","357","358","357","358","353","353"
"3814","20231013","579","582","572","574","576.903","13400","7730500","579","582","572","577","577","580","574","574"
"3815","20231013","260","260","258","259","258.3265","4900","1265800","-","-","-","-","260","260","258","259"
"3816","20231013","948","955","948","955","950.8889","2700","2567400","-","-","-","-","948","955","948","955"
"3817","20231013","3460","3470","3415","3430","3438.3333","10200","35071000","3460","3470","3445","3445","3445","3445","3415","3430"
"3823","20231013","85","86","82","83","83.7162","190300","15931200","85","86","85","85","85","85","82","83"
"3825","20231013","194","194","188","190","189.7844","514900","97720000","194","194","188","189","191","191","188","190"
"3826","20231013","416","419","404","408","410.7342","63200","25958400","416","419","411","411","411","412","404","408"
"3834","20231013","609","609","601","602","603.6206","34000","20523100","609","609","603","603","605","605","601","602"
"3835","20231013","676","676","651","651","668.8987","119500","79933400","676","676","657","660","660","660","651","651"
"3836","20231013","1270","1270","1241","1244","1252.1912","127600","159779600","1270","1270","1245","1254","1250","1254","1241","1244"
"3837","20231013","1648","1648","1622","1624","1633.2449","9800","16005800","1648","1648","1633","1633","1633","1633","1622","1624"
"3839","20231013","558","563","556","556","558.6061","6600","3686800","558","563","557","559","560","560","556","556"
"3840","20231013","154","155","148","148","150.4609","1010500","152040700","154","155","148","151","151","152","148","148"
"3841","20231013","1000","1000","962","969","977.0882","3400","3322100","1000","1000","962","975","975","975","969","969"
"3842","20231013","722","733","721","730","725.8","1500","1088700","722","733","722","729","730","730","721","730"
"3843","20231013","1061","1081","1041","1068","1064.822","110100","117236900","1061","1080","1041","1080","1078","1081","1068","1068"
"3844","20231013","2252","2300","2245","2263","2264.9345","88500","200446700","2252","2300","2245","2266","2269","2272","2253","2263"
"3845","20231013","109","110","109","109","109.4311","22500","2462200","109","110","109","109","110","110","109","109"
"3847","20231013","3145","3145","3130","3130","3136.6667","300","941000","3145","3145","3145","3145","3135","3135","3130","3130"
"3848","20231013","910","943","910","919","923.8636","4400","4065000","910","943","910","933","933","933","919","919"
"3850","20231013","1711","1734","1711","1733","1727.0625","1600","2763300","1711","1734","1711","1734","1722","1733","1722","1733"
"3851","20231013","1135","1135","1128","1129","1130.75","400","452300","1135","1135","1131","1131","1128","1129","1128","1129"
"3852","20231013","1269","1271","1252","1256","1260.2821","7800","9830200","1269","1271","1262","1269","1269","1269","1252","1256"
"3853","20231013","695","697","678","678","685.7631","126200","86543300","695","697","686","687","686","689","678","678"
"3854","20231013","3820","3885","3775","3775","3827.8908","93400","357525000","3820","3885","3780","3860","3860","3875","3775","3775"
"3856","20231013","3195","3200","3080","3095","3118.8641","473200","1475846500","3195","3200","3080","3115","3120","3120","3085","3095"
"3857","20231013","736","736","722","722","727.3112","33100","24074000","736","736","728","729","728","729","722","722"
"3858","20231013","391","391","386","386","388.9724","25400","9879900","391","391","387","387","387","389","386","386"
"3861","20231013","619.6","620.3","612.4","615.8","615.6862","2931900","1805130250","619.6","620.3","612.9","612.9","612.4","615.8","612.4","615.8"
"3863","20231013","1324","1327","1307","1322","1320.057","503300","664384700","1324","1327","1307","1320","1318","1324","1316","1322"
"3864","20231013","594","596","584","590","590.3372","507100","299360000","594","596","585","585","587","592","584","590"
"3865","20231013","1004","1008","987","996","996.6091","345900","344727100","1004","1008","994","996","997","997","987","996"
"3877","20231013","1357","1357","1319","1328","1333.7898","43300","57753100","1357","1357","1333","1333","1332","1334","1319","1328"
"3878","20231013","654","657","644","648","648.2576","19800","12835500","654","657","648","648","648","652","644","648"
"3880","20231013","1206.5","1206.5","1183","1184","1190.9346","317800","378479000","1206.5","1206.5","1187","1188.5","1186.5","1191.5","1183","1184"
"3891","20231013","1923","1941","1886","1886","1904.1332","54800","104346500","1923","1941","1906","1906","1904","1909","1886","1886"
"3892","20231013","1019","1031","1007","1010","1018.3896","7700","7841600","1019","1031","1018","1031","1031","1031","1007","1010"
"3895","20231013","397","399","395","399","396.5625","1600","634500","397","399","395","399","-","-","-","-"
"3896","20231013","483","490","478","479","482.3027","33700","16253600","483","490","482","482","481","482","478","479"
"3900","20231013","1356","1386","1321","1329","1330.9838","74000","98492800","1356","1386","1321","1332","1332","1333","1321","1329"
"3901","20231013","2891","2891","2790","2793","2830.8782","27100","76716800","2891","2891","2833","2833","2828","2828","2790","2793"
"3902","20231013","738","746","717","717","728.1674","285500","207891800","738","746","735","735","735","735","717","717"
"3903","20231013","484","493","481","484","486.4704","449000","218425200","484","493","481","489","489","489","484","484"
"3904","20231013","727","730","713","715","720.5238","18900","13617900","727","730","717","717","717","719","713","715"
"3905","20231013","300","302","298","299","300.134","9700","2911300","300","302","298","301","301","301","299","299"
"3907","20231013","1113","1120","1050","1060","1084.036","213900","231875300","1113","1120","1070","1090","1091","1099","1050","1060"
"3908","20231013","351","355","346","350","348.1641","12800","4456500","351","355","351","355","353","353","346","350"
"3909","20231013","318","319","306","308","310.1184","24500","7597900","318","319","307","308","314","314","306","308"
"3910","20231013","370","372","366","372","369.5758","3300","1219600","370","370","370","370","370","372","366","372"
"3911","20231013","319","321","314","314","316.6952","631800","200088000","319","321","316","317","318","318","314","314"
"3912","20231013","789","793","785","785","787.4286","19600","15433600","789","793","786","786","787","788","785","785"
"3913","20231013","555","559","553","553","554.52","2500","1386300","555","559","554","554","555","555","553","553"
"3914","20231013","3755","3755","3640","3640","3681.8325","19100","70323000","3755","3755","3670","3670","3665","3665","3640","3640"
"3915","20231013","1922","1922","1842","1843","1867.269","98900","184672900","1922","1922","1859","1862","1861","1861","1842","1843"
"3916","20231013","1740","1740","1681","1684","1706.1029","55400","94518100","1740","1740","1705","1709","1705","1708","1681","1684"
"3917","20231013","618","622","604","612","611.0956","42900","26216000","618","622","604","608","609","621","604","612"
"3918","20231013","1030","1032","1021","1021","1026.107","38300","39299900","1030","1032","1024","1027","1028","1028","1021","1021"
"3920","20231013","525","532","521","521","525.1724","14500","7615000","525","532","525","529","529","529","521","521"
"3921","20231013","1001","1001","980","981","986.6715","27400","27034800","1001","1001","984","984","988","988","980","981"
"3922","20231013","1720","1804","1694","1694","1743.5863","306000","533537400","1720","1804","1715","1727","1722","1730","1694","1694"
"3923","20231013","2051","2068","1955.5","1958","1990.9527","910700","1813160650","2051","2068","1987","1987","1990","1992.5","1955.5","1958"
"3924","20231013","1315","1315","1290","1290","1298.3897","27200","35316200","1315","1315","1291","1291","1299","1304","1290","1290"
"3925","20231013","1523","1523","1467","1467","1490.9354","224600","334864100","1523","1523","1493","1494","1494","1497","1467","1467"
"3926","20231013","778","779","762","765","768.288","152800","117394400","778","779","762","767","765","769","763","765"
"3927","20231013","595","606","587","589","596.4502","23100","13778000","595","606","595","596","592","596","587","589"
"3928","20231013","334","334","322","325","326.3544","60100","19613900","334","334","322","324","324","326","324","325"
"3929","20231013","288","290","274","278","279.9815","91900","25730300","288","290","282","283","282","282","274","278"
"3930","20231013","796","796","783","783","788.4","3000","2365200","796","796","785","785","784","784","783","783"
"3931","20231013","1111","1111","1111","1111","1111","100","111100","-","-","-","-","1111","1111","1111","1111"
"3932","20231013","2016","2025","1967","1974","1987.8637","106400","211508700","2016","2025","1968","1970","1972","1987","1967","1974"
"3933","20231013","667","679","666","679","670.2857","2100","1407600","667","670","667","670","670","679","666","679"
"3934","20231013","1221","1223","1192","1192","1211.1389","3600","4360100","1221","1223","1192","1203","1197","1197","1192","1192"
"3935","20231013","403","405","396","398","399.4863","62100","24808100","403","405","397","398","400","402","396","398"
"3936","20231013","175","175","171","172","172.4665","162500","28025800","175","175","171","171","172","174","171","172"
"3937","20231013","1149","1149","1106","1111","1120.7615","285900","320425700","1149","1149","1108","1119","1119","1128","1106","1111"
"3939","20231013","483","484","471","472","476.5403","306500","146059600","483","484","472","477","478","478","471","472"
"3940","20231013","112","113","111","111","111.9056","115500","12925100","112","113","112","112","112","112","111","111"
"3941","20231013","1000.5","1004.5","990.4","995.6","997.4661","1011400","1008837240","1000.5","1004.5","998.5","1000","998.9","1000.5","990.4","995.6"
"3943","20231013","2104","2104","2100","2100","2101.6667","300","630500","2104","2104","2104","2104","2101","2101","2100","2100"
"3944","20231013","2378","2378","2321","2330","2345.0833","1200","2814100","2378","2378","2349","2349","2335","2335","2321","2330"
"3945","20231013","2151","2178","2130","2162","2156.0833","2400","5174600","2151","2178","2150","2150","2150","2168","2130","2162"
"3946","20231013","2350","2351","2300","2311","2318.5568","44000","102016500","2350","2351","2320","2322","2325","2325","2300","2311"
"3947","20231013","1512","1527","1510","1523","1517.7692","1300","1973100","1512","1518","1510","1518","1518","1527","1513","1523"
"3948","20231013","897","915","897","902","906.2597","18100","16403300","897","915","897","912","912","912","902","902"
"3950","20231013","3205","3265","3190","3210","3217.9924","13200","42477500","3205","3265","3205","3240","3220","3230","3190","3210"
"3951","20231013","880","882","877","882","879.9394","6600","5807600","880","880","878","880","881","882","877","882"
"3953","20231013","568","574","568","574","569.8571","700","398900","568","570","568","570","572","574","572","574"
"3954","20231013","1777","1777","1777","1777","1777","500","888500","1777","1777","1777","1777","-","-","-","-"
"3955","20231013","1176","1176","1161","1163","1167.1714","7000","8170200","1176","1176","1161","1169","1170","1170","1163","1163"
"3958","20231013","582","583","567","569","572.8012","168500","96517000","582","583","574","575","577","577","567","569"
"3961","20231013","873","897","873","892","889.6667","4200","3736600","873","897","873","897","897","897","878","892"
"3962","20231013","1619","1620","1529","1543","1565.3492","1137100","1779958600","1619","1620","1562","1562","1563","1563","1529","1543"
"3963","20231013","552","560","544","545","549.908","182700","100468200","552","560","547","553","551","553","544","545"
"3964","20231013","1740","1740","1700","1709","1713.8612","24500","41989600","1740","1740","1719","1719","1717","1720","1700","1709"
"3965","20231013","766","768","753","753","757.6241","13300","10076400","766","768","756","759","759","760","753","753"
"3967","20231013","810","810","790","791","797.7841","30100","24013300","810","810","792","796","793","798","790","791"
"3968","20231013","1018","1018","997","1008","1007.1096","29200","29407600","1018","1018","999","999","1000","1013","997","1008"
"3969","20231013","1422","1422","1397","1399","1404.2205","12700","17833600","1422","1422","1403","1404","1401","1404","1397","1399"
"3970","20231013","1216","1226","1181","1183","1203.7541","6100","7342900","1216","1226","1203","1209","1206","1206","1181","1183"
"3974","20231013","537","539","528","535","534.1069","15900","8492300","537","539","528","534","534","537","530","535"
"3976","20231013","576","588","576","576","579","2700","1563300","576","588","576","581","581","581","576","576"
"3978","20231013","695","697","687","687","691.7298","160600","111091800","695","697","691","693","692","694","687","687"
"3979","20231013","1980","1997","1941","1941","1959.8344","31400","61538800","1980","1997","1959","1968","1968","1973","1941","1941"
"3981","20231013","1091","1091","1075","1078","1081.0891","20200","21838000","1091","1091","1077","1077","1077","1082","1075","1078"
"3983","20231013","2160","2177","2102","2120","2136.1476","63000","134577300","2160","2177","2142","2146","2150","2152","2102","2120"
"3984","20231013","1690","1692","1634","1634","1655.1372","244100","404019000","1690","1692","1655","1655","1655","1656","1634","1634"
"3985","20231013","265","267","251","258","259.6149","30900","8022100","265","266","265","265","267","267","251","258"
"3986","20231013","1434","1463","1430","1463","1436.2222","900","1292600","1434","1434","1434","1434","1434","1463","1430","1463"
"3987","20231013","648","650","620","622","629.227","129100","81233200","648","650","622","629","629","647","620","622"
"3988","20231013","882","882","835","835","854.3253","8300","7090900","882","882","850","863","867","867","835","835"
"3989","20231013","629","629","601","603","611.4961","387600","237015900","629","629","612","612","612","613","601","603"
"3990","20231013","638","638","605","612","612.6025","97100","59483700","638","638","610","610","611","612","605","612"
"3991","20231013","1355","1360","1326","1358","1343.4814","59200","79534100","1355","1355","1326","1338","1340","1360","1330","1358"
"3992","20231013","630","631","615","615","618.2172","149200","92238000","630","631","615","618","616","619","615","615"
"3993","20231013","2562","2605","2544","2547","2569.525","253700","651888500","2562","2605","2544","2577","2577","2585","2547","2547"
"3994","20231013","5020","5068","4770","4792","4873.1542","784700","3823964100","5020","5068","4840","4875","4873","4873","4770","4792"
"3995","20231013","454","466","445","446","454.1676","215400","97827700","454","466","448","450","449","451","445","446"
"3996","20231013","440","440","423","424","428.2652","143300","61370400","440","440","424","427","427","430","423","424"
"3997","20231013","925","925","905","906","915.6","2500","2289000","925","925","905","915","915","915","906","906"
"3998","20231013","589","589","575","581","581.0745","16100","9355300","589","589","575","581","578","582","575","581"
"4004","20231013","2537.5","2551","2518.5","2526","2529.1255","1020000","2579708050","2537.5","2551","2521","2531","2530","2534","2518.5","2526"
"4005","20231013","401.6","402.7","398.6","399.1","400.0676","8498200","3399854580","401.6","402.7","399.5","400","400","400.2","398.6","399.1"
"4008","20231013","4535","4560","4490","4500","4515.1538","45500","205439500","4535","4560","4515","4520","4530","4530","4490","4500"
"4011","20231013","6490","6820","6490","6570","6611.2629","38800","256517000","6490","6820","6490","6560","6570","6670","6510","6570"
"4012","20231013","1406","1413","1402","1410","1407.4231","2600","3659300","1406","1413","1403","1403","1403","1410","1402","1410"
"4013","20231013","1208","1232","1207","1215","1216.4231","2600","3162700","1208","1225","1207","1215","1215","1232","1209","1215"
"4014","20231013","642","644","601","612","623.1571","19100","11902300","642","644","626","629","628","628","601","612"
"4015","20231013","750","761","720","725","736.0803","402200","296051500","750","761","732","746","747","749","720","725"
"4016","20231013","711","711","705","705","707.8235","1700","1203300","711","711","705","705","705","706","705","705"
"4017","20231013","334","348","301","305","319.8784","161200","51564400","334","348","309","311","311","311","301","305"
"4019","20231013","716","716","677","685","689.7816","82400","56838000","716","716","683","689","683","690","677","685"
"4020","20231013","846","846","844","844","844.9231","1300","1098400","846","846","844","844","844","844","844","844"
"4021","20231013","6407","6429","6347","6376","6386.4426","802900","5127674800","6407","6429","6362","6377","6377","6385","6347","6376"
"4022","20231013","2030","2043","2008","2015","2021.8806","20100","40639800","2030","2043","2021","2029","2039","2040","2008","2015"
"4023","20231013","8760","9360","8760","9310","9204.3797","487700","4488976000","8760","9360","8760","9260","9270","9310","9220","9310"
"4025","20231013","3515","3515","3435","3445","3465","11000","38115000","3515","3515","3470","3480","3480","3480","3435","3445"
"4026","20231013","1383","1393","1368","1370","1378.3665","50200","69194000","1383","1393","1377","1379","1376","1381","1368","1370"
"4027","20231013","1550","1581","1544","1561","1560.0418","98000","152884100","1550","1581","1544","1578","1575","1578","1549","1561"
"4028","20231013","1419","1421","1392","1397","1403.885","222700","312645200","1419","1421","1402","1402","1401","1410","1392","1397"
"4031","20231013","1113","1113","1091","1091","1097.9608","15300","16798800","1113","1113","1099","1101","1098","1102","1091","1091"
"4040","20231013","3900","3900","3675","3750","3746.5982","56000","209809500","3900","3900","3735","3770","3770","3770","3675","3750"
"4041","20231013","5430","5470","5380","5390","5426.4","55000","298452000","5430","5470","5420","5440","5440","5450","5380","5390"
"4042","20231013","1870","1885.5","1845.5","1847.5","1859.846","1265200","2353077200","1870","1885.5","1865","1865","1864","1865.5","1845.5","1847.5"
"4043","20231013","2264.5","2284.5","2252","2261.5","2263.5904","280400","634710750","2264.5","2284.5","2258.5","2261.5","2265","2269.5","2252","2261.5"
"4044","20231013","2899","2922","2884","2914","2904.5197","127200","369454900","2899","2922","2884","2906","2906","2914","2893","2914"
"4045","20231013","1367.5","1374","1352.5","1355","1359.2352","266800","362643950","1367.5","1374","1364.5","1365","1365","1366","1352.5","1355"
"4046","20231013","7080","7410","7020","7350","7269.8263","299300","2175859000","7080","7290","7020","7270","7310","7410","7230","7350"
"4047","20231013","862","862","846","850","851.4636","222400","189365500","862","862","851","851","851","852","846","850"
"4051","20231013","9430","9430","9050","9070","9156.8666","66700","610763000","9430","9430","9140","9160","9150","9160","9050","9070"
"4052","20231013","1000","1006","937","938","961.5146","51500","49518000","1000","1006","953","957","957","957","937","938"
"4053","20231013","1312","1316","1291","1294","1302.0227","123500","160799800","1312","1316","1303","1303","1308","1308","1291","1294"
"4054","20231013","697","697","682","687","690.8872","33700","23282900","697","697","682","687","695","695","685","687"
"4055","20231013","2294","2294","2184","2196","2216.3981","222800","493813500","2294","2294","2198","2226","2218","2220","2184","2196"
"4056","20231013","1011","1011","986","987","994.3904","62500","62149400","1011","1011","989","989","989","995","986","987"
"4057","20231013","600","610","600","607","605","9500","5747500","600","610","600","610","610","610","605","607"
"4058","20231013","1440","1440","1412","1412","1421.3099","14200","20182600","1440","1440","1412","1418","1412","1423","1412","1412"
"4059","20231013","523","523","518","520","519.4","500","259700","523","523","523","523","518","520","518","520"
"4060","20231013","1075","1080","1037","1046","1052.4745","37300","39257300","1075","1080","1056","1061","1053","1059","1037","1046"
"4061","20231013","2724","2741.5","2714","2727","2724.2043","372500","1014766100","2724","2741.5","2714","2722","2721","2728.5","2714","2727"
"4062","20231013","8303","8467","8135","8142","8249.8913","1465800","12092690600","8303","8467","8277","8279","8279","8303","8135","8142"
"4063","20231013","4503","4516","4471","4488","4495.2755","5019700","22564934600","4503","4516","4471","4498","4515","4515","4477","4488"
"4064","20231013","1785","1799","1745","1747","1758.8921","45400","79853700","1785","1799","1745","1748","1750","1756","1745","1747"
"4068","20231013","1605","1622","1605","1609","1610.25","400","644100","-","-","-","-","1605","1622","1605","1609"
"4069","20231013","1718","1719","1686","1693","1703","2200","3746600","1718","1719","1714","1719","1703","1709","1686","1693"
"4071","20231013","2808","2814","2717","2729","2754.5373","231700","638226300","2808","2814","2747","2768","2761","2761","2717","2729"
"4072","20231013","2797","2797","2727","2730","2753.2823","20900","57543600","2797","2797","2745","2748","2754","2754","2727","2730"
"4073","20231013","515","531","514","520","520","1100","572000","-","-","-","-","515","531","514","520"
"4074","20231013","1660","1668","1576","1592","1600.4936","38900","62259200","1660","1668","1576","1594","1596","1603","1580","1592"
"4075","20231013","803","810","772","785","788.1362","36700","28924600","803","810","772","785","793","793","774","785"
"4076","20231013","1745","1745","1665","1681","1699.4308","13000","22092600","1745","1745","1722","1722","1722","1722","1665","1681"
"4078","20231013","2075","2091","2063","2068","2073.8182","26400","54748800","2075","2091","2072","2072","2068","2077","2063","2068"
"4080","20231013","1220","1220","1185","1196","1195.8208","69200","82750800","1220","1220","1190","1190","1190","1196","1185","1196"
"4082","20231013","964","966","942","945","952.2611","56300","53612300","964","966","949","949","945","949","942","945"
"4088","20231013","1885","1885","1864.5","1872.5","1871.3325","647500","1211687800","1885","1885","1864.5","1869.5","1865","1874","1865","1872.5"
"4091","20231013","3782","3787","3737","3787","3767.7911","597500","2251255200","3782","3782","3737","3748","3741","3787","3740","3787"
"4092","20231013","1945","1954","1921","1929","1936.8233","28300","54812100","1945","1954","1937","1941","1946","1946","1921","1929"
"4093","20231013","1626","1630","1604","1618","1618.0212","18900","30580600","1626","1630","1620","1625","1624","1625","1604","1618"
"4094","20231013","1180","1180","1168","1176","1172.8906","6400","7506500","1180","1180","1168","1169","1169","1176","1168","1176"
"4095","20231013","1089","1098","1080","1084","1088.1255","138600","150814200","1089","1098","1085","1089","1091","1091","1080","1084"
"4097","20231013","766","776","761","763","766.6939","24500","18784000","766","776","766","769","769","769","761","763"
"4098","20231013","1407","1407","1385","1385","1396.625","5600","7821100","1407","1407","1401","1401","1401","1402","1385","1385"
"4099","20231013","1739","1758","1701","1715","1722.7674","67500","116286800","1739","1758","1712","1718","1712","1718","1701","1715"
"4100","20231013","1859","1859","1805","1805","1822.4919","30700","55950500","1859","1859","1825","1827","1823","1823","1805","1805"
"4102","20231013","-","-","-","-","-","-","-","-","-","-","-","-","-","-","-"
"4107","20231013","9090","9150","8910","8970","8981.5085","41100","369140000","9090","9150","8960","9000","8990","8990","8910","8970"
"4109","20231013","3210","3215","3190","3210","3204.7893","26100","83645000","3210","3215","3190","3210","3200","3215","3195","3210"
"4112","20231013","3145","3145","3080","3080","3100.9375","17600","54576500","3145","3145","3110","3115","3115","3115","3080","3080"
"4113","20231013","702","707","699","700","703.1","5000","3515500","702","707","702","707","707","707","699","700"
"4114","20231013","5490","5513","5460","5484","5489.6682","42500","233310900","5490","5513","5460","5510","5510","5513","5479","5484"
"4116","20231013","2210","2216","2197","2203","2206.195","20000","44123900","2210","2216","2199","2209","2210","2214","2197","2203"
"4118","20231013","3779","3820","3770","3770","3788.8643","168800","639560300","3779","3820","3777","3811","3813","3818","3770","3770"
"4119","20231013","-","-","-","-","-","-","-","-","-","-","-","-","-","-","-"
"4120","20231013","-","-","-","-","-","-","-","-","-","-","-","-","-","-","-"
"4124","20231013","1697","1706","1681","1692","1690.2432","3700","6253900","1697","1706","1690","1706","1684","1697","1681","1692"
"4125","20231013","3015","3030","2994","3000","3011.0725","6900","20776400","3015","3015","2994","2994","3000","3030","2995","3000"
"4151","20231013","2605.5","2608.5","2531","2536","2562.3357","1003200","2570535150","2605.5","2608.5","2556","2556","2550","2556","2531","2536"
"4165","20231013","682","687","674","674","678.9347","450200","305656400","682","687","676","681","680","681","674","674"
"4166","20231013","865","872","860","868","865.082","6100","5277000","865","872","860","864","866","869","864","868"
"4167","20231013","396","396","387","391","389.7929","19800","7717900","396","396","389","389","388","391","387","391"
"4168","20231013","1205","1210","1147","1153","1168.1906","157900","184457300","1205","1210","1147","1166","1166","1170","1153","1153"
"4169","20231013","995","1015","988","1000","997.684","674300","672738300","995","1015","988","995","995","1012","993","1000"
"4170","20231013","307","307","298","299","300.3248","62800","18860400","307","307","298","300","300","301","298","299"
"4171","20231013","1622","1626","1607","1626","1615.5556","900","1454000","1622","1622","1607","1608","1626","1626","1626","1626"
"4172","20231013","1749","1750","1745","1749","1747.2857","700","1223100","1749","1750","1745","1750","1745","1749","1745","1749"
"4173","20231013","644","647","627","643","635.6006","371600","236189200","644","647","627","634","630","643","627","643"
"4174","20231013","1085","1088","1022","1036","1052.6446","12100","12737000","1085","1088","1071","1074","1080","1080","1022","1036"
"4175","20231013","949","960","946","960","952.2439","4100","3904200","949","958","949","955","949","960","946","960"
"4176","20231013","360","365","351","356","358.1205","796800","285350400","360","365","351","360","364","364","355","356"
"4177","20231013","1436","1457","1407","1410","1426.2632","3800","5419800","1436","1457","1407","1411","1436","1436","1410","1410"
"4178","20231013","775","782","772","776","779.3333","1800","1402800","775","778","772","772","782","782","776","776"
"4179","20231013","304","309","303","309","306","600","183600","304","304","303","303","304","309","304","309"
"4180","20231013","1594","1596","1547","1556","1565.2557","1005900","1574490700","1594","1596","1555","1561","1557","1562","1547","1556"
"4182","20231013","2033","2054","2029","2042.5","2042.2475","608900","1243524500","2033","2054","2029","2048","2046.5","2048.5","2035.5","2042.5"
"4183","20231013","3771","3809","3760","3787","3785.5871","989000","3743945600","3771","3809","3760","3794","3802","3808","3773","3787"
"4185","20231013","4042","4061","4042","4050","4052.1893","1103800","4472806600","4042","4061","4042","4046","4046","4053","4042","4050"
"4186","20231013","9220","9300","9210","9270","9254.3968","176400","1632475600","9220","9300","9210","9250","9250","9274","9221","9270"
"4187","20231013","2730","2750","2688","2704","2713.7568","84300","228769700","2730","2750","2707","2731","2730","2730","2688","2704"
"4188","20231013","912.2","918.4","904.7","904.8","908.4702","3943400","3582461190","912.2","918.4","908.7","908.7","908","912.4","904.7","904.8"
"4189","20231013","2277","2296","2239","2242","2267.0331","96800","219448800","2277","2296","2268","2268","2273","2273","2239","2242"
"4192","20231013","586","588","562","563","568.4969","275900","156848300","586","588","566","566","567","569","562","563"
"4193","20231013","2003","2019","1950","1995","1989.4579","40400","80374100","2003","2016","1950","2010","2010","2019","1995","1995"
"4194","20231013","7210","7220","6930","6930","7066.5837","297400","2101602000","7210","7220","7070","7120","7100","7130","6930","6930"
"4196","20231013","1228","1230","1211","1218","1223.625","4000","4894500","1228","1228","1218","1218","1225","1230","1211","1218"
"4198","20231013","2170","2197","2130","2130","2159.0588","1700","3670400","2170","2170","2160","2160","2160","2197","2130","2130"
"4199","20231013","1192","1200","1162","1177","1185.3415","12300","14579700","1192","1200","1162","1195","1194","1199","1170","1177"
"4200","20231013","1793","1793","1793","1793","1793","1500","2689500","1793","1793","1793","1793","1793","1793","1793","1793"
"4202","20231013","1216.5","1229.5","1210.5","1216.5","1218.2253","609400","742386500","1216.5","1229.5","1215.5","1220","1217","1220","1210.5","1216.5"
"4203","20231013","6783","6825","6690","6704","6738.979","175800","1184712500","6783","6825","6721","6783","6769","6773","6690","6704"
"4204","20231013","2100.5","2116.5","2085.5","2087","2095.5367","717700","1503966700","2100.5","2116.5","2098","2101","2101","2105.5","2085.5","2087"
"4205","20231013","1570.5","1575","1557","1572","1567.5868","733600","1149981700","1570.5","1575","1558.5","1562.5","1560","1575","1557","1572"
"4206","20231013","3366","3375","3327","3335","3346.5048","135700","454120700","3366","3375","3346","3350","3344","3352","3327","3335"
"4208","20231013","2364.5","2372","2331","2339","2347.1868","557100","1307617750","2364.5","2372","2346.5","2349","2349","2353","2331","2339"
"4212","20231013","2423","2432","2404","2406","2413.323","35600","85914300","2423","2432","2408","2413","2419","2419","2404","2406"
"4215","20231013","582","585","576","577","579.8972","125500","72777100","582","585","579","580","577","580","576","577"
"4216","20231013","3760","3800","3690","3710","3745.6059","127900","479063000","3760","3800","3755","3770","3760","3765","3690","3710"
"4218","20231013","1833","1833","1816","1823","1822.99","30000","54689700","1833","1833","1820","1822","1821","1824","1816","1823"
"4220","20231013","720","730","720","722","724.0905","86200","62416600","720","730","720","729","728","729","720","722"
"4221","20231013","2615","2615","2577","2580","2593.2753","17800","46160300","2615","2615","2595","2595","2595","2595","2577","2580"
"4222","20231013","314","314","312","312","313.3478","2300","720700","314","314","312","314","314","314","312","312"
"4224","20231013","1453","1460","1445","1445","1449.1136","4400","6376100","1453","1460","1449","1449","1451","1451","1445","1445"
"4228","20231013","451","452","444","446","447.3774","63600","28453200","451","452","446","446","446","447","444","446"
"4229","20231013","3310","3315","3240","3240","3264.8214","11200","36566000","3310","3315","3260","3260","3260","3285","3240","3240"
"4231","20231013","654","658","639","644","645.3353","117200","75633300","654","658","642","642","641","645","639","644"
"4234","20231013","538","538","522","522","532.4956","11300","6017200","538","538","526","526","531","531","522","522"
"4235","20231013","1301","1302","1259","1275","1278.1617","147800","188912300","1301","1302","1266","1268","1268","1282","1259","1275"
"4237","20231013","358","359","355","358","357.2153","28800","10287800","358","358","355","355","359","359","356","358"
"4238","20231013","1430","1431","1406","1408","1419.6197","63100","89578000","1430","1431","1417","1426","1426","1426","1406","1408"
"4240","20231013","392","409","385","391","397.0998","50100","19894700","392","405","392","402","403","409","385","391"
"4241","20231013","760","779","745","746","762.9462","68800","52490700","760","779","750","753","753","756","745","746"
"4242","20231013","1784","1806","1758","1806","1782.9167","1200","2139500","1784","1798","1758","1783","1806","1806","1806","1806"
"4243","20231013","837","840","831","839","836","1400","1170400","837","840","831","839","839","839","839","839"
"4245","20231013","727","730","723","723","725.6404","35600","25832800","727","730","725","725","727","727","723","723"
"4246","20231013","791","792","774","779","781.3649","55900","43678300","791","792","784","784","782","784","774","779"
"4247","20231013","1181","1198","1181","1198","1185.25","800","948200","1181","1181","1181","1181","1198","1198","1198","1198"
"4248","20231013","800","800","795","795","797.2889","13500","10763400","800","800","796","798","798","798","795","795"
"4249","20231013","2283","2288","2257","2264","2269.3905","21000","47657200","2283","2288","2274","2276","2282","2282","2257","2264"
"4251","20231013","1378","1387","1329","1334","1347.4217","147500","198744700","1378","1387","1341","1341","1344","1354","1329","1334"
"4255","20231013","594","606","594","605","599.2727","1100","659200","594","606","594","594","594","605","594","605"
"4256","20231013","814","862","805","837","831.7612","6700","5572800","814","862","814","841","827","839","805","837"
"4258","20231013","2322","2322","2191","2200","2235.2826","59100","132105200","2322","2322","2232","2245","2237","2245","2191","2200"
"4259","20231013","404","409","400","400","404.0097","300400","121364500","404","409","402","404","405","407","400","400"
"4260","20231013","614","619","600","600","606.4835","27300","16557000","614","619","607","611","609","610","600","600"
"4261","20231013","1935","1982","1895","1895","1913.8824","6800","13014400","1935","1982","1930","1930","1920","1927","1895","1895"
"4262","20231013","811","812","804","805","807.5679","8100","6541300","811","812","809","812","812","812","804","805"
"4263","20231013","1580","1580","1515","1530","1535.609","141700","217595800","1580","1580","1515","1529","1533","1540","1526","1530"
"4264","20231013","1632","1683","1612","1663","1652.9168","66100","109257800","1632","1676","1612","1655","1666","1683","1654","1663"
"4265","20231013","482","488","467","475","478.4468","47000","22487000","482","488","467","478","480","487","475","475"
"4267","20231013","991","1031","991","1025","1010.1111","900","909100","991","991","991","991","1000","1031","1000","1025"
"4268","20231013","771","771","754","756","759.0169","35500","26945100","771","771","754","757","761","764","756","756"
"4270","20231013","4070","4070","3850","3850","3920.8058","24200","94883500","4070","4070","3920","3940","3980","3980","3850","3850"
"4272","20231013","1263","1269.5","1250.5","1255","1258.9026","222700","280357600","1263","1269.5","1260.5","1261.5","1257.5","1261","1250.5","1255"
"4274","20231013","1426","1520","1426","1510","1486.148","108100","160652600","1426","1490","1426","1466","1475","1520","1465","1510"
"4275","20231013","984","1010","965","970","984.9851","161300","158878100","984","1010","978","978","979","981","965","970"
"4284","20231013","425","425","413","413","417.6205","96700","40383900","425","425","416","416","416","417","413","413"
"4286","20231013","805","805","798","799","800.6757","7400","5925000","805","805","799","799","799","800","798","799"
"4287","20231013","318","318","312","312","314.5833","9600","3020000","318","318","315","315","315","317","312","312"
"4288","20231013","494","500","494","498","497","1200","596400","494","500","494","498","498","498","498","498"
"4290","20231013","608","612","599","603","603.8106","225500","136159300","608","612","604","604","602","603","599","603"
"4293","20231013","409","420","408","415","412.164","537100","221373300","409","412","408","410","409","420","409","415"
"4295","20231013","487","489","482","484","484.6706","25200","12213700","487","489","487","487","487","487","482","484"
"4298","20231013","1108","1111","1098","1104","1105.0029","69400","76687200","1108","1111","1101","1102","1100","1111","1098","1104"
"4299","20231013","1423","1433","1411","1431","1424.4565","4600","6552500","1423","1430","1411","1422","1422","1433","1422","1431"
"4301","20231013","1540","1540","1509","1512","1519.7512","41400","62917700","1540","1540","1518","1519","1520","1520","1509","1512"
"4304","20231013","1355","1358","1340","1343","1348.3692","6500","8764400","1355","1358","1340","1341","1340","1347","1340","1343"
"4307","20231013","3943","3957","3833","3844","3857.3356","2231800","8608801600","3943","3957","3833","3845","3850","3855","3833","3844"
"4308","20231013","483","483","469","469","473.8071","42000","19899900","483","483","476","476","477","477","469","469"
"4310","20231013","3000","3020","2953","2968","2986.2446","36800","109893800","3000","3020","2988","3000","3005","3010","2953","2968"
"4312","20231013","770","776","759","761","766.9771","26200","20094800","770","776","768","768","769","770","759","761"
"4316","20231013","436","437","433","435","434.8167","12000","5217800","436","437","433","436","435","437","435","435"
"4317","20231013","386","387","382","384","384.75","8800","3385800","386","387","383","385","386","386","382","384"
"4318","20231013","2100","2115","2087","2096","2098.6159","42700","89610900","2100","2115","2094","2102","2099","2101","2087","2096"
"4319","20231013","198","198","196","198","197.1331","66100","13030500","198","198","196","196","197","198","196","198"
"4320","20231013","545","550","530","532","538.6912","92300","49721200","545","550","541","541","540","541","530","532"
"4323","20231013","2185","2203","2154","2173","2177.7455","22400","48781500","2185","2203","2170","2193","2201","2201","2154","2173"
"4324","20231013","4449","4462","4428","4457","4450.3949","812700","3616835900","4449","4462","4428","4437","4437","4458","4432","4457"
"4326","20231013","2201","2201","2063","2085","2104.748","102400","215526200","2201","2201","2080","2092","2084","2093","2063","2085"
"4331","20231013","949","951","917","917","928.6007","108700","100938900","949","951","929","931","937","937","917","917"
"4333","20231013","1238","1251","1228","1233","1238.8239","15900","19697300","1238","1251","1234","1241","1241","1241","1228","1233"
"4334","20231013","1398","1425","1375","1393","1396.2072","397200","554573500","1398","1425","1375","1392","1393","1403","1376","1393"
"4335","20231013","1011","1031","1002","1019","1010.6364","5500","5558500","1011","1012","1002","1007","1004","1031","1002","1019"
"4337","20231013","3585","3585","3475","3475","3506.3672","12800","44881500","3585","3585","3510","3510","3500","3505","3475","3475"
"4341","20231013","-","-","-","-","-","-","-","-","-","-","-","-","-","-","-"
"4343","20231013","2980","3135","2950","3075","3047.4309","157800","480884600","2980","3085","2950","3065","3065","3135","3055","3075"
"4344","20231013","177","177","173","173","174.7953","1168200","204195900","177","177","174","176","175","176","173","173"
"4345","20231013","689","690","681","684","685.8029","27400","18791000","689","690","687","687","686","686","681","684"
"4346","20231013","891","891","860","861","872.9011","89000","77688200","891","891","867","870","875","875","860","861"
"4347","20231013","1732","1748","1704","1713","1727.5904","83500","144253800","1732","1748","1704","1726","1725","1732","1713","1713"
"4348","20231013","2725","2744","2682","2686","2706.6797","74000","200294300","2725","2744","2696","2707","2699","2717","2682","2686"
"4350","20231013","424","436","423","430","429.3326","44800","19234100","424","436","423","429","429","430","428","430"
"4351","20231013","1000","1000","998","1000","999.4444","900","899500","1000","1000","998","1000","1000","1000","1000","1000"
"4355","20231013","185","185","185","185","185","7500","1387500","185","185","185","185","185","185","185","185"
"4356","20231013","1489","1489","1467","1475","1477.9286","1400","2069100","1489","1489","1467","1467","1470","1477","1470","1475"
"4360","20231013","615","615","608","609","611.55","2000","1223100","615","615","608","608","613","613","609","609"
"4361","20231013","1529","1591","1505","1513","1531.125","4800","7349400","1529","1529","1513","1513","1513","1591","1505","1513"
"4362","20231013","2649","2685","2649","2672","2670.2715","15100","40321100","2649","2685","2649","2672","2678","2678","2666","2672"
"4365","20231013","14260","14260","13990","14000","14060","1400","19684000","14260","14260","14200","14200","14190","14190","13990","14000"
"4366","20231013","598","623","598","614","613.9509","16300","10007400","598","623","598","619","619","619","606","614"
"4367","20231013","2330","2340","2329","2340","2335","600","1401000","2330","2330","2330","2330","2329","2340","2329","2340"
"4368","20231013","4190","4240","4165","4185","4196.0554","86700","363798000","4190","4240","4185","4215","4210","4225","4165","4185"
"4369","20231013","3310","3335","3210","3225","3266.8639","242500","792214500","3310","3335","3255","3255","3255","3255","3210","3225"
"4370","20231013","518","539","508","528","525.25","14000","7353500","518","539","508","517","517","528","517","528"
"4371","20231013","2710","2710","2622","2623","2651.1705","47500","125930600","2710","2710","2625","2653","2653","2654","2622","2623"
"4372","20231013","1247","1247","1225","1227","1231.1429","700","861800","-","-","-","-","1247","1247","1225","1227"
"4373","20231013","2700","2728","2698","2709","2704.7433","156200","422480900","2700","2728","2698","2704","2701","2709","2698","2709"
"4374","20231013","2500","2500","2425","2468","2456.7024","16800","41272600","2500","2500","2460","2462","2458","2477","2425","2468"
"4375","20231013","822","826","800","800","809.531","75900","61443400","822","826","802","806","809","809","800","800"
"4376","20231013","320","320","305","309","313.9026","64700","20309500","320","320","309","310","311","312","305","309"
"4377","20231013","3570","3605","3495","3495","3536.4221","44300","156663500","3570","3605","3520","3555","3535","3590","3495","3495"
"4378","20231013","755","755","740","740","745.3846","1300","969000","755","755","741","741","740","740","740","740"
"4379","20231013","580","600","568","590","584.7084","142300","83204000","580","596","568","589","591","600","587","590"
"4380","20231013","1400","1423","1380","1405","1401.9663","8900","12477500","1400","1423","1386","1393","1385","1405","1380","1405"
"4381","20231013","1675","1696","1626","1630","1648.0479","29200","48123000","1675","1696","1633","1658","1651","1660","1626","1630"
"4382","20231013","1487","1489","1441","1445","1461.2546","81300","118800000","1487","1489","1455","1455","1455","1463","1441","1445"
"4384","20231013","1189","1203","1166","1182","1182.1407","550800","651123100","1189","1203","1166","1178","1178","1187","1173","1182"
"4385","20231013","3285","3317","3211","3216","3248.5272","4152800","13490483900","3285","3317","3231","3238","3231","3238","3211","3216"
"4386","20231013","500","504","500","501","500.8333","1200","601000","-","-","-","-","500","504","500","501"
"4387","20231013","603","606","598","599","601.3571","2800","1683800","603","606","601","601","601","602","598","599"
"4388","20231013","941","941","903","904","918.6797","30600","28111600","941","941","916","916","919","927","903","904"
"4389","20231013","1533","1533","1510","1515","1520.9444","1800","2737700","1533","1533","1510","1515","1520","1520","1515","1515"
"4390","20231013","2511","2518","2466","2486","2483.9483","48400","120223100","2511","2518","2477","2478","2470","2487","2466","2486"
"4391","20231013","1298","1414","1246","1291","1333.9683","447300","596684000","1298","1414","1266","1289","1290","1291","1246","1291"
"4392","20231013","328","329","321","321","324.4111","84900","27542500","328","329","323","324","324","324","321","321"
"4393","20231013","5310","5330","5110","5150","5188.7746","71000","368403000","5310","5330","5210","5220","5220","5220","5110","5150"
"4394","20231013","897","897","854","863","873.8017","12100","10573000","897","897","881","881","881","884","854","863"
"4395","20231013","1120","1132","1092","1102","1108.6159","49200","54543900","1120","1132","1103","1117","1115","1121","1092","1102"
"4396","20231013","1989","1989","1936","1938","1960.7584","14900","29215300","1989","1989","1960","1960","1954","1962","1936","1938"
"4397","20231013","431","463","420","444","442.066","354600","156756600","431","463","420","436","436","450","436","444"
"4398","20231013","1410","1419","1400","1410","1409.7879","3300","4652300","-","-","-","-","1410","1419","1400","1410"
"4401","20231013","2638.5","2670.5","2624","2627.5","2639.5248","205800","543214200","2638.5","2670.5","2638.5","2649","2645.5","2652","2624","2627.5"
"4403","20231013","6043","6043","5969","5985","5998.3927","98300","589642000","6043","6043","5983","6006","6019","6023","5969","5985"
"4404","20231013","1190","1190","1167","1175","1177.0703","42700","50260900","1190","1190","1172","1173","1173","1176","1167","1175"
"4406","20231013","220","222","218","218","219.7693","264400","58107000","220","222","219","221","220","220","218","218"
"4409","20231013","501","503","501","501","501.2","1000","501200","501","501","501","501","503","503","501","501"
"4410","20231013","814","815","805","805","809.0891","56100","45389900","814","815","806","807","808","808","805","805"
"4412","20231013","619","620","585","596","599.1703","36400","21809800","619","620","602","602","607","607","585","596"
"4413","20231013","5130","5160","4760","4970","4928.1836","208100","1025555000","5130","5160","4815","4830","4820","5030","4760","4970"
"4414","20231013","4150","4250","4005","4030","4087.2051","39000","159401000","4150","4250","4005","4005","4010","4060","4005","4030"
"4415","20231013","1939","1950","1929","1929","1943.6111","1800","3498500","1939","1950","1939","1940","1929","1950","1929","1929"
"4416","20231013","483","488","476","481","480.6111","5400","2595300","483","488","481","483","483","483","476","481"
"4417","20231013","4350","4430","4265","4415","4372.7294","63200","276356500","4350","4430","4265","4395","4400","4420","4340","4415"
"4418","20231013","1140","1164","1100","1109","1120.5187","385200","431623800","1140","1164","1115","1131","1132","1133","1100","1109"
"4419","20231013","595","595","564","566","573.5704","233000","133641900","595","595","567","568","568","572","564","566"
"4420","20231013","734","734","707","710","720.4167","9600","6916000","734","734","724","724","724","724","707","710"
"4421","20231013","998","1005","960","999","987.7647","8500","8396000","998","998","998","998","997","1005","960","999"
"4422","20231013","1094","1094","1056","1056","1073.1556","4500","4829200","1094","1094","1082","1082","1081","1081","1056","1056"
"4423","20231013","1976","1977","1975","1977","1975.993","86000","169935400","1976","1977","1975","1976","1976","1977","1976","1977"
"4424","20231013","454","460","451","457","454.0909","1100","499500","454","460","454","460","452","457","451","457"
"4425","20231013","1425","1443","1362","1385","1389.8711","92300","128285100","1425","1443","1372","1374","1372","1387","1362","1385"
"4427","20231013","354","354","346","347","349.0661","22700","7923800","354","354","347","349","349","350","346","347"
"4428","20231013","963","985","963","967","974.8611","3600","3509500","963","983","963","983","983","985","967","967"
"4429","20231013","1550","1587","1525","1563","1553.4848","46200","71771000","1550","1586","1525","1558","1558","1587","1545","1563"
"4430","20231013","1182","1193","1149","1153","1165.1872","21900","25517600","1182","1193","1170","1170","1161","1162","1149","1153"
"4431","20231013","2743","2870","2727","2819","2819.7912","318500","898103500","2743","2870","2727","2813","2813","2833","2769","2819"
"4432","20231013","2456","2645","2411","2621","2532.8608","879600","2227904400","2456","2580","2411","2548","2567","2645","2535","2621"
"4433","20231013","1397","1397","1291","1308","1334.7444","208100","277760300","1397","1397","1291","1329","1336","1336","1301","1308"
"4434","20231013","3630","3650","3405","3440","3483.3807","105600","367845000","3630","3650","3455","3480","3485","3505","3405","3440"
"4435","20231013","2089","2100","2030","2030","2048.7967","30000","61463900","2089","2100","2036","2036","2036","2045","2030","2030"
"4436","20231013","1350","1368","1303","1304","1321.6873","124100","164021400","1350","1368","1312","1314","1314","1314","1303","1304"
"4437","20231013","525","525","515","515","520","200","104000","525","525","525","525","515","515","515","515"
"4438","20231013","479","485","467","475","474.1538","1300","616400","479","485","479","482","474","475","467","475"
"4439","20231013","2464","2488","2383","2472","2449.2654","134500","329426200","2464","2485","2383","2470","2470","2488","2443","2472"
"4440","20231013","1036","1079","967","969","1006.8153","76900","77424100","1036","1079","985","988","985","993","967","969"
"4441","20231013","920","920","902","903","908.1273","26700","24247000","920","920","902","911","911","911","903","903"
"4442","20231013","862","865","824","825","833.3535","178800","149003600","862","865","826","833","833","833","824","825"
"4443","20231013","1318","1353","1200","1250","1252.7957","5968300","7477060450","1318","1353","1200","1231","1230","1257","1229.5","1250"
"4444","20231013","1276","1280","1250","1256","1259.557","15800","19901000","1276","1280","1255","1265","1260","1260","1250","1256"
"4445","20231013","2321","2358","2300","2357","2343.4286","2100","4921200","-","-","-","-","2321","2358","2300","2357"
"4446","20231013","774","774","730","741","744.1956","86400","64298500","774","774","746","746","745","745","730","741"
"4447","20231013","648","648","638","638","642.6563","9600","6169500","648","648","645","646","647","647","638","638"
"4448","20231013","755","758","718","718","732.2502","253800","185845100","755","758","734","734","734","734","718","718"
"4449","20231013","1396","1401","1363","1365","1375.3389","323400","444784600","1396","1401","1363","1377","1377","1382","1365","1365"
"4450","20231013","2500","2500","2403","2478","2460","700","1722000","2500","2500","2429","2429","2403","2478","2403","2478"
"4452","20231013","5408","5412","5376","5383","5393.0784","1442300","7778437000","5408","5412","5383","5389","5392","5399","5376","5383"
"4461","20231013","1692","1696","1667","1670","1678.1127","21300","35743800","1692","1696","1680","1681","1686","1686","1667","1670"
"4462","20231013","1583","1583","1567","1574","1576.24","10000","15762400","1583","1583","1571","1573","1573","1580","1567","1574"
"4463","20231013","913","917","902","905","912.3841","42700","38958800","913","917","913","913","913","915","902","905"
"4464","20231013","1310","1312","1307","1311","1309.3023","4300","5630000","1310","1311","1308","1309","1309","1312","1307","1311"
"4465","20231013","2121","2121","2082","2093","2098.7963","10800","22667000","2121","2121","2093","2093","2093","2094","2082","2093"
"4471","20231013","4020","4035","3990","3995","4005.2404","31200","124963500","4020","4035","4010","4015","4005","4010","3990","3995"
"4475","20231013","1083","1089","1071","1071","1077.8725","348200","375315200","1083","1089","1074","1077","1080","1081","1071","1071"
"4476","20231013","1183","1183","1142","1148","1156.9646","19800","22907900","1183","1183","1147","1147","1147","1160","1142","1148"
"4477","20231013","268","268","258","259","261.4469","2605700","681252200","268","268","260","261","261","261","258","259"
"4478","20231013","3150","3165","2990","3000","3047.8797","452100","1377946400","3150","3165","3040","3050","3055","3075","2990","3000"
"4479","20231013","973","973","944","945","956.1879","14900","14247200","973","973","962","962","961","965","944","945"
"4480","20231013","4705","4760","4535","4560","4626.6833","319900","1480076000","4705","4760","4640","4655","4645","4650","4535","4560"
"4481","20231013","4360","4495","4355","4360","4417.123","50400","222623000","4360","4495","4360","4440","4440","4440","4355","4360"
"4482","20231013","588","591","582","582","584.9323","13300","7779600","588","591","584","584","585","585","582","582"
"4483","20231013","5490","5538","5462","5497","5505.5731","341300","1879052100","5490","5527","5462","5507","5513","5538","5497","5497"
"4484","20231013","251","257","246","253","251.8534","45700","11509700","251","251","246","246","247","257","247","253"
"4485","20231013","5650","5690","5510","5570","5582.6476","206600","1153375000","5650","5690","5530","5560","5550","5620","5510","5570"
"4486","20231013","1023","1027","1022","1022","1024.4","500","512200","1023","1027","1023","1027","1023","1027","1022","1022"
"4487","20231013","359","365","347","354","354.6897","98600","34972400","359","365","352","352","353","354","347","354"
"4488","20231013","4490","4495","4360","4370","4415.2308","26000","114796000","4490","4495","4410","4435","4435","4435","4360","4370"
"4489","20231013","1075","1086","1038","1051","1053.6554","44400","46782300","1075","1086","1054","1055","1051","1056","1038","1051"
"4490","20231013","1093","1108","1069","1086","1085.5169","44500","48305500","1093","1097","1069","1088","1081","1108","1080","1086"
"4491","20231013","1445","1445","1445","1445","1445","300","433500","1445","1445","1445","1445","-","-","-","-"
"4492","20231013","1107","1108","1068","1068","1082.7811","16900","18299000","1107","1108","1078","1078","1079","1083","1068","1068"
"4493","20231013","2151","2151","2104","2106","2117.0331","51300","108603800","2151","2151","2112","2115","2115","2122","2104","2106"
"4494","20231013","730","744","730","741","735.1429","7000","5146000","730","740","730","738","744","744","737","741"
"4495","20231013","1375","1395","1375","1381","1388.92","2500","3472300","1375","1395","1375","1394","1378","1395","1377","1381"
"4496","20231013","723","723","696","697","708.5462","13000","9211100","723","723","708","708","708","713","696","697"
"4498","20231013","2147","2152","2071","2075","2101.1836","45200","94973500","2147","2152","2093","2103","2096","2096","2071","2075"
"4499","20231013","3025","3050","2801","2823","2874.9212","385600","1108569600","3025","3050","2816","2826","2821","2859","2801","2823"
"4502","20231013","4557","4591","4534","4546","4556.451","2898500","13206873100","4557","4591","4557","4558","4561","4568","4534","4546"
"4503","20231013","1995","2001","1973","1975","1984.6001","11164900","22157862100","1995","2001","1974","1985","1982","1986","1973","1975"
"4506","20231013","503","503.4","474.6","475","484.7652","5114800","2479477210","503","503.4","493.7","495","493.4","493.8","474.6","475"
"4507","20231013","6879","6922","6770","6796","6822.9289","1918600","13090471300","6879","6922","6782","6785","6782","6812","6770","6796"
"4512","20231013","218","219","216","216","217.4672","64000","13917900","218","219","216","218","217","217","216","216"
"4516","20231013","6060","6082","5901","5935","5966.4713","362600","2163442500","6060","6082","5939","5987","5973","5988","5901","5935"
"4519","20231013","4715","4730","4635","4695","4695.1403","2306600","10829810600","4715","4730","4635","4691","4691","4701","4670","4695"
"4521","20231013","3446","3447","3346","3346","3386.0616","272700","923379000","3446","3447","3397","3399","3397","3401","3346","3346"
"4523","20231013","8377","8386","8210","8233","8288.608","1220800","10118732600","8377","8386","8247","8287","8294","8298","8210","8233"
"4524","20231013","2349","2350","2305","2333","2325.4615","2600","6046200","2349","2350","2305","2314","2322","2334","2311","2333"
"4526","20231013","2152","2177","2152","2161","2162.6154","24700","53416600","2152","2177","2152","2164","2164","2171","2155","2161"
"4527","20231013","3642","3642","3543","3576","3582.0213","853100","3055822400","3642","3642","3585","3605","3609","3613","3543","3576"
"4528","20231013","2800","2810","2783.5","2795","2795.011","1467800","4102517200","2800","2810","2783.5","2789.5","2785.5","2802","2785.5","2795"
"4530","20231013","5032","5091","5016","5041","5044.8968","216000","1089697700","5032","5091","5021","5023","5021","5073","5016","5041"
"4531","20231013","292","293","290","290","290.9962","26100","7595000","292","293","291","291","290","292","290","290"
"4534","20231013","3320","3320","3270","3270","3294.3195","16900","55674000","3320","3320","3300","3305","3300","3300","3270","3270"
"4536","20231013","1348","1356","1327","1332.5","1336.8237","1182600","1580927650","1348","1356","1337","1342","1340","1343","1327","1332.5"
"4538","20231013","1960","1960","1929","1937","1944.3486","21800","42386800","1960","1960","1942","1944","1944","1948","1929","1937"
"4539","20231013","1847","1847","1836","1840","1843","700","1290100","1847","1847","1836","1837","1840","1840","1840","1840"
"4540","20231013","2701","2702.5","2631","2633.5","2658.8574","171400","455728150","2701","2702.5","2673","2675","2670.5","2674.5","2631","2633.5"
"4543","20231013","3833","3854","3742","3807","3807.8051","3718500","14159323100","3833","3854","3742","3800","3807","3829","3800","3807"
"4544","20231013","2481","2484","2458","2460.5","2469.4311","186500","460548900","2481","2484","2472","2472","2472","2472","2458","2460.5"
"4547","20231013","3320","3320","3245","3250","3277.0341","70300","230375500","3320","3320","3290","3300","3280","3290","3245","3250"
"4548","20231013","787","788","776","780","782.0421","73700","57636500","787","788","782","782","782","784","776","780"
"4549","20231013","1444","1444","1428","1432","1433.383","191900","275066200","1444","1444","1428","1433","1431","1435","1428","1432"
"4551","20231013","3900","3945","3855","3875","3890.1337","37400","145491000","3900","3945","3890","3890","3890","3890","3855","3875"
"4552","20231013","1254","1264","1225.5","1233","1237.5911","470300","582039100","1254","1264","1225.5","1235","1238","1240.5","1225.5","1233"
"4553","20231013","2796","2796","2731","2744","2748.9955","110800","304588700","2796","2796","2731","2748","2740","2748","2736","2744"
"4554","20231013","1178","1186","1157","1162","1168.2008","53300","62265100","1178","1186","1168","1170","1170","1170","1157","1162"
"4556","20231013","1028","1029","1024","1027","1026.6825","6300","6468100","1028","1028","1025","1028","1029","1029","1024","1027"
"4558","20231013","219","220","215","215","217.2693","108800","23638900","219","220","216","217","217","218","215","215"
"4559","20231013","2094","2094","2056","2058","2075.3923","98400","204218600","2094","2094","2064","2066","2066","2067","2056","2058"
"4563","20231013","87","88","86","86","86.8507","977100","84861800","87","88","87","87","87","88","86","86"
"4564","20231013","29","30","29","30","29.4161","3453900","101600300","29","30","29","30","29","30","29","30"
"4565","20231013","1467","1470","1442","1447","1452.9555","701400","1019103000","1467","1470","1442","1449","1446","1458","1446","1447"
"4568","20231013","4145","4149","4073","4098","4107.7485","3147000","12927084500","4145","4149","4073","4080","4085","4117","4084","4098"
"4569","20231013","1819","1833","1798","1806","1810.177","71200","128884600","1819","1833","1818","1818","1812","1817","1798","1806"
"4570","20231013","502","504","477","481","487.3785","296400","144459000","502","504","483","483","482","490","477","481"
"4571","20231013","183","184","175","176","178.8925","493200","88229800","183","184","178","178","179","179","175","176"
"4572","20231013","651","655","613","614","628.0822","444000","278868500","651","655","625","630","630","632","613","614"
"4574","20231013","331","333","328","328","329.9168","215100","70965100","331","333","328","331","331","332","328","328"
"4575","20231013","908","930","905","909","912.7529","180500","164751900","908","930","906","912","919","919","905","909"
"4576","20231013","172","173","160","160","165.6165","1089600","180455700","172","173","163","163","164","164","160","160"
"4577","20231013","2182","2200","2066","2070","2105.4866","100900","212443600","2182","2200","2095","2110","2115","2115","2066","2070"
"4578","20231013","5229","5229","5173","5189","5202.6038","849400","4419091700","5229","5229","5173","5178","5186","5206","5175","5189"
"4579","20231013","704","706","686","688","691.8784","154600","106964400","704","706","690","692","692","692","686","688"
"4581","20231013","5916","6024","5882","5883","5930.8032","119900","711103300","5916","6024","5890","5916","5926","5941","5882","5883"
"4582","20231013","337","341","320","324","327.5537","696600","228173900","337","341","322","325","325","325","320","324"
"4583","20231013","133","136","130","130","132.524","332800","44104000","133","136","132","133","134","134","130","130"
"4584","20231013","152","152","143","144","146.9755","1081100","158895200","152","152","145","148","147","147","143","144"
"4586","20231013","179","190","150","159","171.7266","15689000","2694218500","179","190","169","170","172","172","150","159"
"4587","20231013","1426.5","1431","1392.5","1395.5","1408.1117","834400","1174928400","1426.5","1431","1408.5","1410","1410","1410.5","1392.5","1395.5"
"4588","20231013","623","635","612","618","622.5209","148000","92133100","623","635","622","623","622","623","612","618"
"4591","20231013","133","133","130","130","131.429","188600","24787500","133","133","131","133","132","132","130","130"
"4592","20231013","608","610","593","596","599.5434","330300","198029200","608","610","599","600","602","602","593","596"
"4593","20231013","186","190","167","170","175.2185","3521900","617102200","186","190","172","172","172","173","167","170"
"4594","20231013","124","126","121","122","123.0392","587100","72236300","124","126","122","122","123","123","121","122"
"4595","20231013","2978","2978","2897","2900","2917.8219","98800","288280800","2978","2978","2907","2912","2912","2922","2897","2900"
"4596","20231013","81","82","80","80","80.8942","166300","13452700","81","82","80","81","81","81","80","80"
"4597","20231013","43","43","41","42","42.268","1323300","55933200","43","43","41","42","42","42","41","42"
"4598","20231013","827","834","812","816","821.4432","139900","114919900","827","834","819","824","825","825","812","816"
"4599","20231013","734","747","718","718","728.4888","196800","143366600","734","747","727","727","727","734","718","718"
"4611","20231013","949","954","944","945","947.1161","46500","44040900","949","952","944","950","954","954","944","945"
"4612","20231013","1007","1017.5","1005","1013.5","1012.3749","2606700","2638957750","1007","1017.5","1005","1009.5","1009.5","1017","1005","1013.5"
"4613","20231013","2159.5","2181.5","2148","2174.5","2170.0842","1319700","2863860150","2159.5","2177.5","2148","2168.5","2168.5","2181.5","2164","2174.5"
"4615","20231013","136","150","130","132","138.5228","1588100","219988000","136","150","132","133","134","135","130","132"
"4616","20231013","1670","1670","1607","1612","1641.25","2000","3282500","1670","1670","1607","1651","1612","1612","1612","1612"
"4617","20231013","1354","1365","1341","1344","1350.6214","249900","337520300","1354","1365","1351","1355","1355","1356","1341","1344"
"4619","20231013","1297","1297","1260","1262","1271.6282","50300","63962900","1297","1297","1270","1271","1277","1277","1260","1262"
"4620","20231013","444","444","436","436","439.0753","85000","37321400","444","444","438","438","439","439","436","436"
"4621","20231013","-","-","-","-","-","-","-","-","-","-","-","-","-","-","-"
"4623","20231013","1742","1764","1738","1746","1750.2727","1100","1925300","1742","1742","1738","1742","1742","1764","1742","1746"
"4624","20231013","2968","2970","2897","2897","2933.3333","1200","3520000","2968","2968","2968","2968","2970","2970","2897","2897"
"4625","20231013","-","-","-","-","-","-","-","-","-","-","-","-","-","-","-"
"4626","20231013","2553","2588","2527","2536","2550.4623","119400","304525200","2553","2588","2551","2562","2556","2556","2527","2536"
"4627","20231013","1523","1528","1507","1507","1516.8889","2700","4095600","1523","1528","1516","1516","1516","1516","1507","1507"
"4628","20231013","6660","6710","6610","6710","6655.5319","4700","31281000","6660","6660","6610","6640","6700","6710","6630","6710"
"4629","20231013","1283","1500","1283","1324","1346.7699","35200","47406300","1283","1500","1283","1325","1320","1352","1307","1324"
"4631","20231013","2436.5","2447.5","2423","2434","2433.4203","247300","601784850","2436.5","2447.5","2431","2434.5","2433","2435","2423","2434"
"4633","20231013","1252","1259","1231","1246","1243.3531","141600","176058800","1252","1259","1239","1240","1238","1246","1231","1246"
"4634","20231013","2504","2513","2474","2480","2491.199","157300","391865600","2504","2513","2484","2486","2482","2490","2474","2480"
"4635","20231013","2733","2750","2730","2730","2731.48","2500","6828700","2733","2750","2732","2750","2732","2732","2730","2730"
"4636","20231013","1430","1431","1420","1431","1426.2129","24900","35512700","1430","1431","1425","1425","1425","1431","1420","1431"
"4641","20231013","2586","2627","2586","2603","2601.9632","43500","113185400","2586","2627","2586","2603","2600","2606","2587","2603"
"4642","20231013","944","959","944","957","951.4667","1500","1427200","944","944","944","944","959","959","957","957"
"4644","20231013","988","990","982","982","986.35","2000","1972700","988","989","987","989","988","990","982","982"
"4645","20231013","497","497","495","495","495.2857","1400","693400","497","497","495","495","495","495","495","495"
"4650","20231013","275","275","270","271","271.8529","13600","3697200","275","275","272","272","272","274","270","271"
"4651","20231013","328","329","322","324","325.214","165400","53790400","328","329","322","322","323","326","323","324"
"4657","20231013","535","535","520","521","524.9983","58500","30712400","535","535","521","525","527","527","520","521"
"4658","20231013","770","772","761","761","766.4417","20600","15788700","770","772","767","767","766","767","761","761"
"4659","20231013","2300","2308","2293","2306","2301.7143","2800","6444800","2300","2308","2296","2307","2307","2308","2293","2306"
"4661","20231013","4849","4861","4791","4800","4817.0202","2644600","12739091700","4849","4861","4810","4816","4809","4824","4791","4800"
"4662","20231013","974","974","960","962","965.2909","22000","21236400","974","974","963","963","963","964","960","962"
"4664","20231013","782","794","745","783","763.2784","9700","7403800","782","790","745","755","765","794","763","783"
"4665","20231013","3287","3297","3258","3265","3274.2957","60200","197112600","3287","3297","3274","3296","3283","3294","3258","3265"
"4666","20231013","1780","1780.5","1743","1755","1760.3208","1341100","2360766200","1780","1780.5","1758.5","1765.5","1760.5","1763","1743","1755"
"4667","20231013","1703","1706","1666","1669","1678.391","15600","26182900","1703","1706","1680","1683","1684","1684","1666","1669"
"4668","20231013","660","694","659","685","681.744","1058200","721421500","660","690","659","690","688","694","682","685"
"4671","20231013","1971","1971","1939","1947","1953.8378","11100","21687600","1971","1971","1953","1953","1947","1947","1939","1947"
"4673","20231013","2405","2424","2400","2400","2401.6739","4600","11047700","2405","2405","2400","2400","2424","2424","2400","2400"
"4674","20231013","1700","1709","1671","1672","1689.5839","28600","48322100","1700","1709","1695","1698","1702","1702","1671","1672"
"4676","20231013","1521","1546.5","1521","1530.5","1531.505","393800","603106650","1521","1546.5","1521","1533.5","1532.5","1533","1526.5","1530.5"
"4678","20231013","401","401","400","400","400.3273","5500","2201800","401","401","400","401","401","401","400","400"
"4679","20231013","464","465","461","461","462.4222","4500","2080900","464","465","462","462","461","463","461","461"
"4680","20231013","553","557","544","544","550.1753","1617300","889798500","553","557","550","550","550","552","544","544"
"4681","20231013","2237","2237","2218","2224.5","2228.1676","253000","563726400","2237","2237","2218.5","2229","2233","2233","2218","2224.5"
"4684","20231013","23000","23000","22520","22600","22703.7078","148200","3364689500","23000","23000","22685","22685","22675","22700","22520","22600"
"4685","20231013","2536","2536","2536","2536","2536","100","253600","-","-","-","-","2536","2536","2536","2536"
"4686","20231013","2843","2854","2771","2794","2799.1623","146000","408677700","2843","2854","2800","2804","2800","2800","2771","2794"
"4687","20231013","1641","1650","1610","1610","1622.3058","24200","39259800","1641","1650","1622","1625","1625","1625","1610","1610"
"4689","20231013","411","414","404","405.5","407.5137","9238400","3764774860","411","414","406.1","406.1","406","406.7","404","405.5"
"4690","20231013","2338","2339","2229","2246","2280.4369","22200","50625700","2338","2339","2279","2290","2322","2322","2229","2246"
"4691","20231013","902","902","881","881","887.0721","62400","55353300","902","902","884","885","885","888","881","881"
"4694","20231013","2789","2797","2764","2782","2778.7179","145000","402914100","2789","2797","2770","2779","2778","2785","2764","2782"
"4704","20231013","5755","5778","5651","5685","5714.9316","799800","4570802300","5755","5778","5699","5712","5706","5726","5651","5685"
"4705","20231013","868","869","862","869","866.2083","2400","2078900","868","868","862","864","867","869","866","869"
"4707","20231013","349","349","343","346","345.8472","7200","2490100","349","349","347","348","346","346","343","346"
"4709","20231013","1434","1452","1430","1437","1439.6905","16800","24186800","1434","1452","1430","1449","1450","1450","1431","1437"
"4712","20231013","880","880","865","865","872.4684","41200","35945700","880","880","870","871","870","870","865","865"
"4714","20231013","257","263","253","254","256.482","1031600","264586800","257","263","256","259","258","259","253","254"
"4716","20231013","10860","11030","10735","10775","10841.2849","107400","1164354000","10860","11030","10850","10910","10855","10900","10735","10775"
"4718","20231013","1415","1415","1392","1392","1402.4522","23000","32256400","1415","1415","1401","1401","1401","1403","1392","1392"
"4719","20231013","2897","2897","2838","2843","2869.7264","10600","30419100","2897","2897","2869","2876","2876","2876","2838","2843"
"4720","20231013","381","382","380","380","380.5652","2300","875300","381","381","381","381","382","382","380","380"
"4722","20231013","1480","1488","1450","1453","1464.4809","175500","257016400","1480","1488","1466","1468","1463","1465","1450","1453"
"4725","20231013","1771","1776","1760","1765","1767.9034","17600","31115100","1771","1776","1765","1769","1767","1769","1760","1765"
"4726","20231013","2181","2185","2132","2149","2152.0442","74600","160542500","2181","2185","2146","2159","2160","2160","2132","2149"
"4728","20231013","722","725","710","715","716.6053","56500","40488200","722","725","715","721","723","723","710","715"
"4732","20231013","2554","2589","2549","2555.5","2562.5884","601500","1541396900","2554","2589","2549","2560","2564","2572.5","2555.5","2555.5"
"4733","20231013","6240","6270","6060","6100","6140.6192","193800","1190052000","6240","6270","6200","6230","6240","6250","6060","6100"
"4735","20231013","380","385","379","381","380.9773","4400","1676300","380","385","379","380","383","384","381","381"
"4736","20231013","861","877","835","846","853.5572","41100","35081200","861","877","842","842","842","848","835","846"
"4739","20231013","4318","4322","4318","4321","4320.257","716000","3093304000","4318","4322","4318","4321","4322","4322","4320","4321"
"4743","20231013","1085","1088","1073","1074","1078.6997","65600","70762700","1085","1088","1082","1082","1082","1082","1073","1074"
"4745","20231013","496","503","496","502","499.6871","140300","70106100","496","503","496","499","497","502","497","502"
"4746","20231013","6110","6140","6110","6140","6118.4","2500","15296000","6110","6110","6110","6110","6120","6140","6120","6140"
"4748","20231013","3630","3640","3595","3625","3620.6731","5200","18827500","3630","3640","3630","3630","3625","3625","3595","3625"
"4750","20231013","615","619","601","611","611.431","5800","3546300","615","619","615","617","618","619","601","611"
"4751","20231013","796.8","801.6","775.6","777.6","780.8937","7712500","6022642860","796.8","801.6","777.2","777.7","778.5","779.7","775.6","777.6"
"4752","20231013","1360","1410","1360","1405","1377.8614","10100","13916400","1360","1410","1360","1382","1381","1405","1376","1405"
"4754","20231013","1243","1243","1227","1227","1240.8889","900","1116800","1243","1243","1242","1242","1242","1242","1227","1227"
"4755","20231013","595.8","596.4","574.2","575.7","581.103","20462300","11890703250","595.8","596.4","578.4","578.8","578","578.4","574.2","575.7"
"4760","20231013","1134","1134","1121","1122","1126.4286","700","788500","1134","1134","1121","1134","1130","1130","1122","1122"
"4761","20231013","820","823","820","823","821.6098","4100","3368600","820","820","820","820","821","823","820","823"
"4762","20231013","1049","1053","1040","1040","1046.9744","3900","4083200","1049","1053","1045","1048","1048","1050","1040","1040"
"4763","20231013","2050","2050","2023","2026","2032.9586","55500","112829200","2050","2050","2025","2035","2035","2040","2023","2026"
"4765","20231013","558","559","543","545","549.7577","110200","60583300","558","559","551","551","551","552","543","545"
"4766","20231013","222","223","215","216","218.6497","94200","20596800","222","223","218","220","220","220","215","216"
"4767","20231013","313","315","312","313","313.8408","109300","34302800","313","315","312","314","314","315","313","313"
"4768","20231013","5973","6003","5938","5960","5962.0526","896000","5341999100","5973","6003","5938","5946","5950","5988","5940","5960"
"4769","20231013","-","-","-","-","-","-","-","-","-","-","-","-","-","-","-"
"4770","20231013","281","281","272","272","275.3221","20800","5726700","281","281","276","278","276","276","272","272"
"4771","20231013","2265","2265","2202","2214","2219.8142","32300","71700000","2265","2265","2210","2214","2214","2220","2202","2214"
"4772","20231013","226","228","216","217","219.7217","356100","78242900","226","228","219","221","221","221","216","217"
"4776","20231013","1870","1888","1812","1815","1835.453","464900","853302100","1870","1888","1826","1829","1829","1834","1812","1815"
"4777","20231013","296","299","288","291","291.7975","126400","36883200","296","299","291","293","293","293","288","291"
"4781","20231013","1000","1000","988","988","993.9667","3000","2981900","1000","1000","990","991","991","991","988","988"
"4783","20231013","961","967","951","951","958.2778","1800","1724900","961","961","961","961","964","967","951","951"
"4784","20231013","407","407","403","404","406.6282","7800","3171700","407","407","404","404","404","404","403","404"
"4792","20231013","1561","1563","1548","1552","1555.96","27500","42788900","1561","1563","1555","1558","1558","1563","1548","1552"
"4800","20231013","756","756","742","744","747.8164","46300","34623900","756","756","747","750","750","750","742","744"
"4801","20231013","2378","2378","2362","2370","2368.8438","9600","22740900","2378","2378","2366","2371","2373","2373","2362","2370"
"4809","20231013","1924","1927","1900","1907","1914.2857","12600","24120000","1924","1927","1918","1918","1926","1926","1900","1907"
"4812","20231013","5410","5460","5360","5380","5407.2813","74300","401761000","5410","5460","5380","5430","5430","5440","5360","5380"
"4813","20231013","778","793","775","780","781.055","163600","127780600","778","793","778","784","784","786","775","780"
"4814","20231013","178","178","174","176","176.4688","6400","1129400","178","178","178","178","178","178","174","176"
"4816","20231013","13400","13580","13350","13410","13469.7596","20800","280171000","13400","13580","13350","13500","13460","13550","13400","13410"
"4819","20231013","3265","3265","3165","3190","3190.5596","166200","530271000","3265","3265","3165","3165","3175","3190","3165","3190"
"4820","20231013","713","718","703","704","708.5045","44000","31174200","713","718","709","709","706","708","703","704"
"4824","20231013","301","304","300","303","302.5088","5700","1724300","301","304","301","304","304","304","300","303"
"4825","20231013","5980","5990","5820","5820","5876.3084","42800","251506000","5980","5990","5880","5890","5890","5890","5820","5820"
"4826","20231013","542","543","535","535","539.0319","28200","15200700","542","543","539","541","540","540","535","535"
"4828","20231013","3390","3390","3305","3320","3344.7569","14400","48164500","3390","3390","3340","3340","3340","3340","3305","3320"
"4829","20231013","125","126","122","122","123.8293","137100","16977000","125","126","124","125","125","125","122","122"
"4832","20231013","3030","3035","2944","2956","2981.3774","5300","15801300","3030","3035","2981","3035","2998","3020","2944","2956"
"4833","20231013","101","102","101","101","101.4033","18100","1835400","101","102","101","102","101","102","101","101"
"4837","20231013","608","608","587","591","593.566","343300","203771200","608","608","587","595","593","595","590","591"
"4838","20231013","555","564","555","560","560.1667","4200","2352700","555","561","555","556","556","564","556","560"
"4839","20231013","1092","1094","1079","1081","1084.4336","42200","45763100","1092","1094","1088","1088","1086","1087","1079","1081"
"4840","20231013","412","413","407","409","409.5556","900","368600","412","413","407","407","410","410","409","409"
"4845","20231013","761","761","753","754","756.5229","30600","23149600","761","761","755","755","755","756","753","754"
"4847","20231013","888","888","866","866","875.3585","109900","96201900","888","888","875","875","875","875","866","866"
"4848","20231013","1826","1826","1744","1764","1768.2457","185200","327479100","1826","1826","1759","1759","1754","1774","1744","1764"
"4849","20231013","2238","2240","2167","2186","2187.0761","207700","454255700","2238","2240","2171","2177","2173","2190","2167","2186"
"4875","20231013","299","302","293","294","297.2702","35900","10672000","299","302","297","298","297","300","293","294"
"4880","20231013","2151","2157","2058","2058","2100.9894","141900","298130400","2151","2157","2090","2097","2093","2093","2058","2058"
"4881","20231013","159","161","157","157","158.9507","73000","11603400","159","161","158","159","159","159","157","157"
"4882","20231013","523","540","490","490","511.9434","1280100","655338700","523","540","498","500","497","507","490","490"
"4883","20231013","149","151","144","144","146.4505","127400","18657800","149","151","147","149","149","149","144","144"
"4884","20231013","739","766","678","678","712.4411","223300","159088100","739","766","682","682","684","686","678","678"
"4885","20231013","855","869","842","855","855.1571","7000","5986100","855","869","855","867","858","862","842","855"
"4886","20231013","1703","1704","1683","1698","1694.5094","96200","163011800","1703","1704","1693","1695","1699","1699","1683","1698"
"4887","20231013","4573","4649","4557","4601","4613.0375","218400","1007487400","4573","4649","4557","4633","4627","4634","4585","4601"
"4888","20231013","299","301","296","298","298.6437","117600","35120500","299","300","296","298","298","301","297","298"
"4889","20231013","501","501","480","484","486.1579","170400","82841300","501","501","486","487","487","487","480","484"
"4890","20231013","492","495","478","478","484.9806","46300","22454600","492","495","483","485","484","484","478","478"
"4891","20231013","252","252","241","247","246.221","317200","78101300","252","252","242","245","245","247","241","247"
"4892","20231013","780","789","764","766","773.4215","131900","102014300","780","789","772","773","773","774","764","766"
"4893","20231013","402","410","398","398","401.1226","35900","14400300","402","410","400","401","402","405","398","398"
"4894","20231013","1680","1700","1620","1631","1646.2776","111300","183230700","1680","1700","1632","1635","1634","1641","1620","1631"
"4901","20231013","8934","8954","8790","8819","8869.1296","1285900","11404813700","8934","8954","8849","8849","8840","8862","8790","8819"
"4902","20231013","460.7","464","454.5","460.5","459.1854","2899700","1331499960","460.7","464","459.7","460.6","460","461.1","454.5","460.5"
"4911","20231013","5050","5054","4964","5006","5007.4399","2681700","13428451600","5050","5054","4964","5004","5000","5018","4982","5006"
"4912","20231013","1405","1408","1396","1404.5","1402.3189","1082200","1517589500","1405","1408","1396","1404.5","1403","1404.5","1398","1404.5"
"4914","20231013","3100","3140","3095","3120","3117.3801","27100","84481000","3100","3140","3095","3120","3105","3135","3105","3120"
"4917","20231013","1352","1356","1338","1339","1345.6684","189100","254465900","1352","1356","1347","1347","1347","1347","1338","1339"
"4918","20231013","511","511","496","497","500.5143","38500","19269800","511","511","496","502","501","502","496","497"
"4919","20231013","4129","4154","4085","4136","4122.4225","103200","425434000","4129","4154","4120","4136","4116","4139","4085","4136"
"4920","20231013","1919","2020","1843","1860","1901.3251","96600","183668000","1919","2020","1861","1870","1870","1886","1843","1860"
"4921","20231013","2194","2194","2140.5","2161","2161.4474","778900","1683551400","2194","2194","2145","2157.5","2157","2164","2140.5","2161"
"4922","20231013","10420","10420","10230","10300","10312.9573","421500","4346911500","10420","10420","10230","10320","10320","10335","10255","10300"
"4923","20231013","1615","1625","1615","1619","1618.3295","17300","27997100","1615","1625","1615","1620","1620","1623","1615","1619"
"4925","20231013","2346","2346","2338","2338","2340.2727","1100","2574300","2346","2346","2338","2338","2338","2338","2338","2338"
"4926","20231013","1535","1535","1531","1531","1532.7073","4100","6284100","1535","1535","1532","1532","1532","1533","1531","1531"
"4927","20231013","1736.5","1737","1686.5","1697","1704.1632","1051300","1791586750","1736.5","1737","1705","1705.5","1701","1702","1686.5","1697"
"4928","20231013","5220","5230","5170","5190","5199.4084","52400","272449000","5220","5230","5190","5190","5190","5210","5170","5190"
"4929","20231013","931","933","928","928","930.1029","6800","6324700","931","932","930","930","930","933","928","928"
"4930","20231013","2203","2203","2182","2182","2191.8333","600","1315100","2203","2203","2203","2203","2194","2194","2182","2182"
"4931","20231013","1500","1500","1466","1468","1478.1915","32900","48632500","1500","1500","1479","1479","1484","1484","1466","1468"
"4932","20231013","1241","1241","1218","1221","1228.6078","84900","104308800","1241","1241","1227","1228","1226","1227","1218","1221"
"4933","20231013","3080","3095","2994","3005","3029.6368","95000","287815500","3080","3095","3005","3020","3020","3040","2994","3005"
"4934","20231013","1037","1038","1017","1022","1025.5864","42800","43895100","1037","1038","1017","1022","1022","1036","1018","1022"
"4935","20231013","827","829","815","815","820.48","2500","2051200","827","829","827","828","820","820","815","815"
"4936","20231013","1028","1031","1007","1012","1014.1348","135800","137719500","1028","1031","1011","1016","1013","1017","1007","1012"
"4937","20231013","2238","2288","2237","2285","2262.3585","5300","11990500","2238","2288","2237","2266","2260","2285","2258","2285"
"4951","20231013","1503","1503","1492","1493","1497.0637","26700","39971600","1503","1503","1498","1499","1499","1499","1492","1493"
"4955","20231013","1337","1340","1315","1324","1325.8919","7400","9811600","1337","1340","1337","1338","1338","1338","1315","1324"
"4956","20231013","2250","2290","2250","2265","2266.4228","44700","101309100","2250","2290","2250","2278","2272","2279","2256","2265"
"4957","20231013","560","567","560","567","562.6","1500","843900","560","560","560","560","560","567","560","567"
"4958","20231013","3220","3245","3190","3200","3213.0713","54700","175755000","3220","3245","3205","3225","3230","3245","3190","3200"
"4960","20231013","285","291","284","290","286.7627","5900","1691900","285","286","284","286","290","291","290","290"
"4963","20231013","1068","1070","1068","1068","1068.4313","48000","51284700","1068","1070","1068","1069","1068","1069","1068","1068"
"4966","20231013","9060","9080","8870","8930","8929.3431","13700","122332000","9060","9060","8920","9000","9080","9080","8870","8930"
"4967","20231013","6440","6440","6335","6342","6375.8803","454400","2897200000","6440","6440","6391","6412","6403","6413","6335","6342"
"4968","20231013","1018","1022","1007","1011","1013.8774","21200","21494200","1018","1022","1014","1014","1014","1014","1007","1011"
"4970","20231013","7000","7080","6820","6820","6954.6339","103800","721891000","7000","7080","6920","6940","6960","6980","6820","6820"
"4971","20231013","4065","4075","3855","3865","3945.619","94500","372861000","4065","4075","3960","3960","3955","3960","3855","3865"
"4972","20231013","1900","1908","1890","1890","1899.7778","13500","25647000","1900","1908","1891","1900","1907","1907","1890","1890"
"4973","20231013","2409","2420","2395","2401","2406.6803","12200","29361500","2409","2420","2395","2412","2414","2414","2401","2401"
"4974","20231013","1334","1339","1321","1325","1329.9338","158700","211060500","1334","1339","1330","1333","1332","1333","1321","1325"
"4975","20231013","3060","3110","3060","3070","3077","37000","113849000","3060","3110","3060","3075","3065","3080","3060","3070"
"4976","20231013","2339","2339","2339","2339","2339","200","467800","2339","2339","2339","2339","2339","2339","2339","2339"
"4977","20231013","691","693","680","680","684.7529","51000","34922400","691","693","684","684","684","684","680","680"
"4978","20231013","232","233","229","229","230.3772","338800","78051800","232","233","230","231","230","231","229","229"
"4979","20231013","1818","1829","1777","1780","1798.2455","66800","120122800","1818","1829","1801","1804","1808","1808","1777","1780"
"4980","20231013","3826","3853","3736","3744","3789.9777","386000","1462931400","3826","3853","3784","3838","3840","3840","3736","3744"
"4985","20231013","5020","5030","4975","4990","4999.2542","29500","147478000","5020","5030","5000","5000","5000","5000","4975","4990"
"4987","20231013","339","340","336","339","337.8661","11200","3784100","339","340","336","338","338","339","336","339"
"4990","20231013","435","438","431","437","434.7241","2900","1260700","435","435","435","435","436","438","431","437"
"4992","20231013","959","959","929","932","939.6979","66200","62208000","959","959","940","940","938","938","929","932"
"4994","20231013","3065","3065","2999","3010","3024.5495","9100","27523400","3065","3065","3010","3010","3010","3020","2999","3010"
"4996","20231013","1133","1135","1114","1115","1122.8448","446000","500788800","1133","1135","1124","1124","1124","1124","1114","1115"
"4997","20231013","658","661","650","653","654.1121","101700","66523200","658","661","652","653","650","654","650","653"
"4998","20231013","1053","1055","1043","1043","1048.0156","44800","46951100","1053","1055","1047","1048","1050","1050","1043","1043"
"5009","20231013","1794","1815","1768","1774","1790.7183","32300","57840200","1794","1815","1782","1808","1808","1808","1768","1774"
"5010","20231013","148","150","139","139","144.0434","756400","108954400","148","150","144","145","145","145","139","139"
"5011","20231013","2020","2026","2004","2009","2013.0927","35600","71666100","2020","2026","2006","2014","2014","2021","2004","2009"
"5013","20231013","1532","1541","1514","1519","1523.7221","63700","97061100","1532","1541","1517","1517","1520","1527","1514","1519"
"5015","20231013","895","905","892","892","896.0592","15200","13620100","895","905","895","895","898","898","892","892"
"5017","20231013","315","317","309","312","312.5722","503700","157442600","315","317","311","311","312","313","309","312"
"5018","20231013","1209","1213","1199","1207","1206.9914","34700","41882600","1209","1213","1199","1206","1206","1210","1203","1207"
"5019","20231013","3340","3395","3276","3293","3317.4734","3241000","10751931300","3340","3395","3282","3282","3280","3302","3276","3293"
"5020","20231013","550.5","551.1","542.9","545.8","546.046","15647100","8544036030","550.5","551.1","544","544","545.2","546.2","542.9","545.8"
"5021","20231013","5250","5260","5173","5244","5222.0344","762200","3980234600","5250","5260","5173","5195","5193","5246","5192","5244"
"5025","20231013","646","646","625","639","636.7407","2700","1719200","646","646","646","646","646","646","625","639"
"5026","20231013","729","729","702","710","713.3571","33600","23968800","729","729","706","714","712","715","702","710"
"5027","20231013","753","761","682","682","703.2766","488100","343269300","753","761","689","700","696","700","682","682"
"5028","20231013","431","446","421","440","432.4223","79100","34204600","431","446","423","430","433","442","421","440"
"5029","20231013","656","666","622","632","641.8685","28900","18550000","656","666","655","655","665","665","622","632"
"5031","20231013","329","330","321","324","324.2171","67700","21949500","329","330","323","324","324","325","321","324"
"5032","20231013","3530","3530","3340","3370","3399.279","2040200","6935209000","3530","3530","3350","3400","3400","3405","3340","3370"
"5033","20231013","943","944","919","919","926.6563","16000","14826500","943","944","928","930","928","928","919","919"
"5034","20231013","3295","3310","3180","3195","3221.987","30700","98915000","3295","3310","3215","3250","3240","3250","3180","3195"
"5035","20231013","519","520","504","507","510.6856","52800","26964200","519","520","509","509","508","509","504","507"
"5036","20231013","1343","1374","1314","1322","1341.6557","66800","89622600","1343","1374","1338","1353","1353","1360","1314","1322"
"5038","20231013","3200","3205","3020","3025","3082.7531","81000","249703000","3200","3205","3070","3070","3060","3085","3020","3025"
"5070","20231013","561","561","536","542","545.6294","51000","27827100","561","561","542","542","540","560","536","542"
"5071","20231013","897","903","887","895","892.25","8400","7494900","897","903","891","891","893","895","887","895"
"5074","20231013","495","498","485","487","489.1959","596100","291609700","495","498","489","489","489","490","485","487"
"5076","20231013","1543.5","1564.5","1537","1543","1548.5709","586300","907927100","1543.5","1564.5","1537","1549","1555.5","1557","1541.5","1543"
"5078","20231013","2966","2995","2965","2979","2977.95","4000","11911800","2966","2995","2965","2994","2990","2991","2970","2979"
"5079","20231013","3455","3465","3425","3430","3442.2222","28800","99136000","3455","3465","3435","3450","3450","3450","3425","3430"
"5101","20231013","2977","2987","2912","2912","2941.6346","746100","2194753600","2977","2987","2935.5","2938","2933","2940.5","2912","2912"
"5103","20231013","47","47","46","46","46.5","2000","93000","47","47","46","46","46","47","46","46"
"5105","20231013","2288.5","2289.5","2249","2258","2266.2895","907500","2056657750","2288.5","2289.5","2267","2271.5","2272","2277","2249","2258"
"5108","20231013","5979","6005","5920","5943","5959.9555","1742600","10385818400","5979","6005","5941","5941","5940","5953","5920","5943"
"5110","20231013","1580","1620","1556","1563.5","1568.2777","1124500","1763528250","1580","1620","1556","1568","1567","1571.5","1558","1563.5"
"5121","20231013","1219","1225","1182","1183","1201.7296","154200","185306700","1219","1225","1196","1196","1200","1200","1182","1183"
"5122","20231013","5320","5340","5210","5220","5269.176","26700","140687000","5320","5340","5290","5320","5320","5320","5210","5220"
"5125","20231013","652","669","640","640","652.5673","17100","11158900","652","669","647","647","645","646","640","640"
"5126","20231013","2154","2247","2114","2181","2195.85","2000","4391700","2154","2247","2154","2200","2150","2224","2114","2181"
"5127","20231013","2401","2415","2275","2299","2329.4034","106600","248314400","2401","2415","2311","2340","2340","2340","2275","2299"
"5129","20231013","1138","1138","1138","1138","1138","57700","65662600","-","-","-","-","1138","1138","1138","1138"
"5131","20231013","270","272","265","265","268.1034","49300","13217500","270","272","268","270","270","270","265","265"
"5132","20231013","5030","5100","4940","4985","4998.0992","12100","60477000","5030","5100","5020","5050","5080","5080","4940","4985"
"5133","20231013","298","301","293","295","295.9915","11800","3492700","298","301","293","296","294","295","294","295"
"5134","20231013","669","689","661","665","674.6034","17400","11738100","669","689","666","676","677","687","661","665"
"5136","20231013","1317","1318","1257","1261","1277.157","199300","254537400","1317","1318","1266","1271","1264","1275","1257","1261"
"5137","20231013","1943","1943","1856","1856","1878.7529","26300","49411200","1943","1943","1885","1890","1895","1895","1856","1856"
"5138","20231013","1085","1085","1040","1042","1052.1653","47800","50293500","1085","1085","1040","1049","1049","1053","1041","1042"
"5139","20231013","3270","3270","3180","3190","3218.4912","28500","91727000","3270","3270","3190","3230","3235","3245","3180","3190"
"5142","20231013","1497","1498","1481","1487","1489.5508","18700","27854600","1497","1498","1489","1489","1487","1491","1481","1487"
"5161","20231013","1359","1359","1315","1330","1332.6099","32300","43043300","1359","1359","1326","1326","1326","1332","1315","1330"
"5162","20231013","550","555","547","547","551.36","2500","1378400","550","555","547","550","548","548","547","547"
"5184","20231013","2936","2940","2850","2860","2883.0879","30700","88510800","2936","2940","2878","2878","2882","2899","2850","2860"
"5185","20231013","1407","1410","1377","1382","1393.6466","59700","83200700","1407","1410","1392","1393","1393","1396","1377","1382"
"5186","20231013","3510","3555","3505","3525","3526.253","41100","144929000","3510","3555","3510","3535","3530","3535","3505","3525"
"5187","20231013","901","908","897","903","901.1182","22000","19824600","901","907","901","903","908","908","897","903"
"5189","20231013","1712","1724","1690","1695","1702.3731","6700","11405900","1712","1724","1690","1724","1720","1720","1690","1695"
"5191","20231013","1045","1047","1025","1031","1034.5747","138500","143288600","1045","1047","1030","1031","1031","1035","1025","1031"
"5192","20231013","4550","4580","4515","4535","4544.0304","157800","717048000","4550","4580","4525","4550","4555","4555","4515","4535"
"5194","20231013","902","907","899","907","902.6667","3600","3249600","902","905","899","905","905","907","899","907"
"5195","20231013","1600","1616","1582","1585","1596.4481","63600","101534100","1600","1616","1594","1598","1595","1599","1582","1585"
"5199","20231013","1890","1911","1890","1911","1902.2","500","951100","1890","1911","1890","1911","1911","1911","1911","1911"
"5201","20231013","5165","5186","5121","5140","5149.8712","844800","4350611200","5165","5186","5142","5158","5160","5161","5121","5140"
"5202","20231013","730","734","717","717","724.0272","949500","687463800","730","734","724","727","725","726","717","717"
"5204","20231013","2483","2515","2427","2438","2464.3106","23500","57911300","2483","2515","2451","2451","2452","2464","2427","2438"
"5208","20231013","1080","1084","1068","1068","1074.9781","86900","93415600","1080","1084","1073","1073","1078","1078","1068","1068"
"5210","20231013","1644","1644","1592","1601","1609.255","130200","209525000","1644","1644","1599","1611","1608","1612","1592","1601"
"5212","20231013","1117","1120","1117","1119","1118.75","1200","1342500","1117","1117","1117","1117","1120","1120","1119","1119"
"5214","20231013","2780","2787","2757.5","2765.5","2769.7304","356400","987131900","2780","2787","2764","2765","2765","2769","2757.5","2765.5"
"5216","20231013","106","106","103","103","104.2939","57500","5996900","106","106","103","104","104","105","103","103"
"5217","20231013","4000","4030","3980","3980","4008.5366","4100","16435000","4000","4030","4000","4030","4030","4030","3980","3980"
"5218","20231013","1375","1386","1360","1362","1372.8468","60700","83331800","1375","1386","1369","1380","1378","1383","1360","1362"
"5232","20231013","3601","3618","3554","3558","3577.7037","187300","670103900","3601","3618","3572","3572","3575","3586","3554","3558"
"5233","20231013","2581.5","2602.5","2567.5","2578","2582.4279","399500","1031679950","2581.5","2602.5","2581.5","2583.5","2582","2589","2567.5","2578"
"5237","20231013","820","829","820","823","823.0682","4400","3621500","820","825","820","820","823","829","820","823"
"5240","20231013","667","673","652","652","658.4198","48600","31999200","667","673","657","659","655","657","652","652"
"5242","20231013","2405","2405","2251","2261","2302.907","4300","9902500","2405","2405","2400","2400","2400","2400","2251","2261"
"5243","20231013","556","556","525","538","538.5109","501500","270063200","556","556","527","527","528","551","525","538"
"5244","20231013","362","365","353","359","358.4048","376200","134831900","362","363","353","359","358","365","353","359"
"5246","20231013","553","596","516","525","560.3306","1440000","806876100","553","596","543","548","545","545","516","525"
"5247","20231013","2880","2907","2810","2814","2842.9853","6800","19332300","2880","2907","2836","2842","2840","2854","2810","2814"
"5248","20231013","2395","2582","2345","2345","2404.0956","177800","427448200","2395","2582","2345","2345","2345","2345","2345","2345"
"5250","20231013","1986","1986","1810","1861","1866.3345","88200","164610700","1986","1986","1853","1855","1875","1875","1810","1861"
"5252","20231013","1500","1500","1466","1478","1477.5625","3200","4728200","1500","1500","1471","1471","1471","1495","1466","1478"
"5253","20231013","2650","2674","2593","2662","2630.9881","2898300","7625392700","2650","2651","2593","2630","2627","2674","2625","2662"
"5254","20231013","4780","4805","4715","4720","4746.0232","47400","224961500","4780","4805","4725","4730","4740","4745","4715","4720"
"5255","20231013","289","289","274","275","279.2202","267900","74803100","289","289","277","279","278","278","274","275"
"5256","20231013","4650","4650","4450","4630","4538.2022","8900","40390000","4650","4650","4555","4565","4565","4630","4450","4630"
"5257","20231013","2352","2392","2319","2368","2337.7353","3400","7948300","2352","2392","2331","2369","2335","2368","2319","2368"
"5258","20231013","817","817","757","757","777.0031","720900","560141500","817","817","771","773","772","773","757","757"
"5259","20231013","565","565","548","552","553.6421","9500","5259600","565","565","553","555","554","558","548","552"
"5261","20231013","4850","4850","4810","4810","4828.7121","6600","31869500","4850","4850","4820","4835","4825","4840","4810","4810"
"5262","20231013","871","871","857","858","861.9036","33200","28615200","871","871","859","860","860","862","857","858"
"5268","20231013","699","705","699","705","700.5","800","560400","699","705","699","699","705","705","705","705"
"5269","20231013","313","315","308","309","310.5215","137300","42634600","313","315","308","308","309","311","308","309"
"5271","20231013","1831","1865","1817","1817","1834.9126","10300","18899600","1831","1865","1831","1856","1847","1847","1817","1817"
"5273","20231013","4460","4460","4255","4290","4337.5397","12600","54653000","4460","4460","4330","4330","4330","4360","4255","4290"
"5277","20231013","281","329","281","311","306.6805","797100","244455000","281","315","281","287","295","329","290","311"
"5279","20231013","804","804","794","794","798.4444","900","718600","804","804","795","795","799","799","794","794"
"5280","20231013","1181","1193","1181","1193","1190","2100","2499000","1181","1192","1181","1186","1186","1193","1184","1193"
"5282","20231013","299","299","295","295","297.562","12100","3600500","299","299","297","297","297","297","295","295"
"5283","20231013","-","-","-","-","-","-","-","-","-","-","-","-","-","-","-"
"5284","20231013","1508","1508","1472","1490","1488.3424","33000","49115300","1508","1508","1480","1489","1487","1491","1472","1490"
"5285","20231013","673","678","663","664","669.2842","58400","39086200","673","678","668","670","670","670","663","664"
"5287","20231013","604","607","603","607","604.25","400","241700","604","604","604","604","603","607","603","607"
"5288","20231013","662","662","646","648","651.978","136500","88995000","662","662","652","654","654","654","646","648"
"5290","20231013","1467","1468","1450","1450","1457.8462","2600","3790400","1467","1467","1460","1460","1458","1468","1450","1450"
"5301","20231013","1183","1193","1170.5","1173.5","1177.633","1361700","1603582900","1183","1193","1175","1175.5","1175","1177","1170.5","1173.5"
"5302","20231013","4555","4570","4505","4520","4537.2128","47000","213249000","4555","4570","4540","4540","4540","4550","4505","4520"
"5304","20231013","14180","14400","14000","14060","14197.4699","16600","235678000","14180","14400","14060","14170","14240","14240","14000","14060"
"5310","20231013","5680","5720","5560","5580","5640.3816","76000","428669000","5680","5720","5650","5670","5650","5650","5560","5580"
"5331","20231013","6040","6050","5920","5920","5981.4178","52900","316417000","6040","6050","5970","5980","5990","5990","5920","5920"
"5332","20231013","3780","3795","3758","3791","3781.3646","622300","2353143200","3780","3795","3766","3770","3778","3791","3758","3791"
"5333","20231013","1940","1951","1920.5","1928.5","1931.6492","971500","1876597200","1940","1951","1925.5","1925.5","1929.5","1931.5","1920.5","1928.5"
"5334","20231013","3287","3300","3270","3284","3283.9451","1024200","3363416600","3287","3300","3275","3281","3279","3292","3270","3284"
"5337","20231013","754","762","725","737","742.6501","84600","62828200","754","762","743","745","745","746","725","737"
"5341","20231013","692","708","655","671","686.1174","128600","88234700","692","708","655","660","700","701","667","671"
"5344","20231013","24350","24790","24140","24200","24365.7746","49700","1210979000","24350","24790","24220","24520","24490","24520","24140","24200"
"5351","20231013","1524","1538","1483","1499","1501.1906","183100","274868000","1524","1538","1510","1510","1508","1508","1483","1499"
"5352","20231013","9260","9320","9160","9170","9225.3676","13600","125465000","9260","9320","9240","9270","9270","9270","9160","9170"
"5355","20231013","553","553","551","552","552","300","165600","553","553","551","551","552","552","552","552"
"5357","20231013","1479","1487","1446","1449","1456.9825","22800","33219200","1479","1487","1451","1451","1449","1458","1446","1449"
"5363","20231013","334","336","333","334","334.5842","54600","18268300","334","336","334","335","335","336","333","334"
"5367","20231013","613","617","602","605","608.7924","34200","20820700","613","617","609","609","609","609","602","605"
"5368","20231013","903","910","902","908","906.7333","3000","2720200","903","910","902","910","908","910","905","908"
"5380","20231013","1584","1640","1575","1636","1611.8065","3100","4996600","1584","1626","1575","1626","1625","1640","1591","1636"
"5381","20231013","511","515","508","513","511.7605","66400","33980900","511","514","508","512","513","515","510","513"
"5384","20231013","3235","3315","3135","3140","3194.845","342000","1092637000","3235","3315","3205","3205","3190","3195","3135","3140"
"5386","20231013","395","395","389","392","394.3611","3600","1419700","395","395","389","392","-","-","-","-"
"5388","20231013","1006","1007","993","995","997.3832","16700","16656300","1006","1007","997","997","1001","1001","993","995"
"5391","20231013","1121","1121","1092","1098","1103.3669","24800","27363500","1121","1121","1102","1102","1103","1113","1092","1098"
"5393","20231013","3035","3070","3025","3035","3044.1994","99300","302289000","3035","3070","3035","3045","3040","3045","3025","3035"
"5395","20231013","2480","2480","2475","2475","2477.5","200","495500","2480","2480","2480","2480","2475","2475","2475","2475"
"5401","20231013","3234","3243","3202","3217","3221.2177","8540600","27511132200","3234","3243","3217","3221","3220","3225","3202","3217"
"5406","20231013","1856","1869.5","1841.5","1850","1854.2647","7661300","14206078100","1856","1869.5","1841.5","1855","1853","1858","1842.5","1850"
"5408","20231013","860","870","851","852","859.7138","472700","406386700","860","870","859","861","861","862","851","852"
"5410","20231013","4400","4425","4335","4345","4372.7719","93800","410166000","4400","4425","4365","4375","4390","4390","4335","4345"
"5411","20231013","2130","2132.5","2103","2108","2114.3994","3761100","7952467500","2130","2132.5","2112","2113","2116","2119","2103","2108"
"5423","20231013","1649","1690","1648","1669","1672.1506","462900","774038500","1649","1690","1648","1673","1675","1685","1665","1669"
"5440","20231013","1927","1939","1902","1912","1917.6305","47900","91854500","1927","1939","1913","1918","1913","1919","1902","1912"
"5444","20231013","7079","7123","7041","7077","7078.6109","188400","1333610300","7079","7123","7068","7070","7055","7099","7041","7077"
"5445","20231013","3380","3430","3345","3360","3379.0918","52300","176726500","3380","3430","3380","3380","3385","3390","3345","3360"
"5446","20231013","1605","1605","1588","1588","1594.3636","1100","1753800","1605","1605","1590","1590","1590","1590","1588","1588"
"5449","20231013","1717","1743","1698","1702","1712.2019","32200","55132900","1717","1743","1717","1718","1711","1719","1698","1702"
"5451","20231013","3615","3620","3545","3550","3576.0096","62400","223143000","3615","3620","3580","3585","3580","3580","3545","3550"
"5458","20231013","819","833","819","833","826.6","500","413300","819","833","819","823","833","833","833","833"
"5461","20231013","2077","2079","2043","2044","2059.0244","73900","152161900","2077","2079","2055","2059","2064","2067","2043","2044"
"5463","20231013","3729","3753","3708","3714","3721.7966","94900","353198500","3729","3753","3711","3711","3710","3729","3708","3714"
"5464","20231013","3900","3975","3890","3945","3939.2857","8400","33090000","3900","3975","3890","3955","3955","3960","3935","3945"
"5471","20231013","6035","6075","5965","5992","6007.4488","64400","386879700","6035","6075","6000","6012","6003","6008","5965","5992"
"5476","20231013","574","574","547","548","555.1108","166000","92148400","574","574","553","553","553","553","547","548"
"5480","20231013","4310","4325","4245","4265","4288.7393","187200","802852000","4310","4325","4280","4300","4310","4310","4245","4265"
"5481","20231013","2779","2814","2749","2766","2768.4839","55800","154481400","2779","2814","2760","2760","2758","2766","2749","2766"
"5482","20231013","3900","3925","3855","3880","3886.9643","64400","250320500","3900","3925","3880","3900","3905","3905","3855","3880"
"5484","20231013","1754","1770","1753","1766","1756.3636","1100","1932000","1754","1770","1753","1766","-","-","-","-"
"5491","20231013","876","876","862","867","866.2","47500","41144500","876","876","867","868","869","869","862","867"
"5527","20231013","1652","1652","1566","1577","1588.3897","97500","154868000","1652","1652","1582","1584","1596","1605","1566","1577"
"5532","20231013","2010","2010","1935","1937","1955.9859","7100","13887500","2010","2010","1937","1937","1936","1976","1935","1937"
"5533","20231013","2140","2169","2100","2142","2122.2941","1700","3607900","2140","2169","2104","2104","2108","2142","2100","2142"
"5535","20231013","1222","1222","1175","1176","1193.9732","22400","26745000","1222","1222","1181","1181","1176","1188","1175","1176"
"5541","20231013","1291","1294","1265","1270","1275.9315","341700","435985800","1291","1294","1271","1271","1270","1276","1265","1270"
"5542","20231013","1185","1186","1183","1183","1184.5","2000","2369000","1185","1186","1183","1183","1183","1183","1183","1183"
"5563","20231013","295","295","290","291","292.6406","470200","137599600","295","295","292","294","293","293","290","291"
"5570","20231013","941","941","904","914","912.0854","28100","25629600","941","941","904","909","923","923","904","914"
"5571","20231013","1000","1010","980","998","993.0667","7500","7448000","1000","1010","989","993","994","999","980","998"
"5572","20231013","1724","1741","1692","1716","1709.9412","10200","17441400","1724","1741","1708","1708","1710","1716","1692","1716"
"5574","20231013","4810","5080","4800","5000","4925.0814","466800","2299028000","4810","5080","4800","4965","4965","5030","4930","5000"
"5575","20231013","1908","1908","1810","1815","1833.8755","53800","98662500","1908","1908","1811","1831","1850","1850","1810","1815"
"5576","20231013","2082","2082","2027","2030","2044.3333","8400","17172400","2082","2082","2040","2044","2046","2046","2027","2030"
"5577","20231013","1915","1931","1752","1776","1826.896","154800","282803500","1915","1931","1860","1860","1853","1860","1752","1776"
"5578","20231013","2350","2480","2331","2387","2415.9248","54500","131667900","2350","2448","2331","2448","2463","2480","2362","2387"
"5580","20231013","1580","1602","1561","1598","1579.2756","22500","35533700","1580","1602","1566","1571","1590","1598","1561","1598"
"5582","20231013","3380","3380","3175","3175","3246.5831","31900","103566000","3380","3380","3250","3250","3255","3255","3175","3175"
"5585","20231013","2675","2772","2535","2535","2618.09","303300","794066700","2675","2772","2567","2572","2567","2582","2535","2535"
"5586","20231013","800","801","738","738","755.9983","528300","399393900","800","801","750","751","751","752","738","738"
"5587","20231013","1860","1860","1790","1790","1816.8322","29800","54141600","1860","1860","1825","1834","1831","1835","1790","1790"
"5588","20231013","2170","2369","2170","2322","2301.2084","1321600","3041277000","2170","2367","2170","2359","2369","2369","2286","2322"
"5589","20231013","1679","1720","1647","1711","1683.1845","74800","125902200","1679","1700","1647","1699","1693","1720","1685","1711"
"5590","20231013","915","1072","882","958","1014.0853","443100","449341200","915","948","882","942","1072","1072","950","958"
"5591","20231013","2001","2030","1977","1983","1993.4807","67400","134360600","2001","2030","1985","2009","2001","2009","1977","1983"
"5592","20231013","1568","1610","1542","1556","1573.9308","808300","1272208300","1568","1610","1542","1580","1577","1602","1542","1556"
"5602","20231013","2766","2766","2722","2729","2740.9179","20700","56737000","2766","2766","2748","2748","2752","2752","2722","2729"
"5603","20231013","1482","1571","1471","1537","1519.3885","79800","121247200","1482","1494","1471","1489","1486","1571","1486","1537"
"5609","20231013","1017","1017","1000","1001","1005.5","7000","7038500","1017","1017","1005","1005","1005","1014","1000","1001"
"5610","20231013","1176","1280","1100","1145","1180.6598","58500","69068600","1176","1280","1153","1175","1174","1174","1100","1145"
"5612","20231013","1078","1078","1063","1063","1073.5417","2400","2576500","1078","1078","1066","1078","1078","1078","1063","1063"
"5631","20231013","2696","2701.5","2647.5","2658.5","2673.1914","477200","1275646950","2696","2701.5","2666","2666","2666","2674","2647.5","2658.5"
"5632","20231013","1440","1442","1413","1417","1425.5245","114200","162794900","1440","1442","1422","1424","1429","1429","1413","1417"
"5644","20231013","3730","3760","3685","3760","3725.5691","12300","45824500","3730","3750","3685","3750","3740","3760","3720","3760"
"5658","20231013","287","289","283","285","285.7292","72000","20572500","287","289","285","287","286","286","283","285"
"5659","20231013","4810","4830","4780","4810","4803.913","9200","44196000","4810","4830","4785","4820","4795","4810","4780","4810"
"5660","20231013","1049","1049","1045","1045","1047.3333","900","942600","1049","1049","1045","1045","-","-","-","-"
"5695","20231013","2316","2316","2316","2316","2316","100","231600","2316","2316","2316","2316","-","-","-","-"
"5697","20231013","571","582","568","568","573.8667","3000","1721600","571","582","571","582","577","577","568","568"
"5698","20231013","659","659","622","622","633.3075","210400","133247900","659","659","629","629","631","634","622","622"
"5699","20231013","1139","1139","1114","1114","1125.0408","4900","5512700","1139","1139","1130","1130","1135","1135","1114","1114"
"5702","20231013","1236","1237","1214","1219","1225.1309","200100","245148700","1236","1237","1223","1223","1226","1226","1214","1219"
"5703","20231013","1603","1614","1583","1587","1599.2613","199400","318892700","1603","1614","1599","1606","1605","1606","1583","1587"
"5704","20231013","1223","1228","1175","1176","1195.9521","198500","237396500","1223","1228","1187","1195","1189","1200","1175","1176"
"5706","20231013","3744","3763","3716","3721","3733.017","622700","2324549700","3744","3763","3724","3724","3730","3744","3716","3721"
"5707","20231013","1630","1639","1621","1630","1627.7223","85700","139495800","1630","1639","1621","1624","1624","1632","1621","1630"
"5711","20231013","2413","2426.5","2377.5","2390","2392.2746","825100","1973865750","2413","2426.5","2384","2384","2381","2390","2377.5","2390"
"5713","20231013","4272","4316","4250","4280","4275.7148","1231300","5264687600","4272","4316","4263","4263","4274","4285","4250","4280"
"5714","20231013","4680","4723","4632","4652","4663.6733","155200","723802100","4680","4723","4650","4650","4645","4658","4632","4652"
"5715","20231013","1826","1833","1814","1818","1821.71","76200","138814300","1826","1833","1815","1818","1818","1829","1814","1818"
"5721","20231013","23","24","23","23","23.0199","105600","2430900","23","24","23","23","23","23","23","23"
"5724","20231013","1192","1192","1170","1170","1174.2821","3900","4579700","1192","1192","1175","1177","1175","1175","1170","1170"
"5726","20231013","3245","3275","3210","3245","3249.3067","800500","2601070000","3245","3275","3210","3250","3260","3270","3215","3245"
"5727","20231013","1886","1935","1876","1899","1895.2144","655200","1241744500","1886","1935","1878","1884","1884","1899","1876","1899"
"5729","20231013","2601","2617","2601","2617","2611.6667","300","783500","2601","2601","2601","2601","2617","2617","2617","2617"
"5741","20231013","3085","3115","3030","3055","3057.794","106300","325043500","3085","3115","3045","3045","3055","3055","3030","3055"
"5742","20231013","828","828","816","817","819.7083","2400","1967300","828","828","816","818","817","817","817","817"
"5753","20231013","1938","1938","1935","1938","1936.625","800","1549300","1938","1938","1938","1938","1935","1938","1935","1938"
"5757","20231013","3530","3565","3500","3510","3525","5100","17977500","3530","3550","3530","3530","3565","3565","3500","3510"
"5759","20231013","1564","1564","1492","1520","1513.3696","82800","125307000","1564","1564","1500","1508","1510","1548","1492","1520"
"5781","20231013","1276","1276","1216","1227","1253.9145","15200","19059500","1276","1276","1244","1256","1250","1250","1216","1227"
"5801","20231013","2310","2323.5","2287","2291.5","2300.832","355100","817025450","2310","2323.5","2297","2310","2305","2308","2287","2291.5"
"5802","20231013","1700","1718.5","1695.5","1705.5","1707.5834","3211500","5483904200","1700","1718.5","1695.5","1711","1712.5","1716.5","1702","1705.5"
"5803","20231013","1211","1213","1196","1200","1204.8044","1345100","1620582400","1211","1213","1198.5","1202","1202","1210","1196","1200"
"5805","20231013","2083","2110","2059","2063","2090.7754","129100","269919100","2083","2110","2083","2098","2097","2101","2059","2063"
"5809","20231013","698","699","696","698","697.7536","69000","48145000","698","699","697","699","697","698","696","698"
"5816","20231013","829","832","824","827","828.9099","23300","19313600","829","832","827","829","830","831","824","827"
"5817","20231013","613","618","561","561","589.8054","14900","8788100","613","618","591","598","600","606","561","561"
"5819","20231013","1435","1439","1418","1422","1427.1899","7900","11274800","1435","1439","1425","1425","1437","1437","1418","1422"
"5820","20231013","2263","2270","2205","2215","2234.1747","33200","74174600","2263","2270","2221","2221","2222","2231","2205","2215"
"5821","20231013","1441","1448","1434","1444","1441.0094","21200","30549400","1441","1448","1437","1439","1440","1445","1434","1444"
"5830","20231013","1102.5","1102.5","1066.5","1070","1080.8117","805500","870593850","1102.5","1102.5","1081.5","1081.5","1081.5","1084","1066.5","1070"
"5831","20231013","1265","1276.5","1241","1244.5","1253.6587","1408600","1765903700","1265","1276.5","1264","1265","1262","1265","1241","1244.5"
"5832","20231013","1130","1150","1119","1119.5","1128.9087","333100","376039500","1130","1150","1127.5","1136.5","1134","1135.5","1119","1119.5"
"5834","20231013","2186","2186","2112","2145","2154.5594","40400","87044200","2186","2186","2162","2162","2162","2162","2112","2145"
"5838","20231013","2349","2435","2340","2341","2371.105","1247300","2957479300","2349","2435","2349","2389","2391","2393","2340","2341"
"5842","20231013","2071","2080","1988","2002","2019.0257","38900","78540100","2071","2080","1994","2012","2006","2028","1988","2002"
"5843","20231013","700","708","682","682","691.5458","145300","100481600","700","708","691","694","696","697","682","682"
"5844","20231013","8400","8443","8150","8238","8276.3583","149600","1238143200","8400","8443","8350","8364","8350","8350","8150","8238"
"5851","20231013","2880","2892","2806","2819","2838.3819","423400","1201770900","2880","2892","2825","2825","2824","2837","2806","2819"
"5852","20231013","760","760","715","718","730.61","1300300","950012200","760","760","725","729","727","728","715","718"
"5856","20231013","46","47","45","45","46.0151","66300","3050800","46","47","46","47","46","46","45","45"
"5857","20231013","1882","1898","1878","1893","1889.7109","318200","601306000","1882","1898","1878","1889","1890","1895","1885","1893"
"5884","20231013","455","463","444","445","448.5278","91700","41130000","455","463","445","446","447","449","444","445"
"5885","20231013","8170","9500","8050","9200","8854.4444","185400","1641614000","8170","9500","8050","9300","9240","9370","9090","9200"
"5900","20231013","836","836","811","816","826.0915","15300","12639200","836","836","811","826","829","831","816","816"
"5901","20231013","2486","2497.5","2444","2456","2465.4329","873200","2152816000","2486","2497.5","2444.5","2444.5","2445","2464","2444","2456"
"5902","20231013","1489","1491","1466","1472","1475.3891","23900","35261800","1489","1491","1467","1467","1468","1475","1466","1472"
"5903","20231013","1195","1210","1195","1200","1201.641","3900","4686400","1195","1199","1195","1199","1200","1210","1200","1200"
"5905","20231013","1620","1620","1612","1612","1616","200","323200","1620","1620","1620","1620","1612","1612","1612","1612"
"5906","20231013","379","383","379","381","380.6774","3100","1180100","379","379","379","379","380","383","379","381"
"5909","20231013","924","924","910","910","915.75","13600","12454200","924","924","914","914","914","915","910","910"
"5911","20231013","2731","2731","2699","2708","2709.4384","139600","378237600","2731","2731","2707","2707","2704","2711","2699","2708"
"5915","20231013","2000","2004","1958","1979","1984.337","18400","36511800","2000","2004","1990","2000","1992","2003","1958","1979"
"5918","20231013","-","-","-","-","-","-","-","-","-","-","-","-","-","-","-"
"5921","20231013","3175","3175","3145","3145","3168","500","1584000","3175","3175","3170","3170","3145","3145","3145","3145"
"5922","20231013","-","-","-","-","-","-","-","-","-","-","-","-","-","-","-"
"5923","20231013","3110","3110","3075","3090","3093.0189","5300","16393000","3110","3110","3075","3100","3085","3100","3085","3090"
"5928","20231013","286","287","286","286","286.5933","26800","7680700","286","287","286","287","287","287","286","286"
"5929","20231013","2021","2025.5","1976.5","1980","1996.5574","459300","917018800","2021","2025.5","2004","2004","2000.5","2008","1976.5","1980"
"5930","20231013","1165","1170","1157","1163","1164.108","176900","205930700","1165","1170","1157","1166","1165","1168","1158","1163"
"5932","20231013","855","856","804","804","822.0925","375100","308366900","855","856","818","819","819","819","804","804"
"5933","20231013","1032","1038","1021","1025","1029.6814","29500","30375600","1032","1038","1029","1029","1031","1034","1021","1025"
"5935","20231013","1939","1948","1821","1852","1893.7523","10900","20641900","1939","1948","1821","1835","1875","1880","1848","1852"
"5936","20231013","614","617","603","605","610.2542","5900","3600500","614","617","605","605","607","607","603","605"
"5938","20231013","1664","1668.5","1651","1659.5","1659.6162","2599400","4314006450","1664","1668.5","1651","1660","1660","1665.5","1655.5","1659.5"
"5939","20231013","6700","6700","6590","6590","6642.5","400","2657000","6700","6700","6690","6690","6590","6590","6590","6590"
"5940","20231013","76","76","74","75","75.1982","437900","32929300","76","76","74","74","75","75","74","75"
"5941","20231013","1642","1643","1638","1643","1641.1","1000","1641100","1642","1642","1638","1638","1640","1643","1640","1643"
"5942","20231013","478","478","475","475","476.2195","12300","5857500","478","478","475","475","477","477","475","475"
"5943","20231013","1575","1584","1561","1566","1571.8929","140100","220222200","1575","1584","1573","1576","1576","1576","1561","1566"
"5945","20231013","-","-","-","-","-","-","-","-","-","-","-","-","-","-","-"
"5946","20231013","2115","2119","2092","2095","2102.193","22800","47930000","2115","2119","2100","2104","2100","2101","2092","2095"
"5947","20231013","2805","2808","2790.5","2807.5","2801.3502","378800","1061151450","2805","2806","2790.5","2802","2802","2808","2790.5","2807.5"
"5949","20231013","1109","1109","1083","1088","1094.2468","142600","156039600","1109","1109","1096","1096","1096","1097","1083","1088"
"5950","20231013","120","120","118","119","118.3893","13100","1550900","120","120","118","119","119","119","118","119"
"5951","20231013","732","732","714","714","724.0253","27700","20055500","732","732","722","722","722","724","714","714"
"5952","20231013","154","157","147","149","150.1616","456600","68563800","154","157","150","153","151","152","147","149"
"5955","20231013","86","87","85","85","85.7342","379300","32519000","86","87","85","85","85","86","85","85"
"5956","20231013","536","539","534","539","537","500","268500","536","538","534","538","538","539","538","539"
"5957","20231013","590","590","584","584","585.4894","94200","55153100","590","590","585","585","584","586","584","584"
"5958","20231013","2024","2043","2010","2010","2018.9545","4400","8883400","2024","2032","2017","2032","2032","2043","2010","2010"
"5959","20231013","741","741","729","731","734.139","41000","30099700","741","741","734","735","733","733","729","731"
"5962","20231013","1421","1435","1408","1408","1413.8519","2700","3817400","1421","1435","1421","1435","1411","1411","1408","1408"
"5965","20231013","800","806","787","789","796.1222","18000","14330200","800","806","799","799","798","798","787","789"
"5966","20231013","2390","2390","2300","2304","2352.3077","2600","6116000","2390","2390","2359","2359","2354","2354","2300","2304"
"5967","20231013","1173","1208","1114","1189","1165.5957","23500","27391500","1173","1188","1114","1168","1163","1208","1163","1189"
"5969","20231013","1217","1217","1217","1217","1217","100","121700","1217","1217","1217","1217","-","-","-","-"
"5970","20231013","1813","1813","1773","1778","1788.7778","81900","146500900","1813","1813","1791","1792","1792","1798","1773","1778"
"5971","20231013","4640","4675","4640","4670","4662.8571","700","3264000","4640","4640","4640","4640","4665","4675","4660","4670"
"5973","20231013","554","556","553","556","554.027","3700","2049900","-","-","-","-","554","556","553","556"
"5974","20231013","679","682","671","671","677.0625","3200","2166600","679","682","679","680","679","679","671","671"
"5975","20231013","1654","1664","1625","1632","1643.237","75100","123407100","1654","1664","1642","1648","1643","1648","1625","1632"
"5976","20231013","1041","1043","1029","1031","1035.7745","75400","78097400","1041","1043","1034","1035","1035","1037","1029","1031"
"5981","20231013","1408","1445","1384","1392","1408.7776","71500","100727600","1408","1445","1397","1404","1404","1408","1384","1392"
"5982","20231013","2205","2221","2196","2208","2208.1985","26700","58958900","2205","2221","2196","2208","2208","2211","2203","2208"
"5983","20231013","5680","5690","5680","5690","5682","500","2841000","5680","5690","5680","5690","-","-","-","-"
"5984","20231013","720","721","715","715","717.9","1000","717900","720","721","718","718","719","719","715","715"
"5985","20231013","489","490","480","480","484.0343","46600","22556000","489","490","484","484","483","484","480","480"
"5986","20231013","302","302","292","292","294.8465","101000","29779500","302","302","294","295","294","296","292","292"
"5987","20231013","1620","1690","1620","1671","1657.4865","3700","6132700","1620","1620","1620","1620","1637","1690","1637","1671"
"5988","20231013","2258","2258","2207","2218","2230.5268","59800","133385500","2258","2258","2236","2238","2239","2242","2207","2218"
"5989","20231013","831","831","807","810","816.1305","47500","38766200","831","831","816","816","815","819","807","810"
"5990","20231013","1963","1982","1963","1982","1968.7143","700","1378100","1963","1965","1963","1965","1974","1982","1970","1982"
"5991","20231013","1093","1105","1091","1100","1098.2643","315900","346941700","1093","1105","1091","1098","1098","1100.5","1095","1100"
"5992","20231013","765","766","749","750","756.732","55600","42074300","765","766","758","759","758","759","749","750"
"5994","20231013","1447","1460","1386","1427","1436","8900","12780400","1447","1450","1386","1449","1445","1460","1422","1427"
"5997","20231013","617","624","617","624","618.625","800","494900","617","618","617","618","619","624","619","624"
"5998","20231013","986","994","981","984","985.2927","4100","4039700","986","994","984","984","983","986","981","984"
"6005","20231013","3086","3108","3046","3055","3070.0387","175900","540019800","3086","3108","3077","3077","3089","3089","3046","3055"
"6013","20231013","1542","1542","1498","1499","1516.7663","236600","358866900","1542","1542","1519","1519","1516","1522","1498","1499"
"6016","20231013","5010","5010","4840","4950","4900.0761","19700","96531500","5010","5010","4840","4875","4875","4950","4860","4950"
"6018","20231013","1622","1622","1597","1606","1608.2632","1900","3055700","1622","1622","1597","1615","1606","1606","1606","1606"
"6022","20231013","2021","2021","1974","1974","1995.1429","1400","2793200","2021","2021","2021","2021","2020","2020","1974","1974"
"6023","20231013","828","838","814","827","828.4413","39200","32474900","828","838","814","827","832","832","821","827"
"6026","20231013","4445","4510","4380","4505","4438.1818","4400","19528000","4445","4450","4390","4440","4435","4510","4380","4505"
"6027","20231013","4770","4910","4550","4550","4638.6114","332700","1543266000","4770","4910","4610","4645","4650","4660","4550","4550"
"6028","20231013","3150","3151","3107","3112","3124.4171","228000","712367100","3150","3151","3114","3122","3121","3125","3107","3112"
"6029","20231013","197","197","192","194","194.1472","69300","13454400","197","197","192","193","195","195","193","194"
"6030","20231013","5080","5100","4815","4825","4914.2363","62200","305665500","5080","5100","4875","4895","4915","4915","4815","4825"
"6031","20231013","1088","1089","1060","1071","1069.832","38700","41402500","1088","1089","1060","1067","1067","1071","1060","1071"
"6033","20231013","1340","1340","1292","1293","1303.5203","14800","19292100","1340","1340","1307","1310","1310","1310","1292","1293"
"6034","20231013","1080","1080","1050","1062","1059.0833","13200","13979900","1080","1080","1055","1057","1057","1062","1050","1062"
"6035","20231013","1551","1555","1439","1443","1475.2102","847900","1250830700","1551","1555","1450","1455","1449","1460","1439","1443"
"6036","20231013","5770","5780","5580","5620","5661.5431","149700","847533000","5770","5780","5710","5720","5700","5710","5580","5620"
"6037","20231013","519","519","515","517","517.4107","5600","2897500","519","519","517","517","518","519","515","517"
"6038","20231013","752","757","751","755","753","2000","1506000","752","757","752","755","753","755","751","755"
"6039","20231013","1816","1817","1800","1816","1809.3333","1500","2714000","1816","1816","1800","1813","1813","1817","1801","1816"
"6040","20231013","1000","1000","959","959","975.0025","119200","116220300","1000","1000","972","973","973","976","959","959"
"6042","20231013","2528","2528","2528","2528","2528","100","252800","2528","2528","2528","2528","-","-","-","-"
"6044","20231013","1017","1017","977","980","990.5702","59100","58542700","1017","1017","990","990","997","997","977","980"
"6045","20231013","475","475","460","461","464.9339","12100","5625700","475","475","467","467","466","466","460","461"
"6046","20231013","185","185","183","185","184.4615","6500","1199000","185","185","184","185","184","185","183","185"
"6047","20231013","676","681","648","648","660.4145","524000","346057200","676","681","662","663","662","666","648","648"
"6048","20231013","164","187","164","167","173.2005","468800","81196400","164","170","164","170","168","187","165","167"
"6049","20231013","330","331","321","322","325.1843","58600","19055800","330","331","322","327","328","328","321","322"
"6050","20231013","1782","1785","1722","1725","1741.8538","120400","209719200","1782","1785","1735","1739","1741","1741","1722","1725"
"6054","20231013","296","296","289","289","290.7371","65800","19130500","296","296","289","290","290","292","289","289"
"6055","20231013","2547","2563","2520","2534","2537.9285","170600","432970600","2547","2563","2526","2552","2545","2551","2520","2534"
"6058","20231013","1176","1183","1138","1143","1159.5409","606200","702913700","1176","1183","1157","1167","1167","1168","1138","1143"
"6059","20231013","348","351","343","343","346.2566","11300","3912700","348","351","346","346","349","349","343","343"
"6060","20231013","1004","1005","1003","1005","1004.5714","700","703200","1004","1004","1004","1004","1003","1005","1003","1005"
"6061","20231013","4680","4680","4550","4560","4625.8621","2900","13415000","4680","4680","4660","4660","4660","4660","4550","4560"
"6062","20231013","1150","1150","1118","1119","1127.5296","99500","112189200","1150","1150","1129","1130","1129","1129","1118","1119"
"6063","20231013","797","798","796","796","796.5833","3600","2867700","797","798","797","797","797","797","796","796"
"6069","20231013","1155","1161","1147","1151","1152.4511","41900","48287700","1155","1161","1147","1156","1152","1155","1147","1151"
"6070","20231013","2500","2507","2458","2458","2478.5775","96800","239926300","2500","2507","2477","2480","2483","2483","2458","2458"
"6071","20231013","618","621","610","611","614.1481","154600","94947300","618","621","612","613","613","615","610","611"
"6072","20231013","119","120","117","117","118.4673","98000","11609800","119","120","118","118","118","119","117","117"
"6073","20231013","1590","1590","1584","1588","1587.6","36000","57153600","1590","1590","1584","1587","1590","1590","1586","1588"
"6074","20231013","550","554","550","552","552","700","386400","550","552","550","552","554","554","552","552"
"6078","20231013","1246","1247","1222","1229","1233.6196","74400","91781300","1246","1247","1230","1232","1232","1232","1222","1229"
"6080","20231013","2699","2702","2604","2605","2628.3968","101300","266256600","2699","2702","2611","2628","2623","2627","2604","2605"
"6081","20231013","314","314","304","304","307.9644","98300","30272900","314","314","307","308","310","310","304","304"
"6082","20231013","1013","1013","1001","1007","1005.9837","24500","24646600","1013","1013","1006","1007","1006","1007","1001","1007"
"6083","20231013","1750","1750","1702","1711","1719.9611","87300","150152600","1750","1750","1718","1718","1717","1717","1702","1711"
"6085","20231013","497","526","490","522","512.2523","11100","5686000","497","526","490","507","510","522","507","522"
"6086","20231013","1637","1637","1560","1605","1593.52","25000","39838000","1637","1637","1560","1560","1560","1617","1560","1605"
"6087","20231013","3160","3160","3130","3130","3140.3623","6900","21668500","3160","3160","3145","3145","3140","3140","3130","3130"
"6088","20231013","1621","1621","1571","1573","1591.277","157400","250467000","1621","1621","1594","1594","1593","1596","1571","1573"
"6089","20231013","1100","1100","1085","1086","1091.0847","24800","27058900","1100","1100","1090","1090","1092","1092","1085","1086"
"6090","20231013","700","702","693","693","698.1184","7600","5305700","700","702","699","699","700","700","693","693"
"6091","20231013","520","520","508","512","514.24","20000","10284800","520","520","511","512","509","512","508","512"
"6092","20231013","609","609","592","592","597.9162","17900","10702700","609","609","601","602","603","603","592","592"
"6093","20231013","142","142","139","139","140.5843","87800","12343300","142","142","140","141","141","141","139","139"
"6094","20231013","788","789","759","767","768.0187","202800","155754200","788","789","763","765","765","769","759","767"
"6095","20231013","1043","1063","1043","1045","1047.5503","164100","171903000","1043","1063","1043","1049","1049","1050","1044","1045"
"6096","20231013","989","990","952","958","966.9955","44300","42837900","989","990","968","968","966","966","952","958"
"6098","20231013","4691","4705","4555","4579","4614.9636","3460500","15970081700","4691","4705","4591","4595","4604","4604","4555","4579"
"6099","20231013","776","776","761","762","766.8889","110700","84894600","776","776","761","767","767","767","762","762"
"6101","20231013","1157","1164","1150","1151","1154.7924","209100","241467100","1157","1164","1151","1156","1157","1158","1150","1151"
"6103","20231013","6761","6818","6713","6779","6767.3129","374300","2533005200","6761","6818","6713","6771","6765","6779","6743","6779"
"6104","20231013","3915","3960","3880","3890","3908.9832","130800","511295000","3915","3960","3890","3915","3910","3915","3880","3890"
"6113","20231013","1570.5","1583","1550.5","1552","1562.3007","2260600","3531736850","1570.5","1583","1552","1566","1562","1568","1550.5","1552"
"6118","20231013","971","972","941","943","952.601","101000","96212700","971","972","955","956","954","956","941","943"
"6121","20231013","2596","2596","2595","2596","2595.5287","33100","85912000","2596","2596","2595","2595","2595","2596","2595","2596"
"6125","20231013","5990","6070","5860","5870","5957.2175","70800","421771000","5990","6070","5940","6000","6000","6000","5860","5870"
"6131","20231013","1591","1591","1513","1520","1538.225","20000","30764500","1591","1591","1533","1535","1533","1533","1513","1520"
"6134","20231013","2415.5","2432.5","2415","2429","2424.0076","251300","609153100","2415.5","2432.5","2415","2424","2420.5","2431.5","2417.5","2429"
"6135","20231013","6570","6610","6460","6510","6531.5505","121900","796196000","6570","6610","6530","6550","6550","6560","6460","6510"
"6136","20231013","1784","1801","1772.5","1780","1785.8692","332500","593801500","1784","1801","1784","1794","1795","1796.5","1772.5","1780"
"6137","20231013","3675","3675","3465","3500","3548.9076","11900","42232000","3675","3675","3565","3565","3565","3565","3465","3500"
"6138","20231013","932","932","888","888","907.9184","4900","4448800","932","932","914","914","916","916","888","888"
"6140","20231013","906","914","901","907","908.3832","315200","286322400","906","914","901","912","914","914","902","907"
"6141","20231013","2651.5","2693","2618.5","2621","2652.0919","1377200","3652460950","2651.5","2693","2642.5","2661.5","2659","2673","2618.5","2621"
"6143","20231013","790","800","777","780","788.6807","390800","308216400","790","800","784","784","783","787","777","780"
"6144","20231013","1382","1390","1373","1390","1379.3846","1300","1793200","1382","1389","1375","1375","1377","1390","1373","1390"
"6145","20231013","2451","2451","2378","2400","2397","22100","52973700","2451","2451","2386","2386","2384","2400","2378","2400"
"6146","20231013","30110","30160","29360","29450","29731.0131","1668200","49597276000","30110","30160","29575","29870","29800","29875","29360","29450"
"6147","20231013","374","374","368","368","371.34","5000","1856700","374","374","373","373","373","373","368","368"
"6149","20231013","2320","2329","2289","2295","2307.1026","11700","26993100","2320","2329","2308","2322","2317","2317","2289","2295"
"6150","20231013","2619","2631","2602","2631","2614.6667","600","1568800","2619","2630","2602","2602","2603","2631","2603","2631"
"6151","20231013","1952","1983","1952","1977","1973.3878","14700","29008800","1952","1972","1952","1971","1971","1983","1971","1977"
"6155","20231013","514","526","514","526","518.1897","5800","3005500","514","526","514","526","-","-","-","-"
"6156","20231013","1979","1994","1948","1977","1963.3793","11600","22775200","1979","1994","1950","1987","1971","1980","1948","1977"
"6157","20231013","1074","1074","1059","1066","1067.5325","16900","18041300","1074","1074","1066","1069","1069","1072","1059","1066"
"6158","20231013","1043","1049","1033","1033","1041.2564","3900","4060900","1043","1049","1043","1043","1042","1042","1033","1033"
"6159","20231013","1557","1587","1553","1556","1567.8824","1700","2665400","1557","1587","1553","1574","1574","1574","1556","1556"
"6161","20231013","928","928","920","924","923.8939","6600","6097700","928","928","920","922","926","926","924","924"
"6164","20231013","1399","1419","1399","1419","1412","400","564800","1399","1419","1399","1419","-","-","-","-"
"6165","20231013","428","430","421","421","425.2047","97200","41329900","428","430","424","424","424","425","421","421"
"6166","20231013","469","477","468","469","470.6616","19800","9319100","469","477","469","469","469","470","468","469"
"6167","20231013","654","660","646","648","651.2491","87100","56723800","654","660","648","648","650","650","646","648"
"6171","20231013","334","335","333","335","334.1455","5500","1837800","334","335","334","334","334","335","333","335"
"6173","20231013","514","522","493","494","504.5136","36800","18566100","514","522","513","514","514","514","493","494"
"6176","20231013","860","862","812","816","824.5942","116300","95900300","860","862","826","826","822","826","812","816"
"6177","20231013","108","110","106","106","107.8429","400300","43169500","108","110","107","108","108","109","106","106"
"6178","20231013","1248.5","1260.5","1245","1251.5","1252.1015","9729000","12181695150","1248.5","1260.5","1245","1252","1251","1254.5","1249","1251.5"
"6180","20231013","2650","2650","2650","2650","2650","100","265000","-","-","-","-","2650","2650","2650","2650"
"6181","20231013","115","116","113","113","114.8133","204100","23433400","115","116","114","115","115","116","113","113"
"6182","20231013","1127","1130","1084","1093","1098.5","106800","117319800","1127","1130","1092","1094","1094","1094","1084","1093"
"6183","20231013","1457","1457","1412","1418","1424.9157","533900","760762500","1457","1457","1417","1421","1417","1433","1412","1418"
"6184","20231013","611","611","576","581","591.0464","456800","269990000","611","611","577","578","579","584","576","581"
"6185","20231013","386","388","385","388","386.5938","6400","2474200","386","387","385","385","386","388","386","388"
"6186","20231013","574","578","573","573","574.5968","18600","10687500","574","578","574","575","577","577","573","573"
"6188","20231013","401","408","401","408","402","3000","1206000","401","405","401","404","404","408","404","408"
"6189","20231013","636","636","625","632","630.7259","27000","17029600","636","636","629","635","633","636","625","632"
"6190","20231013","556","556","539","555","547.9343","13700","7506700","556","556","542","548","549","556","539","555"
"6191","20231013","1880","1880","1802","1804","1827.085","298800","545933000","1880","1880","1813","1821","1818","1830","1802","1804"
"6192","20231013","83","83","78","79","79.2227","103300","8183700","83","83","81","82","82","82","78","79"
"6193","20231013","998","1003","982","989","994.7006","15700","15616800","998","1003","990","997","998","1002","982","989"
"6194","20231013","1092","1092","1056","1056","1069.6757","165300","176817400","1092","1092","1066","1070","1070","1070","1056","1056"
"6195","20231013","262","262","249","255","253.9726","98400","24990900","262","262","254","256","256","256","249","255"
"6196","20231013","3385","3395","3285","3290","3331.5391","57500","191563500","3385","3395","3320","3335","3340","3340","3285","3290"
"6197","20231013","602","616","593","594","602.8923","545100","328636600","602","616","601","603","604","605","593","594"
"6198","20231013","369","371","367","367","369.1341","8200","3026900","369","371","369","369","369","371","367","367"
"6199","20231013","1273","1278","1196","1203","1222.663","360500","440770000","1273","1278","1212","1216","1242","1242","1196","1203"
"6200","20231013","935","935","905","905","915.1138","414000","378857100","935","935","910","910","910","916","905","905"
"6201","20231013","11535","11650","11475","11600","11557.4396","687400","7944584000","11535","11650","11475","11495","11510","11640","11500","11600"
"6203","20231013","775","785","770","779","777.2899","91400","71044300","775","785","772","775","774","779","770","779"
"6208","20231013","1230","1269","1227","1259","1249.6824","55100","68857500","1230","1248","1230","1238","1238","1269","1227","1259"
"6209","20231013","1729","1738","1687","1694","1703.9284","90800","154716700","1729","1738","1692","1702","1695","1699","1687","1694"
"6210","20231013","699","700","686","687","690.9121","56900","39312900","699","700","690","690","690","692","686","687"
"6217","20231013","430","437","430","433","433.5097","15500","6719400","430","436","430","434","433","437","430","433"
"6218","20231013","787","787","755","757","765.5562","35600","27253800","787","787","762","763","762","765","755","757"
"6222","20231013","1706","1706","1666","1670","1679.5705","75200","126303700","1706","1706","1683","1685","1687","1687","1666","1670"
"6223","20231013","2851","3040","2851","2992","2969.6628","189800","563642000","2851","3040","2851","2992","2992","3025","2963","2992"
"6224","20231013","725","736","713","717","719.4659","92300","66406700","725","736","715","717","724","724","713","717"
"6226","20231013","1230","1230","1187","1188","1204.3796","65600","79007300","1230","1230","1200","1200","1196","1202","1187","1188"
"6227","20231013","3755","3930","3600","3715","3745.3918","1040000","3895207500","3755","3930","3600","3845","3780","3785","3665","3715"
"6228","20231013","3340","3475","3340","3435","3406.375","44000","149880500","3340","3475","3340","3425","3445","3465","3400","3435"
"6229","20231013","1365","1365","1335","1356","1353.4815","2700","3654400","1365","1365","1365","1365","1350","1356","1335","1356"
"6230","20231013","3220","3225","3220","3220","3220.8333","600","1932500","-","-","-","-","3220","3225","3220","3220"
"6231","20231013","3895","3895","3780","3795","3820.473","7400","28271500","3895","3895","3800","3850","3850","3850","3780","3795"
"6232","20231013","1195","1196","1164","1175","1178.2125","84700","99794600","1195","1196","1164","1179","1179","1185","1166","1175"
"6233","20231013","524","524","522","523","523.1429","700","366200","524","524","522","522","524","524","523","523"
"6235","20231013","1884","1898","1858","1861","1876.9654","164700","309136200","1884","1898","1876","1886","1885","1888","1858","1861"
"6236","20231013","1581","1630","1549","1605","1596.7639","7200","11496700","1581","1600","1549","1600","1623","1630","1605","1605"
"6237","20231013","1984","2009","1978","1995","1994.5129","46600","92944300","1984","2009","1978","1985","1986","1998","1986","1995"
"6238","20231013","1417","1428","1382","1402","1404.2107","134800","189287600","1417","1428","1397","1397","1395","1406","1382","1402"
"6239","20231013","1036","1047","1032","1032","1038.9605","7600","7896100","1036","1047","1034","1043","1039","1043","1032","1032"
"6240","20231013","332","332","315","317","320.1673","359200","115004100","332","332","321","322","321","321","315","317"
"6245","20231013","2109","2130","2109","2119","2119.75","6000","12718500","2109","2130","2109","2130","2124","2125","2113","2119"
"6246","20231013","1658","1665","1640","1648","1651.4","3500","5779900","1658","1665","1654","1661","1662","1662","1640","1648"
"6247","20231013","972","979","967","971","971.304","47700","46331200","972","979","970","970","972","972","967","971"
"6248","20231013","1220","1230","1219","1230","1224.8636","2200","2694700","1220","1220","1219","1219","1219","1230","1219","1230"
"6249","20231013","3450","3460","3300","3315","3353.401","450900","1512048500","3450","3460","3300","3315","3320","3395","3305","3315"
"6250","20231013","1446","1458","1422","1427","1437.597","74200","106669700","1446","1458","1442","1445","1445","1446","1422","1427"
"6254","20231013","6410","6590","6270","6300","6433.2021","226100","1454547000","6410","6590","6390","6500","6480","6500","6270","6300"
"6255","20231013","720","788","709","770","750.7024","9268600","6957960200","720","774","709","765","764","788","749","770"
"6257","20231013","1289","1289","1252","1261","1265.994","251300","318144300","1289","1289","1256","1257","1257","1270","1252","1261"
"6258","20231013","7580","7590","7460","7460","7518.7042","40900","307515000","7580","7590","7500","7550","7520","7550","7460","7460"
"6262","20231013","614","622","603","607","614.1044","76600","47040400","614","622","613","614","614","614","603","607"
"6264","20231013","1525","1563","1452","1530","1494.0655","256300","382929000","1525","1528","1465","1468","1467","1563","1452","1530"
"6265","20231013","1756","1756","1755","1755","1755.5","200","351100","-","-","-","-","1756","1756","1755","1755"
"6266","20231013","3055","3150","3035","3080","3090.6269","134000","414144000","3055","3150","3035","3135","3135","3135","3065","3080"
"6267","20231013","-","-","-","-","-","-","-","-","-","-","-","-","-","-","-"
"6268","20231013","2804.5","2822.5","2763.5","2784.5","2790.8156","759300","2119066300","2804.5","2822.5","2783.5","2784.5","2779","2785.5","2763.5","2784.5"
"6269","20231013","1746","1759","1721","1734","1733.1384","150300","260490700","1746","1759","1722","1724","1724","1734","1721","1734"
"6272","20231013","1332","1346","1327","1331","1333.046","26100","34792500","1332","1346","1332","1335","1333","1337","1327","1331"
"6273","20231013","73490","74440","72880","73200","73508.5129","510400","37518745000","73490","74440","73040","73750","73750","73790","72880","73200"
"6276","20231013","338","340","338","340","338.3721","4300","1455000","338","339","338","338","340","340","339","340"
"6277","20231013","4085","4115","4040","4060","4078.2719","21700","88498500","4085","4115","4075","4100","4100","4100","4040","4060"
"6278","20231013","3880","3890","3855","3870","3872.2906","20300","78607500","3880","3890","3855","3880","3880","3890","3855","3870"
"6279","20231013","1175","1181","1148","1149","1162.5465","50500","58708600","1175","1181","1153","1170","1169","1170","1148","1149"
"6282","20231013","1964","1970","1946","1952","1954.8938","29200","57082900","1964","1970","1952","1952","1952","1957","1946","1952"
"6284","20231013","4680","4710","4600","4620","4640.9414","23900","110918500","4680","4710","4630","4640","4640","4650","4600","4620"
"6286","20231013","655","655","655","655","655","100","65500","655","655","655","655","-","-","-","-"
"6287","20231013","2089","2106","2068","2078","2084.0533","80600","167974700","2089","2106","2082","2083","2084","2084","2068","2078"
"6289","20231013","2130","2144","1997","2024","2036.5958","214000","435831500","2130","2144","2009","2011","2009","2026","1997","2024"
"6291","20231013","1341","1348","1325","1327","1334.5613","79100","105563800","1341","1348","1336","1337","1335","1336","1325","1327"
"6292","20231013","1064","1094","1054","1058","1071.0811","44400","47556000","1064","1094","1060","1065","1064","1066","1054","1058"
"6293","20231013","1049","1058","1043","1045","1050.1216","22200","23312700","1049","1058","1046","1053","1053","1053","1043","1045"
"6294","20231013","2056","2056","2008","2013","2023.4028","21600","43705500","2056","2056","2025","2025","2022","2022","2008","2013"
"6297","20231013","468","468","458","460","464.1795","7800","3620600","468","468","464","464","463","463","458","460"
"6298","20231013","2552","2578","2522","2529","2548.3384","157800","402127800","2552","2578","2522","2563","2570","2570","2523","2529"
"6301","20231013","3823","3884","3817","3837","3846.208","4498300","17301397600","3823","3884","3819","3860","3858","3869","3817","3837"
"6302","20231013","3630","3700","3611","3664","3658.3927","283400","1036788500","3630","3700","3611","3678","3680","3684","3645","3664"
"6305","20231013","4385","4430","4359","4382","4386.9003","753300","3304652000","4385","4430","4359","4394","4391","4394","4359","4382"
"6306","20231013","660","661","653","655","657.5063","32000","21040200","660","661","658","658","657","658","653","655"
"6307","20231013","378","378","370","373","372.8718","3900","1454200","378","378","372","376","373","375","370","373"
"6309","20231013","2983","2994","2940","2944","2970.2526","57400","170492500","2983","2994","2965","2966","2980","2980","2940","2944"
"6310","20231013","1146","1148","1133","1135","1139.7029","68000","77499800","1146","1148","1141","1141","1141","1143","1133","1135"
"6312","20231013","810","812","770","804","797.2671","112700","89852000","810","812","770","797","799","804","793","804"
"6315","20231013","5010","5070","4810","4895","4943.789","1758000","8691181000","5010","5070","4930","5000","4995","5010","4810","4895"
"6316","20231013","2168","2168","2097","2108","2118.8571","10500","22248000","2168","2168","2110","2116","2116","2119","2097","2108"
"6317","20231013","1504","1513","1431","1441","1461.8688","64000","93559600","1504","1513","1452","1456","1450","1456","1431","1441"
"6319","20231013","244","244","241","241","242.653","56200","13637100","244","244","242","243","243","244","241","241"
"6322","20231013","1618","1628","1618","1628","1619.4286","700","1133600","1618","1618","1618","1618","1618","1628","1618","1628"
"6323","20231013","10940","11790","10850","11640","11458.4229","1213600","13905942000","10940","11790","10850","11750","11790","11790","11480","11640"
"6324","20231013","3505","3610","3470","3565","3560.6948","567800","2021762500","3505","3610","3470","3560","3560","3600","3540","3565"
"6325","20231013","466","466","461","464","463.8276","5800","2690200","466","466","462","462","463","465","461","464"
"6326","20231013","2150","2175.5","2142","2151.5","2154.2501","4174700","8993347900","2150","2175.5","2145","2161","2160","2166.5","2142","2151.5"
"6327","20231013","860","867","837","842","848.914","59300","50340600","860","867","851","854","854","855","837","842"
"6328","20231013","2625","2625","2570","2582","2597.1078","16700","43371700","2625","2625","2592","2595","2595","2599","2570","2582"
"6330","20231013","612","620","601","604","608.219","135600","82474500","612","620","608","609","607","609","601","604"
"6331","20231013","2747","2750","2702","2708","2723.5349","17200","46844800","2747","2750","2725","2729","2730","2730","2702","2708"
"6332","20231013","1308","1312","1290","1296","1301.7934","39200","51030300","1308","1312","1300","1304","1303","1307","1290","1296"
"6333","20231013","2511","2538","2497","2507","2511.067","19400","48714700","2511","2538","2511","2524","2515","2535","2497","2507"
"6334","20231013","306","310","301","304","305.9139","68500","20955100","306","310","306","307","307","308","301","304"
"6335","20231013","369","369","365","366","366.3279","6100","2234600","369","369","366","366","366","367","365","366"
"6336","20231013","740","748","723","733","737.9182","11000","8117100","740","748","732","732","741","744","723","733"
"6337","20231013","2981","3085","2980","3005","3028.7597","72400","219282200","2981","3085","2980","3055","3050","3050","2998","3005"
"6338","20231013","5680","5680","5440","5440","5554.9552","89200","495502000","5680","5680","5560","5620","5620","5620","5440","5440"
"6339","20231013","1063","1085","1061","1070","1070.917","73500","78712400","1063","1085","1061","1073","1074","1075","1065","1070"
"6340","20231013","2548","2556","2507","2527","2537.9851","40200","102027000","2548","2556","2534","2537","2537","2537","2507","2527"
"6342","20231013","2490","2491","2460","2460","2471.0952","2100","5189300","2490","2490","2462","2465","2470","2491","2460","2460"
"6343","20231013","109","109","108","108","108.943","26300","2865200","109","109","109","109","109","109","108","108"
"6345","20231013","966","971","945","947","953.1203","55700","53088800","966","971","957","957","953","957","945","947"
"6346","20231013","4250","4265","4220","4265","4248","500","2124000","4250","4250","4250","4250","4240","4265","4220","4265"
"6347","20231013","234","238","232","233","233.2478","11300","2635700","234","238","233","235","235","235","232","233"
"6349","20231013","1050","1068","1035","1043","1047.2556","80600","84408800","1050","1068","1046","1046","1051","1051","1035","1043"
"6351","20231013","3180","3230","3175","3210","3203.7431","36200","115975500","3180","3230","3175","3205","3205","3215","3200","3210"
"6356","20231013","367","368","359","360","363.4237","52400","19043400","367","368","363","364","365","365","359","360"
"6357","20231013","1139","1139","1121","1121","1128.4439","18700","21101900","1139","1139","1125","1130","1127","1127","1121","1121"
"6358","20231013","5440","5500","5320","5350","5407.6978","13900","75167000","5440","5500","5410","5420","5410","5410","5320","5350"
"6360","20231013","2704","2714","2704","2710","2706.5714","2100","5683800","2704","2708","2704","2708","2714","2714","2710","2710"
"6361","20231013","7000","7139","6981","7060","7062.8012","514000","3630279800","7000","7139","6981","7101","7092","7111","7034","7060"
"6362","20231013","3010","3045","2972","2972","2976.6412","13100","38994000","3010","3010","2994","2994","3045","3045","2972","2972"
"6363","20231013","1889","1910","1867","1875","1883.0502","69700","131248600","1889","1910","1872","1886","1885","1893","1867","1875"
"6364","20231013","1966","1993","1927","1940","1954.5636","47200","92255400","1966","1993","1956","1970","1952","1970","1927","1940"
"6365","20231013","3560","3595","3560","3595","3570","1500","5355000","3560","3590","3560","3570","3595","3595","3595","3595"
"6366","20231013","364","365","358","359","361.0325","533100","192466400","364","365","359","360","358","361","358","359"
"6367","20231013","23475","23520","23070","23125","23258.9421","1336600","31087902000","23475","23520","23205","23215","23200","23200","23070","23125"
"6368","20231013","4360","4375","4265","4300","4324.6233","200400","866654500","4360","4375","4280","4340","4345","4360","4265","4300"
"6369","20231013","3365","3385","3330","3340","3353.5256","23400","78472500","3365","3385","3350","3350","3355","3355","3330","3340"
"6370","20231013","5062","5074","4951","4967","4985.9515","352600","1758046500","5062","5074","4986","4995","5001","5002","4951","4967"
"6371","20231013","3945","3970","3910","3925","3937.4234","107700","424060500","3945","3970","3925","3950","3950","3960","3910","3925"
"6373","20231013","771","776","754","759","763.9237","51100","39036500","771","776","768","768","775","775","754","759"
"6376","20231013","957","957","939","942","947.2218","166800","157996600","957","957","946","947","947","950","939","942"
"6378","20231013","719","719","710","711","715.1984","49900","35688400","719","719","713","715","714","714","710","711"
"6379","20231013","1427","1431","1406","1413","1417.2228","35900","50878300","1427","1431","1416","1418","1416","1416","1406","1413"
"6380","20231013","1954","1991","1954","1991","1966.3333","300","589900","-","-","-","-","1954","1991","1954","1991"
"6381","20231013","1170","1170","1147","1153","1156.8028","56300","65128000","1170","1170","1156","1158","1158","1159","1147","1153"
"6382","20231013","891","900","891","895","895.3333","2100","1880200","891","900","891","899","898","898","894","895"
"6383","20231013","2749.5","2770.5","2722","2743.5","2747.9955","1425600","3917542350","2749.5","2770.5","2745","2748.5","2755","2756.5","2722","2743.5"
"6384","20231013","1368","1371","1362","1365","1366.5333","3000","4099600","1368","1371","1366","1366","1366","1367","1362","1365"
"6387","20231013","4450","4450","4265","4270","4353.2258","74400","323880000","4450","4450","4325","4360","4360","4360","4265","4270"
"6390","20231013","1218","1228","1189","1190","1202.5698","45100","54235900","1218","1228","1210","1211","1211","1213","1189","1190"
"6391","20231013","4540","4540","4500","4530","4523.3333","300","1357000","4540","4540","4500","4530","-","-","-","-"
"6392","20231013","4250","4250","4250","4250","4250","200","850000","4250","4250","4250","4250","-","-","-","-"
"6393","20231013","2277","2277","2228","2237","2250.7059","5100","11478600","2277","2277","2258","2258","2258","2258","2228","2237"
"6395","20231013","1232.5","1236.5","1210.5","1214.5","1222.965","301700","368968550","1232.5","1236.5","1223","1225.5","1225","1226","1210.5","1214.5"
"6396","20231013","2823","2823","2802","2802","2816.8571","700","1971800","2823","2823","2823","2823","2812","2812","2802","2802"
"6400","20231013","333","336","330","330","332.2987","15400","5117400","333","336","333","334","333","334","330","330"
"6402","20231013","-","-","-","-","-","-","-","-","-","-","-","-","-","-","-"
"6403","20231013","1416","1422","1396","1422","1403.0588","1700","2385200","1416","1416","1398","1406","1396","1422","1396","1422"
"6405","20231013","1027","1027","1003","1015","1015.2411","11200","11370700","1027","1027","1015","1015","1018","1021","1003","1015"
"6406","20231013","3305","3307","3207","3243","3248.4678","789600","2564990200","3305","3307","3215","3215","3215","3248","3207","3243"
"6407","20231013","2115","2166","2105","2162","2143.0668","368500","789720100","2115","2135","2105","2133","2131","2166","2123","2162"
"6408","20231013","3100","3150","3100","3150","3125","200","625000","-","-","-","-","3100","3150","3100","3150"
"6411","20231013","6870","6900","6870","6870","6884.4444","900","6196000","6870","6900","6870","6900","6880","6880","6870","6870"
"6412","20231013","2123","2133","2098","2098","2110.8961","310900","656277600","2123","2133","2115","2115","2115","2115","2098","2098"
"6413","20231013","2365","2385","2335","2348","2360.8903","31900","75312400","2365","2385","2365","2369","2369","2372","2335","2348"
"6416","20231013","670","670","661","661","664.4286","1400","930200","670","670","664","664","664","664","661","661"
"6417","20231013","6665","6740","6591","6609","6660.996","401600","2675056000","6665","6740","6632","6670","6685","6693","6591","6609"
"6418","20231013","1000","1014","990","995","998.9662","103500","103393000","1000","1014","1000","1000","1000","1003","990","995"
"6419","20231013","2647","2668","2580","2584","2608.6234","259700","677459500","2647","2668","2606","2613","2618","2622","2580","2584"
"6420","20231013","4845","4860","4805","4830","4828.4076","31400","151612000","4845","4860","4815","4825","4840","4845","4805","4830"
"6424","20231013","1028","1047","1027","1036","1030.1026","3900","4017400","1028","1047","1027","1047","1043","1043","1036","1036"
"6425","20231013","2184","2313","2157","2250","2246.1012","1297400","2914091700","2184","2227","2157","2170","2300","2313","2227","2250"
"6428","20231013","398","398","388","389","392.5123","57000","22373200","398","398","389","390","390","394","388","389"
"6430","20231013","4845","4925","4715","4760","4780.3898","259100","1238599000","4845","4925","4720","4730","4730","4785","4715","4760"
"6432","20231013","5230","5340","5050","5110","5199.4175","1891700","9835738000","5230","5340","5130","5210","5160","5200","5050","5110"
"6433","20231013","251","251","249","250","250.2688","9300","2327500","251","251","249","250","251","251","250","250"
"6436","20231013","3250","3254","3217","3228","3236.2382","150300","486406600","3250","3254","3234","3242","3239","3245","3217","3228"
"6440","20231013","610","610","599","601","603.3827","126200","76146900","610","610","603","604","603","603","599","601"
"6444","20231013","184","185","182","184","183.6822","113600","20866300","184","185","182","184","184","184","183","184"
"6445","20231013","733","733","717","718","724.0023","85700","62047000","733","733","725","725","725","725","717","718"
"6448","20231013","2391","2436","2391","2412.5","2414.7782","664200","1603895700","2391","2436","2391","2421.5","2420","2426.5","2403.5","2412.5"
"6454","20231013","2647","2655","2608","2622","2630.6208","85700","225444200","2647","2655","2632","2643","2637","2645","2608","2622"
"6455","20231013","1559","1575","1549","1557","1562.3827","35800","55933300","1559","1575","1559","1568","1563","1571","1549","1557"
"6457","20231013","2845","2864","2825.5","2848.5","2848.1165","169100","481616500","2845","2853","2825.5","2835.5","2842","2864","2840.5","2848.5"
"6458","20231013","2213","2251","2206","2221","2227.2127","45600","101560900","2213","2251","2206","2243","2239","2240","2208","2221"
"6459","20231013","1368","1371","1341","1351","1357.3509","26500","35969800","1368","1371","1356","1356","1341","1358","1341","1351"
"6460","20231013","2572","2574.5","2484.5","2487.5","2511.7882","2269600","5700754600","2572","2574.5","2510.5","2512","2511","2524.5","2484.5","2487.5"
"6463","20231013","1801","1808","1782","1788","1793.0301","69700","124974200","1801","1808","1792","1793","1793","1798","1782","1788"
"6464","20231013","769","774","761","765","766.4534","252300","193376200","769","774","765","767","766","767","761","765"
"6465","20231013","5101","5102","4911","4932","4984.8982","412500","2056270500","5101","5102","5000","5000","4999","5004","4911","4932"
"6466","20231013","1849","1870","1847","1866","1859.303","3300","6135700","1849","1870","1847","1861","1860","1870","1858","1866"
"6467","20231013","379","379","373","374","375.9333","4500","1691700","379","379","375","375","374","375","373","374"
"6469","20231013","549","550","543","544","546.0721","11100","6061400","549","550","545","545","545","545","543","544"
"6470","20231013","831","833","809","811","815.9549","62100","50670800","831","833","814","814","813","816","809","811"
"6471","20231013","858.2","861","853.8","857.7","857.3462","2619600","2245904030","858.2","861","854.1","857.1","855.9","859.6","853.8","857.7"
"6472","20231013","281","283.4","280.2","281.2","281.4224","3844700","1081984870","281","283.4","280.2","281","281.3","282","280.6","281.2"
"6473","20231013","1325.5","1331.5","1299","1307.5","1315.1246","1921400","2526880350","1325.5","1331.5","1302","1315","1315","1317.5","1299","1307.5"
"6474","20231013","3825","3860","3795","3810","3821.6477","44000","168152500","3825","3860","3825","3840","3825","3835","3795","3810"
"6479","20231013","2519.5","2532","2483","2491.5","2502.7754","2028400","5076629600","2519.5","2532","2500","2500","2499","2508","2483","2491.5"
"6480","20231013","563","569","557","559","561.3571","161600","90715300","563","569","562","563","562","564","557","559"
"6481","20231013","2818.5","2838.5","2807","2824.5","2823.746","704800","1990176200","2818.5","2838.5","2807","2829.5","2821.5","2829.5","2807.5","2824.5"
"6482","20231013","684","688","674","678","679.4592","19600","13317400","684","688","683","683","682","684","674","678"
"6484","20231013","1731","1755","1731","1755","1743","200","348600","1731","1755","1731","1755","-","-","-","-"
"6485","20231013","1263","1267","1257","1266","1262.8423","22200","28035100","1263","1267","1257","1263","1263","1266","1258","1266"
"6486","20231013","1676","1686","1654","1660","1667.3775","59600","99375700","1676","1686","1673","1673","1673","1675","1654","1660"
"6488","20231013","881","881","875","881","878.7","1000","878700","881","881","877","877","877","881","875","881"
"6489","20231013","939","960","885","894","908.3902","279100","253531700","939","960","890","903","900","903","885","894"
"6490","20231013","3955","3965","3860","3865","3909.3392","40100","156764500","3955","3965","3925","3925","3925","3925","3860","3865"
"6492","20231013","2677","2693","2641","2693","2678.9455","5500","14734200","2677","2693","2641","2693","2675","2693","2665","2693"
"6493","20231013","305","307","302","303","304.7312","77000","23464300","305","307","305","306","305","305","302","303"
"6494","20231013","101","101","98","98","99.2311","446500","44306700","101","101","99","100","100","100","98","98"
"6495","20231013","132","132","131","132","131.6129","9300","1224000","132","132","131","132","132","132","131","132"
"6496","20231013","3045","3215","3045","3190","3153.2877","21900","69057000","3045","3185","3045","3140","3140","3215","3130","3190"
"6497","20231013","973","979","972","976","974.75","1200","1169700","973","979","972","979","979","979","973","976"
"6498","20231013","1049","1055","1039","1043","1046.8177","105300","110229900","1049","1055","1046","1052","1053","1053","1039","1043"
"6501","20231013","9190","9229","9065","9100","9130.5465","2311700","21107084300","9190","9229","9114","9114","9111","9131","9065","9100"
"6502","20231013","4606","4610","4605","4606","4607.2794","1301700","5997295600","4606","4610","4605","4607","4607","4608","4606","4606"
"6503","20231013","1800","1829.5","1799.5","1809.5","1812.6207","6250000","11328879150","1800","1829.5","1799.5","1815.5","1812.5","1821","1806.5","1809.5"
"6504","20231013","6719","6796","6698","6711","6733.6146","490200","3300817900","6719","6796","6706","6763","6773","6778","6698","6711"
"6505","20231013","984","994","980","985","985.9534","27900","27508100","984","994","980","982","984","989","982","985"
"6506","20231013","5592","5685","5525","5607","5585.4623","2283500","12754403200","5592","5685","5538","5549","5538","5623","5525","5607"
"6507","20231013","1643","1647","1598","1603","1613.869","50400","81339000","1643","1647","1611","1613","1608","1613","1598","1603"
"6508","20231013","2118","2152","2115","2125","2130.9354","100600","214372100","2118","2152","2115","2139","2134","2143","2117","2125"
"6513","20231013","1272","1283","1272","1280","1278.4225","7100","9076800","1272","1283","1272","1281","1281","1282","1276","1280"
"6516","20231013","6580","6780","6550","6550","6632.0256","39000","258649000","6580","6780","6580","6690","6680","6690","6550","6550"
"6517","20231013","2257","2257","2179","2179","2208.0083","36100","79709100","2257","2257","2208","2214","2207","2209","2179","2179"
"6518","20231013","-","-","-","-","-","-","-","-","-","-","-","-","-","-","-"
"6521","20231013","3160","3180","3060","3095","3103.6409","99700","309433000","3160","3180","3075","3085","3095","3100","3060","3095"
"6522","20231013","772","789","720","729","740.8627","83000","61491600","772","789","735","736","748","748","720","729"
"6523","20231013","1492","1498","1477","1478","1483.9963","163000","241891400","1492","1498","1481","1486","1488","1488","1477","1478"
"6524","20231013","5490","5490","5340","5340","5394.8624","10900","58804000","5490","5490","5390","5420","5420","5420","5340","5340"
"6526","20231013","14910","14990","14500","14520","14725.5168","1281900","18876640000","14910","14990","14630","14670","14650","14670","14500","14520"
"6532","20231013","4948","5032","4725","4764","4833.4803","1406600","6798773400","4948","5032","4850","4850","4850","4856","4725","4764"
"6533","20231013","979","992","961","971","975.4167","39600","38626500","979","987","978","984","992","992","961","971"
"6535","20231013","1351","1352","1331","1341","1340.9587","70300","94269400","1351","1352","1331","1334","1331","1344","1331","1341"
"6537","20231013","270","270","265","265","266.8462","2600","693800","270","270","266","266","267","267","265","265"
"6538","20231013","275","275","263","263","267.3831","153500","41043300","275","275","267","267","266","267","263","263"
"6539","20231013","1138","1139","1116","1117","1125.6793","47400","53357200","1138","1139","1124","1125","1129","1129","1116","1117"
"6540","20231013","876","880","857","868","867.7333","22500","19524000","876","880","864","864","870","875","857","868"
"6542","20231013","855","877","855","859","861.7","4000","3446800","855","864","855","864","862","877","859","859"
"6543","20231013","590","590","575","575","584.5","1200","701400","590","590","589","589","589","590","575","575"
"6544","20231013","2132","2132","2068","2087","2089.9489","225100","470447500","2132","2132","2075","2081","2081","2092","2068","2087"
"6545","20231013","403","410","397","399","402.0175","5700","2291500","403","410","398","398","400","400","397","399"
"6546","20231013","1189","1194","1176","1180","1183.5789","1900","2248800","1189","1194","1180","1180","1187","1187","1176","1180"
"6547","20231013","1562","1570","1535","1553","1552.6235","151400","235067200","1562","1570","1535","1563","1557","1565","1539","1553"
"6548","20231013","277","282","272","280","277.2268","75400","20902900","277","280","276","277","277","282","272","280"
"6549","20231013","1293","1328","1290","1328","1313.0612","4900","6434000","1293","1310","1290","1310","1310","1328","1303","1328"
"6550","20231013","158","158","154","155","156.2422","111500","17421000","158","158","156","157","157","157","154","155"
"6551","20231013","791","799","762","762","773.6482","61400","47502000","791","799","766","767","775","775","762","762"
"6552","20231013","305","305","292","293","296.1777","218400","64685200","305","305","295","295","296","296","292","293"
"6554","20231013","847","847","818","818","828.3737","9900","8200900","847","847","826","831","833","833","818","818"
"6555","20231013","662","664","636","638","642.6882","18600","11954000","662","664","650","650","648","650","636","638"
"6556","20231013","624","629","609","615","618.4015","194000","119969900","624","629","609","623","624","626","614","615"
"6557","20231013","784","798","775","780","783.9358","10900","8544900","784","798","782","794","794","794","775","780"
"6558","20231013","1151","1177","1111","1111","1148.8869","27400","31479500","1151","1177","1149","1152","1155","1161","1111","1111"
"6560","20231013","3580","3615","3410","3410","3470.7487","39400","136747500","3580","3615","3445","3460","3445","3455","3410","3410"
"6561","20231013","1751","1765","1715","1716","1732.9634","65600","113682400","1751","1765","1727","1743","1742","1746","1715","1716"
"6562","20231013","1047","1049","993","1001","1012.5783","76600","77563500","1047","1049","1009","1016","1015","1015","993","1001"
"6563","20231013","865","886","858","867","869.5515","16500","14347600","865","886","864","875","866","871","858","867"
"6564","20231013","1812","1843","1771","1784","1800.3255","119200","214598800","1812","1843","1771","1812","1812","1824","1781","1784"
"6565","20231013","2422","2422","2321","2321","2360.5758","16500","38949500","2422","2422","2360","2360","2360","2361","2321","2321"
"6566","20231013","781","782","780","782","780.5","800","624400","781","781","780","780","782","782","782","782"
"6567","20231013","621","637","581","581","597.9112","76600","45800000","621","637","591","591","591","597","581","581"
"6568","20231013","1599","1610","1568","1570","1583.8617","18800","29776600","1599","1610","1585","1586","1601","1601","1568","1570"
"6570","20231013","731","731","698","706","705.0132","7600","5358100","731","731","717","717","718","718","698","706"
"6571","20231013","1644","1659","1631","1656","1651.4324","55500","91654500","1644","1659","1631","1655","1655","1656","1645","1656"
"6572","20231013","329","334","316","320","322.8227","150000","48423400","329","334","318","318","318","322","316","320"
"6573","20231013","644","659","590","596","616.8963","420500","259404900","644","659","624","626","625","629","590","596"
"6574","20231013","620","620","620","620","620","1600","992000","-","-","-","-","620","620","620","620"
"6577","20231013","3975","4055","3930","4030","3995.4286","3500","13984000","3975","4035","3960","4000","3970","4055","3930","4030"
"6578","20231013","309","318","309","309","309.1958","292700","90501600","309","318","309","309","309","309","309","309"
"6579","20231013","625","625","599","603","606.5997","58700","35607400","625","625","599","612","610","610","600","603"
"6580","20231013","855","855","832","838","839.6","5500","4617800","855","855","836","841","836","843","832","838"
"6584","20231013","940","940","916","920","927.9526","147700","137058600","940","940","928","929","927","930","916","920"
"6586","20231013","3854","3907","3845","3884","3879.8101","843700","3273395800","3854","3907","3845","3887","3894","3900","3862","3884"
"6588","20231013","3205","3210","3170","3195","3190.5594","71500","228125000","3205","3210","3180","3190","3195","3205","3170","3195"
"6590","20231013","7480","7580","7290","7310","7420.3745","301700","2238727000","7480","7580","7420","7570","7570","7570","7290","7310"
"6592","20231013","4511","4537","4491","4495","4505.7036","156200","703790900","4511","4537","4491","4529","4529","4529","4495","4495"
"6594","20231013","6956","7018","6927","6993","6974.4562","2336900","16298606600","6956","7018","6944","6946","6945","7000","6927","6993"
"6597","20231013","1632","1654","1614","1614","1629.2751","18900","30793300","1632","1654","1629","1641","1636","1645","1614","1614"
"6599","20231013","2366","2366","2330","2359","2345.625","800","1876500","2366","2366","2366","2366","2330","2361","2330","2359"
"6612","20231013","1625","1655","1625","1644","1640.6429","2800","4593800","1625","1655","1625","1639","1639","1645","1639","1644"
"6613","20231013","726","727","708","709","714.4405","535800","382797200","726","727","712","712","712","715","708","709"
"6614","20231013","2488","2488","2406","2408","2442.7765","17000","41527200","2488","2488","2430","2451","2475","2475","2406","2408"
"6615","20231013","465","465","454","455","457.3799","48700","22274400","465","465","456","457","457","457","454","455"
"6616","20231013","2121","2131","2078","2085","2097.6808","42600","89361200","2121","2131","2097","2101","2123","2123","2078","2085"
"6617","20231013","2004","2020","1978","1981","1992.9162","50100","99845100","2004","2020","1999","2001","2002","2002","1978","1981"
"6618","20231013","758","760","736","738","744.3154","13000","9676100","758","760","748","749","747","747","736","738"
"6619","20231013","1030","1033","990","997","1007.4334","2875700","2897076200","1030","1033","1004","1008","1007","1008","990","997"
"6620","20231013","1250","1272","1222","1225","1241.7175","66900","83070900","1250","1272","1223","1236","1241","1249","1222","1225"
"6622","20231013","4940","4985","4885","4885","4929.5578","73500","362322500","4940","4985","4920","4935","4935","4935","4885","4885"
"6625","20231013","206","206","202","203","204.1714","517500","105658700","206","206","204","204","205","205","202","203"
"6626","20231013","2106","2106","2060","2060","2069.4564","14900","30834900","2106","2106","2060","2066","2066","2097","2060","2060"
"6627","20231013","4550","4840","4475","4650","4694.504","162300","761918000","4550","4840","4475","4720","4715","4730","4600","4650"
"6629","20231013","506","506","492","496","498.1766","43600","21720500","506","506","492","498","498","499","496","496"
"6630","20231013","1015","1019","1011","1018","1014.978","127100","129003700","1015","1019","1011","1014","1014","1019","1011","1018"
"6632","20231013","669","670","639","642","651.3366","2106100","1371780100","669","670","647","648","648","649","639","642"
"6633","20231013","343","345","337","338","339.0076","13100","4441000","343","345","340","340","340","340","337","338"
"6634","20231013","155","157","155","155","155.1692","6500","1008600","155","156","155","156","155","157","155","155"
"6635","20231013","506","514","506","508","509.3889","9000","4584500","506","514","506","514","514","514","508","508"
"6637","20231013","1800","1895","1800","1831","1843.8032","74200","136810200","1800","1895","1800","1840","1830","1839","1816","1831"
"6638","20231013","772","776","754","757","762.501","48500","36981300","772","776","761","763","763","763","754","757"
"6640","20231013","1547","1547","1504","1506","1514.4327","37900","57397000","1547","1547","1520","1522","1526","1528","1504","1506"
"6643","20231013","2121","2126","2121","2122","2124.4545","1100","2336900","2121","2125","2121","2125","2126","2126","2122","2122"
"6644","20231013","631","639","625","627","630.2327","97100","61195600","631","639","630","633","630","631","625","627"
"6645","20231013","6480","6539","6438","6484","6482.6327","1200300","7781104000","6480","6539","6470","6476","6472","6484","6438","6484"
"6647","20231013","-","-","-","-","-","-","-","-","-","-","-","-","-","-","-"
"6648","20231013","1852","1857","1843","1843","1852.1667","600","1111300","1852","1852","1852","1852","1857","1857","1843","1843"
"6651","20231013","3550","3580","3515","3525","3541.717","82700","292900000","3550","3580","3535","3560","3560","3560","3515","3525"
"6652","20231013","2861","2870","2797","2807","2824.1458","72700","205315400","2861","2870","2823","2826","2826","2826","2797","2807"
"6653","20231013","1191","1221","1184","1221","1209.1667","72600","87785500","1191","1214","1184","1209","1210","1221","1204","1221"
"6654","20231013","1102","1106","1100","1100","1101.717","5300","5839100","1102","1104","1101","1102","1106","1106","1100","1100"
"6656","20231013","1315","1335","1312","1315","1321.5581","4300","5682700","1315","1335","1315","1329","1330","1331","1312","1315"
"6658","20231013","510","512","500","500","503.4349","101400","51048300","510","512","502","503","503","504","500","500"
"6659","20231013","43","43","40","41","41.5555","482800","20063000","43","43","42","43","43","43","40","41"
"6662","20231013","244","245","244","245","244.3333","900","219900","244","244","244","244","245","245","244","245"
"6663","20231013","363","363","358","360","360.4583","7200","2595300","363","363","362","362","362","363","358","360"
"6664","20231013","368","368","361","361","364.5366","4100","1494600","368","368","364","368","366","366","361","361"
"6666","20231013","527","528","512","514","518.8825","40000","20755300","527","528","520","520","519","519","512","514"
"6668","20231013","1665","1673","1629","1638","1643.8181","146800","241312500","1665","1673","1635","1648","1648","1651","1629","1638"
"6670","20231013","1140","1157","1137","1139","1141.8471","87000","99340700","1140","1157","1140","1142","1144","1145","1137","1139"
"6674","20231013","2577","2577","2540.5","2548","2555.1626","317100","810242050","2577","2577","2547","2547.5","2546.5","2549","2540.5","2548"
"6675","20231013","2426","2426","2283","2283","2338.1068","10300","24082500","2426","2426","2350","2350","2342","2351","2283","2283"
"6676","20231013","3250","3280","3220","3235","3249.084","13100","42563000","3250","3280","3235","3260","3260","3260","3220","3235"
"6677","20231013","2962","2989","2932","2956","2960.6321","98400","291326200","2962","2989","2932","2974","2984","2984","2934","2956"
"6678","20231013","2199","2213","2179","2180","2197.7437","19900","43735100","2199","2213","2189","2212","2213","2213","2179","2180"
"6694","20231013","1199","1200","1193","1193","1197.1429","2800","3352000","-","-","-","-","1199","1200","1193","1193"
"6696","20231013","339","340","327","331","331.8164","40300","13372200","339","340","333","334","335","337","327","331"
"6697","20231013","1092","1093","1077","1077","1085.6623","7700","8359600","1092","1092","1080","1091","1090","1093","1077","1077"
"6698","20231013","639","645","625","625","634.8539","8900","5650200","639","645","632","633","636","640","625","625"
"6699","20231013","855","858","827","827","840.1612","110400","92753800","855","858","836","839","839","839","827","827"
"6701","20231013","7939","8053","7855","7898","7923.3483","1094200","8669727700","7939","8053","7881","7908","7880","7934","7855","7898"
"6702","20231013","17325","17335","17070","17215","17188.8845","688500","11834547000","17325","17335","17125","17130","17100","17230","17070","17215"
"6703","20231013","999","1008","990","998","997.7732","443100","442113300","999","1008","995","1001","999","1001","990","998"
"6704","20231013","794","798","790","794","793.6752","11700","9286000","794","796","791","794","792","798","790","794"
"6706","20231013","2497","2505","2459","2473","2487.4452","29200","72633400","2497","2505","2482","2492","2499","2499","2459","2473"
"6707","20231013","8560","8650","8460","8530","8536.7963","300900","2568722000","8560","8650","8460","8610","8600","8600","8460","8530"
"6715","20231013","1225","1248","1222","1248","1236.2424","3300","4079600","1225","1240","1222","1240","1227","1248","1227","1248"
"6718","20231013","3060","3075","3005","3025","3033.3232","32800","99493000","3060","3075","3030","3035","3035","3035","3005","3025"
"6721","20231013","114","114","112","112","112.655","71600","8066100","114","114","112","112","112","113","112","112"
"6723","20231013","2356.5","2407","2325.5","2335","2368.2039","13437300","31822266300","2356.5","2407","2350","2378","2377.5","2377.5","2325.5","2335"
"6724","20231013","2326.5","2359","2319.5","2344","2335.2458","1532600","3578997650","2326.5","2359","2325.5","2330.5","2325","2345.5","2319.5","2344"
"6727","20231013","583","586","577","579","580.3938","261800","151947100","583","586","579","579","580","581","577","579"
"6728","20231013","5660","5668","5548","5574","5598.0819","233300","1306032500","5660","5668","5605","5639","5640","5640","5548","5574"
"6730","20231013","1813","1841","1804","1809","1817.1349","39300","71413400","1813","1841","1813","1827","1832","1832","1804","1809"
"6731","20231013","2","3","2","2","2.0049","4886900","9797900","2","3","2","2","2","3","2","2"
"6734","20231013","1431","1449","1431","1449","1435.4545","1100","1579000","1431","1444","1431","1444","1449","1449","1449","1449"
"6736","20231013","1871","1900","1860","1898","1884.9783","13800","26012700","1871","1900","1860","1893","1893","1900","1881","1898"
"6737","20231013","4975","5030","4960","4975","4990.3115","30500","152204500","4975","5030","4975","5000","4985","4995","4960","4975"
"6740","20231013","36","37","36","36","36.0634","25721500","927603500","36","37","36","36","36","37","36","36"
"6741","20231013","927","928","914","917","920.1156","93400","85938800","927","928","921","922","921","921","914","917"
"6742","20231013","486","490","479","480","482.8586","60100","29019800","486","490","483","484","484","484","479","480"
"6743","20231013","413","418","413","417","414.9383","8100","3361000","413","417","413","417","413","418","413","417"
"6744","20231013","1792","1804","1780","1793","1793.6511","32100","57576200","1792","1804","1780","1795","1795","1798","1789","1793"
"6745","20231013","1657","1670","1638","1643","1651.5427","16400","27085300","1657","1670","1655","1658","1650","1650","1638","1643"
"6748","20231013","491","495","491","491","492.1538","5200","2559200","491","495","491","494","495","495","491","491"
"6750","20231013","1736","1770","1731","1756","1752.3574","207900","364315100","1736","1770","1731","1754","1753","1758","1744","1756"
"6752","20231013","1646","1658.5","1608","1617","1627.0033","9218800","14999018000","1646","1658.5","1616.5","1616.5","1617","1623","1608","1617"
"6753","20231013","961.6","971.6","947.3","953","955.6689","3093200","2956074950","961.6","971.6","947.3","952.3","952","956.2","949.2","953"
"6754","20231013","1036","1038.5","1023.5","1024","1028.6019","699000","718992700","1036","1038.5","1028","1028","1029","1029","1023.5","1024"
"6755","20231013","2735","2751","2730","2740.5","2739.7618","200700","549870200","2735","2751","2730","2744.5","2741","2746","2730.5","2740.5"
"6757","20231013","859","859","855","859","857.5385","1300","1114800","859","859","855","859","859","859","859","859"
"6758","20231013","13080","13095","12790","12850","12944.0917","3049200","39469124500","13080","13095","12910","12910","12900","12905","12790","12850"
"6762","20231013","5756","5778","5650","5686","5706.2147","2833900","16170841700","5756","5778","5691","5691","5695","5698","5650","5686"
"6763","20231013","1850","1855","1841","1842","1848.2188","19200","35485800","1850","1855","1842","1848","1848","1850","1841","1842"
"6768","20231013","532","532","520","520","524.1704","372100","195043800","532","532","523","525","525","525","520","520"
"6769","20231013","832","832","818","822","825.7115","10400","8587400","832","832","821","824","820","827","818","822"
"6770","20231013","1283.5","1319","1276","1282.5","1289.616","2059100","2655448350","1283.5","1319","1277","1287.5","1284.5","1286.5","1276","1282.5"
"6771","20231013","873","873","850","863","860.6883","32400","27886300","873","873","859","864","858","867","850","863"
"6772","20231013","3150","3160","3135","3150","3148.8095","4200","13225000","3150","3160","3135","3150","3150","3150","3140","3150"
"6775","20231013","248","259","248","254","251.65","140300","35306500","248","259","248","253","254","255","252","254"
"6776","20231013","381","382","371","372","376.0523","36300","13650700","381","382","377","379","379","381","371","372"
"6777","20231013","2637","2639","2583","2583","2604.4539","15200","39587700","2637","2639","2600","2603","2601","2609","2583","2583"
"6778","20231013","705","705","694","694","698.3855","27500","19205600","705","705","699","699","699","700","694","694"
"6779","20231013","1313","1335","1303","1309","1316.4406","130500","171795500","1313","1335","1312","1329","1323","1328","1303","1309"
"6785","20231013","1190","1218","1182","1205","1204.9104","50200","60486500","1190","1218","1182","1212","1215","1215","1200","1205"
"6786","20231013","55","55","54","55","54.4503","49300","2684400","55","55","54","55","54","55","54","55"
"6787","20231013","3310","3360","3280","3290","3318.7716","104200","345816000","3310","3360","3295","3350","3335","3340","3280","3290"
"6788","20231013","2998","3055","2989","3010","3025.0414","16900","51123200","2998","3055","2989","3040","3030","3040","3010","3010"
"6789","20231013","3420","3425","3370","3380","3396.1679","27400","93055000","3420","3425","3395","3395","3400","3400","3370","3380"
"6794","20231013","1006","1012","980","985","997.3764","207200","206656400","1006","1012","998","1001","1001","1001","980","985"
"6798","20231013","2456","2456","2424","2430","2437.4324","7400","18037000","2456","2456","2435","2438","2449","2449","2424","2430"
"6800","20231013","1444","1455","1397","1401","1419.4336","204100","289706400","1444","1455","1420","1421","1424","1424","1397","1401"
"6803","20231013","111","111","110","110","110.9311","127700","14165900","111","111","110","111","111","111","110","110"
"6804","20231013","1855","1863","1806","1809","1829.0764","107400","196442800","1855","1863","1843","1843","1837","1839","1806","1809"
"6806","20231013","17425","17645","17390","17620","17570.9951","143700","2524952000","17425","17610","17390","17580","17605","17645","17535","17620"
"6807","20231013","2966","2968","2900","2903","2935.9652","155000","455074600","2966","2968","2940","2949","2945","2952","2900","2903"
"6809","20231013","1093","1103","1091","1096","1096.7391","54800","60101300","1093","1103","1091","1098","1098","1099","1092","1096"
"6810","20231013","1682","1690","1650","1653","1668.0929","123800","206509900","1682","1690","1667","1674","1674","1674","1650","1653"
"6814","20231013","1506","1553","1415","1467","1464.0408","1266000","1853475700","1506","1553","1430","1436","1434","1480","1415","1467"
"6817","20231013","1365","1372","1333","1339","1346.984","319500","430361400","1365","1372","1346","1348","1346","1346","1333","1339"
"6819","20231013","452","452","435","437","442.7791","48900","21651900","452","452","445","445","446","449","435","437"
"6820","20231013","3395","3435","3340","3380","3396.9767","21500","73035000","3395","3435","3380","3410","3340","3405","3340","3380"
"6822","20231013","1871","1871","1818","1820","1848.0682","4400","8131500","1871","1871","1871","1871","1831","1848","1818","1820"
"6823","20231013","2342","2371","2310","2350","2347.1054","50300","118059400","2342","2371","2310","2369","2369","2371","2349","2350"
"6824","20231013","-","-","-","-","-","-","-","-","-","-","-","-","-","-","-"
"6832","20231013","1828","1828","1816","1816","1820.9412","1700","3095600","1828","1828","1820","1825","1820","1823","1816","1816"
"6834","20231013","1371","1371","1345","1354","1355.4074","5400","7319200","1371","1371","1354","1356","1353","1365","1345","1354"
"6835","20231013","104","105","102","104","103.4166","234300","24230500","104","105","103","104","104","104","102","104"
"6836","20231013","772","779","740","740","756.5172","2900","2193900","772","779","749","749","749","749","740","740"
"6837","20231013","438","446","428","428","434.451","40800","17725600","438","446","436","436","435","435","428","428"
"6838","20231013","777","783","769","770","774.4457","9200","7124900","777","783","773","773","778","778","769","770"
"6840","20231013","484","491","480","480","485.6639","24100","11704500","484","491","483","487","486","488","480","480"
"6841","20231013","2821","2851","2793","2795","2810.8522","948600","2666374350","2821","2851","2808","2809.5","2816.5","2816.5","2793","2795"
"6844","20231013","3060","3060","3010","3020","3031.2104","34700","105183000","3060","3060","3025","3035","3035","3035","3010","3020"
"6845","20231013","4757","4799","4708","4721","4737.9626","197900","937642800","4757","4799","4755","4759","4747","4756","4708","4721"
"6848","20231013","878","884","859","862","873.8472","22900","20011100","878","884","872","882","880","881","859","862"
"6849","20231013","3631","3642","3574","3588","3600.7794","182700","657862400","3631","3642","3599","3607","3605","3612","3574","3588"
"6850","20231013","2060","2078","2047","2059","2059.3472","14400","29654600","2060","2078","2060","2062","2069","2069","2047","2059"
"6853","20231013","377","384","376","379","378.0707","50900","19243800","377","384","377","377","380","380","376","379"
"6855","20231013","1443","1445","1399","1412","1415.4706","154900","219256400","1443","1445","1426","1434","1435","1435","1399","1412"
"6856","20231013","8036","8193","8022","8071","8093.4804","306000","2476605000","8036","8193","8022","8146","8138","8166","8045","8071"
"6857","20231013","4589","4666","4542","4570","4597.7618","13157100","60493211500","4589","4666","4542","4612","4620","4620","4555","4570"
"6858","20231013","448","449","440","442","444.1613","37200","16522800","448","449","442","443","443","446","440","442"
"6859","20231013","2338","2343","2281","2286","2304.6906","54300","125144700","2338","2343","2304","2304","2303","2315","2281","2286"
"6861","20231013","58790","58910","57190","57310","57842.8455","936200","54152472000","58790","58910","57350","57550","57550","57550","57190","57310"
"6862","20231013","820","823","791","805","804.437","151700","122033100","820","823","791","808","813","813","796","805"
"6863","20231013","1285","1290","1260","1277","1277.4745","19600","25038500","1285","1290","1276","1276","1276","1278","1260","1277"
"6864","20231013","1171","1188","1171","1173","1176.9787","4700","5531800","1171","1188","1171","1177","1187","1187","1172","1173"
"6866","20231013","7280","7330","7060","7090","7164.007","56900","407632000","7280","7330","7150","7180","7180","7180","7060","7090"
"6867","20231013","603","617","599","599","608.5","1000","608500","603","612","603","610","610","617","599","599"
"6869","20231013","7270","7343","7220","7271","7269.0704","589600","4285843900","7270","7343","7257","7257","7255","7280","7220","7271"
"6870","20231013","1655","1658","1641","1644","1646.0233","4300","7077900","1655","1658","1643","1643","1650","1650","1641","1644"
"6871","20231013","2180","2238","2177","2185","2206.2458","547700","1208360800","2180","2238","2177","2224","2222","2222","2177","2185"
"6874","20231013","2885","2885","2813","2829","2850.9127","12600","35921500","2885","2885","2869","2869","2870","2870","2813","2829"
"6875","20231013","4120","4165","4075","4100","4123.9975","78800","324971000","4120","4165","4075","4155","4145","4155","4100","4100"
"6877","20231013","3840","3840","3785","3785","3806.7883","13700","52153000","3840","3840","3815","3815","3815","3815","3785","3785"
"6879","20231013","613","613","593","593","600.8149","296100","177901300","613","613","600","600","600","601","593","593"
"6881","20231013","599","599","598","599","598.5479","7300","4369400","599","599","598","599","599","599","598","599"
"6882","20231013","1393","1408","1364","1374","1383.5909","66000","91317000","1393","1408","1381","1384","1383","1383","1364","1374"
"6888","20231013","414","415","411","411","413.0263","19000","7847500","414","415","413","414","415","415","411","411"
"6890","20231013","2923","2950","2877","2882","2914.3916","1131700","3298217000","2923","2950","2911","2944","2944","2944","2877","2882"
"6894","20231013","1600","1614","1600","1614","1607","200","321400","-","-","-","-","1600","1614","1600","1614"
"6897","20231013","513","513","510","511","511.5735","6800","3478700","513","513","511","511","511","511","510","511"
"6898","20231013","1768","1795","1768","1779","1775.75","1600","2841200","1768","1795","1768","1789","1780","1784","1779","1779"
"6899","20231013","3645","3685","3545","3545","3622.5188","13300","48179500","3645","3685","3615","3615","3605","3605","3545","3545"
"6901","20231013","1255","1262","1248","1249","1251.6129","3100","3880000","1255","1262","1248","1248","1248","1254","1248","1249"
"6902","20231013","2411","2418","2397","2408","2407.7654","5189900","12496061700","2411","2418","2397","2400","2400","2417","2398","2408"
"6904","20231013","822","823","815","820","819.5794","10700","8769500","822","823","820","822","822","822","815","820"
"6905","20231013","1180","1193","1172","1177","1181.6076","86400","102090900","1180","1193","1175","1184","1188","1188","1172","1177"
"6907","20231013","497","497","492","492","494.7111","4500","2226200","497","497","496","496","496","496","492","492"
"6908","20231013","3970","3970","3895","3915","3924.1327","68600","269195500","3970","3970","3920","3935","3935","3940","3895","3915"
"6912","20231013","1322","1322","1301","1301","1312.5938","3200","4200300","1322","1322","1311","1311","1310","1320","1301","1301"
"6914","20231013","1574","1574","1528","1540","1543.7187","150000","231557800","1574","1574","1543","1543","1543","1544","1528","1540"
"6915","20231013","2801","2839","2799","2807","2812.4615","13000","36562000","2801","2839","2801","2826","2826","2827","2799","2807"
"6918","20231013","5660","5660","5660","5660","5660","87400","494684000","-","-","-","-","5660","5660","5660","5660"
"6919","20231013","1708","1720","1676","1676","1696.9711","31100","52775800","1708","1720","1690","1696","1698","1698","1676","1676"
"6920","20231013","26950","27250","26520","26875","26921.4692","14432400","388541411500","26950","27250","26520","26980","26960","27120","26765","26875"
"6923","20231013","2439.5","2467.5","2426","2437.5","2442.5149","746100","1822360350","2439.5","2467.5","2436.5","2456","2454","2457.5","2426","2437.5"
"6925","20231013","1936","1952","1929","1930.5","1937.8104","429800","832870900","1936","1952","1933","1951.5","1948.5","1950","1929","1930.5"
"6926","20231013","291","296","291","293","292.7843","39400","11535700","291","296","291","292","292","294","291","293"
"6927","20231013","400","402","388","390","393.47","388300","152784400","400","402","397","398","399","400","388","390"
"6928","20231013","1678","1690","1670","1675","1679.9138","23200","38974000","1678","1690","1678","1687","1686","1686","1670","1675"
"6929","20231013","2725","2756","2718","2721","2730.9372","81200","221752100","2725","2756","2724","2745","2735","2740","2718","2721"
"6930","20231013","502","502","501","501","501.6","500","250800","502","502","501","501","501","501","501","501"
"6932","20231013","1221","1224","1189","1204","1200.9479","46100","55363700","1221","1224","1199","1201","1200","1204","1189","1204"
"6937","20231013","963","965","942","944","953.5846","65000","61983000","963","965","955","955","953","954","942","944"
"6938","20231013","339","339","334","335","336.7791","25800","8688900","339","339","334","335","336","336","335","335"
"6941","20231013","1761","1761","1731","1738","1745.5159","150600","262874700","1761","1761","1745","1752","1749","1749","1731","1738"
"6942","20231013","668","673","648","673","664.7222","1800","1196500","668","672","648","662","666","673","666","673"
"6943","20231013","-","-","-","-","-","-","-","-","-","-","-","-","-","-","-"
"6946","20231013","6620","6770","6500","6500","6598.8492","25200","166291000","6620","6770","6550","6550","6560","6590","6500","6500"
"6947","20231013","3750","3750","3665","3685","3703.5294","42500","157400000","3750","3750","3710","3715","3705","3705","3665","3685"
"6951","20231013","4801","4934","4743","4762","4816.7231","617500","2974326500","4801","4934","4774","4878","4874","4880","4743","4762"
"6952","20231013","1249","1250","1236","1240.5","1243.3052","758500","943047000","1249","1250","1240","1241.5","1239.5","1242","1236","1240.5"
"6954","20231013","4119","4142","4036","4057","4092.8035","6089200","24921899300","4119","4142","4072","4072","4064","4072","4036","4057"
"6955","20231013","823","828","814","821","822.4448","34400","28292100","823","828","814","824","823","823","819","821"
"6957","20231013","5940","5980","5880","5910","5923.4926","27200","161119000","5940","5980","5890","5940","5920","5950","5880","5910"
"6958","20231013","687","690","675","677","681.0425","272700","185720300","687","690","675","687","686","688","675","677"
"6960","20231013","5350","5410","5340","5340","5369.0909","7700","41342000","5350","5400","5350","5380","5410","5410","5340","5340"
"6961","20231013","10860","10880","10330","10340","10511.8359","409600","4305648000","10860","10880","10330","10640","10600","10680","10340","10340"
"6962","20231013","771","776","760","764","767.0583","111500","85527000","771","776","766","770","770","770","760","764"
"6963","20231013","2894","2927.5","2862.5","2904","2897.2744","3017000","8741077000","2894","2927.5","2862.5","2914.5","2902.5","2906.5","2881","2904"
"6964","20231013","523","523","512","521","518.1429","4900","2538900","523","523","512","518","519","521","513","521"
"6965","20231013","6312","6338","6240","6259","6280.4175","343700","2158579500","6312","6338","6282","6301","6301","6304","6240","6259"
"6966","20231013","7200","7250","7110","7180","7175.3027","252700","1813199000","7200","7250","7160","7180","7180","7180","7110","7180"
"6967","20231013","5649","5716","5614","5666","5673.7265","823800","4674015900","5649","5716","5614","5707","5710","5710","5647","5666"
"6969","20231013","653","664","653","654","653.8295","8800","5753700","653","661","653","661","664","664","654","654"
"6971","20231013","7591","7598","7512","7531","7559.2542","1079300","8158703100","7591","7598","7534","7534","7529","7542","7512","7531"
"6973","20231013","2429","2458","2396","2407","2424.4244","17200","41700100","2429","2458","2426","2455","2452","2452","2396","2407"
"6976","20231013","3888","3890","3747","3754","3796.6433","2385300","9056133300","3888","3890","3788","3794","3798","3800","3747","3754"
"6977","20231013","1059","1059","1059","1059","1059","400","423600","1059","1059","1059","1059","-","-","-","-"
"6981","20231013","2745","2761.5","2694.5","2704","2720.2239","8521100","23179299700","2745","2761.5","2726.5","2726.5","2720","2724","2694.5","2704"
"6982","20231013","613","623","606","613","614.1136","4400","2702100","613","623","613","620","621","621","606","613"
"6986","20231013","516","520","511","513","513.845","45800","23534100","516","520","516","516","515","515","511","513"
"6988","20231013","9871","9897","9767","9817","9833.3865","687000","6755536500","9871","9897","9801","9802","9801","9820","9767","9817"
"6989","20231013","1400","1400","1358","1363","1378.1888","19600","27012500","1400","1400","1383","1383","1380","1380","1358","1363"
"6993","20231013","49","50","47","48","48.5354","1947400","94517900","49","50","48","49","49","49","47","48"
"6994","20231013","447","447","435","438","441.1217","52600","23203000","447","447","442","442","442","442","435","438"
"6995","20231013","2286","2310","2278","2279","2289.6963","140600","321931300","2286","2310","2284","2300","2293","2305","2278","2279"
"6996","20231013","1334","1335","1305","1305","1316.4246","362500","477203900","1334","1335","1318","1322","1320","1322","1305","1305"
"6997","20231013","1357","1365","1336","1350","1351.5291","470200","635489000","1357","1365","1336","1355","1353","1360","1345","1350"
"6998","20231013","2445","2445","2435","2435","2439.2","500","1219600","2445","2445","2439","2439","2437","2437","2435","2435"
"6999","20231013","1782","1782","1728","1737","1745.0156","243300","424562300","1782","1782","1743","1745","1741","1743","1728","1737"
"7003","20231013","462","462","448","451","454.4312","3877500","1762057000","462","462","448","456","456","456","448","451"
"7004","20231013","840","841","817","817","827.355","982400","812793600","840","841","824","825","824","825","817","817"
"7011","20231013","8348","8525","8310","8416","8417.2653","4024100","33871917200","8348","8525","8310","8398","8417","8442","8350","8416"
"7012","20231013","3670","3715","3652","3680","3684.026","1573700","5797551700","3670","3715","3652","3693","3690","3700","3655","3680"
"7013","20231013","3023","3044","3011","3021","3023.6421","1432800","4332274400","3023","3044","3014","3030","3028","3038","3011","3021"
"7014","20231013","839","843","811","815","823.6626","2231000","1837591200","839","843","819","824","822","833","811","815"
"7018","20231013","5980","6190","5910","5940","6052.0391","71600","433326000","5980","6190","5960","6110","6110","6160","5910","5940"
"7021","20231013","1571","1571","1500","1567","1549.3077","1300","2014100","1571","1571","1500","1567","1567","1567","1567","1567"
"7022","20231013","133","134","131","132","132.6116","291200","38616500","133","134","132","133","133","134","131","132"
"7030","20231013","822","822","805","805","810.7148","29100","23591800","822","822","807","810","810","814","805","805"
"7031","20231013","1204","1229","1204","1224","1215.7857","11200","13616800","1204","1229","1204","1220","1204","1228","1204","1224"
"7033","20231013","2587","2590","2466","2468","2502.7218","304500","762078800","2587","2590","2488","2491","2490","2490","2466","2468"
"7034","20231013","438","439","429","429","433.5486","25700","11142200","438","439","429","433","431","432","429","429"
"7035","20231013","359","371","358","371","366.0416","77000","28185200","359","365","358","365","365","371","363","371"
"7036","20231013","830","830","817","829","825.3333","300","247600","830","830","830","830","817","829","817","829"
"7037","20231013","556","556","532","533","539.72","10000","5397200","556","556","544","544","544","544","532","533"
"7038","20231013","1436","1446","1400","1427","1428.2203","34500","49273600","1436","1436","1409","1409","1408","1446","1400","1427"
"7039","20231013","1802","1802","1743","1752","1763.1625","27700","48839600","1802","1802","1764","1772","1773","1773","1743","1752"
"7040","20231013","866","866","866","866","866","100","86600","-","-","-","-","866","866","866","866"
"7041","20231013","503","504","495","497","499.8993","13900","6948600","503","503","499","500","497","504","495","497"
"7042","20231013","1025","1025","926","945","968.7418","189400","183479700","1025","1025","974","978","980","980","926","945"
"7043","20231013","1053","1053","1006","1023","1032.0741","2700","2786600","1053","1053","1012","1018","1006","1023","1006","1023"
"7044","20231013","417","422","406","408","412.1724","29000","11953000","417","422","411","411","411","411","406","408"
"7046","20231013","2025","2033","1975","1976","2001.5868","12100","24219200","2025","2033","1988","2009","2001","2015","1975","1976"
"7047","20231013","2025","2087","1960","1987","2011.6294","251500","505924800","2025","2087","1998","2004","2002","2010","1960","1987"
"7048","20231013","408","409","391","394","396.6788","383900","152285000","408","409","391","394","394","395","391","394"
"7049","20231013","597","611","546","549","569.905","226200","128912500","597","611","546","552","553","570","549","549"
"7050","20231013","1730","1732","1691","1732","1706.2857","2800","4777600","1730","1730","1708","1708","1706","1732","1691","1732"
"7057","20231013","952","959","948","959","952.9375","1600","1524700","952","959","948","959","951","959","951","959"
"7058","20231013","2970","2973","2950","2950","2963.25","800","2370600","2970","2973","2951","2951","2950","2950","2950","2950"
"7059","20231013","1265","1327","1259","1316","1303.6228","166500","217053200","1265","1327","1259","1302","1301","1320","1295","1316"
"7060","20231013","677","677","663","663","666.5801","62400","41594600","677","677","665","669","667","669","663","663"
"7061","20231013","2285","2303","2183","2183","2214.982","88700","196468900","2285","2303","2201","2202","2208","2211","2183","2183"
"7062","20231013","973","973","955","971","968.3636","1100","1065200","973","973","973","973","958","971","955","971"
"7063","20231013","858","858","764","782","798.4688","108800","86873400","858","858","779","779","764","794","764","782"
"7064","20231013","3250","3280","3185","3265","3234.6591","4400","14232500","3250","3270","3185","3260","3280","3280","3220","3265"
"7065","20231013","2490","2490","2314","2314","2378.7082","82600","196481300","2490","2490","2357","2398","2428","2428","2314","2314"
"7066","20231013","651","651","618","618","628.3449","66400","41722100","651","651","629","629","628","628","618","618"
"7067","20231013","1073","1086","1073","1076","1078.3333","300","323500","-","-","-","-","1073","1086","1073","1076"
"7068","20231013","803","809","750","750","771.0639","187800","144805800","803","809","762","763","763","764","750","750"
"7069","20231013","1405","1421","1319","1380","1359.3857","7000","9515700","1405","1405","1405","1405","1421","1421","1319","1380"
"7071","20231013","2750","2770","2680","2689","2703.9656","206100","557287300","2750","2770","2702","2706","2702","2705","2680","2689"
"7072","20231013","1140","1140","1075","1079","1092.6111","39600","43267400","1140","1140","1092","1100","1100","1100","1075","1079"
"7073","20231013","2130","2154","2105","2105","2118.9","1000","2118900","-","-","-","-","2130","2154","2105","2105"
"7074","20231013","310","310","303","305","307.0888","25900","7953600","310","310","304","310","310","310","303","305"
"7077","20231013","1123","1127","1109","1109","1118.5333","1500","1677800","1123","1127","1123","1125","1122","1122","1109","1109"
"7078","20231013","986","991","972","973","979.6805","38500","37717700","986","991","978","978","978","979","972","973"
"7079","20231013","5420","5530","5410","5530","5445.5556","900","4901000","5420","5420","5420","5420","5420","5530","5410","5530"
"7080","20231013","1399","1399","1347","1352","1362.9083","10900","14855700","1399","1399","1366","1379","1379","1385","1347","1352"
"7081","20231013","2094","2094","2040","2045","2071.5","4000","8286000","2094","2094","2086","2086","2081","2084","2040","2045"
"7082","20231013","1660","1681","1641","1646","1657.7057","26500","43929200","1660","1681","1652","1675","1674","1674","1641","1646"
"7083","20231013","610","616","610","616","612.1176","1700","1040600","610","615","610","615","615","616","615","616"
"7084","20231013","922","934","920","934","923","700","646100","922","922","920","922","922","934","922","934"
"7085","20231013","702","705","683","687","692.9216","311300","215706500","702","705","687","688","688","690","683","687"
"7086","20231013","1887","1893","1792","1792","1822.4361","183900","335146000","1887","1893","1828","1832","1832","1832","1792","1792"
"7087","20231013","904","908","892","908","900.0435","9200","8280400","904","905","900","903","898","908","892","908"
"7088","20231013","1279","1290","1259","1264","1270.6236","44100","56034500","1279","1290","1270","1271","1279","1279","1259","1264"
"7089","20231013","1858","1890","1824","1824","1855.9245","5300","9836400","1858","1890","1853","1869","1850","1859","1824","1824"
"7090","20231013","-","-","-","-","-","-","-","-","-","-","-","-","-","-","-"
"7091","20231013","1285","1285","1252","1270","1273","2600","3309800","1285","1285","1277","1277","1252","1270","1252","1270"
"7092","20231013","1252","1271","1243","1245","1253.0375","24000","30072900","1252","1271","1252","1253","1253","1253","1243","1245"
"7093","20231013","1129","1144","1120","1120","1131.4762","2100","2376100","1129","1144","1127","1136","1133","1133","1120","1120"
"7094","20231013","1400","1413","1316","1328","1348.6822","329800","444795400","1400","1413","1341","1351","1343","1348","1316","1328"
"7095","20231013","16350","16490","15640","15660","15992.361","109700","1754362000","16350","16490","15920","16180","16080","16080","15640","15660"
"7096","20231013","2393","2393","2275","2296","2324.6701","9700","22549300","2393","2393","2301","2320","2320","2320","2275","2296"
"7097","20231013","760","760","730","733","741.3418","7900","5856600","760","760","746","748","736","740","730","733"
"7102","20231013","2035","2035","2012","2019","2023.3684","9500","19222000","2035","2035","2018","2018","2017","2020","2012","2019"
"7105","20231013","1284","1338","1268","1298","1305.462","235700","307697400","1284","1338","1268","1319","1316","1316","1286","1298"
"7110","20231013","1407","1428","1402","1415","1413.245","15100","21340000","1407","1428","1407","1414","1413","1420","1402","1415"
"7111","20231013","53","54","52","53","53.1004","184300","9786400","53","54","52","54","53","53","52","53"
"7112","20231013","654","662","641","648","651.5253","9900","6450100","654","658","641","644","653","662","648","648"
"7114","20231013","1580","1604","1552","1552","1580.8333","3600","5691000","1580","1604","1580","1584","1582","1582","1552","1552"
"7115","20231013","1045","1045","1004","1012","1018.7778","32400","33008400","1045","1045","1019","1019","1019","1019","1004","1012"
"7116","20231013","1485","1491","1430","1430","1458.225","4000","5832900","1485","1491","1466","1466","1463","1463","1430","1430"
"7119","20231013","1491","1491","1453","1487","1478.8945","59700","88290000","1491","1491","1453","1485","1489","1491","1480","1487"
"7120","20231013","2031","2036","2005","2005","2017.1864","49900","100657600","2031","2036","2016","2019","2019","2028","2005","2005"
"7122","20231013","1960","1993","1923","1934","1962.2925","25300","49646000","1960","1993","1960","1988","1987","1987","1923","1934"
"7126","20231013","1574","1588","1561","1562","1573.1","2000","3146200","1574","1588","1570","1583","1575","1575","1561","1562"
"7127","20231013","650","654","645","646","648.7847","14400","9342500","650","654","648","650","648","649","645","646"
"7128","20231013","2743","2779","2743","2756","2756.6732","41000","113023600","2743","2779","2743","2763","2754","2771","2750","2756"
"7129","20231013","1020","1020","1010","1012","1010.75","2000","2021500","1020","1020","1010","1010","1010","1012","1010","1012"
"7130","20231013","3510","3520","3430","3450","3466.4638","60800","210761000","3510","3520","3470","3490","3485","3490","3430","3450"
"7131","20231013","1897","1970","1866","1872","1916.9476","22900","43898100","1897","1970","1866","1970","1950","1950","1872","1872"
"7133","20231013","1970","1981","1955","1966","1970.6442","10400","20494700","1970","1981","1969","1970","1970","1980","1955","1966"
"7134","20231013","702","702","693","697","698.4878","8200","5727600","702","702","697","700","700","701","693","697"
"7135","20231013","222","222","220","222","221.3475","14100","3121000","222","222","220","222","222","222","220","222"
"7138","20231013","1144","1144","1100","1136","1117.2264","5300","5921300","1144","1144","1100","1119","1113","1136","1112","1136"
"7140","20231013","1439","1453","1396","1403","1423.68","15000","21355200","1439","1453","1439","1443","1450","1450","1396","1403"
"7148","20231013","1307","1333","1302","1323","1320.4938","475700","628158900","1307","1333","1302","1318","1320","1323","1310","1323"
"7150","20231013","525","525","510","512","516.5538","19500","10072800","525","525","517","517","516","517","510","512"
"7157","20231013","973","973","949","953","959.407","239800","230065800","973","973","960","965","961","964","949","953"
"7161","20231013","416","416","402","402","407.3915","71000","28924800","416","416","407","407","405","405","402","402"
"7162","20231013","227","227","222","222","224.336","37800","8479900","227","227","223","226","226","226","222","222"
"7163","20231013","1486","1500","1476","1480","1485.5679","448500","666277200","1486","1500","1482","1490","1490","1490","1476","1480"
"7164","20231013","4964","4981","4936","4939","4953.9368","161400","799565400","4964","4981","4945","4959","4957","4959","4936","4939"
"7167","20231013","432.2","432.9","420.4","423.1","425.3484","3547800","1509050960","432.2","432.9","426.9","427.1","427.1","428.2","420.4","423.1"
"7172","20231013","1735","1745","1682","1693","1705.7198","96700","164943100","1735","1745","1710","1710","1715","1715","1682","1693"
"7173","20231013","4595","4640","4460","4480","4526.6114","184000","832896500","4595","4640","4550","4550","4550","4555","4460","4480"
"7175","20231013","1121","1151","1100","1100","1122.1176","1700","1907600","1121","1151","1120","1120","1120","1130","1100","1100"
"7177","20231013","708","716","703","707","709.0879","116000","82254200","708","716","706","711","712","712","703","707"
"7180","20231013","862","884.7","848.4","853.5","864.0737","4905700","4238886420","862","884.7","860.3","866.2","864.1","865.9","848.4","853.5"
"7181","20231013","2687","2693.5","2648.5","2656","2667.1726","896300","2390586800","2687","2693.5","2664","2667.5","2666","2668","2648.5","2656"
"7182","20231013","1323","1331","1313.5","1314","1320.8347","10598200","13998470300","1323","1331","1318","1318.5","1317","1324","1313.5","1314"
"7183","20231013","278","278","274","275","275.6154","6500","1791500","278","278","276","276","275","275","274","275"
"7184","20231013","984","997","956","961","974.9684","363400","354303500","984","997","982","984","984","985","956","961"
"7185","20231013","2893","2893","2848","2887","2864.7857","8400","24064200","2893","2893","2861","2861","2861","2887","2848","2887"
"7186","20231013","711.5","716.7","695.5","697","703.3398","3150400","2215801760","711.5","716.7","705.7","706","706","707.9","695.5","697"
"7187","20231013","1938","1948","1901","1903","1917.1967","71700","137463000","1938","1948","1909","1911","1913","1931","1901","1903"
"7189","20231013","1757","1791","1708","1715","1741.7675","835300","1454898400","1757","1791","1744","1746","1742","1752","1708","1715"
"7191","20231013","901","909","899","899","901.8804","41800","37698600","901","909","900","901","901","904","899","899"
"7192","20231013","546","546","538","539","541.6102","41300","22368500","546","546","540","541","541","542","538","539"
"7196","20231013","836","836","823","824","827.2397","31700","26223500","836","836","828","828","828","828","823","824"
"7198","20231013","853","853","842","847","845.9372","227700","192619900","853","853","842","843","844","847","842","847"
"7199","20231013","1460","1466","1446","1464","1457.3431","252700","368270600","1460","1464","1448","1454","1451","1466","1446","1464"
"7201","20231013","629","629.5","619.4","622.2","623.8118","21188800","13217823320","629","629.5","620.8","621.1","620.1","623.2","619.4","622.2"
"7202","20231013","1810","1825","1797","1803.5","1807.1542","2358000","4261269550","1810","1825","1801.5","1801.5","1800","1806.5","1797","1803.5"
"7203","20231013","2708","2726","2677","2687.5","2696.1105","24757200","66748147450","2708","2726","2682.5","2683.5","2681.5","2699.5","2677","2687.5"
"7205","20231013","563.1","565.3","557.2","559.8","560.8308","1458100","817747460","563.1","565.3","559","560","560","561.1","557.2","559.8"
"7208","20231013","802","808","801","802","802.5","1000","802500","802","802","802","802","802","808","801","802"
"7211","20231013","574.1","579.9","564.5","565.6","569.48","13063400","7439344620","574.1","579.9","567.2","568","567.6","570.2","564.5","565.6"
"7212","20231013","780","780","763","765","769.896","75000","57742200","780","780","769","769","768","770","763","765"
"7213","20231013","524","527","520","520","521.9213","8900","4645100","524","527","521","521","521","522","520","520"
"7214","20231013","1890","1897","1822","1845","1852.8959","258400","478788300","1890","1895","1828","1895","1895","1897","1822","1845"
"7215","20231013","560","563","550","553","555.5833","38400","21334400","560","563","557","559","558","558","550","553"
"7217","20231013","1005","1005","996","999","1001","500","500500","1005","1005","1000","1000","996","1005","996","999"
"7218","20231013","823","823","809","809","816.7021","4700","3838500","823","823","817","817","817","817","809","809"
"7219","20231013","2104","2165","2103","2162","2126.3929","2800","5953900","2104","2124","2103","2123","2125","2165","2111","2162"
"7220","20231013","1565","1570","1534","1538","1545.1637","197300","304860800","1565","1570","1547","1549","1549","1549","1534","1538"
"7222","20231013","793","793","764","765","773.5683","122300","94607400","793","793","769","770","771","771","764","765"
"7224","20231013","1250","1253","1233","1237","1240.5533","224100","278008000","1250","1253","1238","1238","1238","1242","1233","1237"
"7226","20231013","1800","1808","1787","1798","1796.4252","46100","82815200","1800","1808","1799","1801","1800","1802","1787","1798"
"7228","20231013","3100","3150","3100","3145","3125.5","2000","6251000","3100","3110","3100","3110","3125","3150","3110","3145"
"7229","20231013","1970","1970","1950","1958","1962.6585","4100","8046900","1970","1970","1959","1961","1961","1964","1950","1958"
"7231","20231013","2503","2507","2463","2472","2480.5097","62000","153791600","2503","2507","2471","2477","2473","2480","2463","2472"
"7235","20231013","617","617","597","599","603.9731","18600","11233900","617","617","603","603","603","604","597","599"
"7236","20231013","2095","2109","2088","2101","2100.0143","14000","29400200","2095","2109","2088","2101","2102","2106","2095","2101"
"7238","20231013","132","132","130","130","131.1209","356500","46744600","132","132","131","132","132","132","130","130"
"7239","20231013","1649","1653","1627","1632","1640.4285","260900","427987800","1649","1653","1638","1644","1645","1646","1627","1632"
"7240","20231013","1908","1922","1866","1875","1888.9297","649800","1227426500","1908","1922","1884.5","1895","1894.5","1898.5","1866","1875"
"7241","20231013","735","738","723","725","730.5347","325800","238008200","735","738","728","732","732","733","723","725"
"7242","20231013","4625","4630","4555","4565","4589.341","69800","320336000","4625","4630","4595","4595","4595","4600","4555","4565"
"7244","20231013","556","556","542","544","548.2172","66300","36346800","556","556","549","549","546","548","542","544"
"7245","20231013","536","537","523","525","527.2938","113000","59584200","536","537","528","528","527","528","523","525"
"7246","20231013","675","678","663","672","670.959","604500","405594700","675","678","672","673","671","672","663","672"
"7247","20231013","456","456","443","444","448.5183","92800","41622500","456","456","448","448","447","447","443","444"
"7250","20231013","1419","1421","1392","1397","1407.0826","134400","189111900","1419","1421","1407","1408","1409","1410","1392","1397"
"7254","20231013","388","391","384","386","387.8396","55500","21525100","388","391","388","390","389","389","384","386"
"7255","20231013","499","499","499","499","499","200","99800","499","499","499","499","-","-","-","-"
"7256","20231013","220","220","212","215","215.2801","736800","158618400","220","220","214","215","215","215","212","215"
"7259","20231013","5532","5577","5481","5506","5518.1275","847000","4673854000","5532","5577","5490","5490","5481","5534","5481","5506"
"7261","20231013","1612","1649.5","1597.5","1605","1614.7199","5258600","8491165950","1612","1649.5","1608.5","1616","1609.5","1614","1597.5","1605"
"7264","20231013","1292","1299","1285","1285","1291.9","1000","1291900","1292","1299","1292","1299","1292","1293","1285","1285"
"7265","20231013","3900","3900","3800","3850","3870.597","6700","25933000","3900","3900","3850","3850","3860","3900","3800","3850"
"7266","20231013","608","608","593","594","597.871","62800","37546300","608","608","596","596","598","598","593","594"
"7267","20231013","1699","1702","1674","1682.5","1687.5644","17443500","29437029750","1699","1702","1680","1680","1680","1691","1674","1682.5"
"7268","20231013","273","275","268","270","270.6525","35400","9581100","273","275","268","270","270","271","269","270"
"7269","20231013","6015","6035","5933","5955","5981.8817","1543900","9235427200","6015","6035","5938","5952","5960","5975","5933","5955"
"7270","20231013","2846.5","2890.5","2815","2828.5","2838.9304","2855000","8105146150","2846.5","2890.5","2834.5","2836","2820","2836.5","2815","2828.5"
"7271","20231013","785","786","761","768","771.0813","44300","34158900","785","786","770","770","765","771","761","768"
"7272","20231013","3910","3932","3868","3885","3896.3011","1705600","6645531200","3910","3932","3891","3895","3898","3900","3868","3885"
"7273","20231013","1340","1349","1331","1339","1340.6786","2800","3753900","1340","1345","1340","1345","1349","1349","1331","1339"
"7276","20231013","2325.5","2359","2313.5","2325.5","2330.7659","1644300","3832478300","2325.5","2359","2314.5","2345.5","2345","2352","2313.5","2325.5"
"7277","20231013","404","408","399","399","404.1182","188700","76257100","404","408","403","403","403","408","399","399"
"7278","20231013","2560","2581","2528","2543","2556.2146","124400","317993100","2560","2581","2553","2566","2568","2575","2528","2543"
"7279","20231013","1484","1493","1420","1425","1444.0484","66100","95451600","1484","1493","1445","1445","1454","1455","1420","1425"
"7280","20231013","699","708","693","697","699.8064","311500","217989700","699","708","697","698","699","700","693","697"
"7282","20231013","3117","3145","3092","3100","3116.2646","226000","704275800","3117","3145","3100","3128","3125","3136","3092","3100"
"7283","20231013","1228","1229","1198","1201","1211.4386","218400","264578200","1228","1229","1208","1208","1208","1214","1198","1201"
"7284","20231013","1000","1001","990","990","995.8857","7000","6971200","1000","1000","995","995","1001","1001","990","990"
"7287","20231013","1130","1138","1108","1114","1119.1555","95800","107215100","1130","1138","1115","1117","1117","1119","1108","1114"
"7291","20231013","463","463","452","455","457.2","58500","26746200","463","463","455","455","455","457","452","455"
"7292","20231013","3185","3215","3125","3125","3165.6164","7300","23109000","3185","3215","3165","3165","3165","3170","3125","3125"
"7294","20231013","940","940","916","917","924.687","49200","45494600","940","940","923","925","925","925","916","917"
"7296","20231013","1817","1839","1812","1819","1822.3804","260500","474730100","1817","1839","1812","1826","1827","1831","1813","1819"
"7297","20231013","908","952","908","922","933.8566","27900","26054600","908","952","908","941","945","948","922","922"
"7298","20231013","1387","1388","1387","1387","1387.1362","53600","74350500","1387","1388","1387","1388","1388","1388","1387","1387"
"7299","20231013","4000","4000","3925","3945","3965.625","2400","9517500","4000","4000","3925","3945","3990","3990","3945","3945"
"7305","20231013","3035","3110","3030","3050","3060.2756","25400","77731000","3035","3110","3035","3050","3055","3060","3030","3050"
"7309","20231013","20715","20890","20680","20790","20765.8153","189500","3935122000","20715","20890","20680","20755","20730","20805","20725","20790"
"7313","20231013","1690","1714.5","1685","1692.5","1696.263","355900","603700000","1690","1714.5","1687","1696.5","1693","1699.5","1685","1692.5"
"7314","20231013","1090","1093","1060","1076","1074.4911","11200","12034300","1090","1093","1083","1083","1082","1082","1060","1076"
"7315","20231013","672","676","665","669","671.2967","141200","94787100","672","676","665","672","671","674","667","669"
"7317","20231013","707","712","669","681","687.4399","46600","32034700","707","712","681","682","682","684","669","681"
"7318","20231013","1427","1477","1427","1448","1447.9167","3600","5212500","1427","1477","1427","1442","1448","1448","1448","1448"
"7320","20231013","2986","3025","2936","2970","2973.6915","37600","111810800","2986","3025","2936","2985","2989","2989","2945","2970"
"7322","20231013","1848","1869","1813","1816","1833.0884","39600","72590300","1848","1869","1842","1844","1841","1842","1813","1816"
"7325","20231013","711","711","704","704","706.0833","1200","847300","711","711","707","710","707","707","704","704"
"7326","20231013","1167","1174","1150","1170","1161.4086","71700","83273000","1167","1170","1150","1167","1164","1174","1153","1170"
"7327","20231013","3860","3910","3795","3800","3831.241","97100","372013500","3860","3910","3860","3870","3840","3860","3795","3800"
"7330","20231013","1145","1145","1110","1118","1119.1895","34300","38388200","1145","1145","1115","1119","1119","1122","1110","1118"
"7337","20231013","948.7","963.6","934.8","937.7","945.7729","669600","633289530","948.7","963.6","947.1","955","953","955.4","934.8","937.7"
"7338","20231013","796","796","781","796","787.8182","1100","866600","796","796","781","781","795","796","795","796"
"7342","20231013","1176","1182","1137","1146","1153.2924","754400","870043800","1176","1182","1154","1154","1156","1156","1137","1146"
"7343","20231013","1073","1085","1021","1042","1062.3459","13300","14129200","1073","1084","1073","1080","1083","1085","1021","1042"
"7345","20231013","439","440","434","434","438.0909","2200","963800","439","440","439","439","440","440","434","434"
"7347","20231013","781","782","772","772","775.3491","21200","16437400","781","782","772","774","775","780","772","772"
"7350","20231013","2471","2509","2454","2462","2476.872","37500","92882700","2471","2509","2471","2481","2473","2488","2454","2462"
"7351","20231013","833","833","780","791","800.0247","161700","129364000","833","833","801","809","821","821","780","791"
"7352","20231013","1513","1513","1431","1432","1467.6295","215900","316861200","1513","1513","1471","1476","1496","1500","1431","1432"
"7353","20231013","979","979","951","968","961.4088","15900","15286400","979","979","952","952","955","968","951","968"
"7354","20231013","464","466","445","446","451.3671","350300","158113900","464","466","450","451","451","451","445","446"
"7356","20231013","194","197","193","195","194.3386","18900","3673000","194","197","193","194","194","195","193","195"
"7357","20231013","748","748","718","718","731.3673","4900","3583700","748","748","742","742","742","742","718","718"
"7358","20231013","1212","1212","1180","1190","1190.0271","22100","26299600","1212","1212","1187","1187","1195","1195","1180","1190"
"7359","20231013","901","908","871","878","883.5864","194400","171769200","901","908","874","881","875","893","871","878"
"7360","20231013","914","918","903","909","912.4","1000","912400","914","918","913","918","918","918","903","909"
"7361","20231013","2451","2451","2390","2403","2411.1226","15500","37372400","2451","2451","2420","2421","2422","2438","2390","2403"
"7362","20231013","1200","1200","1181","1190","1191.2222","900","1072100","1200","1200","1200","1200","1191","1191","1181","1190"
"7363","20231013","1956","1964","1953","1953","1959.7391","2300","4507400","1956","1962","1956","1962","1963","1964","1953","1953"
"7366","20231013","2013","2031","1978","1985","1996.712","122900","245395900","2013","2031","1991","1993","1987","1992","1978","1985"
"7367","20231013","826","827","798","807","805.8584","11300","9106200","826","827","807","808","806","812","798","807"
"7368","20231013","1411","1411","1411","1411","1411","400","564400","1411","1411","1411","1411","-","-","-","-"
"7369","20231013","2706","2749","2554","2625","2631.2607","39900","104987300","2706","2749","2573","2599","2579","2670","2554","2625"
"7370","20231013","1070","1088","1035","1054","1051.4316","165900","174432500","1070","1070","1042","1067","1088","1088","1035","1054"
"7371","20231013","619","619","612","614","614.0538","9300","5710700","619","619","614","614","615","616","612","614"
"7372","20231013","730","730","680","691","700.6446","45300","31739200","730","730","714","715","715","715","680","691"
"7373","20231013","2137","2157","2106","2129","2132.1504","149600","318969700","2137","2157","2124","2131","2145","2145","2106","2129"
"7374","20231013","1528","1534","1511","1511","1520.4091","15400","23414300","1528","1534","1521","1529","1529","1529","1511","1511"
"7375","20231013","1423","1440","1414","1425","1427.1789","21800","31112500","1423","1440","1418","1425","1425","1435","1414","1425"
"7376","20231013","1989","1989","1970","1970","1977.5","400","791000","-","-","-","-","1989","1989","1970","1970"
"7377","20231013","1479","1479","1438","1477","1461.6889","4500","6577600","1479","1479","1438","1451","1465","1479","1458","1477"
"7378","20231013","790","793","760","763","767.4622","55600","42670900","790","793","766","766","766","771","760","763"
"7379","20231013","903","918","880","886","893.3327","54400","48597300","903","918","894","898","897","897","880","886"
"7380","20231013","3920","3960","3845","3850","3892.057","82400","320705500","3920","3960","3905","3915","3905","3910","3845","3850"
"7381","20231013","5400","5460","5320","5330","5382.6935","64600","347722000","5400","5460","5400","5420","5410","5430","5320","5330"
"7383","20231013","310","310","287","288","295.161","882500","260479600","310","310","293","293","293","293","287","288"
"7384","20231013","1970","1985","1925","1934","1947.8403","60100","117065200","1970","1985","1958","1960","1955","1959","1925","1934"
"7386","20231013","4200","4200","3980","4110","4061.5315","22200","90166000","4200","4200","4020","4040","4035","4130","3980","4110"
"7388","20231013","4190","4225","4040","4060","4119.5893","700100","2884124500","4190","4225","4080","4125","4105","4175","4040","4060"
"7389","20231013","2451","2475","2385","2391","2415.1078","106700","257692000","2451","2475","2430","2430","2430","2437","2385","2391"
"7399","20231013","540","545","540","545","543.5833","1200","652300","540","545","540","545","-","-","-","-"
"7408","20231013","1578","1583","1547","1554","1564.1413","73600","115120800","1578","1583","1560","1570","1570","1572","1547","1554"
"7409","20231013","3925","3925","3770","3770","3829.8547","17200","65873500","3925","3925","3835","3835","3835","3835","3770","3770"
"7412","20231013","885","895","882","889","888.1968","299800","266281400","885","887","882","883","883","895","883","889"
"7413","20231013","2035","2035","2035","2035","2035","100","203500","-","-","-","-","2035","2035","2035","2035"
"7414","20231013","1664","1673","1653","1658","1662.508","50200","83457900","1664","1673","1660","1669","1663","1671","1653","1658"
"7416","20231013","520","520","510","515","514.5639","13300","6843700","520","520","513","515","516","519","510","515"
"7417","20231013","2142","2143","2106","2114","2122.3125","6400","13582800","2142","2143","2123","2123","2121","2125","2106","2114"
"7419","20231013","1350","1360","1328","1332","1338.3455","210700","281989400","1350","1360","1337","1337","1335","1340","1328","1332"
"7420","20231013","1960","2019","1903","1921","1957.4401","323100","632448900","1960","2019","1903","1959","1959","1959","1910","1921"
"7421","20231013","1522","1536","1513","1529","1527.799","145300","221989200","1522","1525","1513","1519","1519","1536","1519","1529"
"7422","20231013","2780","2780","2779","2780","2779.75","400","1111900","2780","2780","2779","2780","-","-","-","-"
"7425","20231013","2972","2972","2972","2972","2972","500","1486000","-","-","-","-","2972","2972","2972","2972"
"7426","20231013","1600","1679","1536","1679","1653.9467","275800","456158500","1600","1679","1536","1679","1679","1679","1679","1679"
"7427","20231013","1436","1537","1422","1486","1499.2213","331200","496542100","1436","1537","1422","1498","1500","1520","1471","1486"
"7433","20231013","5110","5150","5080","5110","5109.5294","102000","521172000","5110","5150","5080","5120","5120","5120","5090","5110"
"7434","20231013","1765","1765","1701","1702","1715.2","1500","2572800","1765","1765","1701","1723","1702","1702","1702","1702"
"7435","20231013","1087","1101","1083","1085","1091.1534","16300","17785800","1087","1101","1087","1091","1100","1100","1083","1085"
"7438","20231013","1144","1147","1133","1142","1139.8254","40100","45707000","1144","1147","1140","1140","1138","1145","1133","1142"
"7442","20231013","353","354","351","351","352.2832","11300","3980800","353","354","351","351","351","352","351","351"
"7443","20231013","545","548","541","548","544.5714","3500","1906000","545","545","542","542","546","548","541","548"
"7444","20231013","1625","1667","1625","1646","1634.5087","28900","47237300","1625","1667","1625","1657","1657","1658","1646","1646"
"7445","20231013","464","466","454","455","458.0887","131900","60421900","464","466","456","456","457","458","454","455"
"7446","20231013","-","-","-","-","-","-","-","-","-","-","-","-","-","-","-"
"7447","20231013","2013","2024","1988","1992","2002.3238","31500","63073200","2013","2024","2003","2016","2010","2010","1988","1992"
"7450","20231013","1248","1258","1246","1248","1249.5","600","749700","1248","1258","1246","1249","1248","1248","1248","1248"
"7451","20231013","3910","3940","3835","3845","3875.4339","74900","290270000","3910","3940","3880","3885","3880","3880","3835","3845"
"7453","20231013","1795.5","1818","1770.5","1812.5","1797.8044","3790700","6814937100","1795.5","1804.5","1770.5","1796","1795","1818","1786","1812.5"
"7455","20231013","355","358","350","351","354.3037","89900","31851900","355","358","355","356","356","357","350","351"
"7456","20231013","2435","2450","2400","2416","2419.8674","51300","124139200","2435","2450","2420","2422","2413","2416","2400","2416"
"7458","20231013","2325.5","2327.5","2275.5","2285","2295.6774","177800","408171450","2325.5","2327.5","2296","2297","2295","2299","2275.5","2285"
"7459","20231013","2520.5","2525.5","2488","2492.5","2502.4981","398500","997245500","2520.5","2525.5","2498","2498","2498","2506","2488","2492.5"
"7460","20231013","1424","1447","1424","1426","1430.8889","900","1287800","1424","1447","1424","1435","1430","1430","1425","1426"
"7461","20231013","555","561","555","561","559.125","800","447300","555","555","555","555","556","561","556","561"
"7462","20231013","345","363","345","355","352.08","2500","880200","345","363","345","362","349","355","349","355"
"7463","20231013","1028","1032","1015","1018","1020.4048","54100","55203900","1028","1032","1022","1024","1024","1024","1015","1018"
"7464","20231013","8100","8100","8100","8100","8100","100","810000","8100","8100","8100","8100","-","-","-","-"
"7466","20231013","1890","1890","1845","1854","1863.6949","23600","43983200","1890","1890","1861","1863","1863","1863","1845","1854"
"7467","20231013","4205","4240","4075","4105","4135.1488","33600","138941000","4205","4240","4175","4185","4185","4190","4075","4105"
"7472","20231013","3170","3170","3170","3170","3170","300","951000","3170","3170","3170","3170","3170","3170","3170","3170"
"7475","20231013","2399","2399","2362","2369","2377.3613","11900","28290600","2399","2399","2378","2378","2378","2378","2362","2369"
"7476","20231013","5135","5135","5015","5015","5070.229","103500","524768700","5135","5135","5068","5068","5050","5072","5015","5015"
"7477","20231013","1935","1958","1800","1803","1869.2","22500","42057000","1935","1958","1800","1810","1850","1850","1803","1803"
"7480","20231013","2198","2198","2164","2171","2175.6799","27800","60483900","2198","2198","2171","2173","2173","2176","2164","2171"
"7481","20231013","2059","2081","1987","2015","2026.0213","47000","95223000","2059","2081","2008","2008","2007","2022","1987","2015"
"7482","20231013","1150","1150","1117","1121","1132.7234","14100","15971400","1150","1150","1132","1133","1133","1133","1117","1121"
"7483","20231013","2198","2212","2176","2190","2193.9613","59500","130540700","2198","2212","2176","2208","2207","2207","2179","2190"
"7486","20231013","674","674","674","674","674","100","67400","674","674","674","674","-","-","-","-"
"7487","20231013","1585","1596","1573","1596","1584.2687","13400","21229200","1585","1585","1575","1579","1581","1596","1573","1596"
"7490","20231013","905","911","905","911","907","700","634900","905","911","905","905","906","911","906","911"
"7494","20231013","390","390","381","384","386.0662","122300","47215900","390","390","383","384","385","385","381","384"
"7500","20231013","-","-","-","-","-","-","-","-","-","-","-","-","-","-","-"
"7501","20231013","759","765","751","751","757.9643","5600","4244600","759","765","752","758","758","760","751","751"
"7502","20231013","2118","2162","2116","2162","2128.25","400","851300","2118","2118","2117","2117","2116","2162","2116","2162"
"7504","20231013","2083","2083","2044","2057","2063.8689","12200","25179200","2083","2083","2062","2064","2068","2068","2044","2057"
"7505","20231013","1408","1408","1386","1389","1397.7895","1900","2655800","1408","1408","1391","1395","1386","1391","1386","1389"
"7506","20231013","1605","1608","1605","1607","1605.7273","2200","3532600","1605","1608","1605","1607","1607","1607","1605","1607"
"7508","20231013","1200","1204","1176","1181","1186.3715","75900","90045600","1200","1204","1185","1186","1184","1184","1176","1181"
"7509","20231013","-","-","-","-","-","-","-","-","-","-","-","-","-","-","-"
"7510","20231013","1823","1823","1801","1807","1813.4435","11500","20854600","1823","1823","1813","1813","1813","1816","1801","1807"
"7512","20231013","885","893","877","879","883.9355","431000","380976200","885","893","877","880","880","881","878","879"
"7513","20231013","647","657","641","642","648.4299","145600","94411400","647","657","646","648","645","647","641","642"
"7514","20231013","923","932","919","923","923.9112","16900","15614100","923","926","919","921","924","932","920","923"
"7515","20231013","3440","3450","3440","3450","3447.5","400","1379000","3440","3450","3440","3450","3450","3450","3450","3450"
"7516","20231013","3995","3995","3850","3875","3906.2972","193500","755868500","3995","3995","3895","3895","3885","3885","3850","3875"
"7518","20231013","2817","2817","2744","2752","2768.4068","753600","2086271400","2817","2817","2774.5","2775.5","2776","2776","2744","2752"
"7520","20231013","2125","2125","2101","2105","2110.0488","12300","25953600","2125","2125","2105","2105","2105","2114","2101","2105"
"7521","20231013","1858","1858","1828","1850","1846.4762","2100","3877600","1858","1858","1841","1841","1840","1850","1828","1850"
"7522","20231013","1118","1130","1100","1126","1120.6538","98500","110384400","1118","1124","1100","1121","1119","1130","1119","1126"
"7523","20231013","1059","1070","1051","1054","1060.0702","57000","60424000","1059","1070","1059","1063","1063","1063","1051","1054"
"7524","20231013","263","266","260","260","262.7553","23700","6227300","263","266","263","264","263","265","260","260"
"7525","20231013","2992","3030","2982","2998","2997.3696","9200","27575800","2992","3010","2992","3005","3030","3030","2982","2998"
"7527","20231013","70","70","68","70","69.5027","364200","25312900","70","70","69","70","70","70","68","70"
"7531","20231013","-","-","-","-","-","-","-","-","-","-","-","-","-","-","-"
"7532","20231013","2969.5","2972.5","2881.5","2949","2932.4563","2898600","8500017700","2969.5","2972.5","2881.5","2897","2900","2966","2900","2949"
"7537","20231013","1172","1193","1165","1167","1177.4254","48900","57576100","1172","1193","1172","1185","1185","1188","1165","1167"
"7538","20231013","300","300","297","297","297.7073","4100","1220600","300","300","297","297","299","299","297","297"
"7539","20231013","1166","1166","1152","1163","1158.0417","2400","2779300","1166","1166","1152","1156","1165","1165","1154","1163"
"7544","20231013","361","363","340","363","358.3014","70000","25081100","361","362","340","360","360","363","359","363"
"7545","20231013","1613","1618","1589","1589","1604.9512","290900","466880300","1613","1618","1606","1612","1610","1614","1589","1589"
"7550","20231013","7141","7148","7044","7070","7093.3039","752800","5339839200","7141","7148","7044","7089","7098","7142","7051","7070"
"7551","20231013","623","624","619","621","621.5253","15800","9820100","623","624","619","624","624","624","620","621"
"7552","20231013","2384","2392","2330","2341","2350.3463","74500","175100800","2384","2392","2347","2351","2342","2350","2330","2341"
"7554","20231013","1065","1081","1065","1071","1071.6909","66000","70731600","1065","1081","1065","1072","1072","1073","1065","1071"
"7555","20231013","741","745","740","744","741.255","14900","11044700","741","745","740","742","743","744","740","744"
"7559","20231013","1425","1425","1420","1420","1421.6","500","710800","1425","1425","1425","1425","1421","1421","1420","1420"
"7561","20231013","696","696","684","686","687.3013","39500","27148400","696","696","686","687","686","689","684","686"
"7562","20231013","7290","7300","7160","7160","7210","3400","24514000","7290","7300","7180","7180","7180","7200","7160","7160"
"7564","20231013","4350","4365","4340","4365","4355.0735","108900","474267500","4350","4365","4340","4355","4360","4365","4345","4365"
"7565","20231013","3100","3100","3030","3030","3053.3333","300","916000","3100","3100","3100","3100","3030","3030","3030","3030"
"7567","20231013","415","422","415","420","417.875","7200","3008700","415","417","415","415","416","422","416","420"
"7570","20231013","1195","1195","1166","1175","1177.4444","8100","9537300","1195","1195","1172","1172","1167","1175","1166","1175"
"7571","20231013","66","67","65","65","66.0886","124100","8201600","66","66","66","66","67","67","65","65"
"7575","20231013","1146","1149","1125","1127","1136.2398","210200","238837600","1146","1149","1136","1137","1134","1137","1125","1127"
"7578","20231013","523","533","516","527","526.22","91800","48307000","523","533","516","524","527","532","521","527"
"7581","20231013","5600","5630","5400","5500","5536.1099","1215400","6728588000","5600","5630","5400","5520","5500","5570","5460","5500"
"7585","20231013","418","421","410","410","416.9048","6300","2626500","418","421","416","417","420","420","410","410"
"7590","20231013","610","611","602","603","605.2657","111400","67426600","610","611","603","604","604","605","602","603"
"7593","20231013","504","504","499","501","501.5039","291500","146188400","504","504","500","501","501","502","499","501"
"7595","20231013","3225","3230","3160","3180","3190.1456","20600","65717000","3225","3230","3195","3195","3195","3195","3160","3180"
"7596","20231013","2164","2166","2145","2151","2152.2624","14100","30346900","2164","2166","2151","2151","2151","2154","2145","2151"
"7599","20231013","719","721","706","712","711.9176","1285900","915454800","719","721","710","711","711","712","706","712"
"7600","20231013","738","741","713","713","725.3497","79500","57665300","738","741","724","724","723","725","713","713"
"7601","20231013","214","216","209","212","212.3983","131300","27887900","214","214","209","209","209","216","209","212"
"7602","20231013","198","198","193","194","194.6364","15400","2997400","198","198","193","194","194","195","194","194"
"7603","20231013","379","379","378","379","378.7059","5100","1931400","379","379","378","379","379","379","378","379"
"7604","20231013","1125","1132","1123","1130","1128.0328","6100","6881000","1125","1130","1123","1129","1128","1132","1128","1130"
"7605","20231013","1881","1882","1780","1787","1814.9167","28800","52269600","1881","1882","1815","1822","1809","1809","1780","1787"
"7606","20231013","1934","1934","1879","1879","1896.2269","138800","263196300","1934","1934","1900","1900","1900","1900","1879","1879"
"7607","20231013","2435","2462","2415","2416","2435.9736","60500","147376400","2435","2462","2434","2435","2428","2441","2415","2416"
"7608","20231013","686","763","652","748","702.3749","1917300","1346663300","686","686","652","663","663","763","655","748"
"7609","20231013","3055","3075","3000","3010","3032.5393","19100","57921500","3055","3075","3045","3060","3045","3060","3000","3010"
"7610","20231013","147","149","144","144","146.3709","2472700","361931400","147","149","145","147","146","149","144","144"
"7611","20231013","2650","2657","2585","2593","2608.6461","211100","550685200","2650","2657","2600","2602","2601","2614","2585","2593"
"7613","20231013","1477","1482","1455","1457","1465.747","98400","144229500","1477","1482","1464","1466","1466","1467","1455","1457"
"7614","20231013","1239","1239","1219","1224","1224.8621","2900","3552100","1239","1239","1236","1236","1229","1229","1219","1224"
"7615","20231013","166","167","166","167","166.2871","20900","3475400","166","167","166","167","167","167","166","167"
"7616","20231013","2304.5","2309.5","2284.5","2298","2298.3616","226500","520578900","2304.5","2309.5","2284.5","2293","2291","2304.5","2291","2298"
"7618","20231013","478","479","478","478","478.0882","3400","1625500","478","479","478","478","478","478","478","478"
"7619","20231013","680","686","673","675","678.2712","11800","8003600","680","686","679","682","684","684","673","675"
"7621","20231013","3785","3800","3730","3780","3781.0938","3200","12099500","3785","3800","3730","3800","3780","3780","3750","3780"
"7623","20231013","585","586","582","582","583.8108","3700","2160100","585","586","584","584","583","586","582","582"
"7624","20231013","145","146","144","146","144.8217","28600","4141900","145","145","144","144","144","146","144","146"
"7625","20231013","514","514","487","494","496.7102","72800","36160500","514","514","492","499","498","498","487","494"
"7628","20231013","1653","1654","1625","1625","1635.7535","35700","58396400","1653","1654","1631","1631","1632","1636","1625","1625"
"7630","20231013","5220","5220","5160","5170","5183.3544","31600","163794000","5220","5220","5170","5180","5170","5200","5160","5170"
"7634","20231013","-","-","-","-","-","-","-","-","-","-","-","-","-","-","-"
"7635","20231013","1100","1107","1093","1107","1100","500","550000","1100","1100","1100","1100","1093","1107","1093","1107"
"7636","20231013","1130","1130","1113","1122","1121.1176","5100","5717700","1130","1130","1113","1114","1119","1122","1117","1122"
"7637","20231013","2194","2199","2171","2178","2183.8869","22100","48263900","2194","2199","2189","2189","2187","2187","2171","2178"
"7638","20231013","1764","1767","1725","1732","1746.098","44900","78399800","1764","1767","1743","1743","1743","1743","1725","1732"
"7640","20231013","187","188","186","187","187.0407","49200","9202400","187","188","187","187","188","188","186","187"
"7643","20231013","841","845","839","839","840.4","3500","2941400","841","841","839","839","845","845","839","839"
"7646","20231013","786","792","771","773","779.5139","14400","11225000","786","789","778","780","792","792","771","773"
"7647","20231013","29","29","28","28","28.5489","173689500","4958642800","29","29","28","28","28","29","28","28"
"7649","20231013","5912","5924","5805","5810","5845.6315","194300","1135806200","5912","5924","5870","5886","5877","5888","5805","5810"
"7670","20231013","778","778","756","756","765.6356","11800","9034500","778","778","764","764","766","769","756","756"
"7671","20231013","948","948","948","948","948","600","568800","948","948","948","948","948","948","948","948"
"7673","20231013","1164","1173","1155","1155","1160.3143","3500","4061100","1164","1170","1158","1159","1158","1173","1155","1155"
"7674","20231013","3600","3600","3500","3520","3544.5833","7200","25521000","3600","3600","3575","3585","3585","3585","3500","3520"
"7676","20231013","643","650","617","618","630.8033","71700","45228600","643","650","639","643","643","643","617","618"
"7677","20231013","2027","2027","2022","2022","2025.3333","300","607600","2027","2027","2022","2022","-","-","-","-"
"7678","20231013","1760","1760","1741","1752","1749.6957","2300","4024300","1760","1760","1741","1741","1741","1752","1741","1752"
"7679","20231013","2800","2800","2656","2740","2720.65","104000","282947600","2800","2800","2656","2675","2682","2767","2675","2740"
"7681","20231013","2680","2699","2649","2650","2658.4375","1600","4253500","2680","2699","2650","2699","2650","2699","2649","2650"
"7682","20231013","3030","3055","3030","3035","3042.7273","2200","6694000","3030","3045","3030","3045","3045","3055","3035","3035"
"7683","20231013","2328","2342","2313","2325","2322.2405","15800","36691400","2328","2342","2316","2320","2320","2333","2313","2325"
"7685","20231013","3365","3415","3235","3275","3306.9954","43600","144185000","3365","3415","3260","3265","3250","3295","3235","3275"
"7686","20231013","2508","2550","2384","2393","2438.6909","48200","117544900","2508","2550","2412","2412","2410","2419","2384","2393"
"7687","20231013","1706","1746","1623","1623","1666.936","17200","28671300","1706","1746","1686","1686","1676","1697","1623","1623"
"7689","20231013","614","615","600","613","608.125","4800","2919000","614","615","614","615","609","613","600","613"
"7692","20231013","101","101","98","100","99.401","3210300","319107000","101","101","98","98","100","100","98","100"
"7694","20231013","980","994","970","970","978.7705","6100","5970500","980","994","978","978","979","982","970","970"
"7695","20231013","2481","2509","2481","2489","2494.7","3000","7484100","2481","2509","2481","2499","2500","2509","2489","2489"
"7698","20231013","1699","1705","1672","1683","1693.5214","11700","19814200","1699","1705","1673","1675","1672","1685","1672","1683"
"7699","20231013","500","509","497","509","499.9483","5800","2899700","500","501","497","498","500","509","500","509"
"7701","20231013","3869","3890","3787","3800","3825.1028","967800","3701934500","3869","3890","3845","3855","3850","3853","3787","3800"
"7702","20231013","526","529","519","519","522.9083","34900","18249500","526","529","522","522","521","524","519","519"
"7705","20231013","2286","2286","2278","2280","2282.6667","1500","3424000","2286","2286","2278","2284","2284","2284","2280","2280"
"7707","20231013","310","310","303","303","304.7311","67300","20508400","310","310","303","306","306","306","303","303"
"7709","20231013","250","254","245","245","248.8995","39800","9906200","250","254","249","249","249","249","245","245"
"7711","20231013","1150","1168","1128","1132","1143.9631","29800","34090100","1150","1168","1145","1151","1143","1143","1128","1132"
"7713","20231013","1505","1512","1498","1506","1504.0196","10200","15341000","1505","1512","1503","1507","1508","1508","1498","1506"
"7715","20231013","2440","2468","2395","2410","2431.1675","152200","370023700","2440","2468","2418","2438","2435","2440","2395","2410"
"7716","20231013","3290","3350","3290","3345","3330.1229","179000","596092000","3290","3340","3290","3315","3315","3350","3315","3345"
"7717","20231013","2051","2079","2007","2014","2035.4679","84200","171386400","2051","2079","2036","2036","2034","2034","2007","2014"
"7718","20231013","1910","1922","1906","1912","1912.2885","96000","183579700","1910","1922","1909","1910","1909","1918","1906","1912"
"7719","20231013","164","164","160","160","161.4596","16100","2599500","164","164","161","162","161","162","160","160"
"7721","20231013","1465","1534","1465","1486","1501.9081","211200","317203000","1465","1534","1465","1492","1491","1492","1474","1486"
"7722","20231013","516","530","515","523","526.4609","34500","18162900","516","530","515","530","525","526","523","523"
"7723","20231013","1868","1876","1836","1839","1854.6274","26300","48776700","1868","1876","1848","1855","1855","1864","1836","1839"
"7725","20231013","1070","1112","1012","1018","1057.1759","671500","709893600","1070","1112","1018","1026","1021","1032","1012","1018"
"7726","20231013","1367","1387","1363","1368","1368.8627","5100","6981200","1367","1380","1365","1368","1363","1387","1363","1368"
"7727","20231013","414","417","406","406","410.8668","199700","82050100","414","417","407","409","410","410","406","406"
"7729","20231013","7950","7950","7600","7630","7705.8655","344900","2657753000","7950","7950","7710","7750","7730","7730","7600","7630"
"7730","20231013","1977","2043","1955.5","1990","2003.7428","1303600","2612079100","1977","2043","1955.5","2010","2009","2012","1973.5","1990"
"7731","20231013","1569.5","1592","1559","1565.5","1571.1623","1493700","2346845150","1569.5","1592","1566.5","1574","1570","1573.5","1559","1565.5"
"7732","20231013","1720","1732","1713","1717","1719.735","461100","792969800","1720","1732","1714","1723","1723","1726.5","1713","1717"
"7733","20231013","1940","1956","1925.5","1952.5","1943.4124","8087100","15716570300","1940","1951.5","1925.5","1938.5","1938.5","1956","1938","1952.5"
"7734","20231013","6140","6250","6140","6170","6178.4507","78100","482537000","6140","6250","6140","6180","6180","6220","6150","6170"
"7735","20231013","7618","7860","7581","7647","7691.5552","2170200","16692213000","7618","7860","7581","7827","7823","7823","7588","7647"
"7739","20231013","1881","1881","1848","1848","1858.3322","61400","114101600","1881","1881","1860","1860","1861","1861","1848","1848"
"7740","20231013","4555","4555","4455","4460","4494.9926","67900","305210000","4555","4555","4500","4500","4510","4510","4455","4460"
"7741","20231013","15560","15795","15500","15630","15638.5488","1108400","17333767500","15560","15795","15500","15650","15635","15695","15550","15630"
"7743","20231013","821","824","780","793","793.2406","106000","84083500","821","824","780","782","781","800","780","793"
"7744","20231013","3225","3295","3180","3200","3222.2025","194100","625429500","3225","3295","3225","3245","3235","3245","3180","3200"
"7745","20231013","1683","1683","1628","1633","1644.9695","226500","372585600","1683","1683","1636","1655","1652","1658","1628","1633"
"7746","20231013","135","135","133","133","134.4857","49000","6589800","135","135","133","135","134","134","133","133"
"7747","20231013","2650","2668.5","2584","2634","2628.2794","899100","2363086050","2650","2668.5","2584","2629.5","2630","2643","2628.5","2634"
"7749","20231013","2788","2828","2755","2795","2799.32","2500","6998300","2788","2788","2755","2755","2800","2828","2764","2795"
"7751","20231013","3636","3653","3599","3617","3624.9898","2879400","10437795500","3636","3653","3621","3621","3616","3617","3599","3617"
"7752","20231013","1277.5","1290","1276.5","1284","1280.9541","2092200","2680012250","1277.5","1290","1277.5","1279","1280","1284","1276.5","1284"
"7760","20231013","494","494","484","484","488.4505","11100","5421800","494","494","489","489","490","491","484","484"
"7762","20231013","900","908","897","904","901.8486","1420500","1281075900","900","908","897","900","901","906","900","904"
"7769","20231013","2337","2521","2315","2420","2389.2943","75100","179436000","2337","2521","2318","2326","2316","2427","2315","2420"
"7771","20231013","84","85","84","84","84.0028","35400","2973700","84","85","84","84","84","84","84","84"
"7774","20231013","532","534","521","525","527.5703","12800","6752900","532","534","526","528","527","527","521","525"
"7775","20231013","534","535","528","528","530.3625","33100","17555000","534","535","529","530","530","530","528","528"
"7776","20231013","363","378","354","373","367.7736","1604800","590203100","363","378","362","368","367","378","354","373"
"7777","20231013","160","162","157","159","159.6506","1041000","166196300","160","162","157","158","158","162","157","159"
"7779","20231013","264","265","261","261","262.5336","835600","219373100","264","265","262","263","263","263","261","261"
"7780","20231013","1834.5","1843","1803.5","1811","1817.8335","204500","371746950","1834.5","1843","1817.5","1820.5","1820.5","1820.5","1803.5","1811"
"7781","20231013","905","906","864","869","878.2269","11900","10450900","905","906","870","883","875","878","864","869"
"7782","20231013","553","553","543","543","546.3103","5800","3168600","553","553","544","544","544","545","543","543"
"7791","20231013","756","761","756","761","758.1628","4300","3260100","756","760","756","758","757","761","757","761"
"7792","20231013","928","928","907","913","913.519","23700","21650400","928","928","907","913","913","916","911","913"
"7793","20231013","1371","1375","1270","1272","1306.8708","47200","61684300","1371","1375","1295","1312","1305","1309","1270","1272"
"7794","20231013","1852","1853","1780","1780","1813.7918","170500","309251500","1852","1853","1804","1808","1800","1807","1780","1780"
"7795","20231013","180","180","172","173","174.9655","286700","50162600","180","180","172","175","174","175","173","173"
"7800","20231013","648","654","647","647","648.7","4000","2594800","648","654","648","649","649","649","647","647"
"7803","20231013","540","541","530","533","534.3077","556700","297449100","540","541","531","536","536","536","530","533"
"7804","20231013","1337","1363","1317","1336","1341.7723","10100","13551900","1337","1363","1317","1335","1350","1350","1335","1336"
"7805","20231013","748","760","720","747","746.1327","60300","44991800","748","752","742","750","751","760","720","747"
"7806","20231013","1377","1377","1337","1352","1355.3617","50600","68581300","1377","1377","1337","1356","1355","1366","1352","1352"
"7807","20231013","1364","1424","1306","1340","1377.9334","1107600","1526199000","1364","1424","1306","1384","1390","1407","1326","1340"
"7808","20231013","3020","3180","3015","3180","3089.8165","10900","33679000","3020","3085","3015","3050","3050","3180","3050","3180"
"7809","20231013","2019","2019","1945","1954","1961.6632","38000","74543200","2019","2019","1945","1951","1958","1967","1946","1954"
"7810","20231013","212","212","210","210","210.8048","21000","4426900","212","212","210","210","211","212","210","210"
"7811","20231013","1648","1648","1618","1622","1627.8487","15200","24743300","1648","1648","1628","1629","1628","1634","1618","1622"
"7812","20231013","1990","2002","1980","1988","1989.7636","5500","10943700","1990","1990","1986","1989","1989","2002","1980","1988"
"7813","20231013","648","649","648","649","648.5833","1200","778300","648","649","648","648","648","649","648","649"
"7814","20231013","585","585","567","567","575.6442","10400","5986700","585","585","575","575","575","576","567","567"
"7815","20231013","653","704","636","638","667.0782","37100","24748600","653","704","643","643","637","674","636","638"
"7816","20231013","1180","1183","1132","1141","1148.4781","360400","413911500","1180","1183","1133","1139","1139","1150","1132","1141"
"7817","20231013","2379","2396","2364","2376","2377.9903","82800","196897600","2379","2396","2367","2386","2383","2387","2364","2376"
"7818","20231013","1733","1807","1717","1782","1770.8388","217100","384449100","1733","1799","1717","1797","1800","1807","1759","1782"
"7819","20231013","468","468","460","460","462.1692","19500","9012300","468","468","461","462","462","463","460","460"
"7820","20231013","873","873","862","864","867.5141","24900","21601100","873","873","868","868","869","869","862","864"
"7821","20231013","2971","2971","2930","2941","2948.5923","26000","76663400","2971","2971","2954","2954","2953","2959","2930","2941"
"7822","20231013","219","221","218","219","219.3711","25600","5615900","219","221","219","220","220","221","218","219"
"7823","20231013","801","805","795","798","799.426","33800","27020600","801","805","798","801","800","801","795","798"
"7826","20231013","10410","10430","10240","10240","10316.9277","16600","171261000","10410","10420","10290","10370","10430","10430","10240","10240"
"7827","20231013","1950","1971","1908","1953","1939.9966","29200","56647900","1950","1971","1908","1953","1941","1953","1921","1953"
"7829","20231013","102","103","97","97","99.9128","248800","24858300","102","103","101","102","102","102","97","97"
"7831","20231013","155","155","153","155","154.3652","23000","3550400","155","155","153","154","154","155","154","155"
"7832","20231013","3032","3056","3013","3035","3032.1055","2448200","7423200800","3032","3056","3013","3026","3026","3036","3020","3035"
"7833","20231013","607","608","602","605","605.4375","3200","1937400","607","608","604","604","605","605","602","605"
"7836","20231013","95","96","94","94","94.3646","158000","14909600","95","96","94","95","95","95","94","94"
"7837","20231013","496","496","496","496","496","300","148800","496","496","496","496","-","-","-","-"
"7839","20231013","2253","2260","2181","2186","2206.4033","365700","806881700","2253","2260","2213","2215","2213","2214","2181","2186"
"7840","20231013","1180","1183","1166","1166","1172.3422","49100","57562000","1180","1183","1172","1172","1172","1174","1166","1166"
"7841","20231013","784","791","780","785","785.4368","8700","6833300","784","790","780","790","783","791","780","785"
"7844","20231013","701","701","689","691","694.2905","83300","57834400","701","701","695","695","695","695","689","691"
"7846","20231013","5210","5210","5116","5136","5150.0057","52600","270890300","5210","5210","5151","5151","5128","5144","5116","5136"
"7847","20231013","779","791","770","778","777.623","12200","9487000","779","791","770","777","778","779","775","778"
"7849","20231013","3840","3840","3735","3760","3777.2","2500","9443000","3840","3840","3760","3760","3760","3760","3735","3760"
"7850","20231013","863","870","860","870","864.3333","300","259300","863","863","860","860","870","870","870","870"
"7851","20231013","222","224","216","217","219.7771","47100","10351500","222","224","220","220","220","220","216","217"
"7856","20231013","1737","1749","1701","1702","1720.6906","178400","306971200","1737","1749","1725","1729","1725","1726","1701","1702"
"7857","20231013","1317","1324","1317","1320","1321","400","528400","1317","1317","1317","1317","1324","1324","1320","1320"
"7859","20231013","417","417","403","404","407.3271","214000","87168000","417","417","404","407","410","410","403","404"
"7860","20231013","1372","1374","1346","1349","1357.3231","175800","238617400","1372","1374","1359","1359","1359","1360","1346","1349"
"7863","20231013","896","896","895","896","895.75","400","358300","896","896","895","895","896","896","896","896"
"7864","20231013","1715","1719","1679","1687","1694.3028","96100","162822500","1715","1719","1704","1704","1701","1704","1679","1687"
"7865","20231013","1043","1043","1023","1041","1034.8776","28600","29597500","1043","1043","1023","1036","1039","1041","1036","1041"
"7867","20231013","2048","2048","2016","2026","2031.1926","247100","501907700","2048","2048","2020","2034","2034","2037","2016","2026"
"7868","20231013","3030","3035","2950","2966","2983.4986","138200","412319500","3030","3035","2970","2982","3000","3010","2950","2966"
"7871","20231013","756","763","755","755","758.5455","2200","1668800","756","763","756","761","759","759","755","755"
"7872","20231013","623","625","622","623","623.04","5000","3115200","623","624","622","622","622","625","622","623"
"7874","20231013","962","962","950","957","957.4566","63300","60607000","962","962","952","955","960","960","950","957"
"7875","20231013","682","682","676","676","678.8571","2100","1425600","682","682","681","681","680","680","676","676"
"7877","20231013","1590","1590","1590","1590","1590","300","477000","1590","1590","1590","1590","-","-","-","-"
"7878","20231013","6030","6030","5930","5970","5986","500","2993000","6030","6030","5930","5930","6000","6000","5970","5970"
"7879","20231013","1330","1330","1295","1309","1307.6643","42000","54921900","1330","1330","1295","1298","1298","1317","1298","1309"
"7883","20231013","369","370","368","370","368.75","2400","885000","369","369","368","368","368","370","368","370"
"7885","20231013","833","833","808","808","818.0534","20600","16851900","833","833","817","820","816","817","808","808"
"7886","20231013","1066","1080","1066","1068","1074.125","800","859300","1066","1080","1066","1080","1080","1080","1068","1068"
"7887","20231013","5660","5690","5660","5670","5676","500","2838000","5660","5660","5660","5660","5680","5690","5670","5670"
"7888","20231013","599","618","597","597","598.0703","863500","516433700","599","618","597","597","597","598","597","597"
"7893","20231013","1192","1201","1175","1179","1189.0049","40800","48511400","1192","1201","1189","1189","1185","1190","1175","1179"
"7896","20231013","583","642","535","589","593.0308","993400","589116800","583","630","537","542","544","642","535","589"
"7897","20231013","129","133","124","127","127.4422","843100","107446500","129","133","124","125","124","132","124","127"
"7898","20231013","1056","1096","1048","1057","1063.8602","42200","44894900","1056","1096","1056","1058","1059","1059","1048","1057"
"7899","20231013","399","402","397","399","398.7059","5100","2033400","399","401","399","400","400","402","397","399"
"7901","20231013","10120","10280","9970","10100","10091.7188","6400","64587000","10120","10280","10020","10120","10110","10110","9970","10100"
"7902","20231013","-","-","-","-","-","-","-","-","-","-","-","-","-","-","-"
"7905","20231013","2990","2991","2989","2989","2989.2162","256700","767331800","2990","2991","2990","2990","2990","2991","2989","2989"
"7906","20231013","1624","1624","1592","1608","1604.014","78600","126075500","1624","1624","1592","1603","1600","1608","1594","1608"
"7908","20231013","186","186","183","184","184.4409","60100","11084900","186","186","184","184","183","184","183","184"
"7911","20231013","3382","3400","3332","3350","3362.8786","926800","3116715900","3382","3400","3354","3354","3350","3364","3332","3350"
"7912","20231013","3916","3939","3904","3928","3919.1067","757400","2968331400","3916","3939","3908","3912","3907","3930","3904","3928"
"7914","20231013","3045","3050","2983","2983","3007.0847","5900","17741800","3045","3050","3010","3010","3000","3005","2983","2983"
"7915","20231013","1658","1667","1647","1658","1655.1612","103000","170481600","1658","1667","1647","1647","1651","1659","1647","1658"
"7916","20231013","1263","1285","1254","1274","1267.075","4000","5068300","1263","1263","1263","1263","1285","1285","1254","1274"
"7917","20231013","3800","3805","3750","3760","3775.2976","16800","63425000","3800","3805","3780","3780","3780","3780","3750","3760"
"7918","20231013","103","103","100","101","100.8528","237800","23982800","103","103","100","101","100","101","100","101"
"7919","20231013","152","153","149","151","151.0799","51300","7750400","152","153","152","153","152","152","149","151"
"7921","20231013","2352","2352","2299","2308","2317.054","38900","90133400","2352","2352","2317","2318","2312","2320","2299","2308"
"7922","20231013","445","455","443","444","446.5122","20500","9153500","445","455","445","445","447","450","443","444"
"7923","20231013","502","502","500","501","500.5","600","300300","502","502","502","502","500","501","500","501"
"7925","20231013","1511","1522","1506","1511","1512.3032","40900","61853200","1511","1522","1511","1515","1515","1515","1506","1511"
"7927","20231013","1733","1769","1709","1720","1742.0377","55700","97031500","1733","1769","1725","1730","1730","1733","1709","1720"
"7928","20231013","569","572","565","565","567.1622","11100","6295500","569","572","569","572","568","569","565","565"
"7931","20231013","3645","3655","3540","3560","3592.4439","44600","160223000","3645","3655","3610","3615","3610","3610","3540","3560"
"7932","20231013","4290","4295","4215","4245","4267.9487","3900","16645000","4290","4295","4275","4275","4285","4285","4215","4245"
"7936","20231013","4812","4936","4779","4922","4897.2779","1436500","7034939700","4812","4926","4779","4904","4900","4936","4891","4922"
"7937","20231013","2367","2395","2362","2385","2379.2537","6700","15941000","2367","2395","2367","2382","2376","2385","2362","2385"
"7938","20231013","2054","2077","2043","2065","2058.3889","1800","3705100","2054","2077","2043","2077","2070","2071","2057","2065"
"7939","20231013","513","514","509","514","511.1563","3200","1635700","513","513","509","509","509","514","509","514"
"7940","20231013","620","620","612","612","615.8349","42400","26111400","620","620","615","615","615","617","612","612"
"7942","20231013","1965","1969","1943","1951","1955.1073","17700","34605400","1965","1969","1955","1959","1951","1959","1943","1951"
"7943","20231013","2944","2969","2931","2948","2951.2876","89000","262664600","2944","2969","2931","2953","2953","2964","2940","2948"
"7944","20231013","4185","4205","4150","4175","4177.1266","39500","164996500","4185","4205","4180","4185","4185","4185","4150","4175"
"7946","20231013","1535","1535","1535","1535","1535","100","153500","1535","1535","1535","1535","-","-","-","-"
"7947","20231013","2574.5","2597","2547.5","2557.5","2562.5821","207600","531992050","2574.5","2597","2564.5","2567.5","2562","2567","2547.5","2557.5"
"7949","20231013","2886","2905","2853","2863","2875.6335","16100","46297700","2886","2905","2871","2871","2889","2889","2853","2863"
"7951","20231013","4116","4142","4081","4098","4102.7064","606300","2487470900","4116","4142","4088","4090","4088","4099","4081","4098"
"7952","20231013","3985","4040","3920","3955","3972.1782","30300","120357000","3985","4040","3950","3970","3970","3990","3920","3955"
"7953","20231013","400","401","400","400","400.0588","3400","1360200","400","401","400","401","400","400","400","400"
"7955","20231013","701","703","695","698","699.037","43200","30198400","701","703","699","701","701","701","695","698"
"7956","20231013","1632","1632.5","1604","1613","1618.3557","918500","1486459700","1632","1632.5","1620.5","1621","1620.5","1620.5","1604","1613"
"7957","20231013","1610","1610","1602","1602","1607.3333","300","482200","1610","1610","1610","1610","1602","1602","1602","1602"
"7958","20231013","2455","2456","2429","2437","2441.6245","25300","61773100","2455","2456","2442","2442","2440","2446","2429","2437"
"7962","20231013","892","892","882","885","887.6771","19200","17043400","892","892","889","889","888","890","882","885"
"7963","20231013","1640","1640","1632","1633","1634.7778","900","1471300","1640","1640","1632","1634","1635","1636","1633","1633"
"7965","20231013","1575","1575","1531","1535","1550.9624","199700","309727200","1575","1575","1549","1550","1548","1549","1531","1535"
"7966","20231013","2484.5","2506","2468","2499.5","2495.7335","197400","492657800","2484.5","2506","2468","2494","2486.5","2506","2485","2499.5"
"7970","20231013","1350","1359","1340","1347","1349.7801","155100","209350900","1350","1359","1348","1356","1356","1356","1340","1347"
"7971","20231013","355","356","351","353","353.6314","181500","64184100","355","356","353","354","353","354","351","353"
"7972","20231013","1533","1540","1483","1493","1509.3872","211500","319235400","1533","1540","1503","1506","1508","1513","1483","1493"
"7974","20231013","6300","6300","6157","6196","6204.3481","4583000","28434527200","6300","6300","6157","6170","6185","6204","6178","6196"
"7975","20231013","1012","1043","986","1029","1015","2500","2537500","1012","1013","986","1013","1043","1043","1029","1029"
"7976","20231013","1871","1878","1831","1838","1851.849","66900","123888700","1871","1878","1857","1857","1855","1858","1831","1838"
"7979","20231013","2182","2182","2152","2161","2165.8036","16800","36385500","2182","2182","2166","2176","2153","2179","2152","2161"
"7980","20231013","776","777","770","772","773.8529","3400","2631100","776","776","771","773","777","777","770","772"
"7981","20231013","1827","1830","1785","1793","1804.9765","93800","169306800","1827","1830","1808","1810","1810","1810","1785","1793"
"7983","20231013","1740","1743","1728","1730","1737.5294","1700","2953800","1740","1743","1739","1740","1740","1743","1728","1730"
"7984","20231013","2375","2381","2336","2343.5","2355.8336","212200","499907900","2375","2381","2362.5","2365.5","2362","2364","2336","2343.5"
"7985","20231013","1465","1465","1455","1458","1457.6154","1300","1894900","1465","1465","1457","1457","1455","1458","1455","1458"
"7986","20231013","1673","1698","1559","1604","1615.1404","94000","151823200","1673","1698","1577","1590","1590","1612","1559","1604"
"7987","20231013","518","519","514","514","516.5518","44400","22934900","518","519","516","518","517","518","514","514"
"7988","20231013","3914","3980","3887","3934","3943.0208","326700","1288184900","3914","3980","3887","3953","3962","3967","3920","3934"
"7989","20231013","1397","1397","1360","1370","1374.4034","29000","39857700","1397","1397","1371","1371","1370","1374","1360","1370"
"7990","20231013","1950","1950","1914","1921","1923.6612","91200","175437900","1950","1950","1919","1922","1927","1927","1914","1921"
"7991","20231013","1757","1762","1685","1692","1708.3248","50500","86270400","1757","1762","1692","1701","1699","1711","1685","1692"
"7992","20231013","154","154","153","154","153.5472","5300","813800","154","154","154","154","154","154","153","154"
"7994","20231013","2198","2234","2170","2181","2192.6751","130800","286801900","2198","2234","2185","2203","2203","2205","2170","2181"
"7995","20231013","4125","4190","4115","4140","4149.2359","30100","124892000","4125","4190","4115","4180","4180","4180","4125","4140"
"7997","20231013","893","912","891","912","899","3100","2786900","893","901","891","892","893","912","893","912"
"7999","20231013","1980","1992","1970","1970","1976.375","5600","11067700","1980","1992","1972","1978","1978","1978","1970","1970"
"8001","20231013","5418","5449","5388","5431","5422.9037","2550100","13828946800","5418","5449","5388","5410","5400","5438","5400","5431"
"8002","20231013","2296.5","2315.5","2281","2292.5","2296.6916","5078100","11662829800","2296.5","2315.5","2281","2297","2293","2302","2287","2292.5"
"8005","20231013","1060","1062","1041","1045","1052.0981","145800","153395900","1060","1062","1052","1052","1052","1053","1041","1045"
"8006","20231013","3015","3015","3000","3015","3012","500","1506000","3015","3015","3015","3015","3000","3015","3000","3015"
"8007","20231013","917","917","901","905","906.5013","38900","35262900","917","917","905","907","907","909","901","905"
"8008","20231013","1850","1861","1836","1839","1846.9433","65200","120420700","1850","1861","1850","1855","1853","1854","1836","1839"
"8011","20231013","2608","2610","2516","2532","2556.1312","468900","1198569900","2608","2610","2547","2560","2558","2573","2516","2532"
"8012","20231013","2302","2317","2297","2305","2304.8232","144200","332355500","2302","2317","2297.5","2310","2305.5","2308.5","2297","2305"
"8013","20231013","277","277","270","275","274.0642","26500","7262700","277","277","275","275","275","275","270","275"
"8014","20231013","2945","2966","2922","2932","2937.6791","29600","86955300","2945","2966","2922","2945","2957","2957","2924","2932"
"8015","20231013","8408","8544","8373","8483","8450.9667","783500","6621332400","8408","8544","8373","8498","8463","8506","8453","8483"
"8016","20231013","473","481","469","470","474.6274","1252900","594660700","473","481","470","477","477","479","469","470"
"8018","20231013","810","819","800","802","809.3077","45500","36823500","810","819","806","811","810","810","800","802"
"8020","20231013","2020","2023","1996","2002","2008.4206","444400","892542100","2020","2023","2007","2007","2007","2009","1996","2002"
"8022","20231013","4620","4645","4500","4530","4562.7905","52500","239546500","4620","4645","4570","4570","4570","4570","4500","4530"
"8023","20231013","664","665","649","653","655.7244","22500","14753800","664","665","651","657","658","658","649","653"
"8025","20231013","1289","1289","1262","1270","1271.8571","2800","3561200","1289","1289","1264","1267","1272","1272","1262","1270"
"8029","20231013","1975","1976","1934","1941","1950.1854","56100","109405400","1975","1976","1946","1946","1946","1947","1934","1941"
"8030","20231013","3040","3040","3040","3040","3040","200","608000","-","-","-","-","3040","3040","3040","3040"
"8031","20231013","5361","5425","5340","5398","5384.3452","3009500","16204186900","5361","5425","5340","5372","5370","5399","5367","5398"
"8032","20231013","4730","4750","4685","4705","4711.1194","13400","63129000","4730","4750","4715","4715","4710","4715","4685","4705"
"8035","20231013","21100","21510","21045","21210","21264.6337","4514100","95990683000","21100","21510","21045","21420","21420","21425","21135","21210"
"8037","20231013","1440","1440","1395","1400","1414.3628","123500","174673800","1440","1440","1426","1433","1433","1433","1395","1400"
"8038","20231013","6430","6430","6430","6430","6430","100","643000","6430","6430","6430","6430","-","-","-","-"
"8039","20231013","3100","3105","3075","3080","3092.3333","1500","4638500","3100","3105","3075","3105","3105","3105","3080","3080"
"8040","20231013","908","908","891","891","897.625","3200","2872400","908","908","895","895","894","897","891","891"
"8041","20231013","2358","2360","2334","2334","2345.6623","15400","36123200","2358","2360","2345","2348","2348","2352","2334","2334"
"8043","20231013","2486","2488","2453","2467","2470.3567","15700","38784600","2486","2488","2467","2467","2471","2471","2453","2467"
"8045","20231013","812","812","812","812","812","100","81200","812","812","812","812","-","-","-","-"
"8046","20231013","2354","2370","2354","2354","2359.4615","2600","6134600","2354","2370","2354","2360","2369","2369","2354","2354"
"8050","20231013","2486","2488","2441","2451","2456.0857","164600","404271700","2486","2488","2454","2457","2455","2455","2441","2451"
"8051","20231013","1195","1205","1185","1187","1194.8599","177700","212326600","1195","1205","1195","1197","1196","1200","1185","1187"
"8052","20231013","4905","4905","4780","4810","4828.7143","10500","50701500","4905","4905","4820","4835","4870","4870","4780","4810"
"8053","20231013","3000","3025","2978.5","3005","3004.1099","3455700","10381302600","3000","3025","2978.5","2998","2993.5","3006","2988.5","3005"
"8056","20231013","3708","3711","3674","3681","3687.0543","232000","855396600","3708","3711","3674","3684","3700","3703","3674","3681"
"8057","20231013","7010","7040","6890","6930","6967.027","22200","154668000","7010","7040","6990","6990","6970","6990","6890","6930"
"8058","20231013","7182","7243","7140","7162","7172.3995","4077100","29242590100","7182","7243","7140","7148","7144","7181","7140","7162"
"8059","20231013","1853","1853","1827","1846","1846.3058","39900","73667600","1853","1853","1827","1846","1850","1852","1836","1846"
"8060","20231013","3860","3890","3809","3828","3841.3452","115000","441754700","3860","3890","3848","3851","3846","3860","3809","3828"
"8061","20231013","2204","2228","2181","2181","2199.3214","11200","24632400","2204","2228","2198","2202","2209","2209","2181","2181"
"8065","20231013","1457","1458","1433","1440","1447.7231","13000","18820400","1457","1458","1448","1453","1452","1452","1433","1440"
"8066","20231013","1367","1367","1336","1336","1349.9344","6100","8234600","1367","1367","1336","1336","1336","1339","1336","1336"
"8068","20231013","3360","3395","3335","3345","3364.2145","160400","539620000","3360","3395","3345","3380","3380","3380","3335","3345"
"8070","20231013","841","842","822","823","831.4482","32800","27271500","841","842","834","834","832","832","822","823"
"8072","20231013","2242","2242","2198","2198","2220","200","444000","2242","2242","2198","2198","-","-","-","-"
"8074","20231013","4075","4095","4025","4050","4059.6563","32000","129909000","4075","4095","4060","4060","4055","4065","4025","4050"
"8075","20231013","5520","5550","5470","5480","5505.4487","15600","85885000","5520","5550","5510","5520","5510","5520","5470","5480"
"8076","20231013","2100","2100","2037","2045","2063.35","8000","16506800","2100","2100","2069","2069","2074","2074","2037","2045"
"8077","20231013","301","306","289","289","294.0443","137600","40460500","301","306","292","294","294","294","289","289"
"8078","20231013","4440","4455","4385","4405","4419.1852","130100","574936000","4440","4455","4410","4415","4420","4425","4385","4405"
"8079","20231013","4605","4605","4545","4550","4574.8129","66800","305597500","4605","4605","4560","4560","4560","4570","4545","4550"
"8081","20231013","1335","1342","1320","1327","1328.5168","50700","67355800","1335","1342","1325","1326","1323","1329","1320","1327"
"8084","20231013","2370","2386","2352","2363","2366.0859","16300","38567200","2370","2386","2370","2379","2380","2380","2352","2363"
"8085","20231013","2441","2441","2420","2420","2427.6364","1100","2670400","2441","2441","2441","2441","2420","2420","2420","2420"
"8086","20231013","1056","1080","1054.5","1069.5","1070.2277","1186100","1269397050","1056","1079.5","1054.5","1075.5","1075","1080","1066","1069.5"
"8088","20231013","7417","7456","7340","7370","7391.7158","128100","946878800","7417","7456","7381","7381","7390","7400","7340","7370"
"8089","20231013","1452","1474","1423","1423","1452.4267","7500","10893200","1452","1474","1452","1467","1456","1456","1423","1423"
"8091","20231013","3925","3930","3860","3875","3895.1579","19000","74008000","3925","3930","3875","3880","3890","3890","3860","3875"
"8093","20231013","1834","1835","1805","1814","1818.5807","32200","58558300","1834","1835","1818","1819","1820","1821","1805","1814"
"8095","20231013","481","482","472","473","475.9424","125100","59540400","481","482","473","477","477","477","472","473"
"8097","20231013","1604","1624","1590","1595","1604.5031","144700","232171600","1604","1624","1597","1611","1611","1614","1590","1595"
"8098","20231013","3070","3090","3045","3055","3063.2728","79900","244755500","3070","3090","3060","3060","3070","3070","3045","3055"
"8101","20231013","2101","2114","2069","2072","2087.8789","38000","79339400","2101","2114","2092","2098","2094","2098","2069","2072"
"8103","20231013","646","648","642","645","644.7594","88100","56803300","646","648","644","646","643","645","642","645"
"8104","20231013","559","561","542","543","549.1127","28400","15594800","559","561","549","549","549","550","542","543"
"8105","20231013","50","51","50","51","50.3226","9300","468000","50","51","50","50","50","51","50","51"
"8107","20231013","19","20","19","19","19.0063","126300","2400500","19","20","19","19","19","20","19","19"
"8111","20231013","9998","10050","9672","9672","9817.8515","193300","1897790700","9998","10050","9895","9895","9890","9899","9672","9672"
"8113","20231013","5161","5169","5098","5128","5138.7591","1464900","7527768200","5161","5167","5098","5147","5143","5169","5128","5128"
"8114","20231013","4290","4345","4235","4240","4285.2093","279500","1197716000","4290","4325","4270","4315","4315","4345","4235","4240"
"8115","20231013","588","604","585","591","592.2203","5900","3494100","588","604","588","603","585","591","585","591"
"8117","20231013","3630","3630","3545","3545","3568.4946","9300","33187000","3630","3630","3600","3620","3620","3620","3545","3545"
"8118","20231013","651","660","641","652","650.7787","23500","15293300","651","660","643","656","651","660","641","652"
"8119","20231013","2210","2210","2205","2205","2209.2857","2800","6186000","2210","2210","2210","2210","2210","2210","2205","2205"
"8123","20231013","1079","1079","1060","1060","1068.2","500","534100","1079","1079","1061","1061","1060","1060","1060","1060"
"8125","20231013","1532","1564","1527","1537","1540.6253","120900","186261600","1532","1564","1527","1536","1533","1539","1527","1537"
"8127","20231013","309","309","293","295","300.468","264100","79353600","309","309","305","306","305","306","293","295"
"8129","20231013","3250","3288","3216","3246","3247.716","230300","747949000","3250","3288","3249","3255","3250","3257","3216","3246"
"8130","20231013","2866","2887","2817","2831","2843.4161","313400","891126600","2866","2887","2840","2840","2841","2850","2817","2831"
"8131","20231013","1313","1343","1299","1305","1314.4783","53100","69798800","1313","1343","1303","1317","1315","1315","1299","1305"
"8132","20231013","3765","3765","3660","3695","3699.6581","11700","43286000","3765","3765","3700","3700","3700","3705","3660","3695"
"8133","20231013","1470","1480","1461","1477","1473.6828","142200","209557700","1470","1474","1461","1468","1468","1480","1466","1477"
"8135","20231013","281","282","276","279","278.8077","13000","3624500","281","282","281","282","281","281","276","279"
"8136","20231013","7263","7344","7210","7234","7276.2422","554500","4034676300","7263","7344","7240","7281","7278","7302","7210","7234"
"8137","20231013","2177","2177","2124","2136","2148.9329","16400","35242500","2177","2177","2163","2164","2164","2165","2124","2136"
"8138","20231013","2978","2978","2978","2978","2978","200","595600","2978","2978","2978","2978","-","-","-","-"
"8139","20231013","1287","1339","1270","1285","1305.4898","157600","205745200","1287","1339","1270","1291","1291","1300","1270","1285"
"8140","20231013","4720","4780","4655","4690","4695.1845","103000","483604000","4720","4780","4695","4695","4690","4700","4655","4690"
"8141","20231013","1199","1221","1193","1199","1205.7088","64900","78250500","1199","1221","1197","1210","1210","1212","1193","1199"
"8142","20231013","3235","3260","3120","3145","3157.6316","62700","197983500","3235","3260","3140","3145","3140","3155","3120","3145"
"8143","20231013","299","310","299","310","303.7901","16200","4921400","299","308","299","303","303","310","301","310"
"8144","20231013","1232","1232","1221","1229","1227.3846","1300","1595600","1232","1232","1221","1221","1229","1229","1229","1229"
"8147","20231013","1090","1090","1081","1089","1085","1300","1410500","1090","1090","1081","1081","1090","1090","1085","1089"
"8150","20231013","2146","2146","2112","2118","2124.7368","11400","24222000","2146","2146","2127","2127","2127","2127","2112","2118"
"8151","20231013","1283","1290","1270","1275","1278.2773","35700","45634500","1283","1290","1279","1283","1280","1281","1270","1275"
"8152","20231013","2338","2338","2289","2318","2314.875","800","1851900","2338","2338","2338","2338","2290","2318","2289","2318"
"8153","20231013","3275","3275","3245","3260","3259.7092","70500","229809500","3275","3275","3245","3255","3245","3265","3245","3260"
"8154","20231013","6580","6650","6440","6450","6531.7064","109000","711956000","6580","6650","6550","6550","6550","6570","6440","6450"
"8155","20231013","2679","2712","2643","2643","2676.1533","148700","397944000","2679","2712","2661","2699","2693","2693","2643","2643"
"8157","20231013","2228","2250","2205","2213","2225.493","21300","47403000","2228","2250","2220","2236","2236","2245","2205","2213"
"8158","20231013","1038","1038","1000","1002","1008.5338","66500","67067500","1038","1038","1007","1008","1007","1012","1000","1002"
"8159","20231013","2751","2764","2716","2733","2741.3423","33300","91286700","2751","2764","2734","2745","2753","2758","2716","2733"
"8160","20231013","2539","2539","2513","2526","2526.2279","54400","137426800","2539","2539","2514","2516","2514","2529","2513","2526"
"8163","20231013","1022","1022","1007","1010","1011.9787","65600","66385800","1022","1022","1009","1009","1008","1012","1007","1010"
"8165","20231013","405","405","402","404","404.1998","95600","38641500","405","405","403","403","403","404","402","404"
"8166","20231013","83","85","82","82","83.2489","46200","3846100","83","85","83","83","83","83","82","82"
"8167","20231013","1726","1738","1686","1696","1708.3111","60100","102669500","1726","1738","1709","1709","1708","1720","1686","1696"
"8168","20231013","1297","1298","1297","1297","1297.0856","440300","571106800","1297","1298","1297","1297","1297","1298","1297","1297"
"8173","20231013","2325","2357","2321","2333","2340.2197","66000","154454500","2325","2351","2321","2348","2349","2357","2328","2333"
"8174","20231013","2253","2279.5","2244","2255","2255.6064","272000","613524950","2253","2279.5","2245.5","2253.5","2253.5","2261.5","2244","2255"
"8179","20231013","2532","2538","2492","2495","2516.564","243600","613035000","2532","2538","2507","2507","2507","2514","2492","2495"
"8181","20231013","854","854","832","832","844.4173","13900","11737400","854","854","842","844","842","851","832","832"
"8182","20231013","1586","1590","1583","1590","1586.7944","170700","270865800","1586","1588","1583","1588","1587","1590","1585","1590"
"8185","20231013","916","921","905","915","912.1466","98900","90211300","916","921","909","910","913","915","905","915"
"8194","20231013","3635","3650","3585","3610","3617.4768","161900","585669500","3635","3635","3585","3595","3585","3650","3585","3610"
"8198","20231013","2940","2950","2912","2935","2935.4098","6100","17906000","2940","2940","2912","2930","2930","2950","2928","2935"
"8200","20231013","2324","2324","2288","2300","2301.8163","88200","203020200","2324","2324","2294","2298","2297","2305","2288","2300"
"8202","20231013","247","248","244","245","245.5699","395500","97122900","247","248","244","246","246","246","244","245"
"8203","20231013","608","610","603","607","607.1756","61500","37341300","608","610","607","607","609","609","603","607"
"8207","20231013","300","300","294","294","296.6298","88600","26281400","300","300","296","296","296","297","294","294"
"8208","20231013","1000","1000","1000","1000","1000","200","200000","1000","1000","1000","1000","-","-","-","-"
"8209","20231013","478","482","478","482","480","500","240000","-","-","-","-","478","482","478","482"
"8214","20231013","986","987","970","970","979.8959","177700","174127500","986","987","978","981","980","981","970","970"
"8215","20231013","1055","1055","1055","1055","1055","100","105500","-","-","-","-","1055","1055","1055","1055"
"8217","20231013","839","839","825","827","831.8661","132200","109972700","839","839","832","834","832","833","825","827"
"8218","20231013","3085","3100","3025","3030","3052.8768","69000","210648500","3085","3100","3050","3050","3050","3055","3025","3030"
"8219","20231013","1566","1585","1545","1547","1556.3458","302800","471261500","1566","1585","1550","1555","1552","1563","1545","1547"
"8225","20231013","2017","2017","1983","1983","2007.2","500","1003600","2017","2017","2017","2017","2009","2010","1983","1983"
"8226","20231013","222","224","221","223","222.6556","36000","8015600","222","224","222","222","223","223","221","223"
"8227","20231013","15215","15225","14310","14365","14638.188","330300","4834993500","15215","15225","14885","14885","14860","14880","14310","14365"
"8230","20231013","331","332","326","327","329.5247","121400","40004300","331","332","328","330","330","330","326","327"
"8233","20231013","2068","2089.5","2053","2083","2076.7594","2082500","4324851550","2068","2083","2053","2080","2085","2089.5","2072.5","2083"
"8237","20231013","900","901","865","875","878.058","910100","799120600","900","901","865","871","871","877","865","875"
"8242","20231013","1688","1689","1657","1675","1671.1719","725400","1212268100","1688","1689","1657","1667","1667","1680","1666","1675"
"8244","20231013","2860","2871","2803","2810","2838.6943","42200","119792900","2860","2871","2835","2850","2849","2850","2803","2810"
"8247","20231013","471","471","452","461","460.6283","11300","5205100","471","471","452","463","462","462","456","461"
"8252","20231013","2408","2419","2370","2376.5","2393.1608","908500","2174186600","2408","2419","2401","2406.5","2400.5","2404.5","2370","2376.5"
"8253","20231013","2236","2288","2231","2257","2255.3765","881300","1987663300","2236","2288","2231","2271.5","2270","2273","2248.5","2257"
"8254","20231013","390","404","382","395","394.8671","41400","16347500","390","404","382","382","390","395","383","395"
"8255","20231013","3750","3755","3675","3690","3707.362","45300","167943500","3750","3755","3700","3700","3690","3705","3675","3690"
"8256","20231013","18","23","18","20","19.5824","3892700","76228600","18","23","18","19","19","20","18","20"
"8260","20231013","355","362","344","362","354.1925","391600","138701800","355","361","344","355","353","362","352","362"
"8267","20231013","3055","3059","3009","3026","3033.2761","2215900","6721436500","3055","3059","3021","3030","3026","3031","3009","3026"
"8273","20231013","3950","3950","3847","3853","3893.6673","199300","776007900","3950","3950","3895","3899","3891","3908","3847","3853"
"8275","20231013","1102","1105","1088","1092","1095.5956","13600","14900100","1102","1105","1094","1102","1102","1102","1088","1092"
"8276","20231013","2415","2438","2410","2415","2420.588","98300","237943800","2415","2438","2412","2412","2410","2431","2410","2415"
"8278","20231013","1791","1816","1781","1814","1803.694","119300","215180700","1791","1803","1781","1800","1800","1816","1800","1814"
"8279","20231013","7595","7595","7521","7532","7549.3966","41600","314054900","7595","7595","7521","7540","7538","7566","7527","7532"
"8281","20231013","980","980","964","967","970.9493","110400","107192800","980","980","970","971","971","971","964","967"
"8282","20231013","1383","1399.5","1381","1384","1386.7365","470700","652736850","1383","1399.5","1382.5","1385.5","1385","1389","1381","1384"
"8283","20231013","4501","4515","4458","4474","4481.6959","92400","414108700","4501","4515","4466","4480","4480","4492","4458","4474"
"8285","20231013","316","318","315","316","316.0769","35100","11094300","316","318","315","317","317","317","315","316"
"8289","20231013","510","510","506","506","507.652","29600","15026500","510","510","506","508","509","509","506","506"
"8291","20231013","466","468","461","464","464.2207","96500","44797300","466","468","464","464","462","466","461","464"
"8301","20231013","-","-","-","-","-","-","-","-","-","-","-","-","-","-","-"
"8304","20231013","2909","2914.5","2863.5","2879.5","2890.1992","1676500","4845418900","2909","2914.5","2894","2898","2898","2904","2863.5","2879.5"
"8306","20231013","1263","1266.5","1237","1237.5","1249.7729","52746600","65921272000","1263","1266.5","1242","1243","1243","1246.5","1237","1237.5"
"8308","20231013","832.7","834.4","815.5","815.5","822.2552","10353200","8512972170","832.7","834.4","820.9","820.9","820","822.1","815.5","815.5"
"8309","20231013","5732","5740","5631","5636","5673.4456","1038500","5891873300","5732","5740","5683","5683","5678","5688","5631","5636"
"8316","20231013","7415","7424","7291","7292","7351.76","5746000","42243212900","7415","7424","7305","7311","7311","7337","7291","7292"
"8331","20231013","1128.5","1136.5","1104","1106","1115.215","2061600","2299127250","1128.5","1136.5","1120.5","1120.5","1120","1123","1104","1106"
"8334","20231013","706","716.9","682.4","688.1","695.9672","1290400","898076040","706","716.9","682.4","702","700.7","703.2","685","688.1"
"8336","20231013","2762","2789","2707","2715","2734.5164","85600","234074600","2762","2789","2737","2741","2745","2746","2707","2715"
"8337","20231013","904","922","890","892","903.16","330700","298675000","904","922","904","906","905","908","890","892"
"8338","20231013","287","290","279","280","284.0182","671000","190576200","287","290","285","285","285","286","279","280"
"8341","20231013","3245","3275","3170","3180","3217.9551","249400","802558000","3245","3275","3220","3230","3235","3235","3170","3180"
"8343","20231013","2003","2031","1979","1987","1998.0449","62300","124478200","2003","2031","2002","2002","2002","2008","1979","1987"
"8344","20231013","1166","1173","1136","1139","1150.0653","61300","70499000","1166","1173","1155","1156","1156","1157","1136","1139"
"8345","20231013","2610","2629","2550","2557","2578.9514","39100","100837000","2610","2629","2591","2593","2589","2593","2550","2557"
"8346","20231013","285","288","279","280","282.925","980100","277294800","285","288","284","284","284","285","279","280"
"8349","20231013","1168","1172","1133","1136","1147.0447","31300","35902500","1168","1172","1150","1155","1143","1149","1133","1136"
"8354","20231013","3779","3827","3696","3708","3752.8983","842100","3160315700","3779","3827","3759","3759","3754","3763","3696","3708"
"8358","20231013","636","641","620","620","628.1878","1145200","719400700","636","641","632","632","631","632","620","620"
"8359","20231013","819.3","826.2","801.6","806.4","811.2913","2193700","1779729620","819.3","826.2","810","810","812","815.8","801.6","806.4"
"8360","20231013","1756","1791","1728","1732","1746.6573","103600","180953700","1756","1791","1756","1756","1750","1758","1728","1732"
"8361","20231013","2051","2074","2004","2014","2032.3439","110200","223964300","2051","2074","2042","2046","2041","2046","2004","2014"
"8362","20231013","1559","1575","1535","1543","1551.1257","34200","53048500","1559","1575","1556","1556","1560","1560","1535","1543"
"8364","20231013","1605","1630","1592","1598","1602.3333","18900","30284100","1605","1630","1605","1610","1605","1606","1592","1598"
"8365","20231013","1776","1777","1730","1748","1751.7907","8600","15065400","1776","1777","1755","1755","1751","1777","1730","1748"
"8366","20231013","3770","3825","3725","3730","3760.4633","119800","450503500","3770","3825","3770","3780","3775","3785","3725","3730"
"8367","20231013","2695","2739","2654","2663","2684.0097","93100","249881300","2695","2739","2691","2698","2695","2702","2654","2663"
"8368","20231013","550","556","534","536","545.318","648200","353475100","550","556","548","549","550","550","534","536"
"8370","20231013","1529","1553","1501","1507","1514.3358","123600","187171900","1529","1553","1529","1534","1526","1530","1501","1507"
"8377","20231013","1717","1741","1670.5","1676","1694.9803","451600","765453100","1717","1741","1702","1705","1701","1705","1670.5","1676"
"8381","20231013","990","1005","984","986","992.2394","356300","353534900","990","1005","989","996","995","999","984","986"
"8383","20231013","1330","1343","1319","1324","1327.891","21100","28018500","1330","1343","1330","1332","1333","1334","1319","1324"
"8386","20231013","2683","2726","2645","2655","2684.8898","108900","292384500","2683","2726","2679","2683","2678","2686","2645","2655"
"8387","20231013","1004","1014","985","988","996.0908","102400","101999700","1004","1014","998","998","997","1000","985","988"
"8388","20231013","2382","2390","2317","2330","2345.1906","57700","135317500","2382","2390","2360","2362","2347","2363","2317","2330"
"8392","20231013","2800","2800","2702","2711","2747.4278","37400","102753800","2800","2800","2751","2752","2750","2754","2702","2711"
"8393","20231013","2725","2748","2663","2671","2700.379","31400","84791900","2725","2748","2703","2703","2701","2706","2663","2671"
"8395","20231013","1995","2023","1966","1970","1985.1661","27700","54989100","1995","2023","1995","2000","1998","1998","1966","1970"
"8399","20231013","1200","1210","1169","1175","1191.4523","170900","203619200","1200","1210","1188","1188","1187","1189","1169","1175"
"8410","20231013","307","307","298.4","299.3","301.3014","5616200","1692169090","307","307","300.9","301","300.7","301.3","298.4","299.3"
"8411","20231013","2589.5","2597","2523","2526.5","2551.2729","9898400","25253519550","2589.5","2597","2531.5","2535","2533","2541.5","2523","2526.5"
"8416","20231013","1025","1036","1000","1004","1014.4162","18500","18766700","1025","1036","1016","1017","1013","1017","1000","1004"
"8418","20231013","1302","1320.5","1283","1288.5","1296.0591","585600","758972200","1302","1320.5","1301","1304","1301","1304.5","1283","1288.5"
"8421","20231013","273600","274400","273600","273800","273970.3704","27","7397200","273600","274400","273600","274400","273800","274400","273800","273800"
"8424","20231013","11960","12050","11830","11860","11920.8009","46200","550741000","11960","12050","11920","11950","11930","11990","11830","11860"
"8425","20231013","4840","4885","4830","4835","4846.9619","89200","432349000","4840","4885","4830","4845","4845","4855","4830","4835"
"8439","20231013","6032","6032","5899","5920","5955.6483","96100","572337800","6032","6032","5953","5953","5946","5956","5899","5920"
"8462","20231013","578","580","550","561","565.1923","31200","17634000","578","580","565","565","565","572","550","561"
"8473","20231013","3189","3210","3167","3178","3184.391","1132000","3604730600","3189","3210","3181","3190","3185","3189","3167","3178"
"8508","20231013","472","474","459","460","464.581","452300","210130000","472","474","467","468","468","468","459","460"
"8511","20231013","1502","1537","1485","1493","1503.3077","203100","305321800","1502","1537","1501","1504","1503","1508","1485","1493"
"8515","20231013","377","391","376","390","385.8615","3827900","1477039400","377","391","376","389","388","390","387","390"
"8518","20231013","252","256","248","248","251.1528","60200","15119400","252","256","252","253","252","253","248","248"
"8522","20231013","5190","5290","5140","5150","5186.5846","65000","337128000","5190","5290","5180","5190","5170","5220","5140","5150"
"8524","20231013","368","372","360","361","366.2239","1422600","520990100","368","372","366","366","367","367","360","361"
"8537","20231013","1382","1425","1382","1407","1402.4538","81100","113739000","1382","1425","1382","1401","1412","1413","1388","1407"
"8541","20231013","1022","1035","1005","1009","1014.7425","73800","74888000","1022","1035","1019","1020","1015","1021","1005","1009"
"8542","20231013","1174","1180","1151","1156","1160.6313","33900","39345400","1174","1180","1163","1164","1170","1170","1151","1156"
"8544","20231013","687","694","672","672","681.6431","455600","310556600","687","694","682","685","684","684","672","672"
"8550","20231013","344","350","333","335","340.5278","760300","258903300","344","350","343","344","343","343","333","335"
"8551","20231013","2285","2302","2230","2234","2251.7971","13800","31074800","2285","2302","2270","2270","2269","2274","2230","2234"
"8558","20231013","663","676","655","658","665.5073","172100","114533800","663","676","663","670","670","672","655","658"
"8562","20231013","249","255","246","249","249.6771","502400","125437800","249","255","248","248","248","249","246","249"
"8563","20231013","751","758","746","749","750.7398","66500","49924200","751","758","748","748","747","753","746","749"
"8566","20231013","4420","4445","4375","4390","4403.9416","41100","181002000","4420","4445","4410","4415","4415","4415","4375","4390"
"8570","20231013","1212","1219.5","1200","1202","1206.1718","2187800","2638862750","1212","1219.5","1203.5","1203.5","1204.5","1206.5","1200","1202"
"8572","20231013","353.5","357.2","353.3","354.8","354.6735","1004500","356269520","353.5","357.2","353.4","355.1","355.1","355.5","353.3","354.8"
"8584","20231013","5050","5090","5020","5040","5045.0943","111300","561519000","5050","5090","5040","5040","5040","5050","5020","5040"
"8585","20231013","1119","1120","1103","1106","1111.2218","303400","337144700","1119","1120","1112","1112","1111","1112","1103","1106"
"8591","20231013","2770","2772","2729","2740","2749.9452","3503700","9634982950","2770","2772","2742.5","2742.5","2740","2749.5","2729","2740"
"8593","20231013","999.9","1007","991.3","992","997.7558","4774400","4763685430","999.9","1007","995.2","1001","1000.5","1001.5","991.3","992"
"8595","20231013","1585","1595","1571","1583","1581.8961","488900","773389000","1585","1595","1577","1577","1578","1583","1571","1583"
"8596","20231013","1016","1016","973","974","987.8455","161800","159833400","1016","1016","982","989","988","988","973","974"
"8600","20231013","490","501","476","478","487.2532","872100","424933500","490","501","489","490","489","490","476","478"
"8601","20231013","893.7","900.6","877.1","879.4","887.3885","6625200","5879126220","893.7","900.6","885.5","885.5","883.7","890.4","877.1","879.4"
"8604","20231013","606.1","613.4","593.8","597.3","600.9928","13244300","7959728410","606.1","613.4","600","600","599","600.2","593.8","597.3"
"8609","20231013","729","735","718","720","727.132","1027800","747346300","729","735","725","728","726","729","718","720"
"8613","20231013","822","822","800","802","806.692","524600","423190600","822","822","803","805","803","805","800","802"
"8614","20231013","318","321","312","315","315.3384","203900","64297500","318","321","312","313","312","317","312","315"
"8616","20231013","496","504","495","495","498.6182","940300","468850700","496","504","496","498","498","500","495","495"
"8617","20231013","581","587","570","572","577.1067","22500","12984900","581","587","576","576","577","580","570","572"
"8622","20231013","457","463","454","457","458.5552","257400","118032100","457","463","454","457","455","460","454","457"
"8624","20231013","703","714","696","697","702.6574","115300","81016400","703","714","702","703","704","704","696","697"
"8628","20231013","770","772","762","762","766.4765","1513600","1160138800","770","772","765","767","767","767","762","762"
"8630","20231013","6392","6409","6314","6365","6356.2681","1540000","9788652900","6392","6409","6329","6340","6335","6367","6314","6365"
"8697","20231013","2975","3004","2941","2952","2968.0151","2091000","6206119650","2975","3004","2967","2969.5","2965","2977.5","2941","2952"
"8698","20231013","636","636","617","626","625.275","7068500","4419756100","636","636","617","620","620","627","619","626"
"8699","20231013","1020","1029","1003","1005","1013.2779","33100","33539500","1020","1029","1016","1017","1016","1017","1003","1005"
"8700","20231013","1421","1425","1410","1420","1417.7692","2600","3686200","1421","1425","1410","1418","1420","1420","1420","1420"
"8704","20231013","654","655","641","642","646.7931","223800","144752300","654","655","647","650","649","650","641","642"
"8705","20231013","155","155","152","152","154.2683","28700","4427500","155","155","154","155","155","155","152","152"
"8706","20231013","966","979","952","956","961.6409","103600","99626000","966","979","963","964","960","965","952","956"
"8707","20231013","1710","1737","1702","1707","1712.8537","62900","107738500","1710","1737","1710","1715","1711","1717","1702","1707"
"8708","20231013","1078","1094","1068","1081","1078.6761","35500","38293000","1078","1094","1070","1070","1070","1081","1068","1081"
"8713","20231013","1620","1632","1578","1583","1602.1759","54000","86517500","1620","1632","1604","1605","1600","1606","1578","1583"
"8714","20231013","331","335","327","327","330.7235","2646700","875326000","331","335","330","330","331","331","327","327"
"8715","20231013","564","564","538","540","546.245","497600","271811500","564","564","540","541","541","542","538","540"
"8725","20231013","5696","5699","5516","5534","5573.166","2210600","12320040700","5696","5699","5550","5550","5545","5553","5516","5534"
"8732","20231013","297","300","291","293","294.7031","87900","25904400","297","300","296","296","296","296","291","293"
"8737","20231013","431","431","421","421","424.9307","137100","58258000","431","431","424","425","428","428","421","421"
"8739","20231013","1494","1503","1472","1478","1484.1667","43800","65006500","1494","1503","1483","1483","1477","1482","1472","1478"
"8742","20231013","236","236","233","234","235.9736","379200","89481200","236","236","234","235","234","235","233","234"
"8746","20231013","81","82","79","81","80.4833","229900","18503100","81","82","81","81","82","82","79","81"
"8747","20231013","1050","1050","1022","1022","1029.1304","2300","2367000","1050","1050","1025","1025","1025","1030","1022","1022"
"8750","20231013","3215","3238","3150","3158","3173.9996","2709100","8598682400","3215","3238","3151","3151","3154","3170","3150","3158"
"8766","20231013","3493","3494","3411","3426","3448.7491","3642900","12563448200","3493","3494","3430","3430","3425","3434","3411","3426"
"8769","20231013","439","443","431","434","435.6143","35000","15246500","439","443","435","437","437","437","431","434"
"8771","20231013","1889","1891","1827","1828","1846.9042","123200","227538600","1889","1891","1858","1858","1858","1858","1827","1828"
"8772","20231013","669","669","655","655","661.0201","14900","9849200","669","669","660","661","661","661","655","655"
"8783","20231013","48","51","45","47","47.4649","699500","33201700","48","51","47","48","47","48","45","47"
"8789","20231013","62","62","61","62","61.9374","448900","27803700","62","62","61","62","62","62","61","62"
"8793","20231013","3160","3160","3100","3105","3128.0442","29400","91964500","3160","3160","3120","3130","3140","3140","3100","3105"
"8795","20231013","2620","2623.5","2560","2561","2580.8787","2008000","5182404450","2620","2623.5","2571.5","2571.5","2571.5","2581.5","2560","2561"
"8798","20231013","1017","1019","1008","1012","1012.2833","36000","36442200","1017","1019","1011","1012","1012","1014","1008","1012"
"8801","20231013","3372","3392","3321","3337","3349.5957","3451400","11560794600","3372","3392","3343","3343","3333","3349","3321","3337"
"8802","20231013","2030","2031.5","1988","1992","2005.4839","5390000","10809558050","2030","2031.5","1999","1999","1994.5","2001.5","1988","1992"
"8803","20231013","4005","4040","3965","4000","3999.0954","71300","285135500","4005","4040","3980","3985","3985","4005","3965","4000"
"8804","20231013","2084.5","2088","2053.5","2067","2068.5833","793100","1640593400","2084.5","2088","2058.5","2058.5","2057","2069.5","2053.5","2067"
"8818","20231013","1353","1368","1348","1352","1356.5221","108800","147589600","1353","1368","1353","1358","1353","1356","1348","1352"
"8830","20231013","3764","3792","3722","3751","3754.533","1403400","5269111600","3764","3792","3742","3758","3752","3765","3722","3751"
"8835","20231013","784","784","772","777","777.8415","28400","22090700","784","784","777","778","781","781","772","777"
"8836","20231013","20","20","19","20","19.0298","30200","574700","20","20","19","20","19","20","19","20"
"8841","20231013","639","639","625","631","632.6331","120200","76042500","639","639","631","633","632","632","625","631"
"8842","20231013","4160","4170","4130","4165","4156.9643","2800","11639500","4160","4160","4130","4145","4170","4170","4145","4165"
"8844","20231013","701","701","686","686","691.3773","43200","29867500","701","701","689","689","689","692","686","686"
"8848","20231013","339","343","329","333","334.8431","3464900","1160197700","339","343","334","335","334","334","329","333"
"8850","20231013","2941","2941","2859","2866","2890.8246","63300","182989200","2941","2941","2884","2884","2880","2884","2859","2866"
"8854","20231013","1392","1392","1392","1392","1392","100","139200","1392","1392","1392","1392","-","-","-","-"
"8860","20231013","702","702","691","694","696.4318","52800","36771600","702","702","695","695","697","697","691","694"
"8864","20231013","564","564","553","555","557.1602","67400","37552600","564","564","556","556","556","557","553","555"
"8869","20231013","1172","1179","1155","1161","1163.5084","94800","110300600","1172","1179","1156","1158","1160","1164","1155","1161"
"8871","20231013","2272","2298","2269","2288","2285.5121","94900","216895100","2272","2298","2269","2287","2287","2290","2273","2288"
"8876","20231013","1547","1547","1500","1519","1513.8781","593000","897729700","1547","1547","1505","1505","1506.5","1520","1500","1519"
"8877","20231013","3105","3110","3050","3065","3076.4592","23300","71681500","3105","3110","3085","3085","3085","3085","3050","3065"
"8881","20231013","535","539","528","530","534.307","64500","34462800","535","539","535","536","535","536","528","530"
"8886","20231013","1681","1681","1681","1681","1681","200","336200","1681","1681","1681","1681","-","-","-","-"
"8887","20231013","780","795","777","793","790.1855","74400","58789800","780","794","777","793","793","795","789","793"
"8889","20231013","455","455","453","454","453.8333","2400","1089200","455","455","453","454","453","454","453","454"
"8890","20231013","3235","3235","3140","3155","3177.6338","59800","190022500","3235","3235","3170","3170","3175","3175","3140","3155"
"8891","20231013","1907","1922","1872","1872","1895.2353","1700","3221900","1907","1922","1907","1922","1905","1905","1872","1872"
"8892","20231013","906","909","894","897","899.5196","338900","304847200","906","909","901","901","903","903","894","897"
"8893","20231013","609","610","600","602","604.0233","51500","31107200","609","610","602","602","604","605","600","602"
"8894","20231013","17","18","17","18","17.7621","813300","14445900","17","18","17","18","17","18","17","18"
"8897","20231013","475","478","470","472","473.5203","334600","158439900","475","478","473","474","473","475","470","472"
"8898","20231013","1053","1068","1049","1068","1053.2174","2300","2422400","1053","1054","1050","1050","1050","1068","1049","1068"
"8903","20231013","835","835","822","822","829.9474","3800","3153800","835","835","826","831","826","831","822","822"
"8904","20231013","835","835","818","822","824.6052","84100","69349300","835","835","824","824","821","824","818","822"
"8905","20231013","1752","1759","1745.5","1753.5","1751.9522","574100","1005795750","1752","1759","1749","1752.5","1751","1754.5","1745.5","1753.5"
"8908","20231013","755","755","747","748","750.6848","18400","13812600","755","755","747","750","754","754","748","748"
"8912","20231013","120","120","117","118","118.463","77100","9133500","120","120","117","118","118","119","117","118"
"8914","20231013","2867","2876","2852","2858","2863.1607","22400","64134800","2867","2876","2852","2864","2865","2870","2855","2858"
"8917","20231013","1200","1206","1184","1189","1192.6984","73600","87782600","1200","1206","1191","1191","1190","1190","1184","1189"
"8918","20231013","9","9","8","8","8.4832","25727400","218251300","9","9","8","8","8","9","8","8"
"8919","20231013","2151","2172","2110","2127","2132.9641","244900","522362900","2151","2172","2138","2140","2133","2138","2110","2127"
"8920","20231013","1055","1056","1013","1015","1029.3025","243000","250120500","1055","1056","1025","1027","1025","1025","1013","1015"
"8923","20231013","1854","1873","1818","1825","1840.0966","151100","278038600","1854","1873","1847","1851","1848","1852","1818","1825"
"8925","20231013","403","408","390","391","398.2617","231200","92078100","403","408","396","403","402","405","390","391"
"8927","20231013","228","230","225","225","227.1988","65900","14972400","228","230","227","227","227","228","225","225"
"8928","20231013","1993","2001","1983","1983","1989.5154","13000","25863700","1993","2001","1985","1992","1987","1993","1983","1983"
"8929","20231013","1090","1091","1075","1078","1082.2395","50100","54220200","1090","1091","1077","1087","1090","1090","1075","1078"
"8931","20231013","1150","1154","1130","1132","1137.7377","30500","34701000","1150","1154","1136","1136","1135","1144","1130","1132"
"8934","20231013","1497","1506","1472","1476","1485.5943","105000","155987400","1497","1506","1489","1489","1487","1489","1472","1476"
"8935","20231013","1060","1062","1044","1047","1050.6223","32300","33935100","1060","1062","1051","1053","1050","1052","1044","1047"
"8938","20231013","1242","1250","1199","1200","1216.8888","84500","102827100","1242","1250","1221","1232","1232","1233","1199","1200"
"8940","20231013","511","515","510","511","512.3261","9200","4713400","511","515","511","513","515","515","510","511"
"8944","20231013","309","309","299","301","305.8303","16500","5046200","309","309","307","308","308","309","299","301"
"8945","20231013","960","966","960","963","961.5323","6200","5961500","960","963","960","962","962","966","960","963"
"8946","20231013","91","91","89","89","90.1381","50700","4570000","91","91","89","90","89","90","89","89"
"8995","20231013","776","777","776","777","776.1667","600","465700","776","776","776","776","777","777","777","777"
"8996","20231013","833","845","833","837","838.5714","2100","1761000","833","833","833","833","837","845","837","837"
"8999","20231013","633","639","623","623","630.2392","64800","40839500","633","639","629","631","630","631","623","623"
"9001","20231013","3654","3655","3608","3613","3627.0869","410700","1489644600","3654","3655","3618","3625","3620","3639","3608","3613"
"9003","20231013","2751.5","2785","2745","2763","2761.262","124600","344053250","2751.5","2785","2750","2767","2764","2768","2745","2763"
"9005","20231013","1657.5","1668.5","1652","1654.5","1657.3291","1241300","2057242650","1657.5","1668.5","1655.5","1657","1655","1666.5","1652","1654.5"
"9006","20231013","1235","1248","1234","1247.5","1242.1478","506600","629272100","1235","1245","1234","1241","1238.5","1248","1237.5","1247.5"
"9007","20231013","2151","2176.5","2138","2141","2151.0477","924900","1989504050","2151","2176.5","2144","2162.5","2159","2163","2138","2141"
"9008","20231013","4834","4860","4770","4773","4803.7844","420600","2020471700","4834","4860","4816","4829","4820","4831","4770","4773"
"9009","20231013","5221","5355","5221","5289","5285.5896","613500","3242709200","5221","5355","5221","5317","5314","5326","5267","5289"
"9010","20231013","4455","4490","4425","4450","4449.4945","82100","365303500","4455","4490","4440","4455","4440","4470","4425","4450"
"9012","20231013","2123","2123","2085","2122","2097.7917","2400","5034700","2123","2123","2090","2090","2090","2123","2085","2122"
"9017","20231013","2031","2031","2031","2031","2031","1300","2640300","-","-","-","-","2031","2031","2031","2031"
"9020","20231013","7922","7986","7873","7892","7920.7287","1300200","10298531400","7922","7986","7913","7940","7940","7940","7873","7892"
"9021","20231013","5680","5686","5605","5632","5640.5643","1747500","9856886100","5680","5686","5632","5638","5635","5649","5605","5632"
"9022","20231013","3356","3368","3328","3328","3342.8799","2992800","10004571000","3356","3368","3341","3346","3342","3352","3328","3328"
"9024","20231013","1396.5","1406","1396","1397.5","1398.7421","893200","1249356450","1396.5","1406","1396","1399.5","1399","1404.5","1396","1397.5"
"9025","20231013","1928","1940","1895","1901","1915.6516","79800","152869000","1928","1940","1915","1920","1911","1920","1895","1901"
"9028","20231013","1403","1403","1375","1375","1385.6667","1200","1662800","1403","1403","1388","1388","1399","1399","1375","1375"
"9029","20231013","979","986","978","979","981.1818","2200","2158600","979","979","978","978","983","986","978","979"
"9031","20231013","2421.5","2428.5","2407","2417.5","2416.8596","111100","268513100","2421.5","2427","2407","2407","2408","2428.5","2408","2417.5"
"9033","20231013","799","801","798","800","798.9167","2400","1917400","799","801","799","799","798","800","798","800"
"9034","20231013","1613","1622","1613","1620","1616.3","1000","1616300","1613","1622","1613","1622","1620","1620","1615","1620"
"9036","20231013","918","918","913","915","915.2632","1900","1739000","918","918","917","918","915","916","913","915"
"9037","20231013","3900","3915","3845","3870","3875.24","25000","96881000","3900","3915","3880","3880","3890","3890","3845","3870"
"9039","20231013","2516","2538","2501","2512","2521.7285","60400","152312400","2516","2538","2516","2537","2537","2538","2501","2512"
"9041","20231013","4150","4177","4145","4167","4160.2949","367300","1528076300","4150","4175","4145","4165","4158","4177","4146","4167"
"9042","20231013","4696","4697","4644","4673","4672.7852","606700","2834978800","4696","4697","4656","4662","4655","4687","4644","4673"
"9044","20231013","2826.5","2834","2811","2827","2823.1612","186400","526237250","2826.5","2834","2815","2824","2827","2831.5","2811","2827"
"9045","20231013","3630","3632","3595","3614","3613.2352","247000","892469100","3630","3632","3601","3608","3606","3624","3595","3614"
"9046","20231013","2843","2849","2810","2841","2834.3602","18600","52719100","2843","2843","2816","2816","2816","2849","2810","2841"
"9048","20231013","2100","2123.5","2094.5","2114.5","2109.4902","548600","1157266350","2100","2123.5","2094.5","2117","2117","2121.5","2102","2114.5"
"9049","20231013","4580","4580","4580","4580","4580","100","458000","4580","4580","4580","4580","-","-","-","-"
"9051","20231013","800","800","800","800","800","500","400000","800","800","800","800","-","-","-","-"
"9052","20231013","2092","2101","2075","2081","2086.2703","18500","38596000","2092","2101","2086","2094","2091","2094","2075","2081"
"9055","20231013","1616","1647","1616","1622","1626.7257","22600","36764000","1616","1647","1616","1631","1617","1631","1617","1622"
"9057","20231013","2407","2407","2392","2392","2400.4","2500","6001000","2407","2407","2398","2398","2401","2401","2392","2392"
"9058","20231013","7220","7230","7070","7120","7140.0962","10400","74257000","7220","7230","7170","7170","7120","7140","7070","7120"
"9059","20231013","733","733","725","732","729.5","1200","875400","733","733","727","727","726","732","725","732"
"9060","20231013","3475","3475","3460","3460","3470","300","1041000","-","-","-","-","3475","3475","3460","3460"
"9063","20231013","2960","2960","2929","2929","2944.5","200","588900","-","-","-","-","2960","2960","2929","2929"
"9064","20231013","2408","2422","2389","2397","2402.1857","952000","2286880750","2408","2422","2396.5","2396.5","2394","2399","2389","2397"
"9065","20231013","5188","5272","5178","5189","5209.4303","129200","673058400","5188","5272","5187","5236","5216","5232","5178","5189"
"9066","20231013","2575","2595","2558","2569","2576.0741","27000","69554000","2575","2595","2558","2581","2580","2581","2563","2569"
"9067","20231013","244","245","243","244","243.9668","21100","5147700","244","244","243","244","243","245","243","244"
"9068","20231013","3805","3810","3740","3755","3771.8","25000","94295000","3805","3810","3770","3770","3770","3780","3740","3755"
"9069","20231013","1052","1054","1040","1044","1046.7438","338000","353799400","1052","1054","1045","1045","1043","1048","1040","1044"
"9070","20231013","4425","4485","4425","4435","4449.0179","5600","24914500","4425","4485","4425","4465","4450","4455","4430","4435"
"9072","20231013","3236","3247","3206","3208","3224.2236","123000","396579500","3236","3247","3221","3239","3231","3236","3206","3208"
"9073","20231013","579","580","573","576","577.9063","3200","1849300","579","579","578","579","580","580","573","576"
"9074","20231013","2701","2744","2668","2687","2706.0169","5900","15965500","2701","2744","2701","2731","2731","2731","2668","2687"
"9075","20231013","3910","3950","3855","3860","3898.5923","95900","373875000","3910","3950","3900","3925","3915","3925","3855","3860"
"9076","20231013","2136.5","2144.5","2105.5","2111.5","2120.5457","744100","1577898050","2136.5","2144.5","2124","2127","2123","2128.5","2105.5","2111.5"
"9078","20231013","878","878","840","850","859.7761","6700","5760500","878","878","874","874","866","866","840","850"
"9081","20231013","3115","3120","3085","3090","3096.5347","10100","31275000","3115","3120","3100","3100","3095","3100","3085","3090"
"9082","20231013","803","804","801","801","803","700","562100","803","803","803","803","803","804","801","801"
"9083","20231013","3370","3370","3370","3370","3370","300","1011000","-","-","-","-","3370","3370","3370","3370"
"9087","20231013","2550","2550","2550","2550","2550","100","255000","-","-","-","-","2550","2550","2550","2550"
"9090","20231013","2054","2055","2024","2036","2037.4452","75700","154234600","2054","2055","2030","2042","2033","2041","2024","2036"
"9099","20231013","1300","1302","1286","1296","1294.4101","13900","17992300","1300","1302","1290","1302","1300","1300","1286","1296"
"9101","20231013","3955","4028","3934","3964","3971.5821","5824000","23130494200","3955","4028","3934","3948","3939","3964","3934","3964"
"9104","20231013","4142","4200","4110","4138","4148.2954","4639400","19245601500","4142","4200","4110","4140","4135","4146","4117","4138"
"9107","20231013","5435","5536","5368","5444","5461.5778","9869200","53901403600","5435","5536","5368","5428","5416","5462","5412","5444"
"9110","20231013","4145","4215","4120","4165","4165.6855","134200","559035000","4145","4215","4120","4170","4160","4175","4125","4165"
"9115","20231013","755","774","751","757","761.7802","167400","127522000","755","774","751","760","759","760","752","757"
"9119","20231013","1060","1074","1043","1052","1056.6961","273800","289323400","1060","1074","1055","1056","1054","1057","1043","1052"
"9127","20231013","1862","1890","1809","1848","1852.0581","17200","31855400","1862","1890","1836","1846","1866","1866","1809","1848"
"9130","20231013","853","853","837","848","844.0927","15100","12745800","853","853","843","843","843","848","837","848"
"9142","20231013","3066","3093","3060","3071","3072.8903","510700","1569325100","3066","3093","3061","3082","3070","3079","3060","3071"
"9143","20231013","1909.5","1914.5","1871.5","1880","1885.4756","985800","1858701800","1909.5","1914.5","1881","1881","1880","1883.5","1871.5","1880"
"9145","20231013","2792","2879","2712","2789","2807.4968","15500","43516200","2792","2823","2712","2823","2822","2879","2751","2789"
"9147","20231013","7765","7800","7685","7719","7737.6056","322300","2493830300","7765","7800","7735","7735","7722","7742","7685","7719"
"9158","20231013","2440","2444","2337","2363","2368.1424","92700","219526800","2440","2444","2345","2357","2372","2379","2337","2363"
"9159","20231013","2550","2550","2370","2382","2435.3125","73600","179239000","2550","2550","2442","2500","2500","2500","2370","2382"
"9160","20231013","348","350","334","335","340.4852","151700","51651600","348","350","339","341","341","342","334","335"
"9161","20231013","3425","3450","3385","3385","3410.9735","11300","38544000","3425","3450","3425","3425","3420","3420","3385","3385"
"9162","20231013","633","635","606","607","614.0143","104900","64410100","633","635","612","614","615","615","606","607"
"9163","20231013","2530","2545","2410","2425","2450.1145","142400","348896300","2530","2545","2471","2480","2473","2473","2410","2425"
"9164","20231013","774","775","721","731","734.1112","758000","556456300","774","775","721","721","724","739","723","731"
"9165","20231013","1898","1899","1811","1811","1852.3131","77300","143183800","1898","1899","1853","1860","1864","1864","1811","1811"
"9166","20231013","2164","2169","2067","2168","2122.1693","378100","802392200","2164","2169","2067","2093","2103","2168","2096","2168"
"9168","20231013","906","933","886","893","908.3005","254600","231253300","906","933","894","905","902","905","886","893"
"9171","20231013","817","845","810","814","825.1146","72400","59738300","817","843","810","832","833","845","811","814"
"9173","20231013","2503","2503","2489","2489","2496","400","998400","2503","2503","2503","2503","2489","2489","2489","2489"
"9193","20231013","609","610","604","605","606.3684","1900","1152100","609","610","605","605","606","606","604","605"
"9201","20231013","2796","2814","2778","2778","2790.23","3034400","8466674000","2796","2814","2791","2792","2790","2796.5","2778","2778"
"9202","20231013","3026","3044","3011","3011","3021.7127","2054200","6207202200","3026","3044","3022","3030","3028","3030","3011","3011"
"9204","20231013","1009","1011","968","968","985.4971","1429000","1408275300","1009","1011","990","990","990","991","968","968"
"9206","20231013","2714","2720","2671","2674","2694.3667","3000","8083100","2714","2720","2700","2700","2700","2700","2671","2674"
"9211","20231013","1192","1192","1097","1107","1131.8464","28000","31691700","1192","1192","1152","1159","1165","1165","1097","1107"
"9212","20231013","718","722","698","703","704.6254","65400","46082500","718","722","698","701","704","706","700","703"
"9213","20231013","1075","1120","1065","1071","1078.1339","12700","13692300","1075","1075","1065","1065","1065","1120","1065","1071"
"9214","20231013","2458","2458","2326","2326","2390.4231","7800","18645300","2458","2458","2373","2376","2392","2396","2326","2326"
"9215","20231013","902","911","879","911","895.1724","5800","5192000","902","902","879","881","885","911","880","911"
"9216","20231013","2228","2278","2070","2146","2144.7805","154900","332226500","2228","2278","2070","2106","2155","2165","2106","2146"
"9218","20231013","838","847","821","833","833.2986","34500","28748800","838","847","821","836","830","838","821","833"
"9219","20231013","1505","1529","1336","1378","1399.5264","187500","262411200","1505","1529","1426","1428","1428","1428","1336","1378"
"9220","20231013","1063","1065","1051","1053","1055.8214","2800","2956300","1063","1065","1060","1060","1058","1058","1051","1053"
"9221","20231013","733","733","707","721","722.3942","20800","15025800","733","733","707","722","722","725","719","721"
"9225","20231013","2337","2462","2337","2342","2390.6875","3200","7650200","2337","2462","2337","2432","2430","2430","2342","2342"
"9227","20231013","1528","1532","1490","1496","1504.7284","184100","277020500","1528","1532","1501","1505","1505","1507","1490","1496"
"9229","20231013","2907","2922","2770","2782","2832.5685","1187200","3362825300","2907","2922","2819","2820","2828","2828","2770","2782"
"9232","20231013","1619","1619","1592","1593","1599.7555","22900","36634400","1619","1619","1602","1602","1600","1603","1592","1593"
"9233","20231013","891","891","882","883","886.0088","11300","10011900","891","891","885","887","885","885","882","883"
"9240","20231013","465","470","465","470","467.5714","700","327300","465","465","465","465","466","470","466","470"
"9241","20231013","1467","1498","1416","1421","1446.7237","7600","10995100","1467","1467","1416","1421","1451","1498","1421","1421"
"9242","20231013","1647","1652","1623","1630","1637.25","1200","1964700","1647","1652","1623","1652","1645","1648","1630","1630"
"9244","20231013","919","923","917","917","917.625","2400","2202300","919","923","917","923","917","919","917","917"
"9245","20231013","1051","1060","1035","1057","1048.1875","1600","1677100","1051","1060","1045","1045","1036","1057","1035","1057"
"9246","20231013","2973","2988","2839","2853","2886.5925","53000","152989400","2973","2988","2862","2876","2876","2890","2839","2853"
"9247","20231013","1178","1178","1147","1152","1159.6112","119600","138689500","1178","1178","1162","1169","1163","1164","1147","1152"
"9248","20231013","1598","1598","1547","1558","1562.1234","39700","62016300","1598","1598","1556","1558","1553","1564","1547","1558"
"9249","20231013","1721","1726","1716","1718","1720.2727","1100","1892300","1721","1726","1716","1716","1718","1724","1717","1718"
"9250","20231013","2629","2645","2445","2445","2540.0118","8500","21590100","2629","2645","2550","2581","2581","2588","2445","2445"
"9251","20231013","1143","1143","1118","1129","1127.3443","69700","78575900","1143","1143","1118","1125","1126","1132","1124","1129"
"9252","20231013","3425","3425","3250","3365","3356.0301","109700","368156500","3425","3425","3250","3320","3320","3410","3320","3365"
"9253","20231013","683","683","670","675","676.3182","2200","1487900","683","683","674","677","674","679","670","675"
"9254","20231013","1550","1565","1481","1496","1509.8488","17200","25969400","1550","1565","1507","1508","1510","1510","1481","1496"
"9256","20231013","981","994","981","994","987.5","200","197500","-","-","-","-","981","994","981","994"
"9257","20231013","710","710","710","710","710","700","497000","710","710","710","710","710","710","710","710"
"9258","20231013","370","373","361","367","368.7282","37900","13974800","370","373","361","370","369","371","367","367"
"9259","20231013","1200","1212","1185","1190","1200.084","11900","14281000","1200","1212","1185","1200","1200","1200","1189","1190"
"9260","20231013","4880","4945","4800","4805","4844.7576","16500","79938500","4880","4945","4845","4845","4850","4855","4800","4805"
"9262","20231013","1030","1032","1007","1018","1015.5996","92900","94349200","1030","1032","1012","1014","1014","1018","1007","1018"
"9263","20231013","199","200","199","199","199.0598","1223200","243489900","199","200","199","199","199","200","199","199"
"9264","20231013","964","987","947","986","969.2958","90600","87818200","964","968","947","951","951","987","951","986"
"9265","20231013","1994","1994","1966","1966","1985.3529","3400","6750200","1994","1994","1994","1994","1994","1994","1966","1966"
"9267","20231013","5480","5480","5260","5270","5337.993","28400","151599000","5480","5480","5330","5340","5340","5340","5260","5270"
"9268","20231013","1785","1825","1717","1725","1771.6349","225700","399858000","1785","1825","1754","1763","1761","1764","1717","1725"
"9270","20231013","2781","2811","2590","2604","2650.181","216000","572439100","2781","2811","2590","2631","2681","2681","2592","2604"
"9271","20231013","423","427","408","410","413.6617","13300","5501700","423","427","409","414","413","413","408","410"
"9272","20231013","2123","2123","2064","2077","2088.0315","22200","46354300","2123","2123","2084","2103","2093","2093","2064","2077"
"9273","20231013","718","723","708","711","713.119","46200","32946100","718","723","715","716","717","717","708","711"
"9274","20231013","674","674","657","659","663.2914","229200","152026400","674","674","663","663","663","663","657","659"
"9275","20231013","1133","1172","1115","1115","1136.9099","35500","40360300","1133","1172","1129","1131","1132","1132","1115","1115"
"9278","20231013","1100","1100","1048","1052","1071.236","1248300","1337223900","1100","1100","1067","1076","1076","1076","1048","1052"
"9279","20231013","2090","2090","2009","2012","2031.8042","134800","273887200","2090","2090","2016","2017","2018","2030","2009","2012"
"9301","20231013","3955","3980","3931","3945","3952.8853","283300","1119852400","3955","3980","3935","3956","3954","3965","3931","3945"
"9302","20231013","4150","4165","4095","4110","4119.4129","79200","326257500","4150","4165","4115","4115","4105","4115","4095","4110"
"9303","20231013","2426","2435","2409","2414","2420.8443","137400","332624000","2426","2435","2413","2425","2420","2425","2409","2414"
"9304","20231013","2975","2989","2912","2930","2939.8061","16500","48506800","2975","2989","2947","2947","2946","2946","2912","2930"
"9305","20231013","2061","2062","2028","2035","2046.0902","12200","24962300","2061","2062","2043","2048","2045","2048","2028","2035"
"9306","20231013","1428","1500","1419","1424","1454.4192","58200","84647200","1428","1500","1419","1442","1437","1454","1420","1424"
"9307","20231013","581","583","563","563","568.229","72500","41196600","581","583","567","569","563","568","563","563"
"9308","20231013","1221","1229","1203","1203","1211.3855","85600","103694600","1221","1229","1207","1207","1208","1210","1203","1203"
"9310","20231013","668","674","657","661","665.6634","51400","34215100","668","674","666","669","666","667","657","661"
"9311","20231013","-","-","-","-","-","-","-","-","-","-","-","-","-","-","-"
"9312","20231013","1921","1921","1860","1865","1879.8699","12300","23122400","1921","1921","1880","1885","1884","1904","1860","1865"
"9313","20231013","694","696","694","696","694.3333","1200","833200","-","-","-","-","694","696","694","696"
"9319","20231013","1071","1071","1062","1066","1066.8075","18700","19949300","1071","1071","1066","1068","1071","1071","1062","1066"
"9322","20231013","1046","1046","1032","1032","1039.5106","4700","4885700","1046","1046","1039","1040","1040","1044","1032","1032"
"9324","20231013","1043","1068","1041","1065","1058.8544","84500","89473200","1043","1059","1041","1053","1054","1068","1050","1065"
"9325","20231013","1072","1076","1062","1073","1068.4462","31600","33762900","1072","1076","1062","1066","1062","1073","1062","1073"
"9326","20231013","718","725","699","702","708.9948","77500","54947100","718","725","704","704","702","712","699","702"
"9327","20231013","744","784","671","728","733.6057","609200","446912600","744","784","692","712","706","728","671","728"
"9330","20231013","1160","1164","1069","1069","1105.1075","89300","98686100","1160","1164","1084","1111","1111","1111","1069","1069"
"9331","20231013","2071","2101","2030","2101","2086.6372","529700","1105291700","2071","2101","2059","2100","2101","2101","2030","2101"
"9332","20231013","746","758","727","732","737.4427","117700","86797000","746","758","734","736","738","740","727","732"
"9336","20231013","2179","2191","2155","2167","2170.6552","227100","492955800","2179","2191","2162","2178","2178","2185","2155","2167"
"9337","20231013","2132","2147","2047","2088","2083.1037","34700","72283700","2132","2147","2082","2082","2077","2099","2047","2088"
"9338","20231013","4275","4380","4110","4110","4211.2906","197200","830466500","4275","4380","4165","4185","4185","4200","4110","4110"
"9339","20231013","1480","1484","1463","1484","1477.2973","3700","5466000","1480","1484","1463","1483","1467","1484","1467","1484"
"9340","20231013","669","669","659","660","662.4839","3100","2053700","669","669","659","659","663","663","660","660"
"9341","20231013","1492","1496","1422","1422","1439.6392","74000","106533300","1492","1496","1449","1451","1463","1463","1422","1422"
"9342","20231013","1633","1633","1577","1577","1596.8131","10700","17085900","1633","1633","1583","1583","1600","1619","1577","1577"
"9343","20231013","1371","1390","1329","1353","1363.5472","26500","36134000","1371","1390","1362","1370","1374","1374","1329","1353"
"9344","20231013","1396","1396","1327","1366","1361.1525","44600","60707400","1396","1396","1327","1372","1377","1377","1353","1366"
"9345","20231013","1667","1668","1580","1604","1607.4737","7600","12216800","1667","1668","1621","1637","1620","1620","1580","1604"
"9346","20231013","2011","2037","1919","1919","1959.4167","44400","86998100","2011","2037","1955","1955","1951","1954","1919","1919"
"9347","20231013","2517","2517","2477","2477","2491.1556","52700","131283900","2517","2517","2495","2495","2494","2494","2477","2477"
"9348","20231013","918","973","904","939","946.0512","3092600","2925758000","918","973","904","945","951","951","921","939"
"9351","20231013","1445","1450","1423","1438","1438.0318","15700","22577100","1445","1445","1434","1434","1433","1450","1423","1438"
"9353","20231013","1898","1939","1880","1880","1905.2353","3400","6477800","1898","1939","1898","1939","1930","1930","1880","1880"
"9355","20231013","1645","1645","1645","1645","1645","100","164500","1645","1645","1645","1645","-","-","-","-"
"9360","20231013","1659","1659","1632","1653","1642.56","2500","4106400","1659","1659","1638","1638","1632","1653","1632","1653"
"9361","20231013","1454","1455","1451","1451","1453","600","871800","1454","1455","1453","1455","1451","1451","1451","1451"
"9362","20231013","2120","2128","2113","2128","2118.125","1600","3389000","2120","2121","2116","2116","2115","2128","2113","2128"
"9363","20231013","392","395","386","387","390.1556","25700","10027000","392","395","391","392","392","392","386","387"
"9364","20231013","3114","3124","3076","3083","3096.29","251000","777168800","3114","3124","3106","3106","3090","3104","3076","3083"
"9365","20231013","1300","1330","1300","1319","1317.5833","1200","1581100","1300","1330","1300","1330","1319","1319","1319","1319"
"9366","20231013","729","733","725","725","727.1837","4900","3563200","729","729","729","729","729","733","725","725"
"9367","20231013","725","728","724","728","725.4","500","362700","-","-","-","-","725","728","724","728"
"9368","20231013","1247","1247","1232","1239","1239.125","28800","35686800","1247","1247","1232","1239","1239","1242","1232","1239"
"9369","20231013","959","961","948","951","953.287","22300","21258300","959","961","951","951","951","951","948","951"
"9376","20231013","446","448","446","446","446.9355","3100","1385500","446","448","446","447","447","448","446","446"
"9377","20231013","889","898","878","878","887.9063","3200","2841300","889","898","889","891","887","890","878","878"
"9380","20231013","290","290","285","285","286.9685","34900","10015200","290","290","288","289","289","289","285","285"
"9381","20231013","1651","1651","1616","1621","1631.3286","84000","137031600","1651","1651","1624","1625","1627","1630","1616","1621"
"9384","20231013","2425","2438","2395","2403","2413.4375","16000","38615000","2425","2438","2420","2426","2426","2426","2395","2403"
"9385","20231013","602","602","594","596","597.6214","10300","6155500","602","602","599","601","600","600","594","596"
"9386","20231013","1734","1734","1692","1694","1706.34","15000","25595100","1734","1734","1716","1716","1717","1717","1692","1694"
"9399","20231013","3","4","2","3","3.0018","1063792","3193312","3","4","2","3","3","4","3","3"
"9401","20231013","2376.5","2446.5","2376.5","2428","2425.4158","467500","1133881900","2376.5","2446.5","2376.5","2433.5","2429","2434.5","2419","2428"
"9404","20231013","1485","1498.5","1469","1476","1479.2606","671800","993767300","1485","1498.5","1478","1478","1477","1482.5","1469","1476"
"9405","20231013","667","676","667","674","670.8416","145800","97808700","667","672","667","667","667","676","667","674"
"9408","20231013","1549","1550","1549","1550","1549.6","500","774800","1549","1549","1549","1549","1550","1550","1550","1550"
"9409","20231013","1639","1648","1619","1628","1632.7603","174000","284100300","1639","1648","1629","1635","1633","1636","1619","1628"
"9412","20231013","701","703","692","699","697.8761","922600","643860500","701","703","692","693","695","701","694","699"
"9413","20231013","2934","2957","2923","2938","2936.5477","44000","129208100","2934","2957","2927","2935","2944","2947","2923","2938"
"9414","20231013","912","914","904","904","908.3429","21000","19075200","912","914","907","908","908","908","904","904"
"9416","20231013","1390","1403","1338","1342","1357.1214","298300","404829300","1390","1403","1358","1358","1358","1360","1338","1342"
"9417","20231013","382","383","378","378","380.8544","10300","3922800","382","383","380","382","382","382","378","378"
"9418","20231013","3370","3470","3260","3270","3354.0037","755800","2534956000","3370","3470","3290","3345","3330","3350","3260","3270"
"9419","20231013","200","201","198","198","199.2883","48900","9745200","200","201","198","200","199","199","198","198"
"9421","20231013","536","536","510","510","524.1068","10300","5398300","536","536","520","521","521","521","510","510"
"9423","20231013","96","96","94","94","94.9116","273800","25986800","96","96","94","96","96","96","94","94"
"9424","20231013","216","217","213","213","214.7653","1724900","370448700","216","217","215","215","216","216","213","213"
"9425","20231013","494","494","459","465","470.9987","235400","110873100","494","494","462","464","464","473","459","465"
"9428","20231013","945","958","921","921","943.3365","10400","9810700","945","957","945","955","958","958","921","921"
"9432","20231013","175.9","177","175.3","175.9","175.9626","132534300","23321080620","175.9","177","175.5","176","176","176.3","175.3","175.9"
"9433","20231013","4504","4553","4502","4544","4524.2328","4248800","19222560400","4504","4544","4502","4524","4520","4553","4511","4544"
"9434","20231013","1670","1682","1666","1681.5","1677.1282","5911900","9915014300","1670","1682","1666","1675.5","1674.5","1682","1674.5","1681.5"
"9435","20231013","21970","21970","21435","21550","21616.2945","73000","1577989500","21970","21970","21660","21660","21595","21690","21435","21550"
"9436","20231013","3220","3225","3205","3210","3215.5464","30200","97109500","3220","3225","3210","3215","3215","3220","3205","3210"
"9438","20231013","592","592","577","582","584.2619","21000","12269500","592","592","583","588","587","587","577","582"
"9439","20231013","189","190","187","188","188.2619","12600","2372100","189","190","188","188","189","189","187","188"
"9441","20231013","1679","1691","1667","1682","1684.0625","1600","2694500","1679","1691","1679","1690","1690","1690","1667","1682"
"9444","20231013","696","700","691","694","696.4388","13900","9680500","696","699","696","699","700","700","691","694"
"9445","20231013","362","370","362","365","366.0244","4100","1500700","362","370","362","365","365","366","365","365"
"9446","20231013","567","574","567","572","568.4412","3400","1932700","567","573","567","568","568","574","567","572"
"9449","20231013","2260","2268.5","2231","2239.5","2245.9439","155200","348570500","2260","2268.5","2245","2245","2245","2248","2231","2239.5"
"9450","20231013","1215","1229","1180","1183","1195.2747","89200","106618500","1215","1229","1193","1193","1192","1198","1180","1183"
"9466","20231013","250","251","246","246","248.4356","16300","4049500","250","251","247","247","246","247","246","246"
"9467","20231013","2496","2496","2437","2439","2451.9013","15200","37268900","2496","2496","2437","2450","2480","2480","2437","2439"
"9468","20231013","3093","3103","3038","3050","3057.5355","404300","1236161600","3093","3103","3049","3049","3046","3057","3038","3050"
"9470","20231013","841","846","837","840","840.2448","67800","56968600","841","846","840","841","841","841","837","840"
"9474","20231013","916","916","902","903","908.0622","49800","45221500","916","916","906","906","906","909","902","903"
"9475","20231013","329","329","324","325","327.0866","12700","4154000","329","329","327","329","329","329","324","325"
"9476","20231013","466","466","458","458","460.1111","4500","2070500","466","466","460","461","458","458","458","458"
"9478","20231013","280","280","275","278","277.4367","88400","24525400","280","280","275","278","278","279","276","278"
"9479","20231013","179","179","175","175","177.5063","31800","5644700","179","179","178","178","178","178","175","175"
"9501","20231013","632.2","644.5","628.2","639.4","637.624","20696600","13196649080","632.2","644.5","628.2","637.7","636","640.3","635.5","639.4"
"9502","20231013","1833.5","1857","1825","1829.5","1834.9829","1957900","3592713050","1833.5","1857","1830.5","1836","1831","1843.5","1825","1829.5"
"9503","20231013","1999","2016.5","1978.5","1988.5","1992.5938","2782300","5543993700","1999","2016.5","1986.5","1989","1983.5","1994","1978.5","1988.5"
"9504","20231013","925","932.3","922.5","926.3","926.6493","1126600","1043963060","925","932.3","922.5","927.9","925.4","929.7","923.8","926.3"
"9505","20231013","777","784","770","774.4","776.2548","743000","576757310","777","784","770","777.8","774.5","779.6","771.7","774.4"
"9506","20231013","953.9","965","951.5","957.2","957.1631","1269200","1214831410","953.9","965","951.5","960.5","957.3","960.5","953.9","957.2"
"9507","20231013","1023.5","1043","1023","1037","1035.2333","629800","651989950","1023.5","1043","1023","1038.5","1035","1040","1033","1037"
"9508","20231013","960","965.1","954.6","963.8","960.6718","1439100","1382502830","960","965.1","954.6","960.6","960","963.8","957.2","963.8"
"9509","20231013","633","635.6","628","632.2","631.3849","843200","532383760","633","635.6","628","629.5","628.9","634.7","628.3","632.2"
"9511","20231013","1110","1110","1090","1094","1097.7222","177100","194406600","1110","1110","1096","1097","1095","1098","1090","1094"
"9513","20231013","2375","2400","2364","2376.5","2376.2862","434900","1033446850","2375","2400","2366.5","2366.5","2365.5","2377","2364","2376.5"
"9514","20231013","488","488","471","476","477.3573","79200","37806700","488","488","475","475","474","478","471","476"
"9517","20231013","765","770","744","757","754.5025","928600","700631000","765","770","746","746","746","762","744","757"
"9519","20231013","1071","1074","1037","1050","1050.9842","834200","876731000","1071","1074","1039","1040","1039","1056","1037","1050"
"9522","20231013","1003","1064","990","1000","1023.151","3316200","3392973500","1003","1064","1002","1022","1024","1030","990","1000"
"9531","20231013","3595","3634","3520","3524","3557.2336","1454500","5173996300","3595","3634","3540","3540","3530","3556","3520","3524"
"9532","20231013","2431","2463.5","2431","2439","2441.7536","1051000","2566283050","2431","2463.5","2431","2434.5","2437.5","2450.5","2432.5","2439"
"9533","20231013","2617","2622.5","2590","2601.5","2605.3401","245500","639611000","2617","2622.5","2598","2605.5","2617.5","2617.5","2590","2601.5"
"9534","20231013","2333","2354","2327","2335","2339.2689","11900","27837300","2333","2354","2333","2341","2350","2350","2327","2335"
"9535","20231013","387","389","383","385","386.0131","38200","14745700","387","389","387","387","386","386","383","385"
"9536","20231013","1940","1947","1928","1930","1933.511","40900","79080600","1940","1947","1929","1929","1929","1936","1928","1930"
"9537","20231013","3575","3575","3575","3575","3575","200","715000","3575","3575","3575","3575","-","-","-","-"
"9539","20231013","2513","2524","2505","2514","2515.1667","2400","6036400","2513","2514","2505","2505","2514","2524","2506","2514"
"9543","20231013","1006","1009","996","1000","1001.7513","94500","94665500","1006","1009","1001","1001","1001","1005","996","1000"
"9551","20231013","1890","1898","1872","1878","1885.4379","76500","144236000","1890","1898","1877","1887","1884","1887","1872","1878"
"9552","20231013","3270","3290","3150","3175","3211.0924","460900","1479992500","3270","3290","3160","3165","3165","3200","3150","3175"
"9553","20231013","606","609","582","582","593.0229","483700","286845200","606","609","593","595","594","594","582","582"
"9554","20231013","774","774","736","736","751.83","10000","7518300","774","774","755","758","758","758","736","736"
"9556","20231013","5320","5320","5020","5040","5118.2258","117800","602927000","5320","5320","5080","5090","5100","5120","5020","5040"
"9557","20231013","399","401","389","389","396.3378","14800","5865800","399","401","397","397","398","398","389","389"
"9558","20231013","2731","2825","2627","2631","2702.1896","109700","296430200","2731","2825","2649","2674","2680","2680","2627","2631"
"9560","20231013","980","1003","930","965","980.0672","590600","578827700","980","1003","930","975","978","985","964","965"
"9561","20231013","658","658","621","621","635.3407","59000","37485100","658","658","625","635","635","639","621","621"
"9562","20231013","1268","1268","1227","1229","1236.7903","6200","7668100","1268","1268","1268","1268","1241","1249","1227","1229"
"9563","20231013","660","667","645","655","654.498","49200","32201300","660","667","645","655","655","658","650","655"
"9564","20231013","1920","1929","1887","1911","1911.8351","18800","35942500","1920","1920","1900","1910","1911","1929","1887","1911"
"9565","20231013","1698","1712","1668","1670","1682.5203","14800","24901300","1698","1712","1674","1680","1687","1699","1668","1670"
"9600","20231013","1720","1721","1693","1696","1703.4606","16500","28107100","1720","1721","1703","1704","1700","1705","1693","1696"
"9601","20231013","9610","9625","9231","9268","9400.7182","187000","1757934300","9610","9625","9349","9392","9392","9400","9231","9268"
"9602","20231013","5036","5073","4963","4999","5008.258","603600","3022984500","5036","5073","5006","5023","5028","5038","4963","4999"
"9603","20231013","1714","1725","1703","1706","1710.513","508800","870309000","1714","1725","1704","1705","1705","1713","1703","1706"
"9605","20231013","18760","18970","18470","18570","18630.8993","27800","517939000","18760","18970","18740","18740","18660","18660","18470","18570"
"9610","20231013","142","142","139","139","140.0549","49200","6890700","142","142","139","141","141","141","139","139"
"9612","20231013","2908","2908","2868","2874","2885.5211","26100","75312100","2908","2908","2880","2880","2878","2878","2868","2874"
"9613","20231013","1886","1895","1843","1860","1865.2082","5756700","10737444100","1886","1895","1844.5","1845.5","1843.5","1869","1843","1860"
"9616","20231013","5911","5932","5865","5906","5895.8276","216300","1275267500","5911","5916","5865","5883","5883","5932","5877","5906"
"9619","20231013","1395","1401","1374","1379","1384.8493","29200","40437600","1395","1401","1386","1386","1387","1387","1374","1379"
"9621","20231013","4635","4710","4575","4585","4631.62","25000","115790500","4635","4710","4635","4650","4650","4650","4575","4585"
"9622","20231013","915","918","907","911","913.1116","23300","21275500","915","918","913","913","914","914","907","911"
"9625","20231013","900","900","895","895","895.8182","5500","4927000","900","900","895","895","895","895","895","895"
"9627","20231013","4274","4280","4213","4219","4236.9275","129700","549529500","4274","4280","4250","4251","4250","4251","4213","4219"
"9628","20231013","1055","1065","1045","1051","1054.7551","19600","20673200","1055","1065","1053","1053","1060","1060","1045","1051"
"9629","20231013","1167","1171","1137","1143","1148.911","23600","27114300","1167","1171","1143","1151","1151","1152","1137","1143"
"9632","20231013","12060","12090","11970","12050","12045.8333","2400","28910000","12060","12060","12000","12020","12020","12090","11970","12050"
"9633","20231013","1099","1100","1093","1093","1096.1212","23100","25320400","1099","1100","1096","1096","1096","1096","1093","1093"
"9635","20231013","2049","2050","2049","2050","2049.8333","600","1229900","2049","2050","2049","2050","-","-","-","-"
"9636","20231013","3460","3460","3460","3460","3460","100","346000","-","-","-","-","3460","3460","3460","3460"
"9637","20231013","3375","3375","3370","3370","3372.5","400","1349000","3375","3375","3375","3375","3370","3370","3370","3370"
"9639","20231013","3915","3970","3915","3945","3945.6522","2300","9075000","3915","3960","3915","3960","3970","3970","3935","3945"
"9640","20231013","1950","1950","1950","1950","1950","1100","2145000","1950","1950","1950","1950","-","-","-","-"
"9644","20231013","1133","1149","1115","1118","1124.6265","25700","28902900","1133","1149","1115","1124","1130","1130","1118","1118"
"9647","20231013","3940","4095","3940","4095","4020.8065","3100","12464500","3940","4000","3940","4000","3995","4095","3995","4095"
"9651","20231013","988","992","983","985","986.5","2600","2564900","988","990","988","988","987","992","983","985"
"9656","20231013","725","726","717","717","721.4366","7100","5122200","725","726","719","726","726","726","717","717"
"9658","20231013","2108","2108","2077","2088","2090.475","20000","41809500","2108","2108","2088","2088","2084","2093","2077","2088"
"9661","20231013","4740","4740","4730","4730","4735","1000","4735000","4740","4740","4735","4740","4735","4735","4730","4730"
"9663","20231013","6920","6940","6780","6830","6848.75","9600","65748000","6920","6940","6890","6890","6910","6910","6780","6830"
"9672","20231013","3925","3960","3865","3870","3913.4595","76600","299771000","3925","3960","3925","3945","3930","3930","3865","3870"
"9675","20231013","1246","1254","1241","1245","1245.66","15000","18684900","1246","1254","1243","1251","1251","1251","1241","1245"
"9678","20231013","2524","2533","2485","2490","2505.3089","140800","352747500","2524","2533","2511","2511","2510","2521","2485","2490"
"9679","20231013","3305","3305","3305","3305","3305","400","1322000","3305","3305","3305","3305","-","-","-","-"
"9682","20231013","3305","3320","3230","3230","3260.4226","62700","204428500","3305","3320","3265","3265","3255","3265","3230","3230"
"9684","20231013","5090","5095","5030","5070","5057.1625","516800","2613541600","5090","5095","5035","5051","5051","5070","5030","5070"
"9685","20231013","540","545","540","545","542","500","271000","-","-","-","-","540","545","540","545"
"9686","20231013","1125","1125","1105","1105","1115.2","1000","1115200","1125","1125","1125","1125","1115","1115","1105","1105"
"9687","20231013","2580","2599","2570","2594","2585.1667","600","1551100","2580","2580","2570","2570","2598","2599","2594","2594"
"9691","20231013","2278","2278","2249","2249","2255.6667","1500","3383500","2278","2278","2255","2267","2252","2267","2249","2249"
"9692","20231013","1666","1668","1588","1598","1616.9327","123300","199367800","1666","1668","1610","1610","1611","1623","1588","1598"
"9696","20231013","1426","1467","1426","1467","1443.6377","6900","9961100","1426","1447","1426","1444","1439","1467","1439","1467"
"9697","20231013","5482","5503","5362","5383","5420.0786","860500","4663977600","5482","5503","5426","5432","5428","5434","5362","5383"
"9698","20231013","918","923","915","915","918.5517","2900","2663800","918","923","918","921","920","921","915","915"
"9699","20231013","3385","3405","3310","3315","3353.2246","41400","138823500","3385","3405","3355","3360","3365","3365","3310","3315"
"9701","20231013","3555","3555","3505","3505","3530","400","1412000","3555","3555","3555","3555","3505","3505","3505","3505"
"9702","20231013","1369","1369","1340","1341","1349.3779","34400","46418600","1369","1369","1343","1347","1347","1349","1340","1341"
"9704","20231013","24","25","24","25","24.3251","211300","5139900","24","25","24","25","24","25","24","25"
"9706","20231013","6265","6320","6264","6290","6286.6827","236400","1486171800","6265","6320","6264","6287","6288","6306","6268","6290"
"9708","20231013","922","923","920","920","921.6328","67000","61749400","922","923","921","922","922","923","920","920"
"9709","20231013","710","719","710","715","713.1081","3700","2638500","710","710","710","710","713","719","711","715"
"9713","20231013","1241","1241","1191","1202","1206.4051","7900","9530600","1241","1241","1191","1206","1221","1221","1198","1202"
"9715","20231013","3155","3165","3125","3160","3153.4317","64400","203081000","3155","3160","3145","3145","3125","3165","3125","3160"
"9716","20231013","975","975","928","931","948.0686","965500","915360200","975","975","928","939","933","947","931","931"
"9717","20231013","1550","1552","1545","1550","1548.3388","24200","37469800","1550","1552","1545","1545","1545","1552","1545","1550"
"9719","20231013","2524.5","2539","2510","2521.5","2522.3445","869600","2193430750","2524.5","2539","2510","2524","2521.5","2528.5","2511.5","2521.5"
"9720","20231013","4525","4525","4525","4525","4525","100","452500","4525","4525","4525","4525","-","-","-","-"
"9722","20231013","4120","4165","4100","4110","4122.6895","54100","223037500","4120","4165","4115","4125","4115","4135","4100","4110"
"9723","20231013","754","759","753","753","754.76","2500","1886900","754","759","753","753","753","753","753","753"
"9726","20231013","1219","1219","1196","1198","1204.3863","78700","94785200","1219","1219","1205","1207","1207","1207","1196","1198"
"9729","20231013","1894","1908","1889","1893","1896.2471","25900","49112800","1894","1908","1891","1902","1895","1899","1889","1893"
"9731","20231013","2544","2544","2467","2471","2491.5902","18300","45596100","2544","2544","2490","2511","2500","2500","2467","2471"
"9733","20231013","1895","1914","1881","1889","1897.3316","38600","73237000","1895","1914","1891","1907","1905","1905","1881","1889"
"9735","20231013","10295","10365","10175","10215","10263.8519","592700","6083385000","10295","10365","10255","10255","10230","10255","10175","10215"
"9739","20231013","2769","2798","2750","2760","2769.4551","15600","43203500","2769","2787","2762","2778","2798","2798","2750","2760"
"9740","20231013","2830","2872","2699","2701","2760.7054","159200","439504300","2830","2872","2745","2757","2758","2758","2699","2701"
"9742","20231013","1597","1604","1582","1586","1592.9718","24800","39505700","1597","1604","1592","1592","1592","1597","1582","1586"
"9743","20231013","920","920","883","886","897.2195","239200","214614900","920","920","898","898","895","897","883","886"
"9744","20231013","2652","2656","2635","2650","2645.8073","227500","601921150","2652","2656","2635","2635","2638","2650","2635","2650"
"9746","20231013","3550","3560","3465","3485","3512.1332","74300","260951500","3550","3560","3510","3525","3525","3530","3465","3485"
"9749","20231013","5420","5520","5400","5480","5471.1182","126100","689908000","5420","5520","5400","5510","5490","5520","5440","5480"
"9753","20231013","1007","1013","1005","1013","1008.5185","5400","5446000","1007","1008","1005","1007","1006","1013","1005","1013"
"9755","20231013","2342","2347","2305","2314","2324.9882","16900","39292300","2342","2347","2334","2334","2334","2334","2305","2314"
"9757","20231013","2626","2628","2575","2578","2595.5455","62700","162740700","2626","2628","2604","2605","2599","2603","2575","2578"
"9759","20231013","2914","2925","2885","2900","2902.0677","259900","754247400","2914","2925","2894","2907","2901","2908","2885","2900"
"9760","20231013","288","289","287","287","287.5882","8500","2444500","288","289","287","288","289","289","287","287"
"9761","20231013","1300","1300","1298","1300","1299","2200","2857800","1300","1300","1299","1299","1299","1300","1298","1300"
"9763","20231013","2642","2642","2564","2568","2591.7241","11600","30064000","2642","2642","2585","2595","2595","2595","2564","2568"
"9765","20231013","900","908","886","887","893.1511","81400","72702500","900","908","890","892","893","894","886","887"
"9766","20231013","7976","8000","7806","7914","7923.0602","544700","4315690900","7976","8000","7806","7847","7863","7914","7854","7914"
"9767","20231013","-","-","-","-","-","-","-","-","-","-","-","-","-","-","-"
"9768","20231013","1643","1650","1633","1641","1641.3284","13400","21993800","1643","1650","1642","1647","1644","1644","1633","1641"
"9769","20231013","2005","2005","1982","1983","1989.096","12500","24863700","2005","2005","1986","1986","1990","1993","1982","1983"
"9776","20231013","1001","1001","1000","1000","1000.025","4000","4000100","1001","1001","1000","1000","1000","1000","1000","1000"
"9778","20231013","-","-","-","-","-","-","-","-","-","-","-","-","-","-","-"
"9780","20231013","2710","2710","2710","2710","2710","100","271000","2710","2710","2710","2710","-","-","-","-"
"9782","20231013","1484","1500","1478","1483","1484.4583","2400","3562700","1484","1495","1484","1491","1500","1500","1478","1483"
"9783","20231013","1808","1822","1792.5","1797.5","1801.6269","402000","724254000","1808","1822","1804.5","1805","1804","1804","1792.5","1797.5"
"9787","20231013","3370","3390","3355","3370","3372.5522","129300","436071000","3370","3390","3360","3385","3375","3390","3355","3370"
"9788","20231013","964","964","957","960","960.8319","11900","11433900","964","964","961","962","962","962","957","960"
"9790","20231013","2670","2684","2615","2630","2653.166","104800","278051800","2670","2684","2637","2637","2637","2640","2615","2630"
"9791","20231013","1145","1152","1132","1150","1147.9259","5400","6198800","1145","1152","1132","1152","1150","1150","1150","1150"
"9793","20231013","4315","4335","4235","4255","4267.2415","112200","478784500","4315","4335","4260","4265","4260","4270","4235","4255"
"9795","20231013","1723","1723","1703","1707","1709.991","22300","38132800","1723","1723","1711","1712","1713","1713","1703","1707"
"9799","20231013","1260","1270","1260","1269","1264.3158","1900","2402200","1260","1270","1260","1262","1269","1270","1269","1269"
"9812","20231013","430","430","405","430","424.2982","1129000","479032700","430","430","405","430","422","430","413","430"
"9816","20231013","219","220","218","218","218.3188","6900","1506400","219","220","218","220","218","218","218","218"
"9818","20231013","1258","1270","1258","1270","1259.4118","1700","2141000","1258","1258","1258","1258","1270","1270","1270","1270"
"9820","20231013","-","-","-","-","-","-","-","-","-","-","-","-","-","-","-"
"9823","20231013","3130","3135","3085","3085","3118.9474","1900","5926000","3130","3135","3130","3135","3135","3135","3085","3085"
"9824","20231013","3345","3375","3285","3285","3327.5302","140700","468183500","3345","3375","3330","3345","3345","3345","3285","3285"
"9827","20231013","686","693","662","662","676.3337","84800","57353100","686","693","674","674","675","675","662","662"
"9828","20231013","5030","5200","5010","5180","5133.1308","42800","219698000","5030","5150","5010","5150","5120","5200","5120","5180"
"9830","20231013","2383","2393","2347","2356","2369.9914","70100","166136400","2383","2393","2371","2384","2375","2381","2347","2356"
"9831","20231013","456.6","461.6","455.8","457.8","458.2871","2856200","1308959580","456.6","461.6","455.8","459.2","457.7","459.1","456.7","457.8"
"9832","20231013","1546.5","1555","1533.5","1536","1541.2039","167700","258459900","1546.5","1555","1543","1547.5","1542.5","1546","1533.5","1536"
"9835","20231013","586","590","581","588","586.3333","600","351800","586","590","583","590","590","590","581","588"
"9837","20231013","1338","1342","1296","1302","1310.3937","161300","211366500","1338","1342","1312","1315","1327","1327","1296","1302"
"9842","20231013","1533","1536","1498","1499","1512.5768","332200","502478000","1533","1536","1514","1515","1514","1515","1498","1499"
"9843","20231013","15975","16305","15595","15615","15839.3832","646900","10246497000","15975","16305","15765","15765","15750","15755","15595","15615"
"9845","20231013","817","823","798","798","811.5914","9300","7547800","817","823","803","803","803","810","798","798"
"9846","20231013","1085","1114","1084","1098","1095.1017","5900","6461100","1085","1096","1085","1087","1114","1114","1084","1098"
"9849","20231013","4580","4580","4580","4580","4580","200","916000","-","-","-","-","4580","4580","4580","4580"
"9850","20231013","1084","1084","1070","1071","1075.5808","22900","24630800","1084","1084","1074","1074","1080","1080","1070","1071"
"9852","20231013","3950","3985","3950","3985","3967.5","200","793500","3950","3985","3950","3985","-","-","-","-"
"9853","20231013","865","866","861","866","863","900","776700","865","865","861","861","861","866","861","866"
"9854","20231013","174","175","174","174","174.0106","28300","4924500","174","175","174","174","174","175","174","174"
"9856","20231013","1152","1153","1131","1136","1138.5344","52400","59659200","1152","1153","1132","1133","1136","1140","1131","1136"
"9857","20231013","1869","1869","1850","1850","1859.5","200","371900","1869","1869","1850","1850","-","-","-","-"
"9861","20231013","3077","3106","3023","3068","3066.2988","875900","2685771100","3077","3106","3023","3055","3050","3085","3049","3068"
"9867","20231013","-","-","-","-","-","-","-","-","-","-","-","-","-","-","-"
"9869","20231013","3875","3875","3835","3845","3854.1349","28900","111384500","3875","3875","3850","3850","3865","3865","3835","3845"
"9872","20231013","999","1007","975","975","986.9597","47200","46584500","999","1007","983","983","983","995","975","975"
"9873","20231013","2990","2993","2977","2978","2982.9292","11300","33707100","2990","2993","2984","2984","2983","2984","2977","2978"
"9876","20231013","210","244","203","236","227.9465","5387900","1228153000","210","244","203","220","222","239","216","236"
"9878","20231013","620","621","610","610","613.95","2000","1227900","620","621","619","621","618","618","610","610"
"9880","20231013","1635","1643","1616","1622","1631.364","27200","44373100","1635","1643","1628","1638","1642","1642","1616","1622"
"9882","20231013","1825","1826","1793","1795","1804.8159","130900","236250400","1825","1826","1809","1809","1809","1809","1793","1795"
"9885","20231013","388","389","385","387","386.0433","30000","11581300","388","389","385","387","387","389","385","387"
"9887","20231013","4150","4175","4145","4160","4156.6265","16600","69000000","4150","4165","4145","4155","4145","4175","4145","4160"
"9888","20231013","1174","1175","1154","1154","1163.2697","51900","60373700","1174","1175","1163","1163","1163","1164","1154","1154"
"9889","20231013","2971","3005","2936","2954","2958.6769","45500","134619800","2971","3005","2957","2961","2961","2966","2936","2954"
"9890","20231013","908","999","908","993","960.205","188300","180806600","908","941","908","936","945","999","941","993"
"9895","20231013","1173","1188","1173","1176","1181","400","472400","1173","1188","1173","1188","1176","1176","1176","1176"
"9896","20231013","955","956","939","943","947.1624","19700","18659100","955","956","946","946","947","947","939","943"
"9900","20231013","1316","1327","1310","1323","1320.3111","70400","92949900","1316","1323","1310","1321","1322","1327","1319","1323"
"9902","20231013","2619","2640","2599","2611","2614.916","47600","124470000","2619","2640","2609","2624","2621","2622","2599","2611"
"9903","20231013","1188","1188","1172","1181","1179.5455","2200","2595000","1188","1188","1172","1172","1181","1182","1181","1181"
"9904","20231013","395","397","393","393","394.37","20000","7887400","395","397","393","394","395","395","393","393"
"9906","20231013","2132","2163","2115","2115","2130.6154","1300","2769800","2132","2163","2132","2133","2132","2132","2115","2115"
"9908","20231013","1907","1907","1854","1874","1877.5","15800","29664500","1907","1907","1878","1878","1895","1895","1854","1874"
"9913","20231013","1211","1224","1208","1224","1216.6757","3700","4501700","1211","1219","1208","1215","1215","1224","1208","1224"
"9914","20231013","829","829","829","829","829","200","165800","829","829","829","829","-","-","-","-"
"9919","20231013","1368","1377","1350","1376","1365.5519","42400","57899400","1368","1370","1350","1370","1365","1377","1361","1376"
"9927","20231013","749","749","740","740","746.75","400","298700","749","749","749","749","749","749","740","740"
"9928","20231013","1560","1560","1535","1538","1545.5707","57300","88561200","1560","1560","1535","1551","1551","1555","1536","1538"
"9929","20231013","419","419","419","419","419","600","251400","-","-","-","-","419","419","419","419"
"9930","20231013","268","272","250","256","259.3885","946300","245459300","268","272","255","255","255","260","250","256"
"9932","20231013","2198","2215","2183","2184","2195.6531","14700","32276100","2198","2215","2183","2207","2213","2213","2183","2184"
"9934","20231013","3300","3305","3255","3275","3279.1057","98400","322664000","3300","3305","3275","3280","3270","3280","3255","3275"
"9936","20231013","6950","6960","6890","6900","6926.3787","30100","208484000","6950","6960","6910","6920","6940","6940","6890","6900"
"9941","20231013","910","910","892","905","902.6","5000","4513000","910","910","892","894","898","905","898","905"
"9946","20231013","1471","1492","1467","1483","1480.7252","93900","139040100","1471","1492","1467","1479","1479","1483","1475","1483"
"9948","20231013","2700","2730","2693","2699","2708.7831","107900","292277700","2700","2730","2700","2725","2720","2722","2693","2699"
"9950","20231013","3220","3235","3220","3230","3228.3333","300","968500","3220","3220","3220","3220","3235","3235","3230","3230"
"9955","20231013","2248","2248","2240","2240","2242.5854","4100","9194600","2248","2248","2240","2243","2240","2243","2240","2240"
"9956","20231013","2249","2256","2215","2222","2232.5902","85900","191779500","2249","2256","2236","2238","2235","2239","2215","2222"
"9959","20231013","563","566","562","566","563.7143","1400","789200","563","563","562","562","566","566","564","566"
"9960","20231013","5180","5180","5030","5050","5095.1695","11800","60123000","5180","5180","5130","5140","5160","5160","5030","5050"
"9962","20231013","2384","2403.5","2356.5","2365.5","2373.6536","631700","1499436950","2384","2403.5","2371","2373.5","2371","2375.5","2356.5","2365.5"
"9969","20231013","257","257","251","251","254.2045","4400","1118500","257","257","256","257","257","257","251","251"
"9972","20231013","257","259","256","258","257.4098","12200","3140400","257","259","256","258","258","259","257","258"
"9973","20231013","19","19","18","19","18.7502","414700","7775700","19","19","18","19","19","19","18","19"
"9974","20231013","6790","6790","6640","6740","6734.5625","32000","215506000","6790","6790","6640","6740","6740","6780","6710","6740"
"9976","20231013","1240","1240","1240","1240","1240","200","248000","1240","1240","1240","1240","-","-","-","-"
"9977","20231013","2515","2515","2496","2512","2505.3714","3500","8768800","2515","2515","2496","2499","2500","2512","2498","2512"
"9978","20231013","38","38","37","38","37.8088","20400","771300","38","38","37","38","37","38","37","38"
"9979","20231013","1102","1140","1101","1126","1122.1087","83700","93920500","1102","1114","1101","1109","1108","1140","1108","1126"
"9980","20231013","107","109","107","108","107.3876","80500","8644700","107","109","107","108","108","109","108","108"
"9982","20231013","1000","1030","974","977","988.9629","70100","69326300","1000","1030","974","981","981","988","974","977"
"9983","20231013","34630","35850","34630","35690","35382.3358","3948500","139707153000","34630","35830","34630","35640","35540","35850","35450","35690"
"9984","20231013","6453","6518","6439","6508","6479.9342","7469200","48399924600","6453","6518","6439","6489","6474","6508","6462","6508"
"9986","20231013","2455","2457","2423","2437","2437.3261","4600","11211700","2455","2455","2438","2438","2457","2457","2423","2437"
"9987","20231013","4568","4603","4505","4511","4537.9758","227400","1031935700","4568","4603","4522","4526","4513","4542","4505","4511"
"9989","20231013","4127","4134","4002","4014","4041.3677","415300","1678380000","4127","4134","4026","4040","4038","4046","4002","4014"
"9990","20231013","885","892","877","879","882.5402","57200","50481300","885","892","881","887","889","889","877","879"
"9991","20231013","941","945","927","931","934.681","16300","15235300","941","945","937","937","935","937","927","931"
"9993","20231013","1268","1268","1262","1262","1264.9091","2200","2782800","1268","1268","1267","1267","1267","1267","1262","1262"
"9994","20231013","2901","2901","2877","2892","2890.1328","12800","36993700","2901","2901","2887","2888","2883","2893","2877","2892"
"9995","20231013","468","474","461","464","467.1492","81100","37885800","468","474","466","468","467","468","461","464"
"9996","20231013","1541","1549","1525","1525","1536.6923","1300","1997700","1541","1549","1540","1549","1528","1538","1525","1525"
"9997","20231013","663","664","653","655","658.2415","266300","175289700","663","664","657","657","659","659","653","655"
