"SC","日付","始値","高値","安値","終値","VWAP","出来高","売買代金","前場始値","前場高値","前場安値","前場終値","後場始値","後場高値","後場安値","後場終値"
"1301","20230317","3475","3480","3445","3450","3459.9331","67300","232853500","3475","3480","3445","3450","3450","3455","3445","3450"
"1332","20230317","539","542","537","537","538.4861","2387500","1285635500","539","542","537","540","541","541","537","537"
"1333","20230317","2377","2380","2348","2373","2366.5413","219300","518982500","2377","2380","2348","2360","2375","2377","2361","2373"
"1375","20230317","1010","1018","1010","1017","1013.0089","33800","34239700","1010","1016","1010","1012","1015","1018","1013","1017"
"1376","20230317","1610","1627","1605","1605","1612.5122","8200","13222600","1610","1627","1610","1627","1620","1620","1605","1605"
"1377","20230317","3935","3965","3935","3955","3953.1397","72300","285812000","3935","3965","3935","3965","3960","3965","3950","3955"
"1379","20230317","1877","1887","1875","1880","1880.3826","42600","80104300","1877","1887","1875","1882","1886","1886","1878","1880"
"1380","20230317","1067","1068","1059","1059","1065.3636","2200","2343800","1067","1068","1064","1067","1061","1061","1059","1059"
"1381","20230317","2898","2903","2891","2891","2898.0417","2400","6955300","2898","2903","2892","2903","2892","2892","2891","2891"
"1382","20230317","1800","1880","1800","1811","1850.2609","4600","8511200","1800","1880","1800","1861","1852","1878","1811","1811"
"1383","20230317","3170","3170","3100","3115","3123.4483","2900","9058000","3170","3170","3100","3120","3110","3150","3100","3115"
"1384","20230317","860","871","833","836","844.6073","106700","90119600","860","871","833","838","838","848","836","836"
"1400","20230317","142","145","139","143","141.7781","40100","5685300","142","145","139","144","144","145","140","143"
"1401","20230317","494","494","490","490","492","200","98400","-","-","-","-","494","494","490","490"
"1407","20230317","3110","3330","3090","3180","3184.8774","990700","3155258000","3110","3215","3090","3200","3205","3330","3180","3180"
"1414","20230317","5400","5410","5370","5400","5394.723","106500","574538000","5400","5410","5370","5380","5400","5400","5380","5400"
"1417","20230317","1655","1658","1645","1653","1652.3128","274000","452733700","1655","1656","1645","1654","1654","1658","1649","1653"
"1418","20230317","163","164","161","164","162.7663","18400","2994900","163","163","161","162","162","164","162","164"
"1419","20230317","3520","3525","3450","3460","3474.8698","153600","533740000","3520","3525","3450","3460","3475","3475","3455","3460"
"1420","20230317","767","767","760","765","763.6875","6400","4887600","767","767","762","765","760","765","760","765"
"1429","20230317","881","906","881","897","898.6073","60600","54455600","881","906","881","900","900","904","896","897"
"1430","20230317","795","802","794","802","798.2378","14300","11414800","795","797","794","794","795","802","795","802"
"1431","20230317","815","818","805","810","811.6515","13200","10713800","815","818","805","814","816","816","808","810"
"1433","20230317","861","877","859","870","869.4905","26300","22867600","861","870","859","869","869","877","867","870"
"1434","20230317","469","469","465","467","467.641","3900","1823800","469","469","465","468","465","467","465","467"
"1435","20230317","195","205","191","204","199.5801","429200","85659800","195","199","191","198","198","205","197","204"
"1436","20230317","696","696","687","694","692.6","1500","1038900","696","696","696","696","693","694","687","694"
"1438","20230317","1035","1035","998","1009","1007.5","23000","23172500","1035","1035","998","1008","1010","1022","1005","1009"
"1439","20230317","1029","1039","1015","1035","1032.6667","1800","1858800","1029","1039","1015","1036","1035","1035","1034","1035"
"1443","20230317","219","222","217","221","219.2853","36100","7916200","219","220","217","220","220","222","220","221"
"1444","20230317","2075","2076","2019","2027","2045.3073","17900","36611000","2075","2076","2019","2074","2043","2050","2027","2027"
"1446","20230317","522","522","519","519","520.5854","4100","2134400","522","522","519","519","520","522","519","519"
"1447","20230317","383","383","377","383","380.7274","58700","22348700","383","383","377","380","380","383","380","383"
"1450","20230317","2622","2640","2551","2640","2618.7391","2300","6023100","2622","2622","2590","2590","2551","2640","2551","2640"
"1451","20230317","627","633","627","633","628.9091","2200","1383600","627","627","627","627","629","633","628","633"
"1491","20230317","32","32","31","32","31.5553","346100","10921300","32","32","31","32","31","32","31","32"
"1514","20230317","334","345","333","341","339.0717","633500","214801900","334","342","333","339","340","345","337","341"
"1515","20230317","3610","3610","3495","3520","3527.9645","61900","218381000","3610","3610","3510","3520","3530","3555","3495","3520"
"1518","20230317","3685","3695","3580","3585","3604.0955","366500","1320901000","3685","3695","3580","3585","3585","3610","3585","3585"
"1605","20230317","1341","1359","1337","1349","1348.2271","9255400","12478381500","1341","1359","1337","1345","1351","1355","1346","1349"
"1662","20230317","4585","4635","4555","4570","4582.5209","442900","2029598500","4585","4635","4555","4580","4580","4605","4565","4570"
"1663","20230317","2125","2125","2083","2084","2101.2361","37700","79216600","2125","2125","2097","2107","2107","2107","2083","2084"
"1711","20230317","309","318","309","311","313.081","24700","7733100","309","316","309","313","316","318","309","311"
"1712","20230317","910","923","908","922","917.8889","33300","30565700","910","922","908","917","918","923","915","922"
"1716","20230317","1115","1125","1113","1125","1120.8571","11900","13338200","1115","1123","1113","1123","1125","1125","1119","1125"
"1717","20230317","782","791","780","791","785.1541","30500","23947200","782","787","780","784","784","791","784","791"
"1718","20230317","3955","4000","3955","3985","3981.1111","900","3583000","3955","4000","3955","4000","3980","3995","3980","3985"
"1719","20230317","873","873","862","865","866.1894","612300","530367800","873","873","867","870","872","872","862","865"
"1720","20230317","688","688","677","679","680.1075","286600","194918800","688","688","677","680","681","681","678","679"
"1721","20230317","2462","2466","2432","2458","2455.3846","658300","1616379700","2462","2463","2432","2453","2461","2466","2446","2458"
"1723","20230317","3535","3535","3480","3485","3506.3095","4200","14726500","3535","3535","3480","3500","3490","3495","3485","3485"
"1724","20230317","632","642","630","637","635.6364","6600","4195200","632","642","630","642","636","639","635","637"
"1726","20230317","343","353","340","350","344.8324","261900","90311600","343","345","340","341","353","353","347","350"
"1730","20230317","399","402","399","400","400.0588","1700","680100","399","400","399","399","400","402","400","400"
"1736","20230317","2140","2141","2140","2141","2140.5","200","428100","2140","2141","2140","2141","-","-","-","-"
"1739","20230317","888","899","872","890","883.9394","9900","8751000","888","899","872","897","895","895","880","890"
"1743","20230317","1208","1240","1205","1216","1219.5122","4100","5000000","1208","1216","1205","1215","1218","1240","1216","1216"
"1757","20230317","34","35","34","34","34.4935","325400","11224200","34","35","34","34","34","35","34","34"
"1758","20230317","7100","7500","6510","6890","7131.3828","68700","489926000","7100","7500","6510","7190","7160","7200","6600","6890"
"1762","20230317","2022","2027","2006","2010","2017.8406","174400","351911400","2022","2027","2006","2013","2015","2018","2006","2010"
"1764","20230317","2500","2500","2496","2496","2499.3333","600","1499600","2500","2500","2500","2500","2496","2496","2496","2496"
"1766","20230317","7690","7700","7630","7680","7666.4641","18100","138763000","7690","7700","7630","7660","7660","7680","7630","7680"
"1768","20230317","990","992","965","971","975.3217","11500","11216200","990","992","980","981","981","981","965","971"
"1770","20230317","908","908","908","908","908","100","90800","908","908","908","908","-","-","-","-"
"1773","20230317","17","17","17","17","17","2000","34000","17","17","17","17","17","17","17","17"
"1775","20230317","3550","3610","3550","3610","3585.4167","1200","4302500","3550","3550","3550","3550","3550","3610","3550","3610"
"1776","20230317","879","889","876","877","879.5253","15800","13896500","879","885","877","878","878","889","876","877"
"1780","20230317","1136","1146","1135","1137","1138.1124","35600","40516800","1136","1140","1135","1139","1138","1146","1137","1137"
"1783","20230317","60","61","58","58","59.5254","3370600","200636400","60","61","58","60","59","61","58","58"
"1786","20230317","302","306","301","306","304.087","259900","79032200","302","305","301","304","304","306","304","306"
"1787","20230317","4925","4925","4925","4925","4925","100","492500","-","-","-","-","4925","4925","4925","4925"
"1788","20230317","-","-","-","-","-","-","-","-","-","-","-","-","-","-","-"
"1789","20230317","568","575","568","570","570.7805","4100","2340200","568","575","568","575","573","573","570","570"
"1793","20230317","6780","6780","6780","6780","6780","1600","10848000","6780","6780","6780","6780","6780","6780","6780","6780"
"1795","20230317","3335","3335","3140","3160","3199.4737","1900","6079000","3335","3335","3335","3335","3270","3270","3140","3160"
"1798","20230317","2237","2237","2237","2237","2237","200","447400","2237","2237","2237","2237","-","-","-","-"
"1799","20230317","1403","1450","1380","1387","1410.6806","7200","10156900","1403","1403","1380","1380","1382","1450","1382","1387"
"1801","20230317","4145","4185","4030","4070","4089.2796","2917800","11931700000","4145","4185","4030","4100","4100","4110","4065","4070"
"1802","20230317","1007","1010","993","996","997.3952","3567600","3558307200","1007","1010","993","997","1000","1001","993","996"
"1803","20230317","747","750","735","735","738.8777","4137500","3057106300","747","750","738","739","738","741","735","735"
"1805","20230317","1102","1105","1089","1093","1094.5006","87300","95549900","1102","1105","1089","1091","1091","1095","1090","1093"
"1807","20230317","2650","2721","2650","2720","2708.2857","700","1895800","2650","2650","2650","2650","2721","2721","2704","2720"
"1808","20230317","1553","1561","1546","1547","1549.1146","2442200","3783247700","1553","1561","1548","1553","1554","1555","1546","1547"
"1810","20230317","672","675","660","661","664.9484","21300","14163400","672","675","661","661","664","665","660","661"
"1811","20230317","2966","3035","2966","3030","3004.0896","6700","20127400","2966","3005","2966","2996","3030","3035","3030","3030"
"1812","20230317","1600","1603","1568","1571","1577.1764","3992700","6297192200","1600","1603","1573","1585","1585","1586","1568","1571"
"1813","20230317","1631","1632","1604","1605","1611.493","135100","217712700","1631","1632","1616","1623","1621","1626","1604","1605"
"1814","20230317","1170","1170","1161","1166","1165.2075","15900","18526800","1170","1170","1161","1162","1162","1170","1161","1166"
"1815","20230317","1899","1937","1886","1920","1915.8182","75900","145410600","1899","1929","1886","1926","1926","1937","1918","1920"
"1820","20230317","3440","3465","3435","3445","3449.3409","397500","1371113000","3440","3465","3435","3455","3455","3465","3445","3445"
"1821","20230317","397","402","395","395","397.7148","2820000","1121555700","397","402","396","399","400","400","395","395"
"1822","20230317","3910","3940","3880","3895","3909.0785","66200","258781000","3910","3940","3880","3935","3925","3940","3885","3895"
"1826","20230317","483","486","480","484","483.1467","18400","8889900","483","484","480","483","486","486","482","484"
"1827","20230317","362","364","356","361","359.6708","24000","8632100","362","364","356","358","357","361","357","361"
"1828","20230317","1000","1007","997","1007","1001","7200","7207200","1000","1001","997","999","998","1007","998","1007"
"1833","20230317","3270","3280","3230","3250","3250.0442","124400","404305500","3270","3280","3230","3240","3245","3255","3245","3250"
"1835","20230317","2732","2732","2694","2696","2701.5667","33000","89151700","2732","2732","2694","2703","2705","2707","2695","2696"
"1840","20230317","195","197","194","196","195.5457","37200","7274300","195","197","195","196","196","197","194","196"
"1841","20230317","995","995","983","983","991.5652","2300","2280600","995","995","990","990","983","983","983","983"
"1844","20230317","185","189","184","185","187.2257","67800","12693900","185","187","185","185","184","189","184","185"
"1847","20230317","1814","1816","1804","1812","1809.7004","23700","42889900","1814","1816","1804","1806","1806","1814","1806","1812"
"1848","20230317","440","440","436","436","438.2619","4200","1840700","440","440","439","440","440","440","436","436"
"1850","20230317","316","320","316","320","316.988","16700","5293700","316","316","316","316","316","320","316","320"
"1852","20230317","3350","3365","3310","3310","3326.3729","123100","409476500","3350","3365","3310","3325","3325","3335","3310","3310"
"1853","20230317","297","298","296","298","297.1","7000","2079700","297","298","296","296","296","298","296","298"
"1860","20230317","700","701","687","690","691.869","794500","549689900","700","701","687","690","692","693","690","690"
"1861","20230317","2787","2787","2730","2730","2741.7545","204100","559592100","2787","2787","2742","2746","2746","2748","2730","2730"
"1866","20230317","3015","3135","3015","3090","3068.8158","7600","23323000","3015","3070","3015","3070","3085","3135","3060","3090"
"1867","20230317","1348","1363","1340","1340","1346.587","4600","6194300","1348","1363","1348","1357","1355","1356","1340","1340"
"1870","20230317","834","844","822","839","834.7254","38600","32220400","834","835","822","827","828","844","828","839"
"1871","20230317","671","673","665","670","669.293","57000","38149700","671","673","665","670","672","672","668","670"
"1873","20230317","383","383","381","382","382.583","69300","26513000","383","383","382","383","382","383","381","382"
"1878","20230317","12860","12960","12780","12870","12865.7191","264900","3408129000","12860","12960","12780","12840","12870","12890","12840","12870"
"1879","20230317","912","920","900","908","906.711","124200","112613500","912","920","900","903","905","911","901","908"
"1882","20230317","7300","7470","7260","7260","7307.7165","12700","92808000","7300","7380","7300","7340","7340","7470","7260","7260"
"1884","20230317","7330","7490","7330","7450","7431.4205","17600","130793000","7330","7490","7330","7430","7400","7470","7400","7450"
"1885","20230317","2757","2786","2750","2760","2766.448","69200","191438200","2757","2786","2750","2769","2775","2782","2760","2760"
"1887","20230317","596","598","590","593","594.1139","227300","135042100","596","597","592","597","597","598","590","593"
"1888","20230317","3605","3655","3595","3615","3627.4113","28200","102293000","3605","3655","3605","3620","3615","3655","3595","3615"
"1890","20230317","907","912","900","900","903.2853","112500","101619600","907","912","901","908","908","910","900","900"
"1893","20230317","634","639","627","636","633.8443","1591600","1008826600","634","636","627","629","633","639","629","636"
"1897","20230317","2769","2769","2769","2769","2769","100","276900","-","-","-","-","2769","2769","2769","2769"
"1898","20230317","810","823","808","821","817.8974","31200","25518400","810","814","808","811","811","823","811","821"
"1899","20230317","4370","4395","4370","4395","4384.6","5000","21923000","4370","4395","4370","4395","4380","4395","4370","4395"
"1904","20230317","2057","2075","2057","2060","2063.2143","5600","11554000","2057","2072","2057","2072","2060","2075","2060","2060"
"1905","20230317","899","921","899","911","914.7273","3300","3018600","899","908","899","908","910","921","910","911"
"1909","20230317","1702","1733","1689","1720","1714.8627","5100","8745800","1702","1705","1689","1705","1706","1733","1706","1720"
"1911","20230317","2704","2739","2694","2728","2721.4219","2480000","6749126300","2704","2738","2694","2723","2727","2739","2713","2728"
"1914","20230317","513","517","507","514","513.5063","23900","12272800","513","515","507","513","515","517","513","514"
"1921","20230317","426","430","424","430","427.5672","20100","8594100","426","428","424","426","427","430","427","430"
"1925","20230317","3104","3120","3080","3095","3093.9908","2121200","6562973300","3104","3120","3080","3086","3086","3098","3082","3095"
"1926","20230317","1983","1983","1957","1966","1966.0985","112700","221579300","1983","1983","1959","1961","1965","1968","1957","1966"
"1928","20230317","2671.5","2689","2655.5","2685","2682.2455","2545700","6828192250","2671.5","2685.5","2655.5","2682","2680","2689","2678.5","2685"
"1929","20230317","969","970","962","967","965.7725","40000","38630900","969","969","962","962","969","970","963","967"
"1930","20230317","759","766","755","762","761.4115","24300","18502300","759","763","755","759","759","766","758","762"
"1934","20230317","780","787","778","787","783.9219","52500","41155900","780","787","778","779","781","787","781","787"
"1938","20230317","913","920","887","887","894.7943","20900","18701200","913","920","896","903","902","905","887","887"
"1939","20230317","1874","1883","1862","1862","1866.4507","7100","13251800","1874","1883","1866","1866","1862","1873","1862","1862"
"1941","20230317","2174","2188","2165","2179","2178.2868","80200","174698600","2174","2184","2165","2182","2179","2188","2178","2179"
"1942","20230317","925","925","913","920","918.9289","556900","511751500","925","925","913","917","919","920","915","920"
"1944","20230317","1568","1576","1557","1566","1567.3938","384500","602662900","1568","1573","1557","1570","1570","1576","1566","1566"
"1945","20230317","881","887","877","884","882.8584","21900","19334600","881","883","877","881","885","887","881","884"
"1946","20230317","3390","3410","3385","3385","3390.8333","3000","10172500","3390","3410","3390","3395","3405","3405","3385","3385"
"1948","20230317","4580","4700","4580","4630","4627","1000","4627000","4580","4700","4580","4640","4630","4630","4630","4630"
"1949","20230317","2521","2536","2501","2522","2522.0192","78300","197474100","2521","2533","2501","2517","2533","2536","2517","2522"
"1950","20230317","1548","1555","1541","1545","1546.1229","30100","46538300","1548","1555","1541","1546","1549","1553","1545","1545"
"1951","20230317","2409","2425","2400","2412","2412.3528","517600","1248633800","2409","2418","2400","2418","2420","2425","2412","2412"
"1952","20230317","1912","1922","1907","1907","1912.3718","27700","52972700","1912","1920","1910","1917","1922","1922","1907","1907"
"1954","20230317","3215","3230","3205","3220","3218.2282","41200","132591000","3215","3230","3205","3215","3220","3230","3210","3220"
"1959","20230317","3345","3365","3335","3350","3349.9909","109800","367829000","3345","3365","3335","3350","3360","3365","3350","3350"
"1960","20230317","635","635","628","630","631.807","5700","3601300","635","635","628","630","630","631","630","630"
"1961","20230317","1490","1498","1482","1487","1487.3681","110300","164056700","1490","1498","1482","1485","1486","1493","1485","1487"
"1963","20230317","1556","1569","1533","1563","1553.1593","2075400","3223426800","1556","1560","1533","1547","1549","1569","1547","1563"
"1964","20230317","1820","1821","1790","1810","1803.1418","13400","24162100","1820","1821","1794","1801","1790","1810","1790","1810"
"1965","20230317","890","890","886","889","888.9149","4700","4177900","890","890","886","889","888","889","888","889"
"1966","20230317","1298","1310","1270","1270","1279.8969","54300","69498400","1298","1310","1272","1280","1279","1288","1270","1270"
"1967","20230317","800","826","800","820","812.4454","58600","47609300","800","826","800","822","822","825","818","820"
"1968","20230317","3865","3905","3855","3905","3890.9752","28200","109725500","3865","3890","3855","3880","3880","3905","3880","3905"
"1969","20230317","2036","2044","2019","2020","2025.591","101700","206002600","2036","2039","2019","2039","2044","2044","2019","2020"
"1971","20230317","528","528","528","528","528","200","105600","-","-","-","-","528","528","528","528"
"1972","20230317","3775","3840","3765","3830","3801.6535","12700","48281000","3775","3840","3765","3790","3790","3830","3790","3830"
"1973","20230317","1595","1624","1586","1619","1612.5294","309400","498916600","1595","1619","1586","1619","1621","1624","1613","1619"
"1975","20230317","2054","2073","2038","2068","2061.8209","6700","13814200","2054","2062","2038","2053","2053","2073","2053","2068"
"1976","20230317","771","772","763","766","769.6179","410600","316005100","771","772","763","763","763","769","763","766"
"1979","20230317","3510","3525","3475","3525","3512.8889","63000","221312000","3510","3520","3475","3510","3510","3525","3495","3525"
"1980","20230317","2375","2381","2347","2347","2356.8393","53500","126090900","2375","2381","2363","2367","2359","2378","2347","2347"
"1981","20230317","1425","1426","1425","1425","1425.0196","5100","7267600","1425","1426","1425","1425","1425","1425","1425","1425"
"1982","20230317","2083","2083","2046","2065","2065.2649","18500","38207400","2083","2083","2046","2059","2064","2073","2060","2065"
"1992","20230317","1490","1502","1431","1470","1471.6563","3200","4709300","1490","1495","1490","1495","1495","1502","1431","1470"
"1994","20230317","467","467","467","467","467","800","373600","467","467","467","467","467","467","467","467"
"1997","20230317","1358","1358","1351","1351","1355.6667","300","406700","1358","1358","1358","1358","1358","1358","1351","1351"
"2001","20230317","1670","1670","1655","1657","1660.1176","78200","129821200","1670","1670","1658","1660","1666","1666","1655","1657"
"2002","20230317","1573","1573","1555","1561","1562.4002","975600","1524277600","1573","1573","1558","1566","1565","1566","1555","1561"
"2003","20230317","4460","4535","4335","4335","4397.4242","6600","29023000","4460","4460","4385","4395","4535","4535","4335","4335"
"2004","20230317","2508","2519","2490","2498","2501.6694","147600","369246400","2508","2518","2506","2508","2518","2519","2490","2498"
"2009","20230317","599","603","597","603","599.8478","33500","20094900","599","601","597","599","599","603","598","603"
"2053","20230317","1034","1036","1029","1031","1032.0431","41800","43139400","1034","1036","1029","1031","1029","1035","1029","1031"
"2055","20230317","247","247","245","246","246.0625","1600","393700","247","247","245","245","246","247","246","246"
"2060","20230317","668","671","664","666","666.0934","48200","32105700","668","671","664","664","664","668","664","666"
"2107","20230317","890","898","889","895","891.7818","11000","9809600","890","898","890","891","893","895","889","895"
"2108","20230317","1681","1692","1677","1677","1680.4212","34900","58646700","1681","1692","1677","1678","1681","1682","1677","1677"
"2109","20230317","2055","2070","2048","2050","2055.0531","79100","162554700","2055","2070","2052","2055","2060","2060","2048","2050"
"2112","20230317","202","203","201","203","202.3978","46500","9411500","202","203","201","203","203","203","202","203"
"2114","20230317","506","507","500","504","504.3609","13300","6708000","506","507","500","502","502","504","501","504"
"2117","20230317","1667","1683","1667","1679","1677.2505","93800","157326100","1667","1680","1667","1676","1680","1683","1671","1679"
"2120","20230317","203","212","203","211","208.5743","611900","127626600","203","211","203","210","210","212","210","211"
"2121","20230317","2666","2678","2639","2663","2660.9328","317100","843781800","2666","2678","2639","2661","2661","2673","2652","2663"
"2122","20230317","1449","1598","1427","1473","1511.9938","128100","193686400","1449","1598","1427","1566","1547","1578","1441","1473"
"2124","20230317","2495","2571","2495","2555","2540.5517","83200","211373900","2495","2551","2495","2547","2542","2571","2541","2555"
"2127","20230317","1022","1031","997","1024","1020.3501","5147800","5252558400","1022","1027","997","1025","1025","1031","1021","1024"
"2130","20230317","1313","1353","1313","1345","1335.781","140200","187276500","1313","1353","1313","1338","1343","1347","1337","1345"
"2134","20230317","13","14","13","13","13.3541","40100","535500","13","14","13","13","14","14","13","13"
"2136","20230317","862","878","862","875","870.7244","12700","11058200","862","870","862","870","869","878","867","875"
"2138","20230317","869","905","864","896","888.6811","157100","139611800","869","899","864","897","902","905","894","896"
"2139","20230317","410","413","403","405","407.6786","2800","1141500","410","413","410","410","410","410","403","405"
"2146","20230317","2329","2359","2306","2352","2341.7887","228100","534162000","2329","2359","2306","2344","2348","2358","2333","2352"
"2148","20230317","1310","1347","1310","1344","1332.3872","67400","89802900","1310","1335","1310","1335","1335","1347","1332","1344"
"2150","20230317","1167","1190","1154","1185","1178.9296","480000","565886200","1167","1190","1154","1181","1184","1189","1176","1185"
"2152","20230317","1145","1184","1145","1177","1160.931","2900","3366700","1145","1168","1145","1168","1161","1184","1160","1177"
"2153","20230317","1440","1456","1437","1453","1448.6168","21400","31000400","1440","1456","1437","1450","1451","1454","1446","1453"
"2154","20230317","1844","1887","1844","1878","1872.2264","179300","335690200","1844","1876","1844","1872","1872","1887","1867","1878"
"2156","20230317","320","368","300","311","343.8491","584600","201014200","320","368","304","342","340","341","300","311"
"2157","20230317","935","954","935","946","947.2427","359700","340723200","935","951","935","946","949","954","946","946"
"2158","20230317","601","621","595","616","610.2905","381400","232764800","601","620","595","619","619","621","613","616"
"2160","20230317","1050","1138","1049","1125","1114.3448","985200","1097852500","1050","1129","1049","1126","1127","1138","1124","1125"
"2162","20230317","487","490","459","459","470.7631","322100","151632800","487","490","465","471","470","472","459","459"
"2163","20230317","1275","1322","1271","1292","1297.6257","209200","271463300","1275","1322","1271","1290","1290","1305","1275","1292"
"2164","20230317","407","410","405","410","406.6","1000","406600","407","407","405","405","405","410","405","410"
"2168","20230317","1886","1916","1874","1902","1901.7713","69100","131412400","1886","1900","1874","1900","1898","1916","1898","1902"
"2169","20230317","1791","1791","1771","1780","1780.35","2000","3560700","1791","1791","1771","1771","1771","1780","1771","1780"
"2170","20230317","510","522","508","521","517.8822","404100","209276200","510","522","508","518","519","521","517","521"
"2173","20230317","716","726","716","720","719.0429","7000","5033300","716","726","716","720","720","725","717","720"
"2175","20230317","3080","3160","3060","3150","3119.0965","178200","555823000","3080","3120","3060","3120","3120","3160","3115","3150"
"2179","20230317","745","748","744","748","746","1400","1044400","745","745","744","745","745","748","745","748"
"2180","20230317","558","579","556","571","569.3875","24000","13665300","558","579","556","579","574","577","571","571"
"2181","20230317","2580","2652","2566","2646","2626.7498","806500","2118473700","2580","2632","2566","2632","2632","2652","2611","2646"
"2183","20230317","686","698","686","690","689.5366","12300","8481300","686","698","686","689","689","691","686","690"
"2185","20230317","1371","1394","1321","1344","1361.5714","23100","31452300","1371","1394","1321","1357","1357","1360","1332","1344"
"2186","20230317","1041","1045","1034","1040","1038.8101","7900","8206600","1041","1045","1038","1043","1043","1045","1034","1040"
"2193","20230317","223","227","223","225","224.9561","455500","102467500","223","227","223","226","226","227","224","225"
"2195","20230317","1009","1025","1004","1015","1014.1877","35700","36206500","1009","1022","1004","1014","1015","1025","1013","1015"
"2196","20230317","327","341","327","338","334.5838","80000","26766700","327","338","327","337","337","341","336","338"
"2198","20230317","669","675","664","664","667.8945","57800","38604300","669","675","666","666","666","668","664","664"
"2201","20230317","3750","3755","3720","3740","3741.6069","189500","709034500","3750","3755","3720","3755","3750","3750","3735","3740"
"2204","20230317","3145","3150","3135","3135","3143.25","16000","50292000","3145","3150","3135","3140","3140","3150","3135","3135"
"2206","20230317","3355","3360","3335","3355","3350.4448","167500","561199500","3355","3360","3335","3350","3355","3355","3340","3355"
"2207","20230317","1699","1699","1675","1678","1693.9726","62000","105026300","1699","1699","1680","1681","1681","1687","1675","1678"
"2208","20230317","2122","2125","2118","2122","2121.8824","1700","3607200","2122","2122","2118","2118","2120","2125","2120","2122"
"2209","20230317","2226","2237","2220","2222","2227.1624","19700","43875100","2226","2237","2220","2227","2222","2233","2222","2222"
"2211","20230317","2425","2432","2414","2417","2421.462","15800","38259100","2425","2432","2414","2424","2427","2427","2414","2417"
"2212","20230317","1590","1602","1584","1596","1595.5001","638700","1019045900","1590","1601","1584","1594","1599","1602","1591","1596"
"2215","20230317","402","405","401","403","403.1091","11000","4434200","402","405","401","403","404","404","401","403"
"2216","20230317","1132","1157","1132","1155","1147.4896","9600","11015900","1132","1145","1132","1145","1145","1157","1145","1155"
"2217","20230317","3360","3460","3330","3340","3371.7025","32600","109917500","3360","3460","3360","3370","3385","3400","3330","3340"
"2220","20230317","4280","4285","4255","4275","4273.1618","20400","87172500","4280","4285","4255","4265","4285","4285","4260","4275"
"2221","20230317","4630","4660","4610","4620","4630.7143","1400","6483000","4630","4630","4610","4620","4660","4660","4620","4620"
"2222","20230317","8800","8830","8580","8740","8712.7791","126300","1100424000","8800","8830","8580","8600","8620","8760","8610","8740"
"2224","20230317","2770","2771","2766","2766","2769.6667","3300","9139900","2770","2771","2770","2771","2769","2769","2766","2766"
"2226","20230317","5410","5410","5410","5410","5410","100","541000","-","-","-","-","5410","5410","5410","5410"
"2229","20230317","2697","2710","2693","2700","2701.4708","797400","2154152800","2697","2710","2693","2710","2708","2710","2695","2700"
"2264","20230317","4885","4945","4875","4915","4913.0598","302800","1487674500","4885","4945","4875","4910","4930","4930","4895","4915"
"2266","20230317","1359","1368","1341","1364","1360.172","9300","12649600","1359","1359","1341","1353","1353","1368","1353","1364"
"2267","20230317","9410","9590","9400","9510","9514.0542","528100","5024372000","9410","9590","9400","9520","9520","9540","9480","9510"
"2268","20230317","4010","4015","4005","4010","4009.1667","1200","4811000","4010","4010","4005","4010","4015","4015","4010","4010"
"2269","20230317","6390","6420","6340","6350","6364.0869","683400","4349217000","6390","6420","6380","6380","6390","6390","6340","6350"
"2270","20230317","1833","1835","1808","1815","1815.9289","149000","270573400","1833","1835","1813","1819","1819","1820","1808","1815"
"2281","20230317","2210","2211","2193","2201","2200.6919","51600","113555700","2210","2211","2199","2201","2202","2203","2193","2201"
"2282","20230317","3815","3825","3795","3805","3807.3087","466500","1776109500","3815","3825","3795","3795","3805","3810","3795","3805"
"2286","20230317","470","471","465","469","468.1268","7100","3323700","470","470","465","465","466","471","465","469"
"2288","20230317","1457","1467","1457","1460","1461.1203","15800","23085700","1457","1466","1457","1465","1467","1467","1458","1460"
"2291","20230317","1585","1586","1575","1586","1580.9189","3700","5849400","1585","1585","1575","1584","1584","1586","1581","1586"
"2292","20230317","2784","2791","2762","2787","2783.4088","56500","157262600","2784","2784","2762","2781","2781","2791","2775","2787"
"2293","20230317","3100","3100","3100","3100","3100","200","620000","3100","3100","3100","3100","-","-","-","-"
"2294","20230317","2100","2117","2095","2114","2108.141","15600","32887000","2100","2117","2100","2110","2095","2114","2095","2114"
"2296","20230317","714","718","710","711","712.3812","637500","454143000","714","718","711","712","712","713","710","711"
"2300","20230317","454","456","454","455","454.6667","2100","954800","454","456","454","455","455","456","455","455"
"2301","20230317","1525","1570","1525","1546","1547.9366","56800","87922800","1525","1546","1525","1530","1530","1570","1530","1546"
"2303","20230317","2150","2205","2150","2203","2186.7536","6900","15088600","2150","2205","2150","2165","2183","2204","2179","2203"
"2304","20230317","399","399","393","398","397.5833","3600","1431300","399","399","393","399","397","399","397","398"
"2305","20230317","2100","2133","2100","2124","2121.8265","31700","67261900","2100","2127","2100","2122","2122","2133","2121","2124"
"2307","20230317","1234","1286","1234","1276","1269.7078","59900","76055500","1234","1272","1234","1272","1273","1286","1273","1276"
"2309","20230317","2014","2082","2008","2072","2050.2225","182900","374985700","2014","2033","2008","2017","2015","2082","2015","2072"
"2311","20230317","699","704","693","702","699.3801","32100","22450100","699","700","693","698","700","704","700","702"
"2315","20230317","58","62","58","61","60.044","1048600","62962100","58","61","58","60","61","62","60","61"
"2317","20230317","301","305","301","301","302.1381","1554400","469643400","301","304","301","304","304","305","301","301"
"2321","20230317","89","90","88","90","89.5463","31300","2802800","89","90","88","89","89","90","89","90"
"2323","20230317","328","339","328","339","334.5283","5300","1773000","328","333","328","330","331","339","331","339"
"2325","20230317","2170","2199","2169","2186","2181.8261","6900","15054600","2170","2199","2169","2191","2183","2193","2173","2186"
"2326","20230317","5090","5250","5090","5240","5208.08","75000","390606000","5090","5210","5090","5210","5210","5250","5210","5240"
"2327","20230317","3470","3525","3465","3520","3508.8747","94200","330536000","3470","3515","3465","3510","3505","3525","3505","3520"
"2329","20230317","687","687","681","681","686","700","480200","687","687","687","687","687","687","681","681"
"2330","20230317","69","72","69","71","70.3045","404900","28466300","69","71","69","70","70","72","70","71"
"2331","20230317","3565","3595","3560","3570","3574.1908","210700","753082000","3565","3595","3560","3590","3595","3595","3570","3570"
"2332","20230317","1283","1303","1283","1303","1296.3778","4500","5833700","1283","1300","1283","1300","1300","1303","1300","1303"
"2334","20230317","1311","1342","1297","1322","1321.2253","50600","66854000","1311","1333","1297","1323","1323","1342","1322","1322"
"2335","20230317","1140","1166","1140","1162","1155.8497","17300","19996200","1140","1160","1140","1160","1160","1166","1158","1162"
"2337","20230317","282","282","277","278","278.6264","1116300","311030600","282","282","277","278","278","279","277","278"
"2338","20230317","842","850","840","840","844.2892","8300","7007600","842","850","842","844","844","845","840","840"
"2340","20230317","245","246","244","246","244.5813","32000","7826600","245","246","244","244","244","246","244","246"
"2341","20230317","126","127","125","127","125.6611","36000","4523800","126","127","125","125","125","127","125","127"
"2342","20230317","324","328","318","327","323.8584","23300","7545900","324","325","318","324","324","328","324","327"
"2344","20230317","737","739","735","738","736.6183","18600","13701100","737","739","735","736","737","738","736","738"
"2345","20230317","416","442","413","437","427.9676","885500","378965300","416","436","413","435","432","442","432","437"
"2349","20230317","1760","1790","1760","1790","1770","300","531000","1760","1790","1760","1790","-","-","-","-"
"2351","20230317","470","476","470","473","473.2432","3700","1751000","470","475","470","473","474","476","473","473"
"2353","20230317","231","233","228","231","230.5572","1561000","359899800","231","233","228","230","230","232","229","231"
"2354","20230317","427","436","427","434","432.4574","28200","12195300","427","434","427","432","435","436","431","434"
"2359","20230317","1537","1604","1536","1592","1567.7198","25700","40290400","1537","1586","1536","1586","1586","1604","1582","1592"
"2370","20230317","66","69","66","68","67.6857","1748600","118355200","66","69","66","68","68","69","68","68"
"2371","20230317","1806","1847","1806","1841","1834.7315","1246900","2287726700","1806","1843","1806","1839","1834","1847","1833","1841"
"2372","20230317","1780","1806","1777","1800","1795.4102","62900","112931300","1780","1800","1777","1794","1792","1806","1790","1800"
"2373","20230317","661","678","661","678","673.5","3400","2289900","661","678","661","678","674","678","669","678"
"2374","20230317","758","766","752","765","761.2246","28500","21694900","758","763","752","760","760","766","760","765"
"2375","20230317","275","278","272","278","274.8268","30600","8409700","275","277","272","275","275","278","273","278"
"2376","20230317","577","578","569","569","571.5313","3200","1828900","577","578","570","571","571","572","569","569"
"2378","20230317","925","928","921","921","924.1797","21700","20054700","925","928","924","924","922","927","921","921"
"2379","20230317","3475","3490","3435","3475","3470.8141","112400","390119500","3475","3480","3435","3470","3480","3490","3465","3475"
"2384","20230317","3250","3285","3245","3280","3270.5789","76000","248564000","3250","3280","3245","3270","3275","3285","3270","3280"
"2385","20230317","254","254","249","249","250.687","47600","11932700","254","254","250","250","250","253","249","249"
"2388","20230317","164","166","163","164","165.0244","213300","35199700","164","166","163","165","165","166","164","164"
"2389","20230317","1088","1096","1061","1076","1074.531","88700","95310900","1088","1096","1061","1074","1076","1081","1073","1076"
"2391","20230317","1243","1247","1234","1234","1240.5882","1700","2109000","1243","1247","1237","1237","1245","1245","1234","1234"
"2393","20230317","1647","1660","1639","1657","1649.8788","3300","5444600","1647","1650","1639","1640","1643","1660","1643","1657"
"2395","20230317","2835","2872","2766","2864","2829.3911","633800","1793268100","2835","2851","2766","2779","2781","2872","2781","2864"
"2397","20230317","700","759","700","736","737.5379","377000","278051800","700","759","700","747","747","758","733","736"
"2402","20230317","544","544","537","541","539.8537","8200","4426800","544","544","539","539","539","541","537","541"
"2404","20230317","317","317","292","295","305.4494","89000","27185000","317","317","292","296","295","299","295","295"
"2408","20230317","365","366","365","365","365.5385","1300","475200","365","366","365","366","365","365","365","365"
"2410","20230317","2223","2291","2221","2274","2266.8115","83800","189958800","2223","2291","2221","2277","2278","2286","2259","2274"
"2411","20230317","476","481","461","466","467.7023","167300","78246600","476","481","461","465","466","471","463","466"
"2412","20230317","1979","2044","1979","2039","2023.2753","230300","465960300","1979","2023","1979","2021","2020","2044","2020","2039"
"2413","20230317","3331","3447","3323","3443","3411.5251","2915900","9947666000","3331","3418","3323","3404","3418","3447","3413","3443"
"2415","20230317","923","931","905","906","910.6333","3000","2731900","923","931","916","917","905","909","905","906"
"2418","20230317","408","417","405","417","413.7987","78500","32483200","408","415","405","413","414","417","414","417"
"2424","20230317","999","1047","990","1033","1024.8017","106400","109038900","999","1025","990","1018","1021","1047","1016","1033"
"2425","20230317","768","768","756","756","762.2979","4700","3582800","768","768","758","760","765","768","756","756"
"2427","20230317","1230","1243","1213","1239","1230.3579","1309200","1610784500","1230","1239","1213","1226","1231","1243","1228","1239"
"2428","20230317","630","640","623","640","634.7038","129300","82067200","630","640","623","635","635","640","635","640"
"2429","20230317","2523","2541","2512","2532","2530.6234","15400","38971600","2523","2541","2512","2523","2525","2540","2525","2532"
"2432","20230317","1745","1766","1738","1763","1758.2781","431800","759224500","1745","1760","1738","1758","1754","1766","1754","1763"
"2433","20230317","1484","1501","1479","1495","1492.5136","970900","1449081500","1484","1492","1479","1489","1494","1501","1487","1495"
"2435","20230317","169","171","169","170","169.8029","13700","2326300","169","170","169","170","170","171","170","170"
"2436","20230317","571","583","561","582","572.965","14300","8193400","571","571","561","569","567","583","567","582"
"2437","20230317","545","565","545","551","555.5054","175700","97602300","545","565","545","558","556","559","550","551"
"2438","20230317","966","990","962","982","980.8734","206200","202256100","966","982","962","980","977","990","977","982"
"2440","20230317","323","333","321","323","325.0394","776800","252490600","323","330","323","328","328","333","321","323"
"2445","20230317","416","419","410","411","412.7835","35100","14488700","416","419","412","414","415","415","410","411"
"2449","20230317","960","990","960","982","975.9545","2200","2147100","960","973","960","973","990","990","977","982"
"2453","20230317","723","740","723","733","730.3479","54900","40096100","723","732","723","730","730","740","730","733"
"2454","20230317","548","555","548","555","551.9167","1200","662300","548","555","548","555","555","555","554","555"
"2459","20230317","159","162","159","160","159.4892","13900","2216900","159","160","159","159","159","162","159","160"
"2461","20230317","403","408","403","406","406.119","66400","26966300","403","407","403","405","405","408","404","406"
"2462","20230317","1874","1874","1843","1863","1861.5808","52000","96802200","1874","1874","1843","1845","1852","1864","1847","1863"
"2464","20230317","427","491","417","491","472.3707","1855800","876625500","427","491","417","466","470","491","453","491"
"2468","20230317","249","269","238","266","252.9609","176300","44597000","249","255","238","253","252","269","252","266"
"2469","20230317","1402","1407","1401","1404","1403.6","500","701800","1402","1402","1401","1401","1407","1407","1404","1404"
"2471","20230317","571","587","565","586","579.9339","661500","383626300","571","587","565","583","583","586","581","586"
"2475","20230317","1940","1976","1940","1976","1948.8991","53500","104266100","1940","1966","1940","1965","1970","1976","1968","1976"
"2477","20230317","4705","4760","4665","4750","4726.5421","10700","50574000","4705","4730","4665","4720","4720","4760","4720","4750"
"2479","20230317","274","283","274","278","279.3015","140300","39186000","274","282","274","280","280","283","276","278"
"2480","20230317","1480","1489","1461","1489","1477.6","500","738800","1480","1480","1480","1480","1471","1489","1461","1489"
"2481","20230317","516","527","503","516","518.5789","9500","4926500","516","527","516","527","527","527","503","516"
"2483","20230317","1550","1571","1550","1560","1564.4583","2400","3754700","1550","1571","1550","1570","1560","1567","1560","1560"
"2484","20230317","431","445","431","442","441.2368","3340300","1473863300","431","445","431","442","442","445","438","442"
"2485","20230317","430","434","430","433","432.2134","31400","13571500","430","434","430","433","430","434","430","433"
"2487","20230317","1183","1185","1180","1185","1183","1300","1537900","1183","1183","1180","1181","1184","1185","1180","1185"
"2488","20230317","811","829","787","821","813.6509","78200","63627500","811","829","787","821","821","824","807","821"
"2489","20230317","693","710","690","704","702.129","234100","164368400","693","705","690","705","705","710","704","704"
"2491","20230317","1628","1689","1621","1686","1666.9844","269300","448918900","1628","1675","1621","1670","1669","1689","1665","1686"
"2492","20230317","264","272","262","270","267.9884","1487700","398686300","264","268","262","267","268","272","267","270"
"2493","20230317","890","890","876","886","882.7273","5500","4855000","890","890","876","886","886","890","883","886"
"2497","20230317","1280","1305","1280","1296","1295.8044","22500","29155600","1280","1303","1280","1297","1297","1305","1296","1296"
"2498","20230317","2507","2513","2507","2513","2511.2143","1400","3515700","2507","2510","2507","2510","2510","2513","2510","2513"
"2499","20230317","297","300","297","299","298.619","2100","627100","297","298","297","298","299","300","299","299"
"2501","20230317","3385","3470","3365","3465","3429.8952","562900","1930688000","3385","3425","3365","3415","3425","3470","3400","3465"
"2502","20230317","4716","4752","4703","4740","4733.1406","1727100","8174607100","4716","4749","4703","4739","4740","4752","4720","4740"
"2503","20230317","2069","2080","2058","2075","2072.4522","2989100","6194766800","2069","2080","2063","2067","2066","2076.5","2058","2075"
"2531","20230317","1033","1037","1029","1032","1032.2141","666400","687867500","1033","1037","1029","1031","1033","1035","1029","1032"
"2533","20230317","259","265","257","264","261.0516","56200","14671100","259","261","257","260","261","265","259","264"
"2540","20230317","1855","1859","1845","1851","1852.8235","5100","9449400","1855","1855","1845","1850","1854","1859","1851","1851"
"2573","20230317","4200","4220","4200","4220","4207.6667","1500","6311500","4200","4215","4200","4215","4205","4220","4205","4220"
"2579","20230317","1405","1405","1393","1399","1399.0999","367300","513889400","1405","1405","1393","1400","1402","1404","1395","1399"
"2585","20230317","2728","2748","2650","2735","2710.4178","58400","158288400","2728","2748","2650","2695","2695","2746","2695","2735"
"2586","20230317","73","73","71","72","72.1813","82200","5933300","73","73","71","73","72","73","72","72"
"2587","20230317","4830","4865","4800","4835","4834.1107","687600","3323934500","4830","4865","4810","4835","4825","4840","4800","4835"
"2588","20230317","2550","2559","2535","2541","2549.7206","6800","17338100","2550","2550","2535","2539","2545","2559","2541","2541"
"2590","20230317","4775","4815","4775","4810","4802.4783","23000","110457000","4775","4815","4775","4795","4810","4810","4795","4810"
"2593","20230317","4115","4275","4105","4265","4227.6735","540500","2285057500","4115","4230","4105","4220","4220","4275","4200","4265"
"2594","20230317","2041","2049","2041","2045","2042.9489","121300","247809700","2041","2049","2041","2046","2047","2048","2042","2045"
"2597","20230317","895","898","895","895","895.7105","3800","3403700","895","896","895","895","896","898","895","895"
"2599","20230317","1100","1101","1095","1101","1098.8929","2800","3076900","1100","1100","1095","1097","1100","1101","1097","1101"
"2602","20230317","3335","3340","3290","3290","3304.4157","89000","294093000","3335","3340","3290","3295","3300","3300","3290","3290"
"2607","20230317","1850","1861","1838","1848","1847.8697","365200","674842000","1850","1854","1838","1848","1850","1861","1844","1848"
"2612","20230317","3590","3615","3590","3610","3606.0526","1900","6851500","3590","3605","3590","3605","3610","3615","3600","3610"
"2613","20230317","1525","1532","1520","1524","1524.8458","90800","138456000","1525","1532","1521","1524","1524","1528","1520","1524"
"2651","20230317","5470","5500","5440","5490","5480.8557","298000","1633295000","5470","5490","5440","5470","5500","5500","5460","5490"
"2652","20230317","1355","1355","1309","1336","1333.5696","38800","51742500","1355","1355","1309","1326","1326","1338","1323","1336"
"2653","20230317","2246","2268","2241","2247","2251.0667","3000","6753200","2246","2268","2241","2251","2241","2247","2241","2247"
"2654","20230317","367","372","367","372","367.2083","2400","881300","367","367","367","367","367","372","367","372"
"2656","20230317","236","248","236","245","242.9301","181700","44140400","236","248","236","243","243","246","240","245"
"2659","20230317","4050","4080","4040","4075","4064.619","53800","218676500","4050","4075","4040","4055","4060","4080","4045","4075"
"2664","20230317","2215","2243","2209","2239","2227.2585","132300","294666300","2215","2228","2209","2226","2229","2243","2226","2239"
"2666","20230317","214","220","211","217","215.4509","274800","59205900","214","217","211","214","214","220","214","217"
"2667","20230317","670","689","662","680","677.2575","651000","440894600","670","689","662","683","683","686","668","680"
"2668","20230317","1072","1072","1070","1070","1071","800","856800","1072","1072","1070","1070","1070","1070","1070","1070"
"2669","20230317","2791","2798","2790","2792","2793","2300","6423900","2791","2792","2790","2792","2794","2798","2792","2792"
"2670","20230317","7150","7150","7020","7100","7088.668","196700","1394341000","7150","7150","7050","7050","7040","7120","7020","7100"
"2673","20230317","111","113","109","111","110.4866","134000","14805200","111","113","109","111","110","111","110","111"
"2674","20230317","1300","1307","1284","1290","1293.2844","45000","58197800","1300","1307","1284","1289","1295","1301","1289","1290"
"2676","20230317","2549","2549","2505","2507","2518.6823","19200","48358700","2549","2549","2510","2518","2518","2522","2505","2507"
"2678","20230317","1622","1641","1600","1633","1626.4434","425600","692214300","1622","1638","1603","1607","1609","1641","1600","1633"
"2681","20230317","1573","1606","1569","1598","1589.4942","311600","495286400","1573","1595","1569","1581","1587","1606","1576","1598"
"2683","20230317","1140","1142","1138","1142","1139.875","800","911900","1140","1141","1139","1139","1138","1142","1138","1142"
"2685","20230317","2421","2440","2395","2424","2419.3137","297100","718778100","2421","2440","2395","2413","2412","2428","2411","2424"
"2686","20230317","278","279","278","278","278.2879","19800","5510100","278","279","278","279","278","279","278","278"
"2687","20230317","414","416","413","414","414","3400","1407600","414","416","413","414","414","415","413","414"
"2689","20230317","1620","1646","1620","1642","1636.8235","1700","2782600","1620","1620","1620","1620","1629","1646","1629","1642"
"2692","20230317","5020","5020","4955","4955","4996.5602","26600","132908500","5020","5020","4970","4980","4970","4980","4955","4955"
"2693","20230317","268","275","267","275","270.6117","37600","10175000","268","272","267","270","270","275","270","275"
"2694","20230317","74","74","73","74","73.9083","111200","8218600","74","74","73","74","74","74","73","74"
"2695","20230317","3205","3255","3200","3250","3225.0229","261700","843988500","3205","3240","3200","3220","3230","3255","3230","3250"
"2698","20230317","2381","2408","2381","2400","2399.4891","9200","22075300","2381","2406","2381","2399","2399","2408","2399","2400"
"2700","20230317","3875","3890","3855","3855","3862.7273","1100","4249000","3875","3890","3855","3855","3855","3855","3855","3855"
"2702","20230317","5340","5370","5300","5310","5315.4802","3317600","17634637000","5340","5350","5300","5330","5320","5370","5310","5310"
"2705","20230317","3970","4045","3965","3995","4009.6226","10600","42502000","3970","4020","3965","4000","4000","4045","3995","3995"
"2706","20230317","1019","1028","1010","1028","1018.1124","8900","9061200","1019","1019","1010","1014","1014","1028","1014","1028"
"2708","20230317","894","894","846","883","880.5053","9500","8364800","894","894","846","889","885","886","880","883"
"2715","20230317","1796","1810","1766","1786","1781.1263","57000","101524200","1796","1810","1766","1771","1771","1790","1766","1786"
"2721","20230317","340","367","335","367","351.0721","642000","225388300","340","355","335","335","337","367","336","367"
"2722","20230317","390","391","385","391","389.6667","9000","3507000","390","391","385","388","388","391","388","391"
"2726","20230317","2897","2938","2878","2919","2914.0486","207900","605830700","2897","2938","2878","2913","2914","2929","2898","2919"
"2730","20230317","1320","1329","1318","1318","1320.2491","584500","771685600","1320","1329","1318","1321","1321","1325","1318","1318"
"2733","20230317","4045","4055","3975","3995","4000.9339","25700","102824000","4045","4055","3975","3980","3985","4010","3985","3995"
"2734","20230317","728","729","722","728","725.3457","62200","45116500","728","729","722","722","722","728","722","728"
"2735","20230317","689","689","683","683","684.7931","8700","5957700","689","689","685","686","685","686","683","683"
"2736","20230317","1461","1461","1461","1461","1461","100","146100","-","-","-","-","1461","1461","1461","1461"
"2737","20230317","6760","6810","6620","6720","6683.4118","17000","113618000","6760","6810","6620","6630","6620","6720","6620","6720"
"2742","20230317","3060","3090","3060","3090","3078.2258","27900","85882500","3060","3080","3060","3080","3085","3090","3075","3090"
"2743","20230317","41","43","41","42","41.983","52900","2220900","41","42","41","41","42","43","42","42"
"2747","20230317","2916","2916","2916","2916","2916","300","874800","2916","2916","2916","2916","2916","2916","2916","2916"
"2749","20230317","335","349","335","343","343.9842","646800","222489000","335","347","335","347","347","349","343","343"
"2750","20230317","702","726","702","724","713.5395","15200","10845800","702","714","702","714","713","726","711","724"
"2751","20230317","2508","2508","2491","2494","2497.2192","7300","18229700","2508","2508","2491","2498","2491","2502","2491","2494"
"2752","20230317","1362","1374","1357","1366","1368.1391","96300","131751800","1362","1373","1357","1368","1369","1374","1366","1366"
"2753","20230317","3080","3090","3065","3070","3076.4407","5900","18151000","3080","3090","3065","3085","3080","3085","3070","3070"
"2754","20230317","347","348","345","345","346.75","400","138700","347","348","345","345","-","-","-","-"
"2760","20230317","8450","8460","8180","8270","8280.4482","100400","831357000","8450","8460","8190","8200","8180","8300","8180","8270"
"2762","20230317","147","148","145","146","146.7273","50600","7424400","147","148","146","147","147","148","145","146"
"2763","20230317","1095","1099","1090","1099","1095.4773","4400","4820100","1095","1097","1090","1096","1092","1099","1092","1099"
"2764","20230317","188","192","188","192","190.9775","160200","30594600","188","191","188","191","191","192","190","192"
"2767","20230317","1988","1988","1843","1913","1899.2032","1750200","3323985400","1988","1988","1843","1889","1894","1916","1861","1913"
"2768","20230317","2612","2620","2586","2594","2599.406","2639400","6860872100","2612","2619","2586","2597","2597","2620","2594","2594"
"2769","20230317","1045","1051","1045","1051","1048.3529","5100","5346600","1045","1051","1045","1051","1049","1051","1046","1051"
"2776","20230317","93","97","93","96","95.2383","224900","21419100","93","95","93","94","94","97","94","96"
"2777","20230317","1216","1216","1216","1216","1216","14900","18118400","1216","1216","1216","1216","1216","1216","1216","1216"
"2778","20230317","213","219","211","219","214.9661","200700","43143700","213","215","211","213","214","219","214","219"
"2780","20230317","2471","2515","2463","2485","2484.5763","81900","203486800","2471","2515","2463","2487","2476","2495","2473","2485"
"2782","20230317","2548","2560","2484","2484","2495.7107","1413900","3528685400","2548","2560","2531","2539","2549","2549","2484","2484"
"2784","20230317","1704","1710","1694","1699","1700.679","713500","1213434500","1704","1710","1694","1700","1704","1707","1696","1699"
"2788","20230317","253","256","250","251","252.4609","84400","21307700","253","256","250","252","252","254","251","251"
"2789","20230317","383","385","383","383","383.9091","2200","844600","383","383","383","383","385","385","383","383"
"2790","20230317","1775","1782","1721","1721","1731.8243","349500","605272600","1775","1782","1753","1771","1770","1778","1721","1721"
"2791","20230317","4980","5010","4955","4960","4972.4128","17200","85525500","4980","5010","4955","4985","4995","4995","4955","4960"
"2792","20230317","1530","1543","1524","1543","1536.1647","109300","167902800","1530","1540","1524","1527","1532","1543","1525","1543"
"2795","20230317","728","728","728","728","728","100","72800","728","728","728","728","-","-","-","-"
"2796","20230317","611","611","607","608","609.0227","4400","2679700","611","611","607","607","609","611","608","608"
"2798","20230317","1904","1904","1902","1902","1903.4","500","951700","1904","1904","1904","1904","1904","1904","1902","1902"
"2801","20230317","6430","6570","6380","6550","6506.8755","812300","5285535000","6430","6490","6380","6480","6490","6570","6470","6550"
"2802","20230317","4463","4519","4434","4490","4490.8274","1891900","8496196400","4463","4519","4434","4504","4499","4504","4473","4490"
"2804","20230317","1963","1969","1920","1929","1941.0679","16200","31445300","1963","1969","1959","1964","1967","1967","1920","1929"
"2805","20230317","3505","3515","3500","3515","3508.0769","1300","4560500","3505","3510","3500","3510","3510","3515","3510","3515"
"2806","20230317","1977","1999","1977","1985","1990.5","1000","1990500","1977","1977","1977","1977","1977","1999","1977","1985"
"2809","20230317","2204","2207","2192","2203","2200.7248","410300","902957400","2204","2207","2196","2201","2201","2203","2192","2203"
"2810","20230317","2732","2735","2714","2722","2722.4159","239700","652563100","2732","2735","2719","2726","2727","2730","2714","2722"
"2811","20230317","3015","3020","3000","3005","3008.6135","151100","454601500","3015","3020","3000","3020","3020","3020","3005","3005"
"2812","20230317","864","876","864","865","867.2245","4900","4249400","864","876","864","867","865","872","865","865"
"2813","20230317","7900","8080","7900","8080","7982.5","400","3193000","7900","7900","7900","7900","8050","8080","8050","8080"
"2814","20230317","1601","1601","1601","1601","1601","200","320200","1601","1601","1601","1601","-","-","-","-"
"2815","20230317","4790","4810","4745","4775","4770.0336","44600","212743500","4790","4810","4745","4760","4770","4775","4745","4775"
"2816","20230317","1394","1394","1390","1393","1393.25","1200","1671900","1394","1394","1390","1392","1394","1394","1393","1393"
"2818","20230317","1860","1866","1860","1866","1862.64","2500","4656600","1860","1862","1860","1862","1862","1866","1862","1866"
"2819","20230317","3095","3115","3075","3085","3093.4615","9100","28150500","3095","3115","3085","3110","3100","3100","3075","3085"
"2820","20230317","1318","1332","1311","1329","1323.732","9700","12840200","1318","1325","1311","1321","1327","1332","1322","1329"
"2830","20230317","2428","2435","2428","2429","2430.05","2000","4860100","2428","2428","2428","2428","2428","2435","2428","2429"
"2831","20230317","3025","3025","3010","3010","3017.5","1400","4224500","3025","3025","3015","3015","3010","3010","3010","3010"
"2871","20230317","2703","2726","2693","2699","2704.2221","495800","1340753300","2703","2726","2695","2713","2718","2718","2693","2699"
"2872","20230317","3580","3580","3555","3555","3563.5714","700","2494500","-","-","-","-","3580","3580","3555","3555"
"2874","20230317","951","951","934","939","939.0493","277900","260961800","951","951","935","939","939","942","934","939"
"2875","20230317","5600","5640","5550","5560","5579.9974","391600","2185127000","5600","5630","5570","5630","5630","5640","5550","5560"
"2876","20230317","400","410","397","403","401.7083","9600","3856400","400","402","397","400","410","410","402","403"
"2877","20230317","772","780","767","780","771.0588","1700","1310800","772","772","767","769","770","780","770","780"
"2882","20230317","2209","2224","2202","2210","2214.3899","15900","35208800","2209","2222","2202","2216","2219","2224","2209","2210"
"2883","20230317","1906","1915","1905","1913","1909.55","2000","3819100","1906","1910","1905","1905","1913","1915","1913","1913"
"2884","20230317","1097","1134","1078","1124","1112.9939","162800","181195400","1097","1112","1078","1110","1110","1134","1107","1124"
"2892","20230317","3485","3485","3420","3440","3440.2536","13800","47475500","3485","3485","3420","3425","3425","3440","3420","3440"
"2894","20230317","254","254","253","254","253.7407","2700","685100","254","254","254","254","254","254","253","254"
"2897","20230317","11760","11880","11730","11760","11784.2839","316300","3727369000","11760","11880","11760","11810","11770","11800","11730","11760"
"2899","20230317","2096","2109","2096","2097","2098.655","22900","48059200","2096","2106","2096","2105","2106","2109","2097","2097"
"2901","20230317","183","183","180","180","180.2926","39300","7085500","183","183","180","181","181","181","180","180"
"2903","20230317","717","717","711","717","716.3056","3600","2578700","717","717","711","716","716","717","715","717"
"2904","20230317","713","718","713","716","716.0377","5300","3795000","713","718","713","718","718","718","716","716"
"2907","20230317","822","827","821","823","824.8852","6100","5031800","822","827","821","826","826","826","823","823"
"2908","20230317","1850","1862","1850","1862","1858.1059","62300","115760000","1850","1861","1850","1858","1860","1862","1855","1862"
"2910","20230317","1531","1545","1521","1525","1529.3189","210700","322227500","1531","1545","1521","1525","1529","1533","1524","1525"
"2911","20230317","-","-","-","-","-","-","-","-","-","-","-","-","-","-","-"
"2914","20230317","2737","2737","2712","2722.5","2722.8849","5411000","14733530350","2737","2737","2718","2724","2721","2722.5","2712","2722.5"
"2915","20230317","1261","1266","1226","1226","1241.3844","157900","196014600","1261","1266","1238","1238","1238","1248","1226","1226"
"2916","20230317","638","644","638","644","640.8333","600","384500","638","638","638","638","643","644","643","644"
"2917","20230317","825","825","813","819","818.3043","2300","1882100","825","825","825","825","813","819","813","819"
"2918","20230317","1748","1768","1746","1766","1761.5615","35800","63063900","1748","1767","1746","1763","1767","1768","1756","1766"
"2922","20230317","1999","2000","1984","1985","1993.4854","48000","95687300","1999","2000","1993","1993","1993","1996","1984","1985"
"2923","20230317","4920","4960","4920","4955","4943","500","2471500","4920","4960","4920","4960","4955","4955","4955","4955"
"2924","20230317","951","959","951","951","953.5484","3100","2956000","951","959","951","957","957","957","951","951"
"2926","20230317","93","94","93","94","93.0119","33700","3134500","93","94","93","93","93","94","93","94"
"2927","20230317","732","742","729","741","735.8104","36400","26783500","732","738","729","736","736","742","736","741"
"2929","20230317","1364","1397","1352","1397","1378.5534","263800","363662400","1364","1384","1352","1379","1382","1397","1379","1397"
"2930","20230317","350","354","348","353","351.405","605700","212846000","350","352","348","349","350","354","349","353"
"2931","20230317","893","916","893","916","907.1197","573000","519779600","893","908","893","903","904","916","904","916"
"2932","20230317","2704","2704","2684","2687","2695.6316","3800","10243400","2704","2704","2684","2692","2691","2704","2687","2687"
"2933","20230317","943","944","939","940","941.442","22400","21088300","943","944","940","944","944","944","939","940"
"2934","20230317","2395","2395","2330","2335","2346.5435","4600","10794100","2395","2395","2330","2360","2350","2367","2335","2335"
"2935","20230317","1186","1196","1179","1179","1184.6186","9700","11490800","1186","1196","1182","1182","1184","1186","1179","1179"
"2936","20230317","438","450","431","436","439.3669","64600","28383100","438","441","431","436","436","450","434","436"
"2937","20230317","4300","4415","4205","4360","4323.2114","248800","1075615000","4300","4380","4205","4375","4370","4415","4310","4360"
"2961","20230317","-","-","-","-","-","-","-","-","-","-","-","-","-","-","-"
"2970","20230317","1251","1251","1179","1224","1206.9524","4200","5069200","1251","1251","1186","1204","1179","1225","1179","1224"
"2975","20230317","663","668","661","665","665.0567","60000","39903400","663","668","661","664","664","668","664","665"
"2978","20230317","729","729","672","689","687.556","25900","17807700","729","729","672","678","688","700","678","689"
"2980","20230317","3585","3660","3500","3645","3604.6353","185100","667218000","3585","3620","3500","3590","3585","3660","3585","3645"
"2981","20230317","2592","2670","2592","2670","2646.5","2200","5822300","2592","2650","2592","2650","2637","2670","2637","2670"
"2982","20230317","160","162","160","161","160.9893","149500","24067900","160","162","160","161","161","162","161","161"
"2983","20230317","719","741","690","708","710.8452","33600","23884400","719","741","696","699","699","708","690","708"
"2984","20230317","895","900","864","866","889.2652","31300","27834000","895","900","895","899","894","894","864","866"
"2986","20230317","3795","3830","3715","3760","3769.0045","44200","166590000","3795","3830","3715","3730","3735","3775","3730","3760"
"2987","20230317","1061","1070","1044","1055","1057.294","73800","78028300","1061","1070","1044","1058","1061","1068","1055","1055"
"2991","20230317","1131","1134","1131","1134","1132","1100","1245200","1131","1131","1131","1131","1133","1134","1133","1134"
"2993","20230317","2140","2182","2058","2101","2105.8123","26100","54961700","2140","2182","2058","2078","2078","2111","2065","2101"
"2997","20230317","524","525","498","506","510.5691","56400","28796100","524","525","505","506","509","509","498","506"
"2998","20230317","2846","2946","2846","2933","2912.9942","68400","199248800","2846","2927","2846","2886","2890","2946","2890","2933"
"2999","20230317","536","552","534","548","544.1353","20700","11263600","536","542","534","540","545","552","542","548"
"3001","20230317","1756","1771","1756","1763","1763.6178","19100","33685100","1756","1771","1756","1765","1764","1771","1756","1763"
"3002","20230317","4540","4575","4525","4550","4546.8535","43700","198697500","4540","4575","4525","4540","4550","4560","4540","4550"
"3003","20230317","1060","1075","1059","1066","1066.0697","2542300","2710268900","1060","1075","1059","1067","1067","1068","1064","1066"
"3004","20230317","870","876","863","868","869.5476","4200","3652100","870","872","863","863","873","876","864","868"
"3010","20230317","90","90","89","90","89.8156","84600","7598400","90","90","89","90","90","90","89","90"
"3011","20230317","123","128","123","127","125.2607","25700","3219200","123","126","123","126","125","128","123","127"
"3020","20230317","2069","2069","2023","2037","2047.5238","2100","4299800","2069","2069","2023","2023","2040","2051","2037","2037"
"3021","20230317","1236","1328","1236","1301","1273.3393","5600","7130700","1236","1328","1236","1312","1312","1312","1301","1301"
"3023","20230317","1488","1502","1451","1455","1467.5261","30600","44906300","1488","1502","1451","1456","1460","1468","1455","1455"
"3024","20230317","856","856","826","853","843.4096","8300","7000300","856","856","826","835","835","853","835","853"
"3028","20230317","1941","1946","1925","1932","1931.5366","61500","118789500","1941","1946","1927","1929","1931","1934","1925","1932"
"3030","20230317","727","727","655","666","674.6143","842300","568227600","727","727","657","664","661","675","655","666"
"3031","20230317","925","949","924","938","937.1941","247800","232236700","925","949","924","938","941","943","931","938"
"3034","20230317","1123","1135","1123","1133","1127.4214","151400","170691600","1123","1135","1123","1135","1135","1135","1127","1133"
"3035","20230317","375","377","375","377","375.7059","1700","638700","375","375","375","375","375","377","375","377"
"3036","20230317","1337","1346","1328","1330","1332.4851","141000","187880400","1337","1346","1330","1333","1331","1334","1328","1330"
"3038","20230317","3575","3595","3530","3565","3564.5365","842500","3003122000","3575","3595","3530","3560","3560","3580","3550","3565"
"3040","20230317","1027","1080","1026","1071","1065.6147","65400","69691200","1027","1073","1026","1073","1073","1080","1069","1071"
"3041","20230317","287","287","283","284","284.6538","2600","740100","287","287","284","285","283","284","283","284"
"3042","20230317","259","259","254","257","256.8218","20200","5187800","259","259","254","257","258","259","256","257"
"3045","20230317","1367","1367","1363","1363","1365","200","273000","1367","1367","1367","1367","1363","1363","1363","1363"
"3046","20230317","3600","3690","3590","3675","3658.0975","104600","382637000","3600","3690","3590","3670","3665","3690","3640","3675"
"3048","20230317","1125","1135","1124","1131","1130.3286","607200","686335500","1125","1135","1124","1128","1131","1134","1125","1131"
"3050","20230317","1131","1135","1125","1129","1129.9303","396100","447565400","1131","1132","1125","1132","1133","1135","1129","1129"
"3053","20230317","159","165","159","164","162.5055","216800","35231200","159","163","159","163","164","165","163","164"
"3054","20230317","433","436","430","434","432.6923","5200","2250000","433","436","430","436","434","434","431","434"
"3058","20230317","874","878","874","878","875.2727","2200","1925600","874","876","874","875","878","878","878","878"
"3059","20230317","1031","1033","1029","1031","1031.3043","2300","2372000","1031","1033","1029","1033","1033","1033","1029","1031"
"3063","20230317","462","463","457","458","459.4845","9700","4457000","462","463","457","462","460","460","457","458"
"3064","20230317","1629","1694","1626","1680","1667.6301","2671300","4454740400","1629","1680","1626","1676","1677","1694","1671","1680"
"3065","20230317","1650","1650","1644","1649","1647.4","500","823700","1650","1650","1650","1650","1644","1649","1644","1649"
"3067","20230317","505","507","502","507","505.5924","15700","7937800","505","506","502","505","506","507","503","507"
"3068","20230317","2195","2214","2182","2183","2191.7196","10700","23451400","2195","2214","2190","2193","2182","2191","2182","2183"
"3069","20230317","346","347","345","345","345.9123","22800","7886800","346","346","345","346","345","347","345","345"
"3070","20230317","250","252","250","250","251.2353","6800","1708400","250","252","250","252","252","252","250","250"
"3071","20230317","115","115","112","113","113.3502","29700","3366500","115","115","112","114","113","114","113","113"
"3073","20230317","705","719","705","713","714.1391","33800","24137900","705","719","705","716","714","718","713","713"
"3075","20230317","1138","1138","1134","1136","1135.7857","1400","1590100","1138","1138","1135","1136","1135","1136","1134","1136"
"3076","20230317","2231","2242","2204","2206","2212.4668","49700","109959600","2231","2242","2212","2212","2210","2219","2204","2206"
"3077","20230317","500","507","500","507","504.8462","2600","1312600","500","507","500","506","506","507","506","507"
"3079","20230317","1009","1016","1003","1004","1008.72","15000","15130800","1009","1016","1007","1010","1010","1013","1003","1004"
"3080","20230317","507","507","500","505","501.7188","3200","1605500","507","507","500","500","503","505","500","505"
"3082","20230317","655","660","644","644","649.6667","11100","7211300","655","660","646","649","649","649","644","644"
"3083","20230317","1210","1238","1146","1159","1185.6808","659200","781600800","1210","1238","1146","1185","1182","1217","1147","1159"
"3085","20230317","2236","2242","2218","2239","2235.6422","61200","136821300","2236","2237","2218","2234","2236","2242","2234","2239"
"3086","20230317","1255","1281","1247","1268","1267.8781","1992200","2525866800","1255","1272","1247","1263","1266","1281","1264","1268"
"3087","20230317","1879","1890","1873","1885","1881.8227","154000","289800700","1879","1890","1875","1875","1875","1885","1873","1885"
"3088","20230317","6750","6750","6530","6610","6612.1682","922900","6102370000","6750","6750","6540","6540","6570","6630","6530","6610"
"3089","20230317","1095","1115","1092","1106","1101.9109","10100","11129300","1095","1115","1092","1110","1092","1112","1092","1106"
"3091","20230317","2460","2478","2451","2457","2462.8448","34800","85707000","2460","2476","2454","2474","2475","2478","2451","2457"
"3092","20230317","2953","3020","2953","3010","3001.356","1375000","4126864500","2953","3020","2953","3010","3000","3015","2989","3010"
"3093","20230317","1263","1310","1250","1299","1292.2139","476000","615093800","1263","1301","1250","1296","1298","1310","1292","1299"
"3094","20230317","1001","1003","996","998","1000.0769","1300","1300100","1001","1003","996","996","1003","1003","998","998"
"3096","20230317","986","986","980","980","982","2200","2160400","986","986","981","985","980","980","980","980"
"3097","20230317","2691","2705","2667","2700","2695.0765","200000","539015300","2691","2704","2667","2694","2697","2705","2688","2700"
"3099","20230317","1386","1402","1378","1396","1392.102","2593200","3609998900","1386","1402","1378","1384","1386","1402","1385","1396"
"3101","20230317","1026","1027","1015","1023","1020.9062","422200","431026600","1026","1027","1015","1017","1020","1025","1018","1023"
"3103","20230317","213","215","210","211","211.9169","1007300","213463900","213","214","210","212","211","215","211","211"
"3104","20230317","3210","3220","3170","3180","3190.2102","76100","242775000","3210","3215","3170","3190","3190","3220","3170","3180"
"3105","20230317","980","980","962","964","965.8446","657500","635042800","980","980","962","965","966","969","964","964"
"3106","20230317","2472","2472","2424","2451","2446.8159","23900","58478900","2472","2472","2424","2434","2440","2454","2431","2451"
"3107","20230317","2130","2131","2082","2112","2108","143900","303341200","2130","2131","2082","2097","2108","2119","2101","2112"
"3109","20230317","1040","1042","1029","1035","1033.4765","40500","41855800","1040","1042","1029","1032","1030","1035","1029","1035"
"3110","20230317","2071","2073","2046","2064","2062.1965","127200","262311400","2071","2073","2046","2050","2058","2072","2053","2064"
"3111","20230317","510","529","503","526","518.1922","278400","144264700","510","523","503","523","523","529","520","526"
"3113","20230317","89","90","88","89","88.9018","78400","6969900","89","89","88","89","89","90","88","89"
"3116","20230317","1986","2010","1960","1994","1984.3854","622500","1235279900","1986","2010","1960","1969","1965","1994","1965","1994"
"3121","20230317","281","288","276","287","282.0807","34700","9788200","281","283","276","282","283","288","283","287"
"3123","20230317","434","434","434","434","434","200","86800","434","434","434","434","434","434","434","434"
"3131","20230317","2809","2866","2790","2861","2823.6597","14400","40660700","2809","2847","2790","2795","2820","2866","2793","2861"
"3132","20230317","3570","3590","3525","3550","3554.2625","288800","1026471000","3570","3590","3525","3555","3555","3575","3545","3550"
"3133","20230317","283","291","280","288","287.0897","341000","97897600","283","289","280","288","288","291","287","288"
"3134","20230317","837","917","837","916","896.909","498000","446660700","837","915","837","901","901","917","899","916"
"3135","20230317","1120","1171","1120","1164","1148.7042","7100","8155800","1120","1171","1120","1150","1166","1166","1164","1164"
"3137","20230317","276","276","273","275","274.2857","2100","576000","276","276","273","274","274","275","274","275"
"3138","20230317","780","829","780","800","799.8718","3900","3119500","780","829","780","829","804","806","800","800"
"3139","20230317","1900","1919","1891","1895","1901.1806","28800","54754000","1900","1919","1891","1909","1904","1913","1892","1895"
"3140","20230317","955","959","953","958","957.0833","3600","3445500","955","959","953","959","955","959","955","958"
"3141","20230317","2767","2805","2752","2805","2789.9832","638100","1780288300","2767","2800","2752","2794","2794","2805","2771","2805"
"3143","20230317","1125","1134","1100","1120","1118.8966","8700","9734400","1125","1125","1115","1115","1118","1134","1100","1120"
"3148","20230317","3360","3395","3345","3380","3373.5518","47300","159569000","3360","3365","3345","3360","3370","3395","3360","3380"
"3150","20230317","2285","2330","2283","2324","2316.539","41000","94978100","2285","2330","2283","2329","2320","2330","2316","2324"
"3151","20230317","904","933","904","925","923.279","61300","56597000","904","933","904","931","930","931","923","925"
"3153","20230317","1152","1163","1152","1163","1159.5104","9600","11131300","1152","1162","1152","1154","1154","1163","1153","1163"
"3154","20230317","791","797","778","778","786.1591","8800","6918200","791","797","789","793","795","797","778","778"
"3156","20230317","2188","2188","2130","2152","2152.7707","170100","366186300","2188","2188","2130","2138","2139","2170","2139","2152"
"3157","20230317","1270","1270","1258","1262","1263.7358","5300","6697800","1270","1270","1258","1262","1262","1265","1260","1262"
"3159","20230317","341","348","341","347","344.4984","31700","10920600","341","348","341","343","343","347","343","347"
"3160","20230317","596","596","588","588","591.6069","95400","56439300","596","596","589","591","591","593","588","588"
"3161","20230317","638","645","636","645","641.6037","16400","10522300","638","642","636","640","640","645","639","645"
"3166","20230317","1300","1302","1283","1284","1288.728","26100","33635800","1300","1302","1284","1284","1284","1291","1283","1284"
"3167","20230317","867","872","866","869","868.1136","431400","374504200","867","872","866","869","869","870","868","869"
"3168","20230317","560","577","560","574","566.7383","21400","12128200","560","572","560","572","572","577","572","574"
"3169","20230317","599","599","591","593","594.1574","19700","11704900","599","599","591","592","593","595","592","593"
"3172","20230317","1275","1276","1272","1272","1274.1333","1500","1911200","1275","1275","1275","1275","1276","1276","1272","1272"
"3173","20230317","788","793","780","790","788.625","7200","5678100","788","788","780","786","787","793","784","790"
"3174","20230317","905","911","905","905","908","400","363200","905","905","905","905","911","911","905","905"
"3175","20230317","810","810","799","800","802.0231","13000","10426300","810","810","799","803","803","804","800","800"
"3176","20230317","1125","1129","1117","1125","1123.9727","33000","37091100","1125","1129","1117","1123","1127","1128","1122","1125"
"3177","20230317","2434","2434","2411","2434","2426.3333","900","2183700","2434","2434","2434","2434","2411","2434","2411","2434"
"3178","20230317","1190","1192","1183","1189","1189.5","8400","9991800","1190","1192","1183","1191","1189","1191","1188","1189"
"3179","20230317","873","893","870","889","884.6928","359400","317958600","873","887","870","884","886","893","885","889"
"3180","20230317","3755","3895","3700","3885","3821.3629","65300","249535000","3755","3830","3700","3830","3840","3895","3830","3885"
"3181","20230317","1087","1110","1012","1041","1044.557","99100","103515600","1087","1110","1012","1044","1045","1050","1027","1041"
"3182","20230317","2205","2327","2201","2314","2291.527","421600","966107800","2205","2327","2201","2287","2294","2314","2289","2314"
"3183","20230317","1079","1084","1070","1084","1078.4531","25600","27608400","1079","1082","1070","1072","1072","1084","1071","1084"
"3184","20230317","-","-","-","-","-","-","-","-","-","-","-","-","-","-","-"
"3185","20230317","183","183","180","183","181.1985","13600","2464300","183","183","180","181","181","183","180","183"
"3186","20230317","2752","2780","2707","2771","2759.3289","282800","780338200","2752","2774","2707","2768","2770","2780","2760","2771"
"3187","20230317","1103","1124","1090","1115","1108.9478","72800","80731400","1103","1115","1091","1100","1099","1124","1090","1115"
"3189","20230317","317","317","314","314","315.1733","7500","2363800","317","317","314","315","314","316","314","314"
"3190","20230317","573","573","573","573","573","1100","630300","573","573","573","573","573","573","573","573"
"3191","20230317","1721","1725","1706","1716","1717.234","84200","144591100","1721","1725","1706","1720","1724","1725","1715","1716"
"3192","20230317","274","276","274","275","275.1429","700","192600","274","274","274","274","274","276","274","275"
"3193","20230317","2150","2226","2130","2189","2201.7825","319600","703689700","2150","2226","2130","2213","2213","2216","2189","2189"
"3195","20230317","299","305","295","305","299.2036","33400","9993400","299","300","295","296","298","305","297","305"
"3196","20230317","1413","1426","1407","1425","1420.2903","31000","44029000","1413","1419","1407","1419","1420","1426","1417","1425"
"3197","20230317","1640","1662","1637","1660","1654.1696","1370500","2267039400","1640","1650","1637","1648","1649","1662","1649","1660"
"3198","20230317","1800","1850","1800","1811","1825.5846","59700","108987400","1800","1850","1800","1821","1821","1822","1811","1811"
"3199","20230317","1415","1419","1409","1417","1415.4836","12200","17268900","1415","1418","1409","1409","1410","1419","1410","1417"
"3201","20230317","968","969","957","961","960.8908","87000","83597500","968","969","957","960","960","962","958","961"
"3202","20230317","83","83","82","83","82.523","30400","2508700","83","83","82","83","82","83","82","83"
"3204","20230317","348","349","346","348","347.7561","12300","4277400","348","349","347","347","346","349","346","348"
"3205","20230317","275","294","275","294","288.2137","201700","58132700","275","283","275","283","283","294","283","294"
"3221","20230317","2099","2109","2086","2100","2099.6983","24200","50812700","2099","2101","2086","2094","2101","2109","2100","2100"
"3222","20230317","1100","1106","1092","1098","1097.2985","112900","123885000","1100","1106","1094","1095","1095","1099","1092","1098"
"3223","20230317","617","618","617","618","617.2857","700","432100","617","617","617","617","618","618","618","618"
"3224","20230317","1174","1177","1156","1156","1162.5333","3000","3487600","1174","1177","1174","1177","1174","1174","1156","1156"
"3228","20230317","1511","1522","1507","1518","1517.1608","25500","38687600","1511","1522","1507","1517","1508","1521","1508","1518"
"3231","20230317","2901","2936","2894","2911","2909.5144","745400","2168752000","2901","2936","2894","2902","2912","2917","2901","2911"
"3232","20230317","550","559","549","559","554.5537","85600","47469800","550","558","549","552","553","559","551","559"
"3236","20230317","161","161","159","159","159.9725","145700","23308000","161","161","159","159","160","160","159","159"
"3237","20230317","59","60","58","59","59.0563","23100","1364200","59","60","59","60","60","60","58","59"
"3238","20230317","560","585","560","576","573.0502","85600","49053100","560","585","560","570","575","582","571","576"
"3241","20230317","362","368","362","363","364.7273","2200","802400","362","365","362","365","368","368","363","363"
"3242","20230317","313","315","312","312","313.6951","30500","9567700","313","315","312","315","315","315","312","312"
"3244","20230317","2125","2136","2113","2119","2122.0356","146200","310241600","2125","2136","2120","2126","2129","2136","2113","2119"
"3245","20230317","640","649","640","644","644.3187","72800","46906400","640","646","640","641","643","649","643","644"
"3246","20230317","730","735","724","733","729.8534","23200","16932600","730","733","725","725","725","735","724","733"
"3248","20230317","749","749","734","734","746.1538","1300","970000","749","749","734","734","-","-","-","-"
"3252","20230317","1875","1884","1870","1875","1877.0647","27800","52182400","1875","1884","1875","1877","1873","1881","1870","1875"
"3254","20230317","1696","1703","1660","1667","1672.3244","119900","200511700","1696","1703","1682","1690","1686","1688","1660","1667"
"3261","20230317","348","348","344","345","345.1176","1700","586700","348","348","344","344","345","345","345","345"
"3264","20230317","152","154","151","151","151.9045","15700","2384900","152","154","151","153","153","153","151","151"
"3266","20230317","87","90","87","89","88.5534","120700","10688400","87","89","87","88","88","90","88","89"
"3267","20230317","979","1008","976","999","993.7364","34900","34681400","979","1004","976","990","987","1008","987","999"
"3271","20230317","205","212","205","208","209.6133","60000","12576800","205","212","205","209","209","211","208","208"
"3275","20230317","1124","1125","1117","1123","1122.1818","2200","2468800","1124","1124","1117","1118","1123","1125","1121","1123"
"3276","20230317","1028","1035","1021","1032","1030.2188","19200","19780200","1028","1035","1025","1030","1024","1035","1021","1032"
"3277","20230317","823","826","821","826","823.5556","5400","4447200","823","824","821","821","821","826","821","826"
"3280","20230317","582","582","575","582","580.04","2500","1450100","582","582","575","577","577","582","577","582"
"3284","20230317","830","837","824","833","831.0102","127200","105704500","830","832","824","826","826","837","825","833"
"3286","20230317","309","310","307","310","309.3871","3100","959100","309","310","309","310","310","310","307","310"
"3288","20230317","5000","5020","4940","4995","4990.8465","330200","1647977500","5000","5020","4940","5000","4995","5020","4990","4995"
"3289","20230317","647","652","641","643","643.8469","4184700","2694306300","647","652","642","644","647","647","641","643"
"3291","20230317","2173","2182","2150","2159","2162.1662","947200","2048003800","2173","2182","2150","2155","2159","2167","2156","2159"
"3293","20230317","760","760","756","756","758.7778","900","682900","760","760","757","757","756","756","756","756"
"3294","20230317","1503","1513","1503","1505","1506.9306","7200","10849900","1503","1513","1503","1503","1508","1510","1505","1505"
"3297","20230317","1103","1103","1097","1097","1099.3333","900","989400","1103","1103","1099","1099","1100","1100","1097","1097"
"3299","20230317","552","562","546","562","555.5584","51400","28555700","552","553","546","552","553","562","553","562"
"3300","20230317","706","714","693","701","701.027","22200","15562800","706","714","693","699","700","708","697","701"
"3302","20230317","1607","1608","1597","1608","1603.9467","16900","27106700","1607","1608","1598","1602","1605","1608","1597","1608"
"3306","20230317","802","813","788","794","795.8033","18300","14563200","802","813","789","801","799","799","788","794"
"3315","20230317","84","85","83","85","84.2732","670300","56488300","84","85","83","84","84","85","84","85"
"3316","20230317","638","649","638","645","645.7949","3900","2518600","638","648","638","648","648","649","645","645"
"3317","20230317","2107","2145","2093","2093","2108.9375","1600","3374300","2107","2110","2100","2100","2145","2145","2093","2093"
"3319","20230317","946","965","937","965","955.408","100000","95540800","946","959","937","957","958","965","955","965"
"3320","20230317","777","798","775","798","782.7772","35900","28101700","777","782","775","777","777","798","776","798"
"3321","20230317","1380","1400","1364","1380","1376.0632","75900","104443200","1380","1400","1364","1367","1371","1381","1368","1380"
"3322","20230317","750","750","750","750","750","200","150000","750","750","750","750","-","-","-","-"
"3323","20230317","79","82","79","81","80.7764","178000","14378200","79","82","79","82","81","82","81","81"
"3326","20230317","328","329","325","328","326.7273","2200","718800","328","329","325","325","325","328","325","328"
"3328","20230317","2147","2212","2135","2206","2184.7182","310900","679228900","2147","2212","2135","2193","2192","2206","2173","2206"
"3329","20230317","1517","1522","1512","1522","1517.4615","2600","3945400","1517","1518","1517","1518","1519","1522","1512","1522"
"3333","20230317","1335","1337","1324","1326","1328.8816","92900","123453100","1335","1337","1328","1330","1328","1332","1324","1326"
"3341","20230317","1123","1136","1123","1134","1128.9772","101000","114026700","1123","1131","1123","1126","1126","1136","1126","1134"
"3347","20230317","268","274","266","274","269.7722","65400","17643100","268","272","266","269","269","274","268","274"
"3349","20230317","11710","11870","11700","11850","11811.5264","166400","1965438000","11710","11820","11700","11780","11780","11870","11730","11850"
"3350","20230317","31","32","31","31","31.1063","100700","3132400","31","32","31","31","31","32","31","31"
"3352","20230317","1145","1145","1111","1142","1127.5333","1500","1691300","1145","1145","1134","1134","1111","1142","1111","1142"
"3353","20230317","2450","2450","2450","2450","2450","100","245000","2450","2450","2450","2450","-","-","-","-"
"3355","20230317","863","875","856","856","862.1926","24400","21037500","863","875","858","862","862","864","856","856"
"3358","20230317","564","576","551","555","559.743","28400","15896700","564","576","551","557","555","562","553","555"
"3359","20230317","472","474","459","461","465.953","97900","45616800","472","474","459","460","460","464","459","461"
"3360","20230317","2438","2439","2399","2405","2408.1248","222000","534603700","2438","2439","2399","2414","2419","2419","2401","2405"
"3361","20230317","800","817","795","808","808.1654","12700","10263700","800","817","795","814","811","814","808","808"
"3370","20230317","258","263","257","258","259.0731","21900","5673700","258","263","258","258","257","261","257","258"
"3371","20230317","3575","3655","3575","3630","3623.4896","9600","34785500","3575","3635","3575","3620","3620","3655","3600","3630"
"3372","20230317","248","250","246","248","247.6931","10100","2501700","248","250","246","248","247","248","247","248"
"3374","20230317","2628","2628","2600","2626","2616.3193","11900","31134200","2628","2628","2600","2618","2620","2628","2614","2626"
"3375","20230317","1371","1371","1363","1363","1369.9753","8100","11096800","1371","1371","1368","1370","1370","1371","1363","1363"
"3377","20230317","995","1002","989","995","996.1505","29900","29784900","995","1002","989","996","996","1001","992","995"
"3382","20230317","5970","5995","5881","5916","5919.1219","2299500","13611020800","5970","5995","5881","5918","5918","5933","5886","5916"
"3386","20230317","947","962","947","959","954.2207","14500","13836200","947","962","947","956","955","960","950","959"
"3387","20230317","1031","1041","1029","1037","1036.4983","363000","376248900","1031","1039","1029","1036","1038","1041","1036","1037"
"3388","20230317","1178","1187","1169","1182","1179.5704","13500","15924200","1178","1187","1169","1175","1176","1185","1175","1182"
"3391","20230317","8460","8550","8450","8550","8515.2639","212200","1806939000","8460","8530","8450","8500","8490","8550","8460","8550"
"3392","20230317","531","535","530","532","532.069","5800","3086000","531","535","530","533","534","534","530","532"
"3393","20230317","1348","1438","1328","1423","1392.8829","363900","506870100","1348","1393","1328","1386","1387","1438","1384","1423"
"3395","20230317","1798","1798","1780","1789","1791.6078","120600","216067900","1798","1798","1786","1789","1791","1797","1780","1789"
"3396","20230317","990","992","987","992","990.1081","3700","3663400","990","990","987","987","989","992","987","992"
"3397","20230317","2771","2803","2767","2795","2785.6826","543800","1514854200","2771","2803","2767","2796","2796","2803","2789","2795"
"3399","20230317","2682","2813","2626","2765","2701.7107","15900","42957200","2682","2813","2626","2730","2740","2773","2730","2765"
"3401","20230317","1397","1398","1372","1385","1385.4085","883900","1224562600","1397","1398","1372","1384","1383","1390","1382","1385"
"3402","20230317","728.4","736.3","725","735.5","732.3978","6692200","4901352620","728.4","734.8","725","730.4","730.4","736.3","729.9","735.5"
"3405","20230317","1180","1182","1157","1158","1161.9061","2021100","2348328400","1180","1182","1157","1161","1159","1166","1158","1158"
"3407","20230317","927","928.8","917.1","922.5","921.9655","5099600","4701655490","927","928.8","917.1","919.4","920.3","924","919.5","922.5"
"3409","20230317","107","112","107","112","110.0492","144400","15891100","107","111","107","109","110","112","108","112"
"3415","20230317","532","569","530","546","550.2117","2849400","1567773100","532","569","530","555","555","561","543","546"
"3416","20230317","788","800","775","779","788.2222","15300","12059800","788","791","775","778","792","800","779","779"
"3417","20230317","801","805","790","796","798.8462","2600","2077000","801","802","801","802","802","805","790","796"
"3418","20230317","1020","1021","986","1005","999.8529","47600","47593000","1020","1021","986","996","996","1009","996","1005"
"3420","20230317","1278","1298","1275","1282","1286.25","1600","2058000","1278","1298","1278","1290","1275","1289","1275","1282"
"3421","20230317","1475","1500","1475","1479","1487.6346","93600","139242600","1475","1500","1475","1492","1496","1499","1479","1479"
"3422","20230317","697","702","686","701","694.8965","36700","25502700","697","699","686","690","693","702","693","701"
"3423","20230317","322","325","321","325","322.5865","10400","3354900","322","324","322","322","322","325","321","325"
"3426","20230317","1225","1245","1224","1245","1226.434","5300","6500100","1225","1225","1225","1225","1225","1245","1224","1245"
"3431","20230317","3645","3650","3610","3610","3626.2821","3900","14142500","3645","3645","3645","3645","3645","3650","3610","3610"
"3433","20230317","1254","1254","1238","1247","1244.8248","110700","137802100","1254","1254","1238","1239","1238","1248","1238","1247"
"3434","20230317","987","987","968","971","976.4529","22300","21774900","987","987","968","971","970","973","969","971"
"3435","20230317","970","977","969","973","971.9","1000","971900","970","977","969","975","975","975","973","973"
"3436","20230317","1905","1925","1891","1923","1912.7817","4449200","8510348300","1905","1907","1891","1904","1906","1925","1905","1923"
"3437","20230317","2211","2355","2211","2350","2295.973","3700","8495100","2211","2300","2211","2300","2321","2355","2321","2350"
"3439","20230317","1079","1079","1079","1079","1079","100","107900","1079","1079","1079","1079","-","-","-","-"
"3440","20230317","669","685","668","684","677.6864","16900","11452900","669","684","668","677","676","685","675","684"
"3441","20230317","923","940","911","935","926.6279","30100","27891500","923","940","911","924","920","935","920","935"
"3443","20230317","3705","3735","3675","3690","3694.2143","7000","25859500","3705","3735","3675","3690","3690","3710","3690","3690"
"3444","20230317","400","400","398","398","398.4074","2700","1075700","400","400","398","398","400","400","398","398"
"3445","20230317","3150","3215","3140","3205","3183.3642","124100","395055500","3150","3185","3140","3175","3175","3215","3170","3205"
"3446","20230317","2875","3015","2864","2992","2960.3121","131700","389873100","2875","3005","2864","2996","2996","3015","2979","2992"
"3447","20230317","731","735","731","734","732.3504","46800","34274000","731","734","731","732","733","735","733","734"
"3449","20230317","1154","1169","1135","1145","1152.6671","85300","98322500","1154","1169","1152","1158","1156","1156","1135","1145"
"3452","20230317","583","614","581","605","603.0288","288000","173672300","583","606","581","603","603","614","603","605"
"3454","20230317","836","844","826","840","835.5818","16500","13787100","836","839","826","831","827","844","827","840"
"3457","20230317","858","868","858","865","863.6316","11400","9845400","858","864","858","861","862","868","862","865"
"3458","20230317","1180","1215","1163","1214","1192.537","112100","133683400","1180","1215","1163","1187","1188","1214","1175","1214"
"3461","20230317","302","308","300","308","304.0156","6400","1945700","302","306","300","306","306","308","305","308"
"3464","20230317","1133","1155","1129","1144","1141.4634","24600","28080000","1133","1140","1129","1140","1137","1155","1137","1144"
"3465","20230317","4255","4345","4250","4310","4302.094","86200","370840500","4255","4345","4250","4340","4330","4345","4290","4310"
"3467","20230317","1649","1649","1627","1630","1636.1557","12200","19961100","1649","1649","1627","1636","1637","1644","1629","1630"
"3469","20230317","491","511","491","508","499.5385","2600","1298800","491","511","491","511","508","508","508","508"
"3474","20230317","400","410","397","397","401.7778","3600","1446400","400","410","400","410","405","405","397","397"
"3475","20230317","798","811","776","788","789.305","324900","256445200","798","811","776","776","776","795","776","788"
"3477","20230317","635","637","629","637","633.7317","4100","2598300","635","635","629","629","631","637","631","637"
"3479","20230317","2948","2995","2924","2945","2956.5177","189100","559077500","2948","2987","2927","2980","2982","2995","2924","2945"
"3480","20230317","4245","4250","4195","4200","4213.0882","13600","57298000","4245","4250","4205","4205","4240","4240","4195","4200"
"3482","20230317","1356","1364","1331","1350","1348.9323","186000","250901400","1356","1362","1331","1346","1344","1364","1344","1350"
"3484","20230317","1260","1269","1250","1254","1256.4031","19600","24625500","1260","1269","1250","1253","1253","1262","1250","1254"
"3486","20230317","1230","1239","1221","1231","1230.5899","13900","17105200","1230","1239","1221","1226","1225","1237","1225","1231"
"3489","20230317","1710","1759","1710","1756","1735.76","20000","34715200","1710","1737","1710","1733","1741","1759","1741","1756"
"3490","20230317","1633","1651","1632","1632","1640.75","1200","1968900","1633","1639","1632","1639","1651","1651","1632","1632"
"3491","20230317","1177","1327","1170","1232","1260.156","2060600","2596677400","1177","1327","1170","1279","1279","1288","1227","1232"
"3494","20230317","972","972","972","972","972","100","97200","972","972","972","972","-","-","-","-"
"3495","20230317","2479","2495","2443","2443","2464.2273","2200","5421300","2479","2495","2479","2495","2447","2447","2443","2443"
"3496","20230317","5430","5540","5430","5500","5490.4514","28800","158125000","5430","5540","5430","5540","5530","5530","5460","5500"
"3497","20230317","773","777","766","777","771.4286","2800","2160000","773","776","770","770","768","777","766","777"
"3498","20230317","3850","3910","3800","3910","3863.4314","66300","256145500","3850","3855","3800","3840","3840","3910","3830","3910"
"3501","20230317","1966","1974","1952","1952","1961.0986","7100","13923800","1966","1974","1952","1958","1960","1968","1952","1952"
"3512","20230317","416","419","412","419","415.8507","20100","8358600","416","416","412","415","415","419","414","419"
"3513","20230317","1357","1357","1346","1353","1351.6522","2300","3108800","1357","1357","1346","1346","1346","1353","1346","1353"
"3521","20230317","93","94","92","93","92.9879","123800","11511900","93","93","92","92","93","94","93","93"
"3524","20230317","1573","1600","1565","1595","1585.0714","4200","6657300","1573","1580","1565","1580","1583","1600","1583","1595"
"3526","20230317","1497","1501","1469","1475","1485.8996","22900","34027100","1497","1497","1469","1483","1487","1501","1475","1475"
"3529","20230317","401","404","399","401","401.3033","21100","8467500","401","404","400","400","399","401","399","401"
"3536","20230317","121","122","120","121","121.0632","19000","2300200","121","122","120","121","121","122","121","121"
"3537","20230317","999","999","991","993","996.6","2500","2491500","999","999","997","998","993","998","991","993"
"3538","20230317","1107","1119","1095","1110","1107.7384","30200","33453700","1107","1119","1095","1110","1106","1115","1106","1110"
"3539","20230317","1865","1883","1842","1858","1856.938","90300","167681500","1865","1883","1843","1845","1843","1869","1842","1858"
"3540","20230317","4910","4910","4895","4900","4901","500","2450500","4910","4910","4910","4910","4900","4900","4895","4900"
"3541","20230317","471","479","460","475","470.8334","148900","70107100","471","472","460","469","472","479","469","475"
"3542","20230317","588","600","588","598","593.0241","8300","4922100","588","595","588","593","593","600","592","598"
"3543","20230317","2351","2380","2351","2377","2370.0038","182300","432051700","2351","2368","2351","2364","2365","2380","2362","2377"
"3544","20230317","843","849","835","845","843.777","45300","38223100","843","847","835","847","844","849","840","845"
"3546","20230317","953","962","953","956","957.1694","24800","23737800","953","962","953","956","954","959","954","956"
"3547","20230317","1603","1621","1599","1611","1613.0533","24400","39358500","1603","1619","1599","1612","1612","1621","1611","1611"
"3548","20230317","788","796","788","794","793.3721","38700","30703500","788","795","788","794","795","796","793","794"
"3549","20230317","6630","6660","6550","6620","6609.8427","101700","672221000","6630","6650","6550","6560","6580","6660","6550","6620"
"3550","20230317","209","221","208","220","215.9336","43700","9436300","209","218","208","218","218","221","213","220"
"3551","20230317","777","788","775","786","781.9057","15900","12432300","777","785","775","780","780","788","779","786"
"3553","20230317","512","519","512","516","515.2208","7700","3967200","512","518","512","515","515","519","515","516"
"3556","20230317","535","549","530","537","539.0311","173900","93737500","535","543","530","536","538","549","535","537"
"3557","20230317","1174","1180","1172","1180","1173.5405","3700","4342100","1174","1174","1172","1172","1174","1180","1172","1180"
"3558","20230317","1017","1046","1017","1041","1038.9796","29400","30546000","1017","1042","1017","1042","1040","1046","1037","1041"
"3559","20230317","536","558","535","556","548.8333","9000","4939500","536","545","535","545","548","558","548","556"
"3560","20230317","3270","3480","3200","3400","3345.2542","5900","19737000","3270","3390","3200","3390","3400","3480","3400","3400"
"3561","20230317","1497","1547","1497","1517","1524.9056","414300","631768400","1497","1547","1497","1533","1533","1546","1502","1517"
"3562","20230317","1094","1115","1081","1112","1101.7054","33600","37017300","1094","1107","1081","1104","1104","1115","1100","1112"
"3563","20230317","3480","3560","3470","3550","3526.7835","896000","3159998000","3480","3525","3470","3515","3515","3560","3510","3550"
"3565","20230317","481","534","473","523","510.1853","290300","148106800","481","519","473","519","509","534","509","523"
"3566","20230317","465","471","452","452","465.0351","5700","2650700","465","471","465","470","468","469","452","452"
"3569","20230317","2288","2290","2240","2254","2254.0038","104700","235994200","2288","2290","2240","2244","2245","2260","2243","2254"
"3571","20230317","794","808","791","805","801.3947","7600","6090600","794","808","791","805","805","806","805","805"
"3577","20230317","1114","1119","1110","1113","1114.7727","2200","2452500","1114","1119","1110","1119","1118","1118","1113","1113"
"3580","20230317","680","685","676","684","681.6955","28900","19701000","680","683","676","680","680","685","680","684"
"3583","20230317","1009","1010","1002","1010","1007","300","302100","1009","1009","1009","1009","1002","1010","1002","1010"
"3591","20230317","2468","2480","2439","2442","2448.3884","245100","600100000","2468","2480","2439","2448","2445","2452","2440","2442"
"3593","20230317","3200","3200","3175","3190","3188.0114","35200","112218000","3200","3200","3175","3190","3190","3195","3180","3190"
"3597","20230317","6700","6720","6620","6710","6687.5","400","2675000","6700","6700","6620","6620","6720","6720","6710","6710"
"3598","20230317","138","138","138","138","138","1700","234600","138","138","138","138","138","138","138","138"
"3600","20230317","1529","1529","1468","1474","1479.1739","4600","6804200","1529","1529","1525","1525","1485","1486","1468","1474"
"3604","20230317","904","904","890","902","896.459","6100","5468400","904","904","890","898","898","903","898","902"
"3607","20230317","364","374","358","374","367.8472","21600","7945500","364","367","358","366","371","374","365","374"
"3608","20230317","605","605","595","596","597.3558","351900","210209500","605","605","596","598","598","599","595","596"
"3611","20230317","1339","1359","1328","1328","1336.2569","10900","14565200","1339","1359","1334","1335","1330","1337","1328","1328"
"3612","20230317","1416","1432","1411","1425","1419.4396","103500","146912000","1416","1432","1411","1413","1416","1425","1413","1425"
"3622","20230317","531","538","526","526","531.4615","1300","690900","531","532","531","531","538","538","526","526"
"3623","20230317","1219","1264","1219","1250","1248.4827","57800","72162300","1219","1252","1219","1251","1249","1264","1249","1250"
"3624","20230317","265","271","260","268","266.36","95000","25304200","265","270","263","269","268","271","260","268"
"3625","20230317","585","599","582","597","589.4222","9000","5304800","585","592","582","590","590","599","590","597"
"3626","20230317","3455","3505","3440","3505","3496.099","803000","2807367500","3455","3490","3440","3490","3495","3505","3485","3505"
"3627","20230317","324","330","318","330","322.8871","42500","13722700","324","324","318","320","321","330","321","330"
"3628","20230317","2798","2828","2768","2780","2808.5567","9700","27243000","2798","2810","2768","2793","2786","2828","2769","2780"
"3632","20230317","678","695","673","689","688.2539","1308600","900649000","678","691","673","690","688","695","688","689"
"3633","20230317","1822","1842","1822","1836","1835.1935","3100","5689100","1822","1826","1822","1826","1823","1842","1823","1836"
"3634","20230317","1011","1011","966","971","990.8636","2200","2179900","1011","1011","992","992","992","995","966","971"
"3635","20230317","2354","2420","2351","2415","2403.6917","998700","2400566900","2354","2405","2351","2396","2396","2420","2395","2415"
"3636","20230317","4830","4900","4830","4865","4865.3738","10700","52059500","4830","4865","4830","4850","4850","4900","4850","4865"
"3639","20230317","309","309","306","308","307.8767","7300","2247500","309","309","306","309","308","309","308","308"
"3640","20230317","1811","1828","1803","1828","1813.8289","7600","13785100","1811","1826","1806","1806","1805","1828","1803","1828"
"3641","20230317","995","995","983","986","987.3355","15500","15303700","995","995","985","990","990","990","983","986"
"3645","20230317","402","402","394","395","398.7308","15600","6220200","402","402","399","401","399","401","394","395"
"3646","20230317","486","488","479","484","483.2647","3400","1643100","486","488","482","488","483","484","479","484"
"3647","20230317","171","175","171","175","172.678","41000","7079800","171","173","171","171","172","175","171","175"
"3648","20230317","684","687","684","685","685.6316","3800","2605400","684","687","684","687","687","687","685","685"
"3649","20230317","689","700","683","694","694.3232","95300","66169000","689","700","683","694","691","698","690","694"
"3652","20230317","2255","2364","2255","2358","2328.4918","36400","84757100","2255","2350","2255","2338","2355","2364","2318","2358"
"3653","20230317","1001","1046","1001","1043","1030.9281","16700","17216500","1001","1038","1001","1038","1022","1046","1022","1043"
"3655","20230317","619","647","617","641","636.3266","197500","125674500","619","643","617","643","640","647","640","641"
"3656","20230317","370","382","370","382","377.3836","530000","200013300","370","377","370","376","376","382","375","382"
"3657","20230317","855","882","851","881","873.0523","55400","48367100","855","873","851","873","869","882","869","881"
"3659","20230317","3035","3045","2996","3025","3026.4107","1673200","5063790300","3035","3040","2996","3030","3035","3045","3025","3025"
"3660","20230317","477","497","473","495","488.5713","3765900","1839910700","477","496","473","489","490","497","490","495"
"3661","20230317","1006","1036","1004","1036","1024.3368","373800","382897100","1006","1029","1004","1024","1024","1036","1024","1036"
"3662","20230317","686","707","681","704","696.9488","93700","65304100","686","705","681","703","704","707","697","704"
"3663","20230317","625","638","625","638","633.3722","238300","150932600","625","636","625","631","631","638","631","638"
"3664","20230317","75","79","75","78","77.1899","808200","62384900","75","78","75","78","78","79","77","78"
"3665","20230317","557","557","512","521","527.6515","923400","487233400","557","557","512","520","520","525","519","521"
"3666","20230317","597","609","593","603","600.8625","66900","40197700","597","603","593","595","595","609","595","603"
"3667","20230317","405","422","405","422","416.2216","716300","298139500","405","420","405","417","418","422","415","422"
"3668","20230317","592","596","590","594","594.0139","201800","119872000","592","596","590","594","594","596","593","594"
"3670","20230317","1600","1600","1600","1600","1600","500","800000","1600","1600","1600","1600","1600","1600","1600","1600"
"3671","20230317","780","785","770","783","778.2097","6200","4824900","780","783","770","782","781","785","777","783"
"3672","20230317","192","197","190","195","194.0353","254700","49420800","192","195","190","193","195","197","194","195"
"3673","20230317","406","429","406","426","421.2293","339700","143091600","406","424","406","423","424","429","422","426"
"3674","20230317","391","397","390","396","393.3462","13000","5113500","391","396","390","393","395","397","394","396"
"3675","20230317","665","677","660","669","670.8353","74700","50111400","665","676","660","676","676","677","667","669"
"3676","20230317","1411","1458","1411","1452","1447.7583","81500","117992300","1411","1456","1411","1452","1453","1458","1450","1452"
"3677","20230317","791","808","790","804","801.0902","24400","19546600","791","800","790","800","800","808","798","804"
"3678","20230317","1357","1440","1357","1434","1409.2295","92800","130776500","1357","1422","1357","1420","1423","1440","1420","1434"
"3679","20230317","421","440","420","440","434.9069","447000","194403400","421","436","420","435","435","440","435","440"
"3680","20230317","333","347","333","341","341.257","107800","36787500","333","344","333","343","343","347","341","341"
"3681","20230317","516","535","516","532","529.0453","465600","246323500","516","533","516","532","529","535","529","532"
"3682","20230317","511","512","501","505","506.5119","16800","8509400","511","511","509","510","512","512","501","505"
"3683","20230317","859","884","859","880","876.8","16000","14028800","859","878","859","878","878","884","876","880"
"3686","20230317","232","238","230","237","234.7646","172500","40496900","232","237","230","235","236","238","234","237"
"3687","20230317","1380","1476","1378","1473","1448.9978","324000","469475300","1380","1468","1378","1451","1446","1476","1440","1473"
"3688","20230317","1393","1410","1393","1407","1404.7646","42900","60264400","1393","1407","1393","1406","1406","1410","1405","1407"
"3690","20230317","629","635","629","630","631.35","2000","1262700","629","629","629","629","632","635","629","630"
"3691","20230317","877","929","877","916","908.2602","51500","46775400","877","913","877","907","910","929","910","916"
"3692","20230317","941","970","926","958","954.5311","20900","19949700","941","956","926","955","950","970","950","958"
"3694","20230317","968","1010","956","1000","992.7174","157100","155955900","968","995","956","993","989","1010","989","1000"
"3695","20230317","2965","3015","2945","2976","2974.2105","1900","5651000","2965","2983","2945","2961","2977","3015","2976","2976"
"3696","20230317","1188","1224","1152","1215","1205.5052","290200","349837600","1188","1220","1152","1215","1215","1224","1204","1215"
"3697","20230317","22940","23950","22750","23950","23498.0234","333400","7834241000","22940","23540","22750","23530","23570","23950","23570","23950"
"3698","20230317","1024","1084","1023","1067","1062.3245","37600","39943400","1024","1071","1023","1070","1067","1084","1067","1067"
"3708","20230317","2971","2985","2951","2968","2966.1097","38300","113602000","2971","2985","2955","2961","2961","2970","2951","2968"
"3710","20230317","657","657","650","651","652.0811","3700","2412700","657","657","651","651","650","654","650","651"
"3712","20230317","2898","2899","2846","2846","2880.7895","1900","5473500","2898","2899","2898","2899","2880","2880","2846","2846"
"3719","20230317","180","193","179","191","188.0592","740400","139239000","180","193","179","187","189","191","182","191"
"3723","20230317","1233","1233","1216","1216","1224.2222","900","1101800","1233","1233","1233","1233","1233","1233","1216","1216"
"3726","20230317","437","441","436","440","438.9245","5300","2326300","437","439","436","437","439","441","436","440"
"3727","20230317","133","134","131","134","132.7753","22700","3014000","133","133","131","133","133","134","133","134"
"3733","20230317","8910","9040","8890","9000","8941.6667","1800","16095000","8910","9020","8890","9020","9040","9040","9000","9000"
"3738","20230317","1656","1670","1650","1663","1660.6715","151900","252256000","1656","1670","1650","1656","1657","1667","1655","1663"
"3741","20230317","3475","3525","3460","3510","3506.6992","35900","125890500","3475","3515","3460","3515","3515","3525","3500","3510"
"3744","20230317","378","379","373","379","374.9545","2200","824900","378","378","373","373","375","379","375","379"
"3747","20230317","394","400","390","400","395.9009","22200","8789000","394","397","390","395","395","400","395","400"
"3750","20230317","1156","1157","1156","1157","1156.4","500","578200","1156","1157","1156","1157","-","-","-","-"
"3753","20230317","443","454","443","454","449.6123","22700","10206200","443","452","443","452","452","454","450","454"
"3758","20230317","379","391","375","388","385.4266","59300","22855800","379","389","375","388","388","391","385","388"
"3760","20230317","1905","1935","1850","1930","1908.8788","88300","168554000","1905","1935","1886","1925","1922","1930","1850","1930"
"3762","20230317","1366","1441","1361","1436","1419.1669","254600","361319900","1366","1434","1361","1432","1432","1441","1429","1436"
"3763","20230317","1359","1384","1359","1381","1367.1488","28900","39510600","1359","1381","1359","1381","1375","1384","1375","1381"
"3765","20230317","2545","2595","2539","2579","2578.2423","500700","1290925900","2545","2587","2539","2574","2566","2595","2566","2579"
"3766","20230317","830","830","810","830","818.3784","18500","15140000","830","830","810","812","813","830","813","830"
"3768","20230317","584","588","580","588","584.3258","8900","5200500","584","587","580","587","585","588","583","588"
"3769","20230317","11070","11740","11060","11710","11594.7074","376000","4359610000","11070","11620","11060","11610","11640","11740","11640","11710"
"3770","20230317","368","371","362","371","367.4588","8500","3123400","368","368","363","363","362","371","362","371"
"3771","20230317","2149","2154","2127","2140","2140.4828","11600","24829600","2149","2154","2127","2139","2139","2144","2136","2140"
"3772","20230317","1235","1249","1230","1242","1238.1269","46500","57572900","1235","1249","1230","1236","1234","1248","1234","1242"
"3773","20230317","1490","1575","1488","1566","1542.2725","161100","248460100","1490","1555","1488","1551","1561","1575","1550","1566"
"3774","20230317","2672","2737","2667","2734","2721.3764","412100","1121479200","2672","2731","2667","2725","2728","2737","2723","2734"
"3776","20230317","143","144","142","144","143.2564","74500","10672600","143","144","142","143","144","144","143","144"
"3777","20230317","49","53","48","52","50.1264","4429800","222050100","49","52","48","52","52","53","50","52"
"3778","20230317","626","644","620","644","630.9861","360400","227407400","626","629","620","625","627","644","625","644"
"3779","20230317","107","108","106","107","106.6944","28800","3072800","107","108","106","108","107","108","107","107"
"3782","20230317","62","66","62","66","64.6436","412200","26646100","62","63","62","63","64","66","63","66"
"3784","20230317","1288","1295","1275","1285","1286.6179","30100","38727200","1288","1293","1275","1286","1286","1295","1285","1285"
"3787","20230317","685","697","685","686","688.2857","2800","1927200","685","689","685","687","697","697","686","686"
"3788","20230317","3930","4130","3910","4110","4070.5765","47700","194166500","3930","4075","3910","4060","4055","4130","4055","4110"
"3791","20230317","2640","2684","2546","2597","2603.1571","57300","149160900","2640","2684","2546","2601","2597","2604","2565","2597"
"3793","20230317","745","780","742","764","764.607","417800","319452800","745","772","742","772","773","780","764","764"
"3796","20230317","457","468","455","455","459.8868","5300","2437400","457","464","457","464","458","468","455","455"
"3798","20230317","3225","3300","3205","3295","3255.3535","19800","64456000","3225","3285","3205","3250","3245","3300","3245","3295"
"3799","20230317","540","543","538","543","540.963","2700","1460600","540","541","538","541","541","543","539","543"
"3800","20230317","1854","1854","1847","1853","1850.375","800","1480300","1854","1854","1847","1847","1853","1853","1853","1853"
"3802","20230317","503","510","503","510","504.25","2000","1008500","503","504","503","504","504","510","504","510"
"3803","20230317","465","465","465","465","465","200","93000","465","465","465","465","-","-","-","-"
"3804","20230317","1380","1390","1367","1390","1380.3158","1900","2622600","1380","1380","1367","1368","1370","1390","1370","1390"
"3807","20230317","128","131","127","127","128.4711","342400","43988500","128","131","127","129","130","130","127","127"
"3810","20230317","558","598","558","589","579.5339","477200","276553600","558","588","558","584","584","598","581","589"
"3814","20230317","343","360","343","350","353.8504","12700","4493900","343","356","343","354","353","360","349","350"
"3815","20230317","280","284","280","283","282.4028","7200","2033300","280","281","280","280","282","284","281","283"
"3816","20230317","914","914","914","914","914","200","182800","914","914","914","914","-","-","-","-"
"3817","20230317","2931","2959","2925","2937","2943.4118","34000","100076000","2931","2958","2925","2952","2956","2959","2931","2937"
"3823","20230317","120","122","120","120","120.6908","89600","10813900","120","122","120","120","121","122","120","120"
"3825","20230317","323","348","322","343","338.4125","4201200","1421738700","323","348","322","337","337","345","331","343"
"3826","20230317","427","430","426","430","428.0769","6500","2782500","427","428","426","427","426","430","426","430"
"3834","20230317","585","592","585","592","589","16300","9600700","585","589","585","588","588","592","588","592"
"3835","20230317","638","673","638","672","648.8121","223000","144685100","638","664","638","664","664","673","663","672"
"3836","20230317","1375","1420","1375","1417","1408.2884","47500","66893700","1375","1408","1375","1408","1405","1420","1405","1417"
"3837","20230317","1598","1624","1580","1619","1605.3185","31400","50407000","1598","1613","1580","1599","1605","1624","1592","1619"
"3839","20230317","592","592","588","590","590.7907","4300","2540400","592","592","588","591","592","592","590","590"
"3840","20230317","56","61","56","59","58.6572","386500","22671000","56","61","56","59","59","59","58","59"
"3841","20230317","850","860","816","860","849.57","20000","16991400","850","860","816","845","846","860","846","860"
"3842","20230317","657","660","647","655","652.2558","4300","2804700","657","657","647","655","659","660","655","655"
"3843","20230317","1342","1385","1342","1384","1368.5646","88200","120707400","1342","1375","1342","1367","1367","1385","1367","1384"
"3844","20230317","2019","2054","2010","2050","2034.7564","58300","118626300","2019","2034","2010","2030","2033","2054","2033","2050"
"3845","20230317","131","132","131","132","131.0875","34300","4496300","131","132","131","132","132","132","132","132"
"3847","20230317","-","-","-","-","-","-","-","-","-","-","-","-","-","-","-"
"3848","20230317","987","1000","985","987","992.3273","5500","5457800","987","1000","985","991","987","996","987","987"
"3850","20230317","1796","1803","1779","1784","1796.5333","1500","2694800","1796","1803","1779","1800","1798","1798","1784","1784"
"3851","20230317","1135","1157","1135","1157","1148.48","15000","17227200","1135","1154","1135","1150","1150","1157","1147","1157"
"3852","20230317","1384","1392","1382","1391","1389.0526","1900","2639200","1384","1391","1382","1382","1392","1392","1391","1391"
"3853","20230317","709","734","709","724","723.8053","143300","103721300","709","729","709","728","728","734","723","724"
"3854","20230317","2150","2255","2150","2250","2221.6936","66900","148631300","2150","2234","2150","2231","2234","2255","2226","2250"
"3856","20230317","6520","6940","6350","6880","6665.3122","1393400","9287446000","6520","6720","6350","6610","6630","6940","6600","6880"
"3857","20230317","702","704","700","700","701.929","31000","21759800","702","703","700","701","701","704","700","700"
"3858","20230317","363","367","357","361","362.3061","9800","3550600","363","365","362","365","364","367","357","361"
"3861","20230317","532","533","525","526","526.8891","3758500","1980312800","532","533","525","526","527","529","526","526"
"3863","20230317","1013","1021","999","1013","1011.1266","750300","758648300","1013","1021","999","1010","1012","1018","1011","1013"
"3864","20230317","340","348","336","346","342.3876","271900","93095200","340","344","336","338","341","348","338","346"
"3865","20230317","825","830","808","815","815.1867","406500","331373400","825","830","808","814","815","818","812","815"
"3877","20230317","996","1007","988","996","995.6211","16100","16029500","996","1007","988","992","996","1001","994","996"
"3878","20230317","679","696","675","682","683.9551","46800","32009100","679","696","675","675","675","692","675","682"
"3880","20230317","1014","1020","1003","1013","1011.7551","489100","494849400","1014","1020","1003","1010","1009","1016","1007","1013"
"3891","20230317","1943","1970","1940","1960","1950.375","20000","39007500","1943","1970","1940","1944","1943","1960","1941","1960"
"3892","20230317","853","858","845","858","848.15","2000","1696300","853","853","845","853","857","858","857","858"
"3895","20230317","339","344","339","344","341.7391","4600","1572000","339","342","339","341","341","344","341","344"
"3896","20230317","611","629","603","623","618.3254","121100","74879200","611","621","603","617","618","629","617","623"
"3900","20230317","1765","1833","1754","1833","1802.7364","66400","119701700","1765","1820","1754","1807","1807","1833","1798","1833"
"3901","20230317","2461","2531","2461","2526","2505.4323","34700","86938500","2461","2501","2461","2499","2499","2531","2495","2526"
"3902","20230317","851","884","846","884","869.2442","141700","123171900","851","868","846","866","867","884","865","884"
"3903","20230317","742","785","738","784","769.8679","1693600","1303848200","742","778","738","776","775","785","775","784"
"3904","20230317","1062","1099","1054","1068","1074.3907","502400","539773900","1062","1099","1057","1081","1089","1092","1054","1068"
"3905","20230317","245","245","242","245","244.4359","3900","953300","245","245","242","245","244","245","243","245"
"3907","20230317","1094","1103","1093","1103","1098.2381","2100","2306300","1094","1094","1093","1093","1099","1103","1096","1103"
"3908","20230317","353","353","347","347","348.9286","5600","1954000","353","353","348","349","349","353","347","347"
"3909","20230317","313","317","308","314","311.5915","14200","4424600","313","313","308","310","308","317","308","314"
"3910","20230317","400","407","400","406","404.5714","700","283200","400","407","400","407","407","407","406","406"
"3911","20230317","413","432","413","429","425.6144","2338200","995171700","413","432","413","425","423","430","423","429"
"3912","20230317","873","895","873","895","887.388","18300","16239200","873","892","873","891","894","895","890","895"
"3913","20230317","609","618","606","606","615","1000","615000","609","609","609","609","618","618","606","606"
"3914","20230317","5360","5480","5350","5480","5433.75","22400","121716000","5360","5460","5350","5420","5430","5480","5430","5480"
"3915","20230317","1800","1909","1800","1895","1874.5991","42900","80420300","1800","1887","1800","1885","1875","1909","1875","1895"
"3916","20230317","1667","1710","1665","1705","1695.2182","60500","102560700","1667","1697","1665","1697","1697","1710","1696","1705"
"3917","20230317","653","674","653","668","666.3633","28900","19257900","653","669","653","668","668","674","666","668"
"3918","20230317","980","990","975","987","983.6","27000","26557200","980","988","975","983","983","990","983","987"
"3920","20230317","380","382","378","382","380.6818","22000","8375000","380","382","378","381","381","382","381","382"
"3921","20230317","830","865","830","858","853.9021","43900","37486300","830","859","830","857","857","865","856","858"
"3922","20230317","1747","1822","1747","1817","1808.2318","45300","81912900","1747","1818","1747","1810","1811","1822","1805","1817"
"3923","20230317","1760","1896","1754","1896","1853.1051","2246500","4163000700","1760","1867","1754","1850","1850","1896","1845","1896"
"3924","20230317","970","980","967","975","972.5","7200","7002000","970","976","967","976","979","980","975","975"
"3925","20230317","1981","2026","1981","2009","2008.3982","45700","91783800","1981","2019","1981","2015","2015","2026","2008","2009"
"3926","20230317","1548","1599","1544","1594","1577.6055","216200","341078300","1548","1582","1544","1560","1560","1599","1560","1594"
"3927","20230317","612","627","612","618","621.9814","26900","16731300","612","627","612","625","624","627","618","618"
"3928","20230317","371","377","369","372","371.54","93700","34813300","371","375","369","375","374","377","372","372"
"3929","20230317","264","265","260","263","263.3055","38300","10084600","264","265","264","264","264","265","260","263"
"3930","20230317","842","850","841","841","844.0938","3200","2701100","842","846","842","846","845","850","841","841"
"3931","20230317","1331","1331","1319","1319","1322.9","1000","1322900","1331","1331","1319","1319","1319","1320","1319","1319"
"3932","20230317","2156","2202","2156","2202","2192.4067","30000","65772200","2156","2199","2156","2193","2186","2202","2186","2202"
"3933","20230317","798","813","798","798","803.7042","7100","5706300","798","813","798","801","800","807","798","798"
"3934","20230317","1180","1205","1180","1190","1189.3636","2200","2616600","1180","1196","1180","1188","1188","1205","1188","1190"
"3935","20230317","544","558","536","543","547.0748","521300","285190100","544","558","536","544","549","556","543","543"
"3936","20230317","226","235","225","233","230.789","394400","91023200","226","234","225","232","233","235","231","233"
"3937","20230317","1863","1946","1858","1942","1913.8635","63000","120573400","1863","1914","1858","1914","1919","1946","1919","1942"
"3939","20230317","497","502","493","500","498.5818","67200","33504700","497","501","493","500","501","502","498","500"
"3940","20230317","111","112","111","111","111.2845","58000","6454500","111","112","111","112","111","112","111","111"
"3941","20230317","848","849","830","845","843.2079","928200","782665600","848","849","830","843","846","847","843","845"
"3943","20230317","1780","1812","1780","1783","1788.1905","2100","3755200","1780","1812","1780","1800","1785","1802","1783","1783"
"3944","20230317","-","-","-","-","-","-","-","-","-","-","-","-","-","-","-"
"3945","20230317","1430","1435","1357","1360","1386.6542","10700","14837200","1430","1435","1357","1369","1370","1388","1360","1360"
"3946","20230317","1566","1581","1559","1576","1571.8511","28200","44326200","1566","1576","1559","1567","1563","1581","1563","1576"
"3947","20230317","1280","1284","1279","1284","1281.5","1600","2050400","1280","1284","1280","1284","1280","1284","1279","1284"
"3948","20230317","766","784","766","777","776.6694","24200","18795400","766","780","766","780","780","784","771","777"
"3950","20230317","2859","2904","2843","2893","2884.934","50000","144246700","2859","2879","2843","2873","2882","2904","2870","2893"
"3951","20230317","892","903","890","900","897.1429","2800","2512000","892","902","890","890","898","903","898","900"
"3953","20230317","562","562","543","544","544.7222","1800","980500","562","562","553","553","543","544","543","544"
"3954","20230317","1653","1665","1648","1665","1656","700","1159200","1653","1665","1648","1665","-","-","-","-"
"3955","20230317","998","1011","982","984","994.9365","37800","37608600","998","1011","982","989","988","994","984","984"
"3961","20230317","714","740","714","727","726","4200","3049200","714","738","714","737","737","740","725","727"
"3962","20230317","2380","2546","2367","2521","2486.5676","773500","1923360000","2380","2494","2367","2485","2495","2546","2486","2521"
"3963","20230317","425","450","425","445","442.5926","455300","201512400","425","446","425","444","444","450","443","445"
"3964","20230317","1612","1673","1612","1646","1644.5188","39900","65616300","1612","1641","1612","1641","1641","1673","1641","1646"
"3965","20230317","596","601","596","598","597.2424","3300","1970900","596","598","596","597","600","601","598","598"
"3967","20230317","818","855","807","843","830.6577","59600","49507200","818","855","807","843","843","844","831","843"
"3968","20230317","759","778","759","778","770.9276","29000","22356900","759","770","759","769","769","778","768","778"
"3969","20230317","1420","1446","1420","1442","1437.029","6900","9915500","1420","1438","1420","1438","1438","1446","1433","1442"
"3970","20230317","1524","1544","1516","1535","1530.88","2500","3827200","1524","1528","1516","1526","1518","1544","1516","1535"
"3974","20230317","437","443","435","443","437.6923","2600","1138000","437","439","435","439","440","443","440","443"
"3976","20230317","853","907","853","895","888.2319","52600","46721000","853","882","853","873","877","907","877","895"
"3978","20230317","892","908","884","907","901.9239","98500","88839500","892","903","884","899","899","908","898","907"
"3979","20230317","1950","2060","1899","2056","1988.691","94500","187931300","1950","2060","1899","2031","2029","2059","2014","2056"
"3981","20230317","1198","1224","1190","1221","1201.9298","82600","99279400","1198","1200","1190","1199","1197","1224","1197","1221"
"3983","20230317","2106","2191","2102","2185","2163.887","30100","65133000","2106","2170","2102","2170","2156","2191","2156","2185"
"3984","20230317","1789","1961","1782","1950","1895.5291","554500","1051070900","1789","1909","1782","1896","1901","1961","1901","1950"
"3985","20230317","319","319","311","311","313.9907","10700","3359700","319","319","311","314","314","317","311","311"
"3986","20230317","-","-","-","-","-","-","-","-","-","-","-","-","-","-","-"
"3987","20230317","535","558","535","557","550.4592","29400","16183500","535","549","535","548","549","558","548","557"
"3988","20230317","737","763","737","761","749.5","6400","4796800","737","758","737","758","763","763","761","761"
"3989","20230317","380","404","363","396","387.0599","1435000","555430900","380","391","363","389","387","404","387","396"
"3990","20230317","699","737","699","732","725.4218","171400","124337300","699","726","699","724","723","737","722","732"
"3991","20230317","1655","1663","1591","1600","1610.958","66700","107450900","1655","1663","1602","1606","1610","1618","1591","1600"
"3992","20230317","1050","1097","1035","1058","1059.5784","578800","613284000","1050","1097","1035","1076","1075","1075","1046","1058"
"3993","20230317","1855","1920","1770","1825","1844.4304","973300","1795184100","1855","1920","1838","1904","1897","1907","1770","1825"
"3994","20230317","4870","5170","4855","5150","5051.5777","1079400","5452673000","4870","5160","4855","5100","5100","5170","5100","5150"
"3995","20230317","339","351","320","339","334.4453","246800","82541100","339","351","320","347","341","342","326","339"
"3996","20230317","516","536","516","533","530.1711","38000","20146500","516","532","516","527","528","536","528","533"
"3997","20230317","903","933","903","918","919.6066","6100","5609600","903","933","903","926","922","925","913","918"
"3998","20230317","730","746","726","745","739.6907","19400","14350000","730","742","726","741","736","746","736","745"
"3999","20230317","838","854","825","836","844.0952","2100","1772600","838","854","825","850","850","850","836","836"
"4004","20230317","2090","2103","2050","2076","2071.5287","1644100","3405800400","2090","2103","2050","2058","2062","2087","2060","2076"
"4005","20230317","438","440","430","432","433.1435","16331000","7073667300","438","440","430","431","430","435","430","432"
"4008","20230317","4360","4415","4310","4400","4383.1359","97900","429109000","4360","4415","4310","4355","4350","4410","4350","4400"
"4011","20230317","9200","10430","9100","10430","10008.5267","108600","1086926000","9200","10430","9100","10430","10430","10430","10430","10430"
"4012","20230317","1379","1384","1350","1361","1363.4872","3900","5317600","1379","1384","1350","1353","1359","1361","1359","1361"
"4013","20230317","1342","1382","1331","1381","1365.9843","25400","34696000","1342","1369","1331","1356","1356","1382","1352","1381"
"4014","20230317","840","864","831","859","849.7323","19800","16824700","840","864","831","856","858","859","844","859"
"4015","20230317","360","370","360","370","365","5000","1825000","360","366","360","366","366","370","363","370"
"4016","20230317","732","753","722","734","737.0641","15600","11498200","732","740","722","740","740","753","734","734"
"4017","20230317","513","519","501","507","512.5535","32700","16760500","513","519","501","518","518","519","507","507"
"4019","20230317","880","930","871","930","912.1053","100700","91849000","880","898","871","895","897","930","895","930"
"4020","20230317","989","1006","986","986","989.775","12000","11877300","989","989","986","986","988","1006","986","986"
"4021","20230317","5850","5870","5770","5830","5826.6249","566500","3300783000","5850","5850","5770","5810","5820","5870","5810","5830"
"4022","20230317","2040","2055","2007","2021","2024.2164","73000","147767800","2040","2055","2007","2011","2019","2024","2013","2021"
"4023","20230317","8240","8240","8150","8150","8164.2597","82400","672735000","8240","8240","8150","8150","8150","8180","8150","8150"
"4025","20230317","4510","4560","4500","4550","4541.3415","8200","37239000","4510","4560","4500","4550","4550","4555","4535","4550"
"4026","20230317","1800","1820","1766","1783","1788.7724","36900","66005700","1800","1820","1775","1779","1780","1796","1766","1783"
"4027","20230317","1170","1170","1137","1137","1147.0721","81800","93830500","1170","1170","1155","1158","1159","1163","1137","1137"
"4028","20230317","1134","1134","1097","1106","1107.2584","222100","245922100","1134","1134","1097","1102","1109","1114","1103","1106"
"4031","20230317","1897","1927","1793","1816","1831.612","108000","197814100","1897","1927","1825","1846","1840","1851","1793","1816"
"4041","20230317","4620","4635","4545","4580","4583.2163","123900","567860500","4620","4635","4545","4570","4575","4600","4565","4580"
"4042","20230317","1761","1767","1750","1761","1759.8168","1541000","2711877700","1761","1767","1750","1760","1758","1763","1755","1761"
"4043","20230317","2090","2090","2037","2050","2051.9054","343400","704624300","2090","2090","2037","2046","2041","2059","2041","2050"
"4044","20230317","3000","3015","2936","2951","2956.5996","213300","630642700","3000","3015","2936","2948","2958","2972","2944","2951"
"4045","20230317","1225","1227","1202","1205","1208.6812","259100","313169300","1225","1227","1209","1211","1211","1213","1202","1205"
"4046","20230317","4295","4315","4185","4200","4209.7839","67100","282476500","4295","4315","4185","4205","4220","4220","4190","4200"
"4047","20230317","1025","1027","1002","1015","1011.4549","317400","321035800","1025","1027","1002","1003","1003","1016","1002","1015"
"4051","20230317","9550","10340","9550","10340","10108.5034","102900","1040165000","9550","10120","9550","10120","10070","10340","10050","10340"
"4052","20230317","621","667","621","637","636.8214","2800","1783100","621","630","621","627","642","667","637","637"
"4053","20230317","1116","1189","1115","1181","1166.7209","184900","215726700","1116","1178","1115","1176","1176","1189","1165","1181"
"4054","20230317","637","669","633","666","656.0066","30500","20008200","637","663","633","663","663","669","659","666"
"4055","20230317","1755","1849","1755","1820","1801.7309","74700","134589300","1755","1849","1755","1820","1833","1840","1800","1820"
"4056","20230317","978","1025","976","1025","1006.5528","44500","44791600","978","1009","976","1009","1009","1025","1008","1025"
"4057","20230317","738","754","724","754","744.9101","8900","6629700","738","748","724","748","746","754","745","754"
"4058","20230317","1583","1590","1535","1578","1569.7379","24800","38929500","1583","1583","1535","1570","1570","1590","1566","1578"
"4059","20230317","507","507","502","503","504.4","1000","504400","507","507","503","503","502","503","502","503"
"4060","20230317","956","960","937","955","952.4038","10400","9905000","956","956","937","955","954","960","948","955"
"4061","20230317","2721","2731","2698","2720","2718.4322","404400","1099334000","2721","2727","2698","2725","2721","2731","2719","2720"
"4062","20230317","4875","5030","4870","5010","4980.9684","1349600","6722315000","4875","4995","4870","4985","4995","5030","4990","5010"
"4063","20230317","20090","20275","20080","20155","20165.0377","1392300","28075782000","20090","20275","20080","20170","20160","20270","20145","20155"
"4064","20230317","1321","1325","1316","1319","1319.4449","27200","35888900","1321","1325","1316","1318","1318","1325","1316","1319"
"4068","20230317","2298","2300","2297","2300","2298.25","800","1838600","2298","2299","2297","2299","2300","2300","2300","2300"
"4069","20230317","1529","1594","1522","1578","1565.2672","11600","18157100","1529","1560","1522","1560","1560","1594","1560","1578"
"4071","20230317","2952","3095","2952","3085","3054.5792","94100","287435900","2952","3075","2952","3060","3080","3095","3060","3085"
"4072","20230317","2435","2514","2435","2502","2488.7157","31300","77896800","2435","2491","2435","2491","2465","2514","2465","2502"
"4073","20230317","599","600","589","598","592.4118","1700","1007100","599","600","589","589","598","598","598","598"
"4074","20230317","1744","1830","1744","1810","1803.2423","42100","75916500","1744","1795","1744","1795","1799","1830","1799","1810"
"4075","20230317","975","1024","975","1015","1005.7439","8200","8247100","975","1014","975","999","999","1024","999","1015"
"4076","20230317","-","-","-","-","-","-","-","-","-","-","-","-","-","-","-"
"4078","20230317","1770","1772","1731","1732","1736.1932","143400","248970100","1770","1772","1731","1733","1734","1741","1732","1732"
"4080","20230317","1397","1424","1397","1411","1413.8157","153000","216313800","1397","1422","1397","1418","1418","1424","1409","1411"
"4082","20230317","984","989","971","976","976.4088","86600","84557000","984","989","971","974","974","978","973","976"
"4088","20230317","1675","1675","1652","1658","1659.0402","587200","974188400","1675","1675","1652","1664","1665","1668","1657","1658"
"4091","20230317","2364","2422","2358","2412","2405.8934","821000","1975238500","2364","2406","2358","2406","2415","2422","2400","2412"
"4092","20230317","1900","1911","1885","1892","1894.2677","25400","48114400","1900","1911","1885","1891","1888","1899","1888","1892"
"4093","20230317","1300","1306","1289","1298","1297.5521","16300","21150100","1300","1306","1289","1298","1302","1306","1294","1298"
"4094","20230317","1013","1014","1001","1003","1004.1905","4200","4217600","1013","1014","1003","1008","1008","1008","1001","1003"
"4095","20230317","979","983","964","965","968.0883","171100","165639900","979","983","968","971","970","972","964","965"
"4097","20230317","708","708","698","703","702.5714","23800","16721200","708","708","698","702","702","706","702","703"
"4098","20230317","1456","1474","1456","1459","1462.6383","4700","6874400","1456","1462","1456","1458","1458","1474","1458","1459"
"4099","20230317","1303","1318","1302","1316","1311.6278","40300","52858600","1303","1309","1302","1302","1305","1318","1305","1316"
"4100","20230317","2545","2596","2534","2566","2568.4044","58600","150508500","2545","2596","2545","2568","2575","2590","2534","2566"
"4102","20230317","1315","1315","1315","1315","1315","100","131500","-","-","-","-","1315","1315","1315","1315"
"4107","20230317","7440","7590","7240","7340","7368.1319","18200","134100000","7440","7590","7240","7400","7370","7430","7310","7340"
"4109","20230317","2662","2675","2591","2631","2626.2377","107700","282845800","2662","2675","2591","2611","2615","2638","2600","2631"
"4112","20230317","2945","2980","2945","2955","2959.18","15000","44387700","2945","2973","2945","2953","2960","2980","2955","2955"
"4113","20230317","735","745","731","738","740.1525","23600","17467600","735","745","734","742","739","741","731","738"
"4114","20230317","5500","5500","5400","5450","5444.7518","112800","614168000","5500","5500","5400","5420","5440","5470","5420","5450"
"4116","20230317","1760","1766","1735","1739","1740.9857","48900","85134200","1760","1766","1735","1739","1736","1746","1736","1739"
"4118","20230317","3470","3475","3385","3405","3410.9948","289500","987483000","3470","3475","3385","3400","3400","3420","3400","3405"
"4119","20230317","2183","2197","2175","2175","2181.1579","1900","4144200","2183","2197","2183","2197","2177","2177","2175","2175"
"4120","20230317","2095","2108","2090","2100","2100.8182","2200","4621800","2095","2108","2095","2108","2090","2100","2090","2100"
"4124","20230317","1530","1590","1530","1590","1549.6452","3100","4803900","1530","1555","1530","1530","1539","1590","1539","1590"
"4125","20230317","3370","3380","3325","3355","3348.2069","14500","48549000","3370","3375","3325","3325","3330","3380","3330","3355"
"4151","20230317","2857","2885","2845","2883","2875.0206","1077700","3098409700","2857","2885","2845","2874","2883","2885","2853","2883"
"4165","20230317","635","675","634","673","657.3714","734200","482642100","635","664","634","660","664","675","658","673"
"4166","20230317","977","977","976","976","976.5714","700","683600","977","977","976","976","976","977","976","976"
"4167","20230317","622","655","622","649","637.5707","19100","12177600","622","655","622","647","637","653","637","649"
"4168","20230317","839","921","832","909","896.9603","347200","311424600","839","907","832","904","904","921","896","909"
"4169","20230317","1318","1430","1309","1419","1385.5337","1814100","2513496600","1318","1416","1309","1402","1416","1430","1405","1419"
"4170","20230317","398","418","395","414","408.5529","166200","67901500","398","415","395","413","413","418","412","414"
"4171","20230317","1738","1738","1690","1701","1703.4069","20400","34749500","1738","1738","1699","1734","1720","1720","1690","1701"
"4172","20230317","1772","1772","1708","1728","1730.2222","7200","12457600","1772","1772","1708","1717","1721","1758","1721","1728"
"4173","20230317","533","548","530","548","540.3162","13600","7348300","533","541","530","539","540","548","539","548"
"4174","20230317","1195","1244","1145","1244","1207.5039","164900","199117400","1195","1219","1145","1204","1204","1244","1194","1244"
"4175","20230317","1078","1078","1037","1064","1053.9153","35400","37308600","1078","1078","1037","1064","1064","1073","1062","1064"
"4176","20230317","452","468","445","468","456.9547","156800","71650500","452","463","445","462","464","468","461","468"
"4177","20230317","1113","1113","1068","1100","1092.6561","41000","44798900","1113","1113","1068","1098","1098","1110","1091","1100"
"4178","20230317","909","930","909","930","912.2532","7900","7206800","909","920","909","920","920","930","910","930"
"4179","20230317","349","360","347","360","352.3438","3200","1127500","349","351","347","351","351","360","350","360"
"4180","20230317","1821","1930","1813","1904","1884.4557","1525700","2875114100","1821","1893","1813","1879","1879","1930","1879","1904"
"4182","20230317","1942","1942","1906","1912","1915.4764","920300","1762812900","1942","1942","1906","1914","1911","1918","1910","1912"
"4183","20230317","3255","3290","3220","3275","3263.1646","1784400","5822791000","3255","3285","3220","3260","3255","3290","3255","3275"
"4185","20230317","3100","3110","3080","3090","3092.7936","722000","2232997000","3100","3105","3080","3100","3100","3110","3085","3090"
"4186","20230317","7540","7740","7540","7650","7638.3443","425800","3252407000","7540","7660","7540","7640","7650","7740","7590","7650"
"4187","20230317","2101","2110","2080","2103","2101.1303","59100","124176800","2101","2110","2080","2102","2102","2110","2094","2103"
"4188","20230317","762.8","764.8","754.4","760.1","759.7033","6279400","4770480760","762.8","764.8","754.4","759","760","763.2","758.7","760.1"
"4189","20230317","2337","2337","2290","2300","2301.5834","125300","288388400","2337","2337","2290","2302","2298","2311","2294","2300"
"4192","20230317","516","573","516","564","555.4554","652600","362490200","516","573","516","563","563","572","553","564"
"4193","20230317","3090","3115","3055","3075","3081.0744","12100","37281000","3090","3110","3055","3105","3105","3115","3075","3075"
"4194","20230317","7750","8060","7560","7990","7797.2524","1274200","9935259000","7750","7850","7560","7850","7930","8060","7820","7990"
"4196","20230317","1191","1191","1123","1184","1168.4712","10400","12152100","1191","1191","1123","1180","1165","1184","1162","1184"
"4198","20230317","1631","1632","1630","1632","1631.3077","1300","2120700","1631","1632","1630","1631","1632","1632","1632","1632"
"4199","20230317","1165","1183","1160","1180","1173.4423","5200","6101900","1165","1180","1160","1180","1180","1183","1174","1180"
"4200","20230317","1024","1025","1013","1025","1021.2941","1700","1736200","1024","1024","1020","1022","1013","1025","1013","1025"
"4202","20230317","982","989","971","982","980.0985","1425700","1397326500","982","989","971","977","977","984","976","982"
"4203","20230317","4800","4830","4720","4775","4767.7575","139800","666532500","4800","4830","4720","4750","4755","4795","4740","4775"
"4204","20230317","1869","1877","1854","1873","1870.6164","1247100","2332845700","1869","1873","1854","1865","1867","1877","1863","1873"
"4205","20230317","1352","1382","1347","1369","1368.2237","949800","1299538900","1352","1382","1347","1367","1371","1375","1363","1369"
"4206","20230317","3100","3100","3075","3085","3088.0358","181500","560478500","3100","3100","3080","3090","3090","3100","3075","3085"
"4208","20230317","1989","1989","1958","1977","1974.3083","555900","1097518000","1989","1989","1958","1974","1975","1985","1971","1977"
"4212","20230317","2065","2065","2028","2032","2034.8727","47900","97470400","2065","2065","2028","2031","2035","2042","2029","2032"
"4215","20230317","500","500","495","499","497.5302","56200","27961200","500","500","496","496","497","499","495","499"
"4216","20230317","2864","2892","2822","2858","2852.8774","67700","193139800","2864","2892","2822","2841","2844","2864","2844","2858"
"4218","20230317","1862","1879","1862","1878","1875.7627","11800","22134000","1862","1878","1862","1874","1874","1879","1873","1878"
"4220","20230317","583","587","568","570","572.962","94800","54316800","583","587","568","568","571","571","569","570"
"4221","20230317","1950","1951","1909","1922","1926.9308","13000","25050100","1950","1951","1923","1929","1910","1927","1909","1922"
"4222","20230317","394","396","387","387","391.6176","34000","13315000","394","394","390","394","394","396","387","387"
"4224","20230317","1346","1347","1346","1347","1346.5","200","269300","-","-","-","-","1346","1347","1346","1347"
"4228","20230317","400","400","396","400","397.8777","50700","20172400","400","400","396","397","397","400","396","400"
"4229","20230317","2532","2554","2532","2533","2541.974","7700","19573200","2532","2550","2532","2533","2533","2554","2532","2533"
"4231","20230317","432","450","432","447","441.9545","24200","10695300","432","448","432","437","437","450","433","447"
"4234","20230317","469","469","469","469","469","200","93800","469","469","469","469","469","469","469","469"
"4235","20230317","3600","3750","3565","3655","3625.9546","52900","191813000","3600","3620","3565","3595","3595","3750","3595","3655"
"4237","20230317","384","390","381","388","385.5747","39500","15230200","384","390","381","385","386","388","383","388"
"4238","20230317","1620","1627","1583","1626","1613.7914","116000","187199800","1620","1621","1583","1608","1609","1627","1608","1626"
"4240","20230317","363","366","359","365","361.8718","7800","2822600","363","363","359","363","363","366","363","365"
"4241","20230317","554","557","554","557","555.6667","900","500100","554","554","554","554","557","557","557","557"
"4242","20230317","1415","1419","1415","1418","1416.8","500","708400","-","-","-","-","1415","1419","1415","1418"
"4243","20230317","815","824","810","824","814.3243","3700","3013000","815","815","810","811","812","824","811","824"
"4245","20230317","691","697","691","695","694.4681","9400","6528000","691","696","691","692","693","697","693","695"
"4246","20230317","620","626","607","608","614.4631","348100","213894600","620","626","607","607","610","614","608","608"
"4247","20230317","1209","1209","1184","1184","1200.9375","1600","1921500","1209","1209","1188","1188","1198","1198","1184","1184"
"4248","20230317","840","848","840","844","843.9464","11200","9452200","840","846","840","845","842","848","842","844"
"4249","20230317","1845","1845","1806","1808","1813.1393","24400","44240600","1845","1845","1813","1815","1808","1813","1806","1808"
"4251","20230317","1495","1497","1463","1464","1474.635","194800","287258900","1495","1497","1468","1480","1477","1479","1463","1464"
"4255","20230317","934","961","934","961","945.5714","700","661900","934","954","934","954","961","961","961","961"
"4256","20230317","983","997","967","979","980.1538","5200","5096800","983","983","967","967","967","997","967","979"
"4258","20230317","1032","1036","1021","1034","1028.1923","2600","2673300","1032","1034","1021","1024","1030","1036","1026","1034"
"4259","20230317","309","321","305","318","314.6472","1207200","379842100","309","315","305","312","313","321","312","318"
"4260","20230317","931","1007","931","1005","989.5721","122000","120727800","931","1002","931","999","1000","1007","999","1005"
"4261","20230317","2334","2400","2284","2400","2359.2113","14200","33500800","2334","2389","2284","2387","2337","2400","2336","2400"
"4262","20230317","812","815","809","814","812.8602","9300","7559600","812","815","809","815","815","815","811","814"
"4263","20230317","1243","1278","1232","1268","1256.8531","239000","300387900","1243","1269","1232","1263","1264","1278","1258","1268"
"4264","20230317","1090","1247","1031","1176","1186.5601","386200","458249500","1090","1130","1031","1113","1125","1247","1123","1176"
"4265","20230317","474","484","469","470","475.3193","16600","7890300","474","475","470","475","473","484","469","470"
"4267","20230317","1082","1136","1070","1135","1104.1947","26200","28929900","1082","1100","1070","1085","1085","1136","1085","1135"
"4268","20230317","918","932","899","909","913.2378","214900","196254800","918","932","899","904","905","922","904","909"
"4270","20230317","2614","2675","2580","2610","2628.8485","9900","26025600","2614","2646","2580","2645","2644","2675","2610","2610"
"4272","20230317","1181","1185","1164","1167","1169.1564","218000","254876100","1181","1185","1164","1168","1171","1171","1165","1167"
"4274","20230317","1403","1409","1385","1390","1395.0385","18200","25389700","1403","1409","1385","1400","1398","1400","1390","1390"
"4275","20230317","690","690","677","682","686.0699","190200","130490500","690","690","677","679","680","684","678","682"
"4284","20230317","338","342","336","338","338.5591","50800","17198800","338","339","336","338","337","342","337","338"
"4286","20230317","801","813","801","806","805.1517","14500","11674700","801","811","801","811","807","813","805","806"
"4287","20230317","303","303","300","302","301.2759","5800","1747400","303","303","302","302","302","302","300","302"
"4288","20230317","630","630","624","624","627.7143","700","439400","630","630","630","630","628","628","624","624"
"4290","20230317","600","600","593","596","596.8662","196500","117284200","600","600","593","597","598","599","595","596"
"4293","20230317","323","343","320","332","334.452","6590800","2204306200","323","341","320","339","338","343","332","332"
"4295","20230317","499","505","499","500","501.768","12500","6272100","499","505","499","503","503","504","500","500"
"4298","20230317","1183","1188","1173","1180","1180.543","59300","70006200","1183","1188","1178","1180","1180","1187","1173","1180"
"4299","20230317","1392","1413","1383","1383","1392.4449","24500","34114900","1392","1413","1392","1396","1396","1396","1383","1383"
"4301","20230317","1778","1797","1778","1787","1788.4601","36300","64921100","1778","1792","1778","1790","1790","1797","1785","1787"
"4304","20230317","1421","1434","1407","1429","1422.0652","4600","6541500","1421","1422","1407","1422","1429","1434","1420","1429"
"4307","20230317","2963","3070","2951","3050","3035.0169","1868000","5669411600","2963","3045","2951","3045","3045","3070","3035","3050"
"4308","20230317","576","597","576","596","588.6102","50800","29901400","576","586","576","585","585","597","585","596"
"4310","20230317","2876","2902","2815","2819","2843.5451","115200","327576400","2876","2902","2815","2853","2857","2872","2818","2819"
"4312","20230317","901","912","899","907","907.5812","30800","27953500","901","912","899","910","908","910","904","907"
"4316","20230317","449","454","447","453","451.1875","8000","3609500","449","453","447","450","451","454","451","453"
"4317","20230317","484","486","477","479","480.4121","34700","16670300","484","486","478","478","478","481","477","479"
"4318","20230317","1703","1720","1702","1715","1711.6422","42200","72231300","1703","1720","1702","1708","1713","1720","1708","1715"
"4319","20230317","203","203","201","201","201.5","4400","886600","203","203","201","202","201","202","201","201"
"4320","20230317","520","534","520","523","526.2532","23300","12261700","520","531","520","530","530","534","523","523"
"4323","20230317","1596","1645","1596","1633","1631.7908","15300","24966400","1596","1635","1596","1634","1645","1645","1621","1633"
"4324","20230317","4520","4580","4500","4540","4543.0058","1420900","6455157000","4520","4580","4500","4560","4560","4575","4540","4540"
"4326","20230317","1460","1496","1455","1490","1484.7903","66300","98441600","1460","1477","1455","1477","1480","1496","1480","1490"
"4327","20230317","3540","3545","3535","3540","3539.9866","37400","132395500","3540","3540","3535","3540","3540","3545","3540","3540"
"4331","20230317","1346","1378","1341","1367","1360.1008","137900","187557900","1346","1366","1341","1364","1367","1378","1359","1367"
"4333","20230317","1044","1064","1042","1061","1052.975","4000","4211900","1044","1053","1042","1053","1061","1064","1053","1061"
"4334","20230317","1685","1787","1619","1784","1718.9602","615200","1057504300","1685","1762","1619","1747","1749","1787","1749","1784"
"4335","20230317","732","741","732","741","734.8","2500","1837000","732","735","732","732","735","741","735","741"
"4337","20230317","3200","3270","3200","3270","3247.6772","12700","41245500","3200","3260","3200","3260","3260","3270","3255","3270"
"4341","20230317","859","859","859","859","859","300","257700","859","859","859","859","859","859","859","859"
"4343","20230317","2757","2780","2735","2744","2751.416","23800","65483700","2757","2780","2735","2748","2748","2758","2743","2744"
"4344","20230317","218","227","218","226","223.4912","1739500","388763000","218","224","218","222","223","227","223","226"
"4345","20230317","742","742","728","728","731.8267","133300","97552500","742","742","736","738","736","737","728","728"
"4346","20230317","613","615","605","614","610.0073","13700","8357100","613","614","606","606","605","615","605","614"
"4347","20230317","1149","1200","1149","1200","1184.343","86300","102208800","1149","1191","1149","1191","1191","1200","1188","1200"
"4348","20230317","2317","2338","2298","2335","2325.7441","42600","99076700","2317","2326","2298","2324","2327","2338","2323","2335"
"4350","20230317","396","396","388","393","391.2953","98200","38425200","396","396","388","388","389","395","388","393"
"4351","20230317","886","886","886","886","886","400","354400","886","886","886","886","886","886","886","886"
"4355","20230317","153","155","149","153","151.6544","46300","7021600","153","155","149","151","151","153","151","153"
"4356","20230317","1960","2019","1960","1964","1977.25","1200","2372700","1960","2019","1960","2019","2000","2000","1964","1964"
"4360","20230317","808","881","803","860","849.5485","62900","53436600","808","842","803","836","840","881","840","860"
"4361","20230317","1323","1323","1300","1322","1309.8333","1800","2357700","1323","1323","1300","1300","1300","1322","1300","1322"
"4362","20230317","2460","2460","2431","2438","2440.0806","18600","45385500","2460","2460","2432","2446","2447","2451","2431","2438"
"4365","20230317","14010","14150","14010","14150","14080","200","2816000","-","-","-","-","14010","14150","14010","14150"
"4366","20230317","649","677","649","676","662.8905","21000","13920700","649","666","649","651","654","677","654","676"
"4367","20230317","2365","2368","2362","2368","2365.25","800","1892200","2365","2368","2362","2368","2368","2368","2368","2368"
"4368","20230317","3740","3745","3690","3730","3724.953","74500","277509000","3740","3740","3690","3720","3715","3745","3710","3730"
"4369","20230317","2111","2216","2073","2211","2167.3801","712400","1544041600","2111","2199","2073","2198","2204","2216","2183","2211"
"4370","20230317","762","795","751","795","777.6063","76200","59253600","762","777","751","775","777","795","777","795"
"4371","20230317","3030","3255","3030","3190","3167.3283","99000","313565500","3030","3160","3030","3150","3165","3255","3165","3190"
"4372","20230317","1277","1317","1268","1317","1300.0655","22900","29771500","1277","1310","1268","1310","1311","1317","1301","1317"
"4373","20230317","2195","2342","2195","2305","2294.773","121600","279044400","2195","2283","2195","2276","2284","2342","2279","2305"
"4374","20230317","1978","2022","1901","1925","1969.8216","18500","36441700","1978","2022","1951","1951","1987","1987","1901","1925"
"4375","20230317","799","805","795","800","800.7248","184600","147813800","799","805","795","800","800","804","799","800"
"4376","20230317","372","390","372","387","380.8309","69200","26353500","372","383","372","382","384","390","382","387"
"4377","20230317","4465","4670","4460","4645","4599.0342","40900","188100500","4465","4590","4460","4560","4595","4670","4565","4645"
"4378","20230317","889","912","871","894","891.0588","22100","19692400","889","903","871","893","897","912","893","894"
"4379","20230317","368","376","361","364","368.691","97400","35910500","368","376","363","370","370","373","361","364"
"4380","20230317","1498","1525","1492","1510","1509.5796","22600","34116500","1498","1525","1497","1520","1520","1522","1492","1510"
"4381","20230317","1325","1335","1297","1305","1312.8191","9400","12340500","1325","1335","1297","1304","1311","1318","1305","1305"
"4382","20230317","1520","1624","1492","1601","1560.8287","945500","1475763500","1520","1580","1492","1575","1575","1624","1571","1601"
"4384","20230317","1528","1601","1487","1581","1557.2149","1316600","2050229200","1528","1601","1487","1553","1559","1598","1558","1581"
"4385","20230317","2288","2364","2244","2333","2315.0011","12639500","29260457000","2288","2306","2244","2299","2300","2364","2294","2333"
"4386","20230317","534","539","529","537","536.1277","9400","5039600","534","539","529","539","537","537","535","537"
"4387","20230317","1010","1020","1005","1010","1011.2727","1100","1112400","-","-","-","-","1010","1020","1005","1010"
"4388","20230317","1240","1284","1165","1209","1229.0506","1216200","1494771300","1240","1284","1165","1232","1238","1275","1192","1209"
"4389","20230317","1945","1992","1931","1962","1961.381","2100","4118900","1945","1951","1945","1951","1931","1992","1931","1962"
"4390","20230317","2329","2366","2323","2350","2347.7932","50300","118094000","2329","2354","2323","2349","2353","2366","2344","2350"
"4391","20230317","888","888","863","880","878.4063","3200","2810900","888","888","863","874","881","881","880","880"
"4392","20230317","290","298","290","297","295.7279","81600","24131400","290","297","290","297","297","298","296","297"
"4393","20230317","7550","7850","7310","7850","7627.2669","673600","5137727000","7550","7550","7310","7460","7470","7850","7460","7850"
"4394","20230317","855","862","855","862","858.5","200","171700","855","855","855","855","862","862","862","862"
"4395","20230317","1900","2023","1873","2005","1972.2255","240800","474911900","1900","1936","1873","1934","1940","2023","1940","2005"
"4396","20230317","1764","1796","1763","1792","1785.2379","26900","48022900","1764","1796","1763","1791","1793","1795","1786","1792"
"4397","20230317","361","383","361","370","375.7926","103200","38781800","361","383","361","376","376","379","370","370"
"4398","20230317","1497","1549","1464","1549","1502.7097","3100","4658400","1497","1497","1475","1475","1493","1549","1464","1549"
"4401","20230317","2181","2183","2149","2171","2170.3641","193900","420833600","2181","2183","2149","2165","2170","2180","2166","2171"
"4403","20230317","6020","6030","5920","5950","5966.5586","416400","2484475000","6020","6030","5920","5970","5970","5980","5950","5950"
"4404","20230317","953","956","946","950","950.0886","7900","7505700","953","956","946","949","949","953","947","950"
"4406","20230317","207","210","206","210","208.3733","59200","12335700","207","209","206","209","209","210","208","210"
"4409","20230317","496","497","493","496","494.8367","4900","2424700","496","497","494","494","494","496","493","496"
"4410","20230317","898","898","890","897","894.3428","31800","28440100","898","898","890","892","892","897","891","897"
"4412","20230317","728","751","728","745","739.6866","26800","19823600","728","745","728","739","740","751","740","745"
"4413","20230317","4130","4195","4060","4150","4108.5536","40100","164753000","4130","4195","4060","4100","4100","4150","4075","4150"
"4414","20230317","1696","1724","1696","1707","1708.4706","1700","2904400","1696","1701","1696","1701","1724","1724","1703","1707"
"4415","20230317","1002","1014","1000","1003","1004.8182","1100","1105300","1002","1010","1000","1006","1014","1014","1003","1003"
"4416","20230317","455","459","452","456","455.6038","5300","2414700","455","458","454","458","455","459","452","456"
"4417","20230317","5500","5800","5420","5800","5668.7656","80200","454635000","5500","5720","5420","5700","5700","5800","5690","5800"
"4418","20230317","854","910","854","890","887.9889","126000","111886600","854","895","854","892","893","910","890","890"
"4419","20230317","570","634","564","634","606.2743","519900","315202000","570","616","564","614","615","634","615","634"
"4420","20230317","823","839","817","835","828.8623","16700","13842000","823","831","817","826","820","839","820","835"
"4421","20230317","992","997","983","984","991.1522","4600","4559300","992","995","987","995","994","997","983","984"
"4422","20230317","1103","1200","1053","1136","1115.1857","226700","252812600","1103","1200","1053","1140","1166","1166","1125","1136"
"4423","20230317","1276","1281","1267","1276","1274.3652","67900","86529400","1276","1281","1267","1271","1273","1278","1271","1276"
"4424","20230317","583","590","569","574","576.5294","5100","2940300","583","590","569","572","576","576","572","574"
"4425","20230317","2585","2698","2532","2684","2619.6373","226100","592300000","2585","2630","2532","2620","2620","2698","2620","2684"
"4427","20230317","491","491","484","491","490.8091","166600","81768800","491","491","484","491","491","491","491","491"
"4428","20230317","989","1001","976","983","985.8843","12100","11929200","989","1001","976","986","980","987","977","983"
"4429","20230317","1499","1510","1480","1501","1496.4271","9600","14365700","1499","1510","1494","1500","1501","1506","1480","1501"
"4430","20230317","891","895","886","893","890.7786","14000","12470900","891","895","886","887","889","894","888","893"
"4431","20230317","3040","3280","3035","3185","3165.7763","2799800","8863540500","3040","3280","3035","3265","3200","3270","3140","3185"
"4432","20230317","1819","1880","1819","1868","1863.3382","96400","179625800","1819","1878","1819","1878","1880","1880","1861","1868"
"4433","20230317","1513","1536","1513","1522","1524.5462","13000","19819100","1513","1536","1513","1520","1527","1529","1520","1522"
"4434","20230317","2380","2500","2380","2476","2469.2462","19500","48150300","2380","2493","2380","2485","2470","2500","2467","2476"
"4435","20230317","2471","2551","2471","2539","2516.2857","56700","142673400","2471","2525","2471","2511","2512","2551","2505","2539"
"4436","20230317","2025","2032","1992","2025","2017.1617","93400","188402900","2025","2025","1992","2003","2005","2032","2005","2025"
"4437","20230317","1092","1094","1092","1094","1093","200","218600","-","-","-","-","1092","1094","1092","1094"
"4438","20230317","440","442","432","432","435.9275","6900","3007900","440","440","437","439","438","442","432","432"
"4439","20230317","2487","2550","2405","2465","2459.5833","63600","156429500","2487","2550","2405","2423","2422","2474","2418","2465"
"4440","20230317","871","872","856","860","862.1524","21000","18105200","871","872","859","862","865","867","856","860"
"4441","20230317","1018","1041","998","1008","1015.4284","211700","214966200","1018","1041","1004","1023","1021","1029","998","1008"
"4442","20230317","3305","3370","3240","3370","3314.6656","61300","203189000","3305","3340","3240","3305","3290","3370","3290","3370"
"4443","20230317","1599","1716","1597","1709","1674.8864","1707600","2860036000","1599","1687","1597","1681","1685","1716","1681","1709"
"4444","20230317","1514","1576","1260","1354","1412.625","3222900","4552749200","1514","1576","1302","1304","1303","1468","1260","1354"
"4445","20230317","1999","1999","1999","1999","1999","200","399800","1999","1999","1999","1999","-","-","-","-"
"4446","20230317","946","955","922","922","938.2164","84100","78904000","946","955","928","953","953","953","922","922"
"4447","20230317","793","811","789","808","803.1046","45900","36862500","793","807","789","805","805","811","800","808"
"4448","20230317","877","1015","875","1005","978.9969","3346700","3276408900","877","974","875","969","977","1015","968","1005"
"4449","20230317","2490","2544","2433","2523","2499.9967","486300","1215748400","2490","2511","2433","2488","2496","2544","2492","2523"
"4450","20230317","2301","2304","2300","2304","2301.5","400","920600","-","-","-","-","2301","2304","2300","2304"
"4452","20230317","5069","5183","5065","5178","5153.4993","3145800","16211878100","5069","5183","5065","5152","5158","5178","5144","5178"
"4461","20230317","1822","1836","1803","1833","1820.0775","67100","122127200","1822","1822","1803","1811","1810","1836","1810","1833"
"4462","20230317","1358","1385","1358","1384","1363.7286","35000","47730500","1358","1373","1358","1373","1373","1385","1373","1384"
"4463","20230317","839","839","816","828","828.1497","18700","15486400","839","839","816","818","818","828","816","828"
"4464","20230317","1227","1247","1200","1247","1224.1064","4700","5753300","1227","1241","1200","1241","1247","1247","1235","1247"
"4465","20230317","2085","2137","2069","2097","2097.4503","17100","35866400","2085","2137","2069","2082","2072","2106","2072","2097"
"4471","20230317","4375","4375","4290","4300","4316.1831","35500","153224500","4375","4375","4310","4310","4310","4320","4290","4300"
"4475","20230317","744","784","741","780","768.7935","764800","587973300","744","777","741","775","775","784","773","780"
"4476","20230317","1080","1138","1080","1133","1118.6766","26900","30092400","1080","1138","1080","1124","1123","1133","1112","1133"
"4477","20230317","271","288","271","288","283.3878","1202400","340745500","271","285","271","283","284","288","284","288"
"4478","20230317","3740","4195","3725","4135","4042.148","1382900","5589886500","3740","4130","3725","4030","4075","4195","4070","4135"
"4479","20230317","1297","1315","1274","1315","1299.2254","14200","18449000","1297","1297","1274","1292","1292","1315","1292","1315"
"4480","20230317","4510","4680","4510","4675","4617.9234","313500","1447719000","4510","4650","4510","4620","4645","4680","4640","4675"
"4481","20230317","4935","5370","4935","5360","5261.8077","164300","864515000","4935","5320","4935","5320","5310","5370","5240","5360"
"4482","20230317","571","581","568","580","574.2538","39000","22395900","571","577","568","571","573","581","572","580"
"4483","20230317","4475","4805","4445","4795","4704.5107","473100","2225704000","4475","4705","4445","4690","4700","4805","4700","4795"
"4484","20230317","266","276","265","268","270.1177","80700","21798500","266","272","265","272","272","276","268","268"
"4485","20230317","5350","5500","5280","5450","5396.674","225800","1218569000","5350","5500","5280","5450","5470","5490","5420","5450"
"4486","20230317","1050","1063","1050","1063","1054.283","5300","5587700","1050","1058","1050","1057","1058","1063","1050","1063"
"4487","20230317","267","277","267","277","272.2016","36700","9989800","267","274","267","272","273","277","273","277"
"4488","20230317","4255","4435","4235","4430","4359.9061","21300","92866000","4255","4400","4235","4355","4355","4435","4355","4430"
"4489","20230317","699","702","687","689","692.2905","45100","31222300","699","702","688","690","688","691","687","689"
"4490","20230317","1636","1664","1630","1642","1650.0532","28200","46531500","1636","1661","1630","1647","1647","1664","1642","1642"
"4491","20230317","1464","1514","1457","1514","1478.0909","1100","1625900","-","-","-","-","1464","1514","1457","1514"
"4492","20230317","494","508","480","508","494.7344","6400","3166300","494","494","480","494","494","508","494","508"
"4493","20230317","1850","1970","1820","1968","1930.9508","164700","318027600","1850","1951","1820","1950","1949","1970","1949","1968"
"4494","20230317","1081","1101","1080","1101","1090.5517","2900","3162600","1081","1084","1080","1084","1080","1101","1080","1101"
"4495","20230317","1327","1340","1321","1336","1330.64","2500","3326600","1327","1327","1321","1325","1328","1340","1325","1336"
"4496","20230317","731","766","730","760","755.5351","27100","20475000","731","766","730","765","765","765","758","760"
"4498","20230317","3295","3465","3295","3465","3414.7713","32800","112004500","3295","3465","3295","3415","3410","3465","3410","3465"
"4499","20230317","1320","1346","1309","1346","1331.5","3800","5059700","1320","1335","1309","1335","1334","1346","1334","1346"
"4502","20230317","4345","4396","4333","4380","4376.4028","7893800","34546448700","4345","4396","4333","4368","4365","4383","4358","4380"
"4503","20230317","1836.5","1856","1836","1850.5","1847.825","10311900","19054586600","1836.5","1849.5","1836","1845","1846","1856","1842.5","1850.5"
"4506","20230317","808","815","802","810","809.6763","1318000","1067153300","808","815","802","811","811","813","807","810"
"4507","20230317","5970","5983","5917","5939","5943.4273","1549800","9211123700","5970","5983","5929","5942","5940","5949","5917","5939"
"4512","20230317","227","229","224","229","226.9168","51700","11731600","227","228","224","226","226","229","226","229"
"4516","20230317","5600","6010","5590","5990","5870.169","1473300","8648520000","5600","5880","5590","5860","5890","6010","5870","5990"
"4519","20230317","3343","3372","3335","3366","3359.2588","3239700","10882990600","3343","3372","3335","3356","3356","3369","3338","3366"
"4521","20230317","3690","3705","3680","3680","3683.9401","65100","239824500","3690","3705","3685","3685","3685","3690","3680","3680"
"4523","20230317","7467","7512","7411","7512","7479.5939","1096700","8202870600","7467","7474","7411","7418","7432","7512","7415","7512"
"4524","20230317","2074","2074","2017","2030","2047.2258","3100","6346400","2074","2074","2017","2017","2021","2047","2020","2030"
"4526","20230317","1915","1930","1908","1917","1917.1553","63100","120972500","1915","1930","1911","1914","1912","1928","1908","1917"
"4527","20230317","2626","2630","2582","2604","2603.3748","788900","2053802400","2626","2630","2582","2601","2600","2606","2589","2604"
"4528","20230317","2778","2843.5","2778","2820","2817.493","1989100","5604275250","2778","2843.5","2778","2827","2821.5","2828.5","2807","2820"
"4530","20230317","3720","3740","3700","3730","3727.565","149900","558762000","3720","3740","3700","3710","3725","3740","3715","3730"
"4531","20230317","289","289","285","287","287.1053","39900","11455500","289","289","285","287","286","288","286","287"
"4534","20230317","3345","3375","3340","3370","3361.6466","49800","167410000","3345","3355","3340","3345","3360","3375","3345","3370"
"4536","20230317","1084","1120","1076","1113","1109.3574","3470100","3849581200","1084","1120","1076","1119","1120","1120","1110","1113"
"4538","20230317","1991","2010","1986","1996","1998","5900","11788200","1991","2000","1986","2000","2000","2010","1996","1996"
"4539","20230317","1770","1815","1770","1797","1802.6765","3400","6129100","1770","1815","1770","1802","1802","1805","1797","1797"
"4540","20230317","2628","2637","2614","2614","2618.6979","221800","580827200","2628","2637","2615","2626","2626","2626","2614","2614"
"4541","20230317","36","36","35","35","35.1664","3042000","106976200","36","36","35","35","36","36","35","35"
"4543","20230317","3553","3561","3532","3561","3555.1001","2493300","8863931100","3553","3559","3532","3549","3542","3561","3532","3561"
"4544","20230317","2735","2740","2710","2729","2726.4468","328800","896455700","2735","2740","2710","2725","2736","2736","2718","2729"
"4547","20230317","2641","2684","2641","2657","2663.8638","118900","316733400","2641","2684","2641","2662","2659","2675","2657","2657"
"4548","20230317","804","808","796","799","800.8469","62700","50213100","804","808","796","804","803","804","798","799"
"4549","20230317","1608","1612","1593","1606","1605.8132","104900","168449800","1608","1608","1593","1606","1608","1612","1603","1606"
"4551","20230317","3145","3185","3145","3155","3167.1257","16700","52891000","3145","3185","3145","3180","3175","3180","3155","3155"
"4552","20230317","1460","1508","1460","1505","1494.0414","342900","512306800","1460","1497","1460","1493","1493","1508","1484","1505"
"4553","20230317","1878","1882","1871","1876","1876.8377","88700","166475500","1878","1882","1871","1878","1881","1881","1873","1876"
"4554","20230317","1094","1101","1076","1076","1085.4911","84100","91289800","1094","1101","1091","1095","1094","1099","1076","1076"
"4556","20230317","1045","1054","1045","1053","1049.3","2000","2098600","1045","1054","1045","1045","1051","1053","1051","1053"
"4558","20230317","222","223","222","222","222.2663","16900","3756300","222","223","222","222","223","223","222","222"
"4559","20230317","2150","2169","2125","2128","2139.214","74300","158943600","2150","2169","2144","2144","2144","2148","2125","2128"
"4563","20230317","120","123","120","122","121.8482","1217700","148374600","120","123","120","122","121","123","121","122"
"4564","20230317","53","53","52","52","52.5663","540900","28433100","53","53","52","53","52","53","52","52"
"4565","20230317","2420","2445","2376","2412","2413.9173","747200","1803679000","2420","2445","2376","2411","2411","2441","2407","2412"
"4568","20230317","4500","4579","4494","4579","4561.566","4739100","21617717600","4500","4579","4494","4552","4560","4579","4536","4579"
"4569","20230317","1717","1723","1704","1704","1708.3169","93100","159044300","1717","1723","1709","1711","1717","1717","1704","1704"
"4570","20230317","483","492","461","479","474.3718","512900","243305300","483","492","461","468","467","487","465","479"
"4571","20230317","226","237","226","232","233.2046","435000","101444000","226","235","226","234","234","237","232","232"
"4572","20230317","458","471","456","467","465.9186","105600","49201000","458","469","456","468","467","471","465","467"
"4574","20230317","379","388","379","386","384.5048","165200","63520200","379","388","379","388","388","388","383","386"
"4575","20230317","1520","1555","1483","1540","1524.8751","653500","996505900","1520","1544","1483","1531","1530","1555","1529","1540"
"4576","20230317","221","229","221","224","225.0263","239400","53871300","221","228","221","228","228","229","223","224"
"4577","20230317","2474","2519","2474","2516","2508.7607","23400","58705000","2474","2514","2474","2510","2510","2519","2499","2516"
"4578","20230317","3956","3994","3947","3991","3982.8183","2007200","7994312900","3956","3994","3947","3994","3992","3993","3972","3991"
"4579","20230317","822","844","822","831","834.342","84800","70752200","822","840","822","837","842","844","831","831"
"4581","20230317","5650","5710","5650","5660","5671.335","158800","900608000","5650","5710","5650","5710","5710","5710","5650","5660"
"4582","20230317","440","447","437","441","443.3389","381200","169000800","440","446","437","445","445","447","441","441"
"4583","20230317","180","186","180","185","183.9917","410600","75547000","180","185","180","185","185","186","184","185"
"4584","20230317","243","250","240","248","245.428","186700","45821400","243","249","240","247","247","250","247","248"
"4586","20230317","146","150","145","147","147.5121","1135800","167544200","146","149","145","148","148","150","147","147"
"4587","20230317","1787","1824","1781","1824","1811.0016","486300","880690100","1787","1810","1781","1803","1804","1824","1804","1824"
"4588","20230317","621","648","621","643","636.7862","135200","86093500","621","640","621","640","640","648","635","643"
"4591","20230317","184","191","183","188","187.6066","528200","99093800","184","190","183","189","189","191","188","188"
"4592","20230317","618","717","608","709","691.7261","2446400","1692238700","618","710","608","707","705","717","695","709"
"4593","20230317","340","356","340","354","350.1423","574000","200981700","340","355","340","355","352","356","352","354"
"4594","20230317","165","170","162","168","166.3019","1572000","261426600","165","168","162","167","168","170","166","168"
"4595","20230317","2384","2412","2382","2382","2395.6121","28100","67316700","2384","2410","2384","2403","2405","2412","2382","2382"
"4596","20230317","113","115","113","114","113.4666","182400","20696300","113","114","113","114","113","115","113","114"
"4597","20230317","48","49","47","47","47.9899","1690100","81107800","48","49","47","48","49","49","47","47"
"4598","20230317","1293","1358","1275","1345","1329.2965","847000","1125914100","1293","1352","1275","1349","1344","1358","1324","1345"
"4599","20230317","1093","1200","1092","1191","1159.1584","1189700","1379050700","1093","1200","1092","1185","1181","1191","1175","1191"
"4611","20230317","820","845","818","840","831.343","130600","108573400","820","827","818","823","822","845","820","840"
"4612","20230317","1214","1233","1207","1217","1219.9988","5004100","6104996200","1214","1233","1207","1222","1229","1229","1213","1217"
"4613","20230317","1712","1742","1712","1726","1725.4529","3065400","5289203300","1712","1742","1712","1718","1723","1730","1713","1726"
"4615","20230317","129","133","128","132","130.5498","275200","35927300","129","132","128","130","131","133","131","132"
"4616","20230317","1909","1909","1888","1888","1893.25","400","757300","1909","1909","1909","1909","1888","1888","1888","1888"
"4617","20230317","1075","1075","1054","1056","1059.2807","140700","149040800","1075","1075","1054","1058","1056","1061","1055","1056"
"4619","20230317","915","920","904","915","913.7788","32100","29332300","915","920","904","914","912","918","912","915"
"4620","20230317","436","436","429","432","431.6439","20500","8848700","436","436","430","430","430","432","429","432"
"4621","20230317","-","-","-","-","-","-","-","-","-","-","-","-","-","-","-"
"4623","20230317","1888","1888","1882","1882","1886.5","400","754600","1888","1888","1888","1888","1888","1888","1882","1882"
"4624","20230317","2734","2734","2734","2734","2734","300","820200","2734","2734","2734","2734","2734","2734","2734","2734"
"4625","20230317","665","665","665","665","665","200","133000","665","665","665","665","-","-","-","-"
"4626","20230317","2434","2446","2419","2434","2433.294","112600","273988900","2434","2446","2423","2439","2441","2441","2419","2434"
"4627","20230317","1550","1570","1550","1570","1567.1538","1300","2037300","-","-","-","-","1550","1570","1550","1570"
"4628","20230317","43100","43100","43100","43100","43100","100","4310000","-","-","-","-","43100","43100","43100","43100"
"4629","20230317","1179","1192","1179","1192","1188.4722","3600","4278500","1179","1184","1179","1183","1185","1192","1185","1192"
"4631","20230317","2299","2300","2270","2286","2282.957","330400","754289000","2299","2300","2270","2278","2284","2287","2276","2286"
"4633","20230317","963","982","957","979","974.8796","339000","330484200","963","976","957","976","974","982","967","979"
"4634","20230317","1991","1993","1970","1975","1977.9738","133800","264652900","1991","1993","1970","1978","1980","1984","1973","1975"
"4635","20230317","2857","2886","2850","2861","2861.5385","1300","3720000","2857","2886","2857","2880","2863","2863","2850","2861"
"4636","20230317","1089","1114","1077","1079","1086.9024","58400","63475100","1089","1114","1082","1086","1087","1089","1077","1079"
"4641","20230317","2417","2443","2340","2344","2360.7718","476400","1124671700","2417","2443","2416","2440","2435","2441","2340","2344"
"4642","20230317","790","799","790","799","793.6","500","396800","790","799","790","799","799","799","799","799"
"4644","20230317","985","987","975","980","981.32","7500","7359900","985","987","979","981","977","980","975","980"
"4645","20230317","447","454","447","447","449.5714","2100","944100","447","447","447","447","450","454","447","447"
"4650","20230317","298","298","294","296","295.8974","3900","1154000","298","298","294","295","297","298","296","296"
"4651","20230317","272","280","271","280","276.2355","230600","63699900","272","276","271","275","275","280","275","280"
"4657","20230317","416","416","415","415","415.6667","600","249400","416","416","416","416","415","415","415","415"
"4658","20230317","711","716","708","716","713.48","10000","7134800","711","711","708","709","711","716","711","716"
"4659","20230317","2274","2290","2230","2260","2271","3600","8175600","2274","2288","2230","2266","2267","2290","2249","2260"
"4661","20230317","21730","22180","21680","22075","22016.4873","947700","20865025000","21730","22180","21680","21940","21975","22095","21975","22075"
"4662","20230317","1002","1012","1002","1009","1007.1608","19900","20042500","1002","1009","1002","1008","1007","1012","1007","1009"
"4664","20230317","547","551","547","551","548.76","2500","1371900","547","550","547","549","550","551","550","551"
"4665","20230317","3230","3260","3225","3250","3242.4101","102900","333644000","3230","3245","3225","3235","3240","3260","3235","3250"
"4666","20230317","1901","1950","1898","1935","1925.9117","2062200","3971615100","1901","1934","1898","1915","1916","1950","1915","1935"
"4667","20230317","2250","2291","2230","2290","2264.0846","39000","88299300","2250","2268","2230","2256","2256","2291","2254","2290"
"4668","20230317","625","628","624","627","626.3305","23900","14969300","625","628","625","626","625","628","624","627"
"4671","20230317","1958","1979","1955","1958","1962.9828","5800","11385300","1958","1973","1958","1973","1955","1979","1955","1958"
"4673","20230317","2251","2300","2242","2279","2270","1300","2951000","2251","2251","2251","2251","2251","2300","2242","2279"
"4674","20230317","1607","1672","1607","1663","1644.0925","45400","74641800","1607","1649","1607","1648","1650","1672","1650","1663"
"4676","20230317","1164","1167","1148","1161","1159.6974","517100","599679500","1164","1165","1148","1159","1162","1167","1159","1161"
"4678","20230317","425","426","423","424","424.6364","3300","1401300","425","426","423","423","424","426","424","424"
"4679","20230317","534","534","531","531","532.6977","4300","2290600","534","534","533","534","534","534","531","531"
"4680","20230317","515","518","510","515","515.2768","2495000","1285615600","515","518","510","513","513","518","513","515"
"4681","20230317","2062","2111","2055","2109","2085.4437","749400","1562831500","2062","2096","2055","2096","2099","2111","2096","2109"
"4684","20230317","20120","20830","20120","20790","20679.1967","219100","4530812000","20120","20750","20120","20750","20790","20830","20740","20790"
"4685","20230317","2115","2116","2090","2100","2106.5","1000","2106500","2115","2115","2090","2094","2116","2116","2100","2100"
"4686","20230317","3315","3465","3310","3465","3414.3822","112500","384118000","3315","3415","3310","3415","3405","3465","3405","3465"
"4687","20230317","1393","1425","1393","1424","1410.5513","41900","59102100","1393","1417","1393","1410","1410","1425","1409","1424"
"4689","20230317","368.6","381.1","368.6","380.3","377.7909","21153000","7991410440","368.6","376.1","368.6","375.7","376","381.1","375.8","380.3"
"4690","20230317","2138","2177","2126","2141","2150.3585","10600","22793800","2138","2177","2138","2153","2153","2162","2126","2141"
"4691","20230317","856","874","849","865","861.4354","44100","37989300","856","867","849","860","860","874","860","865"
"4694","20230317","3135","3155","3095","3145","3132.7375","164200","514395500","3135","3155","3095","3130","3130","3150","3130","3145"
"4704","20230317","6410","6490","6350","6400","6409.4369","843500","5406360000","6410","6440","6350","6440","6450","6490","6400","6400"
"4705","20230317","826","826","820","823","822","800","657600","826","826","826","826","820","823","820","823"
"4707","20230317","312","312","300","306","302.618","23300","7051000","312","312","300","305","307","307","305","306"
"4708","20230317","1457","1458","1456","1456","1457.0911","261200","380592200","1457","1458","1456","1458","1458","1458","1456","1456"
"4709","20230317","1006","1010","1004","1009","1007.5625","25600","25793600","1006","1010","1004","1006","1006","1010","1004","1009"
"4712","20230317","976","1009","964","993","988.8358","107800","106596500","976","988","964","986","986","1009","986","993"
"4714","20230317","326","329","324","328","327.1474","536700","175580000","326","328","324","328","327","329","327","328"
"4716","20230317","8900","9020","8880","9010","8985.246","321200","2886061000","8900","8980","8880","8960","8950","9020","8950","9010"
"4718","20230317","1232","1235","1226","1230","1231.4762","39900","49135900","1232","1234","1226","1232","1233","1235","1227","1230"
"4719","20230317","4035","4090","4030","4045","4052.7536","6900","27964000","4035","4060","4030","4055","4075","4090","4045","4045"
"4720","20230317","401","401","399","400","400.48","2500","1001200","401","401","399","401","401","401","400","400"
"4722","20230317","1698","1734","1690","1729","1722.449","153000","263534700","1698","1724","1690","1723","1723","1734","1721","1729"
"4725","20230317","1610","1622","1607","1607","1613.0724","29000","46779100","1610","1622","1608","1616","1613","1616","1607","1607"
"4726","20230317","1945","1987","1943","1976","1967.081","35800","70421500","1945","1963","1943","1962","1962","1987","1957","1976"
"4728","20230317","724","732","724","728","729.24","5000","3646200","724","731","724","730","731","732","728","728"
"4732","20230317","2251","2277","2251","2262","2262.4982","675800","1528996300","2251","2275","2251","2274","2277","2277","2260","2262"
"4733","20230317","4800","5000","4800","4990","4876.7947","259100","1263577500","4800","4910","4800","4910","4900","5000","4900","4990"
"4735","20230317","361","363","361","363","361.5","600","216900","361","362","361","361","363","363","363","363"
"4736","20230317","510","512","504","504","509.3846","1300","662200","510","512","509","509","509","509","504","504"
"4739","20230317","3145","3240","3145","3235","3219.9917","481900","1551714000","3145","3230","3145","3225","3225","3240","3220","3235"
"4743","20230317","860","863","851","861","858.9649","34200","29376600","860","863","851","861","860","863","859","861"
"4745","20230317","512","516","512","515","514.1719","76200","39179900","512","515","512","514","514","516","513","515"
"4746","20230317","6710","6770","6650","6690","6705.3333","7500","50290000","6710","6770","6700","6720","6650","6730","6650","6690"
"4748","20230317","2970","2976","2946","2957","2954.6735","4900","14477900","2970","2975","2965","2975","2946","2976","2946","2957"
"4750","20230317","577","580","577","579","578.5588","3400","1967100","577","580","577","580","580","580","579","579"
"4751","20230317","1112","1138","1109","1134","1128.4331","3036000","3425922800","1112","1130","1109","1125","1127","1138","1125","1134"
"4752","20230317","937","950","937","950","944.45","2000","1888900","937","945","937","945","945","950","944","950"
"4754","20230317","886","890","885","885","887.44","2500","2218600","886","888","885","885","885","890","885","885"
"4755","20230317","622","630","616","628","624.7559","9629300","6015962400","622","628","616","623","623","630","622","628"
"4760","20230317","1141","1155","1132","1132","1139.8125","1600","1823700","1141","1141","1133","1133","1148","1155","1132","1132"
"4761","20230317","822","824","822","824","823.1429","700","576200","822","823","822","823","824","824","824","824"
"4762","20230317","1013","1020","1001","1005","1006.6465","9900","9965800","1013","1020","1013","1019","1001","1012","1001","1005"
"4763","20230317","2121","2167","2119","2160","2151.497","33800","72720600","2121","2167","2119","2167","2157","2167","2157","2160"
"4765","20230317","493","496","490","494","493.0761","327400","161433100","493","496","490","493","493","495","493","494"
"4766","20230317","163","165","160","163","161.7273","28600","4625400","163","165","160","162","162","163","161","163"
"4767","20230317","308","309","307","307","307.2871","82900","25474100","308","309","307","307","307","308","307","307"
"4768","20230317","4540","4660","4535","4640","4629.926","479600","2220512500","4540","4645","4535","4635","4640","4660","4630","4640"
"4769","20230317","855","870","855","869","864.4","500","432200","855","870","855","869","-","-","-","-"
"4770","20230317","414","419","401","408","410.8778","386200","158681000","414","419","406","411","408","415","401","408"
"4771","20230317","2070","2166","2045","2113","2129.7664","32100","68365500","2070","2166","2045","2138","2138","2146","2113","2113"
"4772","20230317","175","179","172","177","175.6846","182000","31974600","175","176","172","173","174","179","174","177"
"4776","20230317","3015","3240","3015","3240","3163.5486","971500","3073387500","3015","3160","3015","3140","3150","3240","3145","3240"
"4777","20230317","462","482","462","477","475.647","157800","75057100","462","479","462","479","478","482","477","477"
"4781","20230317","1270","1270","1269","1270","1269.8889","900","1142900","-","-","-","-","1270","1270","1269","1270"
"4783","20230317","784","784","770","783","779.0238","4200","3271900","784","784","776","776","773","783","770","783"
"4784","20230317","432","434","430","433","431","10400","4482400","432","433","431","431","431","434","430","433"
"4792","20230317","1419","1422","1387","1394","1403.0981","59100","82923100","1419","1422","1401","1410","1410","1413","1387","1394"
"4800","20230317","984","1011","980","1010","1001.4962","39300","39358800","984","1007","980","1006","1003","1011","1001","1010"
"4801","20230317","2489","2511","2487","2488","2496.5161","12400","30956800","2489","2511","2489","2495","2495","2509","2487","2488"
"4809","20230317","1978","2027","1978","2021","2005.6651","21500","43121800","1978","2009","1978","1998","1998","2027","1991","2021"
"4812","20230317","4920","5030","4900","5020","4977.3398","143600","714746000","4920","4980","4900","4965","4975","5030","4970","5020"
"4813","20230317","840","872","840","863","858.1156","125400","107607700","840","867","840","861","860","872","860","863"
"4814","20230317","217","219","213","219","216.9637","173700","37686600","217","217","213","215","215","219","214","219"
"4816","20230317","12670","12730","12300","12300","12387.0117","222200","2752394000","12670","12730","12470","12520","12500","12600","12300","12300"
"4819","20230317","4155","4255","4145","4225","4217.634","117500","495572000","4155","4225","4145","4225","4235","4255","4205","4225"
"4820","20230317","822","840","822","835","833.56","47500","39594100","822","836","822","833","833","840","833","835"
"4824","20230317","291","295","289","290","291.1667","9600","2795200","291","293","289","292","292","295","290","290"
"4825","20230317","6590","6700","6590","6700","6672.0763","23600","157461000","6590","6700","6590","6700","6700","6700","6660","6700"
"4826","20230317","1039","1039","1032","1037","1036.0552","14500","15022800","1039","1039","1032","1033","1036","1039","1033","1037"
"4828","20230317","2842","2950","2842","2915","2901.2366","9300","26981500","2842","2910","2842","2905","2910","2950","2905","2915"
"4829","20230317","130","133","130","131","130.8704","73300","9592800","130","132","130","130","130","133","130","131"
"4832","20230317","2650","2650","2632","2646","2645.5","1200","3174600","2650","2650","2632","2650","2650","2650","2637","2646"
"4833","20230317","126","137","122","122","130.4098","905700","118112200","126","137","125","126","125","125","122","122"
"4837","20230317","703","719","700","714","712.6373","130400","92927900","703","719","700","713","715","719","712","714"
"4838","20230317","441","441","436","440","438.6429","2800","1228200","441","441","436","439","440","441","440","440"
"4839","20230317","1219","1235","1212","1230","1226.7284","48600","59619000","1219","1231","1212","1229","1231","1235","1226","1230"
"4840","20230317","418","421","412","420","418.541","6100","2553100","418","421","412","420","415","420","415","420"
"4845","20230317","712","719","712","719","715.4955","55700","39853100","712","718","712","713","714","719","714","719"
"4847","20230317","685","703","685","702","697.2961","69900","48741000","685","697","685","697","697","703","696","702"
"4848","20230317","2361","2370","2334","2359","2356.3182","70700","166591700","2361","2370","2334","2351","2348","2365","2344","2359"
"4849","20230317","2357","2424","2346","2417","2392.8138","339500","812360300","2357","2391","2346","2377","2380","2424","2380","2417"
"4875","20230317","287","295","286","292","290.1238","40400","11721000","287","291","286","289","289","295","289","292"
"4880","20230317","3300","3550","3300","3495","3480.1448","255600","889525000","3300","3550","3300","3490","3490","3535","3480","3495"
"4881","20230317","210","216","186","193","202.627","6670500","1351623300","210","216","194","196","195","195","186","193"
"4882","20230317","297","305","295","303","301.1114","118500","35681700","297","305","295","305","304","304","301","303"
"4883","20230317","294","301","292","297","297.3267","80800","24024000","294","301","292","300","300","301","296","297"
"4884","20230317","1047","1074","990","1042","1037.1535","304800","316124400","1047","1074","990","1065","1064","1064","1035","1042"
"4885","20230317","753","762","750","757","755.1333","4500","3398100","753","756","750","756","758","762","757","757"
"4886","20230317","1132","1140","1123","1124","1126.8571","28700","32340800","1132","1140","1123","1125","1129","1130","1124","1124"
"4887","20230317","3650","3655","3625","3650","3646.1108","164300","599056000","3650","3655","3625","3650","3650","3655","3635","3650"
"4888","20230317","378","384","376","379","379.7311","137600","52251000","378","382","376","380","381","384","379","379"
"4889","20230317","500","532","493","523","513.9243","512700","263489000","500","524","493","516","516","532","503","523"
"4890","20230317","863","896","857","895","882.7883","385500","340314900","863","894","857","884","887","896","886","895"
"4891","20230317","546","563","543","562","552.892","140800","77847200","546","557","543","555","553","563","553","562"
"4892","20230317","1369","1387","1244","1257","1313.6604","4816800","6327639400","1369","1387","1244","1244","1250","1292","1250","1257"
"4901","20230317","6384","6460","6371","6458","6435.1057","1440600","9270413200","6384","6426","6371","6409","6400","6460","6400","6458"
"4902","20230317","550","553","538","545","544.3723","4095500","2229476800","550","553","538","540","541","547","541","545"
"4911","20230317","5858","5960","5852","5951","5929.3972","1565200","9280692500","5858","5929","5852","5922","5930","5960","5921","5951"
"4912","20230317","1445","1468","1438","1467","1461.7939","1008000","1473488300","1445","1467","1438","1467","1467","1468","1459","1467"
"4914","20230317","2550","2569","2537","2560","2555.2565","30800","78701900","2550","2566","2537","2554","2554","2569","2548","2560"
"4917","20230317","1466","1470","1447","1450","1457.7534","152900","222890500","1466","1470","1453","1466","1466","1466","1447","1450"
"4918","20230317","440","449","438","449","442.4737","5700","2522100","440","441","438","441","441","449","441","449"
"4919","20230317","5360","5440","5360","5430","5404.7798","61300","331313000","5360","5400","5360","5380","5380","5440","5380","5430"
"4920","20230317","1519","1588","1470","1501","1528.2593","10800","16505200","1519","1588","1470","1517","1520","1520","1479","1501"
"4921","20230317","2380","2459","2376","2454","2436.0037","430200","1047968800","2380","2443","2376","2443","2449","2459","2441","2454"
"4922","20230317","14880","14990","14820","14950","14938.9946","201900","3016183000","14880","14990","14820","14930","14960","14980","14900","14950"
"4923","20230317","1679","1679","1656","1668","1664.1118","32200","53584400","1679","1679","1656","1659","1659","1670","1658","1668"
"4925","20230317","2371","2382","2353","2369","2370.2857","1400","3318400","2371","2376","2371","2375","2375","2382","2353","2369"
"4926","20230317","1610","1613","1604","1610","1608.8889","1800","2896000","1610","1613","1610","1610","1610","1610","1604","1610"
"4927","20230317","1647","1671","1647","1669","1664.0984","464500","772973700","1647","1665","1647","1661","1665","1671","1661","1669"
"4928","20230317","5390","5390","5310","5370","5362.3077","42900","230043000","5390","5390","5310","5370","5380","5390","5350","5370"
"4929","20230317","1000","1010","977","993","998.0858","187700","187340700","1000","1010","995","996","995","1000","977","993"
"4930","20230317","2017","2058","2017","2024","2030.25","800","1624200","2017","2019","2017","2019","2020","2058","2020","2024"
"4931","20230317","1389","1413","1381","1413","1403.3785","28800","40417300","1389","1401","1381","1401","1407","1413","1403","1413"
"4932","20230317","1224","1236","1216","1232","1226.4623","51700","63408100","1224","1225","1216","1222","1223","1236","1220","1232"
"4933","20230317","3625","3635","3480","3585","3557.3596","101500","361072000","3625","3635","3480","3575","3580","3615","3545","3585"
"4934","20230317","1250","1281","1202","1272","1239.9641","200700","248860800","1250","1258","1202","1223","1224","1281","1222","1272"
"4935","20230317","695","710","695","702","702","1800","1263600","695","710","695","702","708","708","702","702"
"4936","20230317","1180","1201","1146","1156","1165.2653","219400","255659200","1180","1201","1146","1148","1153","1162","1146","1156"
"4937","20230317","958","967","932","964","950.098","5100","4845500","958","967","932","954","953","964","953","964"
"4951","20230317","1523","1548","1523","1535","1529.6855","31800","48644000","1523","1548","1523","1541","1541","1544","1535","1535"
"4955","20230317","1526","1563","1521","1551","1543.6857","3500","5402900","1526","1526","1526","1526","1521","1563","1521","1551"
"4956","20230317","1831","1835","1815","1832","1828.5275","21800","39861900","1831","1832","1815","1818","1816","1835","1816","1832"
"4957","20230317","523","523","523","523","523","2800","1464400","523","523","523","523","523","523","523","523"
"4958","20230317","2907","2934","2845","2870","2868.2222","32400","92930400","2907","2934","2845","2853","2863","2874","2845","2870"
"4960","20230317","299","301","299","300","300","1400","420000","299","301","299","300","-","-","-","-"
"4963","20230317","536","536","530","530","531.4709","20600","10948300","536","536","530","531","530","532","530","530"
"4966","20230317","6240","6520","6160","6410","6390.8972","53500","341913000","6240","6520","6160","6390","6470","6500","6350","6410"
"4967","20230317","8000","8120","7970","8090","8077.0476","298400","2410191000","8000","8120","7970","8090","8090","8100","8060","8090"
"4968","20230317","1005","1005","996","997","999.5056","17800","17791200","1005","1005","996","1000","1000","1003","996","997"
"4970","20230317","8940","9070","8670","8670","8728.7644","243600","2126327000","8940","9070","8890","8930","8930","8940","8670","8670"
"4971","20230317","2360","2492","2360","2487","2450.687","327200","801864800","2360","2492","2360","2472","2476","2489","2462","2487"
"4972","20230317","1791","1791","1753","1768","1780.4082","4900","8724000","1791","1791","1753","1766","1772","1784","1768","1768"
"4973","20230317","2589","2629","2567","2607","2609.3039","10200","26614900","2589","2629","2586","2612","2611","2618","2567","2607"
"4974","20230317","1744","1756","1735","1751","1749.1439","148700","260097700","1744","1749","1735","1749","1749","1756","1748","1751"
"4975","20230317","3205","3235","3200","3225","3219.0248","32300","103974500","3205","3220","3200","3215","3215","3235","3210","3225"
"4976","20230317","2260","2260","2260","2260","2260","100","226000","2260","2260","2260","2260","-","-","-","-"
"4977","20230317","782","794","771","786","784.0755","105900","83033600","782","784","771","781","782","794","782","786"
"4978","20230317","245","252","245","250","249.2213","465400","115987600","245","251","245","251","250","252","250","250"
"4979","20230317","1449","1470","1447","1450","1452.666","53600","77862900","1449","1470","1447","1454","1452","1456","1448","1450"
"4980","20230317","2580","2629","2570","2621","2610.1199","321000","837848500","2580","2621","2570","2621","2625","2629","2610","2621"
"4985","20230317","4655","4670","4650","4670","4665.2128","37600","175412000","4655","4670","4650","4660","4665","4670","4650","4670"
"4987","20230317","312","312","308","310","310.1667","14400","4466400","312","312","309","311","311","312","308","310"
"4990","20230317","447","469","446","449","453.5256","15600","7075000","447","469","446","448","458","462","446","449"
"4992","20230317","812","815","804","807","807.1003","59800","48264600","812","815","804","804","804","810","804","807"
"4994","20230317","2811","2860","2800","2826","2815.8596","11400","32100800","2811","2860","2805","2807","2802","2826","2800","2826"
"4996","20230317","840","855","835","853","847.7009","445000","377226900","840","851","835","845","848","855","846","853"
"4997","20230317","660","667","652","659","659.1147","138600","91353300","660","667","652","657","658","662","657","659"
"4998","20230317","1079","1079","1058","1061","1066.9041","14600","15576800","1079","1079","1061","1064","1060","1066","1058","1061"
"5009","20230317","1205","1213","1202","1210","1206.8","16500","19912200","1205","1213","1202","1205","1202","1212","1202","1210"
"5010","20230317","124","125","123","125","123.6939","4900","606100","124","124","123","123","123","125","123","125"
"5011","20230317","1501","1509","1493","1503","1502.1893","131000","196786800","1501","1508","1496","1502","1503","1509","1493","1503"
"5013","20230317","805","812","801","802","804.3039","20400","16407800","805","812","801","802","804","808","802","802"
"5015","20230317","883","896","883","887","892.0212","28300","25244200","883","896","883","893","893","896","887","887"
"5017","20230317","252","255","249","255","252.5191","564400","142521800","252","254","249","250","251","255","251","255"
"5018","20230317","1141","1152","1141","1142","1145.8155","10300","11801900","1141","1152","1141","1147","1144","1148","1142","1142"
"5019","20230317","2860","2873","2823","2826","2836.6727","2606100","7392652800","2860","2873","2823","2835","2838","2849","2826","2826"
"5020","20230317","456","456.6","451.4","454.5","454.5433","21347500","9703363480","456","456.6","451.4","453","453.9","456.1","453.6","454.5"
"5021","20230317","3865","3865","3720","3725","3740.4918","873300","3266571500","3865","3865","3725","3735","3735","3770","3720","3725"
"5025","20230317","752","766","740","743","756.4615","6500","4917000","752","764","745","760","761","766","740","743"
"5026","20230317","815","822","785","812","805.9202","42600","34332200","815","822","785","801","812","817","805","812"
"5028","20230317","1470","1580","1460","1550","1532.1168","113000","173129200","1470","1519","1460","1500","1500","1580","1500","1550"
"5029","20230317","577","600","577","594","593.6268","14200","8429500","577","600","577","593","593","598","591","594"
"5031","20230317","325","351","321","338","338.6352","326500","110564400","325","349","321","349","346","351","337","338"
"5032","20230317","5350","5350","5350","5350","5350","235200","1258320000","-","-","-","-","5350","5350","5350","5350"
"5033","20230317","848","848","832","848","842.55","12000","10110600","848","848","834","841","840","848","832","848"
"5034","20230317","3895","4015","3735","3755","3845.4823","147200","566055000","3895","4015","3770","3825","3840","3880","3735","3755"
"5035","20230317","661","690","661","681","681.6339","25400","17313500","661","684","661","683","682","690","678","681"
"5036","20230317","3065","3180","3060","3150","3140.8389","14900","46798500","3065","3165","3060","3155","3155","3180","3135","3150"
"5038","20230317","5150","5580","5150","5480","5437.1797","209200","1137458000","5150","5580","5150","5550","5550","5560","5400","5480"
"5070","20230317","376","380","372","380","375.8625","16000","6013800","376","378","372","378","379","380","378","380"
"5071","20230317","953","985","950","982","967.1691","47300","45747100","953","971","950","966","974","985","966","982"
"5074","20230317","1012","1050","1012","1049","1026.4993","72900","74831800","1012","1039","1012","1039","1040","1050","1036","1049"
"5076","20230317","1054","1055","1030","1042","1041.7721","1609500","1676732200","1054","1055","1030","1036","1037","1044","1035","1042"
"5078","20230317","2413","2413","2253","2399","2315.7581","6200","14357700","2413","2413","2400","2400","2352","2400","2253","2399"
"5079","20230317","2636","2636","2599","2635","2626.3333","3000","7879000","2636","2636","2599","2626","2634","2635","2614","2635"
"5101","20230317","2525","2527","2436","2472","2467.2447","1136200","2803283400","2525","2527","2438","2439","2439","2479","2436","2472"
"5103","20230317","47","48","47","48","47.8293","20500","980500","47","48","47","48","48","48","48","48"
"5104","20230317","487","487","486","487","486.8254","18900","9201000","487","487","486","486","486","487","486","487"
"5105","20230317","1464","1470","1437","1448","1447.3164","897800","1299400700","1464","1470","1437","1439","1439","1452","1439","1448"
"5108","20230317","5099","5110","5019","5066","5062.7905","2153700","10903732000","5099","5110","5019","5050","5063","5078","5049","5066"
"5110","20230317","1132","1140","1113","1114","1116.6335","880000","982637500","1132","1140","1113","1117","1120","1120","1113","1114"
"5121","20230317","982","997","965","988","978.2783","295000","288592100","982","997","965","972","974","993","973","988"
"5122","20230317","3820","3845","3795","3795","3810.7826","11500","43824000","3820","3840","3820","3830","3830","3845","3795","3795"
"5125","20230317","1320","1390","1320","1364","1362.5915","96200","131081300","1320","1381","1320","1381","1390","1390","1362","1364"
"5126","20230317","1900","1976","1890","1958","1937.2174","9200","17822400","1900","1948","1890","1948","1955","1976","1950","1958"
"5127","20230317","3000","3130","2838","2928","2941.2639","133400","392364600","3000","3130","2838","2901","2873","2950","2846","2928"
"5128","20230317","1490","1496","1487","1496","1492.7664","64200","95835600","1490","1495","1487","1493","1495","1496","1494","1496"
"5129","20230317","2397","2425","2336","2350","2381.2501","431800","1028223800","2397","2425","2356","2383","2380","2401","2336","2350"
"5131","20230317","278","320","275","308","301.8056","1043200","314843600","278","320","275","298","299","310","297","308"
"5132","20230317","8500","8990","8060","8130","8535.7999","513800","4385694000","8500","8990","8270","8450","8470","8670","8060","8130"
"5133","20230317","321","336","320","326","323.253","100800","32583900","321","336","320","329","329","330","325","326"
"5134","20230317","630","674","630","665","661.1095","27400","18114400","630","671","630","671","671","674","663","665"
"5136","20230317","2040","2232","1973","2173","2122.5693","910100","1931750300","2040","2190","1973","2145","2169","2232","2153","2173"
"5137","20230317","2214","2418","2162","2402","2327.7437","490800","1142456600","2214","2399","2162","2388","2380","2418","2368","2402"
"5138","20230317","1003","1083","1001","1070","1040.7222","82800","86171800","1003","1041","1001","1036","1039","1083","1039","1070"
"5139","20230317","5430","5640","5340","5590","5509.9315","29200","160890000","5430","5470","5340","5380","5380","5640","5380","5590"
"5142","20230317","1387","1393","1387","1388","1389.0846","13000","18058100","1387","1392","1387","1392","1392","1393","1388","1388"
"5161","20230317","1178","1194","1177","1189","1186.4783","2300","2728900","1178","1194","1178","1192","1191","1191","1177","1189"
"5162","20230317","546","547","531","532","538.3448","2900","1561200","546","547","531","534","532","532","532","532"
"5184","20230317","2304","2310","2243","2267","2266.9242","19800","44885100","2304","2310","2245","2245","2244","2267","2243","2267"
"5185","20230317","1020","1020","1008","1011","1012.192","27600","27936500","1020","1020","1008","1008","1009","1015","1009","1011"
"5186","20230317","2929","2956","2911","2920","2927.35","56000","163931600","2929","2956","2911","2915","2926","2933","2920","2920"
"5187","20230317","872","878","872","873","874.4932","7300","6383800","872","877","872","874","877","878","873","873"
"5189","20230317","2671","2760","2671","2700","2699.1667","600","1619500","2671","2690","2671","2690","2760","2760","2687","2700"
"5191","20230317","639","642","628","631","631.6033","624600","394499400","639","642","628","632","631","636","629","631"
"5192","20230317","3905","3915","3830","3880","3870.8648","214500","830300500","3905","3915","3830","3880","3880","3890","3865","3880"
"5194","20230317","868","868","857","861","861.0238","8400","7232600","868","868","857","859","860","865","859","861"
"5195","20230317","1020","1025","1012","1016","1016.9726","62100","63154000","1020","1025","1012","1014","1016","1021","1015","1016"
"5199","20230317","1922","1923","1911","1911","1918","600","1150800","1922","1923","1922","1923","1919","1919","1911","1911"
"5201","20230317","4850","4860","4780","4805","4806.9891","850900","4090267000","4850","4860","4780","4795","4800","4810","4785","4805"
"5202","20230317","625","628","606","608","611.5564","833700","509854600","625","628","606","611","610","614","608","608"
"5204","20230317","1475","1495","1464","1488","1478.1012","76100","112483500","1475","1491","1464","1491","1490","1495","1483","1488"
"5208","20230317","1309","1315","1280","1280","1288.5113","1219200","1570953000","1309","1315","1301","1302","1304","1307","1280","1280"
"5210","20230317","719","719","631","649","659.4507","117600","77551400","719","719","631","645","638","657","634","649"
"5212","20230317","1360","1370","1197","1255","1277.4294","32600","41644200","1360","1370","1197","1267","1271","1319","1255","1255"
"5214","20230317","2480","2488","2444","2461","2461.7971","679200","1672052600","2480","2488","2444","2457","2459","2473","2455","2461"
"5216","20230317","125","126","123","126","124.4026","38500","4789500","125","125","124","124","124","126","123","126"
"5217","20230317","4245","4390","4245","4345","4342.7381","8400","36479000","4245","4340","4245","4330","4330","4390","4330","4345"
"5218","20230317","1140","1150","1134","1140","1142.2937","53800","61455400","1140","1150","1134","1142","1145","1149","1140","1140"
"5232","20230317","3670","3680","3615","3650","3652.8369","166200","607101500","3670","3680","3615","3645","3640","3675","3640","3650"
"5233","20230317","2457","2477","2383","2420","2425.0013","1050500","2547463900","2457","2477","2383","2419","2416","2442","2416","2420"
"5237","20230317","719","719","705","712","711.0588","3400","2417600","719","719","717","717","710","712","705","712"
"5240","20230317","1707","1927","1698","1826","1845.7493","4266100","7874150900","1707","1927","1698","1818","1830","1870","1783","1826"
"5242","20230317","3165","3295","3140","3200","3237.6984","6300","20397500","3165","3255","3140","3140","3200","3295","3200","3200"
"5243","20230317","783","836","756","816","801.9754","1453300","1165510900","783","836","756","814","810","816","796","816"
"5244","20230317","376","388","371","383","381.1544","80300","30606700","376","379","371","379","379","388","378","383"
"5246","20230317","1030","1043","945","953","997.2572","1943500","1938169300","1030","1043","1007","1015","1018","1018","945","953"
"5247","20230317","5040","5680","4985","5680","5421.3023","243800","1321713500","5040","5670","4985","5580","5660","5680","5630","5680"
"5248","20230317","2005","2043","1824","1966","1923.3765","317700","611056700","2005","2043","1824","1910","1917","2015","1913","1966"
"5250","20230317","2429","2730","2379","2605","2565.8139","264900","679684100","2429","2530","2379","2486","2500","2730","2480","2605"
"5261","20230317","4965","5010","4965","4990","4990","2100","10479000","4965","4980","4965","4980","4990","5010","4990","4990"
"5262","20230317","686","686","679","682","682.2243","10700","7299800","686","686","679","681","679","684","679","682"
"5268","20230317","684","687","677","687","682.5778","4500","3071600","684","684","677","677","677","687","677","687"
"5269","20230317","246","248","243","247","245.586","44200","10854900","246","248","243","244","245","247","243","247"
"5271","20230317","1583","1583","1555","1555","1569","200","313800","1583","1583","1583","1583","1555","1555","1555","1555"
"5273","20230317","4415","4520","4405","4460","4425.3281","38100","168605000","4415","4520","4415","4435","4415","4475","4405","4460"
"5277","20230317","220","220","217","219","217.9","3000","653700","220","220","219","219","217","220","217","219"
"5279","20230317","733","740","722","738","730.2889","4500","3286300","733","737","722","737","736","740","736","738"
"5280","20230317","1120","1150","1120","1150","1137.5667","6000","6825400","1120","1131","1120","1131","1140","1150","1134","1150"
"5282","20230317","297","301","296","297","297.3","9000","2675700","297","298","296","296","296","301","296","297"
"5283","20230317","2500","2500","2456","2460","2480.375","1600","3968600","2500","2500","2456","2468","2457","2461","2457","2460"
"5284","20230317","1128","1129","1116","1127","1120.8684","3800","4259300","1128","1129","1116","1116","1117","1127","1116","1127"
"5285","20230317","460","493","442","449","462.669","332300","153744900","460","473","442","445","446","493","442","449"
"5287","20230317","622","622","605","612","610.6667","2100","1282400","622","622","605","605","615","615","610","612"
"5288","20230317","715","720","705","707","709.6281","115900","82245900","715","720","705","707","705","711","705","707"
"5290","20230317","1280","1298","1272","1297","1282.4094","14900","19107900","1280","1297","1280","1281","1281","1298","1272","1297"
"5301","20230317","1222","1225","1197","1223","1214.87","2150400","2612456500","1222","1224","1197","1202","1202","1225","1202","1223"
"5302","20230317","3990","4000","3940","3945","3954.654","99700","394279000","3990","4000","3940","3945","3940","3960","3940","3945"
"5304","20230317","8400","8500","8200","8260","8293.0631","11100","92053000","8400","8500","8200","8220","8220","8330","8200","8260"
"5310","20230317","3915","3920","3805","3845","3839.4954","151600","582067500","3915","3920","3805","3810","3810","3845","3805","3845"
"5331","20230317","4555","4615","4505","4505","4534.0263","83700","379498000","4555","4615","4550","4555","4560","4565","4505","4505"
"5332","20230317","4385","4425","4345","4405","4396.3105","551300","2423686000","4385","4410","4345","4395","4395","4425","4385","4405"
"5333","20230317","1763","1763","1729","1739","1740.4713","1188000","2067679900","1763","1763","1729","1738","1741","1746","1735","1739"
"5334","20230317","2694","2710","2653","2675","2671.586","2199000","5874817700","2694","2710","2653","2659","2663","2675","2656","2675"
"5337","20230317","481","493","480","484","484.5528","113600","55045200","481","493","480","484","484","490","484","484"
"5341","20230317","637","663","635","650","651.1585","57400","37376500","637","652","635","643","642","663","642","650"
"5344","20230317","17200","17350","17090","17290","17266.4314","25500","440294000","17200","17230","17090","17210","17210","17350","17210","17290"
"5351","20230317","4350","4370","4235","4310","4302.1104","30800","132505000","4350","4370","4235","4270","4290","4310","4285","4310"
"5352","20230317","6650","6710","6450","6500","6507.9767","25700","167255000","6650","6710","6450","6460","6450","6550","6450","6500"
"5355","20230317","547","547","547","547","547","100","54700","547","547","547","547","-","-","-","-"
"5357","20230317","1475","1483","1452","1475","1466.0625","17600","25802700","1475","1483","1457","1459","1457","1475","1452","1475"
"5363","20230317","321","321","313","317","316.8161","70700","22398900","321","321","315","315","314","320","313","317"
"5367","20230317","577","583","570","575","575.2755","9800","5637700","577","583","570","570","572","577","572","575"
"5368","20230317","829","833","828","833","830","1300","1079000","829","829","828","828","831","833","831","833"
"5380","20230317","1749","1749","1641","1642","1677.7615","26000","43621800","1749","1749","1645","1674","1685","1697","1641","1642"
"5381","20230317","489","494","478","492","487.9845","219000","106868600","489","494","478","484","485","494","484","492"
"5384","20230317","6660","6720","6570","6700","6676.1731","52000","347161000","6660","6700","6570","6690","6690","6720","6670","6700"
"5386","20230317","366","372","360","366","362.2143","1400","507100","366","372","360","372","366","366","366","366"
"5388","20230317","852","872","852","863","864.1176","6800","5876000","852","862","852","856","856","872","856","863"
"5391","20230317","916","916","907","915","912.3056","3600","3284300","916","916","907","911","911","915","911","915"
"5393","20230317","2668","2668","2635","2649","2650.6799","155600","412445800","2668","2668","2635","2649","2645","2665","2644","2649"
"5395","20230317","2399","2400","2399","2400","2399.5","200","479900","-","-","-","-","2399","2400","2399","2400"
"5401","20230317","3025","3052","2956.5","3001","2996.6202","23848600","71465195350","3025","3052","2959.5","2960.5","2960","3018","2956.5","3001"
"5406","20230317","1036","1052","1002","1024","1022.7642","12998900","13294809500","1036","1052","1002","1006","1005","1028","1005","1024"
"5408","20230317","999","1018","953","956","971.4664","3820300","3711293100","999","1018","953","958","955","975","955","956"
"5410","20230317","3480","3510","3235","3310","3333.634","690700","2302541000","3480","3510","3270","3270","3250","3335","3235","3310"
"5411","20230317","1603","1619","1577","1610","1600.584","9738700","15587607600","1603","1619","1577","1581","1582","1612","1581","1610"
"5423","20230317","1411","1415","1370","1393","1388.0618","1029600","1429148400","1411","1415","1370","1373","1375","1401","1374","1393"
"5440","20230317","1506","1594","1473","1583","1543.8073","731100","1128677500","1506","1506","1473","1476","1479","1594","1473","1583"
"5444","20230317","5460","5460","5260","5310","5317.7213","761400","4048913000","5460","5460","5260","5280","5280","5370","5280","5310"
"5445","20230317","1757","1774","1680","1701","1705.3468","139000","237043200","1757","1774","1689","1691","1687","1719","1680","1701"
"5446","20230317","1791","1800","1725","1746","1747.5427","19900","34776100","1791","1800","1725","1735","1736","1763","1728","1746"
"5449","20230317","1265","1282","1240","1251","1255.6795","75500","94803800","1265","1282","1244","1244","1247","1260","1240","1251"
"5451","20230317","2661","2685","2623","2643","2643.6211","85500","226029600","2661","2685","2623","2633","2640","2648","2627","2643"
"5458","20230317","856","867","856","863","863.125","800","690500","856","865","856","865","867","867","862","863"
"5461","20230317","2476","2488","2271","2350","2354.6168","276900","651993400","2476","2488","2271","2306","2305","2360","2302","2350"
"5463","20230317","2885","2890","2847","2870","2872.2365","284100","816002400","2885","2890","2847","2867","2869","2890","2858","2870"
"5464","20230317","3170","3195","3040","3040","3090.0906","33100","102282000","3170","3195","3080","3080","3085","3090","3040","3040"
"5471","20230317","5150","5180","5010","5100","5087.1907","310400","1579064000","5150","5180","5010","5020","5040","5130","5040","5100"
"5476","20230317","334","338","332","337","334.8579","19700","6596700","334","336","332","334","333","338","333","337"
"5480","20230317","4200","4205","4055","4105","4106.7301","341600","1402859000","4200","4205","4055","4065","4065","4130","4055","4105"
"5481","20230317","2476","2477","2387","2403","2408.3595","179700","432782200","2476","2477","2387","2393","2398","2416","2391","2403"
"5482","20230317","2289","2290","2247","2256","2261.9423","55500","125537800","2289","2290","2247","2252","2247","2264","2247","2256"
"5484","20230317","1740","1740","1740","1740","1740","300","522000","1740","1740","1740","1740","1740","1740","1740","1740"
"5491","20230317","927","930","913","918","918.8498","23300","21409200","927","930","913","913","913","923","913","918"
"5527","20230317","2141","2261","2134","2245","2210.3053","32100","70950800","2141","2245","2134","2211","2197","2261","2197","2245"
"5541","20230317","1863","1865","1812","1857","1841.528","330300","608256700","1863","1863","1812","1839","1838","1865","1836","1857"
"5542","20230317","1135","1135","1126","1133","1131.875","800","905500","1135","1135","1135","1135","1135","1135","1126","1133"
"5563","20230317","349","350","343","345","345.6864","943300","326086000","349","350","344","345","343","348","343","345"
"5602","20230317","2006","2018","1972","1972","1978.5107","88900","175889600","2006","2018","1974","1978","1972","1993","1972","1972"
"5603","20230317","1000","1011","992","1011","999","6600","6593400","1000","1005","992","1005","1003","1011","997","1011"
"5609","20230317","857","860","855","855","857.5091","5500","4716300","857","858","857","858","855","860","855","855"
"5610","20230317","777","778","777","778","777.5","200","155500","777","777","777","777","778","778","778","778"
"5612","20230317","971","971","966","968","969.7619","2100","2036500","971","971","966","966","967","969","967","968"
"5631","20230317","2386","2387","2353","2364","2366.2154","371900","879995500","2386","2387","2353","2364","2356","2377","2356","2364"
"5632","20230317","1211","1215","1157","1162","1168.7018","222300","259802400","1211","1215","1157","1159","1160","1171","1157","1162"
"5644","20230317","2759","2827","2759","2827","2793.2","6500","18155800","2759","2808","2759","2786","2790","2827","2782","2827"
"5658","20230317","294","295","282","288","287.6945","131600","37860600","294","295","286","287","286","289","282","288"
"5659","20230317","4640","4640","4550","4565","4571.7857","7000","32002500","4640","4640","4555","4565","4585","4585","4550","4565"
"5660","20230317","996","1026","996","1026","1013.1961","5100","5167300","996","1019","996","1011","1022","1026","1022","1026"
"5695","20230317","2255","2255","2255","2255","2255","200","451000","-","-","-","-","2255","2255","2255","2255"
"5697","20230317","686","686","666","678","676.0843","17800","12034300","686","686","666","673","674","682","674","678"
"5698","20230317","610","613","597","610","606.6692","245800","149119300","610","611","597","610","609","613","609","610"
"5699","20230317","1328","1329","1318","1323","1322.3636","1100","1454600","1328","1329","1318","1318","1318","1323","1318","1323"
"5702","20230317","1434","1443","1404","1424","1422.3658","175800","250051900","1434","1443","1404","1421","1420","1431","1420","1424"
"5703","20230317","1456","1458","1428","1441","1439.0101","545600","785123900","1456","1458","1428","1432","1432","1446","1432","1441"
"5704","20230317","636","643","630","636","637.0894","12300","7836200","636","643","630","637","633","643","633","636"
"5706","20230317","3210","3215","3140","3170","3171.578","672700","2133520500","3210","3215","3150","3155","3160","3185","3140","3170"
"5707","20230317","2029","2037","1997","2006","2005.8073","409000","820375200","2029","2037","1997","2002","2002","2011","1997","2006"
"5711","20230317","2078","2083","2046","2055","2057.9509","544000","1119525300","2078","2083","2046","2055","2061","2067","2055","2055"
"5713","20230317","4791","4830","4715","4811","4782.8297","2310200","11049293100","4791","4805","4715","4761","4770","4830","4762","4811"
"5714","20230317","4270","4270","4115","4205","4187.834","539000","2257242500","4270","4270","4115","4140","4140","4225","4140","4205"
"5715","20230317","1295","1296","1276","1284","1284.8521","207600","266735300","1295","1295","1277","1287","1290","1296","1276","1284"
"5721","20230317","25","26","25","26","25.0836","385200","9662200","25","26","25","25","25","26","25","26"
"5724","20230317","1372","1388","1365","1386","1378.0625","11200","15434300","1372","1382","1365","1382","1382","1388","1371","1386"
"5726","20230317","3435","3435","3285","3285","3337.0085","2354300","7856319000","3435","3435","3290","3330","3315","3355","3285","3285"
"5727","20230317","2373","2380","2307","2363","2349.6147","3251300","7639302200","2373","2374","2307","2349","2348","2380","2345","2363"
"5729","20230317","3185","3190","3185","3190","3187.5","200","637500","3185","3185","3185","3185","3190","3190","3190","3190"
"5741","20230317","2562","2568","2472","2508","2504.263","383700","960885700","2562","2568","2472","2491","2500","2513","2496","2508"
"5742","20230317","807","807","803","803","804.25","400","321700","807","807","807","807","804","804","803","803"
"5753","20230317","2069","2070","2051","2070","2061.2222","900","1855100","2069","2069","2053","2053","2051","2070","2051","2070"
"5757","20230317","4130","4175","4075","4075","4126.3208","15900","65608500","4130","4175","4130","4175","4160","4175","4075","4075"
"5759","20230317","1809","1878","1792","1840","1836.0515","268000","492061800","1809","1850","1792","1822","1831","1878","1822","1840"
"5781","20230317","1973","2019","1872","1872","1938.7488","169200","328036300","1973","2019","1873","1950","1950","1956","1872","1872"
"5801","20230317","2364","2369","2320","2333","2336.0679","465500","1087439600","2364","2369","2320","2331","2328","2351","2328","2333"
"5802","20230317","1610.5","1615","1579","1590","1591.8952","2345200","3733312700","1610.5","1615","1579","1585","1585","1599.5","1584","1590"
"5803","20230317","906","907","885","886","888.0485","5153800","4576824600","906","907","885","889","892","896","886","886"
"5805","20230317","1873","1878","1814","1836","1831.311","170400","312055400","1873","1878","1814","1825","1824","1840","1817","1836"
"5809","20230317","710","710","709","710","709.6878","137100","97298200","710","710","709","709","709","710","709","710"
"5816","20230317","802","820","798","816","806.4229","58400","47095100","802","820","798","805","804","816","800","816"
"5817","20230317","496","505","492","504","498.2685","10800","5381300","496","496","492","494","496","505","496","504"
"5819","20230317","1238","1256","1236","1256","1242.7429","10500","13048800","1238","1244","1236","1242","1250","1256","1242","1256"
"5820","20230317","6600","6780","6090","6350","6451.4393","214000","1380608000","6600","6780","6090","6380","6390","6480","6190","6350"
"5821","20230317","1450","1453","1425","1442","1439.7819","35300","50824300","1450","1453","1425","1448","1448","1449","1429","1442"
"5830","20230317","756","757","741","750","749.3391","1626600","1218875000","756","757","741","748","748","752","743","750"
"5831","20230317","951","958","923","930","932.0607","4670600","4353282900","951","958","923","928","927","936","927","930"
"5832","20230317","898","898","877","887","887.0948","721600","640127600","898","898","877","882","888","891","882","887"
"5834","20230317","2299","2426","2299","2413","2374.9201","75100","178356500","2299","2376","2299","2370","2369","2426","2367","2413"
"5851","20230317","1452","1464","1434","1448","1448.0306","134000","194036100","1452","1464","1434","1448","1450","1457","1444","1448"
"5852","20230317","458","462","440","461","453.4714","746500","338516400","458","462","440","445","447","461","446","461"
"5856","20230317","61","61","60","60","60.9416","30800","1877000","61","61","60","61","61","61","60","60"
"5857","20230317","2010","2015","1996","2002","2002.4371","272000","544662900","2010","2015","1996","2001","2003","2011","1999","2002"
"5900","20230317","713","713","712","712","712.8182","1100","784100","713","713","712","712","-","-","-","-"
"5901","20230317","1813","1813","1774","1789","1789.9087","639400","1144467600","1813","1813","1774","1799","1799","1800","1785","1789"
"5902","20230317","1354","1356","1339","1339","1346.6948","24900","33532700","1354","1356","1341","1342","1342","1347","1339","1339"
"5903","20230317","1186","1215","1186","1215","1201.5714","700","841100","1186","1212","1186","1212","1212","1215","1212","1215"
"5905","20230317","1299","1299","1299","1299","1299","200","259800","1299","1299","1299","1299","1299","1299","1299","1299"
"5906","20230317","383","389","375","386","382.5698","43700","16718300","383","385","375","380","381","389","381","386"
"5909","20230317","894","905","889","897","895.4769","60600","54265900","894","898","889","894","895","905","895","897"
"5911","20230317","2091","2098","2066","2081","2079.0474","158300","329113200","2091","2098","2066","2073","2074","2090","2071","2081"
"5915","20230317","1698","1725","1697","1717","1709.2308","16900","28886000","1698","1719","1697","1710","1706","1725","1706","1717"
"5918","20230317","8000","8020","8000","8020","8005","600","4803000","8000","8020","8000","8020","-","-","-","-"
"5921","20230317","2610","2634","2610","2610","2613.2941","5100","13327800","2610","2634","2610","2634","2632","2632","2610","2610"
"5922","20230317","7990","8010","7890","7890","7957.2727","2200","17506000","7990","8010","7950","7950","7950","7950","7890","7890"
"5923","20230317","2738","2739","2728","2728","2732","1300","3551600","2738","2739","2729","2729","2739","2739","2728","2728"
"5928","20230317","397","409","381","383","388.9329","272700","106062000","397","409","386","386","381","389","381","383"
"5929","20230317","1400","1401","1382","1395","1393.6804","845800","1178774900","1400","1401","1382","1391","1396","1401","1392","1395"
"5930","20230317","1120","1120","1102","1106","1107.1464","141400","156550500","1120","1120","1102","1102","1103","1109","1103","1106"
"5932","20230317","687","699","680","692","688.9456","110200","75921800","687","699","680","683","683","693","683","692"
"5933","20230317","1018","1019","1001","1017","1014.4498","297700","302001700","1018","1019","1001","1008","1010","1018","1009","1017"
"5935","20230317","7990","9490","7900","9490","9152.3438","6400","58575000","7990","8060","7900","8060","8290","9490","8290","9490"
"5936","20230317","515","515","507","507","509.5714","2800","1426800","515","515","508","508","515","515","507","507"
"5938","20230317","2202","2215","2193","2202","2203.2799","1057000","2328866900","2202","2215","2193","2212","2210","2213","2200","2202"
"5939","20230317","9990","10810","8750","9700","9807.0423","213000","2088900000","9990","10810","8750","9300","9340","10480","9340","9700"
"5940","20230317","66","67","66","67","66.3237","69500","4609500","66","66","66","66","67","67","66","67"
"5941","20230317","1897","1898","1896","1898","1896.75","800","1517400","1897","1897","1896","1896","1897","1898","1897","1898"
"5942","20230317","457","457","453","455","454.7007","14700","6684100","457","457","453","454","454","455","454","455"
"5943","20230317","1674","1675","1655","1665","1665.9212","83800","139604200","1674","1675","1655","1670","1669","1673","1665","1665"
"5945","20230317","3160","3190","3160","3190","3165","600","1899000","-","-","-","-","3160","3190","3160","3190"
"5946","20230317","2089","2143","2071","2107","2104.2011","17900","37665200","2089","2107","2071","2093","2143","2143","2092","2107"
"5947","20230317","9750","9750","9650","9700","9700.737","119400","1158268000","9750","9750","9650","9700","9700","9740","9680","9700"
"5949","20230317","847","856","826","834","839.8354","324500","272526600","847","856","826","831","832","838","831","834"
"5950","20230317","120","120","119","120","119.6842","3800","454800","120","120","119","120","120","120","119","120"
"5951","20230317","670","673","667","667","668.6126","11100","7421600","670","673","667","669","669","670","667","667"
"5952","20230317","120","121","119","119","119.3275","108700","12970900","120","120","119","120","120","121","119","119"
"5955","20230317","66","68","66","68","66.5263","325500","21654300","66","67","66","66","66","68","66","68"
"5956","20230317","531","535","529","533","532.8333","1800","959100","531","535","531","535","533","533","529","533"
"5957","20230317","530","539","528","539","534.4423","26000","13895500","530","533","528","528","528","539","528","539"
"5958","20230317","1857","1878","1855","1866","1862.36","2500","4655900","1857","1857","1855","1855","1857","1878","1857","1866"
"5959","20230317","766","770","763","765","765.6123","114000","87279800","766","770","763","764","765","769","763","765"
"5962","20230317","1455","1466","1455","1466","1457.6","500","728800","-","-","-","-","1455","1466","1455","1466"
"5965","20230317","660","665","659","662","660.8955","6700","4428000","660","663","659","663","665","665","662","662"
"5966","20230317","1973","1973","1973","1973","1973","100","197300","1973","1973","1973","1973","-","-","-","-"
"5967","20230317","783","783","763","764","770.6364","1100","847700","783","783","782","782","767","767","763","764"
"5969","20230317","1317","1317","1281","1282","1298.1","1000","1298100","1317","1317","1307","1307","1281","1308","1281","1282"
"5970","20230317","1433","1440","1391","1399","1402.286","223100","312850000","1433","1440","1394","1398","1395","1404","1391","1399"
"5971","20230317","4065","4065","4065","4065","4065","200","813000","4065","4065","4065","4065","4065","4065","4065","4065"
"5973","20230317","500","500","493","500","499.0208","4800","2395300","500","500","493","496","500","500","496","500"
"5974","20230317","654","656","653","656","654.4167","1200","785300","654","655","653","653","656","656","656","656"
"5975","20230317","1138","1148","1109","1115","1115.8988","179900","200750200","1138","1148","1109","1113","1112","1120","1109","1115"
"5976","20230317","684","689","678","683","682.9545","123000","84003400","684","688","678","682","682","689","682","683"
"5981","20230317","1155","1162","1124","1138","1139.9655","121800","138847800","1155","1162","1124","1131","1134","1149","1134","1138"
"5982","20230317","1821","1823","1821","1823","1822.25","400","728900","1821","1822","1821","1822","1823","1823","1823","1823"
"5983","20230317","4785","4795","4780","4785","4786.1111","2700","12922500","4785","4795","4785","4785","4785","4785","4780","4785"
"5984","20230317","792","795","792","792","792.7692","1300","1030600","792","795","792","795","794","795","792","792"
"5985","20230317","612","612","597","602","602.0965","89100","53646800","612","612","597","598","599","604","598","602"
"5986","20230317","334","350","334","350","343.0495","523500","179586400","334","347","334","343","343","350","342","350"
"5987","20230317","857","890","857","890","861.1538","1300","1119500","857","860","857","860","890","890","890","890"
"5988","20230317","1889","1895","1860","1877","1874.7488","125000","234343600","1889","1895","1860","1866","1866","1881","1865","1877"
"5989","20230317","625","630","611","612","619.7445","238400","147747100","625","630","611","612","611","615","611","612"
"5990","20230317","1951","1951","1950","1950","1950.6667","300","585200","-","-","-","-","1951","1951","1950","1950"
"5991","20230317","913","913","896","902","902.2013","750000","676651000","913","913","896","899","903","904","898","902"
"5992","20230317","705","706","692","696","697.9544","50400","35176900","705","706","692","697","695","704","694","696"
"5994","20230317","1016","1023","1016","1018","1020.45","2000","2040900","1016","1022","1016","1022","1023","1023","1018","1018"
"5997","20230317","489","489","483","488","486.4286","700","340500","489","489","483","483","488","488","488","488"
"5998","20230317","1150","1161","1150","1154","1153.125","2400","2767500","-","-","-","-","1150","1161","1150","1154"
"5999","20230317","2974","2980","2972","2972","2972.9663","222400","661187700","2974","2980","2973","2974","2975","2975","2972","2972"
"6005","20230317","3355","3395","3330","3395","3374.5507","293800","991443000","3355","3380","3330","3375","3380","3395","3365","3395"
"6013","20230317","1313","1316","1300","1313","1309.6119","187600","245683200","1313","1316","1300","1303","1303","1315","1303","1313"
"6016","20230317","1290","1296","1270","1292","1286.6667","4800","6176000","1290","1290","1282","1284","1296","1296","1270","1292"
"6018","20230317","1369","1370","1369","1370","1369.8","500","684900","1369","1370","1369","1370","1370","1370","1370","1370"
"6022","20230317","1450","1450","1450","1450","1450","200","290000","1450","1450","1450","1450","-","-","-","-"
"6023","20230317","520","522","510","512","513.3121","33000","16939300","520","522","510","513","512","515","512","512"
"6026","20230317","2805","2824","2782","2782","2806.25","1600","4490000","2805","2806","2800","2800","2800","2824","2782","2782"
"6027","20230317","2288","2370","2279","2365","2331.6594","119200","277933800","2288","2329","2279","2328","2331","2370","2323","2365"
"6028","20230317","3540","3600","3485","3545","3541.9094","510100","1806728000","3540","3560","3485","3525","3520","3600","3505","3545"
"6029","20230317","185","185","182","185","184","8000","1472000","185","185","183","183","184","185","182","185"
"6030","20230317","9560","9730","9520","9630","9630","71100","684693000","9560","9680","9520","9660","9600","9730","9600","9630"
"6031","20230317","908","908","867","880","888.9052","11600","10311300","908","908","867","880","882","883","870","880"
"6032","20230317","372","377","371","377","373.5357","11200","4183600","372","373","371","373","371","377","371","377"
"6033","20230317","1372","1397","1357","1372","1372.831","7100","9747100","1372","1386","1357","1386","1386","1397","1362","1372"
"6034","20230317","1237","1299","1237","1283","1283.232","37500","48121200","1237","1292","1237","1291","1295","1299","1283","1283"
"6035","20230317","2129","2249","2120","2239","2207.1251","191100","421781600","2129","2238","2120","2223","2220","2249","2220","2239"
"6036","20230317","4695","4770","4690","4745","4738.9475","181000","857749500","4695","4770","4690","4725","4725","4770","4720","4745"
"6037","20230317","852","860","809","826","834.2804","42800","35707200","852","860","809","824","832","833","824","826"
"6038","20230317","840","844","835","843","840.4737","1900","1596900","840","844","835","843","843","843","843","843"
"6039","20230317","1813","1830","1806","1812","1813.7","2000","3627400","-","-","-","-","1813","1830","1806","1812"
"6040","20230317","989","1034","981","1029","1017.4762","69300","70511100","989","1021","981","1002","1005","1034","1005","1029"
"6042","20230317","1899","1899","1899","1899","1899","100","189900","-","-","-","-","1899","1899","1899","1899"
"6044","20230317","920","927","912","915","918.8133","7500","6891100","920","926","920","926","920","927","912","915"
"6045","20230317","765","798","765","793","786.2229","16600","13051300","765","789","765","789","789","798","789","793"
"6046","20230317","244","244","235","238","239.04","12500","2988000","244","244","236","241","239","240","235","238"
"6047","20230317","595","611","593","609","604.9026","171400","103680300","595","608","593","608","607","611","607","609"
"6048","20230317","182","192","182","190","187.2869","81900","15338800","182","187","182","186","186","192","185","190"
"6049","20230317","267","277","267","277","272.8835","30900","8432100","267","275","267","273","272","277","272","277"
"6050","20230317","2288","2303","2271","2292","2293.5427","32800","75228200","2288","2298","2271","2293","2300","2303","2290","2292"
"6054","20230317","242","245","239","239","241.0555","120800","29119500","242","245","240","244","244","245","239","239"
"6055","20230317","2275","2291","2257","2270","2269.1771","154700","351041700","2275","2291","2257","2267","2271","2280","2262","2270"
"6058","20230317","1407","1435","1388","1431","1420.4028","184700","262348400","1407","1428","1388","1423","1424","1435","1424","1431"
"6059","20230317","278","278","275","276","276.6855","12400","3430900","278","278","277","277","277","277","275","276"
"6060","20230317","1005","1010","990","1010","1004.75","1200","1205700","1005","1010","990","990","1005","1010","1005","1010"
"6061","20230317","3120","3120","3080","3095","3096.1765","1700","5263500","3120","3120","3085","3085","3095","3095","3080","3095"
"6062","20230317","1049","1070","1046","1065","1061.3979","150800","160058800","1049","1061","1046","1058","1057","1070","1056","1065"
"6063","20230317","948","972","948","960","959.6018","11300","10843500","948","972","948","956","952","964","952","960"
"6067","20230317","4490","4495","4485","4485","4487.9938","16200","72705500","4490","4495","4485","4485","4490","4490","4485","4485"
"6069","20230317","1294","1303","1258","1277","1280.5884","205300","262904800","1294","1303","1258","1290","1290","1299","1271","1277"
"6070","20230317","2434","2567","2420","2532","2496.9084","1136700","2838235800","2434","2567","2420","2515","2515","2564","2504","2532"
"6071","20230317","829","846","829","841","838.1015","119200","99901700","829","846","829","841","839","843","838","841"
"6072","20230317","132","134","132","132","132.796","40200","5338400","132","134","132","133","133","133","132","132"
"6073","20230317","1668","1682","1661","1667","1669.4342","53200","88813900","1668","1669","1661","1667","1678","1682","1667","1667"
"6074","20230317","537","537","532","532","534.9167","1200","641900","537","537","532","532","-","-","-","-"
"6078","20230317","1649","1651","1640","1641","1645.4031","32500","53475600","1649","1651","1640","1649","1649","1651","1641","1641"
"6080","20230317","3625","3760","3610","3750","3706.7526","201700","747652000","3625","3740","3610","3735","3740","3760","3725","3750"
"6081","20230317","713","716","702","705","709.3538","254400","180459600","713","716","702","708","709","716","703","705"
"6082","20230317","1125","1141","1120","1134","1133.503","16700","18929500","1125","1133","1120","1133","1133","1141","1133","1134"
"6083","20230317","1493","1537","1493","1531","1519.8173","40500","61552600","1493","1524","1493","1524","1524","1537","1520","1531"
"6085","20230317","466","471","463","463","466.6364","2200","1026600","466","467","466","467","470","471","463","463"
"6086","20230317","1432","1464","1384","1384","1406.8493","7300","10270000","1432","1464","1385","1390","1410","1410","1384","1384"
"6087","20230317","3025","3030","2991","3020","3016.2182","5500","16589200","3025","3025","2991","2998","3015","3030","3005","3020"
"6088","20230317","1131","1156","1127","1150","1146.0029","173400","198716900","1131","1152","1127","1149","1149","1156","1146","1150"
"6089","20230317","1123","1123","1107","1112","1117.7705","119400","133461800","1123","1123","1110","1110","1110","1115","1107","1112"
"6090","20230317","675","690","667","689","681.1728","8100","5517500","675","689","667","689","684","690","684","689"
"6091","20230317","469","470","467","468","468.2472","8900","4167400","469","469","467","467","467","470","467","468"
"6092","20230317","701","718","701","716","710.0223","35900","25489800","701","714","701","711","710","718","710","716"
"6093","20230317","148","150","147","150","148.7253","58600","8715300","148","150","148","148","148","150","147","150"
"6094","20230317","1528","1610","1517","1576","1569.8333","305900","480212000","1528","1610","1517","1604","1603","1606","1565","1576"
"6095","20230317","1208","1251","1202","1251","1239.5314","256500","317939800","1208","1247","1202","1240","1240","1251","1237","1251"
"6096","20230317","1259","1328","1259","1289","1301.6333","99800","129903000","1259","1328","1259","1311","1319","1326","1279","1289"
"6098","20230317","3381","3483","3362","3480","3445.2145","8818900","30383002400","3381","3420","3362","3414","3415","3483","3404","3480"
"6099","20230317","995","1026","995","1026","1017.7099","58600","59637800","995","1018","995","1017","1018","1026","1018","1026"
"6101","20230317","1405","1411","1383","1399","1397.0006","158500","221424600","1405","1411","1383","1398","1398","1406","1397","1399"
"6103","20230317","5710","5710","5520","5610","5595.49","269400","1507425000","5710","5710","5520","5580","5570","5630","5570","5610"
"6104","20230317","2934","2963","2915","2946","2944.7352","160100","471452100","2934","2963","2915","2956","2956","2956","2937","2946"
"6113","20230317","1231","1231","1208","1219","1218.9269","2203500","2685905400","1231","1231","1208","1218","1215","1224","1215","1219"
"6118","20230317","808","810","798","805","802.9133","129200","103736400","808","810","798","802","802","806","802","805"
"6121","20230317","1215","1223","1207","1213","1211.6833","24000","29080400","1215","1223","1207","1212","1212","1215","1207","1213"
"6125","20230317","5160","5190","5070","5090","5101.5044","22600","115294000","5160","5190","5070","5070","5070","5110","5070","5090"
"6131","20230317","992","992","978","992","985.9592","4900","4831200","992","992","978","981","985","992","984","992"
"6134","20230317","2181","2199","2164","2183","2183.5901","595300","1299891200","2181","2186","2164","2177","2176","2199","2173","2183"
"6135","20230317","4670","4730","4600","4695","4675.9101","185700","868316500","4670","4695","4600","4660","4670","4730","4665","4695"
"6136","20230317","1940","1940","1893","1908","1910.3191","177700","339463700","1940","1940","1893","1905","1905","1919","1905","1908"
"6137","20230317","2380","2425","2375","2377","2393.3125","3200","7658600","2380","2425","2375","2380","2397","2398","2377","2377"
"6138","20230317","819","823","805","813","813.2269","11900","9677400","819","823","819","820","820","820","805","813"
"6140","20230317","853","864","851","854","855.703","202700","173451000","853","864","851","855","856","859","854","854"
"6141","20230317","2086","2095","2036","2062","2056.4404","1017200","2091811200","2086","2095","2036","2042","2042","2064","2041","2062"
"6143","20230317","740","740","727","729","730.3372","263900","192736000","740","740","727","729","729","732","728","729"
"6144","20230317","1672","1674","1631","1631","1667.25","1200","2000700","1672","1674","1670","1670","1631","1631","1631","1631"
"6145","20230317","2780","2827","2737","2737","2752.1722","482100","1326822200","2780","2817","2775","2807","2814","2827","2737","2737"
"6146","20230317","44050","44100","43550","44000","43896.7849","256600","11263915000","44050","44100","43550","43650","43750","44000","43750","44000"
"6147","20230317","339","341","336","341","338.8421","1900","643800","339","339","336","336","338","341","338","341"
"6149","20230317","1596","1598","1581","1586","1591.1818","4400","7001200","1596","1598","1581","1598","1598","1598","1585","1586"
"6150","20230317","2488","2500","2450","2500","2479.3333","300","743800","2488","2488","2488","2488","2450","2500","2450","2500"
"6151","20230317","1834","1850","1834","1836","1839.8288","14600","26861500","1834","1850","1834","1840","1840","1843","1834","1836"
"6155","20230317","565","565","564","565","564.2857","700","395000","565","565","565","565","564","565","564","565"
"6156","20230317","1810","1820","1805","1820","1811.9474","3800","6885400","1810","1813","1810","1812","1806","1820","1805","1820"
"6157","20230317","1011","1023","1011","1017","1014.0564","33700","34173700","1011","1021","1011","1018","1014","1023","1014","1017"
"6158","20230317","969","980","969","975","974.75","1200","1169700","969","973","969","973","972","980","972","975"
"6159","20230317","1400","1400","1400","1400","1400","300","420000","-","-","-","-","1400","1400","1400","1400"
"6161","20230317","836","840","836","839","838.8857","3500","2936100","836","840","836","840","840","840","839","839"
"6164","20230317","1198","1198","1188","1198","1195.4","1000","1195400","1198","1198","1188","1197","1189","1198","1189","1198"
"6165","20230317","440","444","435","438","437.755","59600","26090200","440","444","435","436","436","439","436","438"
"6166","20230317","555","573","551","573","561.882","111000","62368900","555","564","551","555","554","573","554","573"
"6167","20230317","1055","1255","1050","1132","1175.0877","4459900","5240773600","1055","1255","1050","1158","1171","1200","1112","1132"
"6171","20230317","315","318","315","318","316.7176","13100","4149000","315","317","315","317","316","318","316","318"
"6172","20230317","885","885","884","884","884.3501","140800","124516500","885","885","884","885","884","885","884","884"
"6173","20230317","456","456","456","456","456","200","91200","-","-","-","-","456","456","456","456"
"6176","20230317","460","467","456","465","461.0897","30100","13878800","460","464","456","461","459","467","459","465"
"6177","20230317","122","123","120","122","121.4736","49200","5976500","122","122","120","122","120","123","120","122"
"6178","20230317","1122.5","1124","1102","1109","1109.473","20165600","22373188250","1122.5","1124","1102","1107.5","1106","1112.5","1105","1109"
"6180","20230317","1805","1825","1776","1791","1803.1667","1800","3245700","1805","1825","1805","1825","1805","1805","1776","1791"
"6181","20230317","131","133","130","132","131.5167","364600","47951000","131","133","130","131","131","133","131","132"
"6182","20230317","1407","1436","1385","1409","1412.449","125400","177121100","1407","1436","1388","1397","1395","1410","1385","1409"
"6183","20230317","1429","1444","1427","1432","1433.2991","133400","191202100","1429","1444","1427","1436","1435","1438","1431","1432"
"6184","20230317","1050","1095","1050","1083","1078.3227","464800","501204400","1050","1082","1050","1078","1082","1095","1077","1083"
"6185","20230317","450","450","448","449","449.3","10000","4493000","450","450","448","448","450","450","449","449"
"6186","20230317","545","560","538","556","550","12200","6710000","545","547","538","538","540","560","540","556"
"6188","20230317","394","405","393","393","395.9306","7200","2850700","394","395","393","395","394","405","393","393"
"6189","20230317","777","801","775","799","789.4372","39800","31419600","777","785","775","780","783","801","782","799"
"6190","20230317","576","606","576","603","593.7577","26000","15437700","576","597","576","592","597","606","597","603"
"6191","20230317","2476","2558","2463","2548","2514.7808","345400","868605300","2476","2518","2463","2487","2499","2558","2498","2548"
"6192","20230317","127","134","125","134","130.4736","223400","29147800","127","133","125","133","132","134","129","134"
"6193","20230317","1509","1614","1459","1581","1556.9368","159700","248642800","1509","1600","1459","1585","1562","1614","1551","1581"
"6194","20230317","823","887","823","881","864.5184","651600","563320200","823","873","823","869","871","887","865","881"
"6195","20230317","335","338","326","331","329.9307","282700","93271400","335","338","326","329","327","333","327","331"
"6196","20230317","3700","3770","3660","3765","3731.6216","74000","276140000","3700","3755","3660","3745","3750","3770","3735","3765"
"6197","20230317","624","642","623","639","635.1312","222500","141316700","624","640","623","640","642","642","637","639"
"6198","20230317","328","340","328","337","334.8635","27100","9074800","328","337","328","330","332","340","332","337"
"6199","20230317","1430","1470","1427","1463","1454.0474","52700","76628300","1430","1460","1427","1460","1459","1470","1458","1463"
"6200","20230317","1355","1388","1335","1386","1373.3457","375800","516103300","1355","1370","1335","1370","1371","1388","1369","1386"
"6201","20230317","7860","7910","7730","7750","7771.6896","624400","4852643000","7860","7910","7790","7800","7790","7800","7730","7750"
"6203","20230317","910","914","900","906","907.4063","66200","60070300","910","914","900","905","904","912","904","906"
"6208","20230317","1372","1372","1352","1356","1359.3742","47300","64298400","1372","1372","1352","1356","1356","1360","1354","1356"
"6210","20230317","606","606","599","602","601.0505","27700","16649100","606","606","599","600","600","602","599","602"
"6217","20230317","489","506","484","496","493.1069","13100","6459700","489","506","489","495","493","499","484","496"
"6218","20230317","671","674","659","659","666.2222","13500","8994000","671","671","664","665","669","674","659","659"
"6222","20230317","1827","1827","1789","1791","1794.594","113800","204224800","1827","1827","1789","1789","1791","1806","1791","1791"
"6226","20230317","985","1016","965","965","993.2596","164900","163788500","985","1016","980","989","985","989","965","965"
"6227","20230317","1325","1378","1320","1378","1345.6657","34700","46694600","1325","1359","1320","1359","1359","1378","1349","1378"
"6229","20230317","1200","1200","1160","1175","1191.902","5100","6078700","1200","1200","1160","1160","1161","1180","1161","1175"
"6230","20230317","2839","2855","2830","2855","2841.9","1000","2841900","2839","2839","2830","2839","2850","2855","2850","2855"
"6231","20230317","1485","1498","1485","1486","1488.5","400","595400","1485","1485","1485","1485","1498","1498","1486","1486"
"6232","20230317","1345","1487","1345","1420","1418.0438","198700","281765300","1345","1415","1345","1411","1411","1487","1410","1420"
"6233","20230317","567","576","564","574","567.3333","1500","851000","567","576","564","574","-","-","-","-"
"6235","20230317","2170","2183","2152","2155","2163.7169","172700","373673900","2170","2181","2152","2162","2157","2183","2153","2155"
"6236","20230317","1801","1918","1798","1858","1864.3509","5700","10626800","1801","1803","1798","1798","1878","1918","1858","1858"
"6237","20230317","1274","1289","1266","1281","1279.2407","37800","48355300","1274","1280","1266","1266","1271","1289","1267","1281"
"6238","20230317","1141","1166","1134","1160","1146.2718","319000","365660700","1141","1159","1134","1151","1155","1166","1152","1160"
"6239","20230317","698","707","695","707","700","3400","2380000","698","707","695","706","706","707","706","707"
"6240","20230317","352","355","343","344","346.9932","485800","168569300","352","355","346","348","349","350","343","344"
"6245","20230317","1929","1985","1926","1969","1958.8673","45200","88540800","1929","1965","1926","1960","1960","1985","1960","1969"
"6246","20230317","1330","1332","1319","1329","1323.8571","8400","11120400","1330","1332","1319","1322","1324","1329","1320","1329"
"6247","20230317","910","916","906","908","909.9328","81800","74432500","910","916","906","909","910","913","907","908"
"6248","20230317","1071","1093","1071","1093","1078.3333","300","323500","1071","1071","1071","1071","1093","1093","1093","1093"
"6249","20230317","4425","4595","4185","4405","4377.2159","702200","3073681000","4425","4595","4185","4425","4440","4475","4340","4405"
"6250","20230317","1249","1256","1237","1247","1245.5152","148500","184959000","1249","1256","1237","1243","1243","1251","1241","1247"
"6254","20230317","3955","3995","3860","3910","3907.4257","124500","486474500","3955","3995","3860","3880","3885","3940","3880","3910"
"6255","20230317","504","516","502","510","506.6845","206000","104377000","504","516","502","508","503","511","503","510"
"6257","20230317","1414","1420","1381","1384","1396.0145","89700","125222500","1414","1420","1381","1400","1398","1401","1384","1384"
"6258","20230317","6330","6500","6330","6480","6403.371","97300","623048000","6330","6440","6330","6440","6440","6500","6430","6480"
"6262","20230317","629","638","622","628","628.1733","245200","154028100","629","638","622","622","624","632","623","628"
"6264","20230317","1820","1848","1820","1843","1836.6595","37000","67956400","1820","1846","1820","1834","1826","1848","1820","1843"
"6265","20230317","2110","2110","2110","2110","2110","200","422000","2110","2110","2110","2110","-","-","-","-"
"6266","20230317","2077","2132","2070","2122","2106.1844","109000","229574100","2077","2111","2070","2107","2107","2132","2107","2122"
"6267","20230317","-","-","-","-","-","-","-","-","-","-","-","-","-","-","-"
"6268","20230317","3240","3255","3215","3225","3231.5784","615800","1990006000","3240","3255","3215","3245","3240","3255","3225","3225"
"6269","20230317","1309","1320","1278","1307","1301.0384","218700","284537100","1309","1320","1278","1290","1294","1313","1290","1307"
"6272","20230317","1274","1298","1266","1293","1284.9341","34900","44844200","1274","1286","1266","1282","1282","1298","1281","1293"
"6273","20230317","67510","68730","67310","68570","68194.2664","274000","18685229000","67510","68440","67310","68250","68340","68730","68250","68570"
"6276","20230317","333","363","329","337","346.5957","32900","11403000","333","363","329","345","349","353","337","337"
"6277","20230317","2818","2836","2797","2829","2816.2113","35500","99975500","2818","2836","2797","2797","2802","2829","2798","2829"
"6278","20230317","3170","3245","3160","3245","3214.7531","32400","104158000","3170","3185","3160","3175","3170","3245","3170","3245"
"6279","20230317","950","967","950","966","960.7184","10300","9895400","950","961","950","958","956","967","956","966"
"6282","20230317","1662","1681","1662","1680","1671.9395","142100","237582600","1662","1679","1662","1672","1672","1681","1671","1680"
"6284","20230317","3890","3935","3850","3885","3884.3498","44600","173242000","3890","3935","3850","3890","3890","3900","3870","3885"
"6286","20230317","636","644","630","636","633.7727","2200","1394300","636","637","630","631","631","644","631","636"
"6287","20230317","2213","2265","2213","2236","2239.2259","134600","301399800","2213","2247","2213","2238","2243","2265","2233","2236"
"6289","20230317","2744","2754","2726","2748","2745.4989","43900","120527400","2744","2754","2726","2748","2748","2754","2739","2748"
"6291","20230317","1097","1114","1097","1106","1107.0784","26800","29669700","1097","1114","1097","1109","1110","1112","1105","1106"
"6292","20230317","869","869","851","853","854.8289","26300","22482000","869","869","851","855","852","858","851","853"
"6293","20230317","990","1001","990","997","991.619","69300","68719200","990","1001","990","992","992","997","992","997"
"6294","20230317","1700","1729","1694","1723","1706.6737","38000","64853600","1700","1717","1694","1706","1709","1729","1709","1723"
"6297","20230317","440","450","436","446","442.588","167000","73912200","440","450","436","445","445","446","442","446"
"6298","20230317","2540","2682","2481","2670","2590.0033","1013600","2625227300","2540","2593","2481","2592","2579","2682","2573","2670"
"6301","20230317","3209","3213","3155","3167","3173.3751","3407200","10812323700","3209","3213","3155","3163","3161","3182","3157","3167"
"6302","20230317","3130","3135","3045","3080","3080.7661","643500","1982473000","3130","3135","3045","3055","3045","3100","3045","3080"
"6305","20230317","2937","2971","2915","2946","2944.9858","1006100","2962950200","2937","2958","2915","2953","2957","2971","2939","2946"
"6306","20230317","629","635","629","635","631.7892","22300","14088900","629","632","629","632","631","635","631","635"
"6307","20230317","371","373","366","372","370.3623","6900","2555500","371","371","366","366","367","373","367","372"
"6309","20230317","2361","2361","2301","2301","2319.8929","14000","32478500","2361","2361","2335","2335","2319","2330","2301","2301"
"6310","20230317","1164","1167","1132","1138","1141.3017","137900","157385500","1164","1167","1144","1147","1146","1154","1132","1138"
"6312","20230317","646","648","643","648","644.685","12700","8187500","646","646","643","644","644","648","643","648"
"6315","20230317","1971","2000","1951","1998","1981.2122","252600","500454200","1971","1988","1951","1975","1975","2000","1974","1998"
"6316","20230317","1761","1765","1739","1750","1749.9375","6400","11199600","1761","1765","1740","1747","1739","1755","1739","1750"
"6317","20230317","1072","1075","1058","1066","1065.148","27700","29504600","1072","1075","1058","1068","1064","1067","1062","1066"
"6319","20230317","250","251","244","247","246.3942","89800","22126200","250","251","244","245","246","247","245","247"
"6322","20230317","1238","1238","1231","1231","1235.6667","300","370700","1238","1238","1238","1238","1231","1231","1231","1231"
"6323","20230317","11440","11630","11370","11610","11532.5416","210100","2422987000","11440","11560","11370","11450","11450","11630","11450","11610"
"6324","20230317","4300","4320","4180","4180","4207.1126","2267600","9540048500","4300","4300","4240","4280","4290","4320","4180","4180"
"6325","20230317","451","459","450","459","455.6912","6800","3098700","451","458","450","455","455","459","452","459"
"6326","20230317","1935","1952.5","1923","1930","1931.9914","3666400","7083453450","1935","1952.5","1928","1932","1927","1940.5","1923","1930"
"6327","20230317","516","517","493","505","504.505","150500","75928000","516","517","493","496","497","508","497","505"
"6328","20230317","2670","2725","2670","2717","2706.399","20300","54939900","2670","2710","2670","2690","2689","2725","2689","2717"
"6330","20230317","525","525","503","505","507.7867","358200","181889200","525","525","505","505","509","509","503","505"
"6331","20230317","2256","2265","2222","2228","2233.0556","18000","40195000","2256","2265","2229","2229","2223","2239","2222","2228"
"6332","20230317","1055","1056","1038","1041","1042.7523","43200","45046900","1055","1056","1039","1040","1038","1046","1038","1041"
"6333","20230317","2512","2528","2495","2511","2510.141","133300","334601800","2512","2528","2504","2522","2522","2526","2495","2511"
"6334","20230317","315","322","311","313","315.0311","90100","28384300","315","322","314","315","315","316","311","313"
"6335","20230317","506","522","504","516","513.6557","24400","12533200","506","522","504","519","517","521","516","516"
"6336","20230317","684","689","671","672","682.6708","32200","21982000","684","687","679","685","686","689","671","672"
"6337","20230317","2741","2763","2687","2720","2719.0874","43500","118280300","2741","2763","2687","2717","2717","2744","2717","2720"
"6338","20230317","5510","5510","5210","5280","5316.6274","296800","1577975000","5510","5510","5210","5270","5270","5370","5250","5280"
"6339","20230317","793","799","789","796","794.1945","80200","63694400","793","796","789","796","796","799","794","796"
"6340","20230317","2367","2375","2327","2336","2339.4402","23400","54742900","2367","2375","2329","2330","2329","2349","2327","2336"
"6342","20230317","1714","1720","1710","1710","1713.6667","600","1028200","1714","1720","1714","1720","1710","1710","1710","1710"
"6343","20230317","110","110","109","109","109.55","14000","1533700","110","110","109","109","109","109","109","109"
"6345","20230317","797","801","790","797","795.6489","52400","41692000","797","797","791","793","793","801","790","797"
"6346","20230317","3730","3730","3730","3730","3730","200","746000","3730","3730","3730","3730","3730","3730","3730","3730"
"6347","20230317","239","239","235","235","236.1667","3600","850200","239","239","235","237","236","238","235","235"
"6349","20230317","993","998","971","973","978.0819","84300","82452300","993","998","972","973","971","979","971","973"
"6351","20230317","2012","2028","1995","2021","2014.1561","26900","54180800","2012","2028","1995","2007","2007","2025","2002","2021"
"6355","20230317","3645","3645","3640","3645","3644.2857","2100","7653000","3645","3645","3640","3640","3640","3645","3640","3645"
"6356","20230317","510","515","485","485","493.8513","178200","88004300","510","515","490","490","490","498","485","485"
"6357","20230317","810","817","807","811","811.9867","37600","30530700","810","816","807","808","809","817","809","811"
"6358","20230317","3935","3975","3865","3885","3895.36","12500","48692000","3935","3975","3885","3900","3895","3895","3865","3885"
"6360","20230317","1900","1900","1860","1899","1894.25","1200","2273100","1900","1900","1860","1894","1898","1899","1893","1899"
"6361","20230317","5490","5510","5390","5440","5440.7462","611100","3324840000","5490","5510","5390","5440","5430","5480","5430","5440"
"6362","20230317","2324","2324","2281","2281","2299.4286","700","1609600","2324","2324","2324","2324","2324","2324","2281","2281"
"6363","20230317","1510","1526","1496","1510","1510.2301","49100","74152300","1510","1523","1496","1507","1510","1526","1508","1510"
"6364","20230317","1340","1342","1320","1327","1327.3523","29800","39555100","1340","1342","1322","1324","1327","1331","1320","1327"
"6365","20230317","3150","3220","3150","3150","3160.3846","1300","4108500","3150","3150","3150","3150","3160","3220","3150","3150"
"6366","20230317","385","386","374","378","377.6422","1660000","626886000","385","386","374","376","379","379","376","378"
"6367","20230317","22545","22685","22285","22605","22535.5767","775900","17485354000","22545","22590","22285","22520","22550","22685","22515","22605"
"6368","20230317","3260","3285","3205","3215","3221.76","250000","805440000","3260","3285","3205","3225","3215","3240","3205","3215"
"6369","20230317","2715","2728","2691","2720","2709.1359","44900","121640200","2715","2721","2691","2695","2696","2728","2696","2720"
"6370","20230317","5930","5960","5870","5920","5913.9732","411000","2430643000","5930","5960","5870","5890","5890","5930","5890","5920"
"6371","20230317","3185","3185","3135","3155","3165.4494","114600","362760500","3185","3185","3135","3150","3160","3170","3150","3155"
"6373","20230317","759","759","741","747","746.2711","16600","12388100","759","759","741","746","743","749","743","747"
"6376","20230317","901","907","892","900","899.8931","349800","314782600","901","907","892","896","898","903","895","900"
"6378","20230317","670","671","659","664","662.4096","45900","30404600","670","671","660","661","660","664","659","664"
"6379","20230317","1487","1496","1473","1474","1477.6106","32100","47431300","1487","1496","1473","1473","1473","1480","1473","1474"
"6380","20230317","-","-","-","-","-","-","-","-","-","-","-","-","-","-","-"
"6381","20230317","945","950","931","936","936.8902","57400","53777500","945","950","931","937","937","939","935","936"
"6382","20230317","664","666","663","665","664.5","1200","797400","664","666","664","665","663","665","663","665"
"6383","20230317","7250","7280","7170","7240","7233.6726","449000","3247919000","7250","7280","7170","7220","7200","7260","7200","7240"
"6384","20230317","1430","1440","1430","1432","1433.56","2500","3583900","1430","1440","1430","1433","1432","1438","1432","1432"
"6387","20230317","4085","4230","3990","4230","4135.4215","121000","500386000","4085","4180","3990","4150","4150","4230","4140","4230"
"6390","20230317","994","1001","951","959","963.5007","140000","134890100","994","1001","953","956","953","966","951","959"
"6391","20230317","3450","3490","3450","3490","3470","300","1041000","-","-","-","-","3450","3490","3450","3490"
"6392","20230317","2751","2751","2751","2751","2751","500","1375500","-","-","-","-","2751","2751","2751","2751"
"6393","20230317","2029","2056","2025","2043","2039.6613","6200","12645900","2029","2050","2025","2030","2041","2056","2040","2043"
"6395","20230317","997","998","977","985","987.7588","307200","303439500","997","998","990","991","977","993","977","985"
"6396","20230317","2516","2516","2516","2516","2516","200","503200","2516","2516","2516","2516","2516","2516","2516","2516"
"6400","20230317","326","329","325","326","326.5385","9100","2971500","326","329","325","326","326","326","325","326"
"6402","20230317","1160","1219","1160","1200","1197.8519","2700","3234200","1160","1173","1160","1173","1200","1219","1200","1200"
"6403","20230317","1411","1416","1390","1392","1399.2586","5800","8115700","1411","1416","1390","1404","1414","1414","1390","1392"
"6405","20230317","1063","1066","1043","1059","1057.3043","6900","7295400","1063","1066","1043","1043","1047","1064","1047","1059"
"6406","20230317","3100","3115","3065","3095","3097.0532","576900","1786690000","3100","3115","3065","3100","3095","3105","3085","3095"
"6407","20230317","2123","2130","2095","2120","2116.0062","211300","447112100","2123","2129","2095","2115","2120","2130","2112","2120"
"6408","20230317","2717","2736","2717","2730","2727.6667","300","818300","2717","2717","2717","2717","2736","2736","2730","2730"
"6411","20230317","5450","5450","5450","5450","5450","200","1090000","5450","5450","5450","5450","-","-","-","-"
"6412","20230317","2550","2590","2546","2575","2573.1186","344000","885152800","2550","2590","2546","2586","2587","2589","2572","2575"
"6413","20230317","2313","2348","2279","2290","2296.1082","77600","178178000","2313","2348","2309","2316","2312","2323","2279","2290"
"6416","20230317","533","538","533","538","535.8","500","267900","533","533","533","533","536","538","536","538"
"6417","20230317","5400","5470","5370","5370","5391.2177","251300","1354813000","5400","5470","5380","5400","5400","5420","5370","5370"
"6418","20230317","1214","1214","1185","1196","1199.6749","125200","150199300","1214","1214","1185","1202","1204","1210","1193","1196"
"6419","20230317","2852","2939","2852","2927","2906.3134","194300","564696700","2852","2939","2852","2901","2911","2933","2904","2927"
"6420","20230317","4470","4515","4435","4485","4476.405","24200","108329000","4470","4490","4435","4485","4475","4515","4465","4485"
"6424","20230317","1489","1562","1449","1561","1507.541","91500","137940000","1489","1540","1449","1493","1494","1562","1480","1561"
"6425","20230317","2157","2167","2114","2126","2135.0074","1057000","2256702800","2157","2167","2122","2143","2150","2164","2114","2126"
"6428","20230317","471","488","470","486","481.7946","164100","79062500","471","488","470","484","484","488","478","486"
"6430","20230317","3050","3105","2943","2965","3017.5111","396600","1196744900","3050","3105","2943","3040","3065","3065","2965","2965"
"6432","20230317","2904","2916","2838","2859","2864.0913","158900","455104100","2904","2916","2838","2859","2859","2879","2859","2859"
"6433","20230317","239","242","238","240","240.05","2000","480100","239","242","238","240","240","240","240","240"
"6436","20230317","2433","2446","2368","2387","2400.9465","1149200","2759167700","2433","2446","2417","2427","2423","2443","2368","2387"
"6440","20230317","614","614","600","605","604.2498","259800","156984100","614","614","600","602","602","607","602","605"
"6444","20230317","204","206","201","203","202.458","121400","24578400","204","206","201","201","201","204","201","203"
"6445","20230317","623","626","620","623","622.2847","41800","26011500","623","626","621","623","620","624","620","623"
"6448","20230317","1943","1958","1928","1953","1950.1079","1193700","2327843800","1943","1958","1928","1941","1944","1958","1941","1953"
"6454","20230317","2100","2109","2073","2083","2084.1582","29700","61899500","2100","2109","2073","2079","2079","2090","2077","2083"
"6455","20230317","1270","1272","1256","1256","1259.8183","80900","101919300","1270","1272","1260","1263","1260","1264","1256","1256"
"6457","20230317","2824","2850","2776","2807","2805.802","300500","843143500","2824","2850","2776","2788","2787","2822","2787","2807"
"6458","20230317","1636","1651","1632","1632","1635.2754","66800","109236400","1636","1651","1634","1636","1636","1639","1632","1632"
"6459","20230317","1175","1231","1174","1230","1216.1834","81800","99483800","1175","1217","1174","1217","1220","1231","1211","1230"
"6460","20230317","2403","2423","2370","2376","2386.1847","1755700","4189424500","2403","2423","2387","2390","2389","2394","2370","2376"
"6461","20230317","1354","1354","1333","1339","1340.3267","15000","20104900","1354","1354","1335","1335","1335","1342","1333","1339"
"6462","20230317","2473","2490","2446","2459","2459.4963","67900","166999800","2473","2490","2450","2450","2450","2464","2446","2459"
"6463","20230317","1319","1322","1290","1293","1309.1404","267000","349540500","1319","1322","1290","1293","1292","1297","1290","1293"
"6464","20230317","940","942","905","908","914.2771","717900","656359500","940","942","905","913","915","923","908","908"
"6465","20230317","4735","4785","4730","4780","4769.5175","325400","1552001000","4735","4770","4730","4765","4770","4785","4755","4780"
"6466","20230317","-","-","-","-","-","-","-","-","-","-","-","-","-","-","-"
"6467","20230317","372","384","372","384","378.04","2500","945100","372","379","372","379","379","384","377","384"
"6469","20230317","562","564","562","563","562.5","2600","1462500","562","563","562","563","563","564","563","563"
"6470","20230317","612","615","596","596","600.3804","184300","110650100","612","615","606","608","608","613","596","596"
"6471","20230317","722","724","708","711","712.3628","3165300","2254842000","722","724","708","710","708","716","708","711"
"6472","20230317","325","328","316","321","321.5515","7766800","2497425900","325","328","316","318","320","326","319","321"
"6473","20230317","978","983","951","960","962.5781","1372400","1321042200","978","983","951","954","958","966","957","960"
"6474","20230317","3720","3765","3685","3745","3734.0653","78100","291630500","3720","3730","3685","3710","3720","3765","3720","3745"
"6479","20230317","2287","2328","2284","2323","2311.5447","1386800","3205650200","2287","2313","2284","2298","2299","2328","2296","2323"
"6480","20230317","573","578","564","572","569.1509","251200","142970700","573","578","564","565","567","572","566","572"
"6481","20230317","2989","3020","2942","2985","2981.3352","1070300","3190923100","2989","3000","2942","2990","2984","3020","2976","2985"
"6482","20230317","726","726","713","722","719.4588","27900","20072900","726","726","713","717","718","722","718","722"
"6484","20230317","1512","1512","1504","1511","1507.9167","2400","3619000","1512","1512","1504","1510","1511","1511","1511","1511"
"6485","20230317","959","968","954","954","959.1947","101200","97070500","959","968","958","960","963","966","954","954"
"6486","20230317","1172","1174","1145","1150","1153.1195","68600","79104000","1172","1174","1145","1145","1151","1154","1148","1150"
"6488","20230317","687","692","681","690","684.931","2900","1986300","687","687","687","687","685","692","681","690"
"6489","20230317","647","655","647","655","652.0515","23300","15192800","647","653","647","653","653","655","651","655"
"6490","20230317","3530","3565","3525","3555","3542.8809","108300","383694000","3530","3560","3525","3535","3540","3565","3525","3555"
"6492","20230317","2852","2852","2840","2847","2848.3333","600","1709000","2852","2852","2852","2852","2852","2852","2840","2847"
"6493","20230317","251","253","249","253","250.8903","15500","3888800","251","252","251","251","251","253","249","253"
"6494","20230317","98","99","97","98","97.949","45100","4417500","98","98","97","98","98","99","97","98"
"6495","20230317","142","143","142","142","142.6715","27400","3909200","142","143","142","143","143","143","142","142"
"6496","20230317","-","-","-","-","-","-","-","-","-","-","-","-","-","-","-"
"6497","20230317","978","980","976","977","976.9167","1200","1172300","978","980","978","980","976","977","976","977"
"6498","20230317","870","881","862","875","872.6416","332600","290240600","870","881","862","871","870","878","870","875"
"6501","20230317","6798","6867","6780","6845","6834.3791","4089300","27947826400","6798","6860","6780","6825","6837","6867","6790","6845"
"6502","20230317","4177","4251","4168","4251","4231.3902","1700200","7194209700","4177","4224","4168","4224","4223","4251","4207","4251"
"6503","20230317","1524","1530.5","1508","1515.5","1515.951","5881400","8915914500","1524","1530.5","1508","1511.5","1514","1520","1509","1515.5"
"6504","20230317","5020","5040","4945","5020","5003.5135","755800","3781655500","5020","5020","4945","4985","4990","5040","4990","5020"
"6505","20230317","871","876","868","874","872.8951","16200","14140900","871","872","868","872","869","876","869","874"
"6506","20230317","5440","5550","5440","5530","5505.8015","1864700","10266668000","5440","5520","5440","5500","5510","5550","5490","5530"
"6507","20230317","1637","1645","1586","1617","1607.7784","213400","343099900","1637","1645","1586","1597","1597","1620","1597","1617"
"6508","20230317","1884","1885","1864","1877","1874.4371","57200","107217800","1884","1885","1864","1867","1867","1878","1866","1877"
"6513","20230317","1270","1273","1260","1266","1267.8205","7800","9889000","1270","1270","1260","1267","1272","1273","1264","1266"
"6516","20230317","5790","5820","5750","5750","5776.7628","31200","180235000","5790","5820","5760","5780","5760","5800","5750","5750"
"6517","20230317","1598","1624","1578","1579","1592.9253","87000","138584500","1598","1624","1594","1604","1600","1600","1578","1579"
"6518","20230317","1042","1042","1042","1042","1042","200","208400","-","-","-","-","1042","1042","1042","1042"
"6521","20230317","3720","3860","3720","3835","3815.7025","150900","575789500","3720","3860","3720","3820","3820","3855","3810","3835"
"6522","20230317","1163","1182","1160","1173","1171.6786","14000","16403500","1163","1182","1160","1176","1174","1178","1167","1173"
"6523","20230317","1400","1427","1400","1422","1416.5447","161000","228063700","1400","1418","1400","1409","1415","1427","1412","1422"
"6524","20230317","5010","5150","4965","5100","5075.9577","40200","204053500","5010","5100","4965","5080","5100","5150","5090","5100"
"6526","20230317","9950","10390","9920","10390","10200.3168","1294200","13201250000","9950","10230","9920","10170","10170","10390","10170","10390"
"6532","20230317","5290","5400","5250","5400","5357.3959","785300","4207163000","5290","5380","5250","5360","5390","5400","5360","5400"
"6533","20230317","1650","1706","1650","1699","1688.4582","29900","50484900","1650","1705","1650","1690","1696","1706","1692","1699"
"6535","20230317","1260","1270","1254","1254","1261.4767","64400","81239100","1260","1270","1255","1262","1262","1265","1254","1254"
"6537","20230317","283","295","278","288","287.1811","12700","3647200","283","291","278","291","290","295","288","288"
"6538","20230317","322","333","320","332","328.7136","59000","19394100","322","331","320","331","331","333","330","332"
"6539","20230317","1024","1032","1022","1030","1027.1383","50600","51973200","1024","1031","1022","1031","1031","1032","1025","1030"
"6540","20230317","735","735","725","725","728.1765","1700","1237900","735","735","735","735","733","733","725","725"
"6542","20230317","796","805","796","805","803.2","500","401600","796","796","796","796","805","805","805","805"
"6543","20230317","-","-","-","-","-","-","-","-","-","-","-","-","-","-","-"
"6544","20230317","1898","1948","1897","1938","1929.6627","227700","439384200","1898","1939","1897","1932","1930","1948","1930","1938"
"6545","20230317","350","354","350","350","351.3333","300","105400","-","-","-","-","350","354","350","350"
"6546","20230317","1058","1067","1057","1057","1059.6364","1100","1165600","1058","1065","1058","1059","1067","1067","1057","1057"
"6547","20230317","1175","1263","1173","1259","1231.7002","170100","209512200","1175","1259","1173","1236","1236","1263","1236","1259"
"6548","20230317","326","341","326","335","335.1019","20600","6903100","326","336","326","335","335","341","335","335"
"6549","20230317","1300","1300","1280","1290","1288.9091","1100","1417800","1300","1300","1280","1280","1299","1299","1290","1290"
"6550","20230317","207","213","195","195","200.421","1125000","225473600","207","213","195","196","196","200","195","195"
"6551","20230317","608","652","608","652","636.3962","130000","82731500","608","636","608","636","638","652","635","652"
"6552","20230317","343","351","342","351","346.4858","84800","29382000","343","349","342","349","349","351","347","351"
"6554","20230317","901","922","901","918","916.0481","20800","19053800","901","919","901","916","916","922","915","918"
"6555","20230317","566","587","566","576","577.9006","18100","10460000","566","578","566","578","578","587","576","576"
"6556","20230317","636","670","636","669","658.9678","161400","106357400","636","669","636","665","664","670","659","669"
"6557","20230317","825","865","825","856","855.4286","40600","34730400","825","865","825","857","857","864","848","856"
"6558","20230317","1125","1156","1125","1148","1139.4","2000","2278800","1125","1156","1125","1150","1149","1149","1145","1148"
"6560","20230317","2449","2580","2447","2580","2522.5157","22300","56252100","2449","2543","2447","2543","2548","2580","2531","2580"
"6561","20230317","1879","1903","1853","1860","1875.708","114400","214581000","1879","1903","1853","1870","1870","1901","1854","1860"
"6562","20230317","1867","2105","1844","2055","1971.8362","669800","1320735900","1867","1920","1844","1908","1909","2105","1905","2055"
"6563","20230317","693","706","673","681","684.716","25700","17597200","693","706","693","695","695","701","673","681"
"6564","20230317","2358","2373","2344","2350","2355.6715","41400","97524800","2358","2368","2344","2356","2358","2373","2350","2350"
"6565","20230317","1971","2086","1971","2086","2038.4868","76000","154925000","1971","2030","1971","2030","2032","2086","2032","2086"
"6566","20230317","777","780","774","774","777.241","19500","15156200","777","779","776","776","778","780","774","774"
"6567","20230317","632","659","632","643","652.4211","28500","18594000","632","656","632","653","654","659","643","643"
"6568","20230317","1576","1576","1475","1498","1511.0619","153400","231796900","1576","1576","1517","1544","1531","1542","1475","1498"
"6569","20230317","661","671","659","670","666.0837","83600","55684600","661","671","659","668","668","670","665","670"
"6570","20230317","653","653","627","638","634.5607","10700","6789800","653","653","627","627","630","638","630","638"
"6571","20230317","1336","1359","1332","1354","1350.366","19400","26197100","1336","1352","1332","1348","1348","1359","1348","1354"
"6572","20230317","360","374","360","374","367.6986","99200","36475700","360","368","360","366","364","374","364","374"
"6573","20230317","230","232","226","232","228.8704","5400","1235900","230","230","226","226","227","232","227","232"
"6574","20230317","495","501","495","498","497.5","400","199000","495","501","495","501","496","498","496","498"
"6577","20230317","3200","3345","3060","3095","3178.1703","27600","87717500","3200","3345","3110","3170","3110","3155","3060","3095"
"6578","20230317","197","197","191","192","193.0125","16000","3088200","197","197","191","194","194","196","192","192"
"6579","20230317","834","865","832","850","853.3535","29700","25344600","834","862","832","860","858","865","850","850"
"6580","20230317","875","887","850","850","864.55","66000","57060300","875","887","850","870","871","872","850","850"
"6584","20230317","645","646","626","631","631.4767","234100","147828700","645","646","626","628","629","635","628","631"
"6586","20230317","3295","3320","3270","3295","3294.4811","969400","3193670000","3295","3320","3270","3270","3280","3310","3270","3295"
"6588","20230317","3690","3705","3605","3625","3627.2068","97200","352564500","3690","3705","3615","3630","3640","3640","3605","3625"
"6590","20230317","16160","16550","16110","16430","16372.477","130400","2134971000","16160","16550","16110","16380","16450","16490","16370","16430"
"6592","20230317","3710","3735","3685","3710","3712.037","180900","671507500","3710","3720","3685","3710","3710","3735","3705","3710"
"6594","20230317","6321","6432","6281","6428","6375.0003","2939800","18741225800","6321","6360","6281","6344","6344","6432","6338","6428"
"6597","20230317","2042","2134","2042","2134","2097.5287","24400","51179700","2042","2113","2042","2101","2081","2134","2081","2134"
"6599","20230317","2433","2483","2433","2453","2456.3333","300","736900","2433","2433","2433","2433","2483","2483","2453","2453"
"6612","20230317","2276","2319","2245","2319","2255.9362","4700","10602900","2276","2276","2251","2252","2251","2319","2245","2319"
"6613","20230317","555","585","549","579","572.5252","1661500","951250700","555","579","549","576","573","585","571","579"
"6614","20230317","3620","3745","3510","3710","3665.0558","134300","492217000","3620","3745","3510","3690","3695","3740","3670","3710"
"6615","20230317","470","486","467","477","476.0519","55900","26611300","470","473","467","473","473","486","472","477"
"6616","20230317","2432","2434","2369","2375","2387.5111","67300","160679500","2432","2434","2375","2384","2378","2392","2369","2375"
"6617","20230317","2292","2307","2253","2294","2287.5136","143300","327800700","2292","2307","2253","2269","2270","2306","2270","2294"
"6618","20230317","802","829","802","825","818.856","25000","20471400","802","829","802","826","826","828","822","825"
"6619","20230317","1226","1268","1217","1265","1246.4368","2597000","3236996300","1226","1255","1217","1245","1249","1268","1246","1265"
"6620","20230317","800","811","796","796","802.9153","24800","19912300","800","811","799","807","807","807","796","796"
"6622","20230317","4250","4250","4165","4230","4212.9303","67400","283951500","4250","4250","4165","4190","4190","4230","4190","4230"
"6625","20230317","234","238","233","235","235.9734","292800","69093000","234","238","233","237","237","237","235","235"
"6626","20230317","9240","9700","9240","9580","9534.6154","14300","136345000","9240","9700","9240","9500","9510","9580","9500","9580"
"6627","20230317","2791","2815","2716","2747","2751.1225","69400","190927900","2791","2815","2716","2744","2738","2780","2738","2747"
"6629","20230317","420","426","420","423","422.8651","50400","21312400","420","426","420","421","423","425","420","423"
"6630","20230317","1004","1046","977","1032","1013.8279","3002600","3044119800","1004","1029","977","1024","1030","1046","1024","1032"
"6632","20230317","378","379","368","368","370.9102","2845700","1055499100","378","379","368","369","370","373","368","368"
"6633","20230317","298","300","298","299","298.7083","7200","2150700","298","300","298","300","298","299","298","299"
"6634","20230317","163","163","158","159","160.4507","54800","8792700","163","163","159","160","159","161","158","159"
"6635","20230317","512","514","508","510","510.8333","600","306500","512","514","511","511","508","510","508","510"
"6637","20230317","1070","1082","1056","1068","1067.434","5300","5657400","1070","1070","1056","1060","1065","1082","1065","1068"
"6638","20230317","646","662","640","661","651.6012","84000","54734500","646","652","640","645","647","662","647","661"
"6640","20230317","1386","1402","1371","1385","1386.0099","101100","140125600","1386","1402","1371","1374","1375","1391","1375","1385"
"6641","20230317","1697","1698","1696","1696","1696.3242","296400","502790500","1697","1698","1696","1697","1696","1697","1696","1696"
"6643","20230317","1804","1804","1797","1797","1802.1111","900","1621900","1804","1804","1797","1797","-","-","-","-"
"6644","20230317","522","523","515","521","519.3079","47100","24459400","522","523","515","517","517","521","516","521"
"6645","20230317","7482","7498","7367","7439","7435.8964","865800","6437999100","7482","7498","7367","7410","7425","7473","7406","7439"
"6647","20230317","1793","1793","1793","1793","1793","200","358600","1793","1793","1793","1793","-","-","-","-"
"6648","20230317","1833","1833","1830","1830","1831.5","200","366300","1833","1833","1833","1833","1830","1830","1830","1830"
"6651","20230317","2666","2670","2621","2644","2641.4408","108900","287652900","2666","2670","2621","2627","2625","2654","2625","2644"
"6652","20230317","3315","3345","3260","3295","3291.2268","70100","230715000","3315","3345","3260","3270","3285","3315","3285","3295"
"6653","20230317","950","961","945","959","954.2022","17800","16984800","950","958","945","954","952","961","952","959"
"6654","20230317","1088","1090","1081","1090","1085.5517","5800","6296200","1088","1088","1081","1084","1081","1090","1081","1090"
"6656","20230317","1015","1023","1002","1023","1013.8302","10600","10746600","1015","1016","1002","1005","1009","1023","1009","1023"
"6658","20230317","831","840","808","811","817.5775","210200","171854800","831","840","808","813","811","826","811","811"
"6659","20230317","68","69","67","69","67.9492","241900","16436900","68","68","67","68","67","69","67","69"
"6662","20230317","242","242","237","240","238.6","1500","357900","242","242","240","240","237","240","237","240"
"6663","20230317","380","392","379","388","386.4548","38700","14955800","380","390","379","389","390","392","388","388"
"6664","20230317","398","409","390","405","401.3707","20500","8228100","398","399","390","399","401","409","397","405"
"6666","20230317","684","695","681","692","690.163","18400","12699000","684","693","681","691","691","695","690","692"
"6668","20230317","1450","1463","1437","1459","1450.6667","55800","80947200","1450","1463","1437","1443","1442","1462","1442","1459"
"6670","20230317","938","950","937","942","940.718","233700","219845800","938","944","937","941","939","950","939","942"
"6674","20230317","2256","2260","2206","2230","2229.272","376500","839320900","2256","2260","2206","2215","2217","2238","2215","2230"
"6675","20230317","1685","1717","1635","1692","1687.1492","38200","64449100","1685","1717","1635","1685","1687","1715","1675","1692"
"6676","20230317","3255","3255","3230","3230","3239.5192","5200","16845500","3255","3255","3230","3230","3230","3255","3230","3230"
"6677","20230317","1623","1655","1620","1644","1637.3969","50900","83343500","1623","1655","1623","1637","1638","1648","1620","1644"
"6678","20230317","1724","1745","1724","1745","1738.25","2800","4867100","1724","1738","1724","1736","1740","1745","1736","1745"
"6694","20230317","1000","1013","1000","1004","1005.0811","3700","3718800","1000","1013","1000","1001","1006","1008","1001","1004"
"6696","20230317","534","549","512","512","526.7949","146300","77070100","534","549","522","528","528","532","512","512"
"6697","20230317","914","931","914","923","922.2605","11900","10974900","914","923","914","919","919","931","919","923"
"6698","20230317","642","643","638","643","640.8333","1800","1153500","642","642","638","638","643","643","640","643"
"6699","20230317","803","823","802","815","813.641","37600","30592900","803","816","802","815","816","823","814","815"
"6701","20230317","4910","4965","4900","4965","4949.0289","1120900","5547366500","4910","4940","4900","4935","4940","4965","4930","4965"
"6702","20230317","17980","18385","17980","18355","18268.9","902300","16484028500","17980","18215","17980","18185","18165","18385","18165","18355"
"6703","20230317","708","709","702","705","705.7932","352000","248439200","708","709","702","706","707","708","705","705"
"6704","20230317","782","788","782","784","784.234","4700","3685900","782","786","782","785","785","788","784","784"
"6706","20230317","2249","2257","2226","2226","2231.1222","22100","49307800","2249","2257","2229","2231","2231","2241","2226","2226"
"6707","20230317","11500","11540","10700","10970","10946.5068","271100","2967598000","11500","11540","10700","10810","10830","11030","10800","10970"
"6715","20230317","1132","1159","1132","1151","1145.8636","2200","2520900","1132","1137","1132","1137","1144","1159","1144","1151"
"6718","20230317","1994","2018","1994","2009","2007.3676","20400","40950300","1994","2018","1994","2005","2004","2012","2003","2009"
"6721","20230317","128","134","128","133","131.3505","306700","40285200","128","133","128","133","133","134","132","133"
"6723","20230317","1862.5","1869","1821","1851.5","1846.0137","10375900","19154053600","1862.5","1869","1821","1835.5","1838","1854","1837","1851.5"
"6724","20230317","1831","1840","1813","1840","1833.7981","1935600","3549499600","1831","1838","1813","1827","1834","1840","1826","1840"
"6727","20230317","648","669","647","665","660.659","596400","394017000","648","654","647","652","654","669","654","665"
"6728","20230317","5170","5330","5130","5310","5277.5864","439600","2320027000","5170","5280","5130","5260","5270","5330","5270","5310"
"6730","20230317","1695","1736","1681","1704","1702.3595","146300","249055200","1695","1736","1681","1692","1692","1715","1688","1704"
"6731","20230317","3","4","3","3","3.5693","705300","2517400","3","4","3","4","4","4","3","3"
"6734","20230317","1390","1390","1368","1375","1377.6154","1300","1790900","1390","1390","1368","1375","1376","1376","1375","1375"
"6736","20230317","2059","2092","1999","1999","2016.2395","484300","976464800","2059","2092","2049","2076","2070","2070","1999","1999"
"6737","20230317","3840","3850","3805","3810","3816.5813","33200","126710500","3840","3850","3805","3805","3805","3830","3805","3810"
"6740","20230317","38","39","38","39","38.5761","17730800","683985900","38","39","38","39","38","39","38","39"
"6741","20230317","1035","1037","1017","1026","1026.666","215600","221349200","1035","1037","1026","1027","1031","1033","1017","1026"
"6742","20230317","414","415","411","415","413.4167","42000","17363500","414","415","411","413","414","415","411","415"
"6743","20230317","432","445","428","437","436.1897","11600","5059800","432","435","428","435","438","445","437","437"
"6744","20230317","1622","1631","1616","1630","1627.734","39100","63644400","1622","1631","1616","1628","1630","1630","1622","1630"
"6745","20230317","1506","1544","1503","1534","1528.4302","62300","95221200","1506","1515","1503","1506","1506","1544","1506","1534"
"6748","20230317","463","465","456","458","461.4783","9200","4245600","463","465","459","463","464","464","456","458"
"6750","20230317","1265","1275","1255","1265","1265.8265","208700","264178000","1265","1272","1255","1272","1274","1275","1265","1265"
"6752","20230317","1166","1169.5","1157","1157","1159.535","6061600","7028637300","1166","1169.5","1157.5","1159.5","1161.5","1164","1157","1157"
"6753","20230317","939","939","920","925","925.372","3738500","3459503200","939","939","920","921","921","929","921","925"
"6754","20230317","1205","1217","1204","1216","1213.5751","684100","830206700","1205","1216","1204","1215","1215","1217","1212","1216"
"6755","20230317","3830","3880","3825","3875","3860.1818","167800","647738500","3830","3860","3825","3840","3835","3880","3835","3875"
"6757","20230317","762","793","759","761","766.1034","23200","17773600","762","793","759","763","767","770","761","761"
"6758","20230317","11465","11630","11415","11630","11570.0452","4444800","51426537000","11465","11565","11415","11520","11545","11630","11525","11630"
"6762","20230317","4535","4565","4450","4535","4518.1703","2555400","11545732500","4535","4535","4450","4505","4505","4565","4500","4535"
"6763","20230317","1458","1465","1446","1446","1452.0244","4100","5953300","1458","1458","1458","1458","1465","1465","1446","1446"
"6768","20230317","786","800","775","794","787.9771","743100","585545800","786","789","775","779","780","800","780","794"
"6769","20230317","811","820","801","805","812.3048","35100","28511900","811","820","807","815","816","818","801","805"
"6770","20230317","1257","1262","1246","1258","1255.2112","1292300","1622109400","1257","1262","1246","1252","1253","1261","1252","1258"
"6771","20230317","616","620","608","618","614.3429","10500","6450600","616","616","608","612","611","620","611","618"
"6772","20230317","2167","2174","2125","2125","2145.3733","7500","16090300","2167","2174","2131","2150","2150","2150","2125","2125"
"6775","20230317","238","254","225","254","239.7163","1282100","307340300","238","243","225","232","231","254","230","254"
"6776","20230317","316","324","316","323","320.4057","17500","5607100","316","324","316","320","320","324","320","323"
"6777","20230317","2467","2497","2460","2476","2481.303","42900","106447900","2467","2490","2460","2481","2482","2497","2473","2476"
"6778","20230317","960","965","956","957","960.5826","23000","22093400","960","964","956","957","957","965","957","957"
"6779","20230317","1285","1288","1258","1277","1274.8806","365300","465713900","1285","1288","1258","1277","1274","1283","1272","1277"
"6785","20230317","1054","1065","1045","1050","1052.8427","69300","72962000","1054","1065","1048","1049","1048","1055","1045","1050"
"6786","20230317","64","65","63","64","63.859","31200","1992400","64","64","63","63","63","65","63","64"
"6787","20230317","2714","2808","2706","2805","2771.2868","314500","871569700","2714","2766","2706","2750","2759","2808","2751","2805"
"6788","20230317","3070","3115","3045","3095","3095.3968","25200","78004000","3070","3110","3045","3105","3105","3115","3090","3095"
"6789","20230317","3150","3165","3125","3145","3144.4902","51000","160369000","3150","3160","3125","3135","3130","3165","3130","3145"
"6794","20230317","1065","1092","1055","1077","1078.0798","269500","290542500","1065","1092","1055","1079","1080","1087","1075","1077"
"6798","20230317","2451","2468","2420","2445","2438.9471","20800","50730100","2451","2468","2420","2435","2442","2453","2438","2445"
"6800","20230317","1925","1963","1910","1953","1944.7814","93300","181448100","1925","1936","1910","1931","1935","1963","1928","1953"
"6803","20230317","114","115","114","115","114.3635","78400","8966100","114","115","114","114","115","115","114","115"
"6804","20230317","1619","1619","1585","1597","1594.6475","306100","488121600","1619","1619","1586","1587","1591","1598","1585","1597"
"6806","20230317","16940","17330","16900","17240","17212.2941","163900","2821095000","16940","17300","16900","17290","17290","17330","17220","17240"
"6807","20230317","2248","2291","2238","2284","2273.9765","208200","473441900","2248","2277","2238","2277","2284","2291","2276","2284"
"6809","20230317","801","812","801","809","807.1008","25800","20823200","801","805","801","804","808","812","806","809"
"6810","20230317","1408","1408","1386","1391","1393.019","147200","205052400","1408","1408","1386","1392","1394","1400","1388","1391"
"6814","20230317","935","940","915","929","930.4472","153400","142730600","935","938","931","933","931","940","915","929"
"6817","20230317","1497","1510","1455","1494","1482.1516","200500","297171400","1497","1510","1455","1471","1475","1495","1470","1494"
"6819","20230317","171","171","165","170","167.5294","214000","35851300","171","171","165","167","167","170","167","170"
"6820","20230317","2485","2504","2480","2485","2489.5026","19300","48047400","2485","2504","2480","2493","2493","2504","2485","2485"
"6822","20230317","2525","2525","2525","2525","2525","100","252500","2525","2525","2525","2525","-","-","-","-"
"6823","20230317","1810","1827","1803","1812","1812.7547","21200","38430400","1810","1827","1808","1808","1817","1818","1803","1812"
"6824","20230317","2109","2109","2089","2090","2098.4","500","1049200","2109","2109","2095","2095","2089","2090","2089","2090"
"6832","20230317","1880","1884","1855","1855","1873.2353","1700","3184500","1880","1884","1860","1860","1855","1855","1855","1855"
"6834","20230317","1853","1853","1810","1840","1843.4118","1700","3133800","1853","1853","1810","1831","1849","1853","1840","1840"
"6835","20230317","108","109","108","108","108.4778","94400","10240300","108","109","108","109","108","109","108","108"
"6836","20230317","609","619","600","619","607.2","2000","1214400","609","615","606","606","600","619","600","619"
"6837","20230317","287","298","283","296","292.2244","15600","4558700","287","293","283","292","293","298","288","296"
"6838","20230317","686","704","686","691","694.716","16900","11740700","686","704","686","704","704","704","691","691"
"6840","20230317","520","540","520","540","532.5705","61700","32859600","520","535","520","533","532","540","531","540"
"6841","20230317","2086","2086","2040","2067","2064.2253","1668200","3443540600","2086","2086","2040","2052","2055","2072","2048","2067"
"6844","20230317","3600","3645","3575","3575","3598.0257","42800","153995500","3600","3645","3580","3590","3590","3620","3575","3575"
"6845","20230317","3465","3475","3420","3455","3454.2111","527300","1821405500","3465","3465","3420","3455","3465","3475","3440","3455"
"6848","20230317","790","797","790","794","794.1746","6300","5003300","790","797","790","796","793","796","792","794"
"6849","20230317","3570","3625","3570","3600","3601.0732","181700","654315000","3570","3625","3570","3605","3595","3615","3595","3600"
"6850","20230317","2073","2108","2050","2055","2068.7756","25400","52546900","2073","2108","2050","2062","2062","2080","2055","2055"
"6853","20230317","341","346","340","344","342.5593","29500","10105500","341","346","340","340","342","345","341","344"
"6855","20230317","1499","1507","1487","1505","1499.2607","49100","73613700","1499","1501","1487","1492","1489","1507","1489","1505"
"6856","20230317","7730","7730","7620","7670","7669.0171","263500","2020786000","7730","7730","7620","7670","7670","7700","7650","7670"
"6857","20230317","11660","11820","11550","11820","11717.3354","2652900","31084919000","11660","11740","11550","11680","11680","11820","11670","11820"
"6858","20230317","431","435","421","429","426.7492","30300","12930500","431","432","421","430","431","435","429","429"
"6859","20230317","1997","2015","1986","2004","2002.7554","83800","167830900","1997","2015","1986","1991","1999","2013","1992","2004"
"6861","20230317","60130","60780","59630","60510","60350.1499","687300","41478658000","60130","60350","59630","60280","60240","60780","60240","60510"
"6862","20230317","527","536","525","530","528.4758","82800","43757800","527","536","525","527","530","533","529","530"
"6863","20230317","1010","1022","1010","1021","1018.6364","9900","10084500","1010","1022","1010","1018","1018","1021","1018","1021"
"6864","20230317","978","978","961","965","970.1111","5400","5238600","978","978","961","966","969","971","965","965"
"6866","20230317","8190","8300","8150","8210","8197.6098","20500","168051000","8190","8300","8150","8170","8160","8230","8150","8210"
"6867","20230317","473","489","470","479","481.4231","2600","1251700","473","473","470","471","472","489","472","479"
"6869","20230317","8567","8645","8495","8640","8617.331","436800","3764050200","8567","8640","8495","8600","8588","8645","8566","8640"
"6870","20230317","1433","1435","1433","1434","1433.25","1200","1719900","1433","1435","1433","1434","-","-","-","-"
"6871","20230317","1291","1306","1288","1288","1294.1688","159400","206290500","1291","1306","1288","1293","1290","1301","1288","1288"
"6874","20230317","2397","2510","2334","2465","2423.4342","40300","97664400","2397","2500","2334","2496","2500","2510","2420","2465"
"6875","20230317","2944","2962","2883","2935","2923.0469","125700","367427000","2944","2962","2883","2892","2892","2945","2892","2935"
"6877","20230317","3830","3850","3760","3790","3792.7384","36700","139193500","3830","3850","3780","3805","3785","3800","3760","3790"
"6879","20230317","583","595","575","588","583.7594","361200","210853900","583","584","575","582","587","595","585","588"
"6881","20230317","498","501","493","497","496.6155","76200","37842100","498","501","493","496","496","498","495","497"
"6882","20230317","950","953","933","935","939.0031","32500","30517600","950","953","934","937","935","940","933","935"
"6888","20230317","374","375","372","375","373.1087","4600","1716300","374","374","372","373","373","375","373","375"
"6890","20230317","3045","3095","3015","3045","3048.8362","2146000","6542802500","3045","3095","3015","3030","3035","3080","3035","3045"
"6894","20230317","-","-","-","-","-","-","-","-","-","-","-","-","-","-","-"
"6897","20230317","516","517","515","515","515.7708","4800","2475700","516","517","516","516","516","517","515","515"
"6898","20230317","3520","3640","3305","3345","3390.091","93400","316634500","3520","3640","3305","3400","3400","3400","3320","3345"
"6899","20230317","2796","2875","2775","2875","2816.2113","7100","19995100","2796","2796","2775","2785","2788","2875","2785","2875"
"6901","20230317","1129","1134","1122","1130","1130","2200","2486000","1129","1129","1122","1127","1128","1134","1128","1130"
"6902","20230317","7041","7083","7010","7075","7058.8631","1819100","12840777900","7041","7083","7010","7020","7030","7083","7012","7075"
"6904","20230317","890","890","883","884","887.0588","13600","12064000","890","890","883","890","890","890","884","884"
"6905","20230317","1115","1130","1112","1122","1121.4408","241600","270940100","1115","1127","1112","1117","1125","1130","1117","1122"
"6907","20230317","532","549","525","549","531.8143","7000","3722700","532","532","525","531","531","549","531","549"
"6908","20230317","4670","4715","4610","4675","4671.7108","45300","211628500","4670","4695","4610","4675","4690","4715","4675","4675"
"6912","20230317","1299","1328","1260","1317","1301.381","8400","10931600","1299","1328","1260","1264","1280","1319","1280","1317"
"6914","20230317","2000","2011","1970","1974","1977.3414","169000","334170700","2000","2011","1971","1973","1971","1985","1970","1974"
"6915","20230317","2256","2256","2222","2227","2236.5492","12200","27285900","2256","2256","2236","2240","2240","2242","2222","2227"
"6918","20230317","4860","4905","4830","4885","4866.7896","36600","178124500","4860","4905","4830","4835","4835","4900","4835","4885"
"6919","20230317","1754","1777","1733","1749","1744.8876","26700","46588500","1754","1777","1733","1733","1734","1749","1734","1749"
"6920","20230317","22220","22865","22180","22865","22518.8553","10950600","246594976500","22220","22670","22180","22575","22600","22865","22510","22865"
"6923","20230317","2787","2793","2746","2764","2768.1867","1051300","2910194700","2787","2793","2746","2770","2766","2791","2758","2764"
"6924","20230317","4450","4485","4445","4445","4452.8981","15700","69910500","4450","4485","4450","4450","4445","4460","4445","4445"
"6925","20230317","1616","1618","1598","1611","1610.775","541400","872073600","1616","1616","1598","1611","1613","1618","1609","1611"
"6926","20230317","318","319","310","319","316.2853","33300","10532300","318","318","314","315","315","319","310","319"
"6927","20230317","340","342","334","339","337.8258","112500","38005400","340","342","334","336","338","341","336","339"
"6928","20230317","1748","1786","1715","1772","1761.128","67200","118347800","1748","1764","1715","1760","1759","1786","1759","1772"
"6929","20230317","2699","2701","2643","2644","2662.029","179300","477301800","2699","2701","2659","2674","2677","2701","2643","2644"
"6930","20230317","539","545","539","544","543.1429","4200","2281200","539","545","539","544","544","545","544","544"
"6932","20230317","814","826","814","826","822.2931","29000","23846500","814","826","814","821","822","826","821","826"
"6937","20230317","1046","1064","1045","1058","1055.8372","34400","36320800","1046","1056","1045","1053","1055","1064","1053","1058"
"6938","20230317","379","385","378","381","381.5241","14500","5532100","379","382","378","381","381","385","381","381"
"6941","20230317","1922","1934","1917","1932","1925.4646","149600","288049500","1922","1927","1917","1923","1925","1934","1921","1932"
"6942","20230317","708","708","704","705","706","1100","776600","708","708","706","706","705","705","704","705"
"6943","20230317","5810","5810","5810","5810","5810","100","581000","-","-","-","-","5810","5810","5810","5810"
"6946","20230317","4450","4630","4400","4595","4519.7782","29300","132429500","4450","4630","4400","4605","4575","4605","4560","4595"
"6947","20230317","3255","3315","3255","3310","3288.3","20000","65766000","3255","3285","3255","3275","3315","3315","3285","3310"
"6951","20230317","4045","4105","4025","4095","4072.1461","282600","1150788500","4045","4070","4025","4065","4070","4105","4055","4095"
"6952","20230317","1273","1277","1260","1274","1272.0627","1077100","1370138700","1273","1273","1260","1268","1271","1277","1266","1274"
"6954","20230317","22845","23085","22760","23085","22986.3543","766100","17609846000","22845","22975","22760","22915","22915","23085","22885","23085"
"6955","20230317","856","880","855","871","867.504","49800","43201700","856","868","855","864","864","880","862","871"
"6957","20230317","5950","6030","5890","5940","5955.9446","39700","236451000","5950","6030","5890","5930","5930","5970","5920","5940"
"6958","20230317","451","451","440","443","444.4181","381500","169545500","451","451","440","444","444","448","443","443"
"6960","20230317","4240","4270","4230","4245","4251.4789","7100","30185500","4240","4270","4230","4265","4255","4260","4245","4245"
"6961","20230317","4140","4155","4080","4110","4113.0423","35500","146013000","4140","4155","4080","4120","4110","4145","4100","4110"
"6962","20230317","710","716","703","711","709.765","189800","134713400","710","716","703","708","709","713","708","711"
"6963","20230317","10650","10840","10640","10790","10764.0602","859800","9254939000","10650","10740","10640","10740","10740","10840","10720","10790"
"6964","20230317","499","505","498","505","501.2697","8900","4461300","499","499","499","499","498","505","498","505"
"6965","20230317","6630","6760","6620","6750","6729.6482","537200","3615167000","6630","6740","6620","6720","6710","6760","6710","6750"
"6966","20230317","7500","7580","7350","7560","7495.5262","574900","4309178000","7500","7540","7350","7460","7470","7580","7470","7560"
"6967","20230317","3885","4070","3870","4070","4006.118","1654800","6629324000","3885","4015","3870","4010","4010","4070","4010","4070"
"6969","20230317","712","717","706","717","709.9677","3100","2200900","712","712","706","710","716","717","706","717"
"6971","20230317","6680","6691","6630","6669","6664.5571","1322800","8815876100","6680","6691","6630","6638","6648","6679","6638","6669"
"6973","20230317","2123","2197","2081","2197","2148.2275","18900","40601500","2123","2124","2081","2113","2122","2197","2111","2197"
"6976","20230317","4115","4190","4095","4155","4149.6135","1275600","5293247000","4115","4145","4095","4135","4150","4190","4145","4155"
"6977","20230317","1057","1062","1057","1062","1059.75","400","423900","1057","1060","1057","1060","1062","1062","1062","1062"
"6981","20230317","7619","7705","7558","7697","7666.1737","2343300","17964144900","7619","7637","7558","7631","7620","7705","7615","7697"
"6982","20230317","723","735","715","735","726.1523","15100","10964900","723","729","715","726","728","735","724","735"
"6986","20230317","511","515","500","500","503.0845","372900","187600200","511","515","506","509","508","512","500","500"
"6988","20230317","8460","8550","8380","8470","8467.4267","971900","8229492000","8460","8480","8380","8470","8470","8550","8450","8470"
"6989","20230317","1380","1381","1359","1365","1366.0461","21700","29643200","1380","1381","1359","1361","1361","1370","1361","1365"
"6993","20230317","59","63","59","62","60.7196","2130300","129351000","59","61","59","60","60","63","60","62"
"6994","20230317","474","477","473","474","474.3077","1300","616600","474","477","474","477","477","477","473","474"
"6995","20230317","1552","1561","1513","1522","1523.1122","245000","373162500","1552","1561","1513","1516","1516","1528","1514","1522"
"6996","20230317","1375","1382","1348","1368","1365.3034","377000","514719400","1375","1382","1348","1366","1366","1377","1366","1368"
"6997","20230317","2157","2183","2117","2138","2145.6672","324200","695625300","2157","2183","2117","2158","2158","2166","2138","2138"
"6998","20230317","2640","2680","2637","2680","2657.7083","2400","6378500","2640","2666","2637","2646","2650","2680","2650","2680"
"6999","20230317","1813","1824","1788","1802","1803.2132","159000","286710900","1813","1824","1788","1805","1811","1818","1801","1802"
"7003","20230317","405","410","395","404","401.9455","1362300","547570300","405","410","395","397","397","407","397","404"
"7004","20230317","878","879","857","876","871.8249","829700","723353100","878","879","857","865","868","877","866","876"
"7011","20230317","4561","4584","4497","4520","4534.0011","2455600","11133693200","4561","4584","4497","4540","4540","4565","4518","4520"
"7012","20230317","2752","2757","2686","2719","2714.7137","1711300","4645689600","2752","2757","2692","2696","2691","2726","2686","2719"
"7013","20230317","3130","3150","3100","3130","3123.2935","1734800","5418289500","3130","3145","3100","3110","3115","3150","3110","3130"
"7014","20230317","342","345","326","326","329.7401","1349200","444885300","342","345","328","329","330","331","326","326"
"7018","20230317","1342","1370","1325","1354","1347.4706","5100","6872100","1342","1368","1325","1366","1361","1370","1353","1354"
"7021","20230317","1247","1260","1247","1260","1250.25","400","500100","-","-","-","-","1247","1260","1247","1260"
"7022","20230317","130","131","129","130","129.4785","123500","15990600","130","131","129","129","129","130","129","130"
"7030","20230317","864","881","864","879","874.4176","18200","15914400","864","879","864","871","871","881","871","879"
"7031","20230317","1455","1530","1455","1515","1499.4804","91800","137652300","1455","1530","1455","1521","1521","1521","1499","1515"
"7033","20230317","2686","2970","2646","2925","2859.1366","371100","1061025600","2686","2913","2646","2903","2905","2970","2904","2925"
"7034","20230317","499","499","475","495","488.521","30900","15095300","499","499","475","486","490","495","485","495"
"7035","20230317","358","361","358","359","358.7463","6700","2403600","358","358","358","358","358","361","358","359"
"7036","20230317","1311","1422","1311","1399","1382.7576","3300","4563100","1311","1340","1311","1340","1351","1422","1351","1399"
"7037","20230317","779","803","779","793","792.8606","37300","29573700","779","802","779","796","793","803","792","793"
"7038","20230317","978","995","965","974","977.8998","168700","164971700","978","988","965","980","984","995","974","974"
"7039","20230317","2522","2550","2505","2536","2532.1655","13900","35197100","2522","2550","2505","2535","2527","2546","2520","2536"
"7040","20230317","880","880","880","880","880","700","616000","880","880","880","880","-","-","-","-"
"7041","20230317","586","599","585","589","591.3842","17700","10467500","586","599","585","595","595","598","589","589"
"7042","20230317","955","1075","836","1075","1008.8845","1509000","1522406700","955","1029","836","1027","1075","1075","949","1075"
"7043","20230317","1527","1527","1479","1514","1500.7778","7200","10805600","1527","1527","1479","1493","1485","1520","1480","1514"
"7044","20230317","560","587","560","575","577.1361","97700","56386200","560","585","560","585","579","587","571","575"
"7046","20230317","2337","2430","2278","2391","2384.8627","35700","85139600","2337","2389","2278","2389","2384","2430","2381","2391"
"7047","20230317","1481","1616","1478","1602","1571.3323","420100","660116700","1481","1578","1478","1576","1579","1616","1578","1602"
"7048","20230317","651","656","626","637","641.0015","538900","345435700","651","656","626","640","641","650","635","637"
"7049","20230317","515","533","512","533","526.4504","13100","6896500","515","533","512","526","526","533","525","533"
"7050","20230317","2229","2287","2180","2197","2216.8684","26600","58968700","2229","2287","2210","2218","2250","2250","2180","2197"
"7057","20230317","1063","1069","1063","1064","1065.1667","600","639100","-","-","-","-","1063","1069","1063","1064"
"7058","20230317","2914","2927","2914","2920","2916.4615","1300","3791400","2914","2914","2914","2914","2927","2927","2920","2920"
"7059","20230317","1279","1320","1224","1312","1288.8408","71000","91507700","1279","1313","1224","1306","1306","1320","1303","1312"
"7060","20230317","1191","1248","1191","1217","1218.9297","58300","71063600","1191","1248","1191","1218","1218","1230","1208","1217"
"7061","20230317","3035","3165","2991","3160","3092.4423","72800","225129800","3035","3145","2991","3140","3150","3165","3135","3160"
"7062","20230317","851","870","851","870","861.2609","2300","1980900","851","867","851","862","862","870","861","870"
"7063","20230317","1626","1654","1570","1631","1617.3823","87100","140874000","1626","1642","1570","1610","1610","1654","1610","1631"
"7064","20230317","3505","3705","3505","3615","3610.9283","23700","85579000","3505","3635","3505","3615","3615","3705","3615","3615"
"7065","20230317","2144","2180","2080","2180","2143.514","28600","61304500","2144","2180","2080","2123","2150","2180","2123","2180"
"7066","20230317","1090","1105","1055","1095","1083.4638","96600","104662600","1090","1105","1055","1070","1084","1100","1073","1095"
"7067","20230317","1231","1245","1199","1237","1225.9167","1200","1471100","1231","1231","1199","1216","1245","1245","1237","1237"
"7068","20230317","587","616","587","616","603.2382","86900","52421400","587","611","587","608","608","616","608","616"
"7069","20230317","1340","1371","1331","1344","1342.6607","5600","7518900","1340","1355","1331","1355","1340","1371","1340","1344"
"7071","20230317","2950","2988","2904","2904","2917.8692","1244800","3632163600","2950","2988","2931","2943","2938","2948","2904","2904"
"7072","20230317","2170","2419","2170","2295","2292.5563","123500","283130700","2170","2419","2170","2395","2383","2383","2240","2295"
"7073","20230317","2830","2839","2700","2722","2755.1538","5200","14326800","2830","2839","2700","2700","2730","2755","2715","2722"
"7074","20230317","302","302","293","302","296.7193","11400","3382600","302","302","293","295","297","302","296","302"
"7077","20230317","970","970","965","965","969.4","1000","969400","970","970","969","969","970","970","965","965"
"7078","20230317","914","942","912","930","932.4291","202300","188630400","914","939","912","938","934","942","929","930"
"7079","20230317","4705","4750","4680","4700","4702.069","2900","13636000","4705","4720","4680","4685","4685","4750","4685","4700"
"7080","20230317","2380","2480","2380","2470","2450.4648","7100","17398300","2380","2459","2380","2430","2453","2480","2450","2470"
"7081","20230317","1500","1519","1500","1502","1507","1500","2260500","1500","1519","1500","1509","1503","1516","1502","1502"
"7082","20230317","1689","1775","1675","1770","1746.3455","41100","71774800","1689","1760","1675","1757","1755","1775","1732","1770"
"7083","20230317","665","665","648","648","653.6667","300","196100","665","665","648","648","648","648","648","648"
"7084","20230317","1088","1088","1005","1012","1024.2594","69000","70673900","1088","1088","1005","1009","1010","1023","1008","1012"
"7085","20230317","781","786","768","785","779.1281","120200","93651200","781","783","768","770","773","786","773","785"
"7086","20230317","1109","1130","1085","1099","1107.2279","62300","68980300","1109","1130","1102","1110","1108","1112","1085","1099"
"7087","20230317","990","1017","980","1009","1000.5397","25200","25213600","990","990","980","988","988","1017","982","1009"
"7088","20230317","896","896","882","882","884.3303","55400","48991900","896","896","883","883","883","885","882","882"
"7089","20230317","1744","1778","1692","1767","1736.4219","12800","22226200","1744","1753","1692","1745","1750","1778","1743","1767"
"7090","20230317","1604","1604","1500","1510","1544.8","500","772400","1604","1604","1500","1500","1510","1510","1510","1510"
"7091","20230317","1461","1485","1436","1436","1460.0364","5500","8030200","1461","1485","1461","1463","1462","1462","1436","1436"
"7092","20230317","1387","1435","1387","1417","1422.5871","57400","81656500","1387","1434","1387","1428","1430","1435","1415","1417"
"7093","20230317","1238","1260","1238","1256","1242.1579","1900","2360100","1238","1250","1238","1250","1260","1260","1256","1256"
"7094","20230317","3545","3665","3520","3625","3612.5078","96500","348607000","3545","3665","3520","3640","3635","3655","3605","3625"
"7095","20230317","14830","14830","14820","14830","14829.9861","72200","1070725000","14830","14830","14820","14820","14830","14830","14830","14830"
"7096","20230317","2514","2535","2500","2527","2516.7326","8600","21643900","2514","2535","2500","2534","2534","2534","2506","2527"
"7097","20230317","651","679","648","676","661.7219","16900","11183100","651","665","648","665","665","679","665","676"
"7102","20230317","1973","1973","1952","1952","1956.5882","5100","9978600","1973","1973","1956","1956","1963","1963","1952","1952"
"7105","20230317","796","818","792","816","801.8245","610900","489834600","796","816","792","800","800","818","798","816"
"7110","20230317","1215","1227","1180","1221","1209.8756","38600","46701200","1215","1221","1180","1211","1215","1227","1201","1221"
"7111","20230317","55","57","55","56","55.988","158700","8885300","55","57","55","56","57","57","56","56"
"7112","20230317","1081","1136","1081","1125","1119.2126","20700","23167700","1081","1136","1081","1130","1126","1135","1125","1125"
"7114","20230317","2035","2035","1961","1961","1988.1318","34900","69385800","2035","2035","1962","1983","2004","2010","1961","1961"
"7115","20230317","1060","1175","1045","1169","1104.8692","327900","362286600","1060","1100","1045","1098","1098","1175","1082","1169"
"7116","20230317","1791","1882","1753","1855","1836.9375","145600","267458100","1791","1869","1753","1831","1831","1882","1819","1855"
"7122","20230317","1435","1435","1364","1370","1391.6632","29100","40497400","1435","1435","1364","1365","1365","1375","1365","1370"
"7126","20230317","1175","1190","1163","1190","1175.9603","12600","14817100","1175","1188","1163","1181","1181","1190","1167","1190"
"7127","20230317","596","596","591","591","592.8088","13600","8062200","596","596","592","593","593","594","591","591"
"7128","20230317","2714","2735","2666","2697","2698.0544","62500","168628400","2714","2735","2687","2691","2695","2712","2666","2697"
"7129","20230317","1000","1010","995","996","999.0833","1200","1198900","1000","1000","997","997","995","1010","995","996"
"7130","20230317","1740","1755","1690","1704","1713","47300","81024900","1740","1755","1694","1698","1697","1713","1690","1704"
"7131","20230317","1072","1072","1053","1070","1066.7593","5400","5760500","1072","1072","1053","1070","1069","1071","1066","1070"
"7133","20230317","4590","4680","4560","4680","4610.7895","3800","17521000","4590","4590","4585","4590","4590","4680","4560","4680"
"7134","20230317","1922","1940","1900","1929","1921.4074","2700","5187800","1922","1940","1903","1929","1925","1929","1900","1929"
"7135","20230317","574","574","571","572","572.6129","9300","5325300","574","574","571","571","571","574","571","572"
"7138","20230317","1604","1619","1536","1574","1579.619","81100","128107100","1604","1619","1550","1578","1581","1600","1536","1574"
"7140","20230317","1234","1397","1220","1338","1330.3114","220000","292668500","1234","1397","1220","1318","1302","1365","1284","1338"
"7148","20230317","1095","1103","1076","1094","1091.534","749500","818104700","1095","1098","1076","1097","1096","1103","1091","1094"
"7150","20230317","495","495","477","491","487.0584","29100","14173400","495","495","477","478","478","491","478","491"
"7157","20230317","1125","1140","1101","1107","1113.2332","430500","479246900","1125","1140","1101","1107","1110","1118","1102","1107"
"7161","20230317","400","404","393","400","397.2836","53600","21294400","400","404","393","397","397","400","395","400"
"7162","20230317","227","230","226","228","227.1487","26900","6110300","227","230","227","228","229","229","226","228"
"7164","20230317","5310","5310","5220","5260","5269.4475","293200","1545002000","5310","5310","5220","5230","5260","5270","5240","5260"
"7167","20230317","333","334","322","327","326.8599","10225600","3342339000","333","334","322","325","324","329","324","327"
"7172","20230317","1033","1033","1025","1028","1028.0133","30100","30943200","1033","1033","1025","1026","1026","1030","1025","1028"
"7173","20230317","2568","2608","2513","2574","2557.7676","321000","821043400","2568","2608","2513","2529","2530","2586","2530","2574"
"7175","20230317","761","767","761","767","765.5","400","306200","761","767","761","767","-","-","-","-"
"7177","20230317","559","568","558","565","564.1037","332700","187677300","559","564","558","561","562","568","561","565"
"7180","20230317","482","485","467","474","473.6316","3009200","1425252300","482","485","467","471","470","476","470","474"
"7181","20230317","2125","2127","2100","2117","2114.9686","1559200","3297659100","2125","2125","2100","2114","2119","2127","2115","2117"
"7182","20230317","1115","1131","1109","1124","1121.692","72874900","81743191300","1115","1130","1110","1120","1119","1131","1109","1124"
"7183","20230317","258","262","258","259","259.5154","22700","5891000","258","262","258","260","259","260","259","259"
"7184","20230317","596","608","579","583","587.1729","1222400","717760200","596","608","580","584","582","586","579","583"
"7185","20230317","2579","2602","2579","2597","2594.5957","4700","12194600","2579","2600","2579","2600","2598","2602","2590","2597"
"7186","20230317","495","496","483","488","487.9569","9109100","4444848200","495","496","483","488","488","489","486","488"
"7187","20230317","2049","2137","2049","2120","2108.2984","176600","372325500","2049","2137","2049","2130","2128","2131","2104","2120"
"7189","20230317","1042","1044","1007","1023","1020.1937","884300","902157300","1042","1044","1007","1013","1013","1027","1012","1023"
"7191","20230317","985","1000","968","984","982.7591","57700","56705200","985","1000","979","981","977","987","968","984"
"7192","20230317","760","767","750","758","754.8653","61600","46499700","760","767","750","752","752","758","751","758"
"7196","20230317","799","806","799","802","802.8396","10600","8510100","799","806","799","804","803","805","802","802"
"7198","20230317","1089","1098","1081","1082","1086.3173","135500","147196000","1089","1098","1081","1087","1085","1089","1081","1082"
"7199","20230317","1566","1619","1558","1610","1595.6635","177100","282592000","1566","1602","1558","1602","1603","1619","1597","1610"
"7201","20230317","470","472.6","458.1","470.7","465.6259","29162100","13578630200","470","472.6","458.1","461.4","462.2","471.6","462.1","470.7"
"7202","20230317","1553","1564","1527","1557","1550.6873","2613100","4052101000","1553","1562","1527","1547","1549","1564","1546","1557"
"7203","20230317","1790","1798","1776","1786","1785.0935","36599800","65334064950","1790","1798","1776","1777","1777","1790","1776","1786"
"7205","20230317","514","515","503","511","509.678","2356000","1200801400","514","515","503","508","508","513","508","511"
"7208","20230317","769","774","769","774","770.5","800","616400","769","771","769","771","771","774","771","774"
"7211","20230317","487","490","473","480","480.0115","15897200","7630839300","487","490","473","478","478","485","478","480"
"7212","20230317","630","631","616","621","620.6527","59600","36990900","630","631","616","617","617","623","617","621"
"7213","20230317","473","483","471","481","477.8111","9000","4300300","473","479","471","477","479","483","479","481"
"7214","20230317","855","865","837","846","846.0202","19800","16751200","855","865","837","842","853","853","842","846"
"7215","20230317","583","592","583","591","587.7619","6300","3702900","583","590","583","586","588","592","588","591"
"7217","20230317","886","887","886","887","886.6667","300","266000","-","-","-","-","886","887","886","887"
"7218","20230317","686","704","686","698","694","1300","902200","686","704","686","700","698","698","698","698"
"7219","20230317","1861","1861","1821","1821","1828.1667","600","1096900","1861","1861","1861","1861","1823","1823","1821","1821"
"7220","20230317","1676","1706","1661","1677","1676.1694","327700","549280700","1676","1706","1661","1666","1669","1683","1668","1677"
"7222","20230317","847","852","829","829","837.5832","90700","75968800","847","852","832","833","833","837","829","829"
"7224","20230317","1169","1183","1159","1164","1170.7331","518500","607025100","1169","1183","1160","1162","1162","1175","1159","1164"
"7226","20230317","1543","1552","1540","1546","1545.4415","70900","109571800","1543","1552","1540","1545","1545","1550","1543","1546"
"7228","20230317","3170","3200","3150","3160","3166.25","1600","5066000","3170","3200","3170","3180","3165","3170","3150","3160"
"7229","20230317","1724","1741","1724","1740","1734.875","800","1387900","1724","1736","1724","1736","1740","1741","1736","1740"
"7231","20230317","1897","1905","1832","1837","1850.6777","72600","134359200","1897","1905","1832","1838","1835","1849","1833","1837"
"7235","20230317","506","522","502","510","507.5191","31400","15936100","506","522","502","505","506","514","505","510"
"7236","20230317","2265","2282","2242","2252","2259.0728","82400","186147600","2265","2276","2252","2261","2256","2282","2242","2252"
"7238","20230317","141","142","139","139","139.7553","1432500","200199500","141","142","139","140","140","142","139","139"
"7239","20230317","1181","1181","1154","1165","1163.7154","244200","284179300","1181","1181","1154","1160","1160","1167","1158","1165"
"7240","20230317","1342","1350","1318","1326","1327.8065","787800","1046046000","1342","1350","1321","1329","1327","1329","1318","1326"
"7241","20230317","400","400","382","385","386.0404","923600","356546900","400","400","386","386","385","390","382","385"
"7242","20230317","3800","3805","3720","3725","3740.6311","103000","385285000","3800","3805","3720","3725","3725","3755","3725","3725"
"7244","20230317","410","416","399","402","403.656","520400","210062600","410","416","402","406","406","407","399","402"
"7245","20230317","504","506","497","504","502.5167","92900","46683800","504","506","497","500","500","504","500","504"
"7246","20230317","482","484","473","475","475.8757","435900","207434200","482","484","473","476","476","478","475","475"
"7247","20230317","321","325","319","320","320.9272","155200","49807900","321","325","319","319","319","321","319","320"
"7250","20230317","1112","1116","1090","1103","1100.0057","105400","115940600","1112","1116","1090","1096","1099","1103","1096","1103"
"7254","20230317","402","409","395","398","401.6515","103300","41490600","402","409","395","399","398","409","398","398"
"7255","20230317","490","490","490","490","490","900","441000","490","490","490","490","490","490","490","490"
"7256","20230317","186","189","184","187","186.6424","313500","58512400","186","188","184","188","188","189","186","187"
"7259","20230317","3485","3500","3445","3460","3462.7793","1082100","3747073500","3485","3500","3450","3460","3455","3470","3445","3460"
"7261","20230317","1162","1167","1131","1143","1143.0978","6442000","7363836300","1162","1167","1131","1138","1137","1147","1137","1143"
"7264","20230317","1122","1126","1111","1125","1122.2727","1100","1234500","1122","1126","1122","1126","1125","1125","1111","1125"
"7265","20230317","2559","2561","2559","2560","2559.75","400","1023900","-","-","-","-","2559","2561","2559","2560"
"7266","20230317","742","752","732","734","738.547","69100","51033600","742","752","732","737","740","743","734","734"
"7267","20230317","3365","3383","3336","3360","3358.5892","7214700","24231213200","3365","3383","3336","3342","3347","3373","3346","3360"
"7268","20230317","245","245","243","245","243.5714","2800","682000","245","245","243","243","243","245","243","245"
"7269","20230317","4500","4509","4425","4509","4493.3677","1504800","6761619700","4500","4500","4425","4474","4474","4509","4470","4509"
"7270","20230317","2040","2057","2007","2031","2025.92","3418600","6925810050","2040","2057","2007","2016.5","2021","2032.5","2017.5","2031"
"7271","20230317","1078","1170","1041","1048","1083.2677","289900","314039300","1078","1170","1041","1060","1061","1100","1047","1048"
"7272","20230317","3175","3190","3110","3175","3158.3542","2079500","6567797500","3175","3190","3110","3140","3140","3175","3135","3175"
"7273","20230317","1660","1660","1630","1634","1643.4375","3200","5259000","1660","1660","1660","1660","1653","1653","1630","1634"
"7276","20230317","2274","2289","2243","2264","2261.4147","875000","1978737900","2274","2289","2243","2244","2248","2268","2244","2264"
"7277","20230317","261","265","260","265","262.8785","60100","15799000","261","264","260","262","262","265","262","265"
"7278","20230317","1754","1759","1725","1731","1733.5624","109000","188958300","1754","1759","1725","1729","1733","1738","1730","1731"
"7279","20230317","1150","1161","1134","1145","1144.2818","29100","33298600","1150","1161","1134","1147","1143","1150","1143","1145"
"7280","20230317","463","473","455","457","458.9777","669100","307102000","463","473","455","458","458","464","455","457"
"7282","20230317","2133","2147","2096","2115","2113.2542","379300","801557300","2133","2147","2096","2103","2115","2119","2101","2115"
"7283","20230317","849","849","824","833","832.1379","356700","296823600","849","849","824","827","826","837","825","833"
"7284","20230317","974","974","968","968","969.9286","2800","2715800","974","974","969","969","970","970","968","968"
"7287","20230317","852","853","827","829","833.0462","151600","126289800","852","853","830","831","834","834","827","829"
"7291","20230317","405","405","395","399","397.7664","53500","21280500","405","405","395","396","396","399","395","399"
"7292","20230317","2831","2831","2708","2738","2749.1818","5500","15120500","2831","2831","2708","2759","2733","2766","2714","2738"
"7294","20230317","775","780","762","768","767.5838","57900","44443100","775","780","762","762","764","770","763","768"
"7296","20230317","1457","1463","1428","1435","1438.2936","220700","317431400","1457","1463","1428","1432","1434","1441","1432","1435"
"7297","20230317","898","898","879","879","883.1081","3700","3267500","898","898","880","880","879","881","879","879"
"7298","20230317","1080","1100","1033","1068","1060.6325","230200","244157600","1080","1100","1033","1037","1045","1070","1041","1068"
"7299","20230317","3135","3170","3130","3145","3138.75","6000","18832500","3135","3170","3135","3135","3155","3170","3130","3145"
"7305","20230317","2330","2365","2281","2301","2305.8056","131200","302521700","2330","2365","2281","2288","2291","2309","2289","2301"
"7309","20230317","21120","21400","21070","21275","21243.2203","280100","5950226000","21120","21280","21070","21205","21220","21400","21205","21275"
"7313","20230317","1632","1633","1601","1612","1618.0298","392700","635400300","1632","1633","1601","1605","1611","1621","1609","1612"
"7314","20230317","513","517","509","509","513","500","256500","-","-","-","-","513","517","509","509"
"7315","20230317","530","530","522","527","525.4247","18600","9772900","530","530","522","523","523","527","522","527"
"7317","20230317","1380","1380","1325","1348","1357.7333","1500","2036600","1380","1380","1325","1351","1348","1348","1348","1348"
"7318","20230317","835","837","835","837","836.0909","1100","919700","835","835","835","835","837","837","837","837"
"7320","20230317","2015","2105","2015","2089","2080","30800","64064000","2015","2104","2015","2100","2100","2105","2082","2089"
"7322","20230317","1598","1604","1554","1571","1571.8953","76400","120092800","1598","1604","1554","1562","1560","1580","1560","1571"
"7325","20230317","757","759","757","757","757.7857","2800","2121800","757","758","757","758","758","759","757","757"
"7326","20230317","883","896","880","892","887.1736","12100","10734800","883","892","883","886","880","896","880","892"
"7327","20230317","2931","2943","2860","2888","2890.2678","140800","406949700","2931","2943","2860","2878","2880","2907","2873","2888"
"7337","20230317","646","650","640","648","646.0229","1364300","881369000","646","650","640","645","645","650","644","648"
"7338","20230317","766","777","766","770","766.8261","2300","1763700","766","777","766","777","770","770","770","770"
"7342","20230317","1136","1204","1133","1199","1174.0429","649700","762775700","1136","1175","1133","1167","1168","1204","1168","1199"
"7343","20230317","1080","1080","1059","1075","1070.3824","3400","3639300","1080","1080","1065","1066","1069","1075","1059","1075"
"7345","20230317","476","484","470","484","477.0408","4900","2337500","476","478","470","478","476","484","475","484"
"7347","20230317","668","702","668","694","691.0405","69200","47820000","668","697","668","696","693","702","693","694"
"7350","20230317","2122","2140","2067","2099","2092.567","73900","154640700","2122","2140","2067","2085","2090","2108","2085","2099"
"7351","20230317","591","627","586","625","613.249","51400","31521000","591","621","586","620","624","627","618","625"
"7352","20230317","815","831","807","817","822.1585","24600","20225100","815","831","807","822","822","831","817","817"
"7353","20230317","909","950","863","928","914.888","98200","89842000","909","935","863","928","928","950","909","928"
"7354","20230317","1316","1330","1292","1317","1315.914","108100","142250300","1316","1324","1292","1322","1320","1330","1311","1317"
"7356","20230317","217","223","213","215","218.3519","102300","22337400","217","223","213","222","221","221","215","215"
"7357","20230317","543","548","543","548","546.3333","300","163900","543","543","543","543","548","548","548","548"
"7358","20230317","1750","1795","1750","1786","1782.9308","13000","23178100","1750","1790","1750","1787","1781","1795","1781","1786"
"7359","20230317","2711","2769","2436","2654","2589.8181","910400","2357770400","2711","2769","2436","2540","2540","2738","2540","2654"
"7360","20230317","1200","1201","1187","1191","1198.1944","3600","4313500","1200","1200","1199","1200","1199","1201","1187","1191"
"7361","20230317","2050","2120","2040","2103","2078.5944","14300","29723900","2050","2096","2040","2096","2085","2120","2059","2103"
"7362","20230317","1517","1663","1510","1663","1538.7077","6500","10001600","1517","1534","1510","1530","1522","1663","1522","1663"
"7363","20230317","2221","2221","2220","2220","2220.5","200","444100","2221","2221","2221","2221","2220","2220","2220","2220"
"7366","20230317","2478","2573","2473","2564","2543.2688","116800","297053800","2478","2534","2473","2529","2531","2573","2527","2564"
"7367","20230317","787","787","764","772","774.6162","38300","29667800","787","787","764","777","774","780","772","772"
"7368","20230317","1311","1313","1309","1313","1311.4706","1700","2229500","1311","1313","1309","1313","1313","1313","1310","1313"
"7369","20230317","1183","1190","1155","1155","1177.1538","1300","1530300","1183","1190","1170","1190","1160","1160","1155","1155"
"7370","20230317","1201","1228","1167","1208","1204.4616","281600","339176400","1201","1216","1167","1206","1205","1228","1205","1208"
"7371","20230317","706","714","686","698","700.9658","40900","28669500","706","714","686","705","704","706","694","698"
"7372","20230317","1183","1208","1163","1180","1182.4643","11200","13243600","1183","1185","1163","1181","1171","1208","1171","1180"
"7373","20230317","4050","4195","4045","4160","4137.1866","73400","303669500","4050","4170","4045","4170","4180","4195","4130","4160"
"7374","20230317","1766","1793","1757","1793","1772.6957","4600","8154400","1766","1788","1766","1773","1758","1793","1757","1793"
"7375","20230317","1977","2065","1977","2061","2033.028","39300","79898000","1977","2062","1977","2056","2056","2065","2048","2061"
"7376","20230317","1599","1599","1599","1599","1599","100","159900","-","-","-","-","1599","1599","1599","1599"
"7377","20230317","1347","1372","1347","1372","1359.7857","1400","1903700","1347","1360","1347","1359","1349","1372","1349","1372"
"7378","20230317","716","739","716","739","730.6911","159300","116399100","716","737","716","732","736","739","729","739"
"7379","20230317","1157","1180","1090","1121","1125.8774","108500","122157700","1157","1180","1090","1142","1141","1151","1115","1121"
"7380","20230317","2932","2938","2845","2896","2884.1479","150100","432910600","2932","2938","2845","2863","2871","2905","2854","2896"
"7381","20230317","3965","4020","3910","3955","3953.9255","103300","408440500","3965","4020","3910","3945","3945","3975","3930","3955"
"7383","20230317","535","536","518","527","527.309","232700","122704800","535","536","518","526","528","533","527","527"
"7384","20230317","2065","2070","2026","2054","2051.3454","58200","119388300","2065","2070","2026","2032","2039","2063","2039","2054"
"7386","20230317","3240","3440","3200","3430","3364.3125","48000","161487000","3240","3410","3200","3320","3320","3440","3320","3430"
"7388","20230317","5300","5430","5220","5400","5363.3117","61600","330380000","5300","5430","5220","5380","5390","5420","5370","5400"
"7389","20230317","2211","2229","2152","2200","2192.5319","307000","673107300","2211","2229","2152","2186","2186","2209","2180","2200"
"7399","20230317","497","500","497","500","499.1111","2700","1347600","497","497","497","497","499","500","499","500"
"7408","20230317","1609","1643","1597","1621","1614.2639","176200","284433300","1609","1643","1597","1599","1603","1622","1597","1621"
"7412","20230317","824","833","823","830","829.9073","422000","350220900","824","833","823","831","831","832","828","830"
"7413","20230317","2125","2125","2110","2110","2118.2","500","1059100","2125","2125","2125","2125","2125","2125","2110","2110"
"7414","20230317","1503","1510","1488","1502","1497.9126","119000","178251600","1503","1510","1488","1499","1500","1506","1495","1502"
"7416","20230317","492","492","490","492","490.8582","13400","6577500","492","492","490","491","491","492","490","492"
"7417","20230317","2190","2238","2190","2235","2214.6866","13400","29676800","2190","2219","2190","2204","2209","2238","2209","2235"
"7419","20230317","1364","1384","1360","1376","1370.0444","216300","296340600","1364","1377","1362","1362","1364","1384","1360","1376"
"7420","20230317","1707","1735","1661","1681","1681.9784","101900","171393600","1707","1735","1661","1670","1676","1683","1672","1681"
"7421","20230317","1467","1476","1465","1474","1472.3127","76100","112043000","1467","1475","1465","1472","1472","1476","1471","1474"
"7422","20230317","-","-","-","-","-","-","-","-","-","-","-","-","-","-","-"
"7425","20230317","2467","2470","2450","2470","2467.3","1000","2467300","2467","2470","2467","2470","2470","2470","2450","2470"
"7426","20230317","935","935","935","935","935","300","280500","935","935","935","935","-","-","-","-"
"7427","20230317","811","817","800","811","808.5962","26000","21023500","811","817","800","800","801","813","801","811"
"7433","20230317","5200","5240","5040","5040","5080.1925","316900","1609913000","5200","5240","5040","5060","5060","5090","5040","5040"
"7434","20230317","1560","1629","1514","1533","1543.6196","9200","14201300","1560","1629","1530","1539","1520","1533","1514","1533"
"7435","20230317","935","943","929","940","932.625","20800","19398600","935","943","930","933","929","941","929","940"
"7438","20230317","1003","1014","990","1011","1005.1788","94500","94989400","1003","1012","990","1008","1009","1014","998","1011"
"7442","20230317","340","346","340","346","343.4973","18500","6354700","340","342","340","342","342","346","341","346"
"7443","20230317","557","560","556","557","558.1667","3600","2009400","557","560","556","557","557","558","556","557"
"7444","20230317","1640","1649","1640","1649","1646.3125","1600","2634100","1640","1640","1640","1640","1647","1649","1640","1649"
"7445","20230317","565","565","557","560","560.1196","48500","27165800","565","565","557","558","558","562","557","560"
"7446","20230317","-","-","-","-","-","-","-","-","-","-","-","-","-","-","-"
"7447","20230317","1973","1980","1962","1979","1974.92","17500","34561100","1973","1974","1962","1970","1972","1980","1969","1979"
"7450","20230317","1219","1219","1219","1219","1219","300","365700","1219","1219","1219","1219","1219","1219","1219","1219"
"7451","20230317","3215","3245","3165","3185","3194.8854","148400","474121000","3215","3245","3165","3200","3185","3220","3185","3185"
"7453","20230317","1424","1433","1408","1417","1417.5264","1221300","1731225000","1424","1433","1412","1414","1414","1418","1408","1417"
"7455","20230317","304","320","304","320","313.36","101100","31680700","304","313","304","312","311","320","311","320"
"7456","20230317","2234","2242","2197","2198","2210.0042","120100","265421500","2234","2242","2202","2208","2208","2215","2197","2198"
"7458","20230317","4185","4250","4185","4220","4208.5412","165200","695251000","4185","4250","4185","4215","4230","4245","4220","4220"
"7459","20230317","1824","1825","1807","1814","1814.4187","469800","852413900","1824","1825","1811","1814","1814","1816","1807","1814"
"7460","20230317","1255","1262","1252","1262","1255.5625","1600","2008900","1255","1255","1252","1252","1252","1262","1252","1262"
"7461","20230317","532","536","532","536","535.3636","1100","588900","-","-","-","-","532","536","532","536"
"7462","20230317","-","-","-","-","-","-","-","-","-","-","-","-","-","-","-"
"7463","20230317","951","970","943","970","957.3703","109100","104449100","951","967","943","959","961","970","961","970"
"7464","20230317","8010","8500","8010","8270","8325.8333","1200","9991000","8010","8500","8010","8270","-","-","-","-"
"7466","20230317","1596","1617","1596","1613","1611.0471","8500","13693900","1596","1616","1596","1612","1617","1617","1607","1613"
"7467","20230317","2981","2981","2883","2927","2917.8558","20800","60691400","2981","2981","2888","2898","2883","2935","2883","2927"
"7472","20230317","2870","2891","2870","2890","2887.2857","700","2021100","2870","2891","2870","2891","2890","2890","2890","2890"
"7475","20230317","2454","2456","2427","2427","2446.903","16500","40373900","2454","2456","2440","2440","2441","2441","2427","2427"
"7476","20230317","5200","5260","5190","5210","5224.6931","156400","817142000","5200","5260","5190","5240","5240","5250","5200","5210"
"7477","20230317","-","-","-","-","-","-","-","-","-","-","-","-","-","-","-"
"7480","20230317","2715","2742","2703","2708","2713.1565","11500","31201300","2715","2742","2705","2705","2705","2717","2703","2708"
"7481","20230317","1060","1066","1059","1066","1062.85","4000","4251400","1060","1064","1059","1062","1062","1066","1061","1066"
"7482","20230317","982","985","976","977","980.2865","37700","36956800","982","985","978","981","981","983","976","977"
"7483","20230317","1930","1930","1900","1913","1919.8249","84500","162225200","1930","1930","1900","1909","1915","1921","1909","1913"
"7486","20230317","690","690","690","690","690","600","414000","690","690","690","690","690","690","690","690"
"7487","20230317","1698","1710","1698","1700","1703.9091","7700","13120100","1698","1710","1698","1703","1703","1709","1700","1700"
"7490","20230317","919","926","915","926","917.7619","2100","1927300","919","919","917","919","917","926","915","926"
"7494","20230317","356","357","352","354","354.1623","77000","27270500","356","357","353","354","354","354","352","354"
"7500","20230317","5200","5250","5200","5250","5226","500","2613000","5200","5250","5200","5250","-","-","-","-"
"7501","20230317","742","750","731","738","743.4375","1600","1189500","742","745","731","740","750","750","738","738"
"7502","20230317","416","423","416","418","417.6364","2200","918800","416","417","416","417","418","423","418","418"
"7504","20230317","1927","1946","1926","1933","1930.8219","32000","61786300","1927","1942","1926","1938","1943","1946","1933","1933"
"7505","20230317","1091","1100","1091","1100","1094.4","500","547200","1091","1091","1091","1091","1099","1100","1099","1100"
"7506","20230317","1661","1663","1655","1656","1659.05","2000","3318100","1661","1663","1655","1658","1663","1663","1656","1656"
"7508","20230317","1442","1446","1401","1403","1411.8263","35700","50402200","1442","1446","1407","1408","1406","1410","1401","1403"
"7509","20230317","-","-","-","-","-","-","-","-","-","-","-","-","-","-","-"
"7510","20230317","1682","1684","1664","1671","1679.2997","90100","151304900","1682","1684","1664","1664","1664","1675","1664","1671"
"7512","20230317","803","805","799","804","802.4229","271900","218178800","803","805","799","802","803","804","800","804"
"7513","20230317","540","544","540","543","542.1687","58700","31825300","540","544","540","542","542","543","541","543"
"7514","20230317","917","919","911","915","914.7778","13500","12349500","917","917","912","912","912","919","911","915"
"7515","20230317","-","-","-","-","-","-","-","-","-","-","-","-","-","-","-"
"7516","20230317","3160","3200","3145","3185","3180.2092","169700","539681500","3160","3200","3145","3195","3185","3195","3180","3185"
"7518","20230317","2954","3010","2945","3005","2988.5633","339400","1014318400","2954","2998","2945","2997","3000","3010","2995","3005"
"7520","20230317","1834","1835","1812","1812","1820.713","10800","19663700","1834","1835","1826","1826","1821","1827","1812","1812"
"7521","20230317","1550","1550","1541","1550","1547","2100","3248700","1550","1550","1541","1548","1546","1550","1546","1550"
"7522","20230317","885","898","885","897","891.4048","62500","55712800","885","898","885","893","893","898","893","897"
"7523","20230317","615","618","614","617","616.2381","2100","1294100","615","618","615","618","617","618","614","617"
"7524","20230317","390","391","390","390","390.129","3100","1209400","390","391","390","391","390","391","390","390"
"7525","20230317","2512","2535","2495","2503","2505.3504","11700","29312600","2512","2535","2495","2496","2496","2508","2496","2503"
"7527","20230317","83","85","83","84","83.6877","350600","29340900","83","85","83","84","83","85","83","84"
"7531","20230317","1495","1495","1495","1495","1495","400","598000","1495","1495","1495","1495","-","-","-","-"
"7532","20230317","2530","2537","2483","2491","2499.1871","1943400","4856920200","2530","2537","2488","2493","2501","2503","2483","2491"
"7537","20230317","1410","1425","1271","1340","1327.0709","1241200","1647160400","1410","1425","1271","1298","1300","1356","1298","1340"
"7538","20230317","269","270","265","268","269.2195","4100","1103800","269","270","269","270","270","270","265","268"
"7539","20230317","1010","1025","1006","1006","1013.4565","4600","4661900","1010","1022","1010","1022","1024","1025","1006","1006"
"7544","20230317","281","282","280","281","281.5686","5100","1436000","281","281","280","280","281","282","280","281"
"7545","20230317","1599","1613","1593","1607","1606.586","133100","213836600","1599","1613","1593","1607","1607","1610","1604","1607"
"7550","20230317","4015","4085","4010","4065","4042.8546","693100","2802102500","4015","4075","4010","4075","4080","4085","4065","4065"
"7551","20230317","701","701","673","687","684.3714","56000","38324800","701","701","673","686","683","689","676","687"
"7552","20230317","1862","1891","1862","1887","1873.4101","194100","363628900","1862","1891","1862","1878","1883","1890","1875","1887"
"7554","20230317","1072","1083","1072","1078","1078.0183","21800","23500800","1072","1083","1072","1082","1082","1083","1078","1078"
"7555","20230317","766","770","759","759","762.9091","1100","839200","766","770","760","760","759","759","759","759"
"7559","20230317","1365","1365","1365","1365","1365","300","409500","1365","1365","1365","1365","1365","1365","1365","1365"
"7561","20230317","736","761","736","756","750.3469","73500","55150500","736","761","736","751","736","757","736","756"
"7562","20230317","7230","7230","7210","7210","7220","600","4332000","7230","7230","7220","7220","7220","7220","7210","7210"
"7564","20230317","5220","5250","5150","5220","5218.1181","1725900","9005950000","5220","5250","5150","5220","5240","5250","5180","5220"
"7565","20230317","3065","3105","3065","3080","3086.4286","700","2160500","3065","3105","3065","3105","3090","3100","3080","3080"
"7567","20230317","531","536","521","528","526.613","52200","27489200","531","536","521","527","529","531","523","528"
"7570","20230317","1125","1126","1108","1126","1120.8329","39500","44272900","1125","1125","1108","1115","1119","1126","1113","1126"
"7571","20230317","77","80","77","79","77.9736","140000","10916300","77","79","77","79","79","80","78","79"
"7575","20230317","936","948","933","944","943.0163","251200","236885700","936","946","933","946","948","948","942","944"
"7578","20230317","111","112","111","111","111.6275","10200","1138600","111","112","111","111","112","112","111","111"
"7581","20230317","3290","3330","3270","3315","3306.9267","181400","599876500","3290","3300","3270","3280","3295","3330","3290","3315"
"7585","20230317","387","387","379","380","381.75","1600","610800","387","387","379","380","379","381","379","380"
"7590","20230317","716","717","684","691","693.8005","161400","111979400","716","717","684","690","693","698","690","691"
"7593","20230317","498","500","492","494","494.8651","229100","113373600","498","500","492","493","494","497","493","494"
"7595","20230317","3690","3690","3575","3620","3620.8","35000","126728000","3690","3690","3590","3590","3590","3645","3575","3620"
"7596","20230317","2103","2122","2101","2101","2108.7895","3800","8013400","2103","2122","2103","2122","2113","2122","2101","2101"
"7599","20230317","830","840","822","833","832.0959","253400","210853100","830","838","822","838","840","840","832","833"
"7600","20230317","1030","1038","1015","1023","1020.1791","44100","44989900","1030","1038","1015","1018","1017","1024","1015","1023"
"7601","20230317","131","132","130","131","131.2406","39900","5236500","131","132","131","131","131","132","130","131"
"7602","20230317","192","192","191","192","191.75","8000","1534000","192","192","191","192","192","192","191","192"
"7603","20230317","376","376","374","374","374.9615","2600","974900","376","376","375","375","375","375","374","374"
"7604","20230317","981","988","980","988","982.6143","7000","6878300","981","987","980","984","985","988","984","988"
"7605","20230317","1269","1290","1269","1281","1275.371","24800","31629200","1269","1282","1269","1276","1276","1290","1276","1281"
"7606","20230317","1827","1843","1815","1835","1831.3715","286100","523955400","1827","1841","1815","1833","1833","1843","1829","1835"
"7607","20230317","2064","2079","2035","2063","2060.73","23700","48839300","2064","2079","2035","2058","2058","2064","2053","2063"
"7608","20230317","551","565","545","562","557.0278","122200","68068800","551","565","545","563","563","565","556","562"
"7609","20230317","2510","2530","2468","2491","2488.7382","31700","78893000","2510","2530","2468","2487","2483","2502","2473","2491"
"7610","20230317","173","174","166","168","169.0975","4442000","751131300","173","174","166","168","168","170","167","168"
"7611","20230317","2111","2116","2095","2105","2108.6289","51200","107961800","2111","2116","2106","2111","2111","2115","2095","2105"
"7613","20230317","1331","1352","1316","1320","1324.2224","221700","293580100","1331","1352","1316","1319","1321","1332","1318","1320"
"7614","20230317","1067","1081","1067","1080","1075.575","4000","4302300","1067","1070","1067","1070","1069","1081","1069","1080"
"7615","20230317","200","200","199","199","199.2579","19000","3785900","200","200","199","200","200","200","199","199"
"7616","20230317","1962","1974","1953","1970","1965.8713","254800","500904000","1962","1966","1953","1966","1967","1974","1965","1970"
"7618","20230317","293","299","293","296","294.7693","220200","64908200","293","299","293","295","296","298","296","296"
"7619","20230317","618","618","607","616","613.044","9100","5578700","618","618","607","607","608","616","607","616"
"7621","20230317","3115","3130","3115","3120","3120.625","1600","4993000","3115","3125","3115","3125","3120","3130","3120","3120"
"7623","20230317","726","750","724","729","737.1633","39800","29339100","726","750","726","742","742","747","724","729"
"7624","20230317","150","151","149","151","149.9957","70400","10559700","150","150","149","149","150","151","149","151"
"7625","20230317","371","383","371","377","377.9664","14900","5631700","371","382","371","381","381","383","375","377"
"7628","20230317","1530","1533","1510","1510","1521.1641","12800","19470900","1530","1530","1525","1528","1533","1533","1510","1510"
"7630","20230317","4900","4945","4880","4930","4923.0332","57200","281597500","4900","4935","4880","4915","4920","4945","4915","4930"
"7634","20230317","3970","3970","3900","3900","3946.6667","300","1184000","3970","3970","3970","3970","3900","3900","3900","3900"
"7635","20230317","1045","1045","1034","1040","1042.8621","2900","3024300","1045","1045","1034","1040","1045","1045","1040","1040"
"7636","20230317","1078","1104","1078","1082","1087.4545","1100","1196200","1078","1082","1078","1082","1082","1104","1082","1082"
"7637","20230317","2580","2580","2540","2546","2552.7537","13400","34206900","2580","2580","2551","2552","2541","2567","2540","2546"
"7638","20230317","1741","1788","1740","1784","1767.1499","50700","89594500","1741","1769","1740","1760","1760","1788","1756","1784"
"7640","20230317","198","200","192","196","194.838","17900","3487600","198","198","192","193","192","200","192","196"
"7643","20230317","776","780","776","780","778.2143","1400","1089500","776","780","776","780","780","780","778","780"
"7646","20230317","654","655","652","652","653.0745","9400","6138900","654","654","652","652","652","655","652","652"
"7647","20230317","25","26","25","26","25.3493","34362500","871066600","25","26","25","26","26","26","25","26"
"7649","20230317","5570","5610","5530","5600","5584.0794","186300","1040314000","5570","5600","5550","5580","5580","5610","5530","5600"
"7670","20230317","820","835","805","834","821.3049","86900","71371400","820","831","805","817","824","835","820","834"
"7671","20230317","473","482","463","482","470.6333","3000","1411900","473","473","463","470","470","482","470","482"
"7673","20230317","1127","1146","1127","1131","1134.6957","2300","2609800","1127","1133","1127","1133","1146","1146","1131","1131"
"7674","20230317","3040","3055","3040","3055","3045.1923","2600","7917500","3040","3050","3040","3050","3050","3055","3050","3055"
"7676","20230317","1415","1474","1415","1474","1452.7664","30400","44164100","1415","1459","1415","1452","1453","1474","1450","1474"
"7677","20230317","2029","2029","2029","2029","2029","100","202900","2029","2029","2029","2029","-","-","-","-"
"7678","20230317","1639","1639","1631","1631","1633.1111","1800","2939600","1639","1639","1631","1631","1631","1636","1631","1631"
"7679","20230317","2427","2463","2422","2456","2451.349","34100","83591000","2427","2455","2422","2452","2453","2463","2442","2456"
"7681","20230317","2474","2474","2411","2425","2417.4167","1200","2900900","2474","2474","2474","2474","2411","2425","2411","2425"
"7682","20230317","4770","4770","4770","4770","4770","200","954000","4770","4770","4770","4770","4770","4770","4770","4770"
"7683","20230317","2841","2895","2831","2895","2867.5741","5400","15484900","2841","2850","2831","2850","2842","2895","2842","2895"
"7685","20230317","5530","5770","5510","5730","5651.4595","74000","418208000","5530","5640","5510","5620","5600","5770","5590","5730"
"7686","20230317","1316","1330","1316","1324","1321","600","792600","1316","1316","1316","1316","1324","1330","1324","1324"
"7687","20230317","893","910","880","891","894.9231","5200","4653600","893","910","880","891","891","903","890","891"
"7689","20230317","687","696","687","693","690.3","1000","690300","687","696","687","689","689","693","689","693"
"7692","20230317","1700","1767","1580","1720","1702.47","2915200","4963040500","1700","1750","1580","1729","1744","1767","1630","1720"
"7694","20230317","958","958","926","949","946.2784","9700","9178900","958","958","926","926","926","958","926","949"
"7695","20230317","3285","3430","3285","3430","3373.5211","7100","23952000","3285","3360","3285","3330","3330","3430","3330","3430"
"7698","20230317","-","-","-","-","-","-","-","-","-","-","-","-","-","-","-"
"7699","20230317","491","495","489","490","491.1818","1100","540300","491","492","490","490","490","495","489","490"
"7701","20230317","4045","4145","4025","4145","4119.2683","994900","4098260000","4045","4120","4025","4105","4105","4145","4105","4145"
"7702","20230317","516","517","510","513","513.0756","11900","6105600","516","517","510","512","512","514","512","513"
"7705","20230317","2300","2314","2290","2314","2297.5882","3400","7811800","2300","2302","2293","2293","2292","2314","2290","2314"
"7707","20230317","377","384","374","383","380.8043","74600","28408000","377","382","374","380","382","384","380","383"
"7709","20230317","219","221","218","221","219.5727","11000","2415300","219","219","218","218","219","221","218","221"
"7711","20230317","1295","1307","1283","1287","1290.7006","15700","20264000","1295","1307","1283","1288","1288","1294","1286","1287"
"7713","20230317","1537","1574","1537","1573","1550.3906","12800","19845000","1537","1561","1537","1550","1544","1574","1544","1573"
"7715","20230317","1200","1208","1190","1207","1201.1291","33300","39997600","1200","1208","1190","1194","1193","1208","1191","1207"
"7716","20230317","2746","2769","2647","2647","2662.9681","1916300","5103045700","2746","2769","2726","2728","2728","2733","2647","2647"
"7717","20230317","2396","2405","2378","2389","2388.9823","45200","107982000","2396","2405","2383","2383","2380","2392","2378","2389"
"7718","20230317","1716","1721","1698","1703","1706.8453","87900","150031700","1716","1721","1698","1709","1707","1714","1702","1703"
"7719","20230317","174","175","173","173","174.0635","6300","1096600","174","175","174","175","175","175","173","173"
"7721","20230317","1220","1232","1212","1220","1218.5635","48800","59465900","1220","1232","1212","1216","1215","1222","1215","1220"
"7722","20230317","520","524","517","520","519.8571","1400","727800","520","521","517","517","522","524","520","520"
"7723","20230317","1452","1470","1452","1458","1461.716","8100","11839900","1452","1463","1452","1463","1464","1470","1458","1458"
"7725","20230317","1490","1504","1482","1498","1494.7057","121300","181307800","1490","1504","1482","1485","1485","1504","1482","1498"
"7726","20230317","1589","1650","1584","1603","1600.7931","17400","27853800","1589","1650","1584","1602","1590","1619","1586","1603"
"7727","20230317","452","456","447","451","451.5034","89400","40364400","452","456","447","450","450","455","450","451"
"7729","20230317","5070","5090","5010","5050","5051.2602","158700","801635000","5070","5080","5010","5040","5050","5090","5040","5050"
"7730","20230317","1872","1885","1844","1857","1860.437","537300","999612800","1872","1881","1845","1877","1878","1885","1844","1857"
"7731","20230317","1326","1327","1304","1315","1314.1519","2058900","2705707300","1326","1327","1304","1312","1314","1321","1311","1315"
"7732","20230317","1748","1748","1706","1736","1729.7077","407800","705374800","1748","1748","1706","1714","1718","1739","1715","1736"
"7733","20230317","2283","2292.5","2262.5","2288.5","2284.5343","4990400","11400739950","2283","2292.5","2262.5","2279.5","2286","2290.5","2271","2288.5"
"7734","20230317","5230","5270","5130","5180","5187.2624","44200","229277000","5230","5270","5130","5180","5200","5230","5180","5180"
"7735","20230317","11500","11510","11140","11160","11244.3072","1032000","11604125000","11500","11510","11140","11150","11160","11250","11150","11160"
"7739","20230317","1785","1804","1784","1790","1793.9511","71600","128446900","1785","1800","1784","1796","1800","1804","1790","1790"
"7740","20230317","3140","3150","3110","3120","3125.9146","41000","128162500","3140","3150","3115","3120","3115","3135","3110","3120"
"7741","20230317","14100","14395","14020","14300","14264.1969","1807900","25788241500","14100","14350","14020","14350","14350","14395","14250","14300"
"7743","20230317","547","550","544","546","547.5806","18600","10185000","547","550","544","550","548","550","546","546"
"7744","20230317","2184","2196","2142","2184","2172.5912","167800","364560800","2184","2196","2142","2171","2171","2187","2165","2184"
"7745","20230317","1361","1372","1342","1359","1354.9576","127400","172621600","1361","1372","1342","1344","1344","1363","1344","1359"
"7746","20230317","139","139","138","138","138.4335","57900","8015300","139","139","138","139","139","139","138","138"
"7747","20230317","2256","2314","2253","2295","2291.3702","759400","1740066500","2256","2310","2253","2308","2312","2314","2286","2295"
"7749","20230317","2440","2440","2440","2440","2440","200","488000","2440","2440","2440","2440","-","-","-","-"
"7751","20230317","2876","2894.5","2860","2885","2881.0938","3680000","10602425100","2876","2894.5","2860","2874.5","2875.5","2890","2872","2885"
"7752","20230317","979","981","965","968","969.2571","2283200","2213007700","979","981","965","973","971","974","967","968"
"7760","20230317","432","451","432","451","441.6528","7200","3179900","432","446","432","445","445","451","445","451"
"7762","20230317","793","800","785","789","789.3721","4248200","3353410500","793","800","786","788","788","793","785","789"
"7769","20230317","1700","1715","1691","1699","1701.9785","9300","15828400","1700","1715","1700","1705","1697","1712","1691","1699"
"7771","20230317","92","92","90","91","90.9971","68300","6215100","92","92","90","91","91","92","90","91"
"7774","20230317","499","525","498","508","511.57","80000","40925600","499","506","499","504","505","525","498","508"
"7775","20230317","488","491","488","491","489.5324","27800","13609000","488","490","488","488","490","491","488","491"
"7776","20230317","605","656","583","647","628.0295","10731400","6739636200","605","656","583","627","622","648","615","647"
"7777","20230317","224","232","223","230","228.1512","624400","142457600","224","230","223","229","229","232","229","230"
"7779","20230317","286","291","286","289","288.9378","233200","67380300","286","291","286","290","290","290","289","289"
"7780","20230317","2836","2883","2831","2876","2859.8871","298600","853962300","2836","2873","2831","2853","2848","2883","2846","2876"
"7781","20230317","815","821","803","821","814.7955","8800","7170200","815","815","803","815","807","821","807","821"
"7782","20230317","584","599","551","562","571.4984","32100","18345100","584","599","555","555","551","567","551","562"
"7791","20230317","764","777","764","777","766.1667","600","459700","-","-","-","-","764","777","764","777"
"7792","20230317","1146","1158","1111","1139","1142.6643","56900","65017600","1146","1154","1111","1144","1145","1158","1132","1139"
"7793","20230317","873","890","841","841","855.4685","25400","21728900","873","890","846","856","860","864","841","841"
"7794","20230317","12470","12770","12210","12520","12469.8658","126700","1579932000","12470","12550","12210","12350","12390","12770","12390","12520"
"7795","20230317","134","137","133","137","135.1501","333100","45018500","134","135","133","133","133","137","133","137"
"7800","20230317","626","643","620","640","631.98","5000","3159900","626","643","620","640","640","640","637","640"
"7803","20230317","725","770","721","761","755.2769","826800","624462900","725","770","721","762","755","767","755","761"
"7804","20230317","1213","1253","1203","1238","1221.6818","2200","2687700","1213","1230","1203","1205","1215","1253","1215","1238"
"7805","20230317","697","715","696","715","700.3333","3300","2311100","697","697","697","697","705","715","696","715"
"7806","20230317","1420","1450","1415","1444","1438.5979","37300","53659700","1420","1450","1420","1444","1441","1448","1415","1444"
"7807","20230317","765","765","747","755","753.3","9000","6779700","765","765","748","749","757","759","747","755"
"7808","20230317","2868","2868","2802","2831","2835.8125","4800","13611900","2868","2868","2802","2836","2831","2831","2831","2831"
"7809","20230317","7870","7960","7770","7850","7848.6649","36700","288046000","7870","7960","7770","7790","7800","7890","7800","7850"
"7810","20230317","202","206","202","203","203.1194","13400","2721800","202","204","202","202","203","206","203","203"
"7811","20230317","1557","1567","1554","1557","1558.0482","8300","12931800","1557","1567","1554","1556","1556","1562","1556","1557"
"7812","20230317","1514","1514","1491","1510","1508.2031","6400","9652500","1514","1514","1499","1499","1500","1510","1491","1510"
"7813","20230317","679","679","679","679","679","400","271600","679","679","679","679","679","679","679","679"
"7814","20230317","525","531","523","530","528.6914","8100","4282400","525","531","523","531","531","531","529","530"
"7815","20230317","705","705","705","705","705","100","70500","-","-","-","-","705","705","705","705"
"7816","20230317","2094","2135","2085","2121","2117.2018","270600","572914800","2094","2124","2085","2119","2120","2135","2119","2121"
"7817","20230317","2311","2330","2303","2324","2318.195","84600","196119300","2311","2328","2309","2312","2317","2330","2303","2324"
"7818","20230317","1471","1495","1462","1485","1481.949","35300","52312800","1471","1495","1462","1481","1481","1492","1477","1485"
"7819","20230317","373","380","370","380","377.6125","8000","3020900","373","380","370","379","376","380","376","380"
"7820","20230317","956","956","938","943","943.7255","10200","9626000","956","956","945","945","940","943","938","943"
"7821","20230317","3160","3185","3120","3130","3138.6704","53400","167605000","3160","3185","3125","3130","3145","3145","3120","3130"
"7822","20230317","224","226","223","225","224.4081","22300","5004300","224","226","223","223","223","225","223","225"
"7823","20230317","753","770","753","764","763.5811","22200","16951500","753","761","753","761","763","770","763","764"
"7826","20230317","9490","9620","9260","9260","9355.1254","191400","1790571000","9490","9600","9440","9500","9450","9620","9260","9260"
"7827","20230317","1180","1184","1165","1165","1175.0263","7600","8930200","1180","1184","1173","1178","1178","1178","1165","1165"
"7829","20230317","94","95","94","95","94.1014","6900","649300","94","95","94","95","94","95","94","95"
"7831","20230317","132","133","130","130","131.0069","14500","1899600","132","133","132","132","132","133","130","130"
"7832","20230317","8021","8228","8019","8217","8168.4452","1156200","9444356300","8021","8228","8019","8147","8146","8217","8127","8217"
"7833","20230317","594","597","593","593","594.4286","3500","2080500","594","596","594","595","597","597","593","593"
"7836","20230317","95","95","87","88","89.8435","1515000","136112900","95","95","88","89","88","90","87","88"
"7837","20230317","418","418","402","409","409.8148","2700","1106500","418","418","402","402","407","412","407","409"
"7839","20230317","5400","5470","5370","5450","5433.3902","52800","286883000","5400","5430","5370","5420","5420","5470","5420","5450"
"7840","20230317","1025","1037","1018","1033","1026.1028","126500","129802000","1025","1029","1018","1023","1025","1037","1022","1033"
"7841","20230317","772","790","772","784","786.66","5000","3933300","772","789","772","788","789","790","784","784"
"7844","20230317","703","706","700","700","701.7775","131700","92424100","703","706","701","703","703","704","700","700"
"7846","20230317","4085","4095","4045","4060","4063.8571","66500","270246500","4085","4095","4045","4060","4075","4080","4050","4060"
"7847","20230317","874","878","863","876","870.4104","13400","11663500","874","878","863","866","872","876","865","876"
"7849","20230317","3500","3555","3500","3555","3523.8235","1700","5990500","3500","3555","3500","3555","3525","3555","3500","3555"
"7850","20230317","807","815","807","815","811","400","324400","807","807","807","807","815","815","815","815"
"7851","20230317","201","204","201","204","201.1389","7200","1448200","201","202","201","202","204","204","204","204"
"7856","20230317","1216","1225","1212","1217","1218.179","32400","39469000","1216","1225","1212","1217","1217","1221","1216","1217"
"7857","20230317","1394","1394","1394","1394","1394","400","557600","1394","1394","1394","1394","1394","1394","1394","1394"
"7859","20230317","377","387","373","386","380.3697","276200","105058100","377","382","373","379","381","387","381","386"
"7860","20230317","1502","1522","1497","1512","1512.0266","86500","130790300","1502","1519","1497","1519","1520","1522","1507","1512"
"7863","20230317","970","1000","970","1000","995.7143","1400","1394000","-","-","-","-","970","1000","970","1000"
"7864","20230317","1512","1514","1485","1497","1498.8866","280300","420137900","1512","1514","1485","1490","1490","1506","1490","1497"
"7865","20230317","1067","1087","1062","1077","1079.2434","22600","24390900","1067","1083","1062","1083","1081","1087","1077","1077"
"7867","20230317","1334","1346","1333","1343","1339.854","226700","303744900","1334","1344","1333","1337","1338","1346","1337","1343"
"7868","20230317","2140","2172","2042","2045","2063.6158","726200","1498597800","2140","2172","2102","2108","2108","2130","2042","2045"
"7871","20230317","580","582","579","582","580.2381","2100","1218500","580","581","579","580","580","582","580","582"
"7872","20230317","636","636","628","628","631.7647","8500","5370000","636","636","629","629","631","631","628","628"
"7874","20230317","866","886","865","881","874.0792","193300","168959500","866","881","865","877","877","886","872","881"
"7875","20230317","736","741","720","740","730.7143","5600","4092000","736","736","728","728","726","741","720","740"
"7877","20230317","1510","1510","1505","1505","1508.3333","300","452500","-","-","-","-","1510","1510","1505","1505"
"7878","20230317","6120","7070","5850","6250","6627.066","81800","542094000","6120","7070","5850","6550","6550","7070","6250","6250"
"7879","20230317","1177","1204","1177","1198","1196.2623","12200","14594400","1177","1204","1177","1187","1188","1199","1188","1198"
"7883","20230317","376","376","373","375","374.3333","2400","898400","376","376","373","374","374","375","373","375"
"7885","20230317","702","712","702","709","708.5833","2400","1700600","702","712","702","712","710","710","709","709"
"7886","20230317","1157","1160","1125","1141","1144.2128","4700","5377800","1157","1158","1125","1127","1127","1160","1127","1141"
"7887","20230317","5450","5740","5380","5590","5600.9677","3100","17363000","5450","5450","5380","5430","5470","5740","5470","5590"
"7888","20230317","564","567","551","555","556.4475","161100","89643700","564","567","551","554","554","559","552","555"
"7893","20230317","957","963","956","960","958.2503","99500","95345900","957","962","956","959","961","963","960","960"
"7896","20230317","503","504","503","504","503.0714","1400","704300","503","504","503","504","-","-","-","-"
"7897","20230317","148","150","147","148","148.8092","266800","39702300","148","150","148","149","149","150","147","148"
"7898","20230317","1310","1364","1281","1315","1327.6531","262300","348243400","1310","1339","1281","1339","1339","1364","1305","1315"
"7899","20230317","346","363","340","363","352.3006","86500","30474000","346","356","343","351","352","363","340","363"
"7901","20230317","8500","10060","8380","9750","9707.2761","187600","1821085000","8500","10060","8380","9780","10060","10060","9580","9750"
"7902","20230317","838","839","838","839","838.5","200","167700","-","-","-","-","838","839","838","839"
"7905","20230317","2264","2312","2264","2304","2295.6813","123000","282368800","2264","2297","2264","2288","2300","2312","2288","2304"
"7906","20230317","1277","1292","1272","1285","1283.0345","104200","133692200","1277","1286","1272","1278","1287","1292","1278","1285"
"7908","20230317","202","207","200","203","203.24","415500","84446200","202","207","200","203","203","203","201","203"
"7911","20230317","2592","2598","2565","2565","2572.3289","1192900","3068531200","2592","2598","2565","2575","2581","2588","2565","2565"
"7912","20230317","3630","3700","3630","3665","3667.7449","1533400","5624120000","3630","3700","3630","3675","3670","3690","3665","3665"
"7914","20230317","2710","2751","2698","2707","2713.5407","13500","36632800","2710","2751","2698","2703","2703","2716","2701","2707"
"7915","20230317","1782","1786","1742","1749","1755.4743","235300","413063100","1782","1786","1745","1750","1751","1760","1742","1749"
"7916","20230317","1238","1239","1233","1233","1234.381","2100","2592200","1238","1239","1233","1233","1233","1235","1233","1233"
"7917","20230317","3140","3165","3105","3130","3127.7833","50300","157327500","3140","3140","3105","3115","3115","3165","3110","3130"
"7918","20230317","94","95","94","95","94.0853","158200","14884300","94","95","94","94","94","95","94","95"
"7919","20230317","136","145","135","142","139.4595","156700","21853300","136","137","135","137","137","145","137","142"
"7921","20230317","2201","2230","2201","2214","2218.9235","17000","37721700","2201","2229","2201","2221","2211","2230","2211","2214"
"7922","20230317","606","630","605","629","619.1143","62100","38447000","606","619","605","610","613","630","613","629"
"7923","20230317","499","504","499","503","502","500","251000","499","500","499","500","504","504","503","503"
"7925","20230317","1474","1487","1464","1464","1473.4375","27200","40077500","1474","1487","1474","1481","1477","1477","1464","1464"
"7927","20230317","1191","1197","1145","1185","1173.0433","150100","176073800","1191","1197","1145","1163","1163","1186","1163","1185"
"7928","20230317","686","686","668","673","676.0179","5600","3785700","686","686","680","680","679","680","668","673"
"7931","20230317","1573","1573","1550","1558","1560.8279","12200","19042100","1573","1573","1550","1551","1552","1558","1552","1558"
"7932","20230317","3570","3605","3570","3595","3593.7097","3100","11140500","3570","3605","3570","3590","3580","3595","3580","3595"
"7936","20230317","3460","3470","3370","3420","3418.7667","839600","2870396500","3460","3470","3370","3380","3385","3435","3385","3420"
"7937","20230317","2168","2196","2123","2181","2167.9071","14000","30350700","2168","2170","2148","2148","2148","2196","2123","2181"
"7938","20230317","1930","1940","1930","1940","1930.9091","1100","2124000","1930","1930","1930","1930","1940","1940","1940","1940"
"7939","20230317","501","501","500","500","500.7778","900","450700","501","501","501","501","501","501","500","500"
"7940","20230317","607","608","601","607","605.5968","24800","15018800","607","607","601","606","606","608","605","607"
"7942","20230317","1572","1578","1569","1569","1571.6322","50300","79053100","1572","1576","1569","1573","1573","1578","1569","1569"
"7943","20230317","2686","2686","2651","2667","2667.4727","88000","234737600","2686","2686","2651","2665","2658","2676","2658","2667"
"7944","20230317","3750","3830","3730","3810","3791.6588","42200","160008000","3750","3815","3730","3795","3800","3830","3795","3810"
"7946","20230317","1713","1713","1631","1643","1666.7727","2200","3666900","1713","1713","1631","1662","1665","1684","1643","1643"
"7947","20230317","3160","3225","3160","3210","3202.1247","193200","618650500","3160","3215","3160","3185","3175","3225","3175","3210"
"7949","20230317","2000","2025","2000","2007","2012.6154","9100","18314800","2000","2022","2000","2022","2016","2025","2007","2007"
"7951","20230317","4920","4930","4850","4895","4892.7902","602100","2945949000","4920","4930","4850","4885","4890","4915","4875","4895"
"7952","20230317","2871","2890","2846","2881","2873.7712","31900","91673300","2871","2890","2846","2846","2867","2890","2859","2881"
"7953","20230317","374","379","374","378","377.3776","19600","7396600","374","378","374","376","378","379","376","378"
"7955","20230317","678","689","674","676","679.3958","37900","25749100","678","689","674","674","684","684","676","676"
"7956","20230317","2023","2041","2010","2039","2031.7444","433100","879948500","2023","2029","2010","2022","2027","2041","2027","2039"
"7957","20230317","1808","1808","1808","1808","1808","100","180800","-","-","-","-","1808","1808","1808","1808"
"7958","20230317","2280","2290","2259","2290","2280.9732","44800","102187600","2280","2290","2259","2283","2285","2290","2276","2290"
"7961","20230317","2245","2245","2245","2245","2245","1300","2918500","2245","2245","2245","2245","2245","2245","2245","2245"
"7962","20230317","888","890","885","889","888.5549","16400","14572300","888","890","885","889","890","890","888","889"
"7963","20230317","1628","1640","1615","1630","1623.359","3900","6331100","1628","1640","1619","1622","1615","1630","1615","1630"
"7965","20230317","1599","1601","1578","1586","1586.149","115400","183041600","1599","1601","1578","1583","1583","1589","1583","1586"
"7966","20230317","2144","2151","2122","2143","2141.011","218500","467810900","2144","2145","2122","2142","2150","2151","2137","2143"
"7970","20230317","1431","1431","1411","1425","1422.1925","289800","412151400","1431","1431","1411","1416","1416","1426","1415","1425"
"7971","20230317","267","270","264","268","267.226","199100","53204700","267","268","264","265","265","270","265","268"
"7972","20230317","749","755","723","728","736.3398","190700","140420000","749","755","729","731","732","732","723","728"
"7974","20230317","5122","5148","5093","5144","5136.5065","4791900","24613625600","5122","5144","5093","5137","5135","5148","5131","5144"
"7975","20230317","-","-","-","-","-","-","-","-","-","-","-","-","-","-","-"
"7976","20230317","1533","1542","1515","1516","1520.8033","72700","110562400","1533","1542","1521","1524","1524","1531","1515","1516"
"7979","20230317","2044","2054","2024","2027","2039.7256","48100","98110800","2044","2054","2029","2029","2030","2038","2024","2027"
"7980","20230317","827","841","827","841","832.1579","5700","4743300","827","839","827","833","832","841","832","841"
"7981","20230317","1490","1498","1477","1487","1487.122","185300","275563700","1490","1498","1485","1497","1497","1497","1477","1487"
"7983","20230317","1467","1488","1467","1470","1476.25","400","590500","1467","1488","1467","1470","-","-","-","-"
"7984","20230317","1814","1838","1811","1832","1827.1585","244200","446192100","1814","1827","1811","1823","1829","1838","1820","1832"
"7985","20230317","1661","1661","1661","1661","1661","200","332200","1661","1661","1661","1661","-","-","-","-"
"7986","20230317","-","-","-","-","-","-","-","-","-","-","-","-","-","-","-"
"7987","20230317","479","484","479","484","481.1681","23800","11451800","479","482","479","482","483","484","481","484"
"7988","20230317","3475","3495","3450","3480","3476.5176","187800","652890000","3475","3485","3450","3455","3455","3495","3450","3480"
"7989","20230317","1285","1288","1265","1270","1271.1569","10200","12965800","1285","1288","1273","1273","1271","1275","1265","1270"
"7990","20230317","2406","2437","2378","2388","2396.5362","89900","215448600","2406","2437","2379","2379","2381","2399","2378","2388"
"7991","20230317","1658","1689","1650","1678","1674.4564","64200","107500100","1658","1683","1650","1683","1683","1689","1673","1678"
"7992","20230317","153","155","153","155","153.8033","6100","938200","153","155","153","153","154","155","154","155"
"7994","20230317","1330","1338","1318","1333","1330.4467","152000","202227900","1330","1338","1318","1329","1329","1335","1324","1333"
"7995","20230317","3315","3320","3260","3290","3289.29","50000","164464500","3315","3320","3260","3280","3290","3305","3275","3290"
"7997","20230317","425","428","424","426","425.9333","1500","638900","425","426","424","424","428","428","426","426"
"7999","20230317","1728","1747","1717","1721","1729.2131","6100","10548200","1728","1747","1728","1741","1740","1740","1717","1721"
"8001","20230317","4088","4144","4083","4123","4117.8445","4127700","16997226900","4088","4122","4083","4114","4118","4144","4113","4123"
"8002","20230317","1712.5","1727","1688.5","1725","1714.8934","10131200","17373928250","1712.5","1714.5","1688.5","1693.5","1696","1727","1695","1725"
"8005","20230317","806","815","806","813","809.7362","188400","152554300","806","815","806","809","809","813","807","813"
"8006","20230317","2780","2780","2759","2759","2773","300","831900","2780","2780","2759","2759","-","-","-","-"
"8007","20230317","2858","2874","2825","2848","2845.2188","12800","36418800","2858","2874","2825","2825","2829","2854","2829","2848"
"8008","20230317","1751","1757","1746","1750","1751.0991","69600","121876500","1751","1757","1746","1752","1752","1757","1749","1750"
"8011","20230317","1520","1524","1485","1492","1497.7462","65800","98551700","1520","1524","1487","1487","1485","1500","1485","1492"
"8012","20230317","2046","2051","2010","2015","2020.4542","330700","668164200","2046","2051","2010","2015","2021","2029","2012","2015"
"8013","20230317","259","263","258","262","260.3562","14600","3801200","259","259","258","259","259","263","258","262"
"8014","20230317","2445","2468","2410","2415","2425.3221","44400","107684300","2445","2468","2415","2420","2412","2431","2410","2415"
"8015","20230317","5350","5360","5250","5320","5313.7822","1000200","5314845000","5350","5360","5250","5300","5320","5350","5300","5320"
"8016","20230317","356","358","352","355","354.8966","773100","274370600","356","358","352","354","356","357","354","355"
"8018","20230317","555","557","550","551","552.4759","16600","9171100","555","557","550","550","550","554","550","551"
"8020","20230317","1619","1627","1606","1613","1613.0366","294800","475523200","1619","1627","1606","1612","1614","1615","1609","1613"
"8022","20230317","3165","3210","3085","3125","3126.2441","231900","724976000","3165","3210","3085","3105","3105","3135","3100","3125"
"8023","20230317","512","512","505","507","507.626","13100","6649900","512","512","507","507","507","508","505","507"
"8025","20230317","1420","1426","1416","1426","1423.2353","1700","2419500","1420","1420","1416","1420","1423","1426","1421","1426"
"8029","20230317","2212","2222","2184","2204","2205.8316","29700","65513200","2212","2221","2184","2207","2199","2222","2196","2204"
"8030","20230317","3150","3150","3125","3130","3136.4286","700","2195500","3150","3150","3150","3150","3135","3145","3125","3130"
"8031","20230317","3831","3836","3778","3786","3793.2442","7014900","26609228600","3831","3836","3778","3788","3788","3810","3786","3786"
"8032","20230317","5160","5230","5140","5200","5180.2979","23500","121737000","5160","5230","5140","5190","5190","5220","5170","5200"
"8035","20230317","48130","48560","47420","48560","48129.6226","1497000","72050045000","48130","48130","47420","47720","47780","48560","47760","48560"
"8037","20230317","1388","1401","1360","1365","1370.0104","67000","91790700","1388","1401","1360","1362","1368","1371","1360","1365"
"8038","20230317","6180","6190","6180","6190","6188","500","3094000","6180","6180","6180","6180","6190","6190","6190","6190"
"8039","20230317","2734","2753","2731","2731","2738.7273","1100","3012600","2734","2734","2734","2734","2753","2753","2731","2731"
"8040","20230317","815","816","790","804","805.2353","3400","2737800","815","816","790","800","805","805","804","804"
"8041","20230317","2403","2423","2403","2416","2412.3571","1400","3377300","2403","2409","2403","2405","2410","2423","2410","2416"
"8043","20230317","2174","2192","2169","2183","2177.3228","38100","82956000","2174","2189","2169","2178","2178","2192","2174","2183"
"8045","20230317","801","806","801","806","803.2353","1700","1365500","801","803","801","803","802","806","801","806"
"8046","20230317","1999","2011","1986","2011","1999.5","400","799800","1999","1999","1986","1986","2002","2011","2002","2011"
"8050","20230317","2806","2816","2783","2787","2791.3061","89500","249821900","2806","2816","2783","2785","2797","2799","2785","2787"
"8051","20230317","1032","1032","1009","1009","1013.14","100000","101314000","1032","1032","1010","1012","1014","1016","1009","1009"
"8052","20230317","4255","4255","4135","4135","4217.4706","8500","35848500","4255","4255","4190","4190","4190","4210","4135","4135"
"8053","20230317","2249","2252","2228","2242","2240.5144","6636700","14869621800","2249","2252","2228","2235.5","2236","2251.5","2234","2242"
"8056","20230317","3135","3210","3130","3205","3189.6183","241000","768698000","3135","3200","3130","3195","3190","3210","3190","3205"
"8057","20230317","4875","4935","4825","4935","4897.0442","18100","88636500","4875","4880","4845","4850","4850","4935","4825","4935"
"8058","20230317","4620","4662","4601","4638","4635.2156","6521800","30229949400","4620","4633","4601","4625","4630","4662","4625","4638"
"8059","20230317","5280","5370","5280","5300","5331.5315","11100","59180000","5280","5370","5280","5350","5360","5360","5300","5300"
"8060","20230317","3090","3110","3055","3095","3088.4618","125800","388528500","3090","3095","3055","3070","3080","3110","3075","3095"
"8061","20230317","1754","1787","1738","1760","1760.029","13800","24288400","1754","1787","1745","1750","1757","1772","1738","1760"
"8065","20230317","1399","1403","1373","1388","1384.9856","27700","38364100","1399","1403","1373","1374","1376","1391","1374","1388"
"8066","20230317","1323","1332","1300","1300","1305.2075","10600","13835200","1323","1332","1301","1303","1307","1310","1300","1300"
"8068","20230317","2482","2508","2458","2492","2485.7484","151800","377336600","2482","2504","2458","2473","2480","2508","2474","2492"
"8070","20230317","768","776","762","776","769.466","139900","107648300","768","769","762","767","769","776","769","776"
"8072","20230317","2438","2438","2231","2300","2329.9412","1700","3960900","2438","2438","2231","2316","2314","2314","2300","2300"
"8074","20230317","3725","3730","3665","3665","3675.4489","32300","118717000","3725","3730","3685","3690","3665","3690","3665","3665"
"8075","20230317","5850","5850","5740","5820","5794.8246","34200","198183000","5850","5850","5740","5770","5770","5830","5770","5820"
"8076","20230317","1699","1710","1690","1700","1695.9434","5300","8988500","1699","1710","1690","1700","1700","1703","1690","1700"
"8077","20230317","239","239","220","223","228.899","727400","166501100","239","239","223","223","223","225","220","223"
"8078","20230317","3770","3770","3675","3735","3728.6864","133600","498152500","3770","3770","3675","3700","3690","3760","3690","3735"
"8079","20230317","4030","4040","3980","3980","4003.855","52400","209802000","4030","4040","3995","4005","4000","4010","3980","3980"
"8081","20230317","1141","1150","1125","1133","1134.9948","115100","130637900","1141","1150","1133","1134","1133","1136","1125","1133"
"8084","20230317","1852","1857","1837","1839","1845.265","78100","144115200","1852","1857","1842","1843","1842","1848","1837","1839"
"8085","20230317","1841","1841","1825","1840","1838","1200","2205600","1841","1841","1825","1825","1830","1840","1830","1840"
"8086","20230317","1015","1019","1010","1014","1013.7485","440200","446252100","1015","1019","1010","1011","1013","1016","1010","1014"
"8088","20230317","5550","5610","5540","5600","5584.291","135400","756113000","5550","5570","5540","5570","5570","5610","5560","5600"
"8089","20230317","1305","1328","1302","1302","1311.4615","6500","8524500","1305","1328","1305","1323","1314","1318","1302","1302"
"8091","20230317","3085","3115","2994","3080","3058.4194","57700","176470800","3085","3100","2994","2994","2999","3115","2995","3080"
"8093","20230317","1509","1520","1495","1495","1503.3977","79700","119820800","1509","1520","1495","1498","1495","1505","1495","1495"
"8095","20230317","424","424","417","418","419.4233","73700","30911500","424","424","417","417","417","418","417","418"
"8096","20230317","6180","6190","6170","6170","6176.1589","137200","847369000","6180","6180","6180","6180","6180","6190","6170","6170"
"8097","20230317","1320","1327","1306","1314","1313.2202","140800","184901400","1320","1327","1307","1309","1311","1319","1306","1314"
"8098","20230317","2677","2681","2619","2644","2642.2857","165900","438355200","2677","2681","2619","2621","2628","2653","2624","2644"
"8101","20230317","1634","1649","1620","1625","1627.9832","29800","48513900","1634","1649","1620","1622","1622","1633","1622","1625"
"8103","20230317","677","682","675","676","677.1405","54100","36633300","677","682","675","677","678","679","676","676"
"8104","20230317","476","477","472","474","475.0909","7700","3658200","476","476","472","474","475","477","474","474"
"8105","20230317","58","59","57","59","58.0486","47300","2745700","58","58","57","58","58","59","58","59"
"8107","20230317","21","22","21","22","21.3982","156700","3353100","21","22","21","21","21","22","21","22"
"8111","20230317","11170","11440","11150","11400","11344.2756","184300","2090750000","11170","11310","11150","11290","11340","11440","11310","11400"
"8113","20230317","5195","5369","5193","5338","5321.683","1549400","8245415600","5195","5369","5193","5336","5340","5345","5310","5338"
"8114","20230317","4095","4170","4085","4110","4122.8202","274800","1132951000","4095","4170","4085","4110","4110","4135","4090","4110"
"8115","20230317","501","510","500","510","506","1400","708400","501","510","500","510","-","-","-","-"
"8117","20230317","2657","2745","2604","2739","2689.3382","6800","18287500","2657","2710","2604","2700","2699","2745","2699","2739"
"8118","20230317","500","512","499","505","505.8773","16300","8245800","500","512","499","511","509","510","504","505"
"8119","20230317","1700","1700","1700","1700","1700","1500","2550000","1700","1700","1700","1700","1700","1700","1700","1700"
"8123","20230317","976","976","961","963","968.75","400","387500","976","976","961","961","975","975","963","963"
"8125","20230317","1141","1148","1132","1138","1138.8433","223300","254303700","1141","1148","1138","1143","1146","1146","1132","1138"
"8127","20230317","258","263","257","262","261.2026","107100","27974800","258","263","257","263","263","263","261","262"
"8129","20230317","2332","2347","2314","2334","2331.2187","153200","357142700","2332","2347","2314","2319","2328","2335","2317","2334"
"8130","20230317","2295","2308","2261","2277","2278.0649","266400","606876500","2295","2308","2261","2262","2268","2283","2262","2277"
"8131","20230317","1281","1308","1279","1288","1287.974","57800","74444900","1281","1291","1279","1286","1286","1308","1281","1288"
"8132","20230317","3145","3215","3145","3165","3174.75","6000","19048500","3145","3215","3145","3175","3165","3210","3165","3165"
"8133","20230317","1119","1119","1098","1102","1102.8897","176800","194990900","1119","1119","1098","1099","1098","1107","1098","1102"
"8135","20230317","320","321","311","314","313.788","173600","54473600","320","321","311","313","311","314","311","314"
"8136","20230317","4845","4885","4825","4885","4862.9868","937800","4560509000","4845","4885","4825","4885","4885","4885","4885","4885"
"8137","20230317","1969","1969","1920","1936","1938.9531","40500","78527600","1969","1969","1920","1935","1939","1953","1935","1936"
"8138","20230317","-","-","-","-","-","-","-","-","-","-","-","-","-","-","-"
"8139","20230317","1019","1043","1007","1020","1024.8537","45100","46220900","1019","1043","1016","1023","1033","1035","1007","1020"
"8140","20230317","3240","3240","3175","3210","3201.7761","103600","331704000","3240","3240","3175","3185","3180","3230","3180","3210"
"8141","20230317","1239","1248","1205","1218","1217.5398","129300","157427900","1239","1248","1205","1210","1210","1225","1209","1218"
"8142","20230317","2020","2029","1988","2010","2003.1039","115500","231358500","2020","2029","1989","1995","1995","2026","1988","2010"
"8143","20230317","329","329","328","328","328.2","500","164100","-","-","-","-","329","329","328","328"
"8144","20230317","1199","1214","1199","1214","1204.3333","300","361300","1199","1200","1199","1200","1214","1214","1214","1214"
"8147","20230317","1109","1109","1098","1098","1102.0484","6200","6832700","1109","1109","1098","1099","1098","1107","1098","1098"
"8150","20230317","2470","2486","2435","2443","2450.7256","71800","175962100","2470","2486","2435","2443","2437","2465","2437","2443"
"8151","20230317","1326","1344","1326","1336","1336.9731","52100","69656300","1326","1344","1326","1333","1333","1343","1333","1336"
"8152","20230317","2048","2048","1998","1998","2023","200","404600","2048","2048","1998","1998","-","-","-","-"
"8153","20230317","3045","3055","3035","3050","3045.9165","244400","744422000","3045","3055","3035","3045","3050","3050","3040","3050"
"8154","20230317","4920","4940","4830","4940","4906.236","124600","611317000","4920","4935","4830","4865","4870","4940","4870","4940"
"8155","20230317","2800","2809","2749","2758","2762.3364","86500","238942100","2800","2809","2749","2751","2763","2773","2750","2758"
"8157","20230317","1540","1549","1513","1514","1521.0348","11500","17491900","1540","1549","1523","1528","1528","1532","1513","1514"
"8158","20230317","825","835","817","833","826.0386","227700","188089000","825","828","817","826","826","835","826","833"
"8159","20230317","1998","2010","1970","1987","1988.4199","69300","137797500","1998","2010","1970","1973","1971","1991","1971","1987"
"8160","20230317","2238","2259","2238","2245","2244.8647","107900","242220900","2238","2259","2238","2245","2243","2253","2243","2245"
"8163","20230317","941","949","939","949","945.7591","65600","62041800","941","947","939","946","945","949","945","949"
"8165","20230317","392","395","391","395","392.8484","69900","27460100","392","393","391","393","394","395","394","395"
"8166","20230317","73","76","73","76","74.5609","59900","4466200","73","74","73","74","74","76","74","76"
"8167","20230317","1279","1301","1279","1296","1293.2118","66100","85481300","1279","1301","1279","1287","1287","1299","1287","1296"
"8168","20230317","814","824","811","816","816.8947","79800","65188200","814","822","812","822","822","824","811","816"
"8173","20230317","2008","2010","1986","1988","2001.2932","174600","349425800","2008","2010","1988","1992","1992","1994","1986","1988"
"8174","20230317","1909","1932","1905","1928","1924.2972","347600","668885700","1909","1932","1905","1930","1930","1930","1917","1928"
"8179","20230317","2691","2712","2677","2705","2700.2274","140300","378841900","2691","2709","2677","2689","2684","2712","2684","2705"
"8181","20230317","738","742","737","742","739.6364","1100","813600","738","740","737","737","740","742","740","742"
"8182","20230317","1275","1300","1272","1296","1285.1733","65200","83793300","1275","1291","1272","1286","1286","1300","1285","1296"
"8185","20230317","791","802","789","800","796.9022","22500","17930300","791","799","789","796","801","802","797","800"
"8194","20230317","2508","2533","2498","2527","2520.3645","70500","177685700","2508","2528","2498","2513","2513","2533","2510","2527"
"8198","20230317","2660","2700","2660","2699","2692.0234","17100","46033600","2660","2697","2660","2694","2694","2700","2679","2699"
"8200","20230317","2262","2276","2252","2264","2264.4894","56800","128623000","2262","2276","2252","2257","2260","2265","2256","2264"
"8202","20230317","250","256","250","254","253.552","301100","76344500","250","255","250","254","254","256","253","254"
"8203","20230317","664","665","661","665","663.5462","23800","15792400","664","665","661","662","664","665","662","665"
"8207","20230317","280","282","278","278","278.8453","53000","14778800","280","282","278","280","278","280","278","278"
"8208","20230317","-","-","-","-","-","-","-","-","-","-","-","-","-","-","-"
"8209","20230317","440","440","430","435","434.1084","8300","3603100","440","440","430","433","433","435","432","435"
"8214","20230317","840","843","821","831","831.1196","263400","218916900","840","843","821","827","828","835","828","831"
"8215","20230317","911","935","911","934","928.75","400","371500","911","911","911","911","935","935","934","934"
"8217","20230317","815","819","807","810","810.1112","317500","257210300","815","819","807","808","810","815","807","810"
"8218","20230317","2685","2703","2684","2699","2695.8518","80300","216476900","2685","2702","2684","2696","2699","2703","2693","2699"
"8219","20230317","926","936","911","924","921.4136","415400","382755200","926","936","911","914","915","929","915","924"
"8225","20230317","1727","1727","1692","1713","1711","1500","2566500","1727","1727","1692","1692","1710","1716","1710","1713"
"8226","20230317","232","234","230","234","232.329","38300","8898200","232","234","230","233","233","234","232","234"
"8227","20230317","13470","13490","13330","13420","13411.8925","135800","1821335000","13470","13490","13380","13430","13410","13430","13330","13420"
"8230","20230317","353","368","352","368","361.3608","100600","36352900","353","362","352","362","363","368","361","368"
"8233","20230317","1870","1890","1858","1880","1874.046","1169100","2190947200","1870","1890","1858","1862","1868","1881","1865","1880"
"8237","20230317","1058","1067","1041","1047","1052.2107","102500","107851600","1058","1067","1041","1050","1050","1056","1046","1047"
"8242","20230317","1454","1467","1433","1455","1452.1887","758400","1101339900","1454","1467","1433","1442","1444","1461","1442","1455"
"8244","20230317","2381","2382","2355","2365","2371.1382","24600","58330000","2381","2381","2355","2370","2372","2382","2365","2365"
"8247","20230317","421","424","420","424","421.625","800","337300","421","424","420","424","424","424","424","424"
"8249","20230317","1692","1692","1691","1691","1691.669","14500","24529200","1692","1692","1691","1691","1691","1691","1691","1691"
"8252","20230317","2082","2085","2047","2062","2063.6801","1093700","2257046900","2082","2085","2047","2049","2059","2071","2057","2062"
"8253","20230317","1702","1711","1683","1700","1698.5116","847900","1440168000","1702","1711","1683","1697","1697","1705","1697","1700"
"8254","20230317","341","341","331","332","335.407","8600","2884500","341","341","331","332","335","335","332","332"
"8255","20230317","3380","3380","3300","3325","3330.382","87700","292074500","3380","3380","3340","3340","3330","3350","3300","3325"
"8256","20230317","51","56","51","56","53.0773","815800","43300500","51","54","51","53","53","56","53","56"
"8260","20230317","327","331","322","326","326.0416","117900","38440300","327","331","322","325","324","329","324","326"
"8267","20230317","2548.5","2550","2526.5","2546.5","2543.6844","2371600","6032602000","2548.5","2550","2526.5","2537.5","2537","2549","2531","2546.5"
"8273","20230317","3020","3090","3005","3080","3066.3609","184800","566663500","3020","3065","3005","3050","3065","3090","3040","3080"
"8275","20230317","1038","1051","1036","1039","1040.4571","3500","3641600","1038","1051","1038","1039","1048","1048","1036","1039"
"8276","20230317","2052","2068","2038","2049","2048.6399","108300","221867700","2052","2068","2042","2047","2044","2053","2038","2049"
"8278","20230317","1657","1666","1652","1663","1659.4435","115900","192329500","1657","1663","1652","1653","1654","1666","1654","1663"
"8279","20230317","6800","6850","6800","6830","6827.8672","49700","339345000","6800","6850","6800","6810","6840","6850","6800","6830"
"8281","20230317","981","992","975","983","981.4215","208800","204920800","981","992","979","983","982","984","975","983"
"8282","20230317","1192","1207","1190","1200","1199.5518","1468000","1760942100","1192","1206","1190","1204","1206","1207","1200","1200"
"8283","20230317","4945","4955","4845","4865","4870.5957","94000","457836000","4945","4955","4845","4850","4865","4875","4845","4865"
"8285","20230317","315","315","313","313","314.7154","321800","101275400","315","315","313","315","315","315","313","313"
"8289","20230317","505","505","502","504","503.2891","12800","6442100","505","505","502","504","504","505","503","504"
"8291","20230317","339","343","338","342","340.4844","134800","45897300","339","342","338","340","340","343","340","342"
"8301","20230317","24800","24800","24800","24800","24800","100","2480000","24800","24800","24800","24800","-","-","-","-"
"8303","20230317","2301","2317","2272","2300","2300.0143","554100","1274437900","2301","2317","2272","2299","2304","2312","2298","2300"
"8304","20230317","2391","2398","2360","2388","2382.9119","2450300","5838849000","2391","2398","2360","2378","2385","2398","2379","2388"
"8306","20230317","847.7","854.4","832.4","840.9","842.7215","132450300","111618710590","847.7","854.4","832.4","834.3","835","848.4","834","840.9"
"8308","20230317","645.6","647.6","631","637.4","637.9734","18339700","11700240030","645.6","647.6","631","632.3","632.4","638.7","632.4","637.4"
"8309","20230317","4592","4608","4501","4554","4553.7521","3823900","17413092600","4592","4608","4501","4520","4530","4561","4519","4554"
"8316","20230317","5277","5340","5173","5258","5252.5094","16764600","88056219900","5277","5340","5173","5191","5193","5267","5193","5258"
"8331","20230317","868","871","844","854","853.9018","3601600","3075412800","868","871","844","849","851","858","847","854"
"8334","20230317","449","451","437","444","443.3914","2165600","960208500","449","451","437","440","441","447","440","444"
"8336","20230317","2284","2294","2224","2264","2257.9347","191400","432168700","2284","2294","2224","2236","2244","2272","2244","2264"
"8337","20230317","482","497","470","480","478.5497","1160900","555548400","482","497","472","475","474","482","470","480"
"8338","20230317","211","213","204","208","207.416","718100","148945400","211","213","204","206","207","209","206","208"
"8341","20230317","2141","2159","2101","2135","2129.4152","355000","755942400","2141","2159","2101","2114","2117","2143","2114","2135"
"8343","20230317","1788","1802","1752","1770","1770.9187","44300","78451700","1788","1802","1754","1761","1761","1776","1752","1770"
"8344","20230317","1105","1105","1070","1070","1078.9533","117700","126992800","1105","1105","1070","1079","1083","1085","1070","1070"
"8345","20230317","2217","2250","2159","2210","2202.512","112900","248663600","2217","2250","2159","2175","2190","2223","2187","2210"
"8346","20230317","222","222","216","217","218.2707","1086600","237172900","222","222","217","219","217","219","216","217"
"8349","20230317","987","997","976","984","982.8425","29200","28699000","987","997","976","982","982","984","979","984"
"8354","20230317","2613","2618","2523","2576","2566.5277","2372700","6089600300","2613","2618","2523","2540","2541","2579","2538","2576"
"8358","20230317","446","464","444","457","455.9856","3273900","1492851400","446","462","444","461","461","464","452","457"
"8359","20230317","566","568","553","563","560.1656","3760200","2106334800","566","568","553","556","559","566","557","563"
"8360","20230317","1146","1150","1112","1130","1128.0549","143900","162327100","1146","1150","1112","1119","1122","1137","1120","1130"
"8361","20230317","1832","1840","1798","1822","1816.5114","140800","255764800","1832","1840","1798","1807","1805","1827","1802","1822"
"8362","20230317","1533","1551","1485","1500","1515.7828","125700","190533900","1533","1551","1485","1491","1495","1511","1495","1500"
"8364","20230317","1430","1441","1426","1440","1433.7409","27400","39284500","1430","1441","1426","1434","1435","1441","1431","1440"
"8365","20230317","1644","1666","1644","1659","1655.5758","16500","27317000","1644","1666","1644","1653","1665","1665","1651","1659"
"8366","20230317","2690","2712","2643","2673","2669.1943","202800","541312600","2690","2712","2643","2664","2670","2680","2655","2673"
"8367","20230317","2377","2382","2325","2361","2353.3772","129100","303821000","2377","2382","2325","2344","2346","2369","2340","2361"
"8368","20230317","373","375","364","371","369.8597","1052300","389203400","373","375","364","366","366","372","366","371"
"8369","20230317","6190","6230","6040","6120","6112.4064","419300","2562932000","6190","6230","6040","6070","6070","6150","6040","6120"
"8370","20230317","1493","1495","1458","1487","1480.7959","126900","187913000","1493","1495","1458","1465","1484","1492","1469","1487"
"8377","20230317","949","954","935","946","943.7127","384900","363235000","949","954","935","940","940","951","940","946"
"8381","20230317","751","757","730","745","740.7797","691000","511878800","751","757","730","735","737","745","736","745"
"8383","20230317","1176","1176","1160","1175","1168.3584","29300","34232900","1176","1176","1160","1163","1163","1175","1163","1175"
"8386","20230317","1827","1867","1808","1862","1844.7738","160900","296824100","1827","1856","1808","1844","1845","1867","1840","1862"
"8387","20230317","878","883","864","878","874.1376","150400","131470300","878","883","864","868","870","881","869","878"
"8388","20230317","1968","1972","1927","1948","1954.0739","144800","282949900","1968","1972","1927","1936","1940","1952","1932","1948"
"8392","20230317","2077","2096","2041","2067","2061.3509","39900","82247900","2077","2096","2041","2044","2050","2076","2042","2067"
"8393","20230317","2420","2447","2395","2423","2419.8501","62700","151724600","2420","2447","2395","2405","2405","2438","2404","2423"
"8395","20230317","1675","1683","1630","1641","1644.0164","79400","130534900","1675","1683","1630","1634","1634","1657","1632","1641"
"8399","20230317","964","965","934","950","947.3616","141600","134146400","964","965","934","938","938","952","938","950"
"8410","20230317","266","267","263","266","265.0379","8410500","2229101200","266","267","263","265","265","266","264","266"
"8411","20230317","1854","1874.5","1845","1868.5","1860.6235","24027800","44706689200","1854","1874.5","1845","1848","1847","1869.5","1847","1868.5"
"8416","20230317","678","683","664","677","671.7774","26500","17802100","678","683","664","665","667","677","667","677"
"8418","20230317","824","826","804","819","816.1476","1389100","1133710600","824","826","804","811","813","819","810","819"
"8421","20230317","273200","274200","273200","274100","273745","20","5474900","273200","274000","273200","274000","273900","274200","273700","274100"
"8424","20230317","8990","9010","8860","8940","8931.9473","87300","779759000","8990","9010","8860","8890","8890","8950","8860","8940"
"8425","20230317","3505","3520","3435","3440","3482.1661","447800","1559314000","3505","3520","3435","3440","3440","3450","3435","3440"
"8439","20230317","4405","4470","4395","4445","4434.9279","215000","953509500","4405","4460","4395","4450","4450","4470","4430","4445"
"8462","20230317","977","977","850","855","891.7195","187500","167197400","977","977","851","862","858","890","850","855"
"8473","20230317","2660","2679","2644","2666","2660.9324","2772200","7376636900","2660","2669","2644","2653","2657","2679","2648","2666"
"8508","20230317","389","394","379","392","387.202","1198800","464177700","389","393","379","383","384","394","384","392"
"8511","20230317","990","992","973","980","979.4881","138100","135267300","990","992","973","976","977","982","975","980"
"8515","20230317","349","352","347","351","350.1168","1559000","545832100","349","352","347","350","350","352","349","351"
"8518","20230317","261","266","257","257","262.5994","210700","55329700","261","266","261","261","260","262","257","257"
"8521","20230317","1422","1436","1396","1422","1413.7035","17200","24315700","1422","1436","1396","1401","1412","1423","1406","1422"
"8522","20230317","3150","3180","3085","3130","3133.2296","155900","488470500","3150","3180","3085","3110","3110","3135","3110","3130"
"8524","20230317","284","287","277","282","281.1281","1446900","406764200","284","287","277","280","280","283","279","282"
"8537","20230317","1133","1138","1118","1129","1126.3558","26700","30073700","1133","1138","1118","1119","1123","1130","1122","1129"
"8541","20230317","869","875","846","852","852.9736","87200","74379300","869","875","846","850","850","856","849","852"
"8542","20230317","1045","1058","1041","1048","1047.4244","23800","24928700","1045","1058","1041","1042","1046","1051","1043","1048"
"8544","20230317","582","585","566","579","576.1621","861400","496306000","582","585","566","570","570","582","569","579"
"8550","20230317","289","292","276","279","280.7391","983100","275994600","289","292","279","280","279","281","276","279"
"8551","20230317","1983","2007","1963","1988","1982.3158","28500","56496000","1983","2007","1963","1978","1980","1993","1975","1988"
"8558","20230317","563","567","552","559","559.3085","199000","111302400","563","567","552","553","554","565","553","559"
"8562","20230317","227","231","223","227","226.6807","367400","83282500","227","231","223","223","223","229","223","227"
"8563","20230317","670","676","663","670","669.9311","33400","22375700","670","676","666","669","670","670","663","670"
"8566","20230317","3930","3935","3885","3910","3918.4963","173900","681426500","3930","3935","3885","3890","3895","3915","3885","3910"
"8570","20230317","1207","1208","1186","1204","1199.0952","699600","838887000","1207","1207","1186","1192","1193","1208","1191","1204"
"8572","20230317","325","325","320","323","322.5083","1787500","576483600","325","325","322","323","322","323","320","323"
"8584","20230317","4400","4405","4285","4305","4314.2049","159100","686390000","4400","4405","4285","4290","4300","4325","4295","4305"
"8585","20230317","1125","1126","1116","1121","1119.5497","277400","310563100","1125","1126","1116","1117","1117","1121","1117","1121"
"8591","20230317","2165","2169","2136","2157.5","2152.7761","6479000","13947836650","2165","2169","2136","2140","2142.5","2157.5","2136.5","2157.5"
"8593","20230317","692","695","684","688","687.9993","8927400","6142045100","692","695","684","685","685","690","685","688"
"8595","20230317","2065","2075","2042","2046","2050.3289","1619400","3320302600","2065","2072","2047","2056","2056","2075","2042","2046"
"8596","20230317","909","910","874","884","884.9063","130200","115214800","909","910","874","879","878","887","874","884"
"8600","20230317","354","356","344","349","348.8261","592300","206609700","354","356","344","346","347","352","346","349"
"8601","20230317","591","595","587","591","590.6765","12667500","7482394900","591","595","587","589","588","593","588","591"
"8604","20230317","494.3","495.9","490.6","494.4","493.7755","13063600","6450486150","494.3","495.9","490.6","493.8","494.6","494.9","492.9","494.4"
"8609","20230317","400","407","399","402","402.0421","620000","249266100","400","407","399","400","401","406","400","402"
"8613","20230317","405","412","405","411","407.66","331800","135261600","405","412","405","409","408","412","408","411"
"8614","20230317","338","342","335","342","340.2016","392300","133461100","338","342","335","339","340","342","339","342"
"8616","20230317","357","359","356","358","357.4769","1410700","504292600","357","358","356","358","358","359","357","358"
"8617","20230317","392","405","388","394","398.032","12500","4975400","392","402","388","396","398","405","394","394"
"8622","20230317","298","302","296","302","298.9296","390500","116732000","298","301","296","298","299","302","299","302"
"8624","20230317","613","614","607","608","609.3771","105000","63984600","613","614","609","609","608","611","607","608"
"8628","20230317","788","796","786","793","791.7186","942200","745957300","788","793","786","791","792","796","791","793"
"8630","20230317","5420","5422","5314","5328","5336.0424","1303400","6954997700","5420","5422","5314","5333","5340","5352","5314","5328"
"8697","20230317","2020","2028.5","2012.5","2022.5","2022.5382","2022400","4090381300","2020","2028.5","2012.5","2027.5","2028","2028","2017.5","2022.5"
"8698","20230317","453","455","446","453","451.5157","2749700","1241532600","453","455","446","451","451","455","451","453"
"8699","20230317","1023","1042","1021","1025","1026.6253","38700","39730400","1023","1042","1021","1025","1028","1032","1021","1025"
"8700","20230317","1410","1413","1402","1413","1407","600","844200","1410","1410","1402","1402","1405","1413","1405","1413"
"8704","20230317","506","509","494","494","497.988","249700","124347600","506","509","496","497","498","500","494","494"
"8705","20230317","171","173","170","173","171.4286","32200","5520000","171","172","170","171","171","173","171","173"
"8706","20230317","608","608","599","603","601.9792","33600","20226500","608","608","600","601","601","603","599","603"
"8707","20230317","1334","1338","1322","1328","1327.9324","48800","64803100","1334","1338","1322","1324","1328","1332","1325","1328"
"8708","20230317","694","703","694","698","697.7351","33600","23443900","694","703","694","696","695","700","695","698"
"8713","20230317","1384","1391","1356","1364","1367.0263","91400","124946200","1384","1391","1356","1363","1365","1374","1359","1364"
"8714","20230317","236","238","231","236","234.7037","3302900","775202900","236","238","231","234","233","237","233","236"
"8715","20230317","507","513","503","504","505.4495","255200","128990700","507","513","503","505","505","506","503","504"
"8725","20230317","4183","4192","4115","4120","4128.5795","2733600","11285884800","4183","4192","4115","4140","4148","4148","4118","4120"
"8732","20230317","263","270","263","266","265.5241","234300","62212300","263","270","263","266","266","267","263","266"
"8737","20230317","330","330","325","325","327.6088","95100","31155600","330","330","327","328","327","328","325","325"
"8739","20230317","1488","1496","1472","1492","1487.0366","49200","73162200","1488","1488","1472","1481","1483","1496","1483","1492"
"8742","20230317","231","231","228","230","229.7808","7300","1677400","231","231","230","230","228","231","228","230"
"8746","20230317","129","132","127","131","129.2498","865000","111801100","129","130","127","128","129","132","129","131"
"8747","20230317","934","936","932","935","934.5455","1100","1028000","934","936","934","936","932","936","932","935"
"8750","20230317","2371","2379.5","2335.5","2360.5","2360.8991","7028900","16594523500","2371","2379.5","2335.5","2369","2372","2376","2358","2360.5"
"8766","20230317","2627.5","2633.5","2571","2589","2591.8272","10190800","26412793050","2627.5","2633.5","2574","2575","2577","2600","2571","2589"
"8769","20230317","423","436","423","434","430.2012","33800","14540800","423","430","423","430","430","436","428","434"
"8771","20230317","2174","2214","2173","2213","2201.0882","88400","194576200","2174","2208","2173","2189","2197","2214","2191","2213"
"8772","20230317","643","652","641","648","646.4675","16900","10925300","643","645","641","643","643","652","643","648"
"8783","20230317","131","135","130","132","132.5628","1311400","173842900","131","135","130","134","133","135","132","132"
"8789","20230317","62","64","61","64","62.7915","1248100","78370100","62","63","61","63","63","64","62","64"
"8793","20230317","2600","2603","2555","2559","2574.6488","82300","211893600","2600","2603","2565","2570","2569","2576","2555","2559"
"8795","20230317","1627","1636","1599","1600","1608.2649","4708200","7572032900","1627","1636","1606","1615","1616","1617","1599","1600"
"8798","20230317","1073","1082","1065","1065","1072.2988","24100","25842400","1073","1082","1069","1077","1072","1074","1065","1065"
"8801","20230317","2486","2508","2483","2489.5","2490.9771","3727500","9285117150","2486","2508","2483","2490.5","2493","2497.5","2487.5","2489.5"
"8802","20230317","1620.5","1628.5","1613.5","1618","1618.9645","5970900","9666674900","1620.5","1628.5","1613.5","1617.5","1620","1623","1615","1618"
"8803","20230317","3700","3735","3685","3700","3702.3709","116200","430215500","3700","3735","3685","3700","3715","3720","3695","3700"
"8804","20230317","1615","1624","1593","1598","1599.8466","1563600","2501520200","1615","1624","1593","1595","1597","1601","1593","1598"
"8818","20230317","1205","1210","1195","1202","1201.5672","90800","109102300","1205","1210","1196","1204","1207","1207","1195","1202"
"8830","20230317","3029","3053","3016","3041","3037.348","1230100","3736241800","3029","3053","3016","3029","3023","3043","3018","3041"
"8835","20230317","868","870","847","853","855.6335","53200","45519700","868","870","847","848","848","861","848","853"
"8836","20230317","22","22","22","22","22","46900","1031800","22","22","22","22","22","22","22","22"
"8841","20230317","621","625","615","621","620.607","400300","248429000","621","625","615","619","617","623","616","621"
"8842","20230317","4260","4260","4150","4150","4172.9054","7400","30879500","4260","4260","4160","4160","4160","4180","4150","4150"
"8844","20230317","473","479","473","478","476.5245","14300","6814300","473","479","473","475","475","479","475","478"
"8848","20230317","333","337","333","333","334.4487","1843500","616556200","333","337","333","335","336","337","333","333"
"8850","20230317","2533","2546","2507","2513","2515.6054","44600","112196000","2533","2546","2507","2518","2527","2527","2507","2513"
"8854","20230317","-","-","-","-","-","-","-","-","-","-","-","-","-","-","-"
"8860","20230317","674","675","667","669","673.2739","209600","141118200","674","675","667","669","669","672","669","669"
"8864","20230317","548","555","548","552","550.2624","62500","34391400","548","555","548","550","552","555","550","552"
"8869","20230317","900","900","873","881","883.2653","178300","157486200","900","900","873","876","876","888","876","881"
"8871","20230317","1706","1710","1697","1710","1705.6775","40000","68227100","1706","1710","1697","1701","1702","1710","1701","1710"
"8876","20230317","2089","2145","2085","2144","2130.1817","339000","722131600","2089","2124","2085","2120","2123","2145","2119","2144"
"8877","20230317","2219","2220","2189","2197","2200.3964","27500","60510900","2219","2220","2189","2193","2193","2202","2193","2197"
"8881","20230317","465","467","461","461","462.3517","99800","46142700","465","467","461","461","462","463","461","461"
"8886","20230317","1960","1970","1956","1970","1961.2","500","980600","1960","1960","1956","1956","1970","1970","1970","1970"
"8887","20230317","771","775","769","769","770.8911","10100","7786000","771","775","769","771","771","772","769","769"
"8889","20230317","459","461","459","460","459.8462","1300","597800","459","461","459","460","459","461","459","460"
"8890","20230317","1279","1304","1274","1285","1287.7768","46600","60010400","1279","1304","1274","1290","1290","1294","1284","1285"
"8891","20230317","1656","1656","1625","1625","1632.5263","1900","3101800","1656","1656","1630","1630","1628","1630","1625","1625"
"8892","20230317","833","839","830","830","832.1488","67200","55920400","833","839","830","832","833","834","830","830"
"8893","20230317","492","493","477","488","487.3713","90500","44107100","492","493","489","491","491","493","477","488"
"8894","20230317","14","14","13","14","13.9101","423800","5895100","14","14","13","14","14","14","14","14"
"8897","20230317","380","385","377","382","380.8244","402000","153091400","380","381","377","380","381","385","380","382"
"8898","20230317","1027","1027","1020","1020","1023.1111","1800","1841600","1027","1027","1027","1027","1023","1025","1020","1020"
"8903","20230317","716","723","716","718","720.3333","900","648300","716","723","716","723","723","723","718","718"
"8904","20230317","799","800","796","797","797.6821","15100","12045000","799","800","796","798","798","798","796","797"
"8905","20230317","1751","1755","1736","1748","1746.2826","551300","962725600","1751","1755","1736","1739","1739","1750","1736","1748"
"8908","20230317","770","775","767","772","771.3273","22000","16969200","770","774","767","768","770","775","769","772"
"8912","20230317","102","103","102","103","102.0011","93700","9557500","102","102","102","102","102","103","102","103"
"8914","20230317","2400","2434","2387","2410","2408.47","41700","100433200","2400","2433","2387","2404","2407","2434","2403","2410"
"8917","20230317","1101","1109","1098","1100","1100.9902","20500","22570300","1101","1109","1098","1098","1098","1104","1098","1100"
"8918","20230317","9","10","9","10","9.2885","10212100","94854700","9","10","9","9","10","10","9","10"
"8919","20230317","2639","2695","2623","2685","2671.6982","249200","665787200","2639","2662","2623","2655","2660","2695","2660","2685"
"8920","20230317","1089","1128","1088","1121","1107.4668","205000","227030700","1089","1112","1088","1107","1110","1128","1110","1121"
"8923","20230317","1425","1430","1408","1408","1415.9991","109300","154768700","1425","1430","1413","1418","1421","1421","1408","1408"
"8925","20230317","353","361","353","361","358.2271","72200","25864000","353","360","353","360","359","361","358","361"
"8927","20230317","193","193","190","192","191.3986","114400","21896000","193","193","190","193","192","193","191","192"
"8928","20230317","2197","2224","2191","2197","2207.2","4000","8828800","2197","2224","2191","2219","2224","2224","2197","2197"
"8929","20230317","1059","1069","1055","1062","1063.9156","47400","50429600","1059","1069","1055","1066","1067","1069","1061","1062"
"8931","20230317","980","980","960","969","970.6587","20800","20189700","980","980","960","971","968","969","963","969"
"8934","20230317","1222","1242","1222","1226","1226.3104","208100","255195200","1222","1242","1222","1231","1227","1231","1226","1226"
"8935","20230317","1002","1011","997","1000","1002.2261","74300","74465400","1002","1011","1001","1002","999","1002","997","1000"
"8938","20230317","962","1044","962","1043","1015.2556","115400","117160500","962","1006","962","1006","1007","1044","1001","1043"
"8940","20230317","541","545","538","542","541.8972","10700","5798300","541","543","538","542","542","545","541","542"
"8944","20230317","242","242","236","237","238.6043","18700","4461900","242","242","240","241","240","241","236","237"
"8945","20230317","955","976","955","970","967.8611","3600","3484300","955","960","955","960","968","976","968","970"
"8946","20230317","115","118","114","117","115.8243","335300","38835900","115","118","114","115","115","118","115","117"
"8995","20230317","656","656","656","656","656","100","65600","656","656","656","656","-","-","-","-"
"8996","20230317","696","711","696","711","706.0256","3900","2753500","696","703","696","703","700","711","700","711"
"8999","20230317","587","590","581","586","584.6299","56200","32856200","587","590","581","581","582","586","582","586"
"9001","20230317","3070","3180","3060","3175","3152.32","1401100","4416715500","3070","3180","3060","3165","3170","3175","3150","3175"
"9003","20230317","2203","2245","2202","2244","2220.8789","344400","764870700","2203","2244","2202","2234","2234","2245","2229","2244"
"9005","20230317","1685","1721","1683","1697","1700.5253","5727200","9739248600","1685","1721","1683","1707","1708","1712","1697","1697"
"9006","20230317","1220","1258","1220","1258","1250.2028","927000","1158938000","1220","1258","1220","1250","1252","1258","1251","1258"
"9007","20230317","1596","1640","1596","1638","1629.7427","1828000","2979169600","1596","1631","1596","1623","1624","1640","1623","1638"
"9008","20230317","4600","4745","4590","4740","4717.1783","769400","3629397000","4600","4685","4590","4640","4660","4745","4650","4740"
"9009","20230317","3860","3950","3850","3930","3922.7016","442700","1736580000","3860","3950","3850","3925","3930","3935","3920","3930"
"9010","20230317","4265","4380","4265","4360","4306.5475","106300","457786000","4265","4380","4265","4325","4340","4370","4335","4360"
"9012","20230317","2310","2355","2310","2355","2332.5","200","466500","2310","2355","2310","2355","-","-","-","-"
"9017","20230317","-","-","-","-","-","-","-","-","-","-","-","-","-","-","-"
"9020","20230317","7224","7372","7218","7353","7333.5126","1733800","12714844200","7224","7372","7218","7333","7342","7362","7325","7353"
"9021","20230317","5256","5390","5256","5374","5347.2978","1757300","9396806400","5256","5388","5256","5374","5374","5390","5366","5374"
"9022","20230317","15365","15715","15365","15700","15648.4025","722400","11304406000","15365","15690","15365","15655","15655","15715","15640","15700"
"9024","20230317","1293","1338","1293","1336","1319.2397","1775100","2341782400","1293","1321","1293","1317","1320","1338","1320","1336"
"9025","20230317","1451","1459","1440","1453","1450.3846","88400","128214000","1451","1456","1440","1444","1446","1459","1441","1453"
"9028","20230317","-","-","-","-","-","-","-","-","-","-","-","-","-","-","-"
"9029","20230317","861","870","857","861","862.2121","6600","5690600","861","870","857","860","865","865","860","861"
"9031","20230317","2383","2407","2368","2394","2392.3992","379300","907437000","2383","2407","2368","2391","2391","2399","2387","2394"
"9033","20230317","809","810","807","808","808.1667","1200","969800","809","809","807","807","810","810","808","808"
"9034","20230317","1335","1335","1307","1330","1317.2","500","658600","1335","1335","1335","1335","1307","1330","1307","1330"
"9036","20230317","864","872","864","872","870","400","348000","864","864","864","864","872","872","872","872"
"9037","20230317","3145","3165","3130","3150","3149.0467","75000","236178500","3145","3160","3130","3155","3160","3165","3130","3150"
"9039","20230317","4545","4575","4530","4535","4547.338","21600","98222500","4545","4575","4530","4555","4570","4570","4530","4535"
"9041","20230317","4210","4305","4210","4300","4274.2963","980500","4190947500","4210","4300","4210","4285","4295","4305","4280","4300"
"9042","20230317","3870","3930","3865","3930","3921.0649","570500","2236967500","3870","3930","3865","3920","3925","3930","3905","3930"
"9044","20230317","2821","2865","2818","2854","2843.4309","467600","1329588300","2821","2865","2818","2854","2855","2864","2846","2854"
"9045","20230317","3350","3415","3340","3400","3396.0731","281900","957353000","3350","3400","3340","3395","3400","3415","3395","3400"
"9046","20230317","3140","3160","3130","3140","3139.6063","12700","39873000","3140","3145","3135","3135","3130","3160","3130","3140"
"9048","20230317","1990","2052","1990","2047","2024.0613","1307500","2646460200","1990","2034","1990","2027","2025","2052","2025","2047"
"9049","20230317","3610","3660","3610","3660","3630.9091","1100","3994000","3610","3640","3610","3640","3660","3660","3660","3660"
"9051","20230317","795","795","795","795","795","1300","1033500","795","795","795","795","795","795","795","795"
"9052","20230317","2207","2229","2207","2212","2214.0814","17200","38082200","2207","2229","2207","2224","2226","2226","2211","2212"
"9055","20230317","1235","1253","1232","1232","1235.8875","220500","272513200","1235","1253","1235","1242","1241","1243","1232","1232"
"9057","20230317","2475","2490","2470","2477","2476.7692","1300","3219800","2475","2475","2470","2475","2477","2490","2477","2477"
"9058","20230317","6870","7110","6870","7110","7019.7447","23500","164964000","6870","7070","6870","7070","7040","7110","7040","7110"
"9059","20230317","1195","1200","1195","1200","1198.3333","600","719000","1195","1199","1195","1199","1199","1200","1199","1200"
"9060","20230317","-","-","-","-","-","-","-","-","-","-","-","-","-","-","-"
"9063","20230317","2718","2750","2718","2750","2728.6667","300","818600","2718","2718","2718","2718","2750","2750","2750","2750"
"9064","20230317","2235","2253","2228","2249","2246.1222","1140400","2561477700","2235","2253","2228","2247","2243","2252","2238","2249"
"9065","20230317","4900","4925","4840","4895","4889.5842","194800","952491000","4900","4900","4840","4885","4885","4925","4870","4895"
"9066","20230317","2103","2105","2047","2047","2059.1543","37600","77424200","2103","2105","2054","2057","2057","2061","2047","2047"
"9067","20230317","224","224","223","223","223.2319","6900","1540300","224","224","223","223","223","224","223","223"
"9068","20230317","3065","3135","3065","3125","3117.8398","20600","64227500","3065","3115","3065","3105","3115","3135","3115","3125"
"9069","20230317","946","950","943","947","946.587","226900","214780600","946","948","944","945","946","950","943","947"
"9070","20230317","3935","3950","3910","3950","3939.9074","5400","21275500","3935","3935","3910","3925","3925","3950","3920","3950"
"9072","20230317","2509","2509","2473","2492","2489.9751","72300","180025200","2509","2509","2478","2483","2483","2492","2473","2492"
"9073","20230317","568","570","568","570","569","200","113800","-","-","-","-","568","570","568","570"
"9074","20230317","2289","2322","2289","2315","2303.6667","3600","8293200","2289","2301","2289","2301","2314","2322","2314","2315"
"9075","20230317","3515","3540","3485","3515","3513.4191","79700","280019500","3515","3540","3500","3505","3515","3530","3485","3515"
"9076","20230317","1417","1448","1417","1442","1438.7046","428600","616628800","1417","1439","1417","1435","1439","1448","1432","1442"
"9078","20230317","853","853","846","846","847.8333","3000","2543500","853","853","846","850","849","849","846","846"
"9081","20230317","3230","3235","3220","3225","3229.3548","18600","60066000","3230","3230","3220","3230","3230","3235","3225","3225"
"9082","20230317","782","783","782","783","782.5","200","156500","782","782","782","782","783","783","783","783"
"9083","20230317","3430","3465","3430","3455","3442.7273","1100","3787000","3430","3455","3430","3455","3455","3465","3455","3455"
"9087","20230317","2507","2595","2487","2487","2546.9091","2200","5603200","2507","2509","2495","2495","2595","2595","2487","2487"
"9090","20230317","1945","1991","1943","1978","1973.199","422200","833084600","1945","1991","1943","1963","1969","1984","1962","1978"
"9099","20230317","1213","1234","1203","1232","1220.36","17500","21356300","1213","1215","1203","1206","1206","1234","1206","1232"
"9101","20230317","3330","3366","3261","3314","3312.7926","16504400","54675654500","3330","3366","3261","3318","3323","3346","3314","3314"
"9104","20230317","3545","3565","3460","3530","3519.39","11801300","41533377000","3545","3555","3460","3535","3540","3565","3525","3530"
"9107","20230317","3300","3325","3235","3255","3273.1673","8435000","27609166500","3300","3325","3235","3270","3280","3295","3255","3255"
"9110","20230317","4505","4515","4390","4500","4478.1312","140200","627834000","4505","4515","4390","4495","4495","4510","4480","4500"
"9115","20230317","641","642","618","627","626.4816","177100","110949900","641","642","618","624","623","631","623","627"
"9119","20230317","1098","1104","1071","1084","1086.5705","2596700","2821497700","1098","1103","1071","1097","1098","1104","1084","1084"
"9127","20230317","1565","1576","1546","1559","1559.5135","11100","17310600","1565","1576","1546","1555","1555","1561","1551","1559"
"9130","20230317","938","945","932","941","939.0694","7200","6761300","938","941","932","941","941","945","937","941"
"9142","20230317","2965","3025","2965","3025","3011.3432","1334900","4019842100","2965","3025","2965","3015","3020","3025","3005","3025"
"9143","20230317","1925","1950","1921","1945","1942.0138","1203300","2336825200","1925","1950","1921","1944","1945","1948","1935","1945"
"9145","20230317","1951","1967","1950","1967","1954.7887","7100","13879000","1951","1966","1950","1951","1950","1967","1950","1967"
"9147","20230317","7730","7810","7680","7800","7780.9651","415500","3232991000","7730","7780","7680","7740","7750","7810","7740","7800"
"9171","20230317","553","560","545","559","554.1538","2600","1440800","553","559","545","545","555","560","555","559"
"9173","20230317","2400","2404","2399","2404","2400.5","400","960200","2400","2400","2400","2400","2399","2404","2399","2404"
"9193","20230317","483","486","479","484","483.1818","5500","2657500","483","483","479","482","482","486","481","484"
"9201","20230317","2506","2565","2505","2563","2541.8087","3528000","8967501200","2506","2542","2505","2540","2545","2565","2543","2563"
"9202","20230317","2731","2795","2730.5","2795","2766.7937","3709400","10263144650","2731","2758","2730.5","2754","2760","2795","2759","2795"
"9204","20230317","1219","1251","1216","1243","1236.6749","1207500","1493285000","1219","1251","1216","1232","1239","1245","1233","1243"
"9206","20230317","2528","2530","2510","2530","2526.5385","1300","3284500","2528","2530","2510","2530","2530","2530","2529","2530"
"9211","20230317","1921","2057","1920","1994","1994.1468","50400","100505000","1921","2057","1920","1999","2003","2021","1983","1994"
"9212","20230317","740","765","703","757","740.3439","550100","407263200","740","745","703","726","727","765","727","757"
"9213","20230317","1036","1097","1034","1097","1054.6881","10900","11496100","1036","1050","1034","1050","1036","1097","1036","1097"
"9214","20230317","1860","1860","1828","1849","1842.0857","3500","6447300","1860","1860","1841","1852","1843","1849","1828","1849"
"9215","20230317","781","790","775","790","782.625","800","626100","781","788","780","788","776","790","775","790"
"9216","20230317","1705","1720","1692","1704","1706.0851","52900","90251900","1705","1720","1692","1703","1695","1714","1695","1704"
"9218","20230317","1140","1183","1140","1170","1162.6424","60400","70223600","1140","1160","1140","1150","1155","1183","1155","1170"
"9219","20230317","2475","2530","2410","2419","2461.3079","90300","222256100","2475","2530","2414","2490","2482","2510","2410","2419"
"9220","20230317","1174","1174","1159","1159","1161.3333","900","1045200","1174","1174","1160","1160","1160","1160","1159","1159"
"9221","20230317","1911","2001","1862","1994","1942.337","18400","35739000","1911","1966","1862","1942","1964","2001","1945","1994"
"9227","20230317","1803","1854","1744","1834","1797.4027","1253300","2252684800","1803","1818","1744","1775","1747","1854","1747","1834"
"9229","20230317","8130","8550","8120","8510","8397.3112","217200","1823896000","8130","8480","8120","8460","8450","8550","8430","8510"
"9232","20230317","1388","1404","1385","1397","1394.6585","8200","11436200","1388","1391","1385","1389","1389","1404","1388","1397"
"9233","20230317","848","848","836","839","841.739","82000","69022600","848","848","836","842","842","848","839","839"
"9240","20230317","436","446","436","441","439.4865","7400","3252200","436","440","436","438","439","446","439","441"
"9241","20230317","1083","1092","1083","1091","1088.8","500","544400","1083","1090","1083","1090","1092","1092","1091","1091"
"9242","20230317","1704","1780","1700","1706","1734.0959","7300","12658900","1704","1780","1704","1712","1708","1708","1700","1706"
"9244","20230317","973","1007","973","1007","993","2200","2184600","973","973","973","973","987","1007","987","1007"
"9245","20230317","1150","1159","1102","1153","1129.2545","16500","18632700","1150","1150","1102","1127","1117","1159","1117","1153"
"9246","20230317","5110","5250","4980","5170","5147.5693","79400","408717000","5110","5150","4980","5150","5160","5250","5120","5170"
"9247","20230317","1401","1422","1383","1417","1405.4167","228700","321418800","1401","1408","1383","1392","1396","1422","1394","1417"
"9248","20230317","1488","1506","1483","1485","1494.2099","26200","39148300","1488","1503","1488","1500","1500","1506","1483","1485"
"9249","20230317","1701","1701","1701","1701","1701","100","170100","-","-","-","-","1701","1701","1701","1701"
"9250","20230317","2724","2835","2724","2787","2799.7353","3400","9519100","2724","2801","2724","2801","2825","2835","2787","2787"
"9251","20230317","1044","1062","1035","1057","1051.4185","35600","37430500","1044","1058","1035","1057","1057","1062","1049","1057"
"9252","20230317","1521","1600","1521","1581","1568.9615","7800","12237900","1521","1600","1521","1580","1577","1590","1556","1581"
"9253","20230317","763","763","758","762","760.85","2000","1521700","763","763","758","758","761","763","759","762"
"9254","20230317","1495","1524","1456","1497","1476.5547","26500","39128700","1495","1524","1460","1465","1468","1497","1456","1497"
"9256","20230317","979","979","960","960","965.1","1000","965100","979","979","979","979","964","964","960","960"
"9257","20230317","700","702","700","700","700.0267","7500","5250200","700","702","700","700","-","-","-","-"
"9258","20230317","521","537","521","533","532.4528","5300","2822000","521","534","521","528","528","537","528","533"
"9259","20230317","1130","1214","1130","1195","1178.9135","18500","21809900","1130","1191","1130","1175","1188","1214","1188","1195"
"9260","20230317","3465","3495","3420","3425","3445.6957","23000","79251000","3465","3495","3440","3455","3455","3470","3420","3425"
"9262","20230317","1406","1408","1358","1363","1373.5295","191300","262756200","1406","1408","1362","1380","1380","1383","1358","1363"
"9263","20230317","149","154","148","151","150.2623","622100","93478200","149","154","148","150","154","154","148","151"
"9264","20230317","1411","1411","1309","1351","1360.3208","5300","7209700","1411","1411","1309","1362","1362","1362","1351","1351"
"9265","20230317","1874","1874","1847","1849","1861.3125","3200","5956200","1874","1874","1856","1858","1849","1858","1847","1849"
"9267","20230317","3825","3890","3825","3870","3866.6418","13400","51813000","3825","3870","3825","3865","3870","3890","3860","3870"
"9268","20230317","923","923","903","910","909.0417","21600","19635300","923","923","903","907","908","914","906","910"
"9270","20230317","1771","1825","1771","1804","1808.9691","29100","52641000","1771","1820","1771","1815","1807","1825","1804","1804"
"9271","20230317","354","354","351","351","351.931","2900","1020600","354","354","351","353","353","353","351","351"
"9272","20230317","3445","3675","3445","3675","3605.2147","16300","58765000","3445","3575","3445","3560","3575","3675","3575","3675"
"9273","20230317","660","677","660","676","670.8098","32600","21868400","660","671","660","669","670","677","669","676"
"9274","20230317","634","639","610","610","615.6253","2341100","1441240400","634","639","617","624","624","628","610","610"
"9275","20230317","897","899","896","899","897.8846","2600","2334500","897","899","897","899","899","899","896","899"
"9278","20230317","1219","1239","1218","1237","1234.2713","43500","53690800","1219","1238","1218","1234","1236","1239","1233","1237"
"9279","20230317","3880","4140","3785","4080","3981.2166","247000","983360500","3880","4140","3785","4040","4050","4110","4025","4080"
"9301","20230317","3185","3185","3135","3175","3170.1304","249200","789996500","3185","3185","3135","3180","3175","3185","3160","3175"
"9302","20230317","4010","4015","3960","3995","3989.2498","111300","444003500","4010","4015","3960","3970","3970","4015","3960","3995"
"9303","20230317","2271","2288","2265","2283","2281.7687","347100","792001900","2271","2284","2265","2280","2279","2288","2275","2283"
"9304","20230317","2169","2230","2167","2229","2209.2063","38300","84612600","2169","2196","2168","2168","2168","2230","2167","2229"
"9305","20230317","1674","1684","1665","1678","1675.3568","18500","30994100","1674","1676","1665","1674","1674","1684","1669","1678"
"9306","20230317","289","292","286","292","289.9293","31100","9016800","289","290","286","286","287","292","287","292"
"9307","20230317","610","612","608","608","610.9762","4200","2566100","610","611","610","611","611","612","608","608"
"9308","20230317","2082","2090","2031","2050","2047.786","363000","743346300","2082","2090","2031","2033","2033","2052","2031","2050"
"9310","20230317","576","590","576","589","581.0909","140800","81817600","576","585","576","583","585","590","583","589"
"9311","20230317","-","-","-","-","-","-","-","-","-","-","-","-","-","-","-"
"9312","20230317","1593","1608","1592","1608","1599.7917","4800","7679000","1593","1601","1593","1597","1596","1608","1592","1608"
"9313","20230317","665","680","657","680","667.2143","1400","934100","665","666","657","657","666","680","666","680"
"9318","20230317","3","3","2","3","2.997","10105700","30287100","3","3","2","3","3","3","2","3"
"9319","20230317","1086","1096","1085","1096","1092.1519","27000","29488100","1086","1096","1085","1094","1091","1096","1090","1096"
"9322","20230317","1018","1018","1009","1014","1014.8421","1900","1928200","1018","1018","1015","1016","1016","1016","1009","1014"
"9324","20230317","1003","1026","999","1023","1006.2137","170300","171358200","1003","1005","999","1001","1002","1026","1000","1023"
"9325","20230317","1254","1291","1240","1281","1269.3866","49400","62707700","1254","1280","1240","1280","1278","1291","1269","1281"
"9326","20230317","400","404","392","395","397.1245","26500","10523800","400","400","392","399","399","404","395","395"
"9327","20230317","504","511","504","510","506.5789","3800","1925000","504","511","504","505","504","511","504","510"
"9336","20230317","1824","1894","1819","1846","1857.9194","581900","1081123300","1824","1894","1819","1868","1859","1863","1844","1846"
"9337","20230317","2047","2103","2017","2017","2074.8091","11000","22822900","2047","2103","2047","2079","2079","2103","2017","2017"
"9338","20230317","9840","10190","9660","9660","9943.0435","9200","91476000","9840","10190","9840","9850","9900","9900","9660","9660"
"9339","20230317","1736","1789","1736","1780","1764.4255","14100","24878400","1736","1756","1736","1750","1752","1789","1752","1780"
"9340","20230317","679","695","671","688","684.5962","20800","14239600","679","690","671","690","685","695","685","688"
"9341","20230317","1290","1340","1277","1318","1314.5975","65100","85580300","1290","1340","1277","1327","1331","1332","1304","1318"
"9342","20230317","1510","1766","1510","1651","1666.6684","79000","131666800","1510","1766","1510","1610","1630","1681","1612","1651"
"9351","20230317","1375","1390","1370","1370","1380.4348","9200","12700000","1375","1383","1375","1382","1383","1390","1370","1370"
"9353","20230317","-","-","-","-","-","-","-","-","-","-","-","-","-","-","-"
"9355","20230317","1517","1517","1501","1501","1509","400","603600","1517","1517","1501","1501","-","-","-","-"
"9360","20230317","1589","1652","1589","1615","1624.2105","1900","3086000","1589","1652","1589","1636","1636","1636","1603","1615"
"9361","20230317","1817","1837","1745","1760","1780.75","3200","5698400","1817","1837","1748","1748","1767","1785","1745","1760"
"9362","20230317","2430","2480","2390","2474","2449.1739","2300","5633100","2430","2480","2430","2480","2476","2478","2390","2474"
"9363","20230317","315","315","311","315","314.4615","1300","408800","-","-","-","-","315","315","311","315"
"9364","20230317","2779","2809","2759","2803","2793.9209","568600","1588623400","2779","2782","2759","2778","2773","2809","2766","2803"
"9365","20230317","1500","1512","1472","1512","1503.7778","900","1353400","1500","1512","1472","1512","1512","1512","1512","1512"
"9366","20230317","748","748","737","741","742.2737","9500","7051600","748","748","737","740","740","743","739","741"
"9367","20230317","724","729","724","729","727","900","654300","724","724","724","724","728","729","726","729"
"9368","20230317","1033","1035","1020","1035","1030.7602","19600","20202900","1033","1033","1020","1025","1026","1035","1026","1035"
"9369","20230317","948","970","948","964","964.2577","29100","28059900","948","970","948","965","965","970","964","964"
"9376","20230317","443","450","443","450","446.3","1000","446300","443","448","443","448","450","450","450","450"
"9377","20230317","764","814","762","813","797.6016","48700","38843200","764","810","762","809","800","814","800","813"
"9380","20230317","299","299","297","299","298.0479","14600","4351500","299","299","297","298","297","299","297","299"
"9381","20230317","1616","1635","1616","1626","1625.421","52500","85334600","1616","1635","1616","1620","1617","1631","1617","1626"
"9384","20230317","2176","2207","2176","2205","2197.8192","17700","38901400","2176","2207","2176","2206","2203","2206","2193","2205"
"9385","20230317","573","573","569","569","570.8085","14100","8048400","573","573","572","573","573","573","569","569"
"9386","20230317","1583","1620","1582","1619","1607.1649","27900","44839900","1583","1620","1582","1610","1611","1619","1604","1619"
"9399","20230317","17","18","17","18","17.1842","110247","1894505","17","18","17","17","17","18","17","18"
"9401","20230317","1886","1899","1856","1873","1874.928","547100","1025773100","1886","1899","1856","1877","1878","1884","1871","1873"
"9404","20230317","1134","1141","1125","1129","1129.3871","1804600","2038091900","1134","1141","1125","1130","1128","1136","1127","1129"
"9405","20230317","666","673","663","672","668.7474","47500","31765500","666","669","663","668","668","673","668","672"
"9408","20230317","1468","1468","1468","1468","1468","300","440400","-","-","-","-","1468","1468","1468","1468"
"9409","20230317","1510","1516","1480","1490","1494.3782","213100","318452000","1510","1516","1480","1490","1490","1495","1486","1490"
"9412","20230317","506","507","499","501","501.6908","376500","188886600","506","507","499","500","501","503","500","501"
"9413","20230317","2351","2365","2341","2346","2350.0684","39500","92827700","2351","2365","2342","2350","2350","2354","2341","2346"
"9414","20230317","899","907","899","900","903.4816","24500","22135300","899","906","899","905","902","907","900","900"
"9416","20230317","1578","1586","1551","1566","1568.2357","325800","510931200","1578","1586","1551","1552","1551","1578","1551","1566"
"9417","20230317","414","421","410","416","415.6516","24400","10141900","414","421","410","419","419","421","416","416"
"9418","20230317","2490","2507","2461","2490","2492.3217","177200","441639400","2490","2507","2461","2498","2498","2504","2485","2490"
"9419","20230317","245","246","242","244","244.1139","7900","1928500","245","246","242","245","245","246","244","244"
"9421","20230317","517","517","513","513","514.6364","1100","566100","517","517","513","513","514","515","513","513"
"9423","20230317","106","107","105","107","105.9775","249400","26430800","106","106","105","106","105","107","105","107"
"9424","20230317","233","234","230","231","232.2016","2461800","571634000","233","234","230","231","232","234","231","231"
"9425","20230317","261","264","260","262","261.1487","19500","5092400","261","263","260","261","261","264","261","262"
"9428","20230317","1157","1157","1110","1113","1121.0667","7500","8408000","1157","1157","1117","1117","1118","1124","1110","1113"
"9432","20230317","4002","4022","3992","4006","4007.7806","5741700","23011473900","4002","4022","3992","4003","4000","4020","3997","4006"
"9433","20230317","4046","4072","4041","4063","4058.205","5518700","22396015800","4046","4072","4041","4050","4050","4063","4046","4063"
"9434","20230317","1539","1551.5","1536.5","1548.5","1546.7122","11332700","17528425850","1539","1546","1536.5","1541","1542","1551.5","1541.5","1548.5"
"9435","20230317","18380","18560","18270","18490","18455.2448","77600","1432127000","18380","18500","18270","18390","18430","18560","18360","18490"
"9436","20230317","3050","3065","2949","2949","2972.4534","582900","1732643100","3050","3065","3030","3040","3035","3040","2949","2949"
"9438","20230317","550","570","547","561","561.0249","36100","20253000","550","565","547","565","566","570","561","561"
"9439","20230317","164","165","162","165","164.0877","5700","935300","164","164","162","164","164","165","164","165"
"9441","20230317","1609","1627","1604","1621","1613.5185","2700","4356500","1609","1627","1604","1622","1612","1621","1610","1621"
"9444","20230317","650","651","649","651","649.8462","1300","844800","650","650","649","649","650","651","650","651"
"9445","20230317","336","337","336","337","336.1875","1600","537900","336","336","336","336","336","337","336","337"
"9446","20230317","551","551","550","551","550.875","800","440700","551","551","550","551","-","-","-","-"
"9449","20230317","2546","2612","2546","2607","2590.7957","334300","866103000","2546","2590","2546","2586","2584","2612","2583","2607"
"9450","20230317","852","928","851","905","896.3418","603800","541211200","852","928","851","900","900","911","890","905"
"9466","20230317","281","286","281","284","282.3077","13000","3670000","281","286","281","282","282","284","281","284"
"9467","20230317","2639","2845","2634","2832","2784.5112","40300","112215800","2639","2845","2634","2811","2807","2833","2792","2832"
"9468","20230317","2674","2752","2643","2746","2714.6656","447100","1213727000","2674","2699","2643","2695","2697","2752","2697","2746"
"9470","20230317","830","839","828","828","830.8051","140100","116395800","830","839","829","835","835","836","828","828"
"9474","20230317","825","826","816","818","819.515","209900","172016200","825","826","821","824","824","824","816","818"
"9475","20230317","305","309","305","308","307.6438","16000","4922300","305","307","305","307","307","309","305","308"
"9476","20230317","449","449","449","449","449","100","44900","-","-","-","-","449","449","449","449"
"9478","20230317","245","246","244","246","244.758","68600","16790400","245","245","244","245","244","246","244","246"
"9479","20230317","204","204","201","204","202.3415","45100","9125600","204","204","201","201","201","204","201","204"
"9501","20230317","460","466","458","458","460.7178","14123500","6506947800","460","466","458","460","461","462","458","458"
"9502","20230317","1431","1438","1403","1408","1413.1854","3878000","5480333100","1431","1438","1403","1404","1408","1412","1405","1408"
"9503","20230317","1288","1302","1267","1271","1275.2189","4465700","5694745000","1288","1302","1274","1274","1273","1276","1267","1271"
"9504","20230317","677","681","664","666","668.8579","1920700","1284675400","677","681","670","671","671","672","664","666"
"9505","20230317","610","617","603","605","607.5053","1456400","884770700","610","617","603","609","610","612","605","605"
"9506","20230317","663","672","650","650","655.3046","3115800","2041798000","663","672","661","661","661","662","650","650"
"9507","20230317","739","745","733","734","736.4335","720700","530747600","739","745","735","737","740","740","733","734"
"9508","20230317","744","755","736","737","741.9297","2725900","2022426300","744","755","740","740","742","742","736","737"
"9509","20230317","479","481","471","472","474.3529","705300","334561100","479","481","472","474","473","475","471","472"
"9511","20230317","1047","1062","1043","1051","1052.0973","192100","202107900","1047","1062","1043","1051","1053","1054","1045","1051"
"9513","20230317","2132","2133","2095","2115","2112.2844","1386700","2929104800","2132","2133","2095","2098","2100","2115","2096","2115"
"9514","20230317","605","633","605","631","623.3549","128200","79914100","605","626","605","626","624","633","624","631"
"9517","20230317","1774","1849","1765","1844","1818.543","424500","771971500","1774","1808","1765","1807","1813","1849","1808","1844"
"9519","20230317","1901","1997","1895","1990","1953.8554","1386600","2709215900","1901","1937","1895","1930","1942","1997","1941","1990"
"9522","20230317","312","325","312","321","320.1339","91100","29164200","312","325","312","321","322","325","319","321"
"9531","20230317","2500","2513","2493","2497","2499.4783","1681500","4202872800","2500","2513","2494","2503","2498","2504","2493","2497"
"9532","20230317","2229","2274","2219","2224","2233.9399","1832500","4093694900","2229","2274","2226","2245","2241","2242","2219","2224"
"9533","20230317","2513","2555","2506","2530","2533.5413","402700","1020257100","2513","2555","2506","2544","2545","2547","2527","2530"
"9534","20230317","1885","1909","1885","1890","1890.4418","24900","47072000","1885","1909","1885","1893","1893","1897","1888","1890"
"9535","20230317","347","347","341","342","345.2144","169300","58444800","347","347","341","343","343","343","341","342"
"9536","20230317","1786","1797","1780","1790","1789.6592","66900","119728200","1786","1795","1784","1784","1789","1797","1780","1790"
"9537","20230317","-","-","-","-","-","-","-","-","-","-","-","-","-","-","-"
"9539","20230317","2357","2373","2356","2363","2362","800","1889600","2357","2359","2356","2356","2360","2373","2360","2363"
"9543","20230317","1175","1201","1173","1184","1187.3614","164100","194846000","1175","1201","1173","1188","1188","1189","1182","1184"
"9551","20230317","1678","1690","1665","1682","1679.6252","110200","185094700","1678","1682","1665","1670","1670","1690","1668","1682"
"9552","20230317","9120","9780","9110","9710","9539.1225","888900","8479326000","9120","9720","9110","9660","9650","9780","9610","9710"
"9553","20230317","2973","3020","2892","2914","2954.7425","353800","1045387900","2973","3015","2892","2993","2980","3020","2909","2914"
"9554","20230317","1120","1160","1109","1142","1135.3405","37300","42348200","1120","1140","1109","1136","1135","1160","1135","1142"
"9556","20230317","5900","6350","5640","6150","6012.0211","408200","2454107000","5900","6350","5640","6170","6210","6230","6010","6150"
"9557","20230317","447","450","436","450","442.3394","10900","4821500","447","448","436","439","440","450","438","450"
"9558","20230317","3310","3425","3270","3410","3367.8214","56000","188598000","3310","3375","3270","3370","3375","3425","3370","3410"
"9560","20230317","1764","1873","1764","1873","1828.9883","85600","156561400","1764","1839","1764","1823","1819","1873","1805","1873"
"9561","20230317","716","733","715","732","724.7039","68900","49932100","716","733","716","723","715","732","715","732"
"9562","20230317","1460","1510","1460","1500","1492.7436","3900","5821700","1460","1510","1460","1485","1500","1500","1499","1500"
"9563","20230317","1513","1578","1509","1557","1544.9474","87400","135028400","1513","1578","1509","1554","1554","1575","1540","1557"
"9564","20230317","1580","1580","1544","1570","1560.2857","4900","7645400","1580","1580","1578","1578","1578","1578","1544","1570"
"9565","20230317","4075","4240","3950","4240","4156.7962","169800","705824000","4075","4175","3950","4145","4145","4240","4105","4240"
"9600","20230317","1263","1292","1261","1283","1282.4097","47600","61042700","1263","1269","1261","1267","1267","1292","1267","1283"
"9601","20230317","11180","11380","11180","11350","11330.9206","31500","356924000","11180","11370","11180","11350","11320","11380","11320","11350"
"9602","20230317","4930","4985","4920","4955","4956.5054","433100","2146662500","4930","4985","4920","4965","4965","4970","4940","4955"
"9603","20230317","1949","2000","1943","1990","1980.6826","1330700","2635694400","1949","1989","1943","1972","1975","2000","1975","1990"
"9605","20230317","17470","17610","17370","17570","17527.8788","16500","289210000","17470","17550","17370","17540","17610","17610","17510","17570"
"9610","20230317","171","173","169","173","171.1171","22200","3798800","171","172","169","172","172","173","171","173"
"9612","20230317","2884","2918","2880","2906","2902.3446","17700","51371500","2884","2914","2880","2914","2914","2918","2903","2906"
"9613","20230317","1688","1702","1670","1701","1693.1606","4072400","6895227400","1688","1690","1670","1684","1684","1702","1684","1701"
"9616","20230317","5250","5350","5230","5330","5311.7942","337200","1791137000","5250","5340","5230","5320","5320","5350","5320","5330"
"9619","20230317","1264","1276","1259","1265","1263.9372","192800","243687100","1264","1276","1260","1260","1262","1268","1259","1265"
"9621","20230317","3180","3235","3100","3100","3126.0138","319600","999074000","3180","3235","3175","3220","3210","3220","3100","3100"
"9622","20230317","908","908","899","900","902.763","13500","12187300","908","908","899","903","902","907","900","900"
"9625","20230317","935","946","915","922","929.7123","28500","26496800","935","946","915","924","925","926","919","922"
"9627","20230317","5580","5610","5530","5600","5589.9059","85000","475142000","5580","5580","5530","5580","5570","5610","5570","5600"
"9628","20230317","2123","2176","2123","2161","2152.0541","7400","15925200","2123","2170","2123","2166","2153","2176","2153","2161"
"9629","20230317","1226","1264","1226","1256","1232.8215","62200","76681500","1226","1252","1226","1251","1251","1264","1251","1256"
"9632","20230317","9240","9240","8870","8920","8983.6","15000","134754000","9240","9240","8870","8900","8920","9000","8900","8920"
"9633","20230317","1137","1137","1132","1133","1133.8657","6700","7596900","1137","1137","1132","1134","1133","1134","1132","1133"
"9635","20230317","2007","2007","1999","2000","2003.4","1000","2003400","2007","2007","2007","2007","1999","2007","1999","2000"
"9636","20230317","3215","3230","3215","3230","3221.6667","300","966500","3215","3215","3215","3215","3220","3230","3220","3230"
"9637","20230317","3140","3140","3115","3115","3130","1200","3756000","3140","3140","3115","3135","3135","3135","3115","3115"
"9639","20230317","3620","3635","3550","3610","3582.5862","2900","10389500","3620","3635","3550","3550","3555","3610","3555","3610"
"9640","20230317","1840","1842","1827","1834","1831.3617","4700","8607400","1840","1840","1840","1840","1840","1842","1827","1834"
"9644","20230317","886","901","885","899","894.6857","14000","12525600","886","901","885","892","892","900","892","899"
"9647","20230317","3490","3550","3430","3535","3499.1304","2300","8048000","3490","3550","3430","3550","3490","3535","3475","3535"
"9651","20230317","911","918","906","918","909.6087","2300","2092100","911","912","906","909","910","918","910","918"
"9656","20230317","513","513","500","507","506.0704","7100","3593100","513","513","500","508","507","509","506","507"
"9658","20230317","2079","2098","2075","2086","2089.18","20000","41783600","2079","2098","2075","2093","2087","2098","2080","2086"
"9661","20230317","4750","4770","4710","4770","4740.9804","5100","24179000","4750","4760","4710","4755","4740","4770","4740","4770"
"9663","20230317","7130","7200","7050","7060","7112.1849","11900","84635000","7130","7200","7120","7130","7120","7130","7050","7060"
"9672","20230317","3450","3475","3430","3435","3444.0058","103100","355077000","3450","3475","3430","3440","3445","3445","3435","3435"
"9675","20230317","1245","1248","1238","1244","1243.121","12400","15414700","1245","1245","1238","1240","1238","1248","1238","1244"
"9678","20230317","2101","2122","2100","2113","2113.1178","126500","267309400","2101","2122","2100","2112","2109","2119","2109","2113"
"9679","20230317","-","-","-","-","-","-","-","-","-","-","-","-","-","-","-"
"9682","20230317","3200","3205","3165","3195","3192.1281","53100","169502000","3200","3200","3165","3185","3200","3205","3190","3195"
"9684","20230317","6200","6380","6190","6370","6338.0934","539700","3420669000","6200","6350","6190","6340","6350","6380","6340","6370"
"9685","20230317","425","430","420","425","428.0667","1500","642100","425","428","420","428","430","430","425","425"
"9686","20230317","942","942","933","941","937.3125","1600","1499700","942","942","938","938","938","941","933","941"
"9687","20230317","2359","2359","2337","2338","2347.5","600","1408500","2359","2359","2337","2337","2338","2338","2338","2338"
"9691","20230317","1825","1835","1825","1835","1827.75","400","731100","1825","1826","1825","1826","1835","1835","1835","1835"
"9692","20230317","1295","1312","1290","1309","1301.9779","68000","88534500","1295","1312","1290","1297","1295","1309","1295","1309"
"9696","20230317","827","860","827","850","843.2838","22200","18720900","827","841","827","837","837","860","836","850"
"9697","20230317","4445","4630","4440","4620","4588.8528","1223400","5614002500","4445","4570","4440","4565","4565","4630","4560","4620"
"9698","20230317","890","894","888","891","890.0442","18100","16109800","890","894","889","890","890","892","888","891"
"9699","20230317","3080","3095","3050","3065","3071.5997","59700","183374500","3080","3095","3050","3075","3080","3085","3065","3065"
"9701","20230317","3450","3480","3430","3430","3466.3333","1500","5199500","3450","3480","3450","3475","3480","3480","3430","3430"
"9702","20230317","1197","1215","1197","1200","1208.5124","60300","72873300","1197","1215","1197","1210","1210","1215","1199","1200"
"9704","20230317","26","26","25","26","25.8018","215400","5557700","26","26","25","25","25","26","25","26"
"9706","20230317","6370","6570","6360","6570","6527.8309","282600","1844765000","6370","6490","6360","6480","6500","6570","6490","6570"
"9708","20230317","1915","1920","1910","1920","1916.4722","3600","6899300","1915","1915","1910","1915","1919","1920","1919","1920"
"9709","20230317","662","662","648","654","654.0385","2600","1700500","662","662","648","654","654","655","650","654"
"9713","20230317","1345","1345","1330","1334","1336.5909","2200","2940500","1345","1345","1332","1340","1333","1339","1330","1334"
"9715","20230317","3155","3155","3080","3130","3117.937","139600","435264000","3155","3155","3080","3115","3110","3150","3110","3130"
"9716","20230317","895","897","888","892","891.9607","226300","201850700","895","897","888","893","893","895","888","892"
"9717","20230317","1258","1276","1258","1273","1270.3639","29400","37348700","1258","1274","1258","1274","1274","1276","1272","1273"
"9719","20230317","1940","1950","1928","1949","1945.3731","795700","1547933400","1940","1950","1928","1947","1950","1950","1940","1949"
"9720","20230317","3955","3955","3905","3905","3930","200","786000","3955","3955","3955","3955","3905","3905","3905","3905"
"9722","20230317","3265","3280","3240","3255","3259.668","25600","83447500","3265","3270","3240","3255","3250","3280","3245","3255"
"9723","20230317","696","705","696","702","701.1875","1600","1121900","696","702","696","701","705","705","702","702"
"9726","20230317","1634","1663","1627","1657","1650.7902","61000","100698200","1634","1662","1627","1650","1650","1663","1647","1657"
"9728","20230317","2560","2577","2560","2569","2569.5594","32000","82225900","2560","2577","2560","2572","2569","2576","2568","2569"
"9729","20230317","1919","1972","1918","1949","1946.9433","30000","58408300","1919","1955","1918","1946","1948","1972","1945","1949"
"9731","20230317","1622","1711","1622","1699","1684.8111","21700","36560400","1622","1710","1622","1710","1688","1711","1687","1699"
"9733","20230317","7030","7200","7030","7180","7162.8571","700","5014000","7030","7200","7030","7170","7180","7180","7180","7180"
"9734","20230317","1192","1192","1189","1191","1190.8377","30200","35963300","1192","1192","1189","1190","1190","1191","1190","1191"
"9735","20230317","7953","8026","7943","8001","7994.7406","723100","5780996900","7953","8026","7943","8023","8023","8023","7989","8001"
"9739","20230317","2097","2127","2097","2123","2114.6774","9300","19666500","2097","2115","2097","2110","2107","2127","2107","2123"
"9740","20230317","2533","2585","2527","2535","2545.8614","16600","42261300","2533","2585","2533","2541","2531","2548","2527","2535"
"9742","20230317","1351","1362","1306","1306","1319.7839","106900","141084900","1351","1357","1351","1356","1356","1362","1306","1306"
"9743","20230317","764","775","762","775","772.1002","119800","92497600","764","774","762","772","772","775","771","775"
"9744","20230317","2348","2358","2332","2351","2350.0726","236900","556732200","2348","2354","2332","2347","2358","2358","2339","2351"
"9746","20230317","3665","3665","3590","3605","3618.0151","85900","310787500","3665","3665","3610","3625","3625","3625","3590","3605"
"9749","20230317","7880","7970","7840","7950","7941.8283","62900","499541000","7880","7950","7840","7920","7920","7970","7920","7950"
"9753","20230317","944","962","940","955","949.5131","30600","29055100","944","951","940","951","947","962","947","955"
"9755","20230317","2207","2207","2151","2168","2170.3986","41900","90939700","2207","2207","2163","2167","2162","2179","2151","2168"
"9757","20230317","2710","2728","2690","2707","2705.478","75100","203181400","2710","2728","2690","2705","2697","2712","2696","2707"
"9759","20230317","2390","2419","2376","2410","2403.1663","120300","289100900","2390","2404","2376","2403","2404","2419","2400","2410"
"9760","20230317","311","312","309","312","310.5091","16500","5123400","311","311","309","310","310","312","310","312"
"9761","20230317","1328","1337","1328","1332","1331.4","500","665700","1328","1328","1328","1328","1330","1337","1330","1332"
"9763","20230317","1917","1938","1917","1938","1927.625","1600","3084200","1917","1926","1917","1926","1929","1938","1929","1938"
"9765","20230317","717","725","717","722","721.6311","10300","7432800","717","724","717","721","720","725","720","722"
"9766","20230317","6110","6360","6110","6350","6299.7853","717400","4519466000","6110","6300","6110","6300","6330","6360","6310","6350"
"9767","20230317","1410","1410","1400","1410","1408.75","800","1127000","1410","1410","1410","1410","1400","1410","1400","1410"
"9768","20230317","1533","1552","1533","1540","1544.7065","9200","14211300","1533","1552","1533","1548","1547","1550","1540","1540"
"9769","20230317","1949","1965","1938","1941","1948.8752","72100","140513900","1949","1965","1939","1939","1952","1952","1938","1941"
"9776","20230317","1225","1225","1225","1225","1225","100","122500","-","-","-","-","1225","1225","1225","1225"
"9778","20230317","5190","5250","5190","5240","5227.5","400","2091000","5190","5190","5190","5190","5230","5250","5230","5240"
"9780","20230317","2089","2089","2089","2089","2089","100","208900","-","-","-","-","2089","2089","2089","2089"
"9782","20230317","1367","1396","1367","1396","1376.9706","3400","4681700","1367","1390","1367","1376","1376","1396","1368","1396"
"9783","20230317","1947","1968","1944","1964","1957.2971","389100","761584300","1947","1963","1944","1963","1966","1968","1959","1964"
"9787","20230317","2955","2974","2943","2964","2961.6839","67700","200506000","2955","2967","2943","2955","2955","2974","2955","2964"
"9788","20230317","959","960","953","953","956.5603","11600","11096100","959","960","955","956","956","959","953","953"
"9790","20230317","2687","2755","2687","2750","2731.9734","26300","71850900","2687","2731","2687","2724","2732","2755","2732","2750"
"9791","20230317","995","995","995","995","995","2200","2189000","995","995","995","995","-","-","-","-"
"9793","20230317","4100","4130","4035","4090","4091.7342","128300","524969500","4100","4125","4035","4120","4110","4130","4085","4090"
"9795","20230317","1805","1839","1805","1826","1824.4603","6300","11494100","1805","1839","1805","1823","1823","1829","1819","1826"
"9799","20230317","1209","1210","1193","1210","1205.2857","2800","3374800","1209","1209","1205","1208","1193","1210","1193","1210"
"9810","20230317","9290","9290","9280","9280","9282.3276","336400","3122575000","9290","9290","9280","9280","9280","9290","9280","9280"
"9812","20230317","224","224","222","222","222.6364","1100","244900","224","224","222","222","223","223","222","222"
"9816","20230317","217","222","216","217","219.4786","11700","2567900","217","222","216","222","221","221","217","217"
"9818","20230317","1272","1272","1255","1255","1260.6667","300","378200","1272","1272","1272","1272","1255","1255","1255","1255"
"9820","20230317","2324","2370","2324","2369","2348.25","400","939300","2324","2324","2324","2324","2330","2370","2330","2369"
"9823","20230317","2331","2331","2320","2320","2327.1429","700","1629000","2331","2331","2327","2328","2328","2328","2320","2320"
"9824","20230317","3195","3365","3175","3320","3302.133","36100","119207000","3195","3305","3175","3290","3305","3365","3305","3320"
"9827","20230317","485","492","483","488","487.4427","51500","25103300","485","492","483","488","488","492","488","488"
"9828","20230317","3045","3065","3045","3065","3051.4474","22800","69573000","3045","3065","3045","3050","3055","3065","3050","3065"
"9830","20230317","2089","2105","2075","2091","2093.1932","113900","238414700","2089","2105","2075","2093","2100","2100","2089","2091"
"9831","20230317","476","480","475","476","476.2216","7994800","3807296300","476","480","475","477","477","478","476","476"
"9832","20230317","1428","1432","1422","1422","1426.3338","618900","882758000","1428","1432","1424","1425","1427","1427","1422","1422"
"9835","20230317","559","572","556","560","560.8269","5200","2916300","559","559","556","557","556","572","556","560"
"9837","20230317","1019","1027","1016","1021","1021.0518","67600","69023100","1019","1027","1016","1020","1024","1024","1018","1021"
"9842","20230317","1464","1472","1454","1463","1462.9168","151400","221485600","1464","1470","1457","1469","1469","1472","1454","1463"
"9843","20230317","16225","16310","16010","16220","16202.6264","377900","6122972500","16225","16310","16145","16195","16200","16220","16010","16220"
"9845","20230317","563","570","559","564","563.7846","6500","3664600","563","565","559","560","560","570","560","564"
"9846","20230317","1016","1016","1016","1016","1016","100","101600","-","-","-","-","1016","1016","1016","1016"
"9849","20230317","-","-","-","-","-","-","-","-","-","-","-","-","-","-","-"
"9850","20230317","1015","1028","1015","1028","1022.5294","20400","20859600","1015","1024","1015","1022","1020","1028","1020","1028"
"9852","20230317","3280","3340","3280","3340","3300","300","990000","3280","3280","3280","3280","3340","3340","3340","3340"
"9853","20230317","862","865","860","865","860.9048","4200","3615800","862","865","860","865","-","-","-","-"
"9854","20230317","177","178","174","178","176.4847","169600","29931800","177","178","174","177","177","178","177","178"
"9856","20230317","1445","1458","1424","1424","1435.2896","18300","26265800","1445","1458","1425","1425","1433","1440","1424","1424"
"9857","20230317","1278","1278","1275","1277","1277.2","500","638600","1278","1278","1275","1275","1277","1277","1277","1277"
"9861","20230317","2395","2425","2389","2424","2415.9932","412200","995872400","2395","2425","2389","2416","2417","2424","2414","2424"
"9867","20230317","5830","6150","5350","5650","5800.2571","35000","203009000","5830","5890","5350","5600","5600","6150","5600","5650"
"9869","20230317","3485","3490","3450","3455","3467.0412","80100","277710000","3485","3490","3450","3480","3475","3485","3455","3455"
"9872","20230317","706","711","701","704","706.0149","6700","4730300","706","711","701","708","708","709","704","704"
"9873","20230317","2836","2863","2835","2857","2845.9768","69000","196372400","2836","2860","2835","2860","2860","2863","2854","2857"
"9876","20230317","170","171","168","171","169.0859","79200","13391600","170","171","168","169","170","171","168","171"
"9878","20230317","684","702","681","702","689.3304","11200","7720500","684","702","681","695","695","702","695","702"
"9880","20230317","1387","1387","1374","1384","1380.8841","20700","28584300","1387","1387","1374","1375","1374","1385","1374","1384"
"9882","20230317","1779","1780","1766","1771","1775.9942","138100","245264800","1779","1780","1766","1770","1773","1777","1770","1771"
"9885","20230317","360","362","360","362","360.3056","18000","6485500","360","362","360","361","361","362","361","362"
"9887","20230317","4075","4120","4060","4075","4081.2839","55300","225695000","4075","4120","4060","4100","4115","4115","4075","4075"
"9888","20230317","1533","1537","1445","1470","1478.972","339600","502258900","1533","1537","1445","1467","1465","1503","1454","1470"
"9889","20230317","2019","2058","2009","2055","2041.871","31000","63298000","2019","2034","2009","2033","2033","2058","2033","2055"
"9890","20230317","715","715","712","714","714.4286","700","500100","715","715","715","715","712","714","712","714"
"9895","20230317","1137","1137","1120","1122","1126.8333","600","676100","1137","1137","1120","1122","1123","1123","1122","1122"
"9896","20230317","1056","1065","1035","1036","1052.9082","198300","208791700","1056","1065","1041","1042","1040","1042","1035","1036"
"9900","20230317","1300","1308","1298","1299","1300.6329","55300","71925000","1300","1308","1298","1298","1300","1305","1298","1299"
"9902","20230317","1918","1929","1907","1907","1916.6749","81200","155634000","1918","1929","1915","1917","1920","1922","1907","1907"
"9903","20230317","1457","1457","1450","1450","1451.4","500","725700","1457","1457","1450","1450","-","-","-","-"
"9904","20230317","352","354","352","353","352.7246","13800","4867600","352","354","352","353","353","353","352","353"
"9906","20230317","1448","1455","1441","1455","1450.0909","1100","1595100","1448","1454","1441","1454","1455","1455","1455","1455"
"9908","20230317","1787","1816","1778","1816","1793.4894","18800","33717600","1787","1815","1778","1786","1799","1816","1788","1816"
"9913","20230317","799","800","790","797","794.9684","9500","7552200","799","800","790","795","795","799","795","797"
"9914","20230317","793","806","775","793","791.2157","10200","8070400","793","796","775","788","795","806","790","793"
"9919","20230317","1425","1451","1425","1441","1441.4069","14500","20900400","1425","1445","1425","1445","1446","1451","1436","1441"
"9927","20230317","2614","2617","2581","2593","2601","1800","4681800","2614","2614","2581","2592","2608","2617","2593","2593"
"9928","20230317","1648","1692","1645","1687","1675.4254","99200","166202200","1648","1677","1645","1677","1678","1692","1675","1687"
"9929","20230317","422","422","420","421","421.6538","2600","1096300","422","422","420","420","422","422","420","421"
"9930","20230317","336","342","320","327","326.1289","149000","48593200","336","342","320","321","321","330","321","327"
"9932","20230317","1955","1971","1934","1934","1951.2317","39700","77463900","1955","1971","1935","1939","1940","1958","1934","1934"
"9934","20230317","2844","2844","2808","2813","2815.8941","81200","228650600","2844","2844","2808","2811","2820","2825","2809","2813"
"9936","20230317","6060","6100","6060","6060","6067.4596","68100","413194000","6060","6100","6060","6090","6080","6090","6060","6060"
"9941","20230317","1001","1001","998","1001","999.6875","1600","1599500","1001","1001","999","999","999","1001","998","1001"
"9946","20230317","1380","1385","1376","1385","1382.6932","35200","48670800","1380","1384","1376","1380","1380","1385","1380","1385"
"9948","20230317","2189","2201","2180","2194","2191.4272","105100","230319000","2189","2200","2180","2190","2190","2201","2182","2194"
"9950","20230317","3055","3080","3055","3065","3063.7838","11100","34008000","3055","3075","3055","3065","3065","3080","3065","3065"
"9955","20230317","2788","2860","2788","2858","2816.7049","6100","17181900","2788","2812","2788","2810","2810","2860","2810","2858"
"9956","20230317","1932","1941","1908","1916","1919.0236","127300","244291700","1932","1941","1914","1917","1914","1922","1908","1916"
"9959","20230317","572","579","563","564","569.9333","1500","854900","572","579","563","567","567","567","564","564"
"9960","20230317","4170","4265","4035","4035","4067.0552","213600","868723000","4170","4265","4140","4155","4160","4180","4035","4035"
"9962","20230317","3190","3240","3185","3235","3223.4158","664700","2142604500","3190","3235","3185","3220","3215","3240","3205","3235"
"9967","20230317","3370","3370","3370","3370","3370","200","674000","-","-","-","-","3370","3370","3370","3370"
"9969","20230317","260","260","256","259","259.0847","5900","1528600","260","260","256","258","259","260","259","259"
"9972","20230317","275","276","266","269","269.1093","119800","32239300","275","276","266","268","267","270","267","269"
"9973","20230317","18","19","18","18","18.2096","361200","6577300","18","19","18","18","18","19","18","18"
"9974","20230317","5470","5540","5460","5500","5493.8346","26600","146136000","5470","5540","5470","5520","5500","5510","5460","5500"
"9976","20230317","1235","1256","1235","1256","1242.1429","700","869500","1235","1235","1235","1235","1243","1256","1243","1256"
"9977","20230317","2230","2230","2230","2230","2230","100","223000","-","-","-","-","2230","2230","2230","2230"
"9978","20230317","41","41","40","40","40.1241","82200","3298200","41","41","40","40","40","41","40","40"
"9979","20230317","1027","1032","1008","1010","1014.7495","51500","52259600","1027","1032","1010","1014","1015","1015","1008","1010"
"9980","20230317","116","117","115","117","116.0808","95300","11062500","116","117","115","116","116","117","116","117"
"9982","20230317","939","995","935","995","973.4155","20700","20149700","939","965","935","965","960","995","959","995"
"9983","20230317","28225","28250","27560","27985","27942.1526","1125600","31451687000","28225","28250","27560","27785","27835","28025","27770","27985"
"9984","20230317","4876","4939","4852","4891","4894.4311","11392600","55760296100","4876","4939","4852","4918","4920","4923","4891","4891"
"9986","20230317","2344","2375","2263","2273","2298.9509","22400","51496500","2344","2375","2263","2279","2324","2327","2268","2273"
"9987","20230317","3370","3380","3345","3360","3362.0392","510000","1714640000","3370","3380","3345","3370","3365","3375","3355","3360"
"9989","20230317","3480","3530","3480","3530","3510.6957","476500","1672846500","3480","3525","3480","3520","3520","3530","3505","3530"
"9990","20230317","751","767","734","767","750.0953","371600","278735400","751","756","734","740","743","767","742","767"
"9991","20230317","872","877","856","856","861.3589","61300","52801300","872","877","870","871","870","877","856","856"
"9993","20230317","1224","1235","1224","1229","1229.85","6000","7379100","1224","1232","1224","1230","1230","1235","1229","1229"
"9994","20230317","2602","2625","2602","2618","2612.4487","7800","20377100","2602","2625","2602","2621","2621","2623","2615","2618"
"9995","20230317","433","435","425","434","430.5534","192800","83010700","433","435","425","430","430","434","430","434"
"9996","20230317","1210","1210","1195","1195","1202.35","2000","2404700","1210","1210","1195","1204","1197","1200","1195","1195"
"9997","20230317","689","696","688","694","691.5889","236700","163699100","689","693","688","690","692","696","691","694"
