"SC","名称","市場区分","申込日","発表元","確報","融資新規（株・口）","融資返済（株・口）","融資残高（株・口）","貸株新規（株・口）","貸株返済（株・口）","貸株残高（株・口）","差引残高（株・口）","差引前日比（株・口）"
"1301","極洋","東証","20230316","日証金","確報","100","0","6200","0","100","0","6200","200"
"1305","ダイワＥＴＦ・ＴＰＸ","東証","20230316","日証金","確報","460","0","3510","1710","420","7670","-4160","-830"
"1306","ＴＯＰＩＸ連動型上場","東証","20230316","日証金","確報","10720","870","200490","1080","22350","143140","57350","31120"
"1308","上場ＴＯＰＩＸ","東証","20230316","日証金","確報","0","0","1000","0","12200","83500","-82500","12200"
"1309","中国株上証５０ＥＴＦ","東証","20230316","日証金","確報","82","13","279","0","0","0","279","69"
"1311","ＴＯＰＩＸＣｏｒｅ３","東証","20230316","日証金","確報","0","20","150","0","20","150","0","0"
"1319","日経３００上場投信","名証","20230316","日証金","確報","0","0","0","0","0","0","0","0"
"1319","日経３００上場投信","札証","20230316","日証金","確報","0","0","0","0","0","0","0","0"
"1319","日経３００上場投信","東証","20230316","日証金","確報","0","0","0","0","0","0","0","0"
"1319","日経３００上場投信","福証","20230316","日証金","確報","0","0","0","0","0","0","0","0"
"1320","ダイワＥＴＦ・２２５","東証","20230316","日証金","確報","516","388","3247","2474","2675","8694","-5447","329"
"1321","日経２２５上場投信","東証","20230316","日証金","確報","887","0","135266","2372","17260","27507","107759","15775"
"1322","上場インデックス中国","東証","20230316","日証金","確報","0","0","350","0","0","0","350","0"
"1324","ＮＦ・ロシア株ＥＴＦ","東証","20230316","日証金","確報","0","0","0","0","0","0","0","0"
"1325","ブラジル指数ボベスパ","東証","20230316","日証金","確報","700","0","7500","700","0","7500","0","0"
"1326","ＳＰＤＲゴールド","東証","20230316","日証金","確報","2","3","446","0","0","10","436","-1"
"1328","金価格連動型上場投信","東証","20230316","日証金","確報","280","120","2600","0","90","2930","-330","250"
"1329","ｉシェアーズ　２２５","東証","20230316","日証金","確報","185","4","221","135","1140","2038","-1817","1186"
"1330","上場２２５","東証","20230316","日証金","確報","280","90","3190","440","300","4630","-1440","50"
"1332","ニッスイ","東証","20230316","日証金","確報","18100","3200","69100","19000","200","24000","45100","-3900"
"1333","マルハニチロ","東証","20230316","日証金","確報","400","0","9000","0","0","0","9000","400"
"1343","東証ＲＥＩＴ指数連動","東証","20230316","日証金","確報","260","2480","4860","420","0","440","4420","-2640"
"1345","東証ＲＥＩＴ指数","東証","20230316","日証金","確報","0","0","8200","1100","0","1200","7000","-1100"
"1346","ＭＸＳ２２５上場投信","東証","20230316","日証金","確報","15","400","60","11","1626","1877","-1817","1230"
"1348","ＭＸＳＴＰＸ上場投信","東証","20230316","日証金","確報","470","10","1180","0","0","400","780","460"
"1349","ＡＢＦ汎アジア債券","東証","20230316","日証金","確報","0","0","0","0","0","0","0","0"
"1356","ＴＰＸベア２倍投信","東証","20230316","日証金","確報","3000","10980","69430","1140","950","9230","60200","-8170"
"1357","日経ダブルインバース","東証","20230316","日証金","確報","110260","3096111","11862956","2695","58300","1744307","10118649","-2930246"
"1358","上場日経２倍","東証","20230316","日証金","確報","227","319","2402","0","1307","350","2052","1215"
"1360","日経ベア２倍","東証","20230316","日証金","確報","2390","215960","638770","0","4000","600","638170","-209570"
"1364","ｉＳＪＰＸ日経４００","東証","20230316","日証金","確報","1","0","21","1","0","21","0","0"
"1365","大和２２５ダブル","東証","20230316","日証金","確報","454","100","3974","120","14","419","3555","248"
"1366","大和２２５ダブルベア","東証","20230316","日証金","確報","0","2790","155163","149","3165","38388","116775","226"
"1367","大和ＴＰＸダブル","東証","20230316","日証金","確報","1141","260","1641","34","233","1432","209","1080"
"1368","大和ＴＰＸダブルベア","東証","20230316","日証金","確報","1273","5245","13498","200","0","200","13298","-4172"
"1369","Ｏｎｅ・日経２２５","東証","20230316","日証金","確報","0","0","100","2","3","237","-137","1"
"1375","雪国まいたけ","東証","20230316","日証金","確報","0","0","4200","0","0","0","4200","0"
"1376","カネコ種苗","東証","20230316","日証金","確報","0","0","300","0","0","0","300","0"
"1377","サカタのタネ","東証","20230316","日証金","確報","600","0","7300","0","0","100","7200","600"
"1379","ホクト","東証","20230316","日証金","確報","100","200","6100","200","300","7800","-1700","0"
"1380","秋川牧園","東証","20230316","日証金","確報","0","0","0","0","0","0","0","0"
"1381","アクシーズ","東証","20230316","日証金","確報","100","0","700","0","0","0","700","100"
"1382","ホーブ","東証","20230316","日証金","確報","0","0","2300","0","0","0","2300","0"
"1383","ベルグアース","東証","20230316","日証金","確報","300","0","1900","0","0","0","1900","300"
"1384","ホクリヨウ","東証","20230316","日証金","確報","1300","200","21000","0","0","0","21000","1100"
"1385","ＵＢＳユーロ圏株５０","東証","20230316","日証金","確報","40","36","67","0","0","0","67","4"
"1386","ＵＢＳ欧州株","東証","20230316","日証金","確報","0","7","15","0","0","0","15","-7"
"1387","ＵＢＳユーロ圏株","東証","20230316","日証金","確報","0","0","2","0","0","0","2","0"
"1388","ＵＢＳユーロ圏小型株","東証","20230316","日証金","確報","0","0","0","0","0","0","0","0"
"1389","ＵＢＳ英国大型１００","東証","20230316","日証金","確報","5","0","17","0","0","0","17","5"
"1390","ＵＢＳアジア太平洋株","東証","20230316","日証金","確報","0","115","70","0","0","0","70","-115"
"1391","ＵＢＳスイス株","東証","20230316","日証金","確報","0","4","9","0","0","0","9","-4"
"1392","ＵＢＳ英国株","東証","20230316","日証金","確報","5","0","5","0","0","0","5","5"
"1393","ＵＢＳ米国株","東証","20230316","日証金","確報","0","3","0","0","0","0","0","-3"
"1394","ＵＢＳ先進国株","東証","20230316","日証金","確報","0","0","2","0","0","0","2","0"
"1397","ＳＭＤＡＭ　２２５","東証","20230316","日証金","確報","0","0","0","0","0","0","0","0"
"1398","ＳＭＤＡＭ　Ｊリート","東証","20230316","日証金","確報","0","40","0","0","0","0","0","-40"
"1399","上場高配当低ボラ","東証","20230316","日証金","確報","0","0","0","0","0","0","0","0"
"1400","ルーデン・ＨＤ","東証","20230316","日証金","確報","0","0","15600","0","0","0","15600","0"
"1401","エムビーエス","東証","20230316","日証金","確報","0","0","2100","0","0","0","2100","0"
"1401","エムビーエス","福証","20230316","日証金","確報","0","0","0","0","0","0","0","0"
"1407","ウエストＨＤ","東証","20230316","日証金","確報","600","700","48900","0","200","15000","33900","100"
"1414","ショーボンドＨＤ","東証","20230316","日証金","確報","0","600","25300","0","0","0","25300","-600"
"1417","ミライト・ワン","東証","20230316","日証金","確報","600","800","7800","400","600","7800","0","0"
"1418","インターライフＨＤ","東証","20230316","日証金","確報","100","300","5600","100","0","100","5500","-300"
"1419","タマホーム","東証","20230316","日証金","確報","100","0","14300","500","33600","820300","-806000","33200"
"1419","タマホーム","福証","20230316","日証金","確報","0","0","0","0","0","0","0","0"
"1420","サンヨーホームズ","東証","20230316","日証金","確報","0","500","4900","100","0","10200","-5300","-600"
"1429","日本アクア","東証","20230316","日証金","確報","0","1500","13100","100","200","5000","8100","-1400"
"1430","ファーストコーポ","東証","20230316","日証金","確報","3000","200","19900","0","0","100","19800","2800"
"1431","Ｌｉｂ　Ｗｏｒｋ","東証","20230316","日証金","確報","100","500","15700","700","0","190000","-174300","-1100"
"1431","Ｌｉｂ　Ｗｏｒｋ","福証","20230316","日証金","確報","0","0","0","0","0","0","0","0"
"1433","ベステラ","東証","20230316","日証金","確報","1900","900","72100","0","0","100000","-27900","1000"
"1434","ＪＥＳＣＯ　ＨＤ","東証","20230316","日証金","確報","100","0","2400","0","0","0","2400","100"
"1435","Ｒｏｂｏｔ　Ｈｏｍｅ","東証","20230316","日証金","確報","600","3200","24600","0","0","0","24600","-2600"
"1436","フィット","東証","20230316","日証金","確報","0","1000","1800","0","0","0","1800","-1000"
"1438","岐阜造園","名証","20230316","日証金","確報","0","0","3700","0","0","0","3700","0"
"1438","岐阜造園","東証","20230316","日証金","確報","100","0","1200","0","0","0","1200","100"
"1439","安江工務店","名証","20230316","日証金","確報","0","0","0","0","0","0","0","0"
"1439","安江工務店","東証","20230316","日証金","確報","0","100","4900","0","0","0","4900","-100"
"1443","技研ホールディングス","東証","20230316","日証金","確報","700","0","36400","0","0","0","36400","700"
"1444","ニッソウ","名証","20230316","日証金","確報","0","0","0","0","0","0","0","0"
"1444","ニッソウ","東証","20230316","日証金","確報","200","1000","1800","0","0","0","1800","-800"
"1446","キャンディル","東証","20230316","日証金","確報","200","800","18700","0","0","35500","-16800","-600"
"1447","ＩＴｂｏｏｋＨＤ","東証","20230316","日証金","確報","0","400","60500","0","0","0","60500","-400"
"1449","ＦＵＪＩジャパン","札証","20230316","日証金","確報","0","600","0","0","0","0","0","-600"
"1450","田中建設工業","東証","20230316","日証金","確報","0","0","1400","0","0","0","1400","0"
"1451","ＫＨＣ","東証","20230316","日証金","確報","0","0","1700","0","0","0","1700","0"
"1456","大和２２５ベア","東証","20230316","日証金","確報","0","0","100","0","0","5","95","0"
"1457","大和ＴＰＸ－１倍","東証","20230316","日証金","確報","0","1000","6","2","0","42","-36","-1002"
"1458","楽天２２５ダブルブル","東証","20230316","日証金","確報","12504","750","115855","131","325","1254","114601","11948"
"1459","楽天２２５ダブルベア","東証","20230316","日証金","確報","8210","193921","1258938","210","6351","103010","1155928","-179570"
"1464","大和Ｊ４００ダブル","東証","20230316","日証金","確報","20","0","80","0","15","201","-121","35"
"1465","大和Ｊ４００ベア","東証","20230316","日証金","確報","0","0","2","0","0","0","2","0"
"1466","大和Ｊ４００ダブベア","東証","20230316","日証金","確報","152","0","156","182","69","210","-54","39"
"1467","ＪＰＸ日経４００ブル","東証","20230316","日証金","確報","0","0","10","0","0","0","10","0"
"1468","ＪＰＸ日経４００ベア","東証","20230316","日証金","確報","10","0","10","0","0","0","10","10"
"1469","４００ベア２倍","東証","20230316","日証金","確報","0","0","0","960","30","1550","-1550","-930"
"1472","Ｊ４００ダブルインバ","東証","20230316","日証金","確報","0","150","851","0","49","100","751","-101"
"1473","Ｏｎｅ・トピックス","東証","20230316","日証金","確報","0","0","240","0","0","500","-260","0"
"1474","Ｏｎｅ・ＪＰＸ４００","東証","20230316","日証金","確報","0","0","0","0","15","0","0","15"
"1475","ｉＳＴＯＰＩＸ","東証","20230316","日証金","確報","37","0","1145","157","0","2481","-1336","-120"
"1476","ｉＳＪリート","東証","20230316","日証金","確報","5088","30","5343","0","0","0","5343","5058"
"1477","ｉＳＭＳＣＩ最小分散","東証","20230316","日証金","確報","6","0","6","0","0","0","6","6"
"1478","ｉＳＭＳＣＩ高配当","東証","20230316","日証金","確報","0","7282","4","105","2","239","-235","-7385"
"1479","大和ＭＳＣＩ人材設備","東証","20230316","日証金","確報","0","0","0","0","0","0","0","0"
"1480","企業価値ＥＴＦ","東証","20230316","日証金","確報","0","0","0","0","0","0","0","0"
"1481","上場日本経済貢献","東証","20230316","日証金","確報","400","0","428","4","2","21","407","398"
"1482","ｉＳ米国債七十円ヘジ","東証","20230316","日証金","確報","231","0","1101","0","0","116","985","231"
"1483","ＩＳ設備人材","東証","20230316","日証金","確報","0","0","27","0","0","27","0","0"
"1484","Ｏｎｅ・設備人材投資","東証","20230316","日証金","確報","0","0","40","0","0","0","40","0"
"1485","ＭＸＳＪ積極投資","東証","20230316","日証金","確報","0","0","0","0","0","0","0","0"
"1486","上場米債ヘッジなし","東証","20230316","日証金","確報","0","0","798","0","0","0","798","0"
"1487","上場米債ヘッジあり","東証","20230316","日証金","確報","0","61","80","6","140","7","73","73"
"1488","大和Ｊリート","東証","20230316","日証金","確報","50","40","710","340","0","340","370","-330"
"1489","日経高配当株５０","東証","20230316","日証金","確報","480","0","1598","27","145","169","1429","598"
"1490","上場ベータヘッジ","東証","20230316","日証金","確報","0","0","0","0","0","0","0","0"
"1491","中外鉱業","東証","20230316","日証金","確報","5200","200","553500","0","0","0","553500","5000"
"1492","ＭＸＳ　中小型","東証","20230316","日証金","確報","0","0","4","12","1","16","-12","-11"
"1493","Ｏｎｅ・中小型","東証","20230316","日証金","確報","7","5","7","0","0","5","2","2"
"1494","Ｏｎｅ・高配当日本株","東証","20230316","日証金","確報","12","0","14","0","0","0","14","12"
"1495","上場アジアリート","東証","20230316","日証金","確報","0","0","0","0","0","0","0","0"
"1496","ｉＳ米＄ＩＧ社債ヘジ","東証","20230316","日証金","確報","0","0","140","0","0","27","113","0"
"1497","ｉＳ米＄ＨＹ社債ヘジ","東証","20230316","日証金","確報","0","0","2009","0","0","100","1909","0"
"1498","Ｏｎｅ・ＥＳＧ","東証","20230316","日証金","確報","2","0","2","0","0","0","2","2"
"1499","ＭＸＳ高配当７０ＭＮ","東証","20230316","日証金","確報","0","0","50","1","0","10","40","-1"
"1514","住石ホールディングス","東証","20230316","日証金","確報","5600","32900","4186300","0","0","0","4186300","-27300"
"1515","日鉄鉱業","東証","20230316","日証金","確報","0","3600","900","0","0","200","700","-3600"
"1518","三井松島ＨＤ","東証","20230316","日証金","確報","21900","2200","314000","200","0","27500","286500","19500"
"1518","三井松島ＨＤ","福証","20230316","日証金","確報","0","0","0","0","0","0","0","0"
"1540","純金上場信託","東証","20230316","日証金","確報","100","1796","3166","81","280","1107","2059","-1497"
"1541","純プラチナ上場信託","東証","20230316","日証金","確報","300","70","3982","0","100","1200","2782","330"
"1542","純銀上場信託","東証","20230316","日証金","確報","20","50","907","0","0","0","907","-30"
"1543","純パラジウム上場信託","東証","20230316","日証金","確報","1","7","488","0","0","0","488","-6"
"1545","ナスダックヘッジ無","東証","20230316","日証金","確報","2236","10","3726","3714","2144","26876","-23150","656"
"1546","ダウヘッジ無","東証","20230316","日証金","確報","533","0","3823","70","59","4430","-607","522"
"1547","上場米国Ｓ＆Ｐ５００","東証","20230316","日証金","確報","0","0","51360","760","3130","22850","28510","2370"
"1550","ＭＸＳ外株ＭＳＣＩ","東証","20230316","日証金","確報","0","0","790","0","470","0","790","470"
"1551","スタンダドＴＯＰ２０","東証","20230316","日証金","確報","0","0","40","0","0","60","-20","0"
"1552","ＶＩＸ短期先物指数","東証","20230316","日証金","確報","9159","348158","2125159","0","0","0","2125159","-338999"
"1553","ＭＸＳＳ＆Ｐ東海投信","名証","20230316","日証金","確報","10","0","10","0","0","0","10","10"
"1554","上場インデＭＳ世界","東証","20230316","日証金","確報","380","90","720","0","0","430","290","290"
"1555","上場インデＡリート","東証","20230316","日証金","確報","110","560","190","0","0","540","-350","-450"
"1557","ＳＰＤＲＳ＆Ｐ５００","東証","20230316","日証金","確報","4","0","170","0","0","0","170","4"
"1559","タイ株ＳＥＴ５０連動","東証","20230316","日証金","確報","15","0","49","0","8","22","27","23"
"1560","ブルサＫＬＣＩ","東証","20230316","日証金","確報","16","16","49","0","0","49","0","0"
"1563","東証グロース・コア","東証","20230316","日証金","確報","110","400","7116","550","5777","7463","-347","4937"
"1566","上場ＥＭ債","東証","20230316","日証金","確報","3","0","75","0","0","0","75","3"
"1568","ＴＰＸブル２倍ＥＴＦ","東証","20230316","日証金","確報","2730","0","5990","1120","1200","5970","20","2810"
"1569","ＴＯＰＩＸベアＥＴＦ","東証","20230316","日証金","確報","110","40","1250","0","30","0","1250","100"
"1570","日経レバレッジＥＴＦ","東証","20230316","日証金","確報","106486","12858","1136793","31196","31747","126445","1010348","94179"
"1571","日経インバースＥＴＦ","東証","20230316","日証金","確報","5005","7900","109112","595","0","1403","107709","-3490"
"1572","中国Ｈ株ブル２倍上場","東証","20230316","日証金","確報","1180","90","29440","0","0","0","29440","1090"
"1573","中国Ｈ株ベア上場投信","東証","20230316","日証金","確報","30","0","1140","0","0","20","1120","30"
"1577","ＦＵＮＤＳ野村７０","東証","20230316","日証金","確報","6","40","66","0","0","0","66","-34"
"1578","上場インデ２２５ミニ","東証","20230316","日証金","確報","54","157","54","73","0","219","-165","-176"
"1579","日経ブル２倍上場投信","東証","20230316","日証金","確報","12360","9950","72150","9510","0","51690","20460","-7100"
"1580","日経ベア上場投信","東証","20230316","日証金","確報","0","2300","6260","0","0","0","6260","-2300"
"1585","ダイワＥＸ－Ｆ","東証","20230316","日証金","確報","0","0","0","0","0","0","0","0"
"1586","上場ＥＸ－Ｆ","東証","20230316","日証金","確報","0","3","61","0","1","1","60","-2"
"1591","ＪＰＸ日経４００投信","東証","20230316","日証金","確報","40","0","120","0","0","70","50","40"
"1592","上場ＪＰＸ日経４００","東証","20230316","日証金","確報","6","0","8","0","0","1","7","6"
"1593","ＭＸＳＪＰＸ４００","東証","20230316","日証金","確報","0","0","20","0","0","2","18","0"
"1595","ＮＺＡＭ東証ＲＥＩＴ","東証","20230316","日証金","確報","0","40","0","0","0","0","0","-40"
"1596","ＮＺＡＭ　Ｅｘ－Ｆ","東証","20230316","日証金","確報","0","0","0","0","0","0","0","0"
"1597","ＭＸＳ　Ｊリート投信","東証","20230316","日証金","確報","0","100","60","50","0","50","10","-150"
"1599","大和ＪＰＸ日経４００","東証","20230316","日証金","確報","0","0","0","0","0","0","0","0"
"1605","ＩＮＰＥＸ","東証","20230316","日証金","確報","87400","4700","687000","28900","11400","28900","658100","65200"
"1615","東証銀行業株価指数連","東証","20230316","日証金","確報","59700","20800","428000","57800","18900","428000","0","0"
"1617","ＴＰＸ１７食品","東証","20230316","日証金","確報","0","0","1","0","0","1","0","0"
"1618","ＴＰＸ１７エネルギー","東証","20230316","日証金","確報","8","0","19","0","4","71","-52","12"
"1619","ＴＰＸ１７建設・資材","東証","20230316","日証金","確報","0","0","10","2","0","179","-169","-2"
"1620","ＴＰＸ１７素材・化学","東証","20230316","日証金","確報","0","0","2","0","0","2","0","0"
"1621","ＴＰＸ１７医薬品","東証","20230316","日証金","確報","0","0","100","0","0","0","100","0"
"1622","ＴＰＸ１７自動車輸送","東証","20230316","日証金","確報","135","2","148","34","3","67","81","102"
"1623","ＴＰＸ１７鉄鋼・非鉄","東証","20230316","日証金","確報","5","2","56","3","0","56","0","0"
"1624","ＴＰＸ１７機械","東証","20230316","日証金","確報","0","28","22","0","4","46","-24","-24"
"1625","ＴＰＸ１７電機・精密","東証","20230316","日証金","確報","9","0","9","0","7","51","-42","16"
"1626","ＴＰＸ１７情報通信","東証","20230316","日証金","確報","0","9","1","0","9","1","0","0"
"1627","ＴＰＸ１７電力・ガス","東証","20230316","日証金","確報","1","50","27","0","1","96","-69","-48"
"1628","ＴＰＸ１７運輸・物流","東証","20230316","日証金","確報","8","0","9","0","0","0","9","8"
"1629","ＴＰＸ１７商社・卸売","東証","20230316","日証金","確報","23","82","33","0","2","60","-27","-57"
"1630","ＴＰＸ１７小売","東証","20230316","日証金","確報","0","0","0","0","0","0","0","0"
"1631","ＴＰＸ１７銀行","東証","20230316","日証金","確報","10","229","202","3","77","128","74","-145"
"1632","ＴＰＸ１７金融","東証","20230316","日証金","確報","66","0","966","8","154","9","957","212"
"1633","ＴＰＸ１７不動産","東証","20230316","日証金","確報","0","0","0","0","7","98","-98","7"
"1651","大和高配当４０","東証","20230316","日証金","確報","0","320","0","0","0","0","0","-320"
"1652","大和ＷＩＮ","東証","20230316","日証金","確報","0","0","0","0","0","0","0","0"
"1653","大和ＥＳＧセレクト","東証","20230316","日証金","確報","0","0","0","0","0","0","0","0"
"1654","大和ブロッサム","東証","20230316","日証金","確報","0","0","0","0","0","0","0","0"
"1655","ｉＳＳＰ５００米国株","東証","20230316","日証金","確報","5620","0","250900","10","260","40490","210410","5870"
"1656","ｉＳ米国債七十","東証","20230316","日証金","確報","0","0","5000","0","0","5000","0","0"
"1657","ｉＳＭＳＣＩ先進国株","東証","20230316","日証金","確報","1","0","1","0","0","0","1","1"
"1658","ｉＳＭＳＣＩ新興国株","東証","20230316","日証金","確報","846","40","851","0","0","45","806","806"
"1659","ｉＳ米国リート","東証","20230316","日証金","確報","0","1629","109","617","63","1383","-1274","-2183"
"1660","ＭＸＳ高利Ｊリート","東証","20230316","日証金","確報","1","1","15","0","0","15","0","0"
"1662","石油資源開発","東証","20230316","日証金","確報","4400","2400","42000","0","5300","15700","26300","7300"
"1663","Ｋ＆Ｏエナジー","東証","20230316","日証金","確報","0","400","5800","0","100","1800","4000","-300"
"1671","ＷＴＩ原油連動投信","東証","20230316","日証金","確報","19161","35133","60045","0","3060","0","60045","-12912"
"1672","Ｗｉｓ　金上場投資","東証","20230316","日証金","確報","0","0","63","0","0","0","63","0"
"1673","Ｗｉｓ　銀上場投資","東証","20230316","日証金","確報","0","0","0","0","0","0","0","0"
"1674","Ｗｉｓ　白金上場投信","東証","20230316","日証金","確報","0","0","0","0","0","0","0","0"
"1675","Ｗｉｓ　パラジウム","東証","20230316","日証金","確報","0","0","0","0","0","0","0","0"
"1676","Ｗｉｓ　貴金属バスケ","東証","20230316","日証金","確報","0","0","0","0","0","0","0","0"
"1677","上場インデックスファ","東証","20230316","日証金","確報","0","0","170","0","0","0","170","0"
"1678","インドＮＩＦ","東証","20230316","日証金","確報","5400","0","254400","13800","0","31700","222700","-8400"
"1679","ＮＹダウジョンズ投信","東証","20230316","日証金","確報","10","0","260","10","60","60","200","60"
"1680","上場海外先進国株式","東証","20230316","日証金","確報","0","0","2000","0","0","0","2000","0"
"1681","上場海外新興国株式","東証","20230316","日証金","確報","0","0","1800","90","0","140","1660","-90"
"1682","日経ＪＰＸ白金","東証","20230316","日証金","確報","1000","0","3300","0","0","0","3300","1000"
"1684","Ｗｉｓ　ブロード上場","東証","20230316","日証金","確報","0","0","0","0","0","0","0","0"
"1685","Ｗｉｓ　エネルギー","東証","20230316","日証金","確報","0","0","0","0","0","0","0","0"
"1686","Ｗｉｓ　産業用金属","東証","20230316","日証金","確報","0","0","0","0","0","0","0","0"
"1687","Ｗｉｓ　農産物上場","東証","20230316","日証金","確報","0","0","0","0","0","0","0","0"
"1688","Ｗｉｓ　穀物上場投信","東証","20230316","日証金","確報","0","0","9030","0","0","0","9030","0"
"1689","Ｗｉｓ　天然ガス上場","東証","20230316","日証金","確報","900","0","6080900","0","0","0","6080900","900"
"1690","Ｗｉｓ　原油上場投信","東証","20230316","日証金","確報","200","0","200","0","0","0","200","200"
"1691","Ｗｉｓ　ガソリン上場","東証","20230316","日証金","確報","0","0","0","0","0","0","0","0"
"1692","Ｗｉｓ　アルミニウム","東証","20230316","日証金","確報","0","0","0","0","0","0","0","0"
"1693","Ｗｉｓ　銅上場投信","東証","20230316","日証金","確報","0","200","30","0","0","0","30","-200"
"1694","Ｗｉｓ　ニッケル上場","東証","20230316","日証金","確報","100","0","110","0","0","0","110","100"
"1695","Ｗｉｓ　小麦上場投信","東証","20230316","日証金","確報","1500","0","204700","0","0","0","204700","1500"
"1696","Ｗｉｓ　とうもろこし","東証","20230316","日証金","確報","0","0","900","0","0","0","900","0"
"1697","Ｗｉｓ　大豆上場投信","東証","20230316","日証金","確報","0","0","0","0","0","0","0","0"
"1698","日本高配当東証１００","東証","20230316","日証金","確報","0","0","900","0","0","0","900","0"
"1699","ＮＯＭＵＲＡ原油連動","東証","20230316","日証金","確報","39210","13370","1749740","0","3200","2000","1747740","29040"
"1711","ＳＤＳＨＤ","東証","20230316","日証金","確報","0","0","9400","0","0","0","9400","0"
"1712","ダイセキ環境Ｓ","名証","20230316","日証金","確報","0","0","0","0","0","0","0","0"
"1712","ダイセキ環境Ｓ","東証","20230316","日証金","確報","0","1100","11800","0","1100","11800","0","0"
"1716","第一カッター興業","東証","20230316","日証金","確報","100","0","12600","0","0","0","12600","100"
"1717","明豊ファシリワークス","東証","20230316","日証金","確報","600","0","3700","0","0","0","3700","600"
"1718","美樹工業","東証","20230316","日証金","確報","0","0","10100","0","0","0","10100","0"
"1719","安藤・間","東証","20230316","日証金","確報","100","100","102100","0","100","2700","99400","100"
"1720","東急建設","東証","20230316","日証金","確報","1000","100","156700","0","14600","2000","154700","15500"
"1721","コムシスＨＤ","東証","20230316","日証金","確報","10300","800","12600","20000","0","20400","-7800","-10500"
"1723","日本電技","東証","20230316","日証金","確報","0","0","100","0","0","0","100","0"
"1724","シンクレイヤ","東証","20230316","日証金","確報","100","0","14400","0","0","0","14400","100"
"1726","ＢＲホールディングス","東証","20230316","日証金","確報","0","300","2900","0","0","0","2900","-300"
"1730","麻生フオームクリート","東証","20230316","日証金","確報","0","0","3600","0","0","0","3600","0"
"1734","北弘電社","札証","20230316","日証金","確報","0","0","800","0","0","0","800","0"
"1736","オーテック","東証","20230316","日証金","確報","0","0","200","0","0","0","200","0"
"1738","ニットー","名証","20230316","日証金","確報","0","0","100","0","0","0","100","0"
"1739","メルディアＤＣ","東証","20230316","日証金","確報","0","200","1700","0","0","0","1700","-200"
"1743","コーアツ工業","東証","20230316","日証金","確報","800","200","3800","0","0","0","3800","600"
"1743","コーアツ工業","福証","20230316","日証金","確報","0","0","0","0","0","0","0","0"
"1757","中小企業ＨＤ","東証","20230316","日証金","確報","0","0","1037500","0","0","0","1037500","0"
"1758","太洋基礎工業","東証","20230316","日証金","確報","100","100","1000","0","0","0","1000","0"
"1762","高松コンストラクシＧ","東証","20230316","日証金","確報","300","0","5400","800","0","2000","3400","-500"
"1764","工藤建設","東証","20230316","日証金","確報","200","0","1100","0","0","0","1100","200"
"1766","東建コーポレーション","名証","20230316","日証金","確報","0","0","0","0","0","0","0","0"
"1766","東建コーポレーション","東証","20230316","日証金","確報","0","300","1700","0","0","100","1600","-300"
"1768","ソネック","東証","20230316","日証金","確報","0","0","1000","0","0","30200","-29200","0"
"1770","藤田エンジニアリング","東証","20230316","日証金","確報","0","0","200","0","0","0","200","0"
"1771","日本乾溜工業","福証","20230316","日証金","確報","0","0","600","0","0","0","600","0"
"1773","ワイ・ティー・エル","東証","20230316","日証金","確報","0","0","0","0","0","0","0","0"
"1775","富士古河Ｅ＆Ｃ","東証","20230316","日証金","確報","0","0","2000","0","0","0","2000","0"
"1776","三井住建道路","東証","20230316","日証金","確報","200","400","2200","0","0","0","2200","-200"
"1777","川崎設備工業","名証","20230316","日証金","確報","0","0","10200","0","0","0","10200","0"
"1780","ヤマウラ","名証","20230316","日証金","確報","0","0","0","0","0","0","0","0"
"1780","ヤマウラ","東証","20230316","日証金","確報","0","100","8700","6900","300","81000","-72300","-6700"
"1783","アジアゲートＨＤ","東証","20230316","日証金","確報","0","0","557400","0","0","0","557400","0"
"1786","オリエンタル白石","東証","20230316","日証金","確報","1100","1000","62700","0","0","100","62600","100"
"1787","ナカボーテック","東証","20230316","日証金","確報","0","0","100","0","0","0","100","0"
"1788","三東工業社","東証","20230316","日証金","確報","0","0","100","0","0","0","100","0"
"1789","ＥＴＳ　ＨＤ","東証","20230316","日証金","確報","300","500","8200","0","0","8200","0","-200"
"1793","大本組","東証","20230316","日証金","確報","200","0","200","0","0","0","200","200"
"1795","マサル","東証","20230316","日証金","確報","0","0","0","0","0","0","0","0"
"1798","守谷商会","東証","20230316","日証金","確報","0","0","0","0","0","0","0","0"
"1799","第一建設工業","東証","20230316","日証金","確報","0","0","400","0","0","0","400","0"
"1801","大成建設","名証","20230316","日証金","確報","0","0","0","0","0","0","0","0"
"1801","大成建設","東証","20230316","日証金","確報","800","300","3700","5300","5900","63100","-59400","1100"
"1802","大林組","東証","20230316","日証金","確報","18400","3300","136500","20400","5300","136500","0","0"
"1802","大林組","福証","20230316","日証金","確報","0","0","0","0","0","0","0","0"
"1803","清水建設","名証","20230316","日証金","確報","0","0","0","0","0","0","0","0"
"1803","清水建設","東証","20230316","日証金","確報","100","0","62500","22500","11800","43200","19300","-10600"
"1805","飛島建設","東証","20230316","日証金","確報","2000","200","10700","1000","100","1600","9100","900"
"1807","佐藤渡辺","東証","20230316","日証金","確報","0","0","100","0","0","0","100","0"
"1808","長谷工コーポ","東証","20230316","日証金","確報","2200","5000","40500","0","0","2200","38300","-2800"
"1810","松井建設","東証","20230316","日証金","確報","0","700","4000","0","100","1600","2400","-600"
"1811","錢高組","東証","20230316","日証金","確報","0","100","800","0","0","100","700","-100"
"1812","鹿島建設","名証","20230316","日証金","確報","0","0","0","0","0","0","0","0"
"1812","鹿島建設","東証","20230316","日証金","確報","22100","15700","48700","10800","500","48700","0","-3900"
"1813","不動テトラ","東証","20230316","日証金","確報","1700","0","4900","0","100","4800","100","1800"
"1814","大末建設","東証","20230316","日証金","確報","300","0","11900","0","0","0","11900","300"
"1815","鉄建建設","東証","20230316","日証金","確報","700","3100","18900","0","0","500","18400","-2400"
"1820","西松建設","東証","20230316","日証金","確報","0","1600","17800","0","0","0","17800","-1600"
"1821","三井住友建設","東証","20230316","日証金","確報","5500","0","166900","0","0","0","166900","5500"
"1822","大豊建設","東証","20230316","日証金","確報","1500","0","7900","100","1600","3900","4000","3000"
"1826","佐田建設","東証","20230316","日証金","確報","0","0","399800","0","0","2200","397600","0"
"1827","ナカノフドー建設","東証","20230316","日証金","確報","500","0","106000","0","0","500","105500","500"
"1828","田辺工業","東証","20230316","日証金","確報","0","0","1400","0","0","0","1400","0"
"1832","北海電気工事","札証","20230316","日証金","確報","0","0","100","0","0","0","100","0"
"1833","奥村組","東証","20230316","日証金","確報","600","200","6600","0","2100","500","6100","2500"
"1835","東鉄工業","東証","20230316","日証金","確報","0","0","2300","100","0","6200","-3900","-100"
"1840","土屋ホールディングス","札証","20230316","日証金","確報","0","0","0","0","0","0","0","0"
"1840","土屋ホールディングス","東証","20230316","日証金","確報","800","300","131300","0","0","0","131300","500"
"1841","サンユー建設","東証","20230316","日証金","確報","0","0","1900","0","0","0","1900","0"
"1844","大盛工業","東証","20230316","日証金","確報","0","0","31000","0","0","0","31000","0"
"1847","イチケン","東証","20230316","日証金","確報","100","0","6100","0","0","0","6100","100"
"1848","富士ピー・エス","東証","20230316","日証金","確報","0","0","11700","0","100","45000","-33300","100"
"1848","富士ピー・エス","福証","20230316","日証金","確報","0","0","0","0","0","0","0","0"
"1850","南海辰村建設","東証","20230316","日証金","確報","0","0","248800","0","0","0","248800","0"
"1852","浅沼組","東証","20230316","日証金","確報","4000","4000","31900","0","0","31900","0","0"
"1853","森組","東証","20230316","日証金","確報","0","0","4600","0","0","0","4600","0"
"1860","戸田建設","東証","20230316","日証金","確報","500","1900","15700","0","0","100","15600","-1400"
"1861","熊谷組","東証","20230316","日証金","確報","0","1500","3200","100","100","1400","1800","-1500"
"1866","北野建設","東証","20230316","日証金","確報","800","2100","3200","0","0","3400","-200","-1300"
"1867","植木組","東証","20230316","日証金","確報","0","0","2900","0","0","300","2600","0"
"1869","名工建設","名証","20230316","日証金","確報","200","0","1000","0","0","0","1000","200"
"1870","矢作建設工業","名証","20230316","日証金","確報","0","0","0","0","0","0","0","0"
"1870","矢作建設工業","東証","20230316","日証金","確報","400","600","5600","100","300","5600","0","0"
"1871","ピーエス三菱","東証","20230316","日証金","確報","100","0","6300","0","0","0","6300","100"
"1873","日本ハウスＨＤ","東証","20230316","日証金","確報","100","0","15300","0","0","0","15300","100"
"1878","大東建託","名証","20230316","日証金","確報","0","0","0","0","0","0","0","0"
"1878","大東建託","東証","20230316","日証金","確報","0","0","3200","100","0","3100","100","-100"
"1879","新日本建設","東証","20230316","日証金","確報","2300","0","14400","0","0","0","14400","2300"
"1882","東亜道路工業","東証","20230316","日証金","確報","0","200","600","0","900","3200","-2600","700"
"1884","日本道路","東証","20230316","日証金","確報","100","300","2500","0","600","1200","1300","400"
"1885","東亜建設工業","札証","20230316","日証金","確報","0","0","0","0","0","0","0","0"
"1885","東亜建設工業","東証","20230316","日証金","確報","700","3000","1600","200","100","1600","0","-2400"
"1887","日本国土開発","東証","20230316","日証金","確報","300","3200","6400","0","0","0","6400","-2900"
"1888","若築建設","東証","20230316","日証金","確報","3700","100","25700","200","1500","24800","900","4900"
"1890","東洋建設","東証","20230316","日証金","確報","400","0","25300","0","0","0","25300","400"
"1892","徳倉建設","名証","20230316","日証金","確報","0","0","800","0","0","0","800","0"
"1893","五洋建設","名証","20230316","日証金","確報","0","0","0","0","0","0","0","0"
"1893","五洋建設","東証","20230316","日証金","確報","8300","800","59300","0","1000","1400","57900","8500"
"1897","金下建設","東証","20230316","日証金","確報","0","0","0","0","0","0","0","0"
"1898","世紀東急工業","東証","20230316","日証金","確報","200","0","981400","0","500","0","981400","700"
"1899","福田組","東証","20230316","日証金","確報","0","0","400","0","0","0","400","0"
"1904","大成温調","東証","20230316","日証金","確報","1000","0","1200","300","1500","3100","-1900","2200"
"1905","テノックス","東証","20230316","日証金","確報","0","0","1900","0","0","0","1900","0"
"1909","日本ドライケミカル","東証","20230316","日証金","確報","0","0","2200","0","0","0","2200","0"
"1911","住友林業","東証","20230316","日証金","確報","4300","1500","30900","900","25700","47100","-16200","27600"
"1914","日本基礎技術","東証","20230316","日証金","確報","0","0","5500","200","0","5000","500","-200"
"1921","巴コーポレーション","札証","20230316","日証金","確報","0","0","0","0","0","0","0","0"
"1921","巴コーポレーション","東証","20230316","日証金","確報","0","0","20000","0","0","0","20000","0"
"1925","大和ハウス工業","東証","20230316","日証金","確報","4100","7400","27800","15000","10300","27800","0","-8000"
"1926","ライト工業","東証","20230316","日証金","確報","0","100","10000","0","0","0","10000","-100"
"1928","積水ハウス","名証","20230316","日証金","確報","0","0","0","0","0","0","0","0"
"1928","積水ハウス","東証","20230316","日証金","確報","15900","8100","46100","11900","47900","94800","-48700","43800"
"1929","日特建設","東証","20230316","日証金","確報","1400","1200","9000","0","0","4300","4700","200"
"1930","北陸電気工事","東証","20230316","日証金","確報","0","1900","5000","100","2000","5000","0","0"
"1934","ユアテック","東証","20230316","日証金","確報","2200","0","7800","0","0","0","7800","2200"
"1938","日本リーテック","東証","20230316","日証金","確報","0","0","700","0","0","0","700","0"
"1939","四電工","東証","20230316","日証金","確報","0","0","900","0","0","0","900","0"
"1941","中電工","東証","20230316","日証金","確報","2700","300","3300","200","0","300","3000","2200"
"1942","関電工","東証","20230316","日証金","確報","1900","0","42600","0","1000","2000","40600","2900"
"1944","きんでん","東証","20230316","日証金","確報","0","200","3700","0","100","1000","2700","-100"
"1945","東京エネシス","東証","20230316","日証金","確報","300","500","16500","0","0","0","16500","-200"
"1946","トーエネック","名証","20230316","日証金","確報","0","0","0","0","0","0","0","0"
"1946","トーエネック","東証","20230316","日証金","確報","0","0","900","0","0","0","900","0"
"1948","弘電社","東証","20230316","日証金","確報","0","300","200","0","0","0","200","-300"
"1949","住友電設","東証","20230316","日証金","確報","500","100","2100","0","0","0","2100","400"
"1950","日本電設工業","東証","20230316","日証金","確報","0","0","3500","0","100","500","3000","100"
"1951","エクシオグループ","東証","20230316","日証金","確報","500","600","8900","800","100","14600","-5700","-800"
"1952","新日本空調","東証","20230316","日証金","確報","200","0","1200","0","0","100","1100","200"
"1954","日本工営","東証","20230316","日証金","確報","0","0","1600","0","0","0","1600","0"
"1959","九電工","東証","20230316","日証金","確報","100","0","6300","100","100","1900","4400","100"
"1959","九電工","福証","20230316","日証金","確報","0","0","0","0","0","0","0","0"
"1960","サンテック","東証","20230316","日証金","確報","0","0","130200","0","0","0","130200","0"
"1961","三機工業","東証","20230316","日証金","確報","0","200","300","0","400","100","200","200"
"1963","日揮ホールディングス","東証","20230316","日証金","確報","11200","9000","90700","13000","0","13000","77700","-10800"
"1964","中外炉工業","東証","20230316","日証金","確報","1000","0","3800","0","600","1200","2600","1600"
"1965","テクノ菱和","東証","20230316","日証金","確報","1700","300","1700","0","0","300","1400","1400"
"1966","高田工業所","東証","20230316","日証金","確報","800","800","50100","0","0","50100","0","0"
"1966","高田工業所","福証","20230316","日証金","確報","0","0","0","0","0","0","0","0"
"1967","ヤマト","東証","20230316","日証金","確報","0","300","199000","392000","100","408400","-209400","-392200"
"1968","太平電業","東証","20230316","日証金","確報","300","100","1600","0","800","1900","-300","1000"
"1969","高砂熱学工業","東証","20230316","日証金","確報","600","600","12000","0","0","12000","0","0"
"1971","中央ビルト工業","東証","20230316","日証金","確報","0","0","7100","0","0","0","7100","0"
"1972","三晃金属工業","東証","20230316","日証金","確報","200","0","6800","0","0","0","6800","200"
"1973","ＮＥＣネッツエスアイ","東証","20230316","日証金","確報","1500","0","9700","0","0","0","9700","1500"
"1975","朝日工業社","東証","20230316","日証金","確報","300","0","2000","0","0","0","2000","300"
"1976","明星工業","東証","20230316","日証金","確報","100","1300","2700","0","500","2700","0","-700"
"1979","大氣社","東証","20230316","日証金","確報","900","0","1300","0","0","0","1300","900"
"1980","ダイダン","東証","20230316","日証金","確報","0","0","3400","100","0","300","3100","-100"
"1981","協和日成","東証","20230316","日証金","確報","0","0","0","0","0","0","0","0"
"1982","日比谷総合設備","東証","20230316","日証金","確報","0","0","900","0","100","0","900","100"
"1992","神田通信機","東証","20230316","日証金","確報","0","0","2800","0","0","0","2800","0"
"1994","高橋カーテンウォール","東証","20230316","日証金","確報","300","0","3800","0","0","0","3800","300"
"1997","暁飯島工業","東証","20230316","日証金","確報","0","0","300","0","0","0","300","0"
"1999","サイタＨＤ","福証","20230316","日証金","確報","0","0","0","0","0","0","0","0"
"2001","ニップン","東証","20230316","日証金","確報","0","200","100","100","100","1500","-1400","-200"
"2002","日清製粉グループ本社","東証","20230316","日証金","確報","4900","200","11800","21400","500","28000","-16200","-16200"
"2003","日東富士製粉","東証","20230316","日証金","確報","0","300","200","0","0","0","200","-300"
"2004","昭和産業","東証","20230316","日証金","確報","400","0","2200","300","500","700","1500","600"
"2009","鳥越製粉","東証","20230316","日証金","確報","0","0","2200","0","0","0","2200","0"
"2009","鳥越製粉","福証","20230316","日証金","確報","0","0","0","0","0","0","0","0"
"2031","ハンセンダブルＥＴＮ","東証","20230316","日証金","確報","1","0","201","0","0","0","201","1"
"2032","ハンセン・ベアＥＴＮ","東証","20230316","日証金","確報","0","0","5","0","0","0","5","0"
"2033","ＫＯＳＰＩブルＥＴＮ","東証","20230316","日証金","確報","0","0","0","0","0","0","0","0"
"2034","ＫＯＳＰＩベアＥＴＮ","東証","20230316","日証金","確報","0","0","1768","0","0","0","1768","0"
"2036","金先物ダブルブル","東証","20230316","日証金","確報","0","0","20","0","0","0","20","0"
"2037","金先物ベア","東証","20230316","日証金","確報","0","0","0","0","0","0","0","0"
"2038","ドバイ原油先物ブル","東証","20230316","日証金","確報","64364","0","333678","0","0","0","333678","64364"
"2039","ドバイ原油先物ベア","東証","20230316","日証金","確報","100","0","100","0","0","0","100","100"
"2040","ＮＹダウブルＥＴＮ","東証","20230316","日証金","確報","0","0","291","0","0","0","291","0"
"2041","ＮＹダウベアＥＴＮ","東証","20230316","日証金","確報","0","0","1358","0","0","0","1358","0"
"2042","東証マザーズＥＴＮ","東証","20230316","日証金","確報","299","0","299","0","0","0","299","299"
"2043","アセアン５０ＥＴＮ","東証","20230316","日証金","確報","0","0","0","0","0","0","0","0"
"2044","米国配当貴族ＥＴＮ","東証","20230316","日証金","確報","0","0","205","0","0","0","205","0"
"2045","シンガポールリート","東証","20230316","日証金","確報","0","0","0","0","0","0","0","0"
"2046","インドブルＥＴＮ","東証","20230316","日証金","確報","96","0","768","0","0","0","768","96"
"2047","インドベアＥＴＮ","東証","20230316","日証金","確報","0","0","0","0","0","0","0","0"
"2048","高配株ヘッジＥＴＮ","東証","20230316","日証金","確報","0","0","0","0","0","0","0","0"
"2050","ニッチトップ中小型","東証","20230316","日証金","確報","0","0","0","0","0","0","0","0"
"2053","中部飼料","名証","20230316","日証金","確報","0","0","0","0","0","0","0","0"
"2053","中部飼料","東証","20230316","日証金","確報","1500","100","13200","0","0","0","13200","1400"
"2055","日和産業","東証","20230316","日証金","確報","0","0","1800","0","0","0","1800","0"
"2058","ヒガシマル","福証","20230316","日証金","確報","0","0","0","0","0","0","0","0"
"2060","フィード・ワン","東証","20230316","日証金","確報","600","0","15200","0","0","0","15200","600"
"2065","日本株配当貴族ＥＴＮ","東証","20230316","日証金","確報","0","0","3","0","0","0","3","0"
"2066","東証リートＥＴＮ","東証","20230316","日証金","確報","0","0","0","0","0","0","0","0"
"2067","野村ＡＩ７０ＥＴＮ","東証","20230316","日証金","確報","0","0","0","0","0","0","0","0"
"2068","高ベータ３０ＥＴＮ","東証","20230316","日証金","確報","0","0","0","0","0","0","0","0"
"2069","低ベータ５０ＥＴＮ","東証","20230316","日証金","確報","0","0","0","0","0","0","0","0"
"2070","ＥＳＧ女性活躍ＥＴＮ","東証","20230316","日証金","確報","0","0","0","0","0","0","0","0"
"2071","ＥＳＧ総合ＥＴＮ","東証","20230316","日証金","確報","0","0","0","0","0","0","0","0"
"2072","トップシェアＥＴＮ","東証","20230316","日証金","確報","0","0","9","0","0","0","9","0"
"2073","ＥＳＧ低カーボン","東証","20230316","日証金","確報","0","0","0","0","0","0","0","0"
"2107","東洋精糖","東証","20230316","日証金","確報","400","400","1500","0","0","0","1500","0"
"2108","日本甜菜製糖","東証","20230316","日証金","確報","400","400","3000","0","0","3000","0","0"
"2109","ＤＭ三井製糖ＨＤ","東証","20230316","日証金","確報","0","400","2600","0","100","0","2600","-300"
"2112","塩水港精糖","東証","20230316","日証金","確報","0","2800","37200","600","0","3100","34100","-3400"
"2114","フジ日本精糖","東証","20230316","日証金","確報","100","0","9300","0","0","0","9300","100"
"2117","ウェルネオシュガー","東証","20230316","日証金","確報","200","600","1500","0","300","1500","0","-100"
"2120","ＬＩＦＵＬＬ","東証","20230316","日証金","確報","14500","800","126800","0","2600","41400","85400","16300"
"2121","ＭＩＸＩ","東証","20230316","日証金","確報","0","3900","6200","1200","0","1200","5000","-5100"
"2122","インタースペース","東証","20230316","日証金","確報","400","900","5900","0","0","0","5900","-500"
"2124","ジェイエイシリクルト","東証","20230316","日証金","確報","200","7400","2900","100","100","900","2000","-7200"
"2127","日本Ｍ＆Ａ","東証","20230316","日証金","確報","17200","5700","340800","0","2500","95800","245000","14000"
"2130","メンバーズ","東証","20230316","日証金","確報","1400","2900","21700","1600","1000","5300","16400","-2100"
"2134","燦キャピタル","東証","20230316","日証金","確報","2300","300","2576200","0","0","0","2576200","2000"
"2136","ヒップ","東証","20230316","日証金","確報","300","0","3600","0","0","0","3600","300"
"2137","光ハイツ・ヴェラス","札証","20230316","日証金","確報","0","0","4400","0","0","0","4400","0"
"2138","クルーズ","東証","20230316","日証金","確報","6100","6100","412800","0","0","412800","0","0"
"2139","中広","名証","20230316","日証金","確報","0","0","0","0","0","0","0","0"
"2139","中広","東証","20230316","日証金","確報","0","0","3400","600","0","1500","1900","-600"
"2146","ＵＴグループ","東証","20230316","日証金","確報","300","1900","28900","0","0","600","28300","-1600"
"2148","アイティメディア","東証","20230316","日証金","確報","100","100","8900","0","0","0","8900","0"
"2150","ケアネット","東証","20230316","日証金","確報","0","4100","39300","0","0","0","39300","-4100"
"2152","幼児活動研究会","東証","20230316","日証金","確報","100","0","1300","0","0","0","1300","100"
"2153","Ｅ・ＪＨＤ","東証","20230316","日証金","確報","300","2300","1400","0","0","0","1400","-2000"
"2154","オープンアップＧ","東証","20230316","日証金","確報","400","300","6300","0","0","8900","-2600","100"
"2156","セーラー広告","東証","20230316","日証金","確報","300","100","6800","0","0","0","6800","200"
"2157","コシダカＨＤ","東証","20230316","日証金","確報","2400","1300","74300","0","100","0","74300","1200"
"2158","ＦＲＯＮＴＥＯ","東証","20230316","日証金","確報","1800","3500","123100","0","0","0","123100","-1700"
"2160","ジーエヌアイグループ","東証","20230316","日証金","確報","3500","600","93200","0","0","500","92700","2900"
"2162","ｎｍｓ　ＨＤ","東証","20230316","日証金","確報","5100","9700","88100","800","9700","83800","4300","4300"
"2163","アルトナー","東証","20230316","日証金","確報","8400","1400","23700","0","0","0","23700","7000"
"2164","地域新聞社","東証","20230316","日証金","確報","0","0","2200","0","0","0","2200","0"
"2168","パソナグループ","東証","20230316","日証金","確報","300","0","4300","400","100","800","3500","0"
"2169","ＣＤＳ","名証","20230316","日証金","確報","0","0","0","0","0","0","0","0"
"2169","ＣＤＳ","東証","20230316","日証金","確報","0","0","1200","0","100","0","1200","100"
"2170","リンク＆モチベ","東証","20230316","日証金","確報","1400","0","142500","0","0","4100","138400","1400"
"2172","インサイト","札証","20230316","日証金","確報","100","100","2400","0","0","0","2400","0"
"2173","博展","東証","20230316","日証金","確報","100","0","4200","600","0","2000","2200","-500"
"2175","エス・エム・エス","東証","20230316","日証金","確報","2000","400","19500","0","300","0","19500","1900"
"2179","成学社","東証","20230316","日証金","確報","0","0","3700","0","0","0","3700","0"
"2180","サニーサイドアップ","東証","20230316","日証金","確報","200","100","2800","0","0","0","2800","100"
"2181","パーソルＨＤ","東証","20230316","日証金","確報","100","1000","5100","300","500","1400","3700","-700"
"2183","リニカル","東証","20230316","日証金","確報","0","0","6800","0","0","0","6800","0"
"2185","シイエム・シイ","名証","20230316","日証金","確報","0","0","0","0","0","0","0","0"
"2185","シイエム・シイ","東証","20230316","日証金","確報","300","1200","1300","0","0","0","1300","-900"
"2186","ソーバル","東証","20230316","日証金","確報","600","400","14000","0","0","0","14000","200"
"2193","クックパッド","東証","20230316","日証金","確報","11500","8600","241700","12100","0","13100","228600","-9200"
"2195","アミタＨＤ","東証","20230316","日証金","確報","600","3000","37100","0","0","0","37100","-2400"
"2196","エスクリ","東証","20230316","日証金","確報","2400","0","49500","100","400","5100","44400","2700"
"2198","アイ・ケイ・ケイＨＤ","東証","20230316","日証金","確報","0","0","8500","0","0","100","8400","0"
"2201","森永製菓","東証","20230316","日証金","確報","0","200","1500","400","800","1000","500","200"
"2204","中村屋","東証","20230316","日証金","確報","100","100","700","0","0","100","600","0"
"2206","江崎グリコ","東証","20230316","日証金","確報","3100","2500","20700","0","0","3100","17600","600"
"2207","名糖産業","名証","20230316","日証金","確報","0","0","0","0","0","0","0","0"
"2207","名糖産業","東証","20230316","日証金","確報","0","100","100","0","0","1500","-1400","-100"
"2208","ブルボン","東証","20230316","日証金","確報","0","0","0","0","0","0","0","0"
"2209","井村屋グループ","名証","20230316","日証金","確報","0","0","0","0","0","0","0","0"
"2209","井村屋グループ","東証","20230316","日証金","確報","0","0","1600","0","0","0","1600","0"
"2211","不二家","東証","20230316","日証金","確報","0","0","1900","100","100","700","1200","0"
"2212","山崎製パン","東証","20230316","日証金","確報","9100","1300","36500","9400","1600","36500","0","0"
"2215","第一屋製パン","東証","20230316","日証金","確報","300","0","5100","0","0","0","5100","300"
"2216","カンロ","東証","20230316","日証金","確報","0","0","1900","0","0","1000","900","0"
"2217","モロゾフ","東証","20230316","日証金","確報","1900","1200","2600","500","2400","1500","1100","2600"
"2218","日糧製パン","札証","20230316","日証金","確報","0","0","100","0","0","0","100","0"
"2220","亀田製菓","東証","20230316","日証金","確報","0","100","2000","0","100","2000","0","0"
"2221","岩塚製菓","東証","20230316","日証金","確報","0","0","300","0","0","0","300","0"
"2222","寿スピリッツ","東証","20230316","日証金","確報","800","1300","6200","200","9700","52500","-46300","9000"
"2224","コモ","名証","20230316","日証金","確報","0","0","0","0","0","0","0","0"
"2224","コモ","東証","20230316","日証金","確報","0","0","500","0","0","0","500","0"
"2226","湖池屋","東証","20230316","日証金","確報","0","0","400","0","0","1500","-1100","0"
"2229","カルビー","東証","20230316","日証金","確報","1200","3800","12000","0","9000","5600","6400","6400"
"2235","上場ダウヘッジなし","東証","20230316","日証金","確報","10","0","300","0","0","0","300","10"
"2236","ＧＸＵＳ配当貴族","東証","20230316","日証金","確報","225","300","9802","0","0","0","9802","-75"
"2237","ｉＦＳＰ５００ダブル","東証","20230316","日証金","確報","5","0","88","0","0","0","88","5"
"2238","ｉＦＳＰ５００ベア","東証","20230316","日証金","確報","135","0","410","0","0","0","410","135"
"2241","ＭＸＳダウ","東証","20230316","日証金","確報","10","0","10","0","0","0","10","10"
"2242","ＭＸＳダウヘ有","東証","20230316","日証金","確報","10","0","10","0","20","24280","-24270","30"
"2264","森永乳業","東証","20230316","日証金","確報","700","100","3800","600","300","7800","-4000","300"
"2266","六甲バター","東証","20230316","日証金","確報","0","0","1700","0","400","2800","-1100","400"
"2267","ヤクルト本社","東証","20230316","日証金","確報","1800","400","14400","4000","2200","100900","-86500","-400"
"2268","サーティワン","東証","20230316","日証金","確報","0","0","500","0","0","0","500","0"
"2269","明治ホールディングス","東証","20230316","日証金","確報","200","4100","9200","0","2300","1300","7900","-1600"
"2270","雪印メグミルク","札証","20230316","日証金","確報","0","0","0","0","0","0","0","0"
"2270","雪印メグミルク","東証","20230316","日証金","確報","4000","4500","12000","0","500","12000","0","0"
"2281","プリマハム","東証","20230316","日証金","確報","2500","0","5100","0","100","200","4900","2600"
"2282","日本ハム","東証","20230316","日証金","確報","300","3300","14800","7000","1700","8300","6500","-8300"
"2286","林兼産業","東証","20230316","日証金","確報","0","0","41500","0","0","0","41500","0"
"2288","丸大食品","東証","20230316","日証金","確報","0","0","1700","0","0","900","800","0"
"2291","福留ハム","東証","20230316","日証金","確報","0","100","300","700","300","8700","-8400","-500"
"2292","エス　フーズ","東証","20230316","日証金","確報","0","200","4800","0","0","400","4400","-200"
"2293","滝沢ハム","東証","20230316","日証金","確報","0","0","200","0","0","0","200","0"
"2294","柿安本店","東証","20230316","日証金","確報","0","0","1600","0","100","0","1600","100"
"2296","伊藤ハム米久ＨＤ","東証","20230316","日証金","確報","1400","0","6100","0","2200","3300","2800","3600"
"2300","きょくとう","東証","20230316","日証金","確報","200","100","800","0","0","0","800","100"
"2301","学情","東証","20230316","日証金","確報","1300","2400","10400","200","1300","10400","0","0"
"2303","ドーン","東証","20230316","日証金","確報","0","0","2900","0","0","0","2900","0"
"2304","ＣＳＳＨＤ","東証","20230316","日証金","確報","100","300","4600","100","0","3300","1300","-300"
"2305","スタジオアリス","東証","20230316","日証金","確報","100","1500","1700","100","0","600","1100","-1500"
"2307","クロスキャット","東証","20230316","日証金","確報","800","900","18200","0","0","0","18200","-100"
"2309","シミックＨＤ","東証","20230316","日証金","確報","200","300","7800","200","400","3200","4600","100"
"2311","エプコ","東証","20230316","日証金","確報","100","0","100","0","0","0","100","100"
"2315","ＣＡＩＣＡ　Ｄ","東証","20230316","日証金","確報","188200","188200","1200000","0","0","1200000","0","0"
"2317","システナ","東証","20230316","日証金","確報","0","5300","163400","0","0","9600","153800","-5300"
"2321","ソフトフロントＨＤ","東証","20230316","日証金","確報","3100","700","66500","0","0","0","66500","2400"
"2323","ｆｏｎｆｕｎ","東証","20230316","日証金","確報","200","0","11100","0","0","0","11100","200"
"2325","ＮＪＳ","東証","20230316","日証金","確報","100","0","600","0","100","1400","-800","200"
"2326","デジタルアーツ","東証","20230316","日証金","確報","100","100","12300","0","200","100","12200","200"
"2327","日鉄ソリューションズ","東証","20230316","日証金","確報","400","0","9900","0","600","0","9900","1000"
"2329","東北新社","東証","20230316","日証金","確報","100","0","1100","0","0","0","1100","100"
"2330","フォーサイド","東証","20230316","日証金","確報","0","3500","82800","0","0","0","82800","-3500"
"2331","綜合警備保障","東証","20230316","日証金","確報","100","0","3600","0","0","300","3300","100"
"2332","クエスト","東証","20230316","日証金","確報","0","0","800","0","0","100","700","0"
"2334","イオレ","東証","20230316","日証金","確報","1400","400","14100","0","0","0","14100","1000"
"2335","キューブシステム","東証","20230316","日証金","確報","100","300","2000","500","100","2000","0","-600"
"2337","いちご","東証","20230316","日証金","確報","2500","600","80700","0","0","0","80700","1900"
"2338","クオンタムＳ","東証","20230316","日証金","確報","0","0","1000","0","0","0","1000","0"
"2341","アルバイトタイムス","東証","20230316","日証金","確報","12900","55600","66800","0","0","0","66800","-42700"
"2342","トランスジェニック","東証","20230316","日証金","確報","0","800","8300","0","0","0","8300","-800"
"2344","平安レイサービス","東証","20230316","日証金","確報","0","100","2400","0","0","0","2400","-100"
"2345","クシム","東証","20230316","日証金","確報","600","900","58700","0","0","0","58700","-300"
"2349","エヌアイデイ","東証","20230316","日証金","確報","0","0","0","0","0","0","0","0"
"2351","ＡＳＪ","東証","20230316","日証金","確報","0","0","4500","0","0","0","4500","0"
"2353","日本駐車場開発","東証","20230316","日証金","確報","33000","14300","434400","0","1900","100","434300","20600"
"2354","ＹＥ　ＤＩＧＩＴＡＬ","東証","20230316","日証金","確報","600","100","37500","0","0","0","37500","500"
"2359","コア","東証","20230316","日証金","確報","0","100","72700","0","0","1500","71200","-100"
"2370","メディネット","東証","20230316","日証金","確報","4000","79100","1325000","0","0","0","1325000","-75100"
"2371","カカクコム","東証","20230316","日証金","確報","1600","1000","62500","0","1400","11600","50900","2000"
"2372","アイロムグループ","東証","20230316","日証金","確報","500","0","88300","0","0","0","88300","500"
"2373","ケア２１","東証","20230316","日証金","確報","0","100","2600","0","0","0","2600","-100"
"2374","セントケアＨＤ","東証","20230316","日証金","確報","100","0","3300","0","0","0","3300","100"
"2375","ギグワークス","東証","20230316","日証金","確報","1300","100","31200","0","0","0","31200","1200"
"2376","サイネックス","東証","20230316","日証金","確報","0","0","2000","0","0","0","2000","0"
"2378","ルネサンス","東証","20230316","日証金","確報","300","1700","11300","16500","0","51300","-40000","-17900"
"2379","ディップ","東証","20230316","日証金","確報","100","400","18200","100","0","600","17600","-400"
"2384","ＳＢＳＨＤ","東証","20230316","日証金","確報","100","2900","3700","200","3000","3700","0","0"
"2385","総医研ＨＤ","東証","20230316","日証金","確報","0","0","41800","0","0","0","41800","0"
"2388","ウェッジＨＤ","東証","20230316","日証金","確報","0","4700","125500","0","0","0","125500","-4700"
"2389","デジタルＨＤ","東証","20230316","日証金","確報","0","700","2700","100","800","2700","0","0"
"2391","プラネット","東証","20230316","日証金","確報","0","0","1000","0","0","0","1000","0"
"2393","日本ケアサプライ","東証","20230316","日証金","確報","0","0","100","0","0","0","100","0"
"2395","新日本科学","東証","20230316","日証金","確報","500","800","48500","200","59300","320600","-272100","58800"
"2397","ＤＮＡチップ研究所","東証","20230316","日証金","確報","300","2700","22800","0","0","0","22800","-2400"
"2402","アマナ","東証","20230316","日証金","確報","0","0","200","0","0","0","200","0"
"2404","鉄人化計画","東証","20230316","日証金","確報","1000","100","26200","900","0","26200","0","0"
"2408","ＫＧ情報","東証","20230316","日証金","確報","0","0","10200","0","0","0","10200","0"
"2410","キャリアＤセンタ","東証","20230316","日証金","確報","39100","11800","53200","1200","1000","53200","0","27100"
"2411","ゲンダイエージェンシ","東証","20230316","日証金","確報","19900","700","36100","1300","400","12500","23600","18300"
"2412","ベネフィット・ワン","東証","20230316","日証金","確報","200","100","52200","500","0","51700","500","-400"
"2413","エムスリー","東証","20230316","日証金","確報","2400","2200","201100","48000","0","55300","145800","-47800"
"2415","ヒューマンＨＤ","東証","20230316","日証金","確報","0","0","600","0","0","0","600","0"
"2418","ツカダグローバルＨＤ","東証","20230316","日証金","確報","2600","200","37600","0","0","5200","32400","2400"
"2424","ブラス","名証","20230316","日証金","確報","0","0","0","0","0","0","0","0"
"2424","ブラス","東証","20230316","日証金","確報","1100","5200","6400","0","0","0","6400","-4100"
"2425","ケアサービス","東証","20230316","日証金","確報","100","0","5800","0","0","0","5800","100"
"2427","アウトソーシング","東証","20230316","日証金","確報","26200","0","130400","0","1500","15300","115100","27700"
"2428","ウェルネット","札証","20230316","日証金","確報","0","0","0","0","0","0","0","0"
"2428","ウェルネット","東証","20230316","日証金","確報","400","3100","33500","0","900","500","33000","-1800"
"2429","ワールドＨＤ","東証","20230316","日証金","確報","200","1000","1400","0","0","0","1400","-800"
"2432","ディー・エヌ・エー","東証","20230316","日証金","確報","4800","0","17000","6000","0","6000","11000","-1200"
"2433","博報堂ＤＹＨＤ","東証","20230316","日証金","確報","0","200","3000","5800","1400","52400","-49400","-4600"
"2435","シダー","東証","20230316","日証金","確報","500","300","32500","0","2100","35600","-3100","2300"
"2436","共同ピーアール","東証","20230316","日証金","確報","0","0","4200","0","0","0","4200","0"
"2437","シンワワイズ","東証","20230316","日証金","確報","300","1800","59400","0","0","0","59400","-1500"
"2438","アスカネット","東証","20230316","日証金","確報","28000","1600","494200","0","300","508100","-13900","26700"
"2440","ぐるなび","東証","20230316","日証金","確報","26900","41900","255900","200","15200","255900","0","0"
"2445","タカミヤ","東証","20230316","日証金","確報","200","0","1100","0","100","0","1100","300"
"2449","プラップジャパン","東証","20230316","日証金","確報","0","200","1300","0","0","0","1300","-200"
"2453","ジャパンベストレスキ","名証","20230316","日証金","確報","0","0","0","0","0","0","0","0"
"2453","ジャパンベストレスキ","東証","20230316","日証金","確報","300","300","1400","0","0","100","1300","0"
"2454","オールアバウト","東証","20230316","日証金","確報","3900","0","4800","0","0","0","4800","3900"
"2459","アウンコンサル","東証","20230316","日証金","確報","100","100","17400","0","0","0","17400","0"
"2461","ファンコミュニ","東証","20230316","日証金","確報","0","0","11900","0","0","0","11900","0"
"2462","ライク","東証","20230316","日証金","確報","1000","2100","41300","500","0","68600","-27300","-1600"
"2464","ビジネス・ブレクスル","東証","20230316","日証金","確報","3200","4500","13900","0","0","0","13900","-1300"
"2468","フュートレック","東証","20230316","日証金","確報","1500","16700","11900","0","0","0","11900","-15200"
"2469","ヒビノ","東証","20230316","日証金","確報","0","0","1400","0","0","0","1400","0"
"2471","エスプール","東証","20230316","日証金","確報","10700","0","231100","0","5000","20500","210600","15700"
"2475","ＷＤＢＨＤ","東証","20230316","日証金","確報","0","100","1600","100","0","100","1500","-200"
"2477","手間いらず","東証","20230316","日証金","確報","900","0","11500","0","0","500","11000","900"
"2479","ジェイテック","東証","20230316","日証金","確報","700","0","80100","0","0","0","80100","700"
"2480","システムロケーション","東証","20230316","日証金","確報","0","0","1400","0","0","0","1400","0"
"2481","タウンニュース社","東証","20230316","日証金","確報","0","0","600","0","100","200","400","100"
"2483","翻訳センター","東証","20230316","日証金","確報","200","100","1600","0","0","0","1600","100"
"2484","出前館","東証","20230316","日証金","確報","56200","0","178600","200","71100","57500","121100","127100"
"2485","ティア","名証","20230316","日証金","確報","0","0","0","0","0","0","0","0"
"2485","ティア","東証","20230316","日証金","確報","0","500","9000","0","0","0","9000","-500"
"2487","ＣＤＧ","東証","20230316","日証金","確報","0","0","100","0","0","600","-500","0"
"2488","ＪＴＰ","東証","20230316","日証金","確報","2000","500","28200","0","0","0","28200","1500"
"2489","アドウェイズ","東証","20230316","日証金","確報","600","4300","26000","500","0","5500","20500","-4200"
"2491","バリューコマース","東証","20230316","日証金","確報","300","900","27700","0","0","0","27700","-600"
"2492","インフォマート","東証","20230316","日証金","確報","1400","29500","169300","0","4000","0","169300","-24100"
"2493","イーサポートリンク","東証","20230316","日証金","確報","100","0","4200","0","0","0","4200","100"
"2497","ユナイテッド","東証","20230316","日証金","確報","200","300","5100","0","100","1500","3600","0"
"2498","オリコンＨＤ","東証","20230316","日証金","確報","0","300","1800","0","0","0","1800","-300"
"2499","日本和装ＨＤ","東証","20230316","日証金","確報","0","0","2200","0","0","0","2200","0"
"2501","サッポロＨＤ","札証","20230316","日証金","確報","0","0","0","0","0","0","0","0"
"2501","サッポロＨＤ","東証","20230316","日証金","確報","200","4400","6500","3700","13600","60100","-53600","5700"
"2502","アサヒグループＨＤ","東証","20230316","日証金","確報","500","1700","7500","21500","20400","45900","-38400","-2300"
"2503","キリンＨＤ","名証","20230316","日証金","確報","0","0","0","0","0","0","0","0"
"2503","キリンＨＤ","札証","20230316","日証金","確報","0","0","0","0","0","0","0","0"
"2503","キリンＨＤ","東証","20230316","日証金","確報","200","7200","36600","15000","0","15100","21500","-22000"
"2503","キリンＨＤ","福証","20230316","日証金","確報","0","0","0","0","0","0","0","0"
"2510","国内債券","東証","20230316","日証金","確報","0","0","4280","0","640","5060","-780","640"
"2511","外国債券ヘッジなし","東証","20230316","日証金","確報","0","0","0","0","0","0","0","0"
"2512","外国債券ヘッジあり","東証","20230316","日証金","確報","0","0","1000","0","0","1000","0","0"
"2513","外国株式ヘッジなし","東証","20230316","日証金","確報","0","4430","0","0","0","80","-80","-4430"
"2514","外国株式ヘッジあり","東証","20230316","日証金","確報","10","0","150","0","0","140","10","10"
"2515","外国リートヘッジなし","東証","20230316","日証金","確報","0","0","7620","10","240","770","6850","230"
"2516","東証マザーズＥＴＦ","東証","20230316","日証金","確報","48660","0","93540","4220","73000","403200","-309660","117440"
"2517","ＭＸＳＪリートコア","東証","20230316","日証金","確報","0","0","0","0","0","0","0","0"
"2518","日本株女性活躍ＥＴＦ","東証","20230316","日証金","確報","46397","404","49363","11","5726","11","49352","51708"
"2519","新興国債券ヘッジなし","東証","20230316","日証金","確報","0","0","0","0","0","0","0","0"
"2520","新興国株式ヘッジなし","東証","20230316","日証金","確報","0","0","14290","0","90","350","13940","90"
"2521","上場米国ヘッジあり","東証","20230316","日証金","確報","900","0","390380","0","0","13200","377180","900"
"2522","ｉＳロボット","東証","20230316","日証金","確報","11","10","311","0","5","773","-462","6"
"2523","ＭＸＳトピ除く金融","東証","20230316","日証金","確報","0","0","20","0","0","0","20","0"
"2524","ＮＺＡＭ　ＴＰＸ","東証","20230316","日証金","確報","0","0","0","0","0","0","0","0"
"2525","ＮＺＡＭ　２２５","東証","20230316","日証金","確報","0","0","0","2","0","2","-2","-2"
"2526","ＮＺＡＭ　４００","東証","20230316","日証金","確報","0","0","9","0","0","0","9","0"
"2527","ＮＺＡＭＪリートコア","東証","20230316","日証金","確報","0","0","0","0","0","0","0","0"
"2528","大和Ｊリートコア","東証","20230316","日証金","確報","0","0","0","0","0","30","-30","0"
"2529","株主還元７０ＥＴＦ","東証","20230316","日証金","確報","0","97","5","0","0","0","5","-97"
"2530","ＭＸＳ中国Ａ株１８０","東証","20230316","日証金","確報","0","0","0","0","0","0","0","0"
"2531","宝ホールディングス","東証","20230316","日証金","確報","3000","19900","34700","900","100","1600","33100","-17700"
"2533","オエノンＨＤ","東証","20230316","日証金","確報","1000","300","11400","400","0","8600","2800","300"
"2540","養命酒製造","名証","20230316","日証金","確報","0","0","0","0","0","0","0","0"
"2540","養命酒製造","東証","20230316","日証金","確報","0","0","1300","0","0","400","900","0"
"2551","マルサンアイ","名証","20230316","日証金","確報","0","0","0","0","0","0","0","0"
"2552","上場ＪリートＭ","東証","20230316","日証金","確報","2","0","3","0","0","0","3","2"
"2553","Ｏｎｅ・ＣＳＩ５００","東証","20230316","日証金","確報","0","0","100","0","0","0","100","0"
"2554","米国社債１０年ヘッジ","東証","20230316","日証金","確報","0","0","0","0","0","0","0","0"
"2555","東証ＲＥＩＴ－ＥＴＦ","東証","20230316","日証金","確報","0","0","50","0","60","450","-400","60"
"2556","Ｏｎｅ・Ｊリート","東証","20230316","日証金","確報","0","0","0","0","0","0","0","0"
"2557","ＳＭＤＡＭトピックス","東証","20230316","日証金","確報","0","0","0","0","0","0","0","0"
"2558","ＭＸＳ米株ＳＰ５００","東証","20230316","日証金","確報","179","5","27759","0","20","2436","25323","194"
"2559","ＭＸＳ全世界株式","東証","20230316","日証金","確報","662","0","1384","662","0","1384","0","0"
"2560","ＭＸＳカーボン日本株","東証","20230316","日証金","確報","0","0","0","0","0","0","0","0"
"2561","ｉＳ日本国債","東証","20230316","日証金","確報","22","521","12229","0","549","13942","-1713","50"
"2562","上場ダウヘッジあり","東証","20230316","日証金","確報","510","13850","22890","0","780","21110","1780","-12560"
"2563","ｉＳＳＰ５百米株ヘジ","東証","20230316","日証金","確報","0","500","1349530","0","0","1000","1348530","-500"
"2564","ＧＸスーパーディビ","東証","20230316","日証金","確報","97","0","140","0","0","0","140","97"
"2565","ＧＸロジＪリート","東証","20230316","日証金","確報","0","102","12","0","0","0","12","-102"
"2566","上場ＥＳＧリート","東証","20230316","日証金","確報","0","0","0","0","0","0","0","0"
"2567","ＮＺＡＭ　カーボン","東証","20230316","日証金","確報","0","0","80","0","10","20","60","10"
"2568","上場ＮＳＱ１００ヘ無","東証","20230316","日証金","確報","1000","0","12610","3970","200","19650","-7040","-2770"
"2569","上場ＮＳＱ１００ヘ有","東証","20230316","日証金","確報","620","100","21450","0","0","0","21450","520"
"2573","北海道コカ・コーラ","札証","20230316","日証金","確報","0","0","0","0","0","0","0","0"
"2573","北海道コカ・コーラ","東証","20230316","日証金","確報","0","0","200","0","0","0","200","0"
"2579","コカ・コーラＢＪＨ","東証","20230316","日証金","確報","300","3000","132000","100","200","1900","130100","-2600"
"2585","ライフドリンクＣ","東証","20230316","日証金","確報","100","0","1900","0","0","0","1900","100"
"2586","フルッタフルッタ","東証","20230316","日証金","確報","7600","2400","94500","0","0","0","94500","5200"
"2587","サントリー食品インタ","東証","20230316","日証金","確報","400","900","3700","300","0","500","3200","-800"
"2588","ＰウォーターＨＤ","東証","20230316","日証金","確報","0","0","1000","0","0","0","1000","0"
"2590","ＤｙＤｏ","東証","20230316","日証金","確報","500","100","3100","100","100","4500","-1400","400"
"2593","伊藤園","東証","20230316","日証金","確報","400","1200","24000","0","800","300","23700","0"
"25935","伊藤園第１種優先株式","東証","20230316","日証金","確報","0","3500","22600","0","0","0","22600","-3500"
"2594","キーコーヒー","東証","20230316","日証金","確報","500","200","2900","1600","2500","6800","-3900","1200"
"2597","ユニカフェ","東証","20230316","日証金","確報","200","0","500","0","0","0","500","200"
"2599","ジャパンフーズ","東証","20230316","日証金","確報","0","100","2600","0","0","11500","-8900","-100"
"2602","日清オイリオグループ","東証","20230316","日証金","確報","0","300","1900","0","100","100","1800","-200"
"2607","不二製油グループ本社","東証","20230316","日証金","確報","500","600","10900","0","4600","1100","9800","4500"
"2612","かどや製油","東証","20230316","日証金","確報","0","0","200","0","0","0","200","0"
"2613","Ｊ－オイルミルズ","東証","20230316","日証金","確報","100","0","2000","0","0","0","2000","100"
"2620","ｉＳ米国債一三","東証","20230316","日証金","確報","0","0","720","0","0","0","720","0"
"2621","ｉＳ米国債二十ヘジ","東証","20230316","日証金","確報","1340","0","32170","500","0","542","31628","840"
"2622","ｉＳ新興国債券ヘジ","東証","20230316","日証金","確報","0","0","450","0","0","0","450","0"
"2623","ｉＳユロＩＧ社債ヘジ","東証","20230316","日証金","確報","0","0","0","0","0","0","0","0"
"2624","ｉＦ２２５年４","東証","20230316","日証金","確報","0","39","33","0","10","22","11","-29"
"2625","ｉＦＴＰＸ年４","東証","20230316","日証金","確報","0","0","18","0","0","0","18","0"
"2626","ＧＸデジタル日株","東証","20230316","日証金","確報","0","0","6","0","0","0","6","0"
"2627","ＧＸｅコマース日株","東証","20230316","日証金","確報","0","2","17","0","0","0","17","-2"
"2628","ｉＦ中国科創板５０","東証","20230316","日証金","確報","1","1","400","0","0","400","0","0"
"2629","ｉＦ中国ＧＢＡ１００","東証","20230316","日証金","確報","1","1","80","0","0","80","0","0"
"2630","ＭＸＳ米株ＳＰ５へ有","東証","20230316","日証金","確報","0","141","30597","1","120","277","30320","-22"
"2631","ＭＸＳナス１００","東証","20230316","日証金","確報","3","0","8142","1","597","4107","4035","599"
"2632","ＭＸＳナス１００へ有","東証","20230316","日証金","確報","63","594","83","889","108","1395","-1312","-1312"
"2633","Ｓ＆Ｐ５００ヘッジ無","東証","20230316","日証金","確報","200","0","250","1970","0","3140","-2890","-1770"
"2634","Ｓ＆Ｐ５００ヘッジ有","東証","20230316","日証金","確報","320","0","163050","0","500","53680","109370","820"
"2635","Ｓ＆Ｐ５００ＥＳＧ","東証","20230316","日証金","確報","0","0","0","0","0","0","0","0"
"2636","ＧＸガバナンス日株","東証","20230316","日証金","確報","0","0","25","0","0","12","13","0"
"2637","ＧＸクリーン日株","東証","20230316","日証金","確報","14","0","28","0","0","28","0","14"
"2638","ＧＸロボ＆ＡＩ日株","東証","20230316","日証金","確報","0","0","50","0","0","50","0","0"
"2639","ＧＸバイオ＆メド日株","東証","20230316","日証金","確報","0","0","15","0","0","15","0","0"
"2640","ＧＸゲームアニメ日株","東証","20230316","日証金","確報","0","150","11","0","1","3","8","-149"
"2641","ＧＸＧリーダーズ日株","東証","20230316","日証金","確報","0","0","18","0","0","0","18","0"
"2642","ＳＭＴ低炭素日本株","東証","20230316","日証金","確報","0","0","0","0","0","0","0","0"
"2643","ＭＳＣＩ日本株ＥＳＧ","東証","20230316","日証金","確報","0","0","26","0","0","0","26","0"
"2644","ＧＸ半導体日株","東証","20230316","日証金","確報","0","48","1049","7","55","1049","0","0"
"2645","ＧＸレジ＆エンタ日株","東証","20230316","日証金","確報","2","0","10","0","2","11","-1","4"
"2646","ＧＸメタルビジ日株","東証","20230316","日証金","確報","0","22","17","0","0","0","17","-22"
"2647","米債７－１０ヘッジ無","東証","20230316","日証金","確報","0","0","0","0","0","0","0","0"
"2648","米債７－１０ヘッジ有","東証","20230316","日証金","確報","0","0","0","0","0","0","0","0"
"2649","ｉＳＧＮＭＡ債ヘジ","東証","20230316","日証金","確報","0","0","0","0","0","0","0","0"
"2651","ローソン","東証","20230316","日証金","確報","300","1900","5700","300","3400","34600","-28900","1500"
"2652","まんだらけ","東証","20230316","日証金","確報","3200","0","160100","100","2000","39100","121000","5100"
"2653","イオン九州","東証","20230316","日証金","確報","0","0","1400","0","0","0","1400","0"
"2654","アスモ","東証","20230316","日証金","確報","0","0","7900","0","0","0","7900","0"
"2656","ベクター","東証","20230316","日証金","確報","700","100","11500","0","0","0","11500","600"
"2659","サンエー","東証","20230316","日証金","確報","600","300","1200","0","200","200","1000","500"
"2664","カワチ薬品","東証","20230316","日証金","確報","3600","100","3900","0","5400","3900","0","8900"
"2666","オートウェーブ","東証","20230316","日証金","確報","11800","20000","42800","0","0","0","42800","-8200"
"2667","イメージ　ワン","東証","20230316","日証金","確報","2700","1100","385900","0","0","201500","184400","1600"
"2668","タビオ","東証","20230316","日証金","確報","0","0","0","0","0","0","0","0"
"2669","カネ美食品","東証","20230316","日証金","確報","400","100","1900","0","200","10800","-8900","500"
"2670","エービーシー・マート","東証","20230316","日証金","確報","300","400","2100","300","2700","22900","-20800","2300"
"2673","夢みつけ隊","東証","20230316","日証金","確報","600","1400","36800","0","0","0","36800","-800"
"2674","ハードオフ","東証","20230316","日証金","確報","600","0","14400","0","1700","1400","13000","2300"
"2676","高千穂交易","東証","20230316","日証金","確報","2500","1200","22800","0","400","66600","-43800","1700"
"2678","アスクル","東証","20230316","日証金","確報","0","15300","15900","600","600","2200","13700","-15300"
"2681","ゲオホールディングス","東証","20230316","日証金","確報","1700","2000","52100","0","100","1500","50600","-200"
"2683","魚喜","東証","20230316","日証金","確報","0","1000","0","0","0","0","0","-1000"
"2685","アダストリア","東証","20230316","日証金","確報","3400","0","23600","0","35400","19600","4000","38800"
"2686","ジーフット","名証","20230316","日証金","確報","0","0","0","0","0","0","0","0"
"2686","ジーフット","東証","20230316","日証金","確報","0","0","100","0","0","0","100","0"
"2687","ＣＶＳベイエリア","東証","20230316","日証金","確報","200","0","6000","0","600","7300","-1300","800"
"2689","オルバヘルスケアＨＤ","東証","20230316","日証金","確報","200","0","1300","0","0","100","1200","200"
"2692","伊藤忠食品","東証","20230316","日証金","確報","0","100","700","100","0","700","0","-200"
"2693","ＹＫＴ","東証","20230316","日証金","確報","600","400","31600","0","0","0","31600","200"
"2694","焼肉坂井ＨＤ","東証","20230316","日証金","確報","1500","0","20200","0","0","13800","6400","1500"
"2695","くら寿司","東証","20230316","日証金","確報","400","8700","6000","300","1000","6000","0","-7600"
"2698","キャンドゥ","東証","20230316","日証金","確報","200","300","8600","0","0","0","8600","-100"
"2700","木徳神糧","東証","20230316","日証金","確報","0","0","900","0","0","0","900","0"
"2702","日本マクドナルドＨＤ","東証","20230316","日証金","確報","600","800","2800","700","23100","97200","-94400","22200"
"2705","大戸屋ＨＤ","東証","20230316","日証金","確報","100","2500","4900","0","0","0","4900","-2400"
"2706","ブロッコリー","東証","20230316","日証金","確報","200","0","2500","0","0","0","2500","200"
"2708","久世","東証","20230316","日証金","確報","0","200","7300","0","0","0","7300","-200"
"2715","エレマテック","東証","20230316","日証金","確報","1900","1500","6800","0","5100","800","6000","5500"
"2721","ジェイＨＤ","東証","20230316","日証金","確報","1000","2400","54500","0","0","0","54500","-1400"
"2722","ＩＫホールディングス","名証","20230316","日証金","確報","0","0","0","0","0","0","0","0"
"2722","ＩＫホールディングス","東証","20230316","日証金","確報","500","0","19900","3000","0","50700","-30800","-2500"
"2726","パルグループＨＤ","東証","20230316","日証金","確報","4000","200","18000","1000","200","10900","7100","3000"
"2730","エディオン","東証","20230316","日証金","確報","400","400","41600","8600","400","24000","17600","-8200"
"2733","あらた","東証","20230316","日証金","確報","100","0","1700","100","0","400","1300","0"
"2734","サーラコーポ","名証","20230316","日証金","確報","0","0","0","0","0","0","0","0"
"2734","サーラコーポ","東証","20230316","日証金","確報","0","100","800","0","0","400","400","-100"
"2735","ワッツ","東証","20230316","日証金","確報","0","10000","1500","100","0","12900","-11400","-10100"
"2736","フェスタリアＨＤ","東証","20230316","日証金","確報","0","0","0","0","0","0","0","0"
"2737","トーメンデバイス","東証","20230316","日証金","確報","100","0","1600","0","0","0","1600","100"
"2742","ハローズ","東証","20230316","日証金","確報","100","0","900","0","0","300","600","100"
"2743","ピクセルカンパニーズ","東証","20230316","日証金","確報","600","100","32500","0","0","0","32500","500"
"2747","北雄ラッキー","東証","20230316","日証金","確報","0","0","200","0","0","0","200","0"
"2749","ＪＰホールディングス","東証","20230316","日証金","確報","110600","1000","248000","0","6000","50900","197100","115600"
"2750","石光商事","東証","20230316","日証金","確報","500","0","3700","0","0","0","3700","500"
"2751","テンポスＨＤ","東証","20230316","日証金","確報","1000","0","3400","0","0","1300","2100","1000"
"2752","フジオフードＧ本社","東証","20230316","日証金","確報","500","400","3500","9700","300","48700","-45200","-9300"
"2753","あみやき亭","名証","20230316","日証金","確報","0","0","0","0","0","0","0","0"
"2753","あみやき亭","東証","20230316","日証金","確報","200","0","1700","0","0","0","1700","200"
"2754","東葛ホールディングス","東証","20230316","日証金","確報","0","0","300","0","0","0","300","0"
"2760","東京エレクトロンデバ","東証","20230316","日証金","確報","5800","100","9500","800","4600","17200","-7700","9500"
"2762","ＳＡＮＫＯ　ＭＦ","東証","20230316","日証金","確報","400","0","8500","0","0","0","8500","400"
"2763","エフティグループ","東証","20230316","日証金","確報","1000","0","5300","1500","0","1700","3600","-500"
"2764","ひらまつ","東証","20230316","日証金","確報","200","500","15200","0","0","0","15200","-300"
"2767","円谷フィールズＨＤ","東証","20230316","日証金","確報","138900","3400","239200","0","0","0","239200","135500"
"2768","双日","東証","20230316","日証金","確報","20700","1900","118200","0","0","900","117300","18800"
"2769","ヴィレッジヴァンガド","東証","20230316","日証金","確報","0","0","3600","0","0","0","3600","0"
"2776","新都ホールディングス","東証","20230316","日証金","確報","2700","0","49700","0","0","0","49700","2700"
"2777","カッシーナ・イクスシ","東証","20230316","日証金","確報","0","1200","1100","0","0","0","1100","-1200"
"2778","パレモ・ＨＤ","名証","20230316","日証金","確報","0","0","0","0","0","0","0","0"
"2778","パレモ・ＨＤ","東証","20230316","日証金","確報","600","3100","84800","0","0","0","84800","-2500"
"2780","コメ兵ＨＤ","名証","20230316","日証金","確報","0","0","0","0","0","0","0","0"
"2780","コメ兵ＨＤ","東証","20230316","日証金","確報","600","500","19900","0","0","0","19900","100"
"2782","セリア","東証","20230316","日証金","確報","900","0","2600","0","0","800","1800","900"
"2784","アルフレッサＨＤ","東証","20230316","日証金","確報","500","100","5700","14400","5200","55800","-50100","-8800"
"2788","アップルインタナショ","東証","20230316","日証金","確報","600","400","55100","0","0","0","55100","200"
"2789","カルラ","東証","20230316","日証金","確報","0","0","200","0","0","0","200","0"
"2790","ナフコ","東証","20230316","日証金","確報","0","0","2000","0","0","0","2000","0"
"2791","大黒天物産","東証","20230316","日証金","確報","1700","0","13900","200","600","17000","-3100","2100"
"2792","ハニーズＨＬＤ","東証","20230316","日証金","確報","2100","0","2900","100","1400","6700","-3800","3400"
"2795","日本プリメックス","東証","20230316","日証金","確報","0","0","900","0","0","0","900","0"
"2796","ファーマライズＨＤ","東証","20230316","日証金","確報","0","0","500","0","0","300","200","0"
"2801","キッコーマン","東証","20230316","日証金","確報","400","3300","20100","17000","100","17000","3100","-19800"
"2802","味の素","東証","20230316","日証金","確報","2500","700","22300","21200","39200","117900","-95600","19800"
"2804","ブルドックソース","東証","20230316","日証金","確報","0","0","0","800","100","98700","-98700","-700"
"2805","ヱスビー食品","東証","20230316","日証金","確報","200","0","200","0","0","0","200","200"
"2806","ユタカフーズ","名証","20230316","日証金","確報","0","0","0","0","0","0","0","0"
"2806","ユタカフーズ","東証","20230316","日証金","確報","0","0","700","0","0","0","700","0"
"2809","キユーピー","東証","20230316","日証金","確報","0","5200","13700","400","12800","4800","8900","7200"
"2810","ハウス食品Ｇ本社","東証","20230316","日証金","確報","100","1500","6200","0","100","1000","5200","-1300"
"2811","カゴメ","名証","20230316","日証金","確報","0","0","0","0","0","0","0","0"
"2811","カゴメ","東証","20230316","日証金","確報","300","300","4100","0","0","4100","0","0"
"2812","焼津水産化学工業","東証","20230316","日証金","確報","0","0","1200","0","0","0","1200","0"
"2813","和弘食品","札証","20230316","日証金","確報","0","0","0","0","0","0","0","0"
"2813","和弘食品","東証","20230316","日証金","確報","0","0","1300","0","0","0","1300","0"
"2814","佐藤食品工業","東証","20230316","日証金","確報","0","0","200","0","0","0","200","0"
"2815","アリアケジャパン","東証","20230316","日証金","確報","300","600","2200","200","0","2700","-500","-500"
"2816","ダイショー","東証","20230316","日証金","確報","0","0","500","0","0","1900","-1400","0"
"2818","ピエトロ","東証","20230316","日証金","確報","0","0","300","200","0","6700","-6400","-200"
"2819","エバラ食品工業","東証","20230316","日証金","確報","0","300","1300","0","0","7900","-6600","-300"
"2820","やまみ","東証","20230316","日証金","確報","800","0","4800","0","0","0","4800","800"
"2830","アヲハタ","東証","20230316","日証金","確報","0","0","200","0","0","0","200","0"
"2831","はごろもフーズ","東証","20230316","日証金","確報","0","0","0","0","0","0","0","0"
"2836","ＧＸフィンテック日株","東証","20230316","日証金","確報","1","1","8","0","0","10","-2","0"
"2837","ＧＸ中小リーダー日株","東証","20230316","日証金","確報","0","0","6","0","0","10","-4","0"
"2838","ＭＸ米債７－１０ヘ無","東証","20230316","日証金","確報","0","9","158","0","0","0","158","-9"
"2839","ＭＸ米債７－１０ヘ有","東証","20230316","日証金","確報","0","7","3","0","0","0","3","-7"
"2840","ｉＦナス１００Ｈ無","東証","20230316","日証金","確報","159","29","364","22","125","547","-183","233"
"2841","ｉＦナス１００Ｈ有","東証","20230316","日証金","確報","11427","0","17363","846","0","6989","10374","10581"
"2842","ｉＦナス１００ベア","東証","20230316","日証金","確報","2","85","4142","0","0","0","4142","-83"
"2843","上場豪債ヘッジあり","東証","20230316","日証金","確報","0","0","0","0","0","0","0","0"
"2844","上場豪債ヘッジなし","東証","20230316","日証金","確報","0","0","10","0","0","0","10","0"
"2845","ナスダックヘッジ有","東証","20230316","日証金","確報","10500","0","27730","0","3210","9230","18500","13710"
"2846","ダウヘッジ有","東証","20230316","日証金","確報","0","100","690","20","100","710","-20","-20"
"2847","ＧＸ成長インフラ日株","東証","20230316","日証金","確報","1","0","2","0","0","0","2","1"
"2848","ＧＸ気候変動日株","東証","20230316","日証金","確報","0","0","1","0","0","0","1","0"
"2849","ＧＸ高配当ＥＳＧ日株","東証","20230316","日証金","確報","0","0","85","6","0","13","72","-6"
"2850","ソラクティブ日ＥＳＧ","東証","20230316","日証金","確報","0","0","0","0","0","0","0","0"
"2851","ｉＳＭＳＣＩＪＳＲＩ","東証","20230316","日証金","確報","0","0","0","0","0","0","0","0"
"2852","ｉＳグリーンＪリート","東証","20230316","日証金","確報","0","0","20","10","10","10","10","0"
"2853","ｉＳ気候外国債券ヘジ","東証","20230316","日証金","確報","0","0","0","0","0","0","0","0"
"2854","ＧＸテック２０日株","東証","20230316","日証金","確報","0","0","205","0","0","30","175","0"
"2855","ＧＸグリＪリート","東証","20230316","日証金","確報","0","0","19","0","0","0","19","0"
"2856","ｉＳ米国債三七ヘジ","東証","20230316","日証金","確報","0","0","600","0","0","0","600","0"
"2857","ｉＳドイツ国債ヘジ","東証","20230316","日証金","確報","0","0","0","0","0","0","0","0"
"2858","ＧＸ日経カバコ","東証","20230316","日証金","確報","103","0","105","0","0","0","105","103"
"2859","ＳＴＯＸＸヘッジ有","東証","20230316","日証金","確報","0","20","40","0","1450","2940","-2900","1430"
"2860","ＤＡＸヘッジ有","東証","20230316","日証金","確報","0","0","460","0","110","3990","-3530","110"
"2861","上場フランス国債Ｈ無","東証","20230316","日証金","確報","0","0","0","0","0","0","0","0"
"2862","上場フランス国債Ｈ有","東証","20230316","日証金","確報","0","0","0","0","0","0","0","0"
"2863","米バラ保守ヘッジ有","東証","20230316","日証金","確報","0","0","0","0","0","0","0","0"
"2864","ＧＸロジリート","東証","20230316","日証金","確報","5","0","32","0","0","0","32","5"
"2865","ＧＸＮＤＸカバコ","東証","20230316","日証金","確報","1","1","150","0","0","150","0","0"
"2866","ＧＸ優先証券","東証","20230316","日証金","確報","4704","0","7938","0","0","0","7938","4704"
"2867","ＧＸ自動ＥＶ","東証","20230316","日証金","確報","0","0","140","0","0","0","140","0"
"2868","ＧＸＳＰＸカバコ","東証","20230316","日証金","確報","100","1699","201","0","1800","0","201","201"
"2869","ｉＦナス１００ダブル","東証","20230316","日証金","確報","95","144","6126","0","0","25","6101","-49"
"2870","ｉＦナス１００Ｗベア","東証","20230316","日証金","確報","147","15","4853","0","0","0","4853","132"
"2871","ニチレイ","東証","20230316","日証金","確報","3700","500","8200","10300","4500","12500","-4300","-2600"
"2872","セイヒョー","東証","20230316","日証金","確報","0","0","1600","0","0","0","1600","0"
"2874","横浜冷凍","東証","20230316","日証金","確報","200","0","2300","700","200","3800","-1500","-300"
"2875","東洋水産","東証","20230316","日証金","確報","200","300","4000","100","100","3600","400","-100"
"2876","デルソーレ","東証","20230316","日証金","確報","2000","0","2000","0","0","0","2000","2000"
"2877","日東ベスト","東証","20230316","日証金","確報","0","0","0","0","0","0","0","0"
"2882","イートアンドＨＤ","東証","20230316","日証金","確報","2000","0","4800","200","0","1400","3400","1800"
"2883","大冷","東証","20230316","日証金","確報","0","100","300","0","0","0","300","-100"
"2884","ヨシムラフードＨＤ","東証","20230316","日証金","確報","0","0","4800","0","23400","244200","-239400","23400"
"2892","日本食品化工","東証","20230316","日証金","確報","100","500","8100","0","0","0","8100","-400"
"2894","石井食品","東証","20230316","日証金","確報","0","600","1200","0","0","0","1200","-600"
"2897","日清食品ＨＤ","東証","20230316","日証金","確報","100","200","5200","1800","11500","71200","-66000","9600"
"2899","永谷園ＨＤ","東証","20230316","日証金","確報","0","600","0","600","100","1600","-1600","-1100"
"2901","石垣食品","東証","20230316","日証金","確報","0","0","9800","0","0","0","9800","0"
"2902","太陽化学","名証","20230316","日証金","確報","600","0","9100","0","0","0","9100","600"
"2903","シノブフーズ","東証","20230316","日証金","確報","0","0","10600","0","0","0","10600","0"
"2904","一正蒲鉾","東証","20230316","日証金","確報","400","500","11500","0","100","11500","0","0"
"2907","あじかん","東証","20230316","日証金","確報","0","0","600","0","0","600","0","0"
"2908","フジッコ","東証","20230316","日証金","確報","100","0","600","100","0","100","500","0"
"2910","ロック・フィールド","東証","20230316","日証金","確報","200","100","2900","0","200","500","2400","300"
"2911","旭松食品","東証","20230316","日証金","確報","0","0","200","0","0","0","200","0"
"2914","日本たばこ産業","東証","20230316","日証金","確報","10800","23100","94200","0","100","14200","80000","-12200"
"2915","ケンコーマヨネーズ","東証","20230316","日証金","確報","0","0","5400","100","700","3600","1800","600"
"2916","仙波糖化工業","東証","20230316","日証金","確報","0","0","0","0","0","0","0","0"
"2917","大森屋","東証","20230316","日証金","確報","0","0","700","0","0","0","700","0"
"2918","わらべや日洋ＨＤ","東証","20230316","日証金","確報","0","200","7600","0","0","0","7600","-200"
"2919","マルタイ","福証","20230316","日証金","確報","0","0","0","0","0","0","0","0"
"2922","なとり","東証","20230316","日証金","確報","200","100","1200","100","600","2400","-1200","600"
"2923","サトウ食品","東証","20230316","日証金","確報","0","0","0","0","0","0","0","0"
"2924","イフジ産業","東証","20230316","日証金","確報","0","200","2100","0","0","700","1400","-200"
"2924","イフジ産業","福証","20230316","日証金","確報","0","0","0","0","0","0","0","0"
"2926","篠崎屋","東証","20230316","日証金","確報","0","2000","23700","0","0","0","23700","-2000"
"2927","ＡＦＣＨＤアムスライ","東証","20230316","日証金","確報","0","800","68100","0","0","0","68100","-800"
"2928","ＲＩＺＡＰグループ","札証","20230316","日証金","確報","0","12600","328700","0","0","0","328700","-12600"
"2929","ファーマフーズ","東証","20230316","日証金","確報","37900","11700","279200","500","1500","1153200","-874000","27200"
"2930","北の達人コーポ","札証","20230316","日証金","確報","0","0","0","0","0","0","0","0"
"2930","北の達人コーポ","東証","20230316","日証金","確報","7600","1500","381800","200","68400","694100","-312300","74300"
"2931","ユーグレナ","東証","20230316","日証金","確報","31700","22800","166900","100","9600","148500","18400","18400"
"2932","ＳＴＩフードＨＤ","東証","20230316","日証金","確報","100","300","1200","0","0","0","1200","-200"
"2933","紀文食品","東証","20230316","日証金","確報","0","0","1600","0","0","0","1600","0"
"2934","ジェイフロンティア","東証","20230316","日証金","確報","300","0","6100","0","0","0","6100","300"
"2935","ピックルスＨＤ","東証","20230316","日証金","確報","0","0","1200","0","0","0","1200","0"
"2936","ベースフード","東証","20230316","日証金","確報","0","600","41500","0","0","0","41500","-600"
"2937","サンクゼール","東証","20230316","日証金","確報","2000","500","16600","0","0","0","16600","1500"
"2961","日本調理機","東証","20230316","日証金","確報","0","0","900","0","0","0","900","0"
"2970","グッドライフＣ","東証","20230316","日証金","確報","0","0","2400","0","0","0","2400","0"
"2971","Ｒ－エスコンジャパン","東証","20230316","日証金","確報","52","7","389","55","15","55","334","5"
"2972","Ｒ－サンケイＲＥ","東証","20230316","日証金","確報","1","0","576","0","0","0","576","1"
"2974","大英産業","福証","20230316","日証金","確報","0","0","400","0","0","0","400","0"
"2975","スター・マイカＨＤ","東証","20230316","日証金","確報","0","0","4300","0","300","0","4300","300"
"2976","日本グランデ","札証","20230316","日証金","確報","0","0","0","0","0","0","0","0"
"2978","ツクルバ","東証","20230316","日証金","確報","0","300","3200","0","0","0","3200","-300"
"2979","Ｒ－ＳＯＳｉＬＡ物流","東証","20230316","日証金","確報","0","0","130","0","0","0","130","0"
"2980","ＳＲＥＨＤ","東証","20230316","日証金","確報","8000","8500","24700","300","800","24700","0","0"
"2981","ランディックス","東証","20230316","日証金","確報","0","0","900","0","0","0","900","0"
"2982","ＡＤワークスグループ","東証","20230316","日証金","確報","500","4600","110000","0","0","0","110000","-4100"
"2983","アールプランナー","名証","20230316","日証金","確報","0","0","0","0","0","0","0","0"
"2983","アールプランナー","東証","20230316","日証金","確報","400","0","9700","0","0","0","9700","400"
"2984","ヤマイチ","東証","20230316","日証金","確報","0","0","8000","0","0","0","8000","0"
"2986","ＬＡホールディングス","東証","20230316","日証金","確報","1800","3200","11300","0","800","6000","5300","-600"
"2987","タスキ","東証","20230316","日証金","確報","0","800","16400","0","0","0","16400","-800"
"2989","東海道リート投資法人","東証","20230316","日証金","確報","0","0","1143","0","0","0","1143","0"
"2991","ランドネット","東証","20230316","日証金","確報","0","100","3900","0","0","0","3900","-100"
"2993","長栄","東証","20230316","日証金","確報","1100","700","2800","0","0","0","2800","400"
"2997","ストレージ王","東証","20230316","日証金","確報","400","0","5800","0","0","0","5800","400"
"2998","クリアル","東証","20230316","日証金","確報","100","200","56400","0","0","0","56400","-100"
"2999","ホームポジション","東証","20230316","日証金","確報","100","0","20900","0","0","0","20900","100"
"3001","片倉工業","東証","20230316","日証金","確報","0","0","1800","100","100","1000","800","0"
"3002","グンゼ","東証","20230316","日証金","確報","200","300","2400","100","200","2400","0","0"
"3003","ヒューリック","東証","20230316","日証金","確報","2100","0","68500","0","100","0","68500","2200"
"3004","神栄","東証","20230316","日証金","確報","200","2000","17300","0","0","0","17300","-1800"
"3010","ポラリスＨＤ","東証","20230316","日証金","確報","0","1000","29700","0","0","0","29700","-1000"
"3011","バナーズ","東証","20230316","日証金","確報","0","0","45000","0","0","0","45000","0"
"3020","アプライド","東証","20230316","日証金","確報","200","0","4000","0","0","0","4000","200"
"3021","パシフィックネット","東証","20230316","日証金","確報","300","100","3800","0","0","0","3800","200"
"3023","ラサ商事","東証","20230316","日証金","確報","400","0","9200","0","0","0","9200","400"
"3024","クリエイト","東証","20230316","日証金","確報","100","200","3700","0","0","0","3700","-100"
"3028","アルペン","名証","20230316","日証金","確報","0","0","0","0","0","0","0","0"
"3028","アルペン","東証","20230316","日証金","確報","0","200","1000","0","100","0","1000","-100"
"3030","ハブ","東証","20230316","日証金","確報","800","1500","41000","0","0","0","41000","-700"
"3031","ラクーンＨＤ","東証","20230316","日証金","確報","11600","1200","71600","0","1000","0","71600","11400"
"3032","ゴルフ・ドゥ","名証","20230316","日証金","確報","0","0","100","0","0","0","100","0"
"3034","クオールＨＤ","東証","20230316","日証金","確報","1400","0","6900","0","100","900","6000","1500"
"3035","ケイティケイ","名証","20230316","日証金","確報","0","0","0","0","0","0","0","0"
"3035","ケイティケイ","東証","20230316","日証金","確報","0","0","45200","0","0","0","45200","0"
"3036","アルコニックス","東証","20230316","日証金","確報","0","400","4300","0","500","100","4200","100"
"3038","神戸物産","東証","20230316","日証金","確報","2100","1500","72900","3000","7900","68600","4300","5500"
"3040","ソリトンシステムズ","東証","20230316","日証金","確報","700","900","8400","0","0","0","8400","-200"
"3041","ビューティ花壇","東証","20230316","日証金","確報","13700","0","24700","100","400","18100","6600","14000"
"3042","セキュアヴェイル","東証","20230316","日証金","確報","200","0","13600","0","0","0","13600","200"
"3045","カワサキ","東証","20230316","日証金","確報","0","0","1300","0","0","0","1300","0"
"3046","ＪＩＮＳＨＤ","東証","20230316","日証金","確報","1000","0","10000","0","0","700","9300","1000"
"3047","ＴＲＵＣＫ－ＯＮＥ","福証","20230316","日証金","確報","0","0","0","0","0","0","0","0"
"3048","ビックカメラ","東証","20230316","日証金","確報","1500","1900","36800","0","10300","4400","32400","9900"
"3050","ＤＣＭＨＤ","東証","20230316","日証金","確報","200","0","3900","0","1300","1600","2300","1500"
"3053","ペッパーフドサビス","東証","20230316","日証金","確報","3200","600","146800","0","0","0","146800","2600"
"3054","ハイパー","東証","20230316","日証金","確報","1000","0","1600","0","0","0","1600","1000"
"3055","ほくやく・竹山ＨＤ","札証","20230316","日証金","確報","0","0","11100","0","0","0","11100","0"
"3057","ゼットン","名証","20230316","日証金","確報","0","0","2100","0","0","0","2100","0"
"3058","三洋堂ＨＤ","東証","20230316","日証金","確報","0","400","0","800","0","3700","-3700","-1200"
"3059","ヒラキ","東証","20230316","日証金","確報","0","500","600","0","300","800","-200","-200"
"3063","ジェイグループＨＤ","東証","20230316","日証金","確報","200","300","10500","0","100","13400","-2900","0"
"3064","ＭｏｎｏｔａＲＯ","東証","20230316","日証金","確報","5300","3700","152200","0","1800","12900","139300","3400"
"3065","ライフフーズ","東証","20230316","日証金","確報","0","0","100","0","0","0","100","0"
"3066","ＪＢイレブン","名証","20230316","日証金","確報","0","500","400","0","0","0","400","-500"
"3067","東京一番フーズ","東証","20230316","日証金","確報","0","1200","24000","300","0","33900","-9900","-1500"
"3068","ＷＤＩ","東証","20230316","日証金","確報","0","0","1300","0","0","0","1300","0"
"3069","ＪＦＬＡＨＤ","東証","20230316","日証金","確報","0","1000","14300","0","100","21000","-6700","-900"
"3070","アマガサ","東証","20230316","日証金","確報","0","0","0","0","0","0","0","0"
"3071","ストリーム","東証","20230316","日証金","確報","0","0","40600","0","0","0","40600","0"
"3073","ＤＤホールディングス","東証","20230316","日証金","確報","1500","1500","7500","0","0","0","7500","0"
"3075","銚子丸","東証","20230316","日証金","確報","0","0","2000","0","0","0","2000","0"
"3076","あいホールディングス","東証","20230316","日証金","確報","300","300","2200","0","100","1100","1100","100"
"3077","ホリイフードサービス","東証","20230316","日証金","確報","0","0","2900","0","0","0","2900","0"
"3079","ディーブイエックス","東証","20230316","日証金","確報","100","0","3500","100","1600","22300","-18800","1600"
"3080","ジェーソン","東証","20230316","日証金","確報","0","0","1900","0","0","0","1900","0"
"3082","きちりＨＤ","東証","20230316","日証金","確報","0","0","2200","100","3400","142500","-140300","3300"
"3083","シ－ズメン","東証","20230316","日証金","確報","6400","2900","28400","0","0","0","28400","3500"
"3085","アークランドＳＨＤ","東証","20230316","日証金","確報","0","0","900","0","0","300","600","0"
"3086","Ｊ．フロントリテイリ","名証","20230316","日証金","確報","0","0","0","0","0","0","0","0"
"3086","Ｊ．フロントリテイリ","東証","20230316","日証金","確報","15400","18400","61500","900","0","61500","0","-3900"
"3087","ドトール・日レスＨＤ","東証","20230316","日証金","確報","0","200","11600","200","9500","34600","-23000","9100"
"3088","マツキヨココカラ","東証","20230316","日証金","確報","700","200","5600","6300","2100","33700","-28100","-3700"
"3089","テクノアルファ","東証","20230316","日証金","確報","0","100","5500","0","0","0","5500","-100"
"3091","ブロンコビリー","名証","20230316","日証金","確報","0","0","0","0","0","0","0","0"
"3091","ブロンコビリー","東証","20230316","日証金","確報","200","0","2200","0","0","0","2200","200"
"3092","ＺＯＺＯ","東証","20230316","日証金","確報","1000","2600","10500","300","400","1600","8900","-1500"
"3093","トレジャーファクトリ","東証","20230316","日証金","確報","1600","1000","18400","500","33100","250300","-231900","33200"
"3094","スーパーバリュー","東証","20230316","日証金","確報","0","0","6600","0","0","0","6600","0"
"3096","オーシャンシステム","東証","20230316","日証金","確報","0","0","400","0","0","0","400","0"
"3097","物語コーポレーション","東証","20230316","日証金","確報","2200","3600","11300","1400","800","11300","0","-2000"
"3099","三越伊勢丹ホールディ","東証","20230316","日証金","確報","9600","18100","68200","6500","4200","37300","30900","-10800"
"3099","三越伊勢丹ホールディ","福証","20230316","日証金","確報","0","0","0","0","0","0","0","0"
"3101","東洋紡","東証","20230316","日証金","確報","6700","0","17700","2000","7400","34900","-17200","12100"
"3103","ユニチカ","東証","20230316","日証金","確報","16100","0","127200","100","0","17200","110000","16000"
"3104","富士紡ＨＤ","東証","20230316","日証金","確報","0","0","2700","200","100","1400","1300","-100"
"3105","日清紡ＨＤ","東証","20230316","日証金","確報","4400","0","30000","0","0","2000","28000","4400"
"3106","倉敷紡績","東証","20230316","日証金","確報","200","600","2000","0","900","500","1500","500"
"3107","ダイワボウＨＤ","東証","20230316","日証金","確報","100","100","3800","1300","1200","3600","200","-100"
"3109","シキボウ","東証","20230316","日証金","確報","300","300","9500","700","100","2600","6900","-600"
"3110","日東紡績","東証","20230316","日証金","確報","6400","100","14300","0","0","0","14300","6300"
"3111","オーミケンシ","東証","20230316","日証金","確報","0","0","16300","0","0","0","16300","0"
"3113","Ｏａｋキャピタル","東証","20230316","日証金","確報","3800","0","33800","0","0","0","33800","3800"
"3116","トヨタ紡織","名証","20230316","日証金","確報","0","0","0","0","0","0","0","0"
"3116","トヨタ紡織","東証","20230316","日証金","確報","100","0","20500","0","6900","4100","16400","7000"
"3121","マーチャントバンカズ","東証","20230316","日証金","確報","200","100","84900","0","0","0","84900","100"
"3123","サイボー","東証","20230316","日証金","確報","0","0","2100","0","0","0","2100","0"
"3131","シンデンハイテク","東証","20230316","日証金","確報","0","0","2300","0","0","0","2300","0"
"3132","マクニカＨＤ","東証","20230316","日証金","確報","4000","0","23700","400","0","1000","22700","3600"
"3133","海帆","東証","20230316","日証金","確報","0","0","35900","0","0","0","35900","0"
"3134","Ｈａｍｅｅ","東証","20230316","日証金","確報","100","5600","5800","8100","0","68900","-63100","-13600"
"3135","マーケットエンター","東証","20230316","日証金","確報","0","0","600","0","0","0","600","0"
"3136","エコノス","札証","20230316","日証金","確報","0","0","0","0","0","0","0","0"
"3137","ファンデリー","東証","20230316","日証金","確報","0","0","33900","0","0","80100","-46200","0"
"3138","富士山マガジン","東証","20230316","日証金","確報","0","0","500","0","0","0","500","0"
"3139","ラクト・ジャパン","東証","20230316","日証金","確報","300","0","5000","100","0","100","4900","200"
"3140","ＢＲＵＮＯ","東証","20230316","日証金","確報","0","0","5100","0","0","0","5100","0"
"3141","ウエルシアＨＤ","東証","20230316","日証金","確報","200","2300","28300","900","1400","1300","27000","-1600"
"3143","オーウイル","東証","20230316","日証金","確報","800","400","1500","0","0","0","1500","400"
"3148","クリエイトＳＤＨＤ","東証","20230316","日証金","確報","1100","100","1700","200","0","500","1200","800"
"3150","グリムス","東証","20230316","日証金","確報","4100","400","10900","200","400","5100","5800","3900"
"3151","バイタルＫＳＫＨＤ","東証","20230316","日証金","確報","100","1000","15300","5400","1500","8200","7100","-4800"
"3153","八洲電機","東証","20230316","日証金","確報","0","0","200","0","0","0","200","0"
"3154","メディアスＨＤ","東証","20230316","日証金","確報","0","0","1000","0","100","700","300","100"
"3156","レスターＨＤ","東証","20230316","日証金","確報","0","1100","3800","0","0","800","3000","-1100"
"3157","ジューテックＨＤ","東証","20230316","日証金","確報","0","0","1400","0","0","0","1400","0"
"3159","丸善ＣＨＩＨＤ","東証","20230316","日証金","確報","0","5600","16600","0","5300","6700","9900","-300"
"3160","大光","東証","20230316","日証金","確報","30200","4800","50100","0","385200","50100","0","410600"
"3161","アゼアス","東証","20230316","日証金","確報","0","0","6100","0","0","0","6100","0"
"3166","ＯＣＨＩＨＤ","東証","20230316","日証金","確報","800","400","3700","300","700","31500","-27800","800"
"3166","ＯＣＨＩＨＤ","福証","20230316","日証金","確報","0","0","0","0","0","0","0","0"
"3167","ＴＯＫＡＩ　ＨＤ","東証","20230316","日証金","確報","1300","1200","4900","0","300","4500","400","400"
"3168","黒谷","東証","20230316","日証金","確報","400","15900","29000","100","600","55400","-26400","-15000"
"3169","ミサワ","東証","20230316","日証金","確報","300","0","4000","0","0","0","4000","300"
"3172","ティーライフ","東証","20230316","日証金","確報","300","0","2900","0","0","400","2500","300"
"3173","Ｃｏｍｉｎｉｘ","東証","20230316","日証金","確報","0","0","1900","0","0","0","1900","0"
"3174","ハピネスアンドディ","東証","20230316","日証金","確報","0","0","200","0","0","0","200","0"
"3175","ＡＰＨＤ","東証","20230316","日証金","確報","0","200","1200","0","0","0","1200","-200"
"3176","三洋貿易","東証","20230316","日証金","確報","0","0","2900","0","0","0","2900","0"
"3177","ありがとうサービス","東証","20230316","日証金","確報","0","0","2300","0","0","0","2300","0"
"3178","チムニー","東証","20230316","日証金","確報","0","0","1400","600","700","17300","-15900","100"
"3179","シュッピン","東証","20230316","日証金","確報","1300","800","49500","300","1000","7400","42100","1200"
"3180","ビューティガレージ","東証","20230316","日証金","確報","300","0","2600","100","15600","35400","-32800","15800"
"3181","買取王国","東証","20230316","日証金","確報","0","600","11700","0","0","0","11700","-600"
"3182","オイラ大地","東証","20230316","日証金","確報","4300","20700","60300","600","1400","111200","-50900","-15600"
"3183","ウイン・パートナーズ","東証","20230316","日証金","確報","0","1000","900","0","100","1900","-1000","-900"
"3184","ＩＣＤＡ　ＨＤ","名証","20230316","日証金","確報","0","0","0","0","0","0","0","0"
"3184","ＩＣＤＡ　ＨＤ","東証","20230316","日証金","確報","0","0","0","0","0","0","0","0"
"3185","夢展望","東証","20230316","日証金","確報","0","0","2100","0","0","0","2100","0"
"3186","ネクステージ","名証","20230316","日証金","確報","0","0","0","0","0","0","0","0"
"3186","ネクステージ","東証","20230316","日証金","確報","2200","200","48700","3600","12800","105900","-57200","11200"
"3187","サンワカンパニー","東証","20230316","日証金","確報","8600","3200","169100","5400","0","169100","0","0"
"3189","ＡＮＡＰ","東証","20230316","日証金","確報","4100","1200","35300","0","0","61300","-26000","2900"
"3190","ホットマン","東証","20230316","日証金","確報","300","0","300","0","0","0","300","300"
"3191","ジョイフル本田","東証","20230316","日証金","確報","0","500","2600","100","200","300","2300","-400"
"3192","白鳩","東証","20230316","日証金","確報","0","0","1200","0","0","0","1200","0"
"3193","鳥貴族ＨＤ","東証","20230316","日証金","確報","3400","4900","11900","700","4700","7700","4200","2500"
"3195","ジェネレーションパス","東証","20230316","日証金","確報","1800","2300","22700","0","0","40000","-17300","-500"
"3196","ホットランド","東証","20230316","日証金","確報","0","0","5900","200","1800","2600","3300","1600"
"3197","すかいらーくＨＤ","東証","20230316","日証金","確報","200","100","16100","3000","50000","129700","-113600","47100"
"3198","ＳＦＰ","東証","20230316","日証金","確報","0","200","300","0","0","0","300","-200"
"3199","綿半ホールディングス","東証","20230316","日証金","確報","300","100","800","200","0","800","0","0"
"3201","日本毛織","東証","20230316","日証金","確報","0","100","14200","0","100","500","13700","0"
"3202","ダイトウボウ","名証","20230316","日証金","確報","0","0","0","0","0","0","0","0"
"3202","ダイトウボウ","東証","20230316","日証金","確報","2600","0","30100","0","0","0","30100","2600"
"3204","トーア紡コーポ","東証","20230316","日証金","確報","0","100","11100","0","0","0","11100","-100"
"3205","ダイドーリミテッド","名証","20230316","日証金","確報","0","0","0","0","0","0","0","0"
"3205","ダイドーリミテッド","東証","20230316","日証金","確報","57900","244900","154400","0","6000","154400","0","-181000"
"3221","ヨシックスＨＤ","名証","20230316","日証金","確報","0","0","0","0","0","0","0","0"
"3221","ヨシックスＨＤ","東証","20230316","日証金","確報","1200","1000","9300","200","0","9300","0","0"
"3222","Ｕ．Ｓ．Ｍ．Ｈ","東証","20230316","日証金","確報","0","0","800","200","13200","17400","-16600","13000"
"3223","エスエルディー","東証","20230316","日証金","確報","0","0","100","0","0","0","100","0"
"3224","ゼネラル・オイスター","東証","20230316","日証金","確報","0","0","1500","0","0","0","1500","0"
"3226","日本アコモデーション","東証","20230316","日証金","確報","2","0","33","0","0","6","27","2"
"3228","三栄建築設計","東証","20230316","日証金","確報","0","0","19100","1000","100","15000","4100","-900"
"3231","野村不動産ＨＤ","東証","20230316","日証金","確報","300","200","5000","0","0","700","4300","100"
"3232","三重交通グループＨＤ","名証","20230316","日証金","確報","0","0","0","0","0","0","0","0"
"3232","三重交通グループＨＤ","東証","20230316","日証金","確報","50800","0","70800","3300","5400","45500","25300","52900"
"3234","森ヒルズリート投法人","東証","20230316","日証金","確報","19","0","112","0","1","244","-132","20"
"3236","プロパスト","東証","20230316","日証金","確報","10000","900","78700","0","0","0","78700","9100"
"3237","イントランス","東証","20230316","日証金","確報","1900","500","51500","0","0","0","51500","1400"
"3238","セントラル総合開発","東証","20230316","日証金","確報","700","0","9300","0","0","0","9300","700"
"3241","ウィル","東証","20230316","日証金","確報","0","0","12700","0","0","0","12700","0"
"3242","アーバネット","東証","20230316","日証金","確報","200","0","8900","0","0","4100","4800","200"
"3244","サムティ","東証","20230316","日証金","確報","100","0","11100","400","0","4700","6400","-300"
"3245","ディア・ライフ","東証","20230316","日証金","確報","500","0","26400","0","100","6600","19800","600"
"3246","コーセーアールイー","東証","20230316","日証金","確報","0","0","12400","0","0","0","12400","0"
"3246","コーセーアールイー","福証","20230316","日証金","確報","0","0","0","0","0","0","0","0"
"3248","アールエイジ","東証","20230316","日証金","確報","0","0","7000","0","0","0","7000","0"
"3249","産業ファンド投資法人","東証","20230316","日証金","確報","110","33","436","41","504","1051","-615","540"
"3252","地主","名証","20230316","日証金","確報","0","0","0","0","0","0","0","0"
"3252","地主","東証","20230316","日証金","確報","0","0","2300","100","0","100","2200","-100"
"3254","プレサンスコーポ","東証","20230316","日証金","確報","800","200","1500","800","0","1500","0","-200"
"3260","エスポア","名証","20230316","日証金","確報","200","200","2800","0","0","0","2800","0"
"3261","グランディーズ","東証","20230316","日証金","確報","0","0","900","0","0","0","900","0"
"3261","グランディーズ","福証","20230316","日証金","確報","0","0","0","0","0","0","0","0"
"3264","アスコット","東証","20230316","日証金","確報","8900","0","330900","0","0","0","330900","8900"
"3266","ファンドクリエＧ","東証","20230316","日証金","確報","600","4200","83200","0","0","0","83200","-3600"
"3267","フィル・カンパニー","東証","20230316","日証金","確報","200","0","2800","0","0","0","2800","200"
"3269","アドバンスレジデンス","東証","20230316","日証金","確報","9","0","53","0","3","2","51","12"
"3271","ＴＨＥグローバル社","東証","20230316","日証金","確報","10800","0","315300","0","0","70200","245100","10800"
"3275","ハウスコム","東証","20230316","日証金","確報","100","0","900","0","0","0","900","100"
"3276","ＪＰＭＣ","東証","20230316","日証金","確報","1300","100","1300","0","0","2800","-1500","1200"
"3277","サンセイランディック","東証","20230316","日証金","確報","500","0","1900","0","0","100","1800","500"
"3278","Ｒ－ＫＤＲ","東証","20230316","日証金","確報","6","0","65","1","0","60","5","5"
"3279","アクティビア・プロパ","東証","20230316","日証金","確報","0","22","22","0","6","1","21","-16"
"3280","エストラスト","東証","20230316","日証金","確報","100","100","1200","0","100","0","1200","100"
"3280","エストラスト","福証","20230316","日証金","確報","0","0","0","0","0","0","0","0"
"3281","ＧＬＰ投法人投資証券","東証","20230316","日証金","確報","108","0","292","19","48","438","-146","137"
"3282","コンフォリアレジデン","東証","20230316","日証金","確報","12","0","43","16","36","328","-285","32"
"3283","日本プロロジスリート","東証","20230316","日証金","確報","32","0","55","15","38","55","0","55"
"3284","フージャースＨＤ","東証","20230316","日証金","確報","0","600","23400","0","700","300","23100","100"
"3286","トラストホールディン","東証","20230316","日証金","確報","0","100","7500","0","0","0","7500","-100"
"3286","トラストホールディン","福証","20230316","日証金","確報","0","0","0","0","0","0","0","0"
"3287","星野リゾート・リート","東証","20230316","日証金","確報","15","4","45","0","4","27","18","15"
"3288","オープンハウスＧ","東証","20230316","日証金","確報","4200","1000","31300","3200","0","31300","0","0"
"3289","東急不動産ＨＤ","東証","20230316","日証金","確報","0","16300","82700","10600","0","10600","72100","-26900"
"3290","Ｒ－Ｏｎｅリート","東証","20230316","日証金","確報","5","10","176","0","5","176","0","0"
"3291","飯田グループＨＤ","東証","20230316","日証金","確報","0","4000","6800","0","11400","12600","-5800","7400"
"3292","イオンリート投資法人","東証","20230316","日証金","確報","2","0","42","1","0","1","41","1"
"3293","アズマハウス","東証","20230316","日証金","確報","0","0","0","0","0","0","0","0"
"3294","イーグランド","東証","20230316","日証金","確報","100","100","2800","0","0","2700","100","0"
"3295","ヒューリックリート","東証","20230316","日証金","確報","0","0","61","1","7","13","48","6"
"3296","日本リート投資法人","東証","20230316","日証金","確報","21","1","116","1","0","1","115","19"
"3297","東武住販","東証","20230316","日証金","確報","0","0","1800","0","0","0","1800","0"
"3297","東武住販","福証","20230316","日証金","確報","0","0","0","0","0","0","0","0"
"3299","ムゲンエステート","東証","20230316","日証金","確報","0","1400","21600","200","300","25500","-3900","-1300"
"3300","アンビションＤＸ","東証","20230316","日証金","確報","100","0","9900","0","0","0","9900","100"
"3302","帝国繊維","東証","20230316","日証金","確報","0","300","2200","100","100","600","1600","-300"
"3306","日本製麻","東証","20230316","日証金","確報","800","3200","7800","0","0","0","7800","-2400"
"3309","積水ハウスリート","東証","20230316","日証金","確報","31","0","720","0","0","0","720","31"
"3315","日本コークス工業","東証","20230316","日証金","確報","25500","100","234300","0","0","0","234300","25400"
"3316","東京日産コンピュータ","東証","20230316","日証金","確報","0","0","500","0","0","0","500","0"
"3317","フライングガーデン","東証","20230316","日証金","確報","100","0","1100","0","0","0","1100","100"
"3319","ゴルフダイジェスト","東証","20230316","日証金","確報","500","200","22200","0","0","0","22200","300"
"3320","クロスプラス","名証","20230316","日証金","確報","0","0","0","0","0","0","0","0"
"3320","クロスプラス","東証","20230316","日証金","確報","0","10900","1600","0","0","25700","-24100","-10900"
"3321","ミタチ産業","名証","20230316","日証金","確報","0","0","0","0","0","0","0","0"
"3321","ミタチ産業","東証","20230316","日証金","確報","5500","1600","14500","0","400","100","14400","4300"
"3322","アルファグループ","東証","20230316","日証金","確報","0","0","500","0","0","0","500","0"
"3323","レカム","東証","20230316","日証金","確報","16500","13100","426000","0","0","0","426000","3400"
"3326","ランシステム","東証","20230316","日証金","確報","0","0","0","0","0","0","0","0"
"3328","ＢＥＥＮＯＳ","東証","20230316","日証金","確報","5500","2500","68300","500","0","500","67800","2500"
"3329","東和フードサービス","東証","20230316","日証金","確報","0","100","3000","0","0","100","2900","-100"
"3333","あさひ","東証","20230316","日証金","確報","5400","500","7700","0","200","2600","5100","5100"
"3341","日本調剤","東証","20230316","日証金","確報","200","200","5100","1000","0","1100","4000","-1000"
"3347","トラスト","東証","20230316","日証金","確報","800","0","66700","0","0","13200","53500","800"
"3349","コスモス薬品","東証","20230316","日証金","確報","100","400","17900","100","300","6700","11200","-100"
"3352","バッファロー","東証","20230316","日証金","確報","0","0","0","0","0","0","0","0"
"3353","メディ一光Ｇ","東証","20230316","日証金","確報","0","0","200","0","0","0","200","0"
"3355","クリヤマＨＤ","東証","20230316","日証金","確報","600","2200","17200","0","0","0","17200","-1600"
"3358","ワイエスフード","東証","20230316","日証金","確報","100","500","508800","0","0","0","508800","-400"
"3359","ｃｏｔｔａ","東証","20230316","日証金","確報","2300","1900","89500","0","5300","4000","85500","5700"
"3359","ｃｏｔｔａ","福証","20230316","日証金","確報","0","0","0","0","0","0","0","0"
"3360","シップヘルスケアＨＤ","東証","20230316","日証金","確報","100","100","2800","100","200","2700","100","100"
"3361","トーエル","東証","20230316","日証金","確報","0","0","6800","0","0","0","6800","0"
"3370","フジタコーポ","東証","20230316","日証金","確報","0","700","25600","0","0","0","25600","-700"
"3371","ソフトクリエイトＨＤ","東証","20230316","日証金","確報","0","2000","800","0","100","100","700","-1900"
"3372","関門海","東証","20230316","日証金","確報","0","0","7000","0","0","0","7000","0"
"3374","内外テック","東証","20230316","日証金","確報","1100","100","7000","0","0","0","7000","1000"
"3375","ＺＯＡ","東証","20230316","日証金","確報","0","0","100","0","0","0","100","0"
"3377","バイク王＆カンパニー","東証","20230316","日証金","確報","5300","2700","63400","0","0","230900","-167500","2600"
"3382","セブン＆アイＨＤ","東証","20230316","日証金","確報","4000","7200","28100","19200","200","28100","0","-22200"
"3384","アークコア","名証","20230316","日証金","確報","0","1000","4200","0","0","0","4200","-1000"
"3386","コスモ・バイオ","東証","20230316","日証金","確報","100","0","1900","0","0","0","1900","100"
"3387","クリエイトレストラン","東証","20230316","日証金","確報","100","0","5500","2100","34000","358700","-353200","32000"
"3388","明治電機工業","東証","20230316","日証金","確報","0","700","2900","0","0","0","2900","-700"
"3391","ツルハＨＤ","東証","20230316","日証金","確報","800","500","16000","0","200","0","16000","500"
"3392","デリカフーズＨＤ","東証","20230316","日証金","確報","0","0","4100","0","0","0","4100","0"
"3393","スターティアＨＤ","東証","20230316","日証金","確報","4500","20100","54300","1900","7500","21500","32800","-10000"
"3395","サンマルクＨＤ","東証","20230316","日証金","確報","0","700","1300","0","1600","17000","-15700","900"
"3396","フェリシモ","東証","20230316","日証金","確報","0","300","500","0","0","0","500","-300"
"3397","トリドールＨＤ","東証","20230316","日証金","確報","1900","9400","53100","0","900","138300","-85200","-6600"
"3399","丸千代山岡家","東証","20230316","日証金","確報","300","0","1700","0","0","0","1700","300"
"3401","帝人","東証","20230316","日証金","確報","3800","4000","59200","0","7400","136300","-77100","7200"
"3402","東レ","東証","20230316","日証金","確報","10400","700","110500","0","17600","6400","104100","27300"
"3405","クラレ","東証","20230316","日証金","確報","8900","7200","38600","10500","4300","32100","6500","-4500"
"3407","旭化成","東証","20230316","日証金","確報","2900","9500","70200","12700","0","17800","52400","-19300"
"3409","北日本紡績","東証","20230316","日証金","確報","60000","0","231600","0","0","0","231600","60000"
"3415","ＴＯＫＹＯ　ＢＡＳＥ","東証","20230316","日証金","確報","6500","600","25700","32200","31500","100600","-74900","5200"
"3416","ピクスタ","東証","20230316","日証金","確報","200","0","10000","0","0","0","10000","200"
"3417","大木ヘルスケア","東証","20230316","日証金","確報","200","0","1500","0","0","0","1500","200"
"3418","バルニバービ","東証","20230316","日証金","確報","1000","400","5000","0","0","0","5000","600"
"3420","ケー・エフ・シー","東証","20230316","日証金","確報","0","0","2200","0","0","0","2200","0"
"3421","稲葉製作所","東証","20230316","日証金","確報","700","0","4200","0","0","0","4200","700"
"3422","Ｊ－ＭＡＸ","名証","20230316","日証金","確報","0","0","0","0","0","0","0","0"
"3422","Ｊ－ＭＡＸ","東証","20230316","日証金","確報","2800","3000","4300","0","0","1600","2700","-200"
"3423","エスイー","東証","20230316","日証金","確報","800","300","7000","0","0","3200","3800","500"
"3426","アトムリビンテック","東証","20230316","日証金","確報","0","0","0","0","0","0","0","0"
"3431","宮地エンジニアリング","東証","20230316","日証金","確報","100","0","1900","100","100","1000","900","100"
"3433","トーカロ","東証","20230316","日証金","確報","900","0","36300","0","500","200","36100","1400"
"3434","アルファＣｏ","東証","20230316","日証金","確報","0","200","6800","0","0","0","6800","-200"
"3435","サンコーテクノ","東証","20230316","日証金","確報","0","0","1400","0","0","0","1400","0"
"3436","ＳＵＭＣＯ","東証","20230316","日証金","確報","12800","3100","228400","600","5000","10900","217500","14100"
"3437","特殊電極","東証","20230316","日証金","確報","0","0","0","0","0","0","0","0"
"3439","三ツ知","名証","20230316","日証金","確報","0","0","0","0","0","0","0","0"
"3439","三ツ知","東証","20230316","日証金","確報","0","0","300","0","0","0","300","0"
"3440","日創プロニティ","東証","20230316","日証金","確報","1000","0","12100","0","0","0","12100","1000"
"3440","日創プロニティ","福証","20230316","日証金","確報","0","0","0","0","0","0","0","0"
"3441","山王","東証","20230316","日証金","確報","700","5400","14200","0","0","0","14200","-4700"
"3442","ＭＩＥコーポ","名証","20230316","日証金","確報","0","100","100","0","0","0","100","-100"
"3443","川田テクノロジーズ","東証","20230316","日証金","確報","400","0","4300","0","0","1800","2500","400"
"3444","菊池製作所","東証","20230316","日証金","確報","0","400","9800","0","0","0","9800","-400"
"3445","ＲＳＴＥＣＨ","東証","20230316","日証金","確報","0","100","15800","0","200","900","14900","100"
"3446","ＪＴＥＣＣＯＲＰ","東証","20230316","日証金","確報","5500","1200","122500","0","1500","38100","84400","5800"
"3447","信和","名証","20230316","日証金","確報","0","0","0","0","0","0","0","0"
"3447","信和","東証","20230316","日証金","確報","100","0","8700","0","0","0","8700","100"
"3449","テクノフレックス","東証","20230316","日証金","確報","0","500","16900","0","0","0","16900","-500"
"3451","Ｒ－トーセイ・リート","東証","20230316","日証金","確報","0","0","70","0","0","0","70","0"
"3452","ビーロット","東証","20230316","日証金","確報","19300","500","61500","0","0","0","61500","18800"
"3453","ＫＤＸ商業リート","東証","20230316","日証金","確報","4","4","151","0","1","6","145","1"
"3454","ファーストブラザーズ","東証","20230316","日証金","確報","13800","8000","15600","100","0","9900","5700","5700"
"3455","ＨＣＭ","東証","20230316","日証金","確報","7","0","60","0","1","25","35","8"
"3457","Ａｎｄ　Ｄｏ　ＨＬＤ","東証","20230316","日証金","確報","0","0","146500","0","0","100","146400","0"
"3458","シーアールイー","東証","20230316","日証金","確報","300","0","8900","0","0","0","8900","300"
"3459","サムティレジ","東証","20230316","日証金","確報","0","0","57","0","0","0","57","0"
"3461","パルマ","東証","20230316","日証金","確報","400","300","5100","0","0","0","5100","100"
"3462","野村不動産マスターＦ","東証","20230316","日証金","確報","0","18","275","48","0","99","176","-66"
"3463","いちごホテルリート","東証","20230316","日証金","確報","0","10","95","0","0","0","95","-10"
"3464","プロパティＡ","東証","20230316","日証金","確報","0","900","21100","0","0","0","21100","-900"
"3465","ケイアイスター不動産","東証","20230316","日証金","確報","200","1500","8400","0","800","14700","-6300","-500"
"3466","ラサールロジ投資法人","東証","20230316","日証金","確報","8","0","49","0","7","128","-79","15"
"3467","アグレ都市デザイン","東証","20230316","日証金","確報","0","0","3900","0","0","0","3900","0"
"3468","スターアジア投資法人","東証","20230316","日証金","確報","19","0","93","0","0","4","89","19"
"3469","デュアルタップ","東証","20230316","日証金","確報","0","0","3600","0","0","0","3600","0"
"3470","マリモ地方創生リート","東証","20230316","日証金","確報","0","1","129","0","0","0","129","-1"
"3471","三井不ロジパーク","東証","20230316","日証金","確報","6","0","121","0","8","6","115","14"
"3472","大江戸温泉リート","東証","20230316","日証金","確報","1","23","3517","0","0","0","3517","-22"
"3474","Ｇ－ＦＡＣＴＯＲＹ","東証","20230316","日証金","確報","200","0","3900","0","0","0","3900","200"
"3475","グッドコムアセット","東証","20230316","日証金","確報","1200","1500","29600","0","0","300","29300","-300"
"3476","投資法人みらい","東証","20230316","日証金","確報","11","17","1730","0","0","0","1730","-6"
"3477","フォーライフ","東証","20230316","日証金","確報","0","0","2900","0","0","0","2900","0"
"3479","ティーケーピー","東証","20230316","日証金","確報","10200","500","12900","100","21700","18900","-6000","31300"
"3480","ジェイ・エス・ビー","東証","20230316","日証金","確報","600","600","1700","400","0","2100","-400","-400"
"3481","Ｒ－三菱地所物流","東証","20230316","日証金","確報","8","0","50","0","0","2","48","8"
"3482","ロードスター","東証","20230316","日証金","確報","600","1900","78600","100","1300","100","78500","-100"
"3484","テンポイノベーション","東証","20230316","日証金","確報","0","1900","4100","100","200","5900","-1800","-1800"
"3486","グローバルリンクＭ","東証","20230316","日証金","確報","0","0","17800","0","100","1000","16800","100"
"3487","Ｒ－ＣＲＥロジ","東証","20230316","日証金","確報","0","7","77","0","0","0","77","-7"
"3488","Ｒ－ザイマックス","東証","20230316","日証金","確報","2","0","193","0","0","0","193","2"
"3489","フェイスネットワーク","東証","20230316","日証金","確報","2200","300","13400","0","100","100","13300","2000"
"3490","アズ企画設計","東証","20230316","日証金","確報","0","0","0","0","0","0","0","0"
"3491","ＧＡ　ＴＥＣＨ","東証","20230316","日証金","確報","1000","0","51100","0","0","0","51100","1000"
"3492","Ｒ－タカラリート","東証","20230316","日証金","確報","40","1694","2699","0","0","0","2699","-1654"
"3493","Ｒ－ＡＤＬ","東証","20230316","日証金","確報","24","0","154","0","0","0","154","24"
"3494","マリオン","東証","20230316","日証金","確報","0","0","200","0","0","0","200","0"
"3495","香陵住販","東証","20230316","日証金","確報","0","0","0","0","0","0","0","0"
"3496","アズーム","東証","20230316","日証金","確報","400","0","7500","0","0","0","7500","400"
"3497","ＬｅＴｅｃｈ","東証","20230316","日証金","確報","0","200","2300","0","0","0","2300","-200"
"3498","霞ヶ関キャピタル","東証","20230316","日証金","確報","0","2500","24600","0","0","0","24600","-2500"
"3501","住江織物","東証","20230316","日証金","確報","700","0","2500","0","200","800","1700","900"
"3504","丸八ホールディングス","名証","20230316","日証金","確報","8300","0","63300","0","0","0","63300","8300"
"3512","日本フエルト","東証","20230316","日証金","確報","200","0","2400","0","0","0","2400","200"
"3513","イチカワ","東証","20230316","日証金","確報","0","0","300","0","0","0","300","0"
"3521","エコナックＨＤ","東証","20230316","日証金","確報","0","6800","194100","1000","0","38800","155300","-7800"
"3524","日東製網","名証","20230316","日証金","確報","0","0","0","0","0","0","0","0"
"3524","日東製網","東証","20230316","日証金","確報","0","0","3000","0","0","0","3000","0"
"3526","芦森工業","東証","20230316","日証金","確報","200","100","14600","300","300","4600","10000","100"
"3529","アツギ","東証","20230316","日証金","確報","20000","18900","27600","700","0","27200","400","400"
"3536","アクサスＨＤ","東証","20230316","日証金","確報","0","8900","42400","0","0","0","42400","-8900"
"3537","昭栄薬品","東証","20230316","日証金","確報","0","0","2500","0","0","0","2500","0"
"3538","ウイルプラスＨＤ","東証","20230316","日証金","確報","0","200","43800","0","0","1300","42500","-200"
"3539","ＪＭホールディングス","東証","20230316","日証金","確報","100","0","1600","200","100","1600","0","0"
"3540","歯愛メディカル","東証","20230316","日証金","確報","0","0","1500","0","0","0","1500","0"
"3541","農業総合研究所","東証","20230316","日証金","確報","5400","0","54100","100","2200","14200","39900","7500"
"3542","ベガコーポレーション","東証","20230316","日証金","確報","1300","100","27900","0","300","145900","-118000","1500"
"3543","コメダＨＤ","名証","20230316","日証金","確報","0","0","0","0","0","0","0","0"
"3543","コメダＨＤ","東証","20230316","日証金","確報","300","0","5400","0","100","100","5300","400"
"3544","サツドラＨＤ","札証","20230316","日証金","確報","0","0","0","0","0","0","0","0"
"3544","サツドラＨＤ","東証","20230316","日証金","確報","500","0","5100","0","0","200","4900","500"
"3546","アレンザＨＤ","東証","20230316","日証金","確報","300","0","5900","100","0","100","5800","200"
"3547","串カツ田中","東証","20230316","日証金","確報","0","100","20500","0","1300","35600","-15100","1200"
"3548","バロック","東証","20230316","日証金","確報","600","0","3900","0","100","500","3400","700"
"3549","クスリのアオキＨＤ","東証","20230316","日証金","確報","0","600","12300","0","900","12000","300","300"
"3550","スタジオアタオ","東証","20230316","日証金","確報","200","0","2900","0","0","0","2900","200"
"3551","ダイニック","東証","20230316","日証金","確報","0","0","3700","0","0","0","3700","0"
"3553","共和レザー","東証","20230316","日証金","確報","0","0","1900","0","0","0","1900","0"
"3556","リネットジャパングル","東証","20230316","日証金","確報","1200","100","34400","0","0","0","34400","1100"
"3557","Ｕ＆Ｃ","東証","20230316","日証金","確報","0","0","700","0","0","0","700","0"
"3558","ロコンド","東証","20230316","日証金","確報","300","0","9000","0","0","0","9000","300"
"3559","ピーバンドットコム","東証","20230316","日証金","確報","300","300","5600","0","0","5600","0","0"
"3560","ほぼ日","東証","20230316","日証金","確報","100","0","400","0","0","0","400","100"
"3561","力の源ＨＤ","東証","20230316","日証金","確報","2200","45200","281100","300","23400","273800","7300","-19900"
"3562","Ｎｏ．１","東証","20230316","日証金","確報","2200","900","8200","0","0","0","8200","1300"
"3563","Ｆ＆ＬＣ","東証","20230316","日証金","確報","700","91900","38500","74800","13400","544500","-506000","-152600"
"3565","アセンテック","東証","20230316","日証金","確報","2200","500","17200","0","0","100","17100","1700"
"3566","ユニフォームネクスト","東証","20230316","日証金","確報","100","0","8300","0","0","0","8300","100"
"3569","セーレン","東証","20230316","日証金","確報","100","0","4600","0","0","100","4500","100"
"3571","ソトー","名証","20230316","日証金","確報","0","0","0","0","0","0","0","0"
"3571","ソトー","東証","20230316","日証金","確報","300","1400","5500","500","0","4900","600","-1600"
"3577","東海染工","名証","20230316","日証金","確報","0","0","0","0","0","0","0","0"
"3577","東海染工","東証","20230316","日証金","確報","0","0","500","0","0","0","500","0"
"3580","小松マテーレ","東証","20230316","日証金","確報","0","0","10000","0","0","0","10000","0"
"3583","オーベクス","東証","20230316","日証金","確報","0","0","0","0","0","0","0","0"
"3591","ワコールＨＤ","東証","20230316","日証金","確報","100","1000","100","500","900","8200","-8100","-500"
"3593","ホギメディカル","東証","20230316","日証金","確報","0","0","1600","100","0","100","1500","-100"
"3597","自重堂","東証","20230316","日証金","確報","0","0","700","0","0","0","700","0"
"3598","山喜","東証","20230316","日証金","確報","200","0","11000","0","0","0","11000","200"
"3600","フジックス","東証","20230316","日証金","確報","0","100","600","0","0","0","600","-100"
"3604","川本産業","東証","20230316","日証金","確報","0","100","4400","0","0","0","4400","-100"
"3607","クラウディアＨＤ","東証","20230316","日証金","確報","500","0","29300","0","0","0","29300","500"
"3608","ＴＳＩＨＤ","東証","20230316","日証金","確報","0","6200","20700","800","7000","20700","0","0"
"3611","マツオカ","東証","20230316","日証金","確報","300","1000","1700","0","600","1500","200","-100"
"3612","ワールド","東証","20230316","日証金","確報","9000","0","12700","0","200","200","12500","9200"
"3622","ネットイヤーグループ","東証","20230316","日証金","確報","0","0","5100","0","0","0","5100","0"
"3623","ビリングシステム","東証","20230316","日証金","確報","2200","1300","29400","0","0","0","29400","900"
"3624","アクセルマーク","東証","20230316","日証金","確報","1500","300","29400","0","0","0","29400","1200"
"3625","テックファームＨＤ","東証","20230316","日証金","確報","0","0","12800","0","0","0","12800","0"
"3626","ＴＩＳ","東証","20230316","日証金","確報","400","0","9200","0","0","800","8400","400"
"3627","ＪＮＳ","東証","20230316","日証金","確報","0","1500","13400","0","0","0","13400","-1500"
"3628","データホライゾン","東証","20230316","日証金","確報","400","0","3700","0","0","0","3700","400"
"3632","グリー","東証","20230316","日証金","確報","11100","1000","162900","0","0","100000","62900","10100"
"3633","ＧＭＯペパボ","東証","20230316","日証金","確報","0","100","6400","0","0","0","6400","-100"
"3634","ソケッツ","東証","20230316","日証金","確報","100","0","4000","0","0","0","4000","100"
"3635","コーエーテクモＨＤ","東証","20230316","日証金","確報","0","400","9000","400","500","1300","7700","-300"
"3636","三菱総合研究所","東証","20230316","日証金","確報","100","200","2600","0","600","2700","-100","500"
"3639","ボルテージ","東証","20230316","日証金","確報","0","100","1900","0","0","100","1800","-100"
"3640","電算","東証","20230316","日証金","確報","100","500","12900","0","0","700","12200","-400"
"3641","パピレス","東証","20230316","日証金","確報","0","0","1600","0","0","0","1600","0"
"3645","メディカルネット","東証","20230316","日証金","確報","1300","0","26100","0","0","600","25500","1300"
"3646","駅探","東証","20230316","日証金","確報","0","200","1100","0","0","0","1100","-200"
"3647","ジースリーＨＤ","東証","20230316","日証金","確報","0","0","47000","0","0","0","47000","0"
"3648","ＡＧＳ","東証","20230316","日証金","確報","200","100","1200","200","100","9400","-8200","0"
"3649","ファインデックス","東証","20230316","日証金","確報","400","0","29700","1800","0","4100","25600","-1400"
"3652","ディジタルメデプロ","東証","20230316","日証金","確報","200","0","12600","0","0","0","12600","200"
"3653","モルフォ","東証","20230316","日証金","確報","600","0","23500","700","100","23500","0","0"
"3655","ブレインパッド","東証","20230316","日証金","確報","2200","2000","46900","0","1500","0","46900","1700"
"3656","ＫＬａｂ","東証","20230316","日証金","確報","10600","0","252000","0","1000","46600","205400","11600"
"3657","ポールＨＤ","東証","20230316","日証金","確報","4600","0","7800","0","1100","18100","-10300","5700"
"3659","ネクソン","東証","20230316","日証金","確報","200","0","2800","40700","1800","71000","-68200","-38700"
"3660","アイスタイル","東証","20230316","日証金","確報","518800","296900","1316200","2000","200","1096100","220100","220100"
"3661","エムアップＨＤ","東証","20230316","日証金","確報","3500","0","41800","0","0","4200","37600","3500"
"3662","エイチーム","東証","20230316","日証金","確報","9000","11300","58500","0","1100","66200","-7700","-1200"
"3663","セルシス","東証","20230316","日証金","確報","1100","12500","203400","0","0","0","203400","-11400"
"3664","モブキャストＨＤ","東証","20230316","日証金","確報","600","89300","918200","21700","0","771900","146300","-110400"
"3665","エニグモ","東証","20230316","日証金","確報","0","4800","10500","400","2200","9400","1100","-3000"
"3666","テクノスジャパン","東証","20230316","日証金","確報","100","0","4900","0","0","0","4900","100"
"3667","ｅｎｉｓｈ","東証","20230316","日証金","確報","19800","19800","358400","0","0","358400","0","0"
"3668","コロプラ","東証","20230316","日証金","確報","0","3100","25700","300","0","9800","15900","-3400"
"3670","協立情報通信","東証","20230316","日証金","確報","0","0","0","0","0","0","0","0"
"3671","ソフトマックス","東証","20230316","日証金","確報","400","0","13500","0","0","0","13500","400"
"3672","オルトプラス","東証","20230316","日証金","確報","1800","0","59400","0","0","0","59400","1800"
"3673","ブロードリーフ","東証","20230316","日証金","確報","0","2400","15600","200","600","13500","2100","-2000"
"3674","オークファン","東証","20230316","日証金","確報","700","12800","89800","0","0","159800","-70000","-12100"
"3675","クロス・マーケティン","東証","20230316","日証金","確報","300","1900","312500","0","100","350000","-37500","-1500"
"3676","デジハＨＤ","東証","20230316","日証金","確報","100","300","17800","0","700","0","17800","500"
"3677","システム情報","東証","20230316","日証金","確報","0","0","5000","0","0","1200","3800","0"
"3678","メディアドゥ","東証","20230316","日証金","確報","0","500","9400","0","800","0","9400","300"
"3679","じげん","東証","20230316","日証金","確報","600","4400","46200","0","200","20800","25400","-3600"
"3680","ホットリンク","東証","20230316","日証金","確報","600","0","21700","100","0","500","21200","500"
"3681","ブイキューブ","東証","20230316","日証金","確報","141700","86300","1000100","100","1900","1000100","0","57200"
"3682","エンカレッジ・テクノ","東証","20230316","日証金","確報","0","100","3300","0","0","2000","1300","-100"
"3683","サイバーリンクス","東証","20230316","日証金","確報","100","100","18100","0","0","0","18100","0"
"3686","ディー・エル・イー","東証","20230316","日証金","確報","19000","43900","464000","0","200","456700","7300","-24700"
"3687","フィックスターズ","東証","20230316","日証金","確報","400","100","18900","0","0","0","18900","300"
"3688","ＣＡＲＴＡ　ＨＤ","東証","20230316","日証金","確報","600","0","4000","0","0","0","4000","600"
"3690","イルグルム","東証","20230316","日証金","確報","0","0","8700","0","0","300","8400","0"
"3691","デジタルプラス","東証","20230316","日証金","確報","1500","100","15900","0","0","0","15900","1400"
"3692","ＦＦＲＩセキュ","東証","20230316","日証金","確報","1600","5700","22600","0","4100","22600","0","0"
"3694","オプティム","東証","20230316","日証金","確報","100","2100","26100","0","0","6800","19300","-2000"
"3695","ＧＭＯリサーチ","東証","20230316","日証金","確報","0","100","2000","0","0","0","2000","-100"
"3696","セレス","東証","20230316","日証金","確報","1400","300","27000","0","0","3000","24000","1100"
"3697","ＳＨＩＦＴ","東証","20230316","日証金","確報","6700","30200","51800","600","2200","73700","-21900","-21900"
"3698","ＣＲＩ・ミドルウェア","東証","20230316","日証金","確報","700","900","40500","200","0","37300","3200","-400"
"3708","特種東海製紙","東証","20230316","日証金","確報","0","300","1700","100","0","100","1600","-400"
"3710","ジョルダン","東証","20230316","日証金","確報","0","200","22200","0","0","400","21800","-200"
"3712","情報企画","東証","20230316","日証金","確報","0","0","300","100","0","100","200","-100"
"3719","ジェクシード","東証","20230316","日証金","確報","3500","1000","58300","0","0","0","58300","2500"
"3723","日本ファルコム","東証","20230316","日証金","確報","0","0","100","0","0","0","100","0"
"3726","フォーシーズＨＤ","東証","20230316","日証金","確報","200","0","1500","0","0","0","1500","200"
"3727","アプリックス","東証","20230316","日証金","確報","1000","0","37800","0","0","0","37800","1000"
"3733","ソフトウェアサビス","東証","20230316","日証金","確報","400","0","2200","0","100","700","1500","500"
"3738","ティーガイア","東証","20230316","日証金","確報","0","200","9800","0","0","1200","8600","-200"
"3739","コムシード","名証","20230316","日証金","確報","3300","200","237200","0","0","0","237200","3100"
"3741","セック","東証","20230316","日証金","確報","1100","100","7600","100","100","6300","1300","1000"
"3744","サイオス","東証","20230316","日証金","確報","0","0","27400","0","0","38600","-11200","0"
"3747","インタートレード","東証","20230316","日証金","確報","900","300","18700","0","0","0","18700","600"
"3750","サイトリ細胞研究所","東証","20230316","日証金","確報","80000","500","85400","0","0","0","85400","79500"
"3753","フライトＨＤ","東証","20230316","日証金","確報","100","100","9100","0","0","0","9100","0"
"3758","アエリア","東証","20230316","日証金","確報","0","0","10100","0","0","0","10100","0"
"3760","ケイブ","東証","20230316","日証金","確報","1300","0","9900","0","0","0","9900","1300"
"3762","テクマトリックス","東証","20230316","日証金","確報","500","1200","25500","1300","0","1900","23600","-2000"
"3763","プロシップ","東証","20230316","日証金","確報","0","0","1600","0","0","0","1600","0"
"3765","ガンホー・オンライン","東証","20230316","日証金","確報","600","2400","40500","500","6900","46000","-5500","4600"
"3766","システムズ・デザイン","東証","20230316","日証金","確報","0","400","3200","0","0","0","3200","-400"
"3768","リスクモンスター","東証","20230316","日証金","確報","0","200","5200","0","100","0","5200","-100"
"3769","ＧＭＯペイメント","東証","20230316","日証金","確報","400","5700","38000","100","500","2000","36000","-4900"
"3770","ザッパラス","東証","20230316","日証金","確報","0","0","300","0","0","0","300","0"
"3771","システムリサーチ","東証","20230316","日証金","確報","0","0","21400","0","0","200","21200","0"
"3772","ウェルスマネジメント","東証","20230316","日証金","確報","100","0","12800","0","0","0","12800","100"
"3773","アドバンストメディア","東証","20230316","日証金","確報","12700","200","45700","0","0","0","45700","12500"
"3774","インターネットイニシ","東証","20230316","日証金","確報","300","100","6400","100","300","2300","4100","400"
"3775","ガイアックス","名証","20230316","日証金","確報","0","200","15600","0","0","0","15600","-200"
"3776","ブロードバンドタワー","東証","20230316","日証金","確報","3000","800","386300","0","0","0","386300","2200"
"3777","ＦＨＴＨＤ","東証","20230316","日証金","確報","57100","2000","671800","0","0","0","671800","55100"
"3778","さくらインターネット","東証","20230316","日証金","確報","4000","2600","52700","3300","1900","52700","0","0"
"3779","Ｊ・エスコムＨＤ","東証","20230316","日証金","確報","0","21000","65800","0","0","0","65800","-21000"
"3782","ディー・ディー・エス","東証","20230316","日証金","確報","0","1200","885600","0","0","0","885600","-1200"
"3784","ヴィンクス","東証","20230316","日証金","確報","0","0","800","0","0","0","800","0"
"3787","テクノマセマティカル","東証","20230316","日証金","確報","0","0","2500","0","0","0","2500","0"
"3788","ＧＭＯＧＳＨＤ","東証","20230316","日証金","確報","800","0","19200","100","0","2900","16300","700"
"3791","ＩＧポート","東証","20230316","日証金","確報","0","0","5600","1100","0","10100","-4500","-1100"
"3793","ドリコム","東証","20230316","日証金","確報","26700","700","565600","0","0","150100","415500","26000"
"3796","いい生活","東証","20230316","日証金","確報","200","1700","5400","0","200","2400","3000","-1300"
"3798","ＵＬＳグループ","東証","20230316","日証金","確報","0","900","13500","0","0","0","13500","-900"
"3799","キーウェアソリュショ","東証","20230316","日証金","確報","0","0","7700","0","0","300","7400","0"
"3800","ユニリタ","東証","20230316","日証金","確報","0","0","100","0","0","0","100","0"
"3802","エコミック","札証","20230316","日証金","確報","0","0","0","0","0","0","0","0"
"3802","エコミック","東証","20230316","日証金","確報","0","0","400","0","0","0","400","0"
"3803","イメージ情報開発","東証","20230316","日証金","確報","0","0","200","0","0","0","200","0"
"3804","システム　ディ","東証","20230316","日証金","確報","0","100","700","0","0","0","700","-100"
"3807","フィスコ","東証","20230316","日証金","確報","18000","18000","302000","0","0","302000","0","0"
"3808","オウケイウェイヴ","名証","20230316","日証金","確報","100","2000","56000","0","0","0","56000","-1900"
"3810","サイバーステップ","東証","20230316","日証金","確報","3600","6000","83500","0","0","0","83500","-2400"
"3814","アルファクスＦＳ","東証","20230316","日証金","確報","0","200","3200","0","0","0","3200","-200"
"3815","メディア工房","東証","20230316","日証金","確報","100","0","5000","0","0","0","5000","100"
"3816","大和コンピューター","東証","20230316","日証金","確報","100","0","1600","0","0","0","1600","100"
"3817","ＳＲＡＨＤ","東証","20230316","日証金","確報","200","0","1500","0","0","0","1500","200"
"3823","ＷＨＹ　ＨＯＷ　ＤＯ","東証","20230316","日証金","確報","1800","0","154700","0","0","0","154700","1800"
"3824","メディアファイブ","福証","20230316","日証金","確報","0","0","12100","0","0","0","12100","0"
"3825","リミックスポイント","東証","20230316","日証金","確報","37000","14000","198600","0","0","0","198600","23000"
"3826","システムインテグレタ","東証","20230316","日証金","確報","700","500","47000","0","0","50000","-3000","200"
"3830","ギガプライズ","名証","20230316","日証金","確報","300","0","75400","0","0","0","75400","300"
"3834","朝日ネット","東証","20230316","日証金","確報","0","0","2300","0","0","300","2000","0"
"3835","ｅＢＡＳＥ","東証","20230316","日証金","確報","500","0","13000","0","300","6600","6400","800"
"3836","アバントグループ","東証","20230316","日証金","確報","0","0","3200","100","100","400","2800","0"
"3837","アドソル日進","東証","20230316","日証金","確報","0","0","9800","100","0","200","9600","-100"
"3839","ＯＤＫソリューション","東証","20230316","日証金","確報","200","0","1800","200","0","800","1000","0"
"3840","パス","東証","20230316","日証金","確報","0","0","135000","0","0","0","135000","0"
"3841","ジーダット","東証","20230316","日証金","確報","0","0","1800","0","0","0","1800","0"
"3842","ネクストジェン","東証","20230316","日証金","確報","100","0","7400","0","0","0","7400","100"
"3843","フリービット","東証","20230316","日証金","確報","0","0","89800","7700","1100","32500","57300","-6600"
"3844","コムチュア","東証","20230316","日証金","確報","100","100","23300","0","1200","0","23300","1200"
"3845","アイフリークモバイル","東証","20230316","日証金","確報","0","0","27100","0","0","0","27100","0"
"3847","パシフィックシステム","東証","20230316","日証金","確報","0","0","0","0","0","0","0","0"
"3848","データ・アプリケショ","東証","20230316","日証金","確報","0","100","1300","0","0","0","1300","-100"
"3849","日本テクノ・ラボ","札証","20230316","日証金","確報","0","0","200","0","0","0","200","0"
"3850","ＮＴＴＤイントラマト","東証","20230316","日証金","確報","0","0","500","0","0","0","500","0"
"3851","日本一ソフトウェア","東証","20230316","日証金","確報","0","400","2000","0","0","900","1100","-400"
"3852","サイバーコム","東証","20230316","日証金","確報","0","0","1400","0","0","0","1400","0"
"3853","アステリア","東証","20230316","日証金","確報","100","0","72800","3900","0","7500","65300","-3800"
"3854","アイル","東証","20230316","日証金","確報","0","300","5900","0","0","0","5900","-300"
"3856","Ａｂａｌａｎｃｅ","東証","20230316","日証金","確報","14000","800","105100","0","0","0","105100","13200"
"3857","ラック","東証","20230316","日証金","確報","500","700","11000","0","0","0","11000","-200"
"3858","ユビキタスＡＩ","東証","20230316","日証金","確報","0","0","23900","0","0","0","23900","0"
"3861","王子ホールディングス","東証","20230316","日証金","確報","23200","16200","147300","5000","0","5100","142200","2000"
"3863","日本製紙","東証","20230316","日証金","確報","24100","1000","32500","9400","4600","14200","18300","18300"
"3864","三菱製紙","東証","20230316","日証金","確報","2400","29300","68400","0","5300","15000","53400","-21600"
"3865","北越コーポレーション","東証","20230316","日証金","確報","0","0","10200","100","16500","43000","-32800","16400"
"3877","中越パルプ工業","東証","20230316","日証金","確報","400","200","3400","0","0","0","3400","200"
"3878","巴川製紙所","東証","20230316","日証金","確報","0","400","8400","0","200","0","8400","-200"
"3880","大王製紙","東証","20230316","日証金","確報","4800","1100","60400","30100","1100","31800","28600","-25300"
"3891","ニッポン高度紙工業","東証","20230316","日証金","確報","500","500","50100","0","0","50100","0","0"
"3892","岡山製紙","東証","20230316","日証金","確報","100","0","700","100","0","700","0","0"
"3895","ハビックス","東証","20230316","日証金","確報","0","0","6600","0","0","0","6600","0"
"3896","阿波製紙","東証","20230316","日証金","確報","700","700","7500","0","0","0","7500","0"
"3900","クラウドワークス","東証","20230316","日証金","確報","700","0","3700","0","0","0","3700","700"
"3901","マークラインズ","東証","20230316","日証金","確報","0","0","20100","0","0","0","20100","0"
"3902","ＭＤＶ","東証","20230316","日証金","確報","0","3400","114900","0","0","800","114100","-3400"
"3903","ｇｕｍｉ","東証","20230316","日証金","確報","6800","85100","1813900","0","5000","804600","1009300","-73300"
"3904","カヤック","東証","20230316","日証金","確報","5400","1600","89000","0","0","0","89000","3800"
"3905","データセクション","東証","20230316","日証金","確報","1200","0","8200","0","0","0","8200","1200"
"3907","シリコンスタジオ","東証","20230316","日証金","確報","0","0","12400","0","0","0","12400","0"
"3908","コラボス","東証","20230316","日証金","確報","0","0","3400","0","0","0","3400","0"
"3909","ショーケース","東証","20230316","日証金","確報","0","0","4700","0","0","0","4700","0"
"3910","エムケイシステム","東証","20230316","日証金","確報","200","100","7200","0","0","0","7200","100"
"3911","Ａｉｍｉｎｇ","東証","20230316","日証金","確報","1000","13100","258200","0","0","0","258200","-12100"
"3912","モバイルファクトリー","東証","20230316","日証金","確報","0","600","7600","0","0","2000","5600","-600"
"3913","ｓＭｅｄｉｏ","東証","20230316","日証金","確報","0","0","500","0","0","0","500","0"
"3914","ＪＩＧ－ＳＡＷ","東証","20230316","日証金","確報","1800","2700","64200","100","0","82500","-18300","-1000"
"3915","テラスカイ","東証","20230316","日証金","確報","800","600","12000","0","0","700","11300","200"
"3916","ＤＩＴ","東証","20230316","日証金","確報","0","400","16300","0","0","0","16300","-400"
"3917","アイリッジ","東証","20230316","日証金","確報","0","1100","8100","0","0","0","8100","-1100"
"3918","ＰＣＩＨＤ","東証","20230316","日証金","確報","200","0","9800","0","0","0","9800","200"
"3920","アイビーシー","東証","20230316","日証金","確報","100","0","7100","0","0","200","6900","100"
"3921","ネオジャパン","東証","20230316","日証金","確報","200","100","7700","0","0","0","7700","100"
"3922","ＰＲ　ＴＩＭＥＳ","東証","20230316","日証金","確報","6000","100","11300","0","1000","2500","8800","6900"
"3923","ラクス","東証","20230316","日証金","確報","0","4000","156500","70300","2000","907800","-751300","-72300"
"3924","ランドコンピュータ","東証","20230316","日証金","確報","1000","0","1100","0","1500","2600","-1500","2500"
"3925","ダブルスタンダード","東証","20230316","日証金","確報","1700","400","91700","0","0","0","91700","1300"
"3926","オープンドア","東証","20230316","日証金","確報","900","2300","55700","0","0","0","55700","-1400"
"3927","フーバーブレイン","東証","20230316","日証金","確報","700","0","48200","0","0","0","48200","700"
"3928","マイネット","東証","20230316","日証金","確報","0","400","12000","100","0","500","11500","-500"
"3929","ソーシャルワイヤー","東証","20230316","日証金","確報","1700","100","10900","0","0","0","10900","1600"
"3930","はてな","東証","20230316","日証金","確報","0","0","5200","0","0","0","5200","0"
"3931","バリューゴルフ","東証","20230316","日証金","確報","100","0","500","0","0","0","500","100"
"3932","アカツキ","東証","20230316","日証金","確報","100","100","18400","0","0","0","18400","0"
"3933","チエル","東証","20230316","日証金","確報","0","0","9700","0","0","100","9600","0"
"3934","ベネフィットジャパン","東証","20230316","日証金","確報","0","0","900","0","0","0","900","0"
"3935","エディア","東証","20230316","日証金","確報","0","4100","29800","0","0","0","29800","-4100"
"3936","グローバルウェイ","東証","20230316","日証金","確報","1900","7700","95500","0","0","0","95500","-5800"
"3937","Ｕｂｉｃｏｍ","東証","20230316","日証金","確報","800","0","11300","0","0","300","11000","800"
"3939","カナミックＮ","東証","20230316","日証金","確報","100","400","24000","0","0","0","24000","-300"
"3940","ノムラシステム","東証","20230316","日証金","確報","100","3000","27600","0","600","1500","26100","-2300"
"3941","レンゴー","東証","20230316","日証金","確報","6400","0","51500","0","1200","3100","48400","7600"
"3943","大石産業","東証","20230316","日証金","確報","0","0","2900","0","0","0","2900","0"
"3943","大石産業","福証","20230316","日証金","確報","0","0","0","0","0","0","0","0"
"3944","古林紙工","東証","20230316","日証金","確報","0","0","0","0","0","0","0","0"
"3945","スーパーバッグ","東証","20230316","日証金","確報","100","400","7600","0","0","0","7600","-300"
"3946","トーモク","札証","20230316","日証金","確報","0","0","0","0","0","0","0","0"
"3946","トーモク","東証","20230316","日証金","確報","400","0","11200","0","0","0","11200","400"
"3947","ダイナパック","名証","20230316","日証金","確報","0","0","0","0","0","0","0","0"
"3947","ダイナパック","東証","20230316","日証金","確報","0","0","2600","0","0","0","2600","0"
"3948","光ビジネスフォーム","東証","20230316","日証金","確報","0","0","3100","0","0","0","3100","0"
"3950","ザ・パック","東証","20230316","日証金","確報","0","300","13300","500","0","1600","11700","-800"
"3951","朝日印刷","東証","20230316","日証金","確報","0","0","800","0","300","300","500","300"
"3952","中央紙器工業","名証","20230316","日証金","確報","0","300","1100","0","0","0","1100","-300"
"3953","大村紙業","東証","20230316","日証金","確報","0","0","1400","0","0","0","1400","0"
"3954","昭和パックス","東証","20230316","日証金","確報","0","0","100","0","0","0","100","0"
"3955","イムラ","東証","20230316","日証金","確報","0","2300","6500","2800","1500","5700","800","-3600"
"3961","シルバーエッグ","東証","20230316","日証金","確報","0","0","2200","0","0","0","2200","0"
"3962","チェンジ","東証","20230316","日証金","確報","10100","0","112400","100","400","44700","67700","10400"
"3963","シンクロ・フード","東証","20230316","日証金","確報","9800","0","78800","0","200","100","78700","10000"
"3964","オークネット","東証","20230316","日証金","確報","0","200","12900","0","0","100","12800","-200"
"3965","ＣＡＰ","東証","20230316","日証金","確報","200","200","2800","0","0","0","2800","0"
"3967","エルテス","東証","20230316","日証金","確報","500","0","12000","0","0","0","12000","500"
"3968","セグエグループ","東証","20230316","日証金","確報","0","500","6300","0","0","0","6300","-500"
"3969","エイトレッド","東証","20230316","日証金","確報","2400","0","14100","0","0","0","14100","2400"
"3970","イノベーション","東証","20230316","日証金","確報","0","100","2700","0","0","0","2700","-100"
"3974","ティビィシィ・スキヤ","東証","20230316","日証金","確報","800","0","900","0","0","0","900","800"
"3976","シャノン","東証","20230316","日証金","確報","100","0","11300","0","0","0","11300","100"
"3977","フュージョン","札証","20230316","日証金","確報","0","0","0","0","0","0","0","0"
"3978","マクロミル","東証","20230316","日証金","確報","2400","0","12200","0","0","0","12200","2400"
"3979","うるる","東証","20230316","日証金","確報","500","0","10900","0","0","0","10900","500"
"3981","ビーグリー","東証","20230316","日証金","確報","100","0","3500","0","0","0","3500","100"
"3983","オロ","東証","20230316","日証金","確報","0","1200","3200","0","500","500","2700","-700"
"3984","ユーザーローカル","東証","20230316","日証金","確報","2000","100","16800","0","0","0","16800","1900"
"3985","テモナ","東証","20230316","日証金","確報","0","0","7800","0","0","0","7800","0"
"3986","ビーブレイク","東証","20230316","日証金","確報","0","0","1100","0","0","0","1100","0"
"3987","エコモット","札証","20230316","日証金","確報","0","0","0","0","0","0","0","0"
"3987","エコモット","東証","20230316","日証金","確報","1000","200","15600","0","5000","88200","-72600","5800"
"3988","ＳＹＳＨＤ","東証","20230316","日証金","確報","100","0","900","0","0","0","900","100"
"3989","シェアリングＴ","東証","20230316","日証金","確報","11000","200","82800","0","0","0","82800","10800"
"3990","ＵＵＵＭ","東証","20230316","日証金","確報","1300","3100","33200","0","0","0","33200","-1800"
"3991","ウォンテッドリー","東証","20230316","日証金","確報","0","3000","10100","0","0","0","10100","-3000"
"3992","ニーズウェル","東証","20230316","日証金","確報","10900","3500","22600","10500","100","14900","7700","-3000"
"3993","ＰＫＳＨＡ","東証","20230316","日証金","確報","8400","5300","277600","1800","0","280800","-3200","1300"
"3994","マネーフォワード","東証","20230316","日証金","確報","400","4000","28900","68100","7800","967400","-938500","-63900"
"3995","ＳＫＩＹＡＫＩ","東証","20230316","日証金","確報","700","6100","11800","0","800","900","10900","-4600"
"3996","サインポスト","東証","20230316","日証金","確報","200","400","11900","0","0","0","11900","-200"
"3997","トレードワークス","東証","20230316","日証金","確報","0","400","6000","0","0","0","6000","-400"
"3998","すららネット","東証","20230316","日証金","確報","100","100","18600","0","0","100","18500","0"
"3999","ナレッジスイート","東証","20230316","日証金","確報","0","0","2100","0","0","0","2100","0"
"4004","レゾナックＨＤ","東証","20230316","日証金","確報","5600","600","89500","0","8800","2600","86900","13800"
"4005","住友化学","東証","20230316","日証金","確報","44700","700","309800","0","0","0","309800","44000"
"4008","住友精化","東証","20230316","日証金","確報","100","500","5800","400","200","1800","4000","-600"
"4011","ヘッドウォータース","東証","20230316","日証金","確報","900","100","5900","0","0","0","5900","800"
"4012","アクシス","東証","20230316","日証金","確報","0","0","800","0","0","0","800","0"
"4013","勤次郎","東証","20230316","日証金","確報","1700","0","4800","0","0","200","4600","1700"
"4014","カラダノート","東証","20230316","日証金","確報","100","0","3600","0","0","0","3600","100"
"4015","アララ","東証","20230316","日証金","確報","200","400","9600","0","0","0","9600","-200"
"4016","ＭＩＴＨＤ","東証","20230316","日証金","確報","0","100","9000","0","0","0","9000","-100"
"4017","クリーマ","東証","20230316","日証金","確報","0","0","3600","0","0","0","3600","0"
"4018","ジオロケ","福証","20230316","日証金","確報","0","0","1100","0","0","0","1100","0"
"4019","スタメン","東証","20230316","日証金","確報","1400","1400","4800","100","300","4600","200","200"
"4020","ビートレンド","東証","20230316","日証金","確報","0","100","1300","0","0","0","1300","-100"
"4021","日産化学","東証","20230316","日証金","確報","300","200","8100","20000","300","35200","-27100","-19600"
"4022","ラサ工業","東証","20230316","日証金","確報","2500","500","26200","0","0","0","26200","2000"
"4023","クレハ","東証","20230316","日証金","確報","600","0","12300","0","0","0","12300","600"
"4025","多木化学","東証","20230316","日証金","確報","100","100","5900","0","200","400","5500","200"
"4026","神島化学工業","東証","20230316","日証金","確報","100","0","36700","0","0","0","36700","100"
"4027","テイカ","東証","20230316","日証金","確報","100","0","8400","0","0","0","8400","100"
"4028","石原産業","東証","20230316","日証金","確報","20200","300","41500","0","0","0","41500","19900"
"4031","片倉コープアグリ","東証","20230316","日証金","確報","100","600","15500","200","700","15500","0","0"
"4041","日本曹達","東証","20230316","日証金","確報","700","0","5300","0","0","0","5300","700"
"4042","東ソー","東証","20230316","日証金","確報","7900","600","15200","13000","400","15200","0","-5300"
"4043","トクヤマ","東証","20230316","日証金","確報","1300","800","13500","3800","1300","6700","6800","-2000"
"4044","セントラル硝子","東証","20230316","日証金","確報","300","900","14500","0","100","400","14100","-500"
"4045","東亞合成","東証","20230316","日証金","確報","400","0","16800","100","0","6100","10700","300"
"4046","大阪ソーダ","東証","20230316","日証金","確報","200","0","14200","200","2700","6400","7800","2700"
"4047","関東電化工業","東証","20230316","日証金","確報","8500","9200","41800","0","10400","32100","9700","9700"
"4051","ＧＭＯ－ＦＧ","東証","20230316","日証金","確報","1100","0","11400","0","0","0","11400","1100"
"4052","フィーチャ","東証","20230316","日証金","確報","0","100","5300","0","0","0","5300","-100"
"4053","サンアスタリスク","東証","20230316","日証金","確報","2000","100","38600","200","0","2700","35900","1700"
"4054","日本情報クリエイト","東証","20230316","日証金","確報","100","1000","6200","0","300","100","6100","-600"
"4055","ティアンドエス","東証","20230316","日証金","確報","2000","0","14900","0","0","0","14900","2000"
"4056","ニューラルポケット","東証","20230316","日証金","確報","0","400","21800","0","0","0","21800","-400"
"4057","インターファクトリー","東証","20230316","日証金","確報","0","200","4700","0","0","0","4700","-200"
"4058","トヨクモ","東証","20230316","日証金","確報","700","300","13400","300","200","1600","11800","300"
"4059","まぐまぐ","東証","20230316","日証金","確報","0","100","1600","0","0","0","1600","-100"
"4060","ｒａｋｕｍｏ","東証","20230316","日証金","確報","0","100","5400","0","0","0","5400","-100"
"4061","デンカ","東証","20230316","日証金","確報","1800","0","29800","4600","0","4600","25200","-2800"
"4062","イビデン","名証","20230316","日証金","確報","0","0","0","0","0","0","0","0"
"4062","イビデン","東証","20230316","日証金","確報","5300","100","36300","300","28100","2400","33900","33000"
"4063","信越化学工業","名証","20230316","日証金","確報","0","0","0","0","0","0","0","0"
"4063","信越化学工業","東証","20230316","日証金","確報","15300","11500","27200","21100","2000","36000","-8800","-15300"
"4064","日本カーバイド工業","東証","20230316","日証金","確報","200","2600","20400","0","0","0","20400","-2400"
"4068","ベイシス","東証","20230316","日証金","確報","0","0","3900","0","0","0","3900","0"
"4069","ＢｌｕｅＭｅｍｅ","東証","20230316","日証金","確報","500","100","5000","0","0","0","5000","400"
"4071","プラスアルファ","東証","20230316","日証金","確報","2000","1200","9200","0","800","3400","5800","1600"
"4072","電算システムＨＤ","名証","20230316","日証金","確報","0","0","0","0","0","0","0","0"
"4072","電算システムＨＤ","東証","20230316","日証金","確報","400","0","5400","100","200","2600","2800","500"
"4073","ジィ・シィ企画","東証","20230316","日証金","確報","0","0","6200","0","0","0","6200","0"
"4074","ラキール","東証","20230316","日証金","確報","400","0","4000","700","400","23400","-19400","100"
"4075","ブレインズ","東証","20230316","日証金","確報","0","200","2800","0","0","0","2800","-200"
"4076","シイエヌエス","東証","20230316","日証金","確報","0","0","1200","0","0","0","1200","0"
"4078","堺化学工業","東証","20230316","日証金","確報","200","500","15600","0","0","0","15600","-300"
"4080","田中化学研究所","東証","20230316","日証金","確報","200","1600","42800","0","0","0","42800","-1400"
"4082","第一稀元素化学工業","東証","20230316","日証金","確報","100","2100","39600","0","0","0","39600","-2000"
"4088","エア・ウォーター","札証","20230316","日証金","確報","0","0","0","0","0","0","0","0"
"4088","エア・ウォーター","東証","20230316","日証金","確報","0","700","27400","0","100","0","27400","-600"
"4091","日本酸素ＨＤ","東証","20230316","日証金","確報","2900","0","4900","1800","8800","15900","-11000","9900"
"4092","日本化学工業","東証","20230316","日証金","確報","600","0","4100","400","0","1000","3100","200"
"4093","東邦アセチレン","東証","20230316","日証金","確報","400","0","5100","0","0","0","5100","400"
"4094","日本化学産業","東証","20230316","日証金","確報","700","0","15600","0","0","0","15600","700"
"4095","日本パーカライジング","東証","20230316","日証金","確報","1400","0","8400","0","200","200","8200","1600"
"4097","高圧ガス工業","東証","20230316","日証金","確報","0","0","1500","0","0","100","1400","0"
"4098","チタン工業","東証","20230316","日証金","確報","0","0","2800","0","0","0","2800","0"
"4099","四国化成ＨＤ","東証","20230316","日証金","確報","3400","0","4900","4600","0","4900","0","-1200"
"4100","戸田工業","東証","20230316","日証金","確報","1300","2200","15800","500","300","500","15300","-1100"
"4102","丸尾カルシウム","東証","20230316","日証金","確報","0","0","900","0","0","0","900","0"
"4107","伊勢化学工業","東証","20230316","日証金","確報","500","100","2000","0","0","0","2000","400"
"4109","ステラ　ケミファ","東証","20230316","日証金","確報","0","700","9400","0","0","0","9400","-700"
"4112","保土谷化学工業","東証","20230316","日証金","確報","100","500","1300","100","0","300","1000","-500"
"4113","田岡化学工業","東証","20230316","日証金","確報","200","700","15200","0","0","0","15200","-500"
"4114","日本触媒","東証","20230316","日証金","確報","0","100","500","0","0","0","500","-100"
"4116","大日精化工業","東証","20230316","日証金","確報","1100","0","6700","0","0","0","6700","1100"
"4118","カネカ","東証","20230316","日証金","確報","400","0","5400","0","0","0","5400","400"
"4119","日本ピグメント","東証","20230316","日証金","確報","200","0","1300","0","0","0","1300","200"
"4120","スガイ化学工業","東証","20230316","日証金","確報","0","0","2200","0","0","0","2200","0"
"4124","大阪油化工業","東証","20230316","日証金","確報","100","0","6300","0","0","0","6300","100"
"4125","三和油化工業","名証","20230316","日証金","確報","0","0","0","0","0","0","0","0"
"4125","三和油化工業","東証","20230316","日証金","確報","1200","0","12400","0","0","0","12400","1200"
"4151","協和キリン","東証","20230316","日証金","確報","3700","1800","19600","19600","0","19600","0","-17700"
"4165","プレイド","東証","20230316","日証金","確報","62800","62800","2100200","0","0","2100200","0","0"
"4166","かっこ","東証","20230316","日証金","確報","0","0","2800","0","0","0","2800","0"
"4167","ココペリ","東証","20230316","日証金","確報","2300","0","123600","0","0","230000","-106400","2300"
"4168","ヤプリ","東証","20230316","日証金","確報","1200","5800","158200","0","0","52200","106000","-4600"
"4169","ＥＮＥＣＨＡＮＧＥ","東証","20230316","日証金","確報","13300","13300","1000000","0","0","1000000","0","0"
"4170","ＫａｉｚｅｎＰＦ","東証","20230316","日証金","確報","7600","9000","314200","6800","500","515200","-201000","-7700"
"4171","グローバルＩ","東証","20230316","日証金","確報","300","0","2000","0","0","0","2000","300"
"4172","東和ハイシステム","東証","20230316","日証金","確報","600","0","4900","0","0","0","4900","600"
"4173","ＷＡＣＵＬ","東証","20230316","日証金","確報","0","100","6700","0","0","0","6700","-100"
"4174","アピリッツ","東証","20230316","日証金","確報","1200","100","5400","0","0","0","5400","1100"
"4175","ｃｏｌｙ","東証","20230316","日証金","確報","700","0","13400","0","0","0","13400","700"
"4176","ココナラ","東証","20230316","日証金","確報","24100","14400","470100","0","0","490100","-20000","9700"
"4177","ｉ‐ｐｌｕｇ","東証","20230316","日証金","確報","1500","0","4900","0","0","0","4900","1500"
"4178","Ｓイノベーション","東証","20230316","日証金","確報","0","0","4400","0","0","0","4400","0"
"4179","ジーネクスト","東証","20230316","日証金","確報","0","300","3900","0","0","0","3900","-300"
"4180","Ａｐｐｉｅｒ","東証","20230316","日証金","確報","4000","1300","51700","0","0","0","51700","2700"
"4182","三菱瓦斯化学","東証","20230316","日証金","確報","600","100","41700","0","0","0","41700","500"
"4183","三井化学","東証","20230316","日証金","確報","400","4300","5600","0","700","2500","3100","-3200"
"4185","ジェイエスアール","東証","20230316","日証金","確報","600","200","1800","100","7600","2900","-1100","7900"
"4186","東京応化工業","東証","20230316","日証金","確報","0","500","2500","1200","1700","18500","-16000","0"
"4187","大阪有機化学工業","東証","20230316","日証金","確報","0","0","7400","0","0","100","7300","0"
"4188","三菱ケミカルグループ","東証","20230316","日証金","確報","62800","67600","224000","0","42800","211000","13000","38000"
"4189","ＫＨネオケム","東証","20230316","日証金","確報","300","100","5500","0","0","0","5500","200"
"4192","スパイダープラス","東証","20230316","日証金","確報","64200","53700","900300","0","0","900300","0","10500"
"4193","ファブリカ","名証","20230316","日証金","確報","0","0","0","0","0","0","0","0"
"4193","ファブリカ","東証","20230316","日証金","確報","1100","100","4300","0","0","0","4300","1000"
"4194","ビジョナル","東証","20230316","日証金","確報","8600","200","23800","0","0","0","23800","8400"
"4196","ネオマーケティング","東証","20230316","日証金","確報","300","0","1100","0","0","0","1100","300"
"4198","テンダ","東証","20230316","日証金","確報","0","0","1500","0","0","0","1500","0"
"4199","ワンダープラネット","東証","20230316","日証金","確報","0","100","7600","0","0","0","7600","-100"
"4200","ＨＣＳＨＤ","東証","20230316","日証金","確報","0","0","3300","0","0","0","3300","0"
"4202","ダイセル","東証","20230316","日証金","確報","5200","0","44000","0","31200","1800","42200","36400"
"4203","住友ベークライト","東証","20230316","日証金","確報","400","0","1200","0","1400","17600","-16400","1800"
"4204","積水化学工業","東証","20230316","日証金","確報","1300","400","12900","1800","0","1900","11000","-900"
"4205","日本ゼオン","東証","20230316","日証金","確報","0","1300","5400","2600","5500","3700","1700","1600"
"4206","アイカ工業","名証","20230316","日証金","確報","0","0","0","0","0","0","0","0"
"4206","アイカ工業","東証","20230316","日証金","確報","800","0","4500","900","200","4400","100","100"
"4208","ＵＢＥ","東証","20230316","日証金","確報","4000","1200","11000","1100","0","5100","5900","1700"
"4208","ＵＢＥ","福証","20230316","日証金","確報","0","0","0","0","0","0","0","0"
"4212","積水樹脂","東証","20230316","日証金","確報","0","0","1700","0","0","1700","0","0"
"4215","タキロンシーアイ","東証","20230316","日証金","確報","0","200","7700","0","0","0","7700","-200"
"4216","旭有機材","東証","20230316","日証金","確報","600","1800","11400","0","900","5500","5900","-300"
"4218","ニチバン","東証","20230316","日証金","確報","0","600","500","0","0","500","0","-600"
"4220","リケンテクノス","東証","20230316","日証金","確報","900","500","5400","0","200","700","4700","600"
"4221","大倉工業","東証","20230316","日証金","確報","100","600","1100","100","0","100","1000","-600"
"4222","児玉化学工業","東証","20230316","日証金","確報","0","0","15400","0","0","0","15400","0"
"4224","ロンシール工業","東証","20230316","日証金","確報","0","0","100","0","0","0","100","0"
"4228","積水化成品工業","東証","20230316","日証金","確報","0","700","9000","0","0","0","9000","-700"
"4229","群栄化学工業","東証","20230316","日証金","確報","200","200","3500","0","0","0","3500","0"
"4231","タイガースポリマー","東証","20230316","日証金","確報","400","0","28800","0","100","100","28700","500"
"4234","サンエー化研","東証","20230316","日証金","確報","0","900","33600","0","0","0","33600","-900"
"4235","ＵＦＨＤ","東証","20230316","日証金","確報","200","0","11400","0","0","0","11400","200"
"4237","フジプレアム","東証","20230316","日証金","確報","0","3300","12100","0","0","0","12100","-3300"
"4238","ミライアル","東証","20230316","日証金","確報","2000","400","37000","0","0","0","37000","1600"
"4240","クラスタテクノロジ","東証","20230316","日証金","確報","300","0","6600","0","0","0","6600","300"
"4241","アテクト","東証","20230316","日証金","確報","0","0","4500","0","0","0","4500","0"
"4242","タカギセイコー","東証","20230316","日証金","確報","0","0","2100","0","0","0","2100","0"
"4243","ニックス","東証","20230316","日証金","確報","100","0","3900","0","0","0","3900","100"
"4245","ダイキアクシス","東証","20230316","日証金","確報","0","0","7900","0","0","2300","5600","0"
"4246","ダイキョーニシカワ","東証","20230316","日証金","確報","2900","800","5300","100","100","100","5200","2100"
"4247","ポバール興業","名証","20230316","日証金","確報","0","0","0","0","0","0","0","0"
"4247","ポバール興業","東証","20230316","日証金","確報","0","0","1100","0","0","0","1100","0"
"4248","竹本容器","東証","20230316","日証金","確報","0","0","9800","0","2800","9000","800","2800"
"4249","森六ホールディングス","東証","20230316","日証金","確報","0","0","10000","0","0","10000","0","0"
"4250","フロンティア","福証","20230316","日証金","確報","0","0","0","0","0","0","0","0"
"4251","恵和","東証","20230316","日証金","確報","2900","2900","117400","0","0","40000","77400","0"
"4255","ＴＨＥＣＯＯ","東証","20230316","日証金","確報","0","0","4300","0","0","0","4300","0"
"4256","サインド","東証","20230316","日証金","確報","0","0","60300","0","0","0","60300","0"
"4258","網屋","東証","20230316","日証金","確報","200","0","4100","0","0","0","4100","200"
"4259","エクサウィザーズ","東証","20230316","日証金","確報","15000","3100","283600","0","0","0","283600","11900"
"4260","ハイブリッドテク","東証","20230316","日証金","確報","100","400","40000","0","0","0","40000","-300"
"4261","アジアクエスト","東証","20230316","日証金","確報","100","100","2600","0","0","0","2600","0"
"4262","ニフティライフ","東証","20230316","日証金","確報","100","0","6500","0","0","0","6500","100"
"4263","サスメド","東証","20230316","日証金","確報","8500","109200","429000","0","0","690900","-261900","-100700"
"4264","セキュア","東証","20230316","日証金","確報","1000","200","22100","0","0","0","22100","800"
"4265","ＩＧＳ","東証","20230316","日証金","確報","0","0","3300","0","0","0","3300","0"
"4267","ライトワークス","東証","20230316","日証金","確報","0","0","2500","0","0","0","2500","0"
"4268","エッジテクノロジー","東証","20230316","日証金","確報","1400","1700","40500","0","0","0","40500","-300"
"4270","ＢｅｅＸ","東証","20230316","日証金","確報","900","300","6800","0","0","0","6800","600"
"4272","日本化薬","東証","20230316","日証金","確報","400","0","19600","400","0","3600","16000","0"
"4274","細谷火工","東証","20230316","日証金","確報","1100","100","19600","0","0","0","19600","1000"
"4275","カーリットＨＤ","東証","20230316","日証金","確報","2300","200","21400","0","0","100","21300","2100"
"4284","ソルクシーズ","東証","20230316","日証金","確報","3100","300","195400","0","0","0","195400","2800"
"4286","ＣＬホールディングス","東証","20230316","日証金","確報","200","0","4500","0","0","0","4500","200"
"4287","ジャストプランニング","東証","20230316","日証金","確報","0","600","2100","0","0","0","2100","-600"
"4288","アズジェント","東証","20230316","日証金","確報","0","0","3700","100","0","100","3600","-100"
"4290","プレステージＩＮ","東証","20230316","日証金","確報","2800","0","19000","0","0","0","19000","2800"
"4293","セプテーニＨＤ","東証","20230316","日証金","確報","3500","0","165600","0","0","5300","160300","3500"
"4295","フェイス","東証","20230316","日証金","確報","0","200","64900","0","0","4400","60500","-200"
"4298","プロトコーポ","名証","20230316","日証金","確報","0","0","0","0","0","0","0","0"
"4298","プロトコーポ","東証","20230316","日証金","確報","100","0","1700","0","100","100","1600","200"
"4299","ハイマックス","東証","20230316","日証金","確報","200","100","2600","0","0","200","2400","100"
"4301","アミューズ","東証","20230316","日証金","確報","0","300","6200","0","0","100","6100","-300"
"4304","イーストアー","東証","20230316","日証金","確報","800","100","15300","0","0","1200","14100","700"
"4307","野村総合研究所","東証","20230316","日証金","確報","1800","1000","87500","0","0","500","87000","800"
"4308","Ｊストリーム","東証","20230316","日証金","確報","0","200","8900","0","0","0","8900","-200"
"4310","ドリームインキュベタ","東証","20230316","日証金","確報","17500","2500","46800","0","0","300","46500","15000"
"4312","サイバネットシステム","東証","20230316","日証金","確報","1200","0","29000","100","0","97400","-68400","1100"
"4316","ビーマップ","東証","20230316","日証金","確報","0","400","3800","0","0","0","3800","-400"
"4317","レイ","東証","20230316","日証金","確報","200","1300","18500","0","0","0","18500","-1100"
"4318","クイック","東証","20230316","日証金","確報","100","500","6400","0","100","1600","4800","-300"
"4319","ＴＡＣ","東証","20230316","日証金","確報","0","0","7200","0","0","0","7200","0"
"4320","ＣＥホールディングス","札証","20230316","日証金","確報","0","0","0","0","0","0","0","0"
"4320","ＣＥホールディングス","東証","20230316","日証金","確報","0","0","11300","0","0","0","11300","0"
"4323","日本システム技術","東証","20230316","日証金","確報","100","0","12000","0","0","1400","10600","100"
"4324","電通グループ","東証","20230316","日証金","確報","4300","61300","17600","16800","5900","124700","-107100","-67900"
"4326","インテージＨＤ","東証","20230316","日証金","確報","500","0","8400","0","0","0","8400","500"
"4327","日本ＳＨＬ","東証","20230316","日証金","確報","200","1900","2000","0","0","0","2000","-1700"
"4331","Ｔ＆Ｇニーズ","東証","20230316","日証金","確報","100","900","39900","0","0","0","39900","-800"
"4333","東邦システムサイエン","東証","20230316","日証金","確報","0","0","400","0","0","0","400","0"
"4334","ユークス","東証","20230316","日証金","確報","2100","1800","31300","0","0","0","31300","300"
"4335","アイ・ピー・エス","東証","20230316","日証金","確報","0","200","4600","0","0","0","4600","-200"
"4337","ぴあ","東証","20230316","日証金","確報","500","0","6700","0","0","24800","-18100","500"
"4341","西菱電機","東証","20230316","日証金","確報","0","0","100","0","0","0","100","0"
"4343","イオンファンタジー","東証","20230316","日証金","確報","400","0","13100","700","1100","19300","-6200","800"
"4344","ソースネクスト","東証","20230316","日証金","確報","139200","100","800800","5000","100","5000","795800","134200"
"4345","シーティーエス","東証","20230316","日証金","確報","300","0","4200","0","0","100","4100","300"
"4346","ネクシィーズグループ","東証","20230316","日証金","確報","300","1600","3300","0","0","2400","900","-1300"
"4347","ブロードメディア","東証","20230316","日証金","確報","8900","300","36900","0","100","8500","28400","8700"
"4348","インフォコム","東証","20230316","日証金","確報","0","0","7300","0","1500","4000","3300","1500"
"4349","テスク","名証","20230316","日証金","確報","0","0","300","0","0","0","300","0"
"4350","メディカルシステム","東証","20230316","日証金","確報","0","0","2400","0","0","0","2400","0"
"4351","山田債権回収管理","東証","20230316","日証金","確報","0","0","5100","0","0","0","5100","0"
"4355","ロングライフＨＤ","東証","20230316","日証金","確報","1200","1600","45500","0","400","45500","0","0"
"4356","応用技術","東証","20230316","日証金","確報","0","0","1800","0","0","0","1800","0"
"4360","マナック・ケミカルＰ","東証","20230316","日証金","確報","0","500","1300","0","0","0","1300","-500"
"4361","川口化学工業","東証","20230316","日証金","確報","0","100","10100","0","0","0","10100","-100"
"4362","日本精化","東証","20230316","日証金","確報","0","0","300","0","400","2000","-1700","400"
"4365","松本油脂製薬","東証","20230316","日証金","確報","0","0","300","0","0","0","300","0"
"4366","ダイトーケミックス","東証","20230316","日証金","確報","200","1300","11800","0","0","0","11800","-1100"
"4367","広栄化学","東証","20230316","日証金","確報","600","0","2400","0","0","0","2400","600"
"4368","扶桑化学工業","東証","20230316","日証金","確報","300","400","6500","0","400","0","6500","300"
"4369","トリケミカル研究所","東証","20230316","日証金","確報","20900","2100","39200","0","0","0","39200","18800"
"4370","モビルス","東証","20230316","日証金","確報","500","0","9600","0","0","0","9600","500"
"4371","ＣＣＴ","東証","20230316","日証金","確報","200","0","8500","0","0","0","8500","200"
"4372","ユミルリンク","東証","20230316","日証金","確報","0","0","1700","0","0","0","1700","0"
"4373","シンプレクスＨＤ","東証","20230316","日証金","確報","600","100","15500","0","0","400","15100","500"
"4374","ロボペイ","東証","20230316","日証金","確報","200","200","7300","0","0","0","7300","0"
"4375","セーフィー","東証","20230316","日証金","確報","2900","2700","155600","0","12100","390400","-234800","12300"
"4376","くふうカンパニー","東証","20230316","日証金","確報","1200","100","35900","0","0","0","35900","1100"
"4377","ワンキャリア","東証","20230316","日証金","確報","0","1900","4300","0","0","0","4300","-1900"
"4378","ＣＩＮＣ","東証","20230316","日証金","確報","1200","0","9300","0","0","0","9300","1200"
"4379","Ｐｈｏｔｏｓｙｎｔｈ","東証","20230316","日証金","確報","1400","500","14100","0","0","0","14100","900"
"4380","Ｍマート","東証","20230316","日証金","確報","0","0","1400","0","0","0","1400","0"
"4381","ビープラッツ","東証","20230316","日証金","確報","500","100","9800","0","0","0","9800","400"
"4382","ＨＥＲＯＺ","東証","20230316","日証金","確報","4000","6200","19000","9800","5100","169500","-150500","-6900"
"4384","ラクスル","東証","20230316","日証金","確報","6900","36400","208300","700","16100","310200","-101900","-14100"
"4385","メルカリ","東証","20230316","日証金","確報","4500","24800","625300","0","4100","127300","498000","-16200"
"4386","ＳＩＧグループ","東証","20230316","日証金","確報","0","500","14500","0","0","600","13900","-500"
"4387","ＺＵＵ","東証","20230316","日証金","確報","100","0","30200","0","0","0","30200","100"
"4388","エーアイ","東証","20230316","日証金","確報","16600","18900","59300","12600","100","38500","20800","-14800"
"4389","プロパティＤＢＫ","東証","20230316","日証金","確報","800","200","3900","0","100","1000","2900","700"
"4390","ｉｐｓ","東証","20230316","日証金","確報","200","700","16300","0","0","0","16300","-500"
"4391","ロジザード","東証","20230316","日証金","確報","0","0","1100","0","0","0","1100","0"
"4392","ＦＩＧ","東証","20230316","日証金","確報","0","2800","61900","400","0","4700","57200","-3200"
"4392","ＦＩＧ","福証","20230316","日証金","確報","0","0","0","0","0","0","0","0"
"4393","バンクオブイノベ","東証","20230316","日証金","確報","100","4800","79400","0","0","0","79400","-4700"
"4394","エクスモーション","東証","20230316","日証金","確報","0","0","12100","0","0","0","12100","0"
"4395","アクリート","東証","20230316","日証金","確報","900","400","37300","0","0","0","37300","500"
"4396","システムサポート","東証","20230316","日証金","確報","1200","900","6100","0","200","5600","500","500"
"4397","チームスピリット","東証","20230316","日証金","確報","100","800","16100","0","0","0","16100","-700"
"4398","ＢＢＳｅｃ","東証","20230316","日証金","確報","300","100","31500","0","0","0","31500","200"
"4401","ＡＤＥＫＡ","東証","20230316","日証金","確報","2300","100","3000","0","0","0","3000","2200"
"4403","日油","東証","20230316","日証金","確報","0","0","5200","0","400","6000","-800","400"
"4404","ミヨシ油脂","東証","20230316","日証金","確報","5000","200","13800","0","0","18800","-5000","4800"
"4406","新日本理化","東証","20230316","日証金","確報","300","0","40000","0","100","0","40000","400"
"4409","東邦化学工業","東証","20230316","日証金","確報","0","0","1900","0","0","0","1900","0"
"4410","ハリマ化成グループ","東証","20230316","日証金","確報","2100","100","10300","5900","0","5900","4400","-3900"
"4412","サイエンスアーツ","東証","20230316","日証金","確報","600","0","28400","0","0","0","28400","600"
"4413","ボードルア","東証","20230316","日証金","確報","300","0","2300","0","0","0","2300","300"
"4414","フレクト","東証","20230316","日証金","確報","0","0","1500","0","0","0","1500","0"
"4415","ブロードエンター","東証","20230316","日証金","確報","0","0","200","0","0","0","200","0"
"4416","ＴｒｕｅＤａｔａ","東証","20230316","日証金","確報","0","200","2300","0","0","0","2300","-200"
"4417","グローバルセキュ","東証","20230316","日証金","確報","800","1400","12000","0","0","0","12000","-600"
"4418","ＪＤＳＣ","東証","20230316","日証金","確報","9000","9000","50000","0","0","50000","0","0"
"4419","Ｆｉｎａｔｅｘｔ","東証","20230316","日証金","確報","4400","2700","40800","0","0","0","40800","1700"
"4420","イーソル","東証","20230316","日証金","確報","200","0","6100","0","100","400","5700","300"
"4421","ディ・アイ・システム","東証","20230316","日証金","確報","0","100","1400","0","0","0","1400","-100"
"4422","ＶＡＬＵＥＮＥＸ","東証","20230316","日証金","確報","600","100","12200","0","0","0","12200","500"
"4423","アルテリア","東証","20230316","日証金","確報","400","0","21700","0","0","0","21700","400"
"4424","Ａｍａｚｉａ","東証","20230316","日証金","確報","0","100","7900","0","0","2200","5700","-100"
"4425","Ｋｕｄａｎ","東証","20230316","日証金","確報","500","3900","157700","0","100","35000","122700","-3300"
"4427","ＥｄｕＬａｂ","東証","20230316","日証金","確報","1900","0","33000","0","0","0","33000","1900"
"4428","シノプス","東証","20230316","日証金","確報","0","0","900","0","0","0","900","0"
"4429","リックソフト","東証","20230316","日証金","確報","100","100","2600","0","0","0","2600","0"
"4430","東海ソフト","名証","20230316","日証金","確報","0","0","0","0","0","0","0","0"
"4430","東海ソフト","東証","20230316","日証金","確報","100","0","5700","0","0","0","5700","100"
"4431","スマレジ","東証","20230316","日証金","確報","6600","40700","23300","72800","2800","262000","-238700","-104100"
"4432","ウイングアーク１ｓｔ","東証","20230316","日証金","確報","0","400","3400","0","200","0","3400","-200"
"4433","ヒトコムＨＤ","東証","20230316","日証金","確報","100","0","1900","0","0","0","1900","100"
"4434","サーバーワークス","東証","20230316","日証金","確報","200","3200","31300","0","200","30600","700","-2800"
"4435","カオナビ","東証","20230316","日証金","確報","200","2000","6800","0","7000","3900","2900","5200"
"4436","ミンカブ","東証","20230316","日証金","確報","8200","6000","377000","100","100","424700","-47700","2200"
"4437","ＧＤＨ","東証","20230316","日証金","確報","0","0","3000","0","0","0","3000","0"
"4438","Ｗｅｌｂｙ","東証","20230316","日証金","確報","0","0","8000","0","0","0","8000","0"
"4439","東名","名証","20230316","日証金","確報","0","0","0","0","0","0","0","0"
"4439","東名","東証","20230316","日証金","確報","13800","0","38500","300","9900","116200","-77700","23400"
"4440","ヴィッツ","東証","20230316","日証金","確報","200","0","4000","0","0","0","4000","200"
"4441","トビラシステムズ","東証","20230316","日証金","確報","0","4700","9900","0","0","0","9900","-4700"
"4442","バルテス","東証","20230316","日証金","確報","0","400","12800","0","600","1000","11800","200"
"4443","Ｓａｎｓａｎ","東証","20230316","日証金","確報","4800","5200","79100","27100","25400","1018100","-939000","-2100"
"4444","インフォネット","東証","20230316","日証金","確報","4000","2700","13900","0","0","0","13900","1300"
"4445","リビンＴ","東証","20230316","日証金","確報","0","1200","3000","0","0","0","3000","-1200"
"4446","Ｌｉｎｋ－Ｕ","東証","20230316","日証金","確報","1600","0","6700","400","1900","10300","-3600","3100"
"4447","ピー・ビーシステムズ","東証","20230316","日証金","確報","2000","400","19300","0","0","2000","17300","1600"
"4447","ピー・ビーシステムズ","福証","20230316","日証金","確報","0","0","500","0","0","100","400","0"
"4448","Ｃｈａｔｗｏｒｋ","東証","20230316","日証金","確報","6200","14700","62900","42600","1200","553000","-490100","-49900"
"4449","ギフティ","東証","20230316","日証金","確報","2100","1000","17100","13600","46600","270800","-253700","34100"
"4450","ＰＳＯＬ","東証","20230316","日証金","確報","0","0","1300","0","0","0","1300","0"
"4452","花王","東証","20230316","日証金","確報","0","11000","62500","23500","0","26600","35900","-34500"
"4461","第一工業製薬","東証","20230316","日証金","確報","2700","0","16500","0","900","0","16500","3600"
"4462","石原ケミカル","東証","20230316","日証金","確報","0","100","1100","0","0","300","800","-100"
"4463","日華化学","名証","20230316","日証金","確報","0","0","0","0","0","0","0","0"
"4463","日華化学","東証","20230316","日証金","確報","100","0","2200","0","0","0","2200","100"
"4464","ソフト９９","東証","20230316","日証金","確報","0","0","2300","0","0","0","2300","0"
"4465","ニイタカ","東証","20230316","日証金","確報","200","0","1700","0","0","0","1700","200"
"4471","三洋化成工業","東証","20230316","日証金","確報","0","0","7200","0","0","200","7000","0"
"4475","ＨＥＮＮＧＥ","東証","20230316","日証金","確報","21300","22300","1242400","0","1000","1242400","0","0"
"4476","ＡＩ　ＣＲＯＳＳ","東証","20230316","日証金","確報","700","100","7700","0","0","0","7700","600"
"4477","ＢＡＳＥ","東証","20230316","日証金","確報","35700","35700","2700000","0","0","2700000","0","0"
"4478","フリー","東証","20230316","日証金","確報","0","13800","2900","91700","2000","206900","-204000","-103500"
"4479","マクアケ","東証","20230316","日証金","確報","0","500","16900","0","0","0","16900","-500"
"4480","メドレー","東証","20230316","日証金","確報","100","600","17200","3600","7700","185700","-168500","3600"
"4481","ベース","東証","20230316","日証金","確報","0","0","4300","0","2000","16400","-12100","2000"
"4482","ウィルズ","東証","20230316","日証金","確報","1800","400","8500","0","0","300","8200","1400"
"4483","ＪＭＤＣ","東証","20230316","日証金","確報","2300","2400","38000","100","200","38000","0","0"
"4484","ランサーズ","東証","20230316","日証金","確報","0","1200","22900","0","0","0","22900","-1200"
"4485","ＪＴＯＷＥＲ","東証","20230316","日証金","確報","500","3400","27600","0","0","1200","26400","-2900"
"4486","ユナイトアンドグロウ","東証","20230316","日証金","確報","200","1000","2800","0","0","0","2800","-800"
"4487","スペースマーケット","東証","20230316","日証金","確報","100","200","17800","0","0","0","17800","-100"
"4488","ＡＩ　ｉｎｓｉｄｅ","東証","20230316","日証金","確報","600","0","5900","0","0","0","5900","600"
"4489","ペイロール","東証","20230316","日証金","確報","3400","0","8600","0","0","0","8600","3400"
"4490","ビザスク","東証","20230316","日証金","確報","800","1300","8900","0","0","0","8900","-500"
"4491","Ｃマネージメント","東証","20230316","日証金","確報","0","0","1200","0","0","0","1200","0"
"4492","ゼネテック","東証","20230316","日証金","確報","0","0","2500","0","0","0","2500","0"
"4493","サイバーセキュリ","東証","20230316","日証金","確報","15400","0","90000","0","12000","54500","35500","27400"
"4494","バリオセキュア","東証","20230316","日証金","確報","0","0","1900","0","0","0","1900","0"
"4495","アイキューブド","東証","20230316","日証金","確報","200","0","2700","0","0","0","2700","200"
"4496","コマースワン","東証","20230316","日証金","確報","800","0","6400","0","0","0","6400","800"
"4498","サイバートラスト","東証","20230316","日証金","確報","200","0","5600","0","0","0","5600","200"
"4499","Ｓｐｅｅｅ","東証","20230316","日証金","確報","0","0","4600","0","0","0","4600","0"
"4502","武田薬品工業","名証","20230316","日証金","確報","0","0","0","0","0","0","0","0"
"4502","武田薬品工業","札証","20230316","日証金","確報","0","0","0","0","0","0","0","0"
"4502","武田薬品工業","東証","20230316","日証金","確報","16100","18100","28100","12400","27300","15200","12900","12900"
"4502","武田薬品工業","福証","20230316","日証金","確報","0","0","0","0","0","0","0","0"
"4503","アステラス製薬","東証","20230316","日証金","確報","29100","11200","97600","97600","0","97600","0","-79700"
"4506","住友ファーマ","東証","20230316","日証金","確報","5900","12700","138300","7300","0","7300","131000","-14100"
"4507","塩野義製薬","東証","20230316","日証金","確報","6800","14200","201000","0","0","0","201000","-7400"
"4512","わかもと製薬","東証","20230316","日証金","確報","200","300","16100","0","0","100","16000","-100"
"4516","日本新薬","東証","20230316","日証金","確報","0","100","21000","0","500","1900","19100","400"
"4519","中外製薬","東証","20230316","日証金","確報","7800","5000","58200","58200","0","58200","0","-55400"
"4521","科研製薬","東証","20230316","日証金","確報","200","200","1300","0","0","600","700","0"
"4523","エーザイ","東証","20230316","日証金","確報","5900","22200","84100","0","300","4300","79800","-16000"
"4524","森下仁丹","東証","20230316","日証金","確報","0","100","4700","0","0","0","4700","-100"
"4526","理研ビタミン","東証","20230316","日証金","確報","400","500","800","0","400","1000","-200","300"
"4527","ロート製薬","東証","20230316","日証金","確報","300","2600","6000","200","300","1800","4200","-2200"
"4528","小野薬品工業","東証","20230316","日証金","確報","1700","2000","43900","0","0","0","43900","-300"
"4530","久光製薬","名証","20230316","日証金","確報","0","0","0","0","0","0","0","0"
"4530","久光製薬","東証","20230316","日証金","確報","0","500","5600","0","0","0","5600","-500"
"4530","久光製薬","福証","20230316","日証金","確報","0","0","0","0","0","0","0","0"
"4531","有機合成薬品工業","東証","20230316","日証金","確報","1000","400","12500","0","0","0","12500","600"
"4534","持田製薬","東証","20230316","日証金","確報","0","0","700","100","0","1200","-500","-100"
"4536","参天製薬","東証","20230316","日証金","確報","6700","18700","7300","40600","0","40600","-33300","-52600"
"4538","扶桑薬品工業","東証","20230316","日証金","確報","100","0","500","0","0","0","500","100"
"4539","日本ケミファ","東証","20230316","日証金","確報","100","0","1300","0","0","0","1300","100"
"4540","ツムラ","東証","20230316","日証金","確報","0","300","14200","100","0","100","14100","-400"
"4541","日医工","東証","20230316","日証金","確報","0","12500","992500","0","0","0","992500","-12500"
"4543","テルモ","東証","20230316","日証金","確報","27900","4800","75300","75100","500","75300","0","-51500"
"4544","ＨＵグループＨＤ","東証","20230316","日証金","確報","100","200","2600","0","0","100","2500","-100"
"4547","キッセイ薬品工業","東証","20230316","日証金","確報","0","300","400","0","200","1100","-700","-100"
"4548","生化学工業","東証","20230316","日証金","確報","100","0","6000","0","0","0","6000","100"
"4549","栄研化学","東証","20230316","日証金","確報","300","0","16500","0","0","0","16500","300"
"4551","鳥居薬品","東証","20230316","日証金","確報","0","64800","150800","0","0","300","150500","-64800"
"4552","ＪＣＲファーマ","東証","20230316","日証金","確報","400","0","32500","0","0","0","32500","400"
"4553","東和薬品","東証","20230316","日証金","確報","200","0","5800","0","100","800","5000","300"
"4554","富士製薬工業","東証","20230316","日証金","確報","0","0","26000","0","0","0","26000","0"
"4556","カイノス","東証","20230316","日証金","確報","500","800","11700","0","0","0","11700","-300"
"4558","中京医薬品","東証","20230316","日証金","確報","400","0","22100","0","0","0","22100","400"
"4559","ゼリア新薬工業","東証","20230316","日証金","確報","1000","0","9100","0","100","300","8800","1100"
"4563","アンジェス","東証","20230316","日証金","確報","0","18800","617800","0","0","0","617800","-18800"
"4564","オンコセラピサイエン","東証","20230316","日証金","確報","137100","500","1569700","0","0","0","1569700","136600"
"4565","そーせいグループ","東証","20230316","日証金","確報","3700","2900","116400","100","0","2900","113500","700"
"4568","第一三共","東証","20230316","日証金","確報","20200","22100","27400","40000","4500","55500","-28100","-37400"
"4569","キョーリン製薬ＨＤ","東証","20230316","日証金","確報","0","0","5900","0","0","2000","3900","0"
"4570","免疫生物研究所","東証","20230316","日証金","確報","3500","24700","29900","0","0","0","29900","-21200"
"4571","ナノキャリア","東証","20230316","日証金","確報","0","5300","99100","0","0","0","99100","-5300"
"4572","カルナバイオサイエ","東証","20230316","日証金","確報","2700","0","70300","0","0","0","70300","2700"
"4574","大幸薬品","東証","20230316","日証金","確報","5000","4800","123200","700","12400","751300","-628100","11900"
"4575","キャンバス","東証","20230316","日証金","確報","200","6100","94200","0","0","0","94200","-5900"
"4576","デウエスタンセラピテ","東証","20230316","日証金","確報","500","10100","83500","0","0","0","83500","-9600"
"4577","ダイト","東証","20230316","日証金","確報","0","0","500","0","0","0","500","0"
"4578","大塚ホールディングス","東証","20230316","日証金","確報","4000","800","52900","19800","200","19900","33000","-16400"
"4579","ラクオリア創薬","東証","20230316","日証金","確報","2100","400","56800","0","0","0","56800","1700"
"4581","大正製薬ＨＤ","東証","20230316","日証金","確報","100","0","16900","300","100","1600","15300","-100"
"4582","シンバイオ製薬","東証","20230316","日証金","確報","0","3800","106900","0","0","0","106900","-3800"
"4583","カイオムバイオサイエ","東証","20230316","日証金","確報","6500","0","174600","0","0","0","174600","6500"
"4584","キッズウェル・バイオ","東証","20230316","日証金","確報","700","0","47700","0","0","0","47700","700"
"4586","メドレックス","東証","20230316","日証金","確報","0","11000","136300","0","0","0","136300","-11000"
"4587","ペプチドリーム","東証","20230316","日証金","確報","0","1500","89200","0","0","3000","86200","-1500"
"4588","オンコリスバイオ","東証","20230316","日証金","確報","1300","300","37000","0","0","0","37000","1000"
"4591","リボミック","東証","20230316","日証金","確報","100","600","355200","0","0","0","355200","-500"
"4592","サンバイオ","東証","20230316","日証金","確報","1300","200","111800","0","0","0","111800","1100"
"4593","ヘリオス","東証","20230316","日証金","確報","61700","2900","429500","0","600","100000","329500","59400"
"4594","ブライトパス・バイオ","東証","20230316","日証金","確報","14500","3400","548800","0","0","0","548800","11100"
"4595","ミズホメディー","東証","20230316","日証金","確報","0","200","12000","0","0","0","12000","-200"
"4596","窪田製薬ＨＤ","東証","20230316","日証金","確報","3800","300","164600","0","0","0","164600","3500"
"4597","ソレイジア・ファーマ","東証","20230316","日証金","確報","9900","9400","779600","0","0","0","779600","500"
"4598","ＤＥＬＴＡ－Ｐ","東証","20230316","日証金","確報","0","3100","63500","0","0","0","63500","-3100"
"4599","ステムリム","東証","20230316","日証金","確報","2600","0","59100","0","0","0","59100","2600"
"4611","大日本塗料","東証","20230316","日証金","確報","0","100","19800","0","800","2900","16900","700"
"4612","日本ペイントＨＤ","東証","20230316","日証金","確報","37700","14700","69000","108600","3500","119000","-50000","-82100"
"4613","関西ペイント","東証","20230316","日証金","確報","1400","0","31100","1000","810300","902200","-871100","810700"
"4615","神東塗料","東証","20230316","日証金","確報","800","300","27100","0","0","0","27100","500"
"4616","川上塗料","東証","20230316","日証金","確報","0","0","49700","0","0","0","49700","0"
"4617","中国塗料","東証","20230316","日証金","確報","600","200","5600","200","400","28800","-23200","600"
"4619","日本特殊塗料","東証","20230316","日証金","確報","0","600","2100","0","0","0","2100","-600"
"4620","藤倉化成","東証","20230316","日証金","確報","400","800","11900","0","0","2000","9900","-400"
"4621","ロックペイント","東証","20230316","日証金","確報","0","200","400","0","0","0","400","-200"
"4623","アサヒペン","東証","20230316","日証金","確報","0","0","800","0","0","0","800","0"
"4624","イサム塗料","東証","20230316","日証金","確報","0","300","300","0","0","0","300","-300"
"4625","アトミクス","東証","20230316","日証金","確報","0","0","400","0","0","0","400","0"
"4626","太陽ホールディングス","東証","20230316","日証金","確報","0","0","3400","100","0","400","3000","-100"
"4627","ナトコ","東証","20230316","日証金","確報","0","0","0","0","0","0","0","0"
"4628","エスケー化研","東証","20230316","日証金","確報","0","0","0","0","0","0","0","0"
"4629","大伸化学","東証","20230316","日証金","確報","0","0","700","0","0","0","700","0"
"4631","ＤＩＣ","東証","20230316","日証金","確報","1300","900","17700","1100","0","1100","16600","-700"
"4633","サカタインクス","東証","20230316","日証金","確報","300","200","3500","0","0","100","3400","100"
"4634","東洋インキＳＣ　ＨＤ","東証","20230316","日証金","確報","400","0","6000","100","0","3500","2500","300"
"4635","東京インキ","東証","20230316","日証金","確報","1100","0","2400","0","0","0","2400","1100"
"4636","Ｔ＆Ｋ　ＴＯＫＡ","東証","20230316","日証金","確報","3500","2200","80300","0","0","2100","78200","1300"
"4641","アルプス技研","東証","20230316","日証金","確報","200","100","2300","0","400","2300","0","500"
"4642","オリジナル設計","東証","20230316","日証金","確報","0","0","1100","0","0","0","1100","0"
"4644","イマジニア","東証","20230316","日証金","確報","0","0","137800","0","600","65600","72200","600"
"4645","市進ホールディングス","東証","20230316","日証金","確報","0","0","100","0","0","0","100","0"
"4650","ＳＤエンター","東証","20230316","日証金","確報","0","0","5400","0","0","0","5400","0"
"4651","サニックス","東証","20230316","日証金","確報","0","2500","47100","1200","2500","4200","42900","-1200"
"4651","サニックス","福証","20230316","日証金","確報","0","0","0","0","0","0","0","0"
"4657","環境管理センター","東証","20230316","日証金","確報","0","0","6500","0","0","0","6500","0"
"4658","日本空調サービス","名証","20230316","日証金","確報","0","0","0","0","0","0","0","0"
"4658","日本空調サービス","東証","20230316","日証金","確報","100","0","3000","0","100","2100","900","200"
"4659","エイジス","東証","20230316","日証金","確報","0","0","24400","0","0","0","24400","0"
"4661","オリエンタルランド","東証","20230316","日証金","確報","100","7400","29900","1500","600","7000","22900","-8200"
"4662","フォーカスシステムズ","東証","20230316","日証金","確報","500","0","7000","0","0","0","7000","500"
"4664","アール・エス・シー","東証","20230316","日証金","確報","0","0","5600","0","0","0","5600","0"
"4665","ダスキン","東証","20230316","日証金","確報","0","0","1100","100","1600","23400","-22300","1500"
"4666","パーク二四","東証","20230316","日証金","確報","12800","2200","81600","0","0","0","81600","10600"
"4667","アイサンテクノロジー","東証","20230316","日証金","確報","1000","100","6000","0","0","0","6000","900"
"4668","明光ネットワクジャパ","東証","20230316","日証金","確報","0","0","1100","0","200","200","900","200"
"4671","ファルコＨＤ","東証","20230316","日証金","確報","200","0","13600","0","900","1900","11700","1100"
"4673","川崎地質","東証","20230316","日証金","確報","0","200","600","0","0","0","600","-200"
"4674","クレスコ","東証","20230316","日証金","確報","200","1600","5200","0","0","0","5200","-1400"
"4676","フジ・メディア・ＨＤ","東証","20230316","日証金","確報","1500","6200","146900","0","200","4500","142400","-4500"
"4678","秀英予備校","東証","20230316","日証金","確報","100","300","300","0","500","27400","-27100","300"
"4679","田谷","東証","20230316","日証金","確報","0","0","1300","0","0","0","1300","0"
"4680","ラウンドワン","東証","20230316","日証金","確報","102000","513300","1206400","0","39300","0","1206400","-372000"
"4681","リゾートトラスト","名証","20230316","日証金","確報","0","0","0","0","0","0","0","0"
"4681","リゾートトラスト","東証","20230316","日証金","確報","1100","1600","39400","0","0","0","39400","-500"
"4684","オービック","東証","20230316","日証金","確報","0","500","2100","0","0","0","2100","-500"
"4685","菱友システムズ","東証","20230316","日証金","確報","0","0","0","0","0","0","0","0"
"4686","ジャストシステム","東証","20230316","日証金","確報","200","100","4000","0","0","1400","2600","100"
"4687","ＴＤＣソフト","東証","20230316","日証金","確報","200","1000","4900","0","0","300","4600","-800"
"4689","Ｚホールディングス","東証","20230316","日証金","確報","104000","97100","913600","102200","12300","131000","782600","-83000"
"4690","日本パレットプール","東証","20230316","日証金","確報","0","100","6500","0","0","0","6500","-100"
"4691","ワシントンホテル","名証","20230316","日証金","確報","0","0","0","0","0","0","0","0"
"4691","ワシントンホテル","東証","20230316","日証金","確報","600","1700","14500","0","0","0","14500","-1100"
"4694","ビー・エム・エル","東証","20230316","日証金","確報","500","0","5700","100","0","400","5300","400"
"4704","トレンドマイクロ","東証","20230316","日証金","確報","4800","5500","16200","14800","300","16200","0","-15200"
"4705","クリップコーポ","東証","20230316","日証金","確報","0","0","2100","0","0","0","2100","0"
"4707","キタック","東証","20230316","日証金","確報","500","0","31400","0","0","0","31400","500"
"4708","りらいあ","東証","20230316","日証金","確報","3500","1000","20700","0","0","0","20700","2500"
"4709","ＩＤホールディングス","東証","20230316","日証金","確報","0","0","5900","0","0","0","5900","0"
"4712","ＫｅｙＨｏｌｄｅｒ","東証","20230316","日証金","確報","1900","200","24900","0","0","10700","14200","1700"
"4714","リソー教育","東証","20230316","日証金","確報","5800","0","35000","0","5700","21000","14000","11500"
"4716","日本オラクル","東証","20230316","日証金","確報","200","0","1500","100","300","900","600","400"
"4718","早稲田アカデミー","東証","20230316","日証金","確報","100","200","3000","400","500","3000","0","0"
"4719","アルファシステムズ","東証","20230316","日証金","確報","0","200","100","0","0","0","100","-200"
"4720","城南進学研究社","東証","20230316","日証金","確報","0","0","900","0","0","0","900","0"
"4722","フューチャー","東証","20230316","日証金","確報","2400","900","26000","0","3300","26000","0","4800"
"4725","ＣＡＣＨＤ","東証","20230316","日証金","確報","200","0","3100","0","0","200","2900","200"
"4726","ＳＢテクノロジー","東証","20230316","日証金","確報","0","100","4200","0","0","0","4200","-100"
"4728","トーセ","東証","20230316","日証金","確報","0","0","3700","0","0","0","3700","0"
"4732","ユー・エス・エス","名証","20230316","日証金","確報","0","0","0","0","0","0","0","0"
"4732","ユー・エス・エス","東証","20230316","日証金","確報","200","100","4000","200","100","4000","0","0"
"4733","オービックＢＣ","東証","20230316","日証金","確報","0","0","2200","0","0","0","2200","0"
"4735","京進","東証","20230316","日証金","確報","0","0","2300","0","0","0","2300","0"
"4736","日本ラッド","東証","20230316","日証金","確報","0","0","9300","0","0","0","9300","0"
"4739","伊藤忠テクノソリュシ","東証","20230316","日証金","確報","0","100","18000","0","200","4900","13100","100"
"4743","アイティフォー","東証","20230316","日証金","確報","0","0","140100","0","0","1000","139100","0"
"4745","東京個別指導学院","東証","20230316","日証金","確報","600","0","43600","800","8000","140600","-97000","7800"
"4746","東計電算","東証","20230316","日証金","確報","200","200","900","0","200","700","200","200"
"4748","構造計画研究所","東証","20230316","日証金","確報","0","0","400","0","0","0","400","0"
"4750","ダイサン","東証","20230316","日証金","確報","0","0","2700","0","0","500","2200","0"
"4751","サイバーエージェント","東証","20230316","日証金","確報","0","23600","162600","6100","1000","43800","118800","-28700"
"4752","昭和システム","東証","20230316","日証金","確報","0","0","2300","0","0","0","2300","0"
"4754","トスネット","東証","20230316","日証金","確報","0","0","500","0","0","0","500","0"
"4755","楽天グループ","東証","20230316","日証金","確報","224800","0","2963000","20500","49800","2167200","795800","254100"
"4760","アルファ","東証","20230316","日証金","確報","200","100","1500","0","0","0","1500","100"
"4761","さくらケーシーエス","東証","20230316","日証金","確報","0","0","500","0","0","0","500","0"
"4762","エックスネット","東証","20230316","日証金","確報","0","0","900","0","0","0","900","0"
"4763","クリーク＆リバー社","東証","20230316","日証金","確報","200","0","5900","0","0","0","5900","200"
"4765","モーニングスター","東証","20230316","日証金","確報","200","4400","46000","0","100","2200","43800","-4100"
"4766","ピーエイ","東証","20230316","日証金","確報","5200","0","12400","0","0","0","12400","5200"
"4767","テーオーダブリュー","東証","20230316","日証金","確報","0","800","19200","0","0","0","19200","-800"
"4768","大塚商会","東証","20230316","日証金","確報","2100","0","4300","4900","500","5500","-1200","-2300"
"4769","ＩＣ","東証","20230316","日証金","確報","0","0","500","0","0","300","200","0"
"4770","図研エルミック","東証","20230316","日証金","確報","8200","2300","81500","0","0","0","81500","5900"
"4771","エフアンドエム","東証","20230316","日証金","確報","200","0","4200","300","100","4200","0","0"
"4772","ストリームメディ","東証","20230316","日証金","確報","200","7600","64900","0","0","0","64900","-7400"
"4776","サイボウズ","東証","20230316","日証金","確報","1700","1000","20000","33000","12300","876900","-856900","-20000"
"4777","ガーラ","東証","20230316","日証金","確報","0","1500","38500","0","0","0","38500","-1500"
"4781","日本ハウズイング","東証","20230316","日証金","確報","0","0","200","0","0","0","200","0"
"4783","日本コンピュータＤ","東証","20230316","日証金","確報","100","1200","12300","200","700","1700","10600","-600"
"4784","ＧＭＯアドパートナー","東証","20230316","日証金","確報","100","0","19200","0","0","0","19200","100"
"4792","山田コンサルティング","東証","20230316","日証金","確報","3800","5000","13500","0","8400","6300","7200","7200"
"4800","オリコン","東証","20230316","日証金","確報","0","0","4000","0","0","100","3900","0"
"4801","セントラルスポーツ","東証","20230316","日証金","確報","0","0","600","0","0","0","600","0"
"4809","パラカ","東証","20230316","日証金","確報","100","0","900","0","0","0","900","100"
"4812","電通国際情報サービス","東証","20230316","日証金","確報","500","100","1400","1100","300","8300","-6900","-400"
"4813","ＡＣＣＥＳＳ","東証","20230316","日証金","確報","5500","0","16000","0","5100","3300","12700","10600"
"4814","ネクストウェア","東証","20230316","日証金","確報","23000","200","458300","0","0","0","458300","22800"
"4816","東映アニメーション","東証","20230316","日証金","確報","200","600","6100","200","0","300","5800","-600"
"4819","デジタルガレージ","東証","20230316","日証金","確報","11700","0","12000","0","3100","10500","1500","14800"
"4820","イーエムシステムズ","東証","20230316","日証金","確報","0","300","4100","100","100","4000","100","-300"
"4824","メディアシーク","東証","20230316","日証金","確報","0","200","22100","0","0","0","22100","-200"
"4825","ウェザーニューズ","東証","20230316","日証金","確報","1000","3300","5000","1700","100","6700","-1700","-3900"
"4826","シー・アイ・ジェイ","東証","20230316","日証金","確報","200","1100","4300","100","5300","4300","0","4300"
"4827","ビジネス・ワンＨＤ","福証","20230316","日証金","確報","0","0","400","0","0","0","400","0"
"4828","ビーエンジ","東証","20230316","日証金","確報","0","600","5600","0","400","6300","-700","-200"
"4829","日本エンタープライズ","東証","20230316","日証金","確報","400","0","24100","2100","4200","7300","16800","2500"
"4832","ＪＦＥシステムズ","東証","20230316","日証金","確報","0","0","500","0","0","0","500","0"
"4833","サクセスＨ","東証","20230316","日証金","確報","1500","4100","46400","0","0","0","46400","-2600"
"4834","キャリアバンク","札証","20230316","日証金","確報","0","0","0","0","0","0","0","0"
"4837","シダックス","東証","20230316","日証金","確報","10700","700","63400","0","0","0","63400","10000"
"4838","スペースシャワー","東証","20230316","日証金","確報","0","0","1000","0","0","0","1000","0"
"4839","ワウワウ","東証","20230316","日証金","確報","3500","2300","26200","100","300","26200","0","1400"
"4840","トライアイズ","東証","20230316","日証金","確報","0","0","1200","0","0","0","1200","0"
"4845","スカラ","東証","20230316","日証金","確報","0","500","6900","0","500","1600","5300","0"
"4847","インテリジェントウェ","東証","20230316","日証金","確報","100","400","41100","0","0","1700","39400","-300"
"4848","フルキャストＨＤ","東証","20230316","日証金","確報","300","400","4700","0","0","2700","2000","-100"
"4849","エン・ジャパン","東証","20230316","日証金","確報","0","500","9000","0","0","0","9000","-500"
"4875","メディシノバ・インク","東証","20230316","日証金","確報","0","500","108100","0","0","0","108100","-500"
"4880","セルソース","東証","20230316","日証金","確報","300","200","62400","0","0","0","62400","100"
"4881","ファンペップ","東証","20230316","日証金","確報","100","23800","77900","0","0","0","77900","-23700"
"4882","ペルセウス","東証","20230316","日証金","確報","2300","400","33400","0","0","0","33400","1900"
"4883","モダリス","東証","20230316","日証金","確報","8800","300","38700","0","0","0","38700","8500"
"4884","クリングルファーマ","東証","20230316","日証金","確報","1000","900","22000","0","0","0","22000","100"
"4885","室町ケミカル","東証","20230316","日証金","確報","0","0","5700","0","0","0","5700","0"
"4886","あすか製薬ＨＤ","東証","20230316","日証金","確報","0","500","43300","0","0","0","43300","-500"
"4887","サワイグループＨＤ","東証","20230316","日証金","確報","100","2300","3700","0","0","0","3700","-2200"
"4888","ステラファーマ","東証","20230316","日証金","確報","700","2400","39300","0","0","0","39300","-1700"
"4889","レナサイエンス","東証","20230316","日証金","確報","3400","0","32300","0","0","0","32300","3400"
"4890","坪田ラボ","東証","20230316","日証金","確報","1900","1400","83300","0","0","0","83300","500"
"4891","ティムス","東証","20230316","日証金","確報","0","2400","47300","0","0","0","47300","-2400"
"4892","サイフューズ","東証","20230316","日証金","確報","14600","7100","93500","0","0","0","93500","7500"
"4901","富士フイルムＨＤ","東証","20230316","日証金","確報","1400","21900","51500","15000","0","15000","36500","-35500"
"4902","コニカミノルタ","東証","20230316","日証金","確報","56100","40400","133900","28600","51400","95400","38500","38500"
"4911","資生堂","東証","20230316","日証金","確報","6400","6200","58500","15100","3800","15100","43400","-11100"
"4912","ライオン","東証","20230316","日証金","確報","0","1400","7500","500","0","500","7000","-1900"
"4914","高砂香料工業","東証","20230316","日証金","確報","800","200","6200","0","0","1100","5100","600"
"4917","マンダム","東証","20230316","日証金","確報","600","0","9700","100","0","200","9500","500"
"4918","アイビー化粧品","東証","20230316","日証金","確報","200","0","7600","0","0","0","7600","200"
"4919","ミルボン","東証","20230316","日証金","確報","0","0","5200","100","0","800","4400","-100"
"4920","日本色材工業研究所","東証","20230316","日証金","確報","0","100","2300","0","0","0","2300","-100"
"4921","ファンケル","東証","20230316","日証金","確報","800","500","7000","100","0","1000","6000","200"
"4922","コーセー","東証","20230316","日証金","確報","500","1300","11900","400","1200","11900","0","0"
"4923","コタ","東証","20230316","日証金","確報","100","0","9900","0","0","600","9300","100"
"4925","ハーバー研究所","東証","20230316","日証金","確報","0","200","700","0","0","0","700","-200"
"4926","シーボン","東証","20230316","日証金","確報","0","0","300","0","0","0","300","0"
"4927","ポーラオルビスＨＤ","東証","20230316","日証金","確報","500","500","15800","4500","0","4500","11300","-4500"
"4928","ノエビアＨＤ","東証","20230316","日証金","確報","0","0","1200","100","0","1500","-300","-100"
"4929","アジュバンＨＤ","東証","20230316","日証金","確報","0","0","0","161600","3100","248100","-248100","-158500"
"4930","グラフィコ","東証","20230316","日証金","確報","300","0","1200","0","0","0","1200","300"
"4931","新日本製薬","東証","20230316","日証金","確報","100","0","1500","0","0","0","1500","100"
"4932","アルマード","東証","20230316","日証金","確報","600","500","37700","0","0","0","37700","100"
"4933","Ｉ－ｎｅ","東証","20230316","日証金","確報","1200","0","5900","0","0","0","5900","1200"
"4934","Ｐアンチエイジ","東証","20230316","日証金","確報","21600","21200","227500","1000","600","227500","0","0"
"4935","リベルタ","東証","20230316","日証金","確報","200","200","5900","0","0","0","5900","0"
"4936","アクシージア","東証","20230316","日証金","確報","900","0","46400","100","100","100","46300","900"
"4937","Ｗａｑｏｏ","東証","20230316","日証金","確報","0","0","8300","0","0","0","8300","0"
"4951","エステー","東証","20230316","日証金","確報","0","100","1000","100","0","200","800","-200"
"4955","アグロ　カネショウ","東証","20230316","日証金","確報","100","300","500","0","100","1000","-500","-100"
"4956","コニシ","東証","20230316","日証金","確報","0","100","1500","0","300","500","1000","200"
"4957","ヤスハラケミカル","東証","20230316","日証金","確報","0","0","3500","0","0","0","3500","0"
"4958","長谷川香料","東証","20230316","日証金","確報","300","0","1100","0","0","0","1100","300"
"4960","ケミプロ化成","東証","20230316","日証金","確報","0","0","7100","0","0","0","7100","0"
"4963","星光ＰＭＣ","東証","20230316","日証金","確報","300","2700","13700","0","0","0","13700","-2400"
"4966","上村工業","東証","20230316","日証金","確報","0","0","300","0","0","0","300","0"
"4967","小林製薬","東証","20230316","日証金","確報","0","500","14600","200","0","5300","9300","-700"
"4968","荒川化学工業","東証","20230316","日証金","確報","1000","300","4300","800","100","4300","0","0"
"4970","東洋合成工業","東証","20230316","日証金","確報","200","0","5100","0","0","0","5100","200"
"4971","メック","東証","20230316","日証金","確報","0","800","13200","0","100","0","13200","-700"
"4972","綜研化学","東証","20230316","日証金","確報","0","0","700","0","0","0","700","0"
"4973","日本高純度化学","東証","20230316","日証金","確報","200","0","500","0","0","0","500","200"
"4974","タカラバイオ","東証","20230316","日証金","確報","0","500","21600","0","0","0","21600","-500"
"4975","ＪＣＵ","東証","20230316","日証金","確報","0","0","1300","0","100","300","1000","100"
"4976","東洋ドライルーブ","東証","20230316","日証金","確報","0","0","300","0","0","0","300","0"
"4977","新田ゼラチン","東証","20230316","日証金","確報","1000","400","38500","100","0","100","38400","500"
"4978","リプロセル","東証","20230316","日証金","確報","200","4700","177100","0","0","0","177100","-4500"
"4979","ＯＡＴアグリオ","東証","20230316","日証金","確報","100","500","27300","0","0","0","27300","-400"
"4980","デクセリアルズ","東証","20230316","日証金","確報","1300","0","48100","0","0","800","47300","1300"
"4985","アース製薬","東証","20230316","日証金","確報","0","300","6300","0","0","200","6100","-300"
"4987","寺岡製作所","東証","20230316","日証金","確報","100","100","7300","0","0","0","7300","0"
"4990","昭和化学工業","東証","20230316","日証金","確報","200","0","3400","0","0","0","3400","200"
"4992","北興化学工業","東証","20230316","日証金","確報","500","2400","9700","0","0","0","9700","-1900"
"4994","大成ラミック","東証","20230316","日証金","確報","0","0","500","200","0","600","-100","-200"
"4995","サンケイ化学","福証","20230316","日証金","確報","0","0","0","0","0","0","0","0"
"4996","クミアイ化学工業","東証","20230316","日証金","確報","1400","5700","77100","0","0","2000","75100","-4300"
"4997","日本農薬","東証","20230316","日証金","確報","300","400","158100","0","0","131400","26700","-100"
"4998","フマキラー","東証","20230316","日証金","確報","0","0","5600","0","0","200","5400","0"
"5009","富士興産","東証","20230316","日証金","確報","100","0","8900","0","300","800","8100","400"
"5010","日本精蝋","東証","20230316","日証金","確報","100","800","53700","0","0","0","53700","-700"
"5011","ニチレキ","東証","20230316","日証金","確報","300","600","15500","0","0","600","14900","-300"
"5013","ユシロ化学工業","東証","20230316","日証金","確報","400","1100","18100","0","0","0","18100","-700"
"5015","ビーピーカストロール","東証","20230316","日証金","確報","0","0","4800","0","0","0","4800","0"
"5017","富士石油","東証","20230316","日証金","確報","4000","2000","167300","0","0","0","167300","2000"
"5018","ＭＯＲＥＳＣＯ","東証","20230316","日証金","確報","0","500","3200","100","0","3000","200","-600"
"5019","出光興産","東証","20230316","日証金","確報","3000","8200","69800","400","2500","1500","68300","-3100"
"5020","ＥＮＥＯＳ","名証","20230316","日証金","確報","0","0","0","0","0","0","0","0"
"5020","ＥＮＥＯＳ","東証","20230316","日証金","確報","49600","58600","585800","0","0","0","585800","-9000"
"5021","コスモエネルギーＨＤ","東証","20230316","日証金","確報","800","1700","39200","0","600","8700","30500","-300"
"5025","マーキュリーＲＩ","東証","20230316","日証金","確報","300","0","6200","0","0","0","6200","300"
"5026","トリプルアイズ","東証","20230316","日証金","確報","800","200","14100","0","0","0","14100","600"
"5028","セカンドサイト","東証","20230316","日証金","確報","100","0","18800","0","0","0","18800","100"
"5029","サークレイス","東証","20230316","日証金","確報","0","0","7000","0","0","0","7000","0"
"5031","モイ","東証","20230316","日証金","確報","300","600","36800","0","0","0","36800","-300"
"5032","ＡＮＹＣＯＬＯＲ","東証","20230316","日証金","確報","4000","1800","156800","0","0","0","156800","2200"
"5033","ヌーラボ","東証","20230316","日証金","確報","100","0","3600","0","0","200","3400","100"
"5034","ｕｎｅｒｒｙ","東証","20230316","日証金","確報","2300","900","21100","0","0","0","21100","1400"
"5035","ＨＯＵＳＥＩ","東証","20230316","日証金","確報","0","800","57200","0","0","0","57200","-800"
"5036","日本ビジネスシステム","東証","20230316","日証金","確報","0","0","1600","0","0","0","1600","0"
"5038","ｅＷｅＬＬ","東証","20230316","日証金","確報","1100","900","8600","0","0","0","8600","200"
"5039","キットアライブ","札証","20230316","日証金","確報","0","0","2400","0","0","0","2400","0"
"5070","ドラフト","東証","20230316","日証金","確報","0","0","6900","100","0","100","6800","-100"
"5071","ヴィス","東証","20230316","日証金","確報","1200","0","15100","0","0","700","14400","1200"
"5074","テスホールディングス","東証","20230316","日証金","確報","100","300","19900","0","0","0","19900","-200"
"5075","アップコン","名証","20230316","日証金","確報","0","100","300","0","0","0","300","-100"
"5076","インフロニアＨＤ","東証","20230316","日証金","確報","10400","7600","17400","189400","10400","216700","-199300","-176200"
"5078","セレコーポレーション","東証","20230316","日証金","確報","0","0","2400","0","0","0","2400","0"
"5079","ノバック","東証","20230316","日証金","確報","300","0","300","0","0","0","300","300"
"5101","横浜ゴム","東証","20230316","日証金","確報","35000","300","36100","9700","75900","119600","-83500","100900"
"5103","昭和ホールディングス","東証","20230316","日証金","確報","0","0","16500","0","0","0","16500","0"
"5104","日東化工","東証","20230316","日証金","確報","0","1900","100","0","0","0","100","-1900"
"5105","ＴＯＹＯ　ＴＩＲＥ","東証","20230316","日証金","確報","4300","100","46500","0","9100","2200","44300","13300"
"5108","ブリヂストン","東証","20230316","日証金","確報","14400","2500","29600","21500","6200","34900","-5300","-3400"
"5108","ブリヂストン","福証","20230316","日証金","確報","0","0","0","0","0","0","0","0"
"5110","住友ゴム工業","東証","20230316","日証金","確報","7200","300","26700","0","16600","1900","24800","23500"
"5121","藤倉コンポジット","東証","20230316","日証金","確報","2200","2900","72600","0","0","17400","55200","-700"
"5122","オカモト","東証","20230316","日証金","確報","900","0","1600","0","1300","300","1300","2200"
"5125","ファインズ","東証","20230316","日証金","確報","400","0","25900","0","0","0","25900","400"
"5126","ポーターズ","東証","20230316","日証金","確報","600","0","10800","0","0","0","10800","600"
"5127","グッピーズ","東証","20230316","日証金","確報","0","1200","11600","0","0","0","11600","-1200"
"5128","ワオワールドＧ","東証","20230316","日証金","確報","0","0","2400","0","0","0","2400","0"
"5129","ＦＩＸＥＲ","東証","20230316","日証金","確報","3100","3400","58500","0","0","0","58500","-300"
"5131","リンカーズ","東証","20230316","日証金","確報","2300","8600","112000","0","0","0","112000","-6300"
"5132","ｐｌｕｓｚｅｒｏ","東証","20230316","日証金","確報","4300","500","17600","0","0","0","17600","3800"
"5133","テリロジーＨＤ","東証","20230316","日証金","確報","0","0","4300","0","0","0","4300","0"
"5134","ＰＯＰＥＲ","東証","20230316","日証金","確報","0","400","22700","0","0","0","22700","-400"
"5136","ｔｒｉｐｌａ","東証","20230316","日証金","確報","0","32400","30400","0","0","0","30400","-32400"
"5137","スマートドライブ","東証","20230316","日証金","確報","1200","500","17700","0","0","0","17700","700"
"5138","Ｒｅｂａｓｅ","東証","20230316","日証金","確報","500","600","10100","0","0","0","10100","-100"
"5139","オープンワーク","東証","20230316","日証金","確報","200","0","3900","0","0","0","3900","200"
"5142","アキレス","東証","20230316","日証金","確報","0","0","13500","100","100","1600","11900","0"
"5161","西川ゴム工業","東証","20230316","日証金","確報","100","100","2400","0","0","0","2400","0"
"5162","朝日ラバー","東証","20230316","日証金","確報","0","100","5300","0","0","0","5300","-100"
"5184","ニチリン","東証","20230316","日証金","確報","0","0","2600","0","900","2100","500","900"
"5185","フコク","東証","20230316","日証金","確報","0","200","6200","0","100","100","6100","-100"
"5186","ニッタ","東証","20230316","日証金","確報","100","0","900","0","0","600","300","100"
"5187","クリエートメディック","東証","20230316","日証金","確報","200","0","2700","0","0","0","2700","200"
"5189","櫻護謨","東証","20230316","日証金","確報","0","100","1100","0","0","0","1100","-100"
"5191","住友理工","名証","20230316","日証金","確報","0","0","0","0","0","0","0","0"
"5191","住友理工","東証","20230316","日証金","確報","3400","0","8800","0","2000","100","8700","5400"
"5192","三ツ星ベルト","東証","20230316","日証金","確報","1300","1300","9900","0","4400","300","9600","4400"
"5194","相模ゴム工業","東証","20230316","日証金","確報","0","0","17700","0","0","0","17700","0"
"5195","バンドー化学","東証","20230316","日証金","確報","0","300","4800","0","100","0","4800","-200"
"5199","不二ラテックス","東証","20230316","日証金","確報","0","0","700","0","0","0","700","0"
"5201","ＡＧＣ","東証","20230316","日証金","確報","9700","4100","47000","0","14900","26000","21000","20500"
"5202","日本板硝子","東証","20230316","日証金","確報","111400","154300","205000","0","71900","205000","0","29000"
"5204","石塚硝子","名証","20230316","日証金","確報","0","0","0","100","0","100","-100","-100"
"5204","石塚硝子","東証","20230316","日証金","確報","0","900","10000","84300","100","107000","-97000","-85100"
"5208","有沢製作所","東証","20230316","日証金","確報","2800","0","29600","0","500","8300","21300","3300"
"5210","日本山村硝子","東証","20230316","日証金","確報","200","1300","23500","0","100","1500","22000","-1000"
"5212","不二硝子","東証","20230316","日証金","確報","900","900","5400","0","0","0","5400","0"
"5214","日本電気硝子","東証","20230316","日証金","確報","0","5900","17800","200","600","5300","12500","-5500"
"5216","倉元製作所","東証","20230316","日証金","確報","21900","0","58700","0","0","0","58700","21900"
"5217","テクノクオーツ","東証","20230316","日証金","確報","0","0","4300","0","0","0","4300","0"
"5218","オハラ","東証","20230316","日証金","確報","1000","0","20000","0","100","1300","18700","1100"
"5232","住友大阪セメント","東証","20230316","日証金","確報","700","1800","19900","2200","2200","43700","-23800","-1100"
"5233","太平洋セメント","東証","20230316","日証金","確報","1600","2100","67500","2500","3400","30600","36900","400"
"5233","太平洋セメント","福証","20230316","日証金","確報","0","0","0","0","0","0","0","0"
"5237","ノザワ","東証","20230316","日証金","確報","100","200","8800","0","0","5100","3700","-100"
"5240","ｍｏｎｏＡＩ","東証","20230316","日証金","確報","5200","1600","91800","0","0","0","91800","3600"
"5242","アイズ","東証","20230316","日証金","確報","0","100","2800","0","0","0","2800","-100"
"5243","ｎｏｔｅ","東証","20230316","日証金","確報","7000","1600","76000","0","0","0","76000","5400"
"5244","ｊｉｇ．ｊｐ","東証","20230316","日証金","確報","200","200","31000","0","0","0","31000","0"
"5246","ＥＬＥＭＥＮＴＳ","東証","20230316","日証金","確報","4400","41400","80500","0","0","0","80500","-37000"
"5247","ＢＴＭ","東証","20230316","日証金","確報","800","600","11600","0","0","0","11600","200"
"5248","テクノロジーズ","東証","20230316","日証金","確報","3600","400","22000","0","0","0","22000","3200"
"5250","プライムストラテジー","東証","20230316","日証金","確報","2000","600","31600","0","0","0","31600","1400"
"5261","リソルＨＤ","東証","20230316","日証金","確報","0","0","800","0","0","0","800","0"
"5262","日本ヒューム","東証","20230316","日証金","確報","0","0","4700","0","0","900","3800","0"
"5268","旭コンクリート工業","東証","20230316","日証金","確報","0","100","400","0","0","0","400","-100"
"5269","日本コンクリート工業","東証","20230316","日証金","確報","0","3900","46600","0","900","100","46500","-3000"
"5271","トーヨーアサノ","東証","20230316","日証金","確報","0","0","100","0","0","0","100","0"
"5273","三谷セキサン","東証","20230316","日証金","確報","0","0","100","0","100","2700","-2600","100"
"5277","スパンクリート","東証","20230316","日証金","確報","0","0","3000","0","0","0","3000","0"
"5279","日本興業","東証","20230316","日証金","確報","100","0","500","0","0","0","500","100"
"5280","ヨシコン","東証","20230316","日証金","確報","0","0","5500","0","0","0","5500","0"
"5282","ジオスター","東証","20230316","日証金","確報","100","0","8900","0","0","0","8900","100"
"5283","高見澤","東証","20230316","日証金","確報","100","0","800","0","0","0","800","100"
"5284","ヤマウＨＤ","東証","20230316","日証金","確報","300","0","3100","0","0","0","3100","300"
"5285","ヤマックス","東証","20230316","日証金","確報","200","0","33600","0","0","0","33600","200"
"5287","イトーヨーギョー","東証","20230316","日証金","確報","0","0","3300","0","0","0","3300","0"
"5288","アジアパイルＨＤ","東証","20230316","日証金","確報","200","2100","20600","0","0","0","20600","-1900"
"5290","ベルテクス","東証","20230316","日証金","確報","200","0","3000","0","0","0","3000","200"
"5301","東海カーボン","東証","20230316","日証金","確報","700","20500","95200","100","1000","8300","86900","-18900"
"5302","日本カーボン","東証","20230316","日証金","確報","500","600","9300","0","0","100","9200","-100"
"5304","ＳＥＣカーボン","東証","20230316","日証金","確報","300","300","6900","0","0","0","6900","0"
"5310","東洋炭素","東証","20230316","日証金","確報","500","1000","11700","100","200","900","10800","-400"
"5331","ノリタケ","名証","20230316","日証金","確報","0","0","0","0","0","0","0","0"
"5331","ノリタケ","東証","20230316","日証金","確報","500","300","4600","100","300","2000","2600","400"
"5332","ＴＯＴＯ","名証","20230316","日証金","確報","0","0","0","0","0","0","0","0"
"5332","ＴＯＴＯ","東証","20230316","日証金","確報","6100","1400","16500","8600","0","9200","7300","-3900"
"5332","ＴＯＴＯ","福証","20230316","日証金","確報","0","0","0","0","0","0","0","0"
"5333","日本碍子","名証","20230316","日証金","確報","0","0","0","0","0","0","0","0"
"5333","日本碍子","東証","20230316","日証金","確報","2100","1200","19100","18900","0","19100","0","-18000"
"5334","日本特殊陶業","名証","20230316","日証金","確報","0","0","0","0","0","0","0","0"
"5334","日本特殊陶業","東証","20230316","日証金","確報","27900","1000","123600","0","0","300","123300","26900"
"5337","ダントーＨＤ","東証","20230316","日証金","確報","17300","1200","100400","0","0","0","100400","16100"
"5341","アサヒ衛陶","東証","20230316","日証金","確報","2100","300","150700","0","0","0","150700","1800"
"5342","ジャニス工業","名証","20230316","日証金","確報","0","0","600","0","0","0","600","0"
"5343","ニッコー","名証","20230316","日証金","確報","0","0","7900","0","0","0","7900","0"
"5344","ＭＡＲＵＷＡ","名証","20230316","日証金","確報","0","0","0","0","0","0","0","0"
"5344","ＭＡＲＵＷＡ","東証","20230316","日証金","確報","500","0","2000","100","1500","3200","-1200","1900"
"5351","品川リフラクトリーズ","札証","20230316","日証金","確報","0","0","0","0","0","0","0","0"
"5351","品川リフラクトリーズ","東証","20230316","日証金","確報","1000","0","5700","0","0","0","5700","1000"
"5352","黒崎播磨","東証","20230316","日証金","確報","600","1100","5700","100","600","5700","0","0"
"5352","黒崎播磨","福証","20230316","日証金","確報","0","0","0","0","0","0","0","0"
"5355","日本坩堝","東証","20230316","日証金","確報","0","0","0","0","0","0","0","0"
"5356","美濃窯業","名証","20230316","日証金","確報","0","0","4100","0","0","0","4100","0"
"5357","ヨータイ","東証","20230316","日証金","確報","0","0","7400","0","2400","3700","3700","2400"
"5363","東京窯業","東証","20230316","日証金","確報","0","900","51600","400","0","1700","49900","-1300"
"5367","ニッカトー","東証","20230316","日証金","確報","0","200","8000","0","0","0","8000","-200"
"5368","日本インシュレ","東証","20230316","日証金","確報","200","0","4100","0","0","0","4100","200"
"5380","新東","東証","20230316","日証金","確報","300","0","2400","0","0","0","2400","300"
"5381","Ｍｉｐｏｘ","東証","20230316","日証金","確報","12800","45600","449400","0","0","691300","-241900","-32800"
"5384","フジミイン","名証","20230316","日証金","確報","0","0","0","0","0","0","0","0"
"5384","フジミイン","東証","20230316","日証金","確報","100","0","4800","0","100","300","4500","200"
"5386","鶴弥","名証","20230316","日証金","確報","0","0","0","0","0","0","0","0"
"5386","鶴弥","東証","20230316","日証金","確報","0","0","2500","0","0","0","2500","0"
"5388","クニミネ工業","東証","20230316","日証金","確報","300","0","2900","0","0","1000","1900","300"
"5391","Ａ＆Ａマテリアル","東証","20230316","日証金","確報","0","0","2900","0","0","0","2900","0"
"5393","ニチアス","東証","20230316","日証金","確報","1400","0","4900","400","100","2800","2100","1100"
"5395","理研コランダム","東証","20230316","日証金","確報","0","0","1300","0","0","0","1300","0"
"5401","日本製鉄","名証","20230316","日証金","確報","0","0","0","0","0","0","0","0"
"5401","日本製鉄","札証","20230316","日証金","確報","0","0","0","0","0","0","0","0"
"5401","日本製鉄","東証","20230316","日証金","確報","387400","405100","896000","4100","74700","843100","52900","52900"
"5401","日本製鉄","福証","20230316","日証金","確報","0","0","0","0","0","0","0","0"
"5406","神戸製鋼所","名証","20230316","日証金","確報","0","0","0","0","0","0","0","0"
"5406","神戸製鋼所","東証","20230316","日証金","確報","258500","220000","1576100","13700","1023500","2170100","-594000","1048300"
"5408","中山製鋼所","東証","20230316","日証金","確報","7900","5100","238900","300","300","5600","233300","2800"
"5410","合同製鐵","東証","20230316","日証金","確報","4400","5000","28700","0","2400","16900","11800","1800"
"5411","ＪＦＥ","東証","20230316","日証金","確報","163600","7200","341600","600","35300","5500","336100","191100"
"5423","東京製鐵","東証","20230316","日証金","確報","3300","18600","28500","400","16700","28500","0","1000"
"5440","共英製鋼","東証","20230316","日証金","確報","800","1400","6900","100","1800","5800","1100","1100"
"5444","大和工業","東証","20230316","日証金","確報","1500","100","11900","0","600","2400","9500","2000"
"5445","東京鐵鋼","東証","20230316","日証金","確報","1100","0","11500","0","0","0","11500","1100"
"5446","北越メタル","東証","20230316","日証金","確報","200","0","2300","0","0","0","2300","200"
"5449","大阪製鐵","東証","20230316","日証金","確報","17400","4400","41100","100","0","100","41000","12900"
"5451","淀川製鋼所","東証","20230316","日証金","確報","900","0","1400","1000","0","1400","0","-100"
"5458","高砂鐵工","東証","20230316","日証金","確報","0","0","800","0","0","0","800","0"
"5461","中部鋼鈑","名証","20230316","日証金","確報","400","0","3600","0","0","0","3600","400"
"5461","中部鋼鈑","東証","20230316","日証金","確報","5200","2100","40200","0","0","0","40200","3100"
"5463","丸一鋼管","東証","20230316","日証金","確報","100","300","1000","0","0","300","700","-200"
"5464","モリ工業","東証","20230316","日証金","確報","100","0","1600","0","100","800","800","200"
"5471","大同特殊鋼","名証","20230316","日証金","確報","0","0","0","0","0","0","0","0"
"5471","大同特殊鋼","東証","20230316","日証金","確報","1000","400","11100","0","600","500","10600","1200"
"5476","日本高周波鋼業","東証","20230316","日証金","確報","400","0","1700","0","1000","300","1400","1400"
"5480","日本冶金工業","東証","20230316","日証金","確報","14100","600","34500","800","7900","6600","27900","20600"
"5481","山陽特殊製鋼","東証","20230316","日証金","確報","1500","0","14400","0","4200","13900","500","5700"
"5482","愛知製鋼","名証","20230316","日証金","確報","0","0","0","0","0","0","0","0"
"5482","愛知製鋼","東証","20230316","日証金","確報","500","0","11700","100","0","800","10900","400"
"5484","東北特殊鋼","東証","20230316","日証金","確報","0","0","0","0","0","0","0","0"
"5491","日本金属","東証","20230316","日証金","確報","2800","0","47100","0","0","0","47100","2800"
"5527","ｐｒｏｐｅｔｅｃ","東証","20230316","日証金","確報","1100","100","8900","0","0","0","8900","1000"
"5541","大平洋金属","東証","20230316","日証金","確報","2600","1700","40600","0","600","0","40600","1500"
"5542","新報国マテリアル","東証","20230316","日証金","確報","100","0","800","0","0","0","800","100"
"5563","新日本電工","東証","20230316","日証金","確報","2900","100","146100","1200","0","7500","138600","1600"
"5602","栗本鐵工所","東証","20230316","日証金","確報","300","0","4300","0","100","1000","3300","400"
"5603","虹技","東証","20230316","日証金","確報","0","100","8200","0","0","200","8000","-100"
"5607","中央可鍛工業","名証","20230316","日証金","確報","200","0","5700","0","0","0","5700","200"
"5609","日本鋳造","東証","20230316","日証金","確報","0","100","8800","0","0","0","8800","-100"
"5610","大和重工","東証","20230316","日証金","確報","0","0","500","0","0","0","500","0"
"5612","日本鋳鉄管","東証","20230316","日証金","確報","0","0","2500","0","0","0","2500","0"
"5631","日本製鋼所","東証","20230316","日証金","確報","600","3600","70000","1500","0","1500","68500","-4500"
"5632","三菱製鋼","東証","20230316","日証金","確報","600","500","26300","0","0","100","26200","100"
"5644","メタルアート","東証","20230316","日証金","確報","1400","1700","8700","0","0","0","8700","-300"
"5658","日亜鋼業","東証","20230316","日証金","確報","10200","0","33800","0","2800","14500","19300","13000"
"5659","日本精線","東証","20230316","日証金","確報","200","0","1300","0","300","600","700","500"
"5660","神鋼鋼線工業","東証","20230316","日証金","確報","0","300","4100","0","0","0","4100","-300"
"5695","パウダーテック","東証","20230316","日証金","確報","0","0","1000","0","0","0","1000","0"
"5697","サンユウ","東証","20230316","日証金","確報","300","0","6800","0","0","0","6800","300"
"5698","エンビプロＨＤ","東証","20230316","日証金","確報","9900","0","58800","0","0","0","58800","9900"
"5699","イボキン","東証","20230316","日証金","確報","0","800","51200","0","0","0","51200","-800"
"5702","大紀アルミニウム工業","東証","20230316","日証金","確報","1600","100","54800","0","0","0","54800","1500"
"5703","日本軽金属ＨＤ","東証","20230316","日証金","確報","6300","2100","71400","7200","400","74800","-3400","-2600"
"5704","ＪＭＣ","東証","20230316","日証金","確報","400","500","8900","0","0","0","8900","-100"
"5706","三井金属鉱業","東証","20230316","日証金","確報","3500","2500","28400","600","4100","4600","23800","4500"
"5707","東邦亜鉛","東証","20230316","日証金","確報","73100","4200","148500","21600","2000","148500","0","49300"
"5711","三菱マテリアル","東証","20230316","日証金","確報","6100","1000","24500","1400","7300","3000","21500","11000"
"5713","住友金属鉱山","東証","20230316","日証金","確報","30100","13400","105500","0","6400","1800","103700","23100"
"5714","ＤＯＷＡＨＤ","東証","20230316","日証金","確報","1500","100","15900","4000","0","4000","11900","-2600"
"5715","古河機械金属","東証","20230316","日証金","確報","0","100","4900","0","500","3300","1600","400"
"5721","エス・サイエンス","東証","20230316","日証金","確報","18100","0","99800","0","0","0","99800","18100"
"5724","アサカ理研","東証","20230316","日証金","確報","100","500","78800","0","0","0","78800","-400"
"5726","大阪チタニウムテクノ","東証","20230316","日証金","確報","112600","6400","478600","200","14200","205100","273500","120200"
"5727","東邦チタニウム","東証","20230316","日証金","確報","49000","2000","294100","6600","100","7100","287000","40500"
"5729","日本精鉱","東証","20230316","日証金","確報","0","0","600","0","0","0","600","0"
"5741","ＵＡＣＪ","東証","20230316","日証金","確報","700","1900","5600","0","1200","5600","0","0"
"5742","エヌアイシ・オート","東証","20230316","日証金","確報","0","0","2400","0","100","300","2100","100"
"5753","日本伸銅","東証","20230316","日証金","確報","0","600","14000","0","0","0","14000","-600"
"5757","ＣＫサンエツ","東証","20230316","日証金","確報","0","0","600","0","0","0","600","0"
"5759","日本電解","東証","20230316","日証金","確報","2200","600","79800","0","0","0","79800","1600"
"5781","東邦金属","東証","20230316","日証金","確報","9700","1200","66500","0","0","0","66500","8500"
"5801","古河電気工業","東証","20230316","日証金","確報","1900","0","17600","2000","5200","2100","15500","5100"
"5802","住友電気工業","名証","20230316","日証金","確報","0","0","0","0","0","0","0","0"
"5802","住友電気工業","東証","20230316","日証金","確報","15700","100","53100","20000","4700","33600","19500","300"
"5802","住友電気工業","福証","20230316","日証金","確報","0","0","0","0","0","0","0","0"
"5803","フジクラ","東証","20230316","日証金","確報","25700","136700","293200","0","0","0","293200","-111000"
"5805","昭和電線ＨＤ","東証","20230316","日証金","確報","0","400","3500","700","0","1300","2200","-1100"
"5809","タツタ電線","東証","20230316","日証金","確報","16200","0","105700","0","0","0","105700","16200"
"5816","オーナンバ","東証","20230316","日証金","確報","300","3000","36900","0","0","1500","35400","-2700"
"5817","ＪＭＡＣＳ","東証","20230316","日証金","確報","0","0","19600","0","0","0","19600","0"
"5819","カナレ電気","東証","20230316","日証金","確報","100","200","4900","0","0","0","4900","-100"
"5820","三ッ星","東証","20230316","日証金","確報","8200","400","53900","0","0","0","53900","7800"
"5821","平河ヒューテック","東証","20230316","日証金","確報","1200","0","7200","0","0","0","7200","1200"
"5830","いよぎんＨＤ","東証","20230316","日証金","確報","2600","13600","31200","1700","100","5200","26000","-12600"
"5831","しずおかＦＧ","東証","20230316","日証金","確報","17300","27200","57300","23400","13200","40300","17000","-20100"
"5832","ちゅうぎんＦＧ","東証","20230316","日証金","確報","7600","3200","14000","0","100","5000","9000","4500"
"5834","ＳＢＩリーシング","東証","20230316","日証金","確報","500","600","240500","0","0","400","240100","-100"
"5836","エージェントＩＧ","名証","20230316","日証金","確報","0","0","3900","0","0","0","3900","0"
"5851","リョービ","東証","20230316","日証金","確報","700","800","16800","0","1400","300","16500","1300"
"5852","アーレスティ","東証","20230316","日証金","確報","11400","1300","30300","0","1700","0","30300","11800"
"5856","エルアイイーエイチ","東証","20230316","日証金","確報","0","0","5000","0","0","0","5000","0"
"5857","アサヒＨＤ","東証","20230316","日証金","確報","4400","0","20200","0","0","800","19400","4400"
"5900","ダイケン","東証","20230316","日証金","確報","100","0","800","0","0","0","800","100"
"5901","東洋製罐グループＨＤ","東証","20230316","日証金","確報","200","600","20200","0","0","1500","18700","-400"
"5902","ホッカンＨＤ","札証","20230316","日証金","確報","0","0","0","0","0","0","0","0"
"5902","ホッカンＨＤ","東証","20230316","日証金","確報","0","0","2800","200","0","1300","1500","-200"
"5903","シンポ","東証","20230316","日証金","確報","0","0","3300","0","0","0","3300","0"
"5905","日本製罐","東証","20230316","日証金","確報","0","0","200","0","0","0","200","0"
"5906","エムケー精工","東証","20230316","日証金","確報","100","2000","5600","0","0","0","5600","-1900"
"5909","コロナ","東証","20230316","日証金","確報","0","100","3000","0","0","0","3000","-100"
"5911","横河ブリッジＨＤ","東証","20230316","日証金","確報","1100","1100","2900","100","100","2900","0","0"
"5915","駒井ハルテック","東証","20230316","日証金","確報","1500","0","4700","0","100","700","4000","1600"
"5918","瀧上工業","名証","20230316","日証金","確報","0","0","0","0","0","0","0","0"
"5918","瀧上工業","東証","20230316","日証金","確報","0","0","300","0","0","0","300","0"
"5921","川岸工業","東証","20230316","日証金","確報","0","100","1900","0","0","0","1900","-100"
"5922","那須電機鉄工","東証","20230316","日証金","確報","0","0","200","0","0","0","200","0"
"5923","高田機工","東証","20230316","日証金","確報","0","0","1800","0","0","0","1800","0"
"5928","アルメタックス","東証","20230316","日証金","確報","32700","3000","288600","0","200","400","288200","29900"
"5929","三和ホールディングス","東証","20230316","日証金","確報","800","0","5100","900","1000","8000","-2900","900"
"5930","文化シヤッター","東証","20230316","日証金","確報","200","0","1500","100","100","700","800","200"
"5932","三協立山","東証","20230316","日証金","確報","600","100","19000","0","100","5400","13600","600"
"5933","アルインコ","東証","20230316","日証金","確報","800","13900","2900","147600","16100","164900","-162000","-144600"
"5935","元旦ビューティ工業","東証","20230316","日証金","確報","300","0","1200","0","0","0","1200","300"
"5936","東洋シヤッター","東証","20230316","日証金","確報","0","0","2300","0","100","100","2200","100"
"5938","ＬＩＸＩＬ","名証","20230316","日証金","確報","0","0","0","0","0","0","0","0"
"5938","ＬＩＸＩＬ","東証","20230316","日証金","確報","5400","0","16400","6400","1600","6700","9700","600"
"5939","大谷工業","東証","20230316","日証金","確報","400","600","1000","0","0","0","1000","-200"
"5940","不二サッシ","東証","20230316","日証金","確報","100","4000","143600","0","0","0","143600","-3900"
"5941","中西製作所","東証","20230316","日証金","確報","0","0","0","0","0","0","0","0"
"5942","日本フイルコン","東証","20230316","日証金","確報","0","900","7500","0","0","0","7500","-900"
"5943","ノーリツ","東証","20230316","日証金","確報","3400","600","4700","0","600","200","4500","3400"
"5945","天龍製鋸","東証","20230316","日証金","確報","100","0","1400","0","0","0","1400","100"
"5946","長府製作所","東証","20230316","日証金","確報","0","300","800","0","0","100","700","-300"
"5947","リンナイ","名証","20230316","日証金","確報","0","0","0","0","0","0","0","0"
"5947","リンナイ","東証","20230316","日証金","確報","0","800","2700","200","0","300","2400","-1000"
"5949","ユニプレス","東証","20230316","日証金","確報","2600","700","17500","100","300","500","17000","2100"
"5950","日本パワー","東証","20230316","日証金","確報","0","0","145600","0","0","0","145600","0"
"5951","ダイニチ工業","東証","20230316","日証金","確報","300","0","1900","0","0","0","1900","300"
"5952","アマテイ","東証","20230316","日証金","確報","0","200","33000","0","0","0","33000","-200"
"5953","昭和鉄工","福証","20230316","日証金","確報","0","0","2000","0","0","0","2000","0"
"5955","ヤマシナ","東証","20230316","日証金","確報","2500","1000","94400","3700","5300","3700","90700","3100"
"5956","トーソー","東証","20230316","日証金","確報","0","0","200","0","400","1300","-1100","400"
"5957","日東精工","東証","20230316","日証金","確報","700","0","12100","0","0","0","12100","700"
"5958","三洋工業","東証","20230316","日証金","確報","200","0","3400","0","0","200","3200","200"
"5959","岡部","東証","20230316","日証金","確報","0","700","3500","100","0","300","3200","-800"
"5962","浅香工業","東証","20230316","日証金","確報","0","100","400","0","0","0","400","-100"
"5965","フジマック","東証","20230316","日証金","確報","0","100","1400","0","0","0","1400","-100"
"5966","京都機械工具","東証","20230316","日証金","確報","0","0","0","0","0","0","0","0"
"5967","ＴＯＮＥ","東証","20230316","日証金","確報","0","0","600","0","0","0","600","0"
"5969","ロブテックス","東証","20230316","日証金","確報","200","0","4000","0","0","0","4000","200"
"5970","ジーテクト","東証","20230316","日証金","確報","900","0","27100","0","0","0","27100","900"
"5971","共和工業所","東証","20230316","日証金","確報","0","0","600","0","0","0","600","0"
"5973","トーアミ","東証","20230316","日証金","確報","100","0","3500","0","0","0","3500","100"
"5974","中国工業","東証","20230316","日証金","確報","0","0","4400","0","0","0","4400","0"
"5975","東プレ","東証","20230316","日証金","確報","100","200","6900","0","0","0","6900","-100"
"5976","高周波熱錬","東証","20230316","日証金","確報","200","1300","4600","200","200","200","4400","-1100"
"5979","カネソウ","名証","20230316","日証金","確報","100","0","800","0","0","0","800","100"
"5981","東京製綱","東証","20230316","日証金","確報","6100","1200","32000","0","7700","3900","28100","12600"
"5982","マルゼン","東証","20230316","日証金","確報","0","0","2500","0","0","0","2500","0"
"5983","イワブチ","東証","20230316","日証金","確報","0","0","600","0","0","0","600","0"
"5984","兼房","名証","20230316","日証金","確報","0","0","0","0","0","0","0","0"
"5984","兼房","東証","20230316","日証金","確報","0","100","2900","0","0","0","2900","-100"
"5985","サンコール","東証","20230316","日証金","確報","200","300","33000","300","0","2700","30300","-400"
"5986","モリテック　スチール","東証","20230316","日証金","確報","600","12400","324000","0","29400","275600","48400","17600"
"5987","オーネックス","東証","20230316","日証金","確報","0","0","900","0","0","0","900","0"
"5988","パイオラックス","東証","20230316","日証金","確報","2300","100","18300","500","0","700","17600","1700"
"5989","エイチワン","東証","20230316","日証金","確報","4100","200","179600","100","0","100","179500","3800"
"5990","スーパーツール","東証","20230316","日証金","確報","0","0","300","0","0","0","300","0"
"5991","日本発条","東証","20230316","日証金","確報","500","100","31900","0","500","0","31900","900"
"5992","中央発條","名証","20230316","日証金","確報","0","0","0","0","0","0","0","0"
"5992","中央発條","東証","20230316","日証金","確報","900","0","10500","0","100","0","10500","1000"
"5993","知多鋼業","名証","20230316","日証金","確報","0","0","2600","0","0","0","2600","0"
"5994","ファインシンター","名証","20230316","日証金","確報","0","0","0","0","0","0","0","0"
"5994","ファインシンター","東証","20230316","日証金","確報","0","0","16400","0","0","0","16400","0"
"5997","協立エアテック","東証","20230316","日証金","確報","0","100","400","0","0","0","400","-100"
"5998","アドバネクス","東証","20230316","日証金","確報","0","100","1400","0","0","0","1400","-100"
"5999","イハラサイエンス","東証","20230316","日証金","確報","0","6300","13400","0","0","0","13400","-6300"
"6005","三浦工業","東証","20230316","日証金","確報","3000","600","8500","200","0","1500","7000","2200"
"6013","タクマ","東証","20230316","日証金","確報","200","700","23500","0","100","0","23500","-400"
"6016","ジャパンエンジン","東証","20230316","日証金","確報","0","0","5700","0","0","0","5700","0"
"6018","阪神内燃機工業","東証","20230316","日証金","確報","0","0","900","0","0","0","900","0"
"6022","赤阪鐵工所","東証","20230316","日証金","確報","0","0","2000","0","0","0","2000","0"
"6023","ダイハツディーゼル","東証","20230316","日証金","確報","500","800","13400","0","0","1000","12400","-300"
"6025","日本ＰＣサービス","名証","20230316","日証金","確報","200","0","2400","0","0","0","2400","200"
"6026","ＧＭＯ　ＴＥＣＨ","東証","20230316","日証金","確報","0","6600","2300","0","0","0","2300","-6600"
"6027","弁護士ドットコム","東証","20230316","日証金","確報","3500","4100","179300","200","800","179300","0","0"
"6028","テクノプロＨＤ","東証","20230316","日証金","確報","400","0","1600","100","100","600","1000","400"
"6029","アトラグループ","東証","20230316","日証金","確報","700","0","18200","0","0","0","18200","700"
"6030","アドベンチャー","東証","20230316","日証金","確報","1200","0","12400","0","0","0","12400","1200"
"6031","サイジニア","東証","20230316","日証金","確報","0","0","6100","0","0","0","6100","0"
"6032","インターワークス","東証","20230316","日証金","確報","0","0","5100","0","0","0","5100","0"
"6033","エクストリーム","東証","20230316","日証金","確報","0","0","13300","0","0","0","13300","0"
"6034","ＭＲＴ","東証","20230316","日証金","確報","400","0","12000","0","1300","400","11600","1700"
"6035","ＩＲジャパンＨＤ","東証","20230316","日証金","確報","4300","1100","55900","1200","400","10700","45200","2400"
"6036","ＫｅｅＰｅｒ技研","名証","20230316","日証金","確報","0","0","0","0","0","0","0","0"
"6036","ＫｅｅＰｅｒ技研","東証","20230316","日証金","確報","200","100","83000","2200","31300","217700","-134700","29200"
"6037","ファーストロジック","東証","20230316","日証金","確報","600","200","800","200","100","200","600","300"
"6038","イード","東証","20230316","日証金","確報","0","0","4600","0","0","600","4000","0"
"6039","日本動物高度医療","東証","20230316","日証金","確報","0","0","2100","0","0","0","2100","0"
"6040","日本スキー場開発","東証","20230316","日証金","確報","500","0","3900","0","0","0","3900","500"
"6042","ニッキ","東証","20230316","日証金","確報","0","0","3700","0","0","0","3700","0"
"6044","三機サービス","東証","20230316","日証金","確報","0","0","2800","0","0","0","2800","0"
"6045","レントラックス","東証","20230316","日証金","確報","300","0","22500","200","0","600","21900","100"
"6046","リンクバル","東証","20230316","日証金","確報","0","900","9700","0","200","3500","6200","-700"
"6047","Ｇｕｎｏｓｙ","東証","20230316","日証金","確報","7300","1400","627800","0","0","703500","-75700","5900"
"6048","デザインワン","東証","20230316","日証金","確報","100","100","14000","0","0","0","14000","0"
"6049","イトクロ","東証","20230316","日証金","確報","0","2200","31200","0","0","0","31200","-2200"
"6050","イー・ガーディアン","東証","20230316","日証金","確報","600","0","12600","0","0","100","12500","600"
"6054","リブセンス","東証","20230316","日証金","確報","8400","8400","115500","0","0","115500","0","0"
"6055","ジャパンマテリアル","名証","20230316","日証金","確報","0","0","0","0","0","0","0","0"
"6055","ジャパンマテリアル","東証","20230316","日証金","確報","200","0","18400","400","1200","9200","9200","1000"
"6058","ベクトル","東証","20230316","日証金","確報","9900","8000","28300","200","1600","28300","0","3300"
"6059","ウチヤマＨＤ","東証","20230316","日証金","確報","16000","0","41300","25000","0","43300","-2000","-9000"
"6060","こころネット","東証","20230316","日証金","確報","0","0","900","0","0","0","900","0"
"6061","ユニバーサル園芸社","東証","20230316","日証金","確報","100","0","900","0","0","0","900","100"
"6062","チャームケアコーポ","東証","20230316","日証金","確報","700","0","37300","0","0","2000","35300","700"
"6063","日本エマージェンシー","東証","20230316","日証金","確報","0","400","39100","0","0","0","39100","-400"
"6067","インパクト","東証","20230316","日証金","確報","1800","0","8400","0","1100","800","7600","2900"
"6069","トレンダーズ","東証","20230316","日証金","確報","2900","0","45900","0","2200","3400","42500","5100"
"6070","キャリアリンク","東証","20230316","日証金","確報","34100","1300","66800","100","200","200","66600","32900"
"6071","ＩＢＪ","東証","20230316","日証金","確報","600","0","20500","0","100","0","20500","700"
"6072","地盤ネットＨＤ","東証","20230316","日証金","確報","100","600","31800","0","0","1200","30600","-500"
"6073","アサンテ","東証","20230316","日証金","確報","0","0","2800","0","200","2000","800","200"
"6074","ジェイエスエス","東証","20230316","日証金","確報","0","0","500","0","0","0","500","0"
"6076","アメイズ","福証","20230316","日証金","確報","200","0","5500","0","0","0","5500","200"
"6078","バリューＨＲ","東証","20230316","日証金","確報","700","800","10600","0","1100","2300","8300","1000"
"6080","Ｍ＆Ａキャピタル","東証","20230316","日証金","確報","0","600","58200","0","200","0","58200","-400"
"6081","アライドアーキテクツ","東証","20230316","日証金","確報","5600","0","88200","0","100","900","87300","5700"
"6082","ライドオンＥＸＨＤ","東証","20230316","日証金","確報","0","100","3700","0","0","0","3700","-100"
"6083","ＥＲＩ　ＨＤ","東証","20230316","日証金","確報","1300","5500","13400","1200","1000","45000","-31600","-4400"
"6085","アーキテクツＳＪ","東証","20230316","日証金","確報","0","0","300","0","0","0","300","0"
"6086","シンメンテＨＤ","東証","20230316","日証金","確報","0","0","1800","0","0","0","1800","0"
"6087","アビスト","東証","20230316","日証金","確報","0","0","900","0","0","0","900","0"
"6088","シグマクシスＨＤ","東証","20230316","日証金","確報","300","200","7700","0","0","600","7100","100"
"6089","ウィルグループ","東証","20230316","日証金","確報","1600","0","17500","0","0","400","17100","1600"
"6090","ヒューマンＭＴ","東証","20230316","日証金","確報","0","0","7000","0","0","0","7000","0"
"6091","ウエスコＨＤ","東証","20230316","日証金","確報","100","300","2500","0","0","2500","0","-200"
"6092","エンバイオＨＤ","東証","20230316","日証金","確報","1700","600","11800","0","0","0","11800","1100"
"6093","エスクローＡＪ","東証","20230316","日証金","確報","0","100","29000","0","0","0","29000","-100"
"6094","フリークアウト・ホー","東証","20230316","日証金","確報","700","1300","41300","0","0","0","41300","-600"
"6095","メドピア","東証","20230316","日証金","確報","24900","26200","201100","0","1100","201100","0","-200"
"6096","レアジョブ","東証","20230316","日証金","確報","0","100","4700","2900","3000","85900","-81200","0"
"6098","リクルートＨＤ","東証","20230316","日証金","確報","5200","45000","362900","15500","1100","23200","339700","-54200"
"6099","エラン","東証","20230316","日証金","確報","900","2500","6500","0","0","0","6500","-1600"
"6101","ツガミ","東証","20230316","日証金","確報","14600","16000","28800","500","15500","15200","13600","13600"
"6103","オークマ","名証","20230316","日証金","確報","0","0","0","0","0","0","0","0"
"6103","オークマ","東証","20230316","日証金","確報","3100","100","19900","4300","1300","19900","0","0"
"6104","芝浦機械","東証","20230316","日証金","確報","2100","1200","6700","0","0","0","6700","900"
"6111","旭精機工業","名証","20230316","日証金","確報","100","0","2200","0","0","0","2200","100"
"6113","アマダ","東証","20230316","日証金","確報","600","19000","22000","4200","2700","28400","-6400","-19900"
"6118","アイダエンジニア","東証","20230316","日証金","確報","0","200","27500","0","0","0","27500","-200"
"6121","ＴＡＫＩＳＡＷＡ","東証","20230316","日証金","確報","2200","0","12900","0","0","0","12900","2200"
"6125","岡本工作機械製作所","東証","20230316","日証金","確報","900","0","56200","0","0","0","56200","900"
"6131","浜井産業","東証","20230316","日証金","確報","300","0","14000","0","0","0","14000","300"
"6134","ＦＵＪＩ","名証","20230316","日証金","確報","0","0","0","0","0","0","0","0"
"6134","ＦＵＪＩ","東証","20230316","日証金","確報","0","0","6200","200","0","500","5700","-200"
"6135","牧野フライス製作所","東証","20230316","日証金","確報","300","0","11700","500","1800","4400","7300","1600"
"6136","オーエスジー","名証","20230316","日証金","確報","0","0","0","0","0","0","0","0"
"6136","オーエスジー","東証","20230316","日証金","確報","3100","100","8700","100","1300","12800","-4100","4200"
"6137","小池酸素工業","東証","20230316","日証金","確報","500","1400","27700","0","0","0","27700","-900"
"6138","ダイジヱット工業","東証","20230316","日証金","確報","1000","0","3300","0","0","0","3300","1000"
"6140","旭ダイヤモンド工業","東証","20230316","日証金","確報","2700","0","51200","500","400","5200","46000","2600"
"6141","ＤＭＧ森精機","東証","20230316","日証金","確報","8400","0","24800","3800","1900","11400","13400","6500"
"6142","富士精工","名証","20230316","日証金","確報","0","0","13100","0","0","0","13100","0"
"6143","ソディック","東証","20230316","日証金","確報","5200","0","70000","0","0","0","70000","5200"
"6144","西部電機","東証","20230316","日証金","確報","0","0","0","0","0","0","0","0"
"6144","西部電機","福証","20230316","日証金","確報","0","0","0","0","0","0","0","0"
"6145","ＮＩＴＴＯＫＵ","東証","20230316","日証金","確報","1400","900","8900","0","200","34000","-25100","700"
"6146","ディスコ","東証","20230316","日証金","確報","1000","4500","13700","10000","1200","42200","-28500","-12300"
"6147","ヤマザキ","東証","20230316","日証金","確報","0","1000","2600","0","0","0","2600","-1000"
"6149","小田原エンジニア","東証","20230316","日証金","確報","0","1000","4600","0","0","0","4600","-1000"
"6150","タケダ機械","東証","20230316","日証金","確報","0","0","1500","0","0","0","1500","0"
"6151","日東工器","東証","20230316","日証金","確報","0","400","2600","0","0","700","1900","-400"
"6155","高松機械工業","東証","20230316","日証金","確報","0","0","1000","0","0","0","1000","0"
"6156","エーワン精密","東証","20230316","日証金","確報","0","0","1400","0","0","0","1400","0"
"6157","日進工具","東証","20230316","日証金","確報","200","100","1000","0","200","500","500","300"
"6158","和井田製作所","東証","20230316","日証金","確報","0","0","1100","0","0","0","1100","0"
"6159","ミクロン精密","東証","20230316","日証金","確報","0","0","0","0","0","0","0","0"
"6161","エスティック","東証","20230316","日証金","確報","0","400","900","0","0","0","900","-400"
"6164","太陽工機","東証","20230316","日証金","確報","0","0","4600","0","0","0","4600","0"
"6165","パンチ工業","東証","20230316","日証金","確報","0","0","17500","0","0","3200","14300","0"
"6166","中村超硬","東証","20230316","日証金","確報","600","4700","40700","0","0","0","40700","-4100"
"6167","冨士ダイス","東証","20230316","日証金","確報","9100","31900","111500","2200","10500","50100","61400","-14500"
"6171","土木管理総合試験所","東証","20230316","日証金","確報","1200","100","9700","0","0","0","9700","1100"
"6172","メタップス","東証","20230316","日証金","確報","0","500","21500","0","0","0","21500","-500"
"6173","アクアライン","東証","20230316","日証金","確報","0","0","0","0","0","0","0","0"
"6176","ブランジスタ","東証","20230316","日証金","確報","100","0","33200","0","0","0","33200","100"
"6177","ＡｐｐＢａｎｋ","東証","20230316","日証金","確報","100","300","36000","0","0","0","36000","-200"
"6178","日本郵政","東証","20230316","日証金","確報","82100","30100","252400","19400","1900","200800","51600","34500"
"6180","ＧＭＯメディア","東証","20230316","日証金","確報","0","0","2500","0","0","0","2500","0"
"6181","タメニー","東証","20230316","日証金","確報","2400","1700","73400","0","0","0","73400","700"
"6182","メタリアル","東証","20230316","日証金","確報","12300","100","32800","0","1300","10200","22600","13500"
"6183","ベル２４ＨＤ","東証","20230316","日証金","確報","700","300","5000","800","400","5000","0","0"
"6184","鎌倉新書","東証","20230316","日証金","確報","6100","19200","25000","1200","14300","25000","0","0"
"6185","ＳＭＮ","東証","20230316","日証金","確報","100","0","3300","0","0","0","3300","100"
"6186","一蔵","東証","20230316","日証金","確報","2400","100","8800","0","0","0","8800","2300"
"6188","富士ソフトＳＢ","東証","20230316","日証金","確報","0","0","800","0","0","0","800","0"
"6189","グローバルキッズＣ","東証","20230316","日証金","確報","100","2000","16100","0","1900","16100","0","0"
"6190","フェニックスバイオ","東証","20230316","日証金","確報","4600","0","16700","0","0","0","16700","4600"
"6191","エアトリ","東証","20230316","日証金","確報","33900","32700","101200","0","0","100000","1200","1200"
"6192","ハイアス＆カンパニー","東証","20230316","日証金","確報","50700","6200","850200","0","0","0","850200","44500"
"6193","バーチャレクス","東証","20230316","日証金","確報","2800","500","12200","0","0","0","12200","2300"
"6194","アトラエ","東証","20230316","日証金","確報","100","600","27100","0","1000","1600","25500","500"
"6196","ストライク","東証","20230316","日証金","確報","400","0","23200","0","0","0","23200","400"
"6197","ソラスト","東証","20230316","日証金","確報","0","1800","46400","0","0","0","46400","-1800"
"6198","キャリア","東証","20230316","日証金","確報","0","0","9800","0","0","0","9800","0"
"6199","セラク","東証","20230316","日証金","確報","2000","4800","72200","0","2800","72200","0","0"
"6200","インソース","東証","20230316","日証金","確報","0","2100","56500","0","1000","14700","41800","-1100"
"6201","豊田自動織機","名証","20230316","日証金","確報","0","0","0","0","0","0","0","0"
"6201","豊田自動織機","東証","20230316","日証金","確報","100","1200","1600","0","100","500","1100","-1000"
"6203","豊和工業","名証","20230316","日証金","確報","0","0","0","0","0","0","0","0"
"6203","豊和工業","東証","20230316","日証金","確報","1300","3600","6900","100","0","200","6700","-2400"
"6208","石川製作所","東証","20230316","日証金","確報","3800","800","127600","0","0","0","127600","3000"
"6210","東洋機械金属","東証","20230316","日証金","確報","200","1300","10800","0","0","1900","8900","-1100"
"6217","津田駒工業","東証","20230316","日証金","確報","100","100","14500","0","0","400","14100","0"
"6218","エンシュウ","東証","20230316","日証金","確報","500","0","6000","0","0","100","5900","500"
"6222","島精機製作所","東証","20230316","日証金","確報","600","400","6400","0","400","900","5500","600"
"6226","守谷輸送機工業","東証","20230316","日証金","確報","1000","0","15700","0","0","1300","14400","1000"
"6227","ＡＩメカテック","東証","20230316","日証金","確報","1100","0","51300","0","0","0","51300","1100"
"6229","オーケーエム","東証","20230316","日証金","確報","200","200","2000","0","0","0","2000","0"
"6230","ＳＡＮＥＩ","東証","20230316","日証金","確報","0","0","1300","0","0","0","1300","0"
"6231","木村工機","東証","20230316","日証金","確報","0","0","1400","0","0","0","1400","0"
"6232","ＡＣＳＬ","東証","20230316","日証金","確報","33200","33200","300000","0","0","300000","0","0"
"6233","極東産機","東証","20230316","日証金","確報","0","0","1300","0","0","0","1300","0"
"6235","オプトラン","東証","20230316","日証金","確報","0","1000","4600","1700","100","2300","2300","-2600"
"6236","ＮＣホールディングス","東証","20230316","日証金","確報","0","0","4900","0","0","0","4900","0"
"6237","イワキポンプ","東証","20230316","日証金","確報","0","0","13400","0","0","0","13400","0"
"6238","フリュー","東証","20230316","日証金","確報","100","700","16000","300","900","16000","0","0"
"6239","ナガオカ","東証","20230316","日証金","確報","0","0","4000","0","0","0","4000","0"
"6240","ヤマシンフィルタ","東証","20230316","日証金","確報","3200","11200","218000","0","1100","34000","184000","-6900"
"6245","ヒラノテクシード","東証","20230316","日証金","確報","1700","100","9400","0","0","100","9300","1600"
"6246","テクノスマート","東証","20230316","日証金","確報","900","0","5600","0","0","800","4800","900"
"6247","日阪製作所","東証","20230316","日証金","確報","1000","1300","4300","100","0","400","3900","-400"
"6248","横田製作所","東証","20230316","日証金","確報","0","0","500","0","0","0","500","0"
"6249","ゲームカードジョイコ","東証","20230316","日証金","確報","8700","1000","39500","0","0","0","39500","7700"
"6250","やまびこ","東証","20230316","日証金","確報","0","2400","18100","0","0","0","18100","-2400"
"6254","野村マイクロ・Ｓ","東証","20230316","日証金","確報","1100","600","14100","0","200","1300","12800","700"
"6255","エヌ・ピー・シー","東証","20230316","日証金","確報","26500","15900","473200","3000","0","504000","-30800","7600"
"6257","藤商事","東証","20230316","日証金","確報","2300","9500","43600","5200","0","13100","30500","-12400"
"6258","平田機工","東証","20230316","日証金","確報","1600","200","18100","400","200","4600","13500","1200"
"6262","ペガサスミシン製造","東証","20230316","日証金","確報","7700","0","54200","0","0","11400","42800","7700"
"6264","マルマエ","東証","20230316","日証金","確報","3400","3800","118100","0","400","118100","0","0"
"6265","コンバム","東証","20230316","日証金","確報","0","0","16600","0","0","0","16600","0"
"6266","タツモ","東証","20230316","日証金","確報","2200","2600","13300","100","7600","12000","1300","7100"
"6267","ゼネラルパッカー","名証","20230316","日証金","確報","0","0","0","0","0","0","0","0"
"6267","ゼネラルパッカー","東証","20230316","日証金","確報","0","0","1000","0","0","0","1000","0"
"6268","ナブテスコ","東証","20230316","日証金","確報","300","100","15400","0","100","2300","13100","300"
"6269","三井海洋開発","東証","20230316","日証金","確報","2400","0","38400","0","0","0","38400","2400"
"6272","レオン自動機","東証","20230316","日証金","確報","100","0","4900","0","100","1400","3500","200"
"6273","エスエムシー","東証","20230316","日証金","確報","700","1900","2100","1900","11400","27300","-25200","8300"
"6276","シリウスビジョン","東証","20230316","日証金","確報","0","0","1100","0","0","0","1100","0"
"6277","ホソカワミクロン","東証","20230316","日証金","確報","400","0","4000","0","100","100","3900","500"
"6278","ユニオンツール","東証","20230316","日証金","確報","0","0","5800","100","0","100","5700","-100"
"6279","瑞光","東証","20230316","日証金","確報","300","0","5000","100","100","20000","-15000","300"
"6282","オイレス工業","東証","20230316","日証金","確報","100","400","3400","0","600","3100","300","300"
"6284","日精エーエスビー機械","東証","20230316","日証金","確報","100","500","1400","0","0","400","1000","-400"
"6286","靜甲","東証","20230316","日証金","確報","1100","100","15100","0","0","0","15100","1000"
"6287","サトーＨＤ","東証","20230316","日証金","確報","0","200","8700","0","200","8700","0","0"
"6289","技研製作所","東証","20230316","日証金","確報","700","0","10200","0","0","0","10200","700"
"6291","日本エアーテック","東証","20230316","日証金","確報","400","900","10600","0","0","0","10600","-500"
"6292","カワタ","東証","20230316","日証金","確報","1100","0","5500","0","0","0","5500","1100"
"6293","日精樹脂工業","名証","20230316","日証金","確報","0","0","0","0","0","0","0","0"
"6293","日精樹脂工業","東証","20230316","日証金","確報","200","0","3400","100","900","800","2600","1000"
"6294","オカダアイヨン","東証","20230316","日証金","確報","2200","1400","8000","500","600","5100","2900","900"
"6295","富士変速機","名証","20230316","日証金","確報","0","0","30400","0","0","0","30400","0"
"6297","鉱研工業","東証","20230316","日証金","確報","0","0","4000","0","0","0","4000","0"
"6298","ワイエイシイＨＤ","東証","20230316","日証金","確報","18600","3700","301900","0","4500","41300","260600","19400"
"6301","小松製作所","東証","20230316","日証金","確報","29700","19600","63200","2200","24800","25500","37700","32700"
"6302","住友重機械工業","東証","20230316","日証金","確報","0","6300","20500","4000","10300","20500","0","0"
"6305","日立建機","東証","20230316","日証金","確報","17500","1400","37600","21100","24500","21700","15900","19500"
"6306","日工","東証","20230316","日証金","確報","100","0","5200","200","300","2000","3200","200"
"6307","サンセイ","東証","20230316","日証金","確報","0","0","18600","0","0","0","18600","0"
"6309","巴工業","東証","20230316","日証金","確報","0","100","200","0","0","0","200","-100"
"6310","井関農機","東証","20230316","日証金","確報","900","100","8200","0","0","0","8200","800"
"6312","フロイント産業","東証","20230316","日証金","確報","0","100","7600","0","0","0","7600","-100"
"6315","ＴＯＷＡ","東証","20230316","日証金","確報","1000","1200","50100","0","300","2600","47500","100"
"6316","丸山製作所","東証","20230316","日証金","確報","0","1000","11500","100","300","600","10900","-800"
"6317","北川鉄工所","東証","20230316","日証金","確報","500","200","9500","0","0","0","9500","300"
"6319","シンニッタン","東証","20230316","日証金","確報","1500","0","22900","0","0","0","22900","1500"
"6322","タクミナ","東証","20230316","日証金","確報","0","0","300","0","0","0","300","0"
"6323","ローツェ","東証","20230316","日証金","確報","100","300","27800","900","4700","27400","400","3600"
"6324","ハーモニックドライブ","東証","20230316","日証金","確報","1900","0","68900","2400","4900","210900","-142000","4400"
"6325","タカキタ","名証","20230316","日証金","確報","0","0","0","0","0","0","0","0"
"6325","タカキタ","東証","20230316","日証金","確報","100","1300","24100","0","0","64700","-40600","-1200"
"6326","クボタ","東証","20230316","日証金","確報","8900","10600","31200","0","0","0","31200","-1700"
"6327","北川精機","東証","20230316","日証金","確報","4000","600","17500","0","0","0","17500","3400"
"6328","荏原実業","東証","20230316","日証金","確報","1800","900","3700","100","200","3700","0","1000"
"6330","東洋エンジニアリング","東証","20230316","日証金","確報","5400","0","56800","0","0","0","56800","5400"
"6331","三菱化工機","東証","20230316","日証金","確報","500","0","2900","0","0","100","2800","500"
"6332","月島機械","東証","20230316","日証金","確報","0","100","44500","200","1000","300","44200","700"
"6333","帝国電機製作所","東証","20230316","日証金","確報","4700","0","9300","200","0","1600","7700","4500"
"6334","明治機械","東証","20230316","日証金","確報","100","0","24000","0","0","0","24000","100"
"6335","東京機械製作所","東証","20230316","日証金","確報","0","300","34100","0","0","0","34100","-300"
"6336","石井表記","東証","20230316","日証金","確報","0","0","9800","0","0","0","9800","0"
"6337","テセック","東証","20230316","日証金","確報","1100","0","23800","0","0","0","23800","1100"
"6338","タカトリ","東証","20230316","日証金","確報","14000","1000","161700","0","0","0","161700","13000"
"6339","新東工業","名証","20230316","日証金","確報","0","0","0","0","0","0","0","0"
"6339","新東工業","東証","20230316","日証金","確報","100","0","22700","200","0","40300","-17600","-100"
"6340","澁谷工業","名証","20230316","日証金","確報","0","0","0","0","0","0","0","0"
"6340","澁谷工業","東証","20230316","日証金","確報","300","200","1500","0","0","1200","300","100"
"6342","太平製作所","名証","20230316","日証金","確報","0","0","0","0","0","0","0","0"
"6342","太平製作所","東証","20230316","日証金","確報","0","0","400","0","0","0","400","0"
"6343","フリージア・マクロス","東証","20230316","日証金","確報","4700","300","188700","0","0","100","188600","4400"
"6345","アイチコーポ","名証","20230316","日証金","確報","0","0","0","0","0","0","0","0"
"6345","アイチコーポ","東証","20230316","日証金","確報","0","0","2200","0","0","0","2200","0"
"6346","キクカワエンタ","名証","20230316","日証金","確報","0","0","0","0","0","0","0","0"
"6346","キクカワエンタ","東証","20230316","日証金","確報","0","0","100","0","0","0","100","0"
"6347","プラコー","東証","20230316","日証金","確報","0","0","423000","0","0","0","423000","0"
"6349","小森コーポレーション","東証","20230316","日証金","確報","0","1500","12200","500","400","4800","7400","-1600"
"6351","鶴見製作所","東証","20230316","日証金","確報","0","800","2800","0","0","0","2800","-800"
"6355","住友精密工業","東証","20230316","日証金","確報","0","0","100","0","0","0","100","0"
"6356","日本ギア工業","東証","20230316","日証金","確報","19800","4400","55500","300","3600","36800","18700","18700"
"6357","三精テクノロジーズ","東証","20230316","日証金","確報","600","0","4900","0","0","0","4900","600"
"6358","酒井重工業","東証","20230316","日証金","確報","300","0","3300","0","0","100","3200","300"
"6360","東京自働機械製作所","東証","20230316","日証金","確報","0","0","0","0","0","0","0","0"
"6361","荏原製作所","東証","20230316","日証金","確報","500","3600","18300","100","200","4500","13800","-3000"
"6362","石井鐵工所","東証","20230316","日証金","確報","0","0","3700","0","0","0","3700","0"
"6363","酉島製作所","東証","20230316","日証金","確報","300","0","7900","0","1000","2600","5300","1300"
"6364","北越工業","東証","20230316","日証金","確報","100","600","7000","0","3900","1100","5900","3400"
"6365","電業社機械製作所","東証","20230316","日証金","確報","0","0","700","0","0","0","700","0"
"6366","千代田化工建設","東証","20230316","日証金","確報","17100","400","440300","0","0","0","440300","16700"
"6367","ダイキン工業","東証","20230316","日証金","確報","9800","1700","19300","19000","0","19300","0","-10900"
"6368","オルガノ","東証","20230316","日証金","確報","2400","200","32000","200","6900","70500","-38500","8900"
"6369","トーヨーカネツ","東証","20230316","日証金","確報","900","600","4300","0","100","0","4300","400"
"6370","栗田工業","東証","20230316","日証金","確報","400","200","3900","0","600","600","3300","800"
"6371","椿本チエイン","東証","20230316","日証金","確報","0","1100","1100","0","0","0","1100","-1100"
"6373","大同工業","東証","20230316","日証金","確報","0","200","3700","0","0","0","3700","-200"
"6376","日機装","東証","20230316","日証金","確報","1000","2900","29400","0","400","1800","27600","-1500"
"6378","木村化工機","東証","20230316","日証金","確報","1000","1000","50000","0","0","50000","0","0"
"6379","レイズネクスト","東証","20230316","日証金","確報","100","0","1300","0","400","500","800","500"
"6380","オリエンタルチエン","東証","20230316","日証金","確報","2000","0","103400","0","0","0","103400","2000"
"6381","アネスト岩田","東証","20230316","日証金","確報","200","1100","6700","200","200","200","6500","-900"
"6382","トリニティ工業","東証","20230316","日証金","確報","400","0","900","0","0","0","900","400"
"6383","ダイフク","東証","20230316","日証金","確報","1300","100","10100","0","100","200","9900","1300"
"6384","昭和真空","東証","20230316","日証金","確報","0","0","10300","0","0","0","10300","0"
"6387","サムコ","東証","20230316","日証金","確報","500","900","9100","0","0","0","9100","-400"
"6390","加藤製作所","東証","20230316","日証金","確報","2100","2300","45500","5400","600","5400","40100","-5000"
"6391","加地テック","東証","20230316","日証金","確報","0","400","1200","0","0","0","1200","-400"
"6392","ヤマダコーポ","東証","20230316","日証金","確報","0","0","700","0","0","0","700","0"
"6393","油研工業","東証","20230316","日証金","確報","100","0","3400","0","0","0","3400","100"
"6395","タダノ","東証","20230316","日証金","確報","800","0","5500","800","200","2700","2800","200"
"6396","宇野澤組鐵工所","東証","20230316","日証金","確報","300","0","1000","0","0","0","1000","300"
"6400","不二精機","東証","20230316","日証金","確報","200","200","5500","0","0","0","5500","0"
"6402","兼松エンジニアリング","東証","20230316","日証金","確報","200","0","200","0","0","0","200","200"
"6403","水道機工","東証","20230316","日証金","確報","0","300","2400","0","0","0","2400","-300"
"6405","鈴茂器工","東証","20230316","日証金","確報","0","200","900","0","0","0","900","-200"
"6406","フジテック","東証","20230316","日証金","確報","400","0","8500","600","1000","4700","3800","800"
"6407","ＣＫＤ","名証","20230316","日証金","確報","0","0","0","0","0","0","0","0"
"6407","ＣＫＤ","東証","20230316","日証金","確報","600","0","14400","100","0","4600","9800","500"
"6408","小倉クラッチ","東証","20230316","日証金","確報","0","0","700","0","0","0","700","0"
"6411","中野冷機","東証","20230316","日証金","確報","0","0","200","0","0","0","200","0"
"6412","平和","東証","20230316","日証金","確報","1300","200","5800","1200","500","21500","-15700","400"
"6413","理想科学工業","東証","20230316","日証金","確報","100","0","4300","0","700","3100","1200","800"
"6416","桂川電機","東証","20230316","日証金","確報","0","0","5000","0","0","0","5000","0"
"6417","ＳＡＮＫＹＯ","東証","20230316","日証金","確報","7400","0","45800","800","4500","47500","-1700","11100"
"6418","日本金銭機械","東証","20230316","日証金","確報","5000","5900","42300","0","900","42300","0","0"
"6419","マースグループＨＤ","東証","20230316","日証金","確報","200","5800","5700","700","200","2100","3600","-6100"
"6420","フクシマガリレイ","東証","20230316","日証金","確報","0","100","300","100","0","700","-400","-200"
"6424","高見沢サイバ","東証","20230316","日証金","確報","2200","1200","6300","0","0","0","6300","1000"
"6425","ユニバーサルエンタ","東証","20230316","日証金","確報","1700","300","99000","0","0","0","99000","1400"
"6428","オーイズミ","東証","20230316","日証金","確報","300","0","11100","0","0","2200","8900","300"
"6430","ダイコク電機","名証","20230316","日証金","確報","0","0","0","0","0","0","0","0"
"6430","ダイコク電機","東証","20230316","日証金","確報","308100","300","314400","100","47700","34600","279800","355400"
"6432","竹内製作所","東証","20230316","日証金","確報","4800","0","20900","100","100","8200","12700","4800"
"6433","ヒーハイスト","東証","20230316","日証金","確報","100","0","18800","0","0","0","18800","100"
"6436","アマノ","東証","20230316","日証金","確報","1200","0","6200","0","0","300","5900","1200"
"6439","中日本鋳工","名証","20230316","日証金","確報","0","0","0","0","0","0","0","0"
"6440","ジューキ","東証","20230316","日証金","確報","2500","0","116900","0","0","0","116900","2500"
"6444","サンデン","東証","20230316","日証金","確報","1200","0","179500","2600","6700","123500","56000","5300"
"6445","ジャノメ","東証","20230316","日証金","確報","300","0","14300","0","0","5000","9300","300"
"6448","ブラザー工業","名証","20230316","日証金","確報","0","0","0","0","0","0","0","0"
"6448","ブラザー工業","東証","20230316","日証金","確報","1300","0","34000","0","0","0","34000","1300"
"6454","マックス","東証","20230316","日証金","確報","0","0","500","0","0","0","500","0"
"6455","モリタＨＤ","東証","20230316","日証金","確報","300","0","9900","0","0","0","9900","300"
"6457","グローリー","東証","20230316","日証金","確報","5900","0","14200","900","3700","37000","-22800","8700"
"6458","新晃工業","東証","20230316","日証金","確報","200","0","1400","100","100","800","600","200"
"6459","大和冷機工業","東証","20230316","日証金","確報","0","0","1300","0","0","0","1300","0"
"6460","セガサミーＨＤ","東証","20230316","日証金","確報","5400","700","89800","200","0","6800","83000","4500"
"6461","日本ピストンリング","東証","20230316","日証金","確報","500","300","17900","0","200","0","17900","400"
"6462","リケン","東証","20230316","日証金","確報","2600","0","13700","0","0","0","13700","2600"
"6463","ＴＰＲ","東証","20230316","日証金","確報","0","500","4700","100","0","1100","3600","-600"
"6464","ツバキ・ナカシマ","東証","20230316","日証金","確報","16800","4200","87800","100","0","400","87400","12500"
"6465","ホシザキ","名証","20230316","日証金","確報","0","0","0","0","0","0","0","0"
"6465","ホシザキ","東証","20230316","日証金","確報","1000","200","12700","0","5500","2900","9800","6300"
"6466","ＴＶＥ","東証","20230316","日証金","確報","0","0","500","0","0","0","500","0"
"6467","ニチダイ","東証","20230316","日証金","確報","0","0","2400","0","0","0","2400","0"
"6469","放電精密加工研究所","東証","20230316","日証金","確報","0","0","3000","0","0","0","3000","0"
"6470","大豊工業","名証","20230316","日証金","確報","0","0","0","0","0","0","0","0"
"6470","大豊工業","東証","20230316","日証金","確報","0","0","13600","0","0","5400","8200","0"
"6471","日本精工","東証","20230316","日証金","確報","9000","21200","88900","0","0","1000","87900","-12200"
"6472","ＮＴＮ","東証","20230316","日証金","確報","63100","19700","426700","4000","201700","153700","273000","241100"
"6473","ジェイテクト","名証","20230316","日証金","確報","0","0","0","0","0","0","0","0"
"6473","ジェイテクト","東証","20230316","日証金","確報","31000","15700","46600","20000","4700","46600","0","0"
"6474","不二越","東証","20230316","日証金","確報","1600","0","6900","0","0","0","6900","1600"
"6479","ミネベアミツミ","東証","20230316","日証金","確報","3900","300","29200","19700","16100","29200","0","0"
"6480","日本トムソン","東証","20230316","日証金","確報","1700","3900","34800","0","0","2100","32700","-2200"
"6481","ＴＨＫ","東証","20230316","日証金","確報","4000","0","12700","2500","15600","15700","-3000","17100"
"6482","ユーシン精機","東証","20230316","日証金","確報","0","800","7900","0","400","0","7900","-400"
"6484","ケーブイケー","東証","20230316","日証金","確報","100","0","1900","0","0","0","1900","100"
"6485","前澤給装工業","東証","20230316","日証金","確報","300","400","2700","100","400","2700","0","200"
"6486","イーグル工業","東証","20230316","日証金","確報","500","1100","7100","0","0","0","7100","-600"
"6488","ヨシタケ","東証","20230316","日証金","確報","0","700","1300","0","0","0","1300","-700"
"6489","前澤工業","東証","20230316","日証金","確報","100","200","1800","0","0","1400","400","-100"
"6490","日本ピラー工業","東証","20230316","日証金","確報","2400","0","4800","300","1600","3700","1100","3700"
"6492","岡野バルブ製造","東証","20230316","日証金","確報","0","400","3000","0","0","0","3000","-400"
"6492","岡野バルブ製造","福証","20230316","日証金","確報","0","0","0","0","0","0","0","0"
"6493","ＮＩＴＴＡＮ","東証","20230316","日証金","確報","300","0","10700","0","0","0","10700","300"
"6494","ＮＦＫＨＤ","東証","20230316","日証金","確報","4600","0","127900","0","0","0","127900","4600"
"6495","宮入バルブ製作所","東証","20230316","日証金","確報","0","5100","20800","0","0","0","20800","-5100"
"6496","中北製作所","東証","20230316","日証金","確報","0","100","800","0","0","0","800","-100"
"6497","ハマイ","東証","20230316","日証金","確報","0","0","3500","0","0","0","3500","0"
"6498","キッツ","東証","20230316","日証金","確報","0","1900","6900","0","2500","1600","5300","600"
"6501","日立製作所","名証","20230316","日証金","確報","0","0","0","0","0","0","0","0"
"6501","日立製作所","東証","20230316","日証金","確報","15200","4000","64300","0","0","0","64300","11200"
"6502","東芝","名証","20230316","日証金","確報","0","0","0","0","0","0","0","0"
"6502","東芝","東証","20230316","日証金","確報","134300","1000","975600","0","0","0","975600","133300"
"6503","三菱電機","東証","20230316","日証金","確報","4200","15900","17400","36400","132500","355900","-338500","84400"
"6504","富士電機","名証","20230316","日証金","確報","0","0","0","0","0","0","0","0"
"6504","富士電機","東証","20230316","日証金","確報","3200","4200","36400","0","1200","5400","31000","200"
"6504","富士電機","福証","20230316","日証金","確報","0","0","0","0","0","0","0","0"
"6505","東洋電機製造","東証","20230316","日証金","確報","0","100","4800","0","0","200","4600","-100"
"6506","安川電機","東証","20230316","日証金","確報","400","3600","5800","20200","22700","416300","-410500","-700"
"6506","安川電機","福証","20230316","日証金","確報","0","0","0","0","0","0","0","0"
"6507","シンフォニアテクノ","東証","20230316","日証金","確報","1600","100","33200","0","0","0","33200","1500"
"6508","明電舎","名証","20230316","日証金","確報","0","0","0","0","0","0","0","0"
"6508","明電舎","東証","20230316","日証金","確報","200","0","5700","0","0","0","5700","200"
"6513","オリジン","東証","20230316","日証金","確報","400","100","4700","0","0","0","4700","300"
"6516","山洋電気","東証","20230316","日証金","確報","100","0","9000","0","0","0","9000","100"
"6517","デンヨー","東証","20230316","日証金","確報","100","100","6100","0","100","0","6100","100"
"6518","三相電機","東証","20230316","日証金","確報","0","300","1700","0","0","0","1700","-300"
"6521","オキサイド","東証","20230316","日証金","確報","200","0","22700","0","0","0","22700","200"
"6522","アスタリスク","東証","20230316","日証金","確報","500","100","12100","0","0","0","12100","400"
"6523","ＰＨＣＨＤ","東証","20230316","日証金","確報","100","100","13700","0","0","0","13700","0"
"6524","湖北工業","東証","20230316","日証金","確報","1800","1900","150800","0","0","150100","700","-100"
"6526","ソシオネクスト","東証","20230316","日証金","確報","400","7800","60500","0","0","0","60500","-7400"
"6532","ベイカレント","東証","20230316","日証金","確報","14500","200","57700","4100","8900","88200","-30500","19100"
"6533","オーケストラＨＤ","東証","20230316","日証金","確報","0","100","3400","0","0","0","3400","-100"
"6535","アイモバイル","東証","20230316","日証金","確報","0","200","3500","100","0","200","3300","-300"
"6537","ＷＡＳＨハウス","東証","20230316","日証金","確報","17700","66100","30600","0","0","31000","-400","-48400"
"6537","ＷＡＳＨハウス","福証","20230316","日証金","確報","0","0","0","0","0","0","0","0"
"6538","キャリアインデックス","東証","20230316","日証金","確報","0","11500","25100","0","0","300","24800","-11500"
"6539","ＭＳ－Ｊａｐａｎ","東証","20230316","日証金","確報","500","400","25100","100","0","25100","0","0"
"6540","船場","東証","20230316","日証金","確報","0","0","3600","0","0","0","3600","0"
"6542","ＦＣホールディングス","東証","20230316","日証金","確報","0","0","37800","0","0","100","37700","0"
"6543","日宣","東証","20230316","日証金","確報","0","0","900","0","0","0","900","0"
"6544","ＪＥＳＨＤ","東証","20230316","日証金","確報","700","400","16100","500","1600","24800","-8700","1400"
"6545","ＩＩＦ","東証","20230316","日証金","確報","0","0","7400","0","0","0","7400","0"
"6546","フルテック","札証","20230316","日証金","確報","0","0","0","0","0","0","0","0"
"6546","フルテック","東証","20230316","日証金","確報","0","0","200","0","0","0","200","0"
"6547","グリーンズ","名証","20230316","日証金","確報","0","0","0","0","0","0","0","0"
"6547","グリーンズ","東証","20230316","日証金","確報","1500","1800","17200","0","0","0","17200","-300"
"6549","ディーエムソリュ","東証","20230316","日証金","確報","0","100","1000","0","0","0","1000","-100"
"6550","Ｕｎｉｐｏｓ","東証","20230316","日証金","確報","13800","5500","58600","0","0","0","58600","8300"
"6551","ツナグＧＨＤ","東証","20230316","日証金","確報","2500","7100","87300","100","4700","87300","0","0"
"6552","ＧａｍｅＷｉｔｈ","東証","20230316","日証金","確報","1300","1300","55000","0","0","55000","0","0"
"6554","エスユーエス","東証","20230316","日証金","確報","0","600","24900","0","0","0","24900","-600"
"6555","ＭＳコンサル","東証","20230316","日証金","確報","100","0","5400","0","0","0","5400","100"
"6556","ウェルビー","東証","20230316","日証金","確報","100","1400","27700","0","1300","0","27700","0"
"6557","ＡＩＡＩグループ","東証","20230316","日証金","確報","400","0","10600","0","0","0","10600","400"
"6558","クックビズ","東証","20230316","日証金","確報","0","0","6600","0","0","0","6600","0"
"6560","エル・ティー・エス","東証","20230316","日証金","確報","100","400","5500","0","0","300","5200","-300"
"6561","ＨＡＮＡＴＯＵＲ","東証","20230316","日証金","確報","2400","0","18400","0","0","0","18400","2400"
"6562","ジーニー","東証","20230316","日証金","確報","20500","0","56800","1600","200","5300","51500","19100"
"6563","みらいワークス","東証","20230316","日証金","確報","0","200","7800","0","100","2300","5500","-100"
"6564","ミダックＨＤ","名証","20230316","日証金","確報","0","0","0","0","0","0","0","0"
"6564","ミダックＨＤ","東証","20230316","日証金","確報","700","0","5400","0","0","0","5400","700"
"6565","ＡＢホテル","名証","20230316","日証金","確報","0","0","0","0","0","0","0","0"
"6565","ＡＢホテル","東証","20230316","日証金","確報","1500","800","8700","0","0","0","8700","700"
"6566","要興業","東証","20230316","日証金","確報","0","500","7400","0","0","0","7400","-500"
"6567","ＳＥＲＩＯＨＤ","東証","20230316","日証金","確報","0","200","6900","0","0","0","6900","-200"
"6568","神戸天然物化学","東証","20230316","日証金","確報","1000","400","15500","0","0","0","15500","600"
"6569","日総工産","東証","20230316","日証金","確報","1200","2300","8100","100","200","600","7500","-1000"
"6570","共和コーポレーション","東証","20230316","日証金","確報","200","200","1700","100","100","1700","0","0"
"6571","キュービーネットＨＤ","東証","20230316","日証金","確報","300","0","29500","0","0","0","29500","300"
"6572","ＲＰＡ","東証","20230316","日証金","確報","0","0","24300","0","0","0","24300","0"
"6574","コンヴァノ","東証","20230316","日証金","確報","300","600","1300","0","0","0","1300","-300"
"6577","ベストワンドットコム","東証","20230316","日証金","確報","0","200","6900","0","0","0","6900","-200"
"6578","エヌリンクス","東証","20230316","日証金","確報","1500","0","15600","0","0","0","15600","1500"
"6579","ログリー","東証","20230316","日証金","確報","2700","0","13100","0","0","0","13100","2700"
"6580","ライトアップ","東証","20230316","日証金","確報","800","100","15800","0","0","0","15800","700"
"6584","三櫻工業","東証","20230316","日証金","確報","5100","1900","24000","0","12700","8100","15900","15900"
"6586","マキタ","名証","20230316","日証金","確報","0","0","0","0","0","0","0","0"
"6586","マキタ","東証","20230316","日証金","確報","1600","100","21700","0","2000","3200","18500","3500"
"6588","東芝テック","東証","20230316","日証金","確報","200","100","700","100","0","200","500","0"
"6590","芝浦メカトロニクス","東証","20230316","日証金","確報","1900","0","10200","100","8100","38300","-28100","9900"
"6592","マブチモーター","東証","20230316","日証金","確報","900","0","4100","0","0","600","3500","900"
"6594","日本電産","東証","20230316","日証金","確報","8900","17300","396300","0","800","400","395900","-7600"
"6597","ＨＰＣシステムズ","東証","20230316","日証金","確報","1400","0","11400","0","0","0","11400","1400"
"6599","エブレン","東証","20230316","日証金","確報","0","0","2300","0","0","0","2300","0"
"6612","バルミューダ","東証","20230316","日証金","確報","0","0","800","0","0","0","800","0"
"6613","ＱＤレーザ","東証","20230316","日証金","確報","7900","500","148000","0","0","0","148000","7400"
"6614","シキノハイテック","東証","20230316","日証金","確報","1000","500","10400","0","0","0","10400","500"
"6615","ＵＭＣエレ","東証","20230316","日証金","確報","100","200","17700","0","0","2000","15700","-100"
"6616","トレックス・セミコン","東証","20230316","日証金","確報","500","0","15400","0","0","0","15400","500"
"6617","東光高岳","東証","20230316","日証金","確報","1100","200","28700","0","0","1000","27700","900"
"6618","大泉製作所","東証","20230316","日証金","確報","500","12000","22400","0","0","0","22400","-11500"
"6619","ダブル・スコープ","東証","20230316","日証金","確報","86700","87900","2084400","1000","2200","2084400","0","0"
"6620","宮越ホールディングス","東証","20230316","日証金","確報","0","0","7000","0","0","0","7000","0"
"6622","ダイヘン","東証","20230316","日証金","確報","300","0","4200","0","0","200","4000","300"
"6622","ダイヘン","福証","20230316","日証金","確報","0","0","0","0","0","0","0","0"
"6623","愛知電機","名証","20230316","日証金","確報","0","0","4300","0","0","0","4300","0"
"6625","ＪＡＬＣＯ　ＨＤ","東証","20230316","日証金","確報","3300","6600","528400","0","2500","0","528400","-800"
"6626","ＳＥＭＩＴＥＣ","東証","20230316","日証金","確報","100","100","18500","0","0","0","18500","0"
"6627","テラプローブ","東証","20230316","日証金","確報","2000","0","11800","0","0","0","11800","2000"
"6629","テクノホライゾン","東証","20230316","日証金","確報","900","8300","99900","0","2000","0","99900","-5400"
"6630","ヤーマン","東証","20230316","日証金","確報","56700","14000","89900","1700","136900","3700","86200","177900"
"6632","ＪＶＣケンウッド","東証","20230316","日証金","確報","124800","900","710300","0","51000","99300","611000","174900"
"6633","Ｃ＆Ｇシステムズ","東証","20230316","日証金","確報","0","0","14300","0","0","0","14300","0"
"6634","ネクスグループ","東証","20230316","日証金","確報","0","2700","110100","0","0","0","110100","-2700"
"6635","大日光・エンジニア","東証","20230316","日証金","確報","0","100","1400","0","0","0","1400","-100"
"6637","寺崎電気産業","東証","20230316","日証金","確報","0","100","2400","0","0","0","2400","-100"
"6638","ミマキエンジニア","東証","20230316","日証金","確報","2400","7500","24500","400","6000","900","23600","500"
"6640","Ｉ－ＰＥＸ","東証","20230316","日証金","確報","0","600","11700","5200","100","7500","4200","-5700"
"6641","日新電機","東証","20230316","日証金","確報","1600","100","3400","0","0","0","3400","1500"
"6643","戸上電機製作所","東証","20230316","日証金","確報","0","0","800","0","0","600","200","0"
"6644","大崎電気工業","東証","20230316","日証金","確報","100","200","6100","0","0","0","6100","-100"
"6645","オムロン","東証","20230316","日証金","確報","1100","5000","7200","19700","600","20500","-13300","-23000"
"6647","森尾電機","東証","20230316","日証金","確報","200","0","1000","0","0","0","1000","200"
"6648","かわでん","東証","20230316","日証金","確報","0","0","200","0","0","0","200","0"
"6651","日東工業","名証","20230316","日証金","確報","0","0","0","0","0","0","0","0"
"6651","日東工業","東証","20230316","日証金","確報","400","500","23700","0","2300","3300","20400","2200"
"6652","ＩＤＥＣ","東証","20230316","日証金","確報","2500","100","5900","0","200","1900","4000","2600"
"6653","正興電機製作所","東証","20230316","日証金","確報","200","0","11600","0","0","0","11600","200"
"6653","正興電機製作所","福証","20230316","日証金","確報","0","0","0","0","0","0","0","0"
"6654","不二電機工業","東証","20230316","日証金","確報","600","300","5400","0","100","60000","-54600","400"
"6655","東洋電機","名証","20230316","日証金","確報","0","0","0","0","0","0","0","0"
"6656","インスペック","東証","20230316","日証金","確報","4600","2200","42800","0","100","42800","0","2500"
"6658","シライ電子工業","東証","20230316","日証金","確報","2500","9000","48400","0","0","0","48400","-6500"
"6659","メディアリンクス","東証","20230316","日証金","確報","27500","13900","1201900","0","0","0","1201900","13600"
"6662","ユビテック","東証","20230316","日証金","確報","0","8100","691900","0","0","0","691900","-8100"
"6663","太洋工業","東証","20230316","日証金","確報","0","0","8300","0","0","0","8300","0"
"6664","オプトエレク","東証","20230316","日証金","確報","300","2800","400","300","0","400","0","-2800"
"6666","リバーエレテック","東証","20230316","日証金","確報","0","0","26900","0","0","0","26900","0"
"6668","アドテックプラズマ","東証","20230316","日証金","確報","800","1000","32700","0","0","0","32700","-200"
"6670","ＭＣＪ","東証","20230316","日証金","確報","2300","1400","14000","100","1100","5500","8500","1900"
"6674","ジーエス・ユアサ","東証","20230316","日証金","確報","600","500","10500","0","0","2000","8500","100"
"6675","サクサＨＤ","東証","20230316","日証金","確報","20000","12100","24000","0","1900","14200","9800","9800"
"6676","メルコＨＤ","名証","20230316","日証金","確報","0","0","0","0","0","0","0","0"
"6676","メルコＨＤ","東証","20230316","日証金","確報","600","0","13000","0","0","0","13000","600"
"6677","エスケーエレク","東証","20230316","日証金","確報","200","1000","13300","0","0","0","13300","-800"
"6678","テクノメディカ","東証","20230316","日証金","確報","0","0","1100","0","0","0","1100","0"
"6694","ズーム","東証","20230316","日証金","確報","100","0","1900","0","0","0","1900","100"
"6696","トラースＯＰ","東証","20230316","日証金","確報","800","900","22500","0","0","0","22500","-100"
"6697","テックポイント","東証","20230316","日証金","確報","0","0","203700","0","0","0","203700","0"
"6698","ＶｉＳＣＯＴＥＣ","東証","20230316","日証金","確報","100","0","6000","0","0","0","6000","100"
"6699","ダイヤＨＤ","東証","20230316","日証金","確報","400","100","26500","0","0","0","26500","300"
"6701","日本電気","東証","20230316","日証金","確報","2200","3200","35100","0","0","900","34200","-1000"
"6702","富士通","名証","20230316","日証金","確報","0","0","0","0","0","0","0","0"
"6702","富士通","東証","20230316","日証金","確報","1800","5900","18000","1800","3100","20800","-2800","-2800"
"6703","沖電気工業","東証","20230316","日証金","確報","6000","100","76400","0","0","2200","74200","5900"
"6704","岩崎通信機","東証","20230316","日証金","確報","200","0","2000","300","400","1100","900","300"
"6706","電気興業","東証","20230316","日証金","確報","1400","0","61200","100","0","500","60700","1300"
"6707","サンケン電気","東証","20230316","日証金","確報","0","200","5400","1400","7300","82200","-76800","5700"
"6715","ナカヨ","東証","20230316","日証金","確報","200","0","3600","0","2500","400","3200","2700"
"6718","アイホン","名証","20230316","日証金","確報","0","0","0","0","0","0","0","0"
"6718","アイホン","東証","20230316","日証金","確報","200","400","1000","100","300","1000","0","0"
"6721","ウインテスト","東証","20230316","日証金","確報","1100","800","191400","0","0","0","191400","300"
"6723","ルネサスエレク","東証","20230316","日証金","確報","4700","22700","357400","11800","29800","357400","0","0"
"6724","セイコーエプソン","東証","20230316","日証金","確報","17600","3200","36800","36800","5600","36800","0","-16800"
"6727","ワコム","東証","20230316","日証金","確報","2400","0","123600","0","0","7400","116200","2400"
"6728","アルバック","東証","20230316","日証金","確報","1800","100","12200","0","100","3000","9200","1800"
"6730","アクセル","東証","20230316","日証金","確報","1600","200","34000","2900","12000","16100","17900","10500"
"6731","ピクセラ","東証","20230316","日証金","確報","7400","0","325700","0","0","0","325700","7400"
"6734","ニューテック","東証","20230316","日証金","確報","0","0","22400","0","0","0","22400","0"
"6736","サン電子","東証","20230316","日証金","確報","1000","700","5400","0","100","500","4900","400"
"6737","ＥＩＺＯ","東証","20230316","日証金","確報","0","0","3300","0","0","500","2800","0"
"6740","ジャパンディスプレイ","東証","20230316","日証金","確報","133200","10800","2656100","4000","203600","1860800","795300","322000"
"6741","日本信号","東証","20230316","日証金","確報","0","100","3200","0","200","200","3000","100"
"6742","京三製作所","東証","20230316","日証金","確報","0","5500","5600","0","0","300","5300","-5500"
"6743","大同信号","東証","20230316","日証金","確報","0","0","100","0","0","0","100","0"
"6744","能美防災","東証","20230316","日証金","確報","200","200","700","0","0","700","0","0"
"6745","ホーチキ","東証","20230316","日証金","確報","400","600","800","0","300","400","400","100"
"6748","星和電機","東証","20230316","日証金","確報","0","0","8300","0","0","0","8300","0"
"6750","エレコム","東証","20230316","日証金","確報","0","500","9400","0","0","3200","6200","-500"
"6752","パナソニックＨＤ","名証","20230316","日証金","確報","0","0","200","0","0","0","200","0"
"6752","パナソニックＨＤ","東証","20230316","日証金","確報","7700","8000","55400","34700","0","34700","20700","-35000"
"6753","シャープ","東証","20230316","日証金","確報","10100","22800","375100","28900","37600","1019800","-644700","-4000"
"6754","アンリツ","東証","20230316","日証金","確報","15300","1900","133700","0","0","1400","132300","13400"
"6755","富士通ゼネラル","東証","20230316","日証金","確報","2500","10500","1024400","0","0","43600","980800","-8000"
"6757","ＯＳＧコーポ","東証","20230316","日証金","確報","100","0","4800","0","0","0","4800","100"
"6758","ソニーグループ","東証","20230316","日証金","確報","10700","19900","94400","2600","0","7600","86800","-11800"
"6762","ＴＤＫ","東証","20230316","日証金","確報","38200","3600","67100","66000","0","67100","0","-31400"
"6763","帝国通信工業","東証","20230316","日証金","確報","0","0","400","0","1000","300","100","1000"
"6768","タムラ製作所","東証","20230316","日証金","確報","16100","3900","178100","500","0","4500","173600","11700"
"6769","ザインエレク","東証","20230316","日証金","確報","100","100","12500","0","0","0","12500","0"
"6770","アルプスアルパイン","東証","20230316","日証金","確報","91500","21500","183400","400","0","44600","138800","69600"
"6771","池上通信機","東証","20230316","日証金","確報","0","0","8300","0","0","200","8100","0"
"6772","東京コスモス電機","東証","20230316","日証金","確報","0","1500","3200","0","0","0","3200","-1500"
"6775","ＴＢグループ","東証","20230316","日証金","確報","21800","6600","105400","0","0","0","105400","15200"
"6776","天昇電気工業","東証","20230316","日証金","確報","0","200","8200","0","0","0","8200","-200"
"6777","ｓａｎｔｅｃ","東証","20230316","日証金","確報","5500","100","28600","0","0","0","28600","5400"
"6778","アルチザＮＷ","東証","20230316","日証金","確報","300","300","18100","0","0","0","18100","0"
"6779","日本電波工業","東証","20230316","日証金","確報","500","400","117700","0","0","0","117700","100"
"6785","鈴木","東証","20230316","日証金","確報","0","2000","12400","2200","0","10300","2100","-4200"
"6786","ＲＶＨ","東証","20230316","日証金","確報","0","0","1100","0","0","0","1100","0"
"6787","メイコー","東証","20230316","日証金","確報","400","1600","14000","0","0","300","13700","-1200"
"6788","日本トリム","東証","20230316","日証金","確報","0","700","3100","300","100","500","2600","-900"
"6789","ローランドＤＧ","東証","20230316","日証金","確報","0","0","1700","100","0","600","1100","-100"
"6794","フォスター電機","東証","20230316","日証金","確報","0","200","11300","100","0","9200","2100","-300"
"6797","名古屋電機工業","名証","20230316","日証金","確報","0","0","58900","0","0","0","58900","0"
"6798","ＳＭＫ","東証","20230316","日証金","確報","0","0","4200","0","0","100","4100","0"
"6800","ヨコオ","東証","20230316","日証金","確報","0","100","25600","0","0","1100","24500","-100"
"6803","ティアック","東証","20230316","日証金","確報","11500","400","109900","0","0","0","109900","11100"
"6804","ホシデン","東証","20230316","日証金","確報","500","0","26000","0","100","300","25700","600"
"6806","ヒロセ電機","東証","20230316","日証金","確報","0","0","1900","0","0","0","1900","0"
"6807","日本航空電子工業","東証","20230316","日証金","確報","0","1200","6300","0","1100","600","5700","-100"
"6809","ティーオーエー","東証","20230316","日証金","確報","0","0","6400","0","0","100","6300","0"
"6810","マクセル","東証","20230316","日証金","確報","900","100","3500","0","0","0","3500","800"
"6814","古野電気","東証","20230316","日証金","確報","100","0","11800","0","0","0","11800","100"
"6817","スミダコーポ","東証","20230316","日証金","確報","500","3800","50600","0","0","1400","49200","-3300"
"6819","伊豆シャボテン","東証","20230316","日証金","確報","15000","21900","355300","0","0","0","355300","-6900"
"6820","アイコム","東証","20230316","日証金","確報","100","0","400","200","100","400","0","0"
"6822","大井電気","東証","20230316","日証金","確報","0","0","200","0","0","0","200","0"
"6823","リオン","東証","20230316","日証金","確報","0","100","1200","100","0","100","1100","-200"
"6824","新コスモス電機","東証","20230316","日証金","確報","0","0","100","0","0","0","100","0"
"6832","アオイ電子","東証","20230316","日証金","確報","0","0","3100","0","0","0","3100","0"
"6834","精工技研","東証","20230316","日証金","確報","0","100","1800","0","0","0","1800","-100"
"6835","アライドテレシスＨＤ","東証","20230316","日証金","確報","1300","1300","133100","0","0","0","133100","0"
"6836","ぷらっとホーム","東証","20230316","日証金","確報","0","100","100","0","0","0","100","-100"
"6837","京写","東証","20230316","日証金","確報","0","800","43500","0","0","0","43500","-800"
"6838","多摩川ＨＤ","東証","20230316","日証金","確報","900","0","19800","0","0","0","19800","900"
"6840","ＡＫＩＢＡＨＤ","東証","20230316","日証金","確報","0","1300","55900","0","0","0","55900","-1300"
"6841","横河電機","東証","20230316","日証金","確報","13100","100","20200","20000","900","20200","0","-6100"
"6844","新電元工業","東証","20230316","日証金","確報","1800","0","11800","100","0","2100","9700","1700"
"6845","アズビル","東証","20230316","日証金","確報","500","0","5400","0","400","2200","3200","900"
"6846","中央製作所","名証","20230316","日証金","確報","0","0","300","0","0","0","300","0"
"6848","東亜ディーケーケー","東証","20230316","日証金","確報","0","200","1900","0","100","1000","900","-100"
"6849","日本光電工業","東証","20230316","日証金","確報","0","200","1200","200","400","11400","-10200","0"
"6850","チノー","東証","20230316","日証金","確報","0","0","2000","200","300","900","1100","100"
"6853","共和電業","東証","20230316","日証金","確報","0","0","12400","0","100","0","12400","100"
"6855","日本電子材料","東証","20230316","日証金","確報","0","0","5200","100","0","5200","0","-100"
"6856","堀場製作所","東証","20230316","日証金","確報","0","0","2300","100","3400","32200","-29900","3300"
"6857","アドバンテスト","東証","20230316","日証金","確報","200","2200","16300","54300","49400","527100","-510800","-6900"
"6858","小野測器","東証","20230316","日証金","確報","0","100","45400","0","0","0","45400","-100"
"6859","エスペック","東証","20230316","日証金","確報","200","0","1200","0","300","0","1200","500"
"6861","キーエンス","東証","20230316","日証金","確報","1500","8200","5300","34200","1300","35900","-30600","-39600"
"6862","ミナトＨＤ","東証","20230316","日証金","確報","0","800","26600","0","0","0","26600","-800"
"6863","ニレコ","東証","20230316","日証金","確報","0","0","6000","0","0","0","6000","0"
"6864","エヌエフＨＤ","東証","20230316","日証金","確報","200","0","12600","0","0","0","12600","200"
"6866","日置電機","東証","20230316","日証金","確報","500","100","3000","200","0","3700","-700","200"
"6867","リーダー電子","東証","20230316","日証金","確報","0","0","5400","0","0","0","5400","0"
"6869","シスメックス","東証","20230316","日証金","確報","2500","500","9000","0","800","0","9000","2800"
"6870","日本フェンオール","東証","20230316","日証金","確報","0","0","500","0","0","0","500","0"
"6871","日本マイクロニクス","東証","20230316","日証金","確報","100","0","10900","2100","0","4700","6200","-2000"
"6874","協立電機","東証","20230316","日証金","確報","100","1100","20600","0","0","0","20600","-1000"
"6875","メガチップス","東証","20230316","日証金","確報","1100","2100","10100","600","0","1000","9100","-1600"
"6877","ＯＢＡＲＡＧ","東証","20230316","日証金","確報","0","0","2300","0","0","0","2300","0"
"6879","ＩＭＡＧＩＣＡ　Ｇ","東証","20230316","日証金","確報","1300","500","96400","600","0","600","95800","200"
"6881","キョウデン","東証","20230316","日証金","確報","13200","13200","100000","0","0","100000","0","0"
"6882","三社電機製作所","東証","20230316","日証金","確報","500","0","11900","0","0","1000","10900","500"
"6888","アクモス","東証","20230316","日証金","確報","0","0","4400","0","0","0","4400","0"
"6890","フェローテック","東証","20230316","日証金","確報","16500","0","234000","0","2000","32200","201800","18500"
"6894","パルステック工業","東証","20230316","日証金","確報","0","0","400","0","0","0","400","0"
"6897","ツインバード","東証","20230316","日証金","確報","0","100","6600","0","0","0","6600","-100"
"6898","トミタ電機","東証","20230316","日証金","確報","500","1300","14900","0","0","0","14900","-800"
"6899","ＡＳＴＩ","東証","20230316","日証金","確報","0","200","7400","0","0","0","7400","-200"
"6901","澤藤電機","東証","20230316","日証金","確報","1000","0","4900","0","100","0","4900","1100"
"6902","デンソー","名証","20230316","日証金","確報","0","0","0","0","0","0","0","0"
"6902","デンソー","東証","20230316","日証金","確報","9500","9400","42900","10500","300","11200","31700","-10100"
"6904","原田工業","東証","20230316","日証金","確報","0","100","2600","0","0","0","2600","-100"
"6905","コーセル","東証","20230316","日証金","確報","0","0","8400","600","4500","16800","-8400","3900"
"6907","ジオマテック","東証","20230316","日証金","確報","20400","0","25300","0","0","0","25300","20400"
"6908","イリソ電子工業","東証","20230316","日証金","確報","200","300","1500","0","0","400","1100","-100"
"6912","菊水ホールディングス","東証","20230316","日証金","確報","200","0","2700","0","0","0","2700","200"
"6914","オプテックスグループ","東証","20230316","日証金","確報","0","300","6100","0","0","1000","5100","-300"
"6915","千代田インテグレ","東証","20230316","日証金","確報","0","0","14000","0","0","100","13900","0"
"6918","アバールデータ","東証","20230316","日証金","確報","800","0","15600","0","0","0","15600","800"
"6919","ケル","東証","20230316","日証金","確報","300","500","2100","0","300","0","2100","100"
"6920","レーザーテック","東証","20230316","日証金","確報","100","32700","165300","8900","30200","76100","89200","-11300"
"6923","スタンレー電気","東証","20230316","日証金","確報","1500","100","3300","0","100","1800","1500","1500"
"6924","岩崎電気","東証","20230316","日証金","確報","700","0","1900","0","0","0","1900","700"
"6925","ウシオ電機","東証","20230316","日証金","確報","6000","400","42700","0","0","0","42700","5600"
"6926","岡谷電機産業","東証","20230316","日証金","確報","2500","100","12400","20000","100","55800","-43400","-17500"
"6927","ヘリオステクノＨＤ","東証","20230316","日証金","確報","0","4400","167500","0","0","0","167500","-4400"
"6928","エノモト","東証","20230316","日証金","確報","0","1100","7300","0","0","0","7300","-1100"
"6929","日本セラミック","東証","20230316","日証金","確報","100","0","2400","0","0","2200","200","100"
"6930","日本アンテナ","東証","20230316","日証金","確報","0","0","700","0","0","0","700","0"
"6932","遠藤照明","東証","20230316","日証金","確報","600","0","17300","0","200","300","17000","800"
"6937","古河電池","東証","20230316","日証金","確報","200","0","21500","0","0","0","21500","200"
"6938","双信電機","東証","20230316","日証金","確報","0","500","23400","0","0","0","23400","-500"
"6941","山一電機","東証","20230316","日証金","確報","1500","600","44000","0","400","1700","42300","1300"
"6942","ソフィアＨＤ","東証","20230316","日証金","確報","0","100","2000","0","0","0","2000","-100"
"6943","ＮＫＫスイッチズ","東証","20230316","日証金","確報","0","100","200","0","0","0","200","-100"
"6946","日本アビオニクス","東証","20230316","日証金","確報","100","300","4100","0","0","0","4100","-200"
"6947","図研","東証","20230316","日証金","確報","0","0","800","400","0","800","0","-400"
"6951","日本電子","東証","20230316","日証金","確報","3100","1600","94500","100","0","600","93900","1400"
"6952","カシオ計算機","東証","20230316","日証金","確報","900","11800","24600","20300","0","22600","2000","-31200"
"6954","ファナック","東証","20230316","日証金","確報","3100","300","15000","20600","10000","34600","-19600","-7800"
"6955","エフ・ディー・ケイ","東証","20230316","日証金","確報","0","100","9600","0","0","0","9600","-100"
"6957","芝浦電子","東証","20230316","日証金","確報","10900","100","13300","1100","0","3600","9700","9700"
"6958","日本シイエムケイ","東証","20230316","日証金","確報","2000","0","85800","0","0","400","85400","2000"
"6960","フクダ電子","東証","20230316","日証金","確報","0","0","1100","0","0","0","1100","0"
"6961","エンプラス","東証","20230316","日証金","確報","200","200","4500","0","300","1400","3100","300"
"6962","大真空","東証","20230316","日証金","確報","1000","15200","76100","0","0","1400","74700","-14200"
"6963","ローム","東証","20230316","日証金","確報","700","2900","30500","0","0","800","29700","-2200"
"6964","サンコー","東証","20230316","日証金","確報","0","0","400","0","0","0","400","0"
"6965","浜松ホトニクス","東証","20230316","日証金","確報","600","500","22500","100","0","100","22400","0"
"6966","三井ハイテック","東証","20230316","日証金","確報","59800","10700","161500","3800","1000","361800","-200300","46300"
"6966","三井ハイテック","福証","20230316","日証金","確報","0","0","0","0","0","0","0","0"
"6967","新光電気工業","東証","20230316","日証金","確報","16400","100","101900","100","0","6500","95400","16200"
"6969","松尾電機","東証","20230316","日証金","確報","0","300","10400","0","0","0","10400","-300"
"6971","京セラ","東証","20230316","日証金","確報","21800","6900","34500","34100","0","34500","0","-19200"
"6973","協栄産業","東証","20230316","日証金","確報","0","300","1200","0","0","0","1200","-300"
"6976","太陽誘電","東証","20230316","日証金","確報","4100","5800","42600","14100","1900","27200","15400","-13900"
"6977","日本抵抗器製作所","東証","20230316","日証金","確報","0","0","14900","0","0","0","14900","0"
"6981","村田製作所","東証","20230316","日証金","確報","400","12700","39200","11800","200","16700","22500","-23900"
"6982","リード","東証","20230316","日証金","確報","0","300","2400","0","0","0","2400","-300"
"6986","双葉電子工業","東証","20230316","日証金","確報","500","100","34800","0","0","0","34800","400"
"6988","日東電工","東証","20230316","日証金","確報","1100","1800","3200","19700","1000","27200","-24000","-19400"
"6989","北陸電気工業","東証","20230316","日証金","確報","600","0","8000","0","0","0","8000","600"
"6993","大黒屋ＨＤ","東証","20230316","日証金","確報","235200","247300","1500000","0","0","1500000","0","-12100"
"6994","指月電機製作所","東証","20230316","日証金","確報","0","100","5800","0","0","0","5800","-100"
"6995","東海理化電機製作所","名証","20230316","日証金","確報","0","0","0","0","0","0","0","0"
"6995","東海理化電機製作所","東証","20230316","日証金","確報","2200","700","9800","0","0","100","9700","1500"
"6996","ニチコン","東証","20230316","日証金","確報","1100","2000","104300","0","0","0","104300","-900"
"6997","日本ケミコン","東証","20230316","日証金","確報","900","700","49500","100","13700","92700","-43200","13800"
"6998","日本タングステン","東証","20230316","日証金","確報","100","300","2400","0","0","0","2400","-200"
"6998","日本タングステン","福証","20230316","日証金","確報","0","0","0","0","0","0","0","0"
"6999","コーア","名証","20230316","日証金","確報","0","0","0","0","0","0","0","0"
"6999","コーア","東証","20230316","日証金","確報","0","1300","32800","0","0","0","32800","-1300"
"7003","三井Ｅ＆Ｓ","東証","20230316","日証金","確報","2800","3600","90600","2100","700","11000","79600","-2200"
"7004","日立造船","東証","20230316","日証金","確報","17300","0","104400","4000","300","8500","95900","13600"
"7011","三菱重工業","名証","20230316","日証金","確報","0","0","0","0","0","0","0","0"
"7011","三菱重工業","札証","20230316","日証金","確報","0","0","0","0","0","0","0","0"
"7011","三菱重工業","東証","20230316","日証金","確報","13100","2000","280600","2800","0","2800","277800","8300"
"7011","三菱重工業","福証","20230316","日証金","確報","0","0","0","0","0","0","0","0"
"7012","川崎重工業","名証","20230316","日証金","確報","0","0","0","0","0","0","0","0"
"7012","川崎重工業","東証","20230316","日証金","確報","13500","3000","167900","0","0","0","167900","10500"
"7013","ＩＨＩ","東証","20230316","日証金","確報","2400","8100","134000","0","100","300","133700","-5600"
"7014","名村造船所","東証","20230316","日証金","確報","10100","5500","617200","0","0","2500","614700","4600"
"7018","内海造船","東証","20230316","日証金","確報","200","0","7000","0","0","0","7000","200"
"7021","ニッチツ","東証","20230316","日証金","確報","0","0","1300","0","0","0","1300","0"
"7022","サノヤスＨＤ","東証","20230316","日証金","確報","20100","0","48600","0","400","0","48600","20500"
"7030","スプリックス","東証","20230316","日証金","確報","0","1000","23100","0","100","1100","22000","-900"
"7031","インバウンドテック","東証","20230316","日証金","確報","3100","1500","19100","0","0","0","19100","1600"
"7033","ＭＳＯＬ","東証","20230316","日証金","確報","4500","400","29000","0","0","0","29000","4100"
"7034","プロレド","東証","20230316","日証金","確報","1800","0","4500","0","0","0","4500","1800"
"7035","ａｎｆａｃ","東証","20230316","日証金","確報","0","100","12000","0","0","6800","5200","-100"
"7036","イーエムネットＪ","東証","20230316","日証金","確報","0","500","2700","0","0","0","2700","-500"
"7037","テノ．","東証","20230316","日証金","確報","0","600","10100","0","0","0","10100","-600"
"7037","テノ．","福証","20230316","日証金","確報","0","0","0","0","0","0","0","0"
"7038","フロンティアＭ","東証","20230316","日証金","確報","1000","2700","12800","0","0","0","12800","-1700"
"7039","ブリッジ","東証","20230316","日証金","確報","200","300","3100","0","0","1200","1900","-100"
"7040","サン・ライフＨＤ","東証","20230316","日証金","確報","0","0","500","0","0","0","500","0"
"7041","ＣＲＧＨＤ","東証","20230316","日証金","確報","0","0","1900","0","0","0","1900","0"
"7042","アクセスグループ","東証","20230316","日証金","確報","2800","900","3400","0","0","0","3400","1900"
"7043","アルー","東証","20230316","日証金","確報","0","0","1700","0","0","0","1700","0"
"7044","ピアラ","東証","20230316","日証金","確報","0","200","11800","0","0","0","11800","-200"
"7046","ＴＤＳＥ","東証","20230316","日証金","確報","0","1300","4500","0","0","0","4500","-1300"
"7047","ポート","東証","20230316","日証金","確報","0","1100","25900","0","600","1800","24100","-500"
"7047","ポート","福証","20230316","日証金","確報","0","0","0","0","0","0","0","0"
"7048","ベルトラ","東証","20230316","日証金","確報","40100","20100","190200","0","53100","49800","140400","73100"
"7049","識学","東証","20230316","日証金","確報","0","0","10500","0","0","300","10200","0"
"7050","フロンティアＩ","東証","20230316","日証金","確報","300","0","7100","0","0","0","7100","300"
"7057","エヌ・シー・エヌ","東証","20230316","日証金","確報","0","0","1800","0","0","0","1800","0"
"7058","共栄セキュリティ","東証","20230316","日証金","確報","0","0","2400","0","0","0","2400","0"
"7059","コプロＨＤ","名証","20230316","日証金","確報","0","0","0","0","0","0","0","0"
"7059","コプロＨＤ","東証","20230316","日証金","確報","0","300","8500","0","2200","500","8000","1900"
"7060","ギークス","東証","20230316","日証金","確報","1400","0","17100","2600","900","8300","8800","-300"
"7061","日本ホスピス","東証","20230316","日証金","確報","3700","5100","11600","0","2000","1900","9700","600"
"7062","フレアス","東証","20230316","日証金","確報","0","0","2200","0","0","0","2200","0"
"7063","Ｂｉｒｄｍａｎ","東証","20230316","日証金","確報","0","100","22800","0","0","0","22800","-100"
"7064","ハウテレビジョン","東証","20230316","日証金","確報","0","100","3500","0","0","0","3500","-100"
"7065","ユーピーアール","東証","20230316","日証金","確報","1700","3700","32600","600","200","35000","-2400","-2400"
"7066","ピアズ","東証","20230316","日証金","確報","3200","400","22200","0","0","0","22200","2800"
"7067","ブランディング","東証","20230316","日証金","確報","200","0","1700","0","0","0","1700","200"
"7068","ＦフォースＧ","東証","20230316","日証金","確報","0","20600","12200","2600","3400","44700","-32500","-19800"
"7069","サイバー・バズ","東証","20230316","日証金","確報","0","300","1400","0","0","0","1400","-300"
"7071","アンビス","東証","20230316","日証金","確報","11600","93500","103900","0","9600","103900","0","-72300"
"7072","インテＭ","東証","20230316","日証金","確報","400","4100","9300","0","0","0","9300","-3700"
"7073","ジェイック","東証","20230316","日証金","確報","100","300","1100","0","0","0","1100","-200"
"7074","２４７","東証","20230316","日証金","確報","600","4000","7800","0","0","0","7800","-3400"
"7076","名南Ｍ＆Ａ","名証","20230316","日証金","確報","0","0","2000","0","0","0","2000","0"
"7077","ＡＬｉＮＫ","東証","20230316","日証金","確報","0","0","1600","0","0","0","1600","0"
"7078","ＩＮＣＬＵＳＩＶＥ","東証","20230316","日証金","確報","300","1000","58800","0","0","0","58800","-700"
"7079","ＷＤＢココ","東証","20230316","日証金","確報","0","0","800","0","0","0","800","0"
"7080","スポーツフィールド","東証","20230316","日証金","確報","300","0","5700","0","0","0","5700","300"
"7081","コーユーレンティア","東証","20230316","日証金","確報","100","0","1100","0","0","0","1100","100"
"7082","ジモティー","東証","20230316","日証金","確報","300","0","7800","0","0","0","7800","300"
"7083","ＡＨＣグループ","東証","20230316","日証金","確報","0","0","1200","0","0","0","1200","0"
"7084","キッズスマイル","東証","20230316","日証金","確報","100","100","5800","0","0","0","5800","0"
"7085","カーブスＨＤ","東証","20230316","日証金","確報","3600","1500","26200","1200","700","3100","23100","1600"
"7086","きずなＨＤ","東証","20230316","日証金","確報","400","0","5400","0","0","0","5400","400"
"7087","ウイルテック","東証","20230316","日証金","確報","0","0","6900","0","0","0","6900","0"
"7088","フォーラムエンジニア","東証","20230316","日証金","確報","200","0","10700","0","0","0","10700","200"
"7089","フォースタ","東証","20230316","日証金","確報","100","500","16500","0","0","0","16500","-400"
"7090","リグア","東証","20230316","日証金","確報","0","0","200","0","0","0","200","0"
"7091","ＬＰＦ","東証","20230316","日証金","確報","0","0","900","0","0","0","900","0"
"7092","ＦＦＪ","東証","20230316","日証金","確報","0","400","9000","0","0","0","9000","-400"
"7093","アディッシュ","東証","20230316","日証金","確報","0","0","4600","0","0","0","4600","0"
"7094","ＮｅｘＴｏｎｅ","東証","20230316","日証金","確報","300","0","26000","200","0","3600","22400","100"
"7095","ＭａｃｂｅｅＰ","東証","20230316","日証金","確報","1300","0","8000","0","0","0","8000","1300"
"7096","ステムセル研究所","東証","20230316","日証金","確報","300","0","3200","0","0","0","3200","300"
"7097","さくらさくプラス","東証","20230316","日証金","確報","0","100","14900","0","0","0","14900","-100"
"7102","日本車輌製造","名証","20230316","日証金","確報","0","0","0","0","0","0","0","0"
"7102","日本車輌製造","東証","20230316","日証金","確報","100","0","1100","0","100","0","1100","200"
"7105","三菱ロジスネクスト","東証","20230316","日証金","確報","1000","200","2800","1200","500","19000","-16200","100"
"7110","クラシコム","東証","20230316","日証金","確報","300","1600","8600","0","0","0","8600","-1300"
"7111","ＩＮＥＳＴ","東証","20230316","日証金","確報","2300","2000","45400","0","0","0","45400","300"
"7112","キューブ","東証","20230316","日証金","確報","200","0","11900","0","0","0","11900","200"
"7114","フーディソン","東証","20230316","日証金","確報","200","100","5100","0","0","0","5100","100"
"7115","アルファパーチェス","東証","20230316","日証金","確報","800","4500","23200","0","0","0","23200","-3700"
"7116","ダイワ通信","東証","20230316","日証金","確報","1200","0","22300","0","0","0","22300","1200"
"7122","近畿車輛","東証","20230316","日証金","確報","1300","0","7400","0","400","5300","2100","1700"
"7126","グローバルスタイル","東証","20230316","日証金","確報","0","400","1800","0","0","0","1800","-400"
"7127","一家ホールディングス","東証","20230316","日証金","確報","0","300","3500","0","0","0","3500","-300"
"7128","フルサト・マルカＨＤ","東証","20230316","日証金","確報","0","0","2100","0","0","300","1800","0"
"7129","ミアヘルサＨＤ","東証","20230316","日証金","確報","0","0","1500","0","0","0","1500","0"
"7130","ヤマエグループＨＤ","東証","20230316","日証金","確報","400","600","4900","0","100","2200","2700","-100"
"7130","ヤマエグループＨＤ","福証","20230316","日証金","確報","0","0","0","0","0","0","0","0"
"7131","のむら産業","東証","20230316","日証金","確報","0","0","3900","0","0","0","3900","0"
"7133","ヒュウガプライマ","東証","20230316","日証金","確報","0","0","1900","0","0","0","1900","0"
"7134","クルーバー","東証","20230316","日証金","確報","500","0","1500","0","0","0","1500","500"
"7135","ジャパンクラフトＨＤ","名証","20230316","日証金","確報","0","0","0","0","0","0","0","0"
"7135","ジャパンクラフトＨＤ","東証","20230316","日証金","確報","200","1000","1200","0","0","54300","-53100","-800"
"7138","ＴＯＲＩＣＯ","東証","20230316","日証金","確報","100","6800","4700","0","0","0","4700","-6700"
"7140","ペットゴー","東証","20230316","日証金","確報","0","200","2400","0","0","0","2400","-200"
"7148","ＦＰＧ","東証","20230316","日証金","確報","1900","700","113000","0","0","100","112900","1200"
"7150","島根銀行","東証","20230316","日証金","確報","400","200","14400","1000","5900","71600","-57200","5100"
"7157","ライフネット生命保険","東証","20230316","日証金","確報","500","0","74500","11900","13700","60000","14500","2300"
"7161","じもとＨＤ","東証","20230316","日証金","確報","800","1500","21300","0","6400","1000","20300","5700"
"7162","アストマックス","東証","20230316","日証金","確報","0","0","20300","0","0","0","20300","0"
"7164","全国保証","東証","20230316","日証金","確報","300","100","2300","2300","300","4100","-1800","-1800"
"7167","めぶきＦＧ","東証","20230316","日証金","確報","20000","5800","156100","26400","12200","156100","0","0"
"7172","ＪＩＡ","東証","20230316","日証金","確報","100","0","17500","0","100","2200","15300","200"
"7173","東京きらぼしＦＧ","東証","20230316","日証金","確報","1300","2000","20500","300","100","900","19600","-900"
"7175","今村証券","東証","20230316","日証金","確報","0","0","100","0","0","0","100","0"
"7177","ＧＭＯＦＨＤ","東証","20230316","日証金","確報","200","4700","97200","0","0","0","97200","-4500"
"7180","九州ＦＧ","東証","20230316","日証金","確報","6000","1400","117600","0","1400","8800","108800","6000"
"7180","九州ＦＧ","福証","20230316","日証金","確報","0","0","0","0","0","0","0","0"
"7181","かんぽ生命保険","東証","20230316","日証金","確報","11900","37400","26400","0","0","0","26400","-25500"
"7182","ゆうちょ銀行","東証","20230316","日証金","確報","124100","1100","536400","0","1550700","13543100","-13006700","1673700"
"7183","あんしん保証","東証","20230316","日証金","確報","500","0","35600","0","0","0","35600","500"
"7184","富山第一銀行","東証","20230316","日証金","確報","24300","49900","344000","67000","92600","344000","0","0"
"7185","ヒロセ通商","東証","20230316","日証金","確報","0","100","5500","0","0","0","5500","-100"
"7186","コンコルディアＦＧ","東証","20230316","日証金","確報","58300","21000","214300","0","0","0","214300","37300"
"7187","ジェイリース","東証","20230316","日証金","確報","3100","3100","100100","0","0","100100","0","0"
"7189","西日本ＦＨＤ","東証","20230316","日証金","確報","2200","3700","109000","0","1100","16800","92200","-400"
"7189","西日本ＦＨＤ","福証","20230316","日証金","確報","0","0","0","0","0","0","0","0"
"7191","イントラスト","東証","20230316","日証金","確報","700","300","13100","2500","400","9400","3700","-1700"
"7192","日本モーゲージサービ","東証","20230316","日証金","確報","300","100","10500","100","600","200","10300","700"
"7196","Ｃａｓａ","東証","20230316","日証金","確報","100","0","7800","0","0","0","7800","100"
"7198","アルヒ","東証","20230316","日証金","確報","500","10400","307000","0","0","0","307000","-9900"
"7199","プレミアグループ","東証","20230316","日証金","確報","1400","100","59500","0","0","3200","56300","1300"
"7201","日産自動車","東証","20230316","日証金","確報","113900","335400","541700","20100","39600","77500","464200","-202000"
"7202","いすゞ自動車","東証","20230316","日証金","確報","10000","9200","78800","1300","500","1300","77500","0"
"7203","トヨタ自動車","名証","20230316","日証金","確報","0","0","0","0","0","0","0","0"
"7203","トヨタ自動車","東証","20230316","日証金","確報","77900","45600","1100100","15100","9400","15300","1084800","26600"
"7205","日野自動車","名証","20230316","日証金","確報","0","0","0","0","0","0","0","0"
"7205","日野自動車","東証","20230316","日証金","確報","6500","11500","268300","20000","0","29000","239300","-25000"
"7208","カネミツ","東証","20230316","日証金","確報","0","0","1600","0","0","0","1600","0"
"7211","三菱自動車工業","東証","20230316","日証金","確報","106300","3700","1629300","0","900","2000","1627300","103500"
"7212","エフテック","東証","20230316","日証金","確報","1700","0","38700","400","100","800","37900","1400"
"7213","レシップＨＤ","名証","20230316","日証金","確報","0","0","0","0","0","0","0","0"
"7213","レシップＨＤ","東証","20230316","日証金","確報","400","300","600","100","200","400","200","200"
"7214","ＧＭＢ","東証","20230316","日証金","確報","0","2600","29500","0","0","200","29300","-2600"
"7215","ファルテック","東証","20230316","日証金","確報","0","0","1500","0","0","0","1500","0"
"7217","テイン","東証","20230316","日証金","確報","0","0","100","0","0","0","100","0"
"7218","田中精密工業","東証","20230316","日証金","確報","0","0","0","0","0","0","0","0"
"7219","エッチ・ケー・エス","東証","20230316","日証金","確報","0","0","0","0","0","0","0","0"
"7220","武蔵精密工業","名証","20230316","日証金","確報","0","0","0","0","0","0","0","0"
"7220","武蔵精密工業","東証","20230316","日証金","確報","1400","100","4400","400","200","3300","1100","1100"
"7222","日産車体","東証","20230316","日証金","確報","500","0","14500","0","3200","4000","10500","3700"
"7224","新明和工業","東証","20230316","日証金","確報","1300","400","14700","0","200","800","13900","1100"
"7226","極東開発工業","東証","20230316","日証金","確報","0","0","1200","0","700","1900","-700","700"
"7227","アスカ","名証","20230316","日証金","確報","0","100","700","0","0","0","700","-100"
"7228","デイトナ","東証","20230316","日証金","確報","0","0","700","0","0","0","700","0"
"7229","ユタカ技研","東証","20230316","日証金","確報","0","0","1200","0","0","0","1200","0"
"7231","トピー工業","名証","20230316","日証金","確報","0","0","0","0","0","0","0","0"
"7231","トピー工業","東証","20230316","日証金","確報","1000","2100","16900","500","1600","16900","0","0"
"7235","東京ラヂエーター製造","東証","20230316","日証金","確報","600","600","2900","0","0","0","2900","0"
"7236","ティラド","東証","20230316","日証金","確報","0","100","4400","0","0","0","4400","-100"
"7238","曙ブレーキ工業","東証","20230316","日証金","確報","10600","2000","188300","0","0","100","188200","8600"
"7239","タチエス","東証","20230316","日証金","確報","1300","2000","44100","0","0","3800","40300","-700"
"7240","エヌオーケー","東証","20230316","日証金","確報","3300","0","16200","0","5700","31100","-14900","9000"
"7241","フタバ産業","名証","20230316","日証金","確報","0","0","0","0","0","0","0","0"
"7241","フタバ産業","東証","20230316","日証金","確報","2200","3900","20500","0","2300","1700","18800","600"
"7242","ＫＹＢ","東証","20230316","日証金","確報","6600","0","11200","0","1800","0","11200","8400"
"7244","市光工業","東証","20230316","日証金","確報","800","600","28400","0","400","100","28300","600"
"7245","大同メタル工業","名証","20230316","日証金","確報","0","0","0","0","0","0","0","0"
"7245","大同メタル工業","東証","20230316","日証金","確報","0","0","9700","100","0","4500","5200","-100"
"7246","プレス工業","東証","20230316","日証金","確報","9700","0","59500","0","200","0","59500","9900"
"7247","ミクニ","東証","20230316","日証金","確報","3300","2600","25700","0","0","0","25700","700"
"7250","太平洋工業","名証","20230316","日証金","確報","0","0","0","0","0","0","0","0"
"7250","太平洋工業","東証","20230316","日証金","確報","2100","0","9500","100","200","400","9100","2200"
"7254","ユニバンス","東証","20230316","日証金","確報","1700","1300","22000","0","0","0","22000","400"
"7255","桜井製作所","東証","20230316","日証金","確報","0","0","1500","0","0","0","1500","0"
"7256","河西工業","東証","20230316","日証金","確報","34300","19300","431400","0","600","198000","233400","15600"
"7259","アイシン","名証","20230316","日証金","確報","0","0","0","0","0","0","0","0"
"7259","アイシン","東証","20230316","日証金","確報","6900","700","34200","0","6500","0","34200","12700"
"7261","マツダ","東証","20230316","日証金","確報","1300","5200","61600","6900","500","34600","27000","-10300"
"7264","ムロコーポレーション","東証","20230316","日証金","確報","0","0","200","0","0","0","200","0"
"7265","エイケン工業","東証","20230316","日証金","確報","0","200","400","0","0","0","400","-200"
"7266","今仙電機製作所","名証","20230316","日証金","確報","0","0","0","0","0","0","0","0"
"7266","今仙電機製作所","東証","20230316","日証金","確報","2300","8000","61100","0","400","29500","31600","-5300"
"7267","本田技研工業","東証","20230316","日証金","確報","15800","9100","38800","30600","13200","38800","0","-10700"
"7268","タツミ","東証","20230316","日証金","確報","0","0","3700","0","0","0","3700","0"
"7269","スズキ","東証","20230316","日証金","確報","8000","10800","42900","9600","0","9600","33300","-12400"
"7270","ＳＵＢＡＲＵ","東証","20230316","日証金","確報","8000","7100","95200","26800","4900","26800","68400","-21000"
"7271","安永","東証","20230316","日証金","確報","600","2000","24900","0","0","0","24900","-1400"
"7272","ヤマハ発動機","東証","20230316","日証金","確報","15700","1500","48100","18500","4700","27300","20800","400"
"7273","イクヨ","東証","20230316","日証金","確報","200","0","4700","0","0","0","4700","200"
"7276","小糸製作所","東証","20230316","日証金","確報","700","6800","4500","0","7500","5100","-600","1400"
"7277","ＴＢＫ","東証","20230316","日証金","確報","0","600","56100","0","200","5100","51000","-400"
"7278","エクセディ","東証","20230316","日証金","確報","1000","0","41800","200","600","600","41200","1400"
"7279","ハイレックス","東証","20230316","日証金","確報","1100","200","16600","0","100","100","16500","1000"
"7280","ミツバ","東証","20230316","日証金","確報","3300","400","51200","0","400","0","51200","3300"
"7282","豊田合成","名証","20230316","日証金","確報","0","0","0","0","0","0","0","0"
"7282","豊田合成","東証","20230316","日証金","確報","500","0","21000","100","0","1200","19800","400"
"7283","愛三工業","名証","20230316","日証金","確報","0","0","0","0","0","0","0","0"
"7283","愛三工業","東証","20230316","日証金","確報","2100","0","15000","0","1800","3400","11600","3900"
"7284","盟和産業","東証","20230316","日証金","確報","200","0","1600","0","0","0","1600","200"
"7287","日本精機","東証","20230316","日証金","確報","0","200","22600","0","0","0","22600","-200"
"7291","日本プラスト","東証","20230316","日証金","確報","0","18500","4300","0","0","0","4300","-18500"
"7292","村上開明堂","東証","20230316","日証金","確報","200","0","800","0","0","0","800","200"
"7294","ヨロズ","東証","20230316","日証金","確報","1200","200","13200","200","0","2000","11200","800"
"7296","エフ・シー・シー","東証","20230316","日証金","確報","500","2100","6500","100","1100","400","6100","-600"
"7297","カーメイト","東証","20230316","日証金","確報","400","1200","5000","0","0","0","5000","-800"
"7298","八千代工業","東証","20230316","日証金","確報","700","100","35800","0","0","0","35800","600"
"7299","フジオーゼックス","東証","20230316","日証金","確報","0","0","300","0","0","0","300","0"
"7305","新家工業","東証","20230316","日証金","確報","800","0","15200","5700","0","5700","9500","-4900"
"7309","シマノ","東証","20230316","日証金","確報","600","2000","8200","0","100","3300","4900","-1300"
"7313","テイ・エス　テック","東証","20230316","日証金","確報","1500","0","1500","400","1500","4800","-3300","2600"
"7314","小田原機器","東証","20230316","日証金","確報","0","0","2900","0","0","0","2900","0"
"7315","ＩＪＴＴ","東証","20230316","日証金","確報","0","1100","16100","0","0","0","16100","-1100"
"7317","松屋アールアンドディ","東証","20230316","日証金","確報","0","0","1100","0","0","0","1100","0"
"7318","セレンディップ","東証","20230316","日証金","確報","0","100","1100","0","0","0","1100","-100"
"7320","日本リビング保証","東証","20230316","日証金","確報","100","400","45000","0","0","0","45000","-300"
"7322","３３ＦＧ","名証","20230316","日証金","確報","0","0","0","0","0","0","0","0"
"7322","３３ＦＧ","東証","20230316","日証金","確報","100","1800","5000","0","0","200","4800","-1700"
"7325","アイリック","東証","20230316","日証金","確報","0","300","7400","0","0","0","7400","-300"
"7326","ＳＢＩインシュ","東証","20230316","日証金","確報","1400","0","34700","0","0","0","34700","1400"
"7327","第四北越ＦＧ","東証","20230316","日証金","確報","2000","1200","5600","800","0","5600","0","0"
"7337","ひろぎんＨＤ","東証","20230316","日証金","確報","3400","5400","25000","800","3600","16200","8800","800"
"7338","インヴァスト","東証","20230316","日証金","確報","0","0","1400","0","0","500","900","0"
"7342","ウェルスナビ","東証","20230316","日証金","確報","7500","61500","1791900","0","100","1878800","-86900","-53900"
"7343","ブロードマインド","東証","20230316","日証金","確報","0","100","36400","0","0","0","36400","-100"
"7345","アイパートナーズ","東証","20230316","日証金","確報","0","200","6900","0","0","0","6900","-200"
"7347","マーキュリアＨＤ","東証","20230316","日証金","確報","5500","500","14600","700","300","1700","12900","4600"
"7350","おきなわＦＧ","東証","20230316","日証金","確報","3800","3200","18100","600","0","18100","0","0"
"7350","おきなわＦＧ","福証","20230316","日証金","確報","0","0","0","0","0","0","0","0"
"7351","グッドパッチ","東証","20230316","日証金","確報","2100","0","13500","0","0","0","13500","2100"
"7352","Ｂエンジニア","東証","20230316","日証金","確報","200","600","5500","0","0","0","5500","-400"
"7353","ＫＩＹＯラーニング","東証","20230316","日証金","確報","600","0","14600","0","0","0","14600","600"
"7354","ＤｍＭｉＸ","東証","20230316","日証金","確報","800","100","7800","0","0","1500","6300","700"
"7356","Ｒｅｔｔｙ","東証","20230316","日証金","確報","0","0","236200","100","0","2900","233300","-100"
"7357","ジオコード","東証","20230316","日証金","確報","0","0","4100","0","0","0","4100","0"
"7358","ポピンズ","東証","20230316","日証金","確報","0","200","5800","0","0","0","5800","-200"
"7359","東京通信","東証","20230316","日証金","確報","3300","100","26700","0","0","0","26700","3200"
"7360","オンデック","東証","20230316","日証金","確報","0","0","3700","0","0","0","3700","0"
"7361","ＨＣＨ","東証","20230316","日証金","確報","100","100","4900","0","0","0","4900","0"
"7362","Ｔ．Ｓ．Ｉ","東証","20230316","日証金","確報","0","0","1000","0","0","0","1000","0"
"7363","ベビーカレンダー","東証","20230316","日証金","確報","0","0","9900","0","0","0","9900","0"
"7366","ＬＩＴＡＬＩＣＯ","東証","20230316","日証金","確報","100","200","5500","0","0","4000","1500","-100"
"7367","セルム","東証","20230316","日証金","確報","600","0","13600","0","0","0","13600","600"
"7368","表示灯","東証","20230316","日証金","確報","0","0","2000","0","0","0","2000","0"
"7369","メイホーＨＤ","名証","20230316","日証金","確報","0","0","0","0","0","0","0","0"
"7369","メイホーＨＤ","東証","20230316","日証金","確報","0","200","2600","0","0","0","2600","-200"
"7370","Ｅｎｊｉｎ","東証","20230316","日証金","確報","900","7900","46300","0","0","0","46300","-7000"
"7371","全研本社","東証","20230316","日証金","確報","0","0","21900","0","0","1300","20600","0"
"7372","デコルテＨＤ","東証","20230316","日証金","確報","2700","500","29200","0","0","0","29200","2200"
"7373","アイドマＨＤ","東証","20230316","日証金","確報","900","0","8100","0","0","0","8100","900"
"7374","コンフィデンス","東証","20230316","日証金","確報","0","0","6400","0","0","0","6400","0"
"7375","リファインバスＧ","東証","20230316","日証金","確報","400","0","13500","0","0","0","13500","400"
"7376","ＢＣＣ","東証","20230316","日証金","確報","0","0","100","0","0","0","100","0"
"7377","ＤＮホールディングス","東証","20230316","日証金","確報","0","0","200","0","0","0","200","0"
"7378","アシロ","東証","20230316","日証金","確報","200","10700","52900","0","0","0","52900","-10500"
"7379","サーキュレーション","東証","20230316","日証金","確報","200","300","5100","0","0","0","5100","-100"
"7380","十六ＦＧ","名証","20230316","日証金","確報","0","0","0","0","0","0","0","0"
"7380","十六ＦＧ","東証","20230316","日証金","確報","300","2300","5300","0","300","500","4800","-1700"
"7381","北國ＦＨＤ","東証","20230316","日証金","確報","2400","800","22400","2100","500","26500","-4100","0"
"7383","ネットプロＨＤ","東証","20230316","日証金","確報","700","0","14600","0","0","0","14600","700"
"7384","プロクレアＨＤ","東証","20230316","日証金","確報","2500","200","17000","200","400","27800","-10800","2500"
"7386","ＪＷＳ","東証","20230316","日証金","確報","800","400","9000","0","0","0","9000","400"
"7388","ＦＰパートナー","東証","20230316","日証金","確報","100","0","5400","0","0","0","5400","100"
"7389","あいちＦＧ","名証","20230316","日証金","確報","0","0","0","0","0","0","0","0"
"7389","あいちＦＧ","東証","20230316","日証金","確報","900","0","13300","0","200","0","13300","1100"
"7399","ナンシン","東証","20230316","日証金","確報","0","0","2600","0","0","0","2600","0"
"7408","ジャムコ","東証","20230316","日証金","確報","3900","0","31300","100","100","2000","29300","3900"
"7412","アトム","名証","20230316","日証金","確報","0","0","0","0","0","0","0","0"
"7412","アトム","東証","20230316","日証金","確報","100","2700","33100","9400","20100","255900","-222800","8100"
"7413","創健社","東証","20230316","日証金","確報","0","0","200","0","0","0","200","0"
"7414","小野建","東証","20230316","日証金","確報","0","200","23000","0","0","0","23000","-200"
"7414","小野建","福証","20230316","日証金","確報","0","0","0","0","0","0","0","0"
"7416","はるやまＨＤ","東証","20230316","日証金","確報","1200","0","4100","0","1000","123400","-119300","2200"
"7417","南陽","東証","20230316","日証金","確報","800","200","7500","0","0","14400","-6900","600"
"7417","南陽","福証","20230316","日証金","確報","0","0","0","0","0","0","0","0"
"7419","ノジマ","東証","20230316","日証金","確報","2000","0","290200","300","200","800","289400","1900"
"7420","佐鳥電機","東証","20230316","日証金","確報","3100","200","41100","1800","1800","4100","37000","2900"
"7421","カッパ・クリエイト","東証","20230316","日証金","確報","0","0","14000","1100","1600","145100","-131100","500"
"7422","東邦レマック","東証","20230316","日証金","確報","0","0","0","0","0","0","0","0"
"7425","初穂商事","東証","20230316","日証金","確報","0","0","900","0","0","0","900","0"
"7426","山大","東証","20230316","日証金","確報","0","0","200","0","0","0","200","0"
"7427","エコートレーディング","東証","20230316","日証金","確報","400","1400","12300","0","0","11200","1100","-1000"
"7433","伯東","東証","20230316","日証金","確報","4900","0","35000","100","800","8200","26800","5600"
"7434","オータケ","東証","20230316","日証金","確報","300","0","900","0","0","0","900","300"
"7435","ナ・デックス","東証","20230316","日証金","確報","700","200","12000","0","0","0","12000","500"
"7438","コンドーテック","東証","20230316","日証金","確報","0","0","2900","200","200","900","2000","0"
"7441","Ｍｉｓｕｍｉ","福証","20230316","日証金","確報","0","0","0","0","0","0","0","0"
"7442","中山福","東証","20230316","日証金","確報","0","300","1800","400","0","3800","-2000","-700"
"7443","横浜魚類","東証","20230316","日証金","確報","0","0","900","1700","0","10400","-9500","-1700"
"7444","ハリマ共和物産","東証","20230316","日証金","確報","0","0","39700","0","0","0","39700","0"
"7445","ライトオン","東証","20230316","日証金","確報","0","1600","7300","600","0","70600","-63300","-2200"
"7446","東北化学薬品","東証","20230316","日証金","確報","0","0","0","0","0","0","0","0"
"7447","ナガイレーベン","東証","20230316","日証金","確報","100","0","1000","0","0","1100","-100","100"
"7450","サンデー","東証","20230316","日証金","確報","0","1100","100","0","0","0","100","-1100"
"7451","三菱食品","東証","20230316","日証金","確報","1200","0","10900","0","0","0","10900","1200"
"7453","良品計画","東証","20230316","日証金","確報","100","3200","63500","8100","0","15800","47700","-11200"
"7455","パリミキＨＤ","東証","20230316","日証金","確報","1000","700","2300","200","300","1900","400","400"
"7456","松田産業","東証","20230316","日証金","確報","2000","100","19000","100","100","300","18700","1900"
"7458","第一興商","東証","20230316","日証金","確報","1400","0","4000","300","0","1400","2600","1100"
"7459","メディパルＨＤ","東証","20230316","日証金","確報","1100","100","2300","100","100","1300","1000","1000"
"7460","ヤギ","東証","20230316","日証金","確報","0","0","500","0","0","0","500","0"
"7461","キムラ","東証","20230316","日証金","確報","0","0","1200","0","0","0","1200","0"
"7462","ＣＡＰＩＴＡ","東証","20230316","日証金","確報","0","0","0","0","0","0","0","0"
"7463","アドヴァングループ","東証","20230316","日証金","確報","0","300","4900","100","500","1800","3100","100"
"7464","セフテック","東証","20230316","日証金","確報","0","0","300","0","0","0","300","0"
"7466","エスピーケイ","東証","20230316","日証金","確報","300","0","1900","0","0","0","1900","300"
"7467","萩原電気ＨＤ","名証","20230316","日証金","確報","0","0","0","0","0","0","0","0"
"7467","萩原電気ＨＤ","東証","20230316","日証金","確報","0","200","9500","0","0","0","9500","-200"
"7472","鳥羽洋行","東証","20230316","日証金","確報","0","100","200","0","300","0","200","200"
"7475","アルビス","東証","20230316","日証金","確報","0","0","600","100","0","5400","-4800","-100"
"7476","アズワン","東証","20230316","日証金","確報","100","200","1200","100","1300","100","1100","1100"
"7477","ムラキ","東証","20230316","日証金","確報","0","0","198700","0","0","0","198700","0"
"7480","スズデン","東証","20230316","日証金","確報","100","0","5400","0","200","700","4700","300"
"7481","尾家産業","東証","20230316","日証金","確報","0","0","1000","0","0","0","1000","0"
"7482","シモジマ","東証","20230316","日証金","確報","1500","0","4500","0","200","0","4500","1700"
"7483","ドウシシャ","東証","20230316","日証金","確報","200","0","4400","100","100","600","3800","200"
"7485","岡谷鋼機","名証","20230316","日証金","確報","0","0","1100","0","0","0","1100","0"
"7486","サンリン","東証","20230316","日証金","確報","0","0","200","0","0","0","200","0"
"7487","小津産業","東証","20230316","日証金","確報","100","400","22800","0","100","50000","-27200","-200"
"7488","ヤガミ","名証","20230316","日証金","確報","0","0","4100","0","0","0","4100","0"
"7490","日新商事","東証","20230316","日証金","確報","0","0","200","0","0","0","200","0"
"7494","コナカ","東証","20230316","日証金","確報","700","500","17900","100","1000","10800","7100","1100"
"7500","西川計測","東証","20230316","日証金","確報","0","0","100","0","0","0","100","0"
"7501","ティムコ","東証","20230316","日証金","確報","0","0","2400","0","0","0","2400","0"
"7502","プラザクリエイト本社","東証","20230316","日証金","確報","0","100","800","0","0","0","800","-100"
"7504","高速","東証","20230316","日証金","確報","200","300","1100","0","0","3200","-2100","-100"
"7505","扶桑電通","東証","20230316","日証金","確報","0","0","300","0","0","0","300","0"
"7506","ハウス　オブ　ローゼ","東証","20230316","日証金","確報","0","0","100","0","200","2600","-2500","200"
"7508","Ｇ－７ＨＤ","東証","20230316","日証金","確報","400","0","5500","0","0","800","4700","400"
"7509","アイエーグループ","東証","20230316","日証金","確報","0","0","0","0","0","0","0","0"
"7510","たけびし","東証","20230316","日証金","確報","0","0","600","100","200","2000","-1400","100"
"7512","イオン北海道","東証","20230316","日証金","確報","400","100","107700","0","0","0","107700","300"
"7513","コジマ","東証","20230316","日証金","確報","700","4400","37100","0","200","3200","33900","-3500"
"7514","ヒマラヤ","名証","20230316","日証金","確報","0","0","0","0","0","0","0","0"
"7514","ヒマラヤ","東証","20230316","日証金","確報","0","0","1700","0","0","0","1700","0"
"7515","マルヨシセンター","東証","20230316","日証金","確報","0","0","0","0","0","0","0","0"
"7516","コーナン商事","東証","20230316","日証金","確報","6700","0","41000","200","0","400","40600","6500"
"7518","ネットワンシステムズ","東証","20230316","日証金","確報","500","2800","29600","0","0","600","29000","-2300"
"7520","エコス","東証","20230316","日証金","確報","0","200","1300","0","0","0","1300","-200"
"7521","ムサシ","東証","20230316","日証金","確報","300","0","5700","0","0","0","5700","300"
"7522","ワタミ","東証","20230316","日証金","確報","10400","200","55900","100","0","78800","-22900","10100"
"7523","アールビバン","東証","20230316","日証金","確報","0","100","9600","0","400","12000","-2400","300"
"7524","マルシェ","東証","20230316","日証金","確報","0","200","2100","100","0","44700","-42600","-300"
"7525","リックス","東証","20230316","日証金","確報","300","0","3900","400","100","3900","0","0"
"7525","リックス","福証","20230316","日証金","確報","0","0","0","0","0","0","0","0"
"7527","システムソフト","東証","20230316","日証金","確報","0","3700","158000","0","0","0","158000","-3700"
"7531","清和中央ＨＤ","東証","20230316","日証金","確報","0","0","800","0","0","0","800","0"
"7532","パンパシフィックＨＤ","東証","20230316","日証金","確報","4000","1900","60800","100","0","7500","53300","2000"
"7533","グリーンクロス","福証","20230316","日証金","確報","0","0","100","0","0","0","100","0"
"7537","丸文","東証","20230316","日証金","確報","1500","600","37300","200","1400","21200","16100","2100"
"7538","大水","東証","20230316","日証金","確報","0","0","800","0","0","0","800","0"
"7539","アイナボＨＤ","東証","20230316","日証金","確報","100","200","1900","100","0","1900","0","-200"
"7544","スリーエフ","東証","20230316","日証金","確報","100","100","5600","0","0","2700","2900","0"
"7545","西松屋チェーン","東証","20230316","日証金","確報","2800","2000","57600","1000","200","57600","0","0"
"7550","ゼンショーＨＤ","東証","20230316","日証金","確報","0","0","1600","6200","9900","333900","-332300","3700"
"7551","ウェッズ","東証","20230316","日証金","確報","100","100","18200","0","0","0","18200","0"
"7552","ハピネット","東証","20230316","日証金","確報","1600","1100","5100","700","1200","2500","2600","1000"
"7554","幸楽苑ＨＤ","東証","20230316","日証金","確報","0","0","15100","700","1200","43600","-28500","500"
"7555","大田花き","東証","20230316","日証金","確報","0","0","0","0","0","0","0","0"
"7559","ジーエフシー","東証","20230316","日証金","確報","0","0","200","0","0","0","200","0"
"7561","ハークスレイ","東証","20230316","日証金","確報","0","0","2900","200","2200","50300","-47400","2000"
"7562","安楽亭","東証","20230316","日証金","確報","0","0","400","0","0","0","400","0"
"7564","ワークマン","東証","20230316","日証金","確報","3800","400","82600","300","0","1600","81000","3100"
"7565","萬世電機","東証","20230316","日証金","確報","0","0","200","0","0","0","200","0"
"7567","栄電子","東証","20230316","日証金","確報","100","3400","18000","0","0","0","18000","-3300"
"7570","橋本総業ＨＤ","東証","20230316","日証金","確報","0","0","4400","0","0","400","4000","0"
"7571","ヤマノＨＤ","東証","20230316","日証金","確報","2900","0","37500","0","2400","5200","32300","5300"
"7575","日本ライフライン","東証","20230316","日証金","確報","900","0","16700","300","200","1200","15500","800"
"7578","ニチリョク","東証","20230316","日証金","確報","4500","0","14000","0","0","0","14000","4500"
"7581","サイゼリヤ","東証","20230316","日証金","確報","0","0","500","200","6500","109200","-108700","6300"
"7585","かんなん丸","東証","20230316","日証金","確報","100","0","200","0","0","0","200","100"
"7590","タカショー","東証","20230316","日証金","確報","0","2600","4100","0","0","0","4100","-2600"
"7593","ＶＴホールディングス","名証","20230316","日証金","確報","0","0","0","0","0","0","0","0"
"7593","ＶＴホールディングス","東証","20230316","日証金","確報","500","0","9100","0","600","0","9100","1100"
"7595","アルゴグラフィックス","東証","20230316","日証金","確報","0","0","300","0","0","0","300","0"
"7596","魚力","東証","20230316","日証金","確報","0","0","200","0","0","0","200","0"
"7599","ＩＤＯＭ","東証","20230316","日証金","確報","4100","1300","31900","300","5400","24000","7900","7900"
"7600","日本エム・ディ・エム","東証","20230316","日証金","確報","200","100","9000","100","0","3300","5700","0"
"7602","カーチスＨＤ","東証","20230316","日証金","確報","0","0","13000","0","0","0","13000","0"
"7603","マックハウス","東証","20230316","日証金","確報","0","0","3200","0","2100","11900","-8700","2100"
"7604","梅の花","東証","20230316","日証金","確報","0","0","500","0","0","0","500","0"
"7605","フジ・コーポ","東証","20230316","日証金","確報","1200","0","9400","0","0","2800","6600","1200"
"7606","ユナイテッドアローズ","東証","20230316","日証金","確報","2000","100","22200","0","0","100","22100","1900"
"7607","進和","名証","20230316","日証金","確報","0","0","0","0","0","0","0","0"
"7607","進和","東証","20230316","日証金","確報","300","0","4500","0","0","100","4400","300"
"7608","エスケイジャパン","東証","20230316","日証金","確報","0","3400","116200","0","0","0","116200","-3400"
"7609","ダイトロン","東証","20230316","日証金","確報","0","0","19600","0","0","3000","16600","0"
"7610","テイツー","東証","20230316","日証金","確報","158200","6100","1548400","0","32900","828400","720000","185000"
"7611","ハイデイ日高","東証","20230316","日証金","確報","300","1200","2700","100","0","800","1900","-1000"
"7613","シークス","東証","20230316","日証金","確報","200","100","16300","0","200","0","16300","300"
"7614","オーエムツーＮＷ","東証","20230316","日証金","確報","0","0","800","0","0","0","800","0"
"7615","ＹＵ－ＷＡ　ＣＨＤ","東証","20230316","日証金","確報","800","1900","8200","0","200","100","8100","-900"
"7616","コロワイド","東証","20230316","日証金","確報","0","0","0","1800","35200","287400","-287400","33400"
"7618","ＰＣデポコーポ","東証","20230316","日証金","確報","4300","2100","16000","0","0","0","16000","2200"
"7619","田中商事","東証","20230316","日証金","確報","0","100","700","0","0","0","700","-100"
"7621","うかい","東証","20230316","日証金","確報","0","0","400","0","0","0","400","0"
"7623","サンオータス","東証","20230316","日証金","確報","1800","100","19200","0","0","0","19200","1700"
"7624","ＮａＩＴＯ","東証","20230316","日証金","確報","0","2300","24100","0","0","0","24100","-2300"
"7625","グローバルダイニング","東証","20230316","日証金","確報","900","8700","39300","0","2400","39300","0","-5400"
"7628","オーハシテクニカ","東証","20230316","日証金","確報","0","0","1100","0","100","300","800","100"
"7630","壱番屋","名証","20230316","日証金","確報","0","0","0","0","0","0","0","0"
"7630","壱番屋","東証","20230316","日証金","確報","0","0","0","100","4800","15300","-15300","4700"
"7634","星医療酸器","東証","20230316","日証金","確報","0","0","500","0","0","0","500","0"
"7635","杉田エース","東証","20230316","日証金","確報","0","100","1000","0","0","0","1000","-100"
"7636","ハンズマン","東証","20230316","日証金","確報","0","0","2500","0","0","0","2500","0"
"7637","白銅","東証","20230316","日証金","確報","300","0","4000","200","100","200","3800","200"
"7638","ＮＥＷ　ＡＲＴ","東証","20230316","日証金","確報","1300","300","7300","0","0","0","7300","1000"
"7640","トップカルチャー","東証","20230316","日証金","確報","300","500","4500","0","200","4500","0","0"
"7643","ダイイチ","札証","20230316","日証金","確報","0","0","0","0","0","0","0","0"
"7643","ダイイチ","東証","20230316","日証金","確報","0","0","200","0","0","0","200","0"
"7646","ＰＬＡＮＴ","東証","20230316","日証金","確報","0","100","200","0","0","0","200","-100"
"7647","音通","東証","20230316","日証金","確報","50000","87000","460100","305800","0","353200","106900","-342800"
"7649","スギホールディングス","名証","20230316","日証金","確報","0","0","0","0","0","0","0","0"
"7649","スギホールディングス","東証","20230316","日証金","確報","0","300","7600","500","0","1100","6500","-800"
"7670","オーウエル","東証","20230316","日証金","確報","0","2100","14200","0","0","0","14200","-2100"
"7671","ＡｍｉｄＡＨＤ","東証","20230316","日証金","確報","0","0","0","0","0","0","0","0"
"7673","ダイコー通産","東証","20230316","日証金","確報","0","300","1900","0","0","0","1900","-300"
"7674","ＮＡＴＴＹＨＤ","東証","20230316","日証金","確報","0","0","700","0","0","0","700","0"
"7675","セントラルフォレスト","名証","20230316","日証金","確報","0","0","200","0","0","0","200","0"
"7676","グッドスピード","東証","20230316","日証金","確報","0","500","9600","0","0","0","9600","-500"
"7677","ヤシマキザイ","東証","20230316","日証金","確報","0","0","100","0","0","0","100","0"
"7678","あさくま","東証","20230316","日証金","確報","0","0","100","700","0","11100","-11000","-700"
"7679","薬王堂ＨＤ","東証","20230316","日証金","確報","0","200","3000","0","100","2200","800","-100"
"7681","レオクラン","東証","20230316","日証金","確報","0","0","100","0","0","0","100","0"
"7682","浜木綿","名証","20230316","日証金","確報","0","0","0","0","0","0","0","0"
"7682","浜木綿","東証","20230316","日証金","確報","0","0","400","0","0","0","400","0"
"7683","ダブルエー","東証","20230316","日証金","確報","0","0","700","0","0","0","700","0"
"7685","ＢＵＹＳＥＬＬ","東証","20230316","日証金","確報","0","0","4700","0","0","0","4700","0"
"7686","カクヤスグループ","東証","20230316","日証金","確報","0","0","1700","0","0","100","1600","0"
"7687","ミクリード","東証","20230316","日証金","確報","0","200","4100","0","0","0","4100","-200"
"7689","コパ","東証","20230316","日証金","確報","0","0","1300","0","0","0","1300","0"
"7692","アースインフィニティ","東証","20230316","日証金","確報","7600","3100","323000","0","0","0","323000","4500"
"7694","いつも","東証","20230316","日証金","確報","0","0","33100","0","0","0","33100","0"
"7695","交換できるくん","東証","20230316","日証金","確報","0","200","3000","0","0","0","3000","-200"
"7698","アイスコ","東証","20230316","日証金","確報","0","0","1500","0","0","0","1500","0"
"7699","ＯＰＳ","東証","20230316","日証金","確報","0","0","0","0","0","0","0","0"
"7701","島津製作所","東証","20230316","日証金","確報","900","200","8200","0","0","2000","6200","700"
"7702","ジェイ・エム・エス","東証","20230316","日証金","確報","800","0","3800","0","0","600","3200","800"
"7705","ジーエルサイエンス","東証","20230316","日証金","確報","100","0","3700","0","0","100","3600","100"
"7707","プレシジョンＳＳ","東証","20230316","日証金","確報","9500","10500","460300","0","1000","460300","0","0"
"7709","クボテック","東証","20230316","日証金","確報","0","4400","169500","0","4400","169500","0","0"
"7711","助川電気工業","東証","20230316","日証金","確報","500","200","20900","0","0","0","20900","300"
"7713","シグマ光機","東証","20230316","日証金","確報","100","400","1700","0","0","0","1700","-300"
"7715","長野計器","東証","20230316","日証金","確報","1500","0","19900","0","100","500","19400","1600"
"7716","ナカニシ","東証","20230316","日証金","確報","1500","100","5700","0","100","200","5500","1500"
"7717","ブイ・テクノロジー","東証","20230316","日証金","確報","100","200","11200","0","0","0","11200","-100"
"7718","スター精密","東証","20230316","日証金","確報","3300","0","17200","0","3500","200","17000","6800"
"7719","東京衡機","東証","20230316","日証金","確報","0","0","10700","0","0","0","10700","0"
"7721","東京計器","東証","20230316","日証金","確報","200","100","22600","0","0","0","22600","100"
"7722","国際計測器","東証","20230316","日証金","確報","0","0","700","0","0","0","700","0"
"7723","愛知時計電機","名証","20230316","日証金","確報","0","0","0","0","0","0","0","0"
"7723","愛知時計電機","東証","20230316","日証金","確報","0","0","1100","0","0","0","1100","0"
"7725","インターアクション","東証","20230316","日証金","確報","500","500","47400","0","0","3000","44400","0"
"7726","黒田精工","東証","20230316","日証金","確報","200","1100","16300","0","0","900","15400","-900"
"7727","オーバル","東証","20230316","日証金","確報","1400","900","345900","0","0","0","345900","500"
"7729","東京精密","東証","20230316","日証金","確報","1100","4200","12000","100","3200","12000","0","0"
"7730","マニー","東証","20230316","日証金","確報","700","100","31300","100","100","100","31200","600"
"7731","ニコン","東証","20230316","日証金","確報","3300","21800","68000","100","0","300","67700","-18600"
"7732","トプコン","東証","20230316","日証金","確報","700","0","10100","0","500","0","10100","1200"
"7733","オリンパス","東証","20230316","日証金","確報","11600","52700","224800","37800","100","37800","187000","-78800"
"7734","理研計器","東証","20230316","日証金","確報","0","600","1300","0","0","800","500","-600"
"7735","ＳＣＲＥＥＮ　ＨＤ","東証","20230316","日証金","確報","4400","100","18300","5500","1200","18300","0","0"
"7739","キヤノン電子","東証","20230316","日証金","確報","200","100","6200","100","0","6200","0","0"
"7740","タムロン","東証","20230316","日証金","確報","400","0","10400","0","200","0","10400","600"
"7741","ＨＯＹＡ","東証","20230316","日証金","確報","10500","800","17400","9900","200","17400","0","0"
"7743","シード","東証","20230316","日証金","確報","400","0","3000","0","200","4100","-1100","600"
"7744","ノーリツ鋼機","東証","20230316","日証金","確報","1300","200","26600","0","0","700","25900","1100"
"7745","Ａ＆ＤホロンＨＤ","東証","20230316","日証金","確報","1200","0","16200","0","500","4100","12100","1700"
"7746","岡本硝子","東証","20230316","日証金","確報","2000","0","49500","0","0","0","49500","2000"
"7747","朝日インテック","名証","20230316","日証金","確報","0","0","0","0","0","0","0","0"
"7747","朝日インテック","東証","20230316","日証金","確報","1100","100","29500","100","100","400","29100","1000"
"7749","メディキット","東証","20230316","日証金","確報","0","0","200","0","0","0","200","0"
"7751","キヤノン","名証","20230316","日証金","確報","0","0","0","0","0","0","0","0"
"7751","キヤノン","札証","20230316","日証金","確報","0","0","0","0","0","0","0","0"
"7751","キヤノン","東証","20230316","日証金","確報","12500","30100","173800","0","0","0","173800","-17600"
"7751","キヤノン","福証","20230316","日証金","確報","0","0","0","0","0","0","0","0"
"7752","リコー","東証","20230316","日証金","確報","8000","10100","48600","9900","1800","9900","38700","-10200"
"7760","ＩＭＶ","東証","20230316","日証金","確報","0","1200","14500","0","0","0","14500","-1200"
"7762","シチズン時計","東証","20230316","日証金","確報","6200","12500","151300","10500","3000","18800","132500","-13800"
"7769","リズム","東証","20230316","日証金","確報","100","100","1700","400","0","3700","-2000","-400"
"7771","日本精密","東証","20230316","日証金","確報","0","23400","215100","0","0","0","215100","-23400"
"7774","Ｊ・ＴＥＣ","東証","20230316","日証金","確報","0","0","10200","0","0","0","10200","0"
"7775","大研医器","東証","20230316","日証金","確報","200","0","3900","0","0","0","3900","200"
"7776","セルシード","東証","20230316","日証金","確報","3000","8500","129000","0","0","0","129000","-5500"
"7777","スリーディーＭ","東証","20230316","日証金","確報","100","6400","98000","0","0","0","98000","-6300"
"7779","サイバーダイン","東証","20230316","日証金","確報","49700","0","1377100","0","0","1602500","-225400","49700"
"7780","メニコン","名証","20230316","日証金","確報","0","0","0","0","0","0","0","0"
"7780","メニコン","東証","20230316","日証金","確報","200","0","17500","0","1200","3800","13700","1400"
"7781","平山ホールディングス","東証","20230316","日証金","確報","1000","4500","9600","0","0","0","9600","-3500"
"7782","シンシア","東証","20230316","日証金","確報","900","300","15100","0","0","500","14600","600"
"7791","ドリームベッド","東証","20230316","日証金","確報","0","0","800","0","0","0","800","0"
"7792","コラントッテ","東証","20230316","日証金","確報","500","600","15600","0","0","0","15600","-100"
"7793","イメージ・マジック","東証","20230316","日証金","確報","0","0","10000","0","0","0","10000","0"
"7794","イーディーピー","東証","20230316","日証金","確報","1600","1200","31300","0","0","0","31300","400"
"7795","ＫＹＯＲＩＴＳＵ","東証","20230316","日証金","確報","600","0","9100","0","0","0","9100","600"
"7800","アミファ","東証","20230316","日証金","確報","0","0","500","0","0","0","500","0"
"7803","ブシロード","東証","20230316","日証金","確報","16200","12100","115900","1100","0","3500","112400","3000"
"7804","ビーアンドピー","東証","20230316","日証金","確報","200","0","4100","0","0","0","4100","200"
"7805","プリントネット","東証","20230316","日証金","確報","0","100","11200","0","100","11200","0","0"
"7806","ＭＴＧ","東証","20230316","日証金","確報","0","0","4100","0","0","0","4100","0"
"7807","幸和製作所","東証","20230316","日証金","確報","0","0","800","0","0","0","800","0"
"7808","シー・エス・ランバー","東証","20230316","日証金","確報","0","100","8500","0","0","0","8500","-100"
"7809","壽屋","東証","20230316","日証金","確報","0","400","6900","0","0","0","6900","-400"
"7810","クロスフォー","東証","20230316","日証金","確報","1900","1900","10800","0","0","10800","0","0"
"7811","中本パックス","東証","20230316","日証金","確報","200","0","4100","0","100","0","4100","300"
"7812","クレステック","東証","20230316","日証金","確報","0","0","12600","0","0","800","11800","0"
"7813","プラッツ","東証","20230316","日証金","確報","0","100","2200","0","0","0","2200","-100"
"7813","プラッツ","福証","20230316","日証金","確報","0","0","0","0","0","0","0","0"
"7814","日本創発グループ","東証","20230316","日証金","確報","200","0","5500","0","0","0","5500","200"
"7815","東京ボード工業","東証","20230316","日証金","確報","0","0","0","0","0","0","0","0"
"7816","スノーピーク","東証","20230316","日証金","確報","4800","15300","205000","0","1600","620400","-415400","-8900"
"7817","パラマウントＢＨＤ","東証","20230316","日証金","確報","200","100","3000","0","100","500","2500","200"
"7818","トランザクション","東証","20230316","日証金","確報","600","0","10600","0","0","0","10600","600"
"7819","粧美堂","東証","20230316","日証金","確報","0","0","7700","0","100","5100","2600","100"
"7820","ニホンフラッシュ","東証","20230316","日証金","確報","100","0","2300","0","0","100","2200","100"
"7821","前田工繊","東証","20230316","日証金","確報","500","0","9800","0","800","800","9000","1300"
"7822","永大産業","東証","20230316","日証金","確報","400","0","3200","0","100","0","3200","500"
"7823","アートネイチャー","東証","20230316","日証金","確報","300","0","600","0","0","0","600","300"
"7826","フルヤ金属","東証","20230316","日証金","確報","1900","0","6700","0","0","0","6700","1900"
"7827","オービス","東証","20230316","日証金","確報","1600","2000","3000","0","0","0","3000","-400"
"7829","サマンサタバサＪＰ","東証","20230316","日証金","確報","0","1200","111200","0","0","0","111200","-1200"
"7831","ウイルコホールディン","東証","20230316","日証金","確報","0","0","6300","0","0","0","6300","0"
"7832","バンダイナムコ","東証","20230316","日証金","確報","1600","2700","31800","17400","0","17900","13900","-18500"
"7833","アイフィスジャパン","東証","20230316","日証金","確報","0","0","224500","0","0","100","224400","0"
"7836","アビックス","東証","20230316","日証金","確報","2300","38600","96700","0","0","0","96700","-36300"
"7837","アールシーコア","東証","20230316","日証金","確報","200","200","5100","0","0","5100","0","0"
"7839","ＳＨＯＥＩ","東証","20230316","日証金","確報","0","3000","900","100","500","3200","-2300","-2600"
"7840","フランスベッドＨＤ","東証","20230316","日証金","確報","400","100","1500","100","200","1700","-200","400"
"7841","遠藤製作所","東証","20230316","日証金","確報","0","0","33200","0","0","0","33200","0"
"7844","マーベラス","東証","20230316","日証金","確報","400","1000","11300","0","500","0","11300","-100"
"7846","パイロット","東証","20230316","日証金","確報","100","0","6100","100","0","300","5800","0"
"7847","グラファイトデザイン","東証","20230316","日証金","確報","200","400","4800","0","0","0","4800","-200"
"7849","スターツ出版","東証","20230316","日証金","確報","100","100","1700","0","0","0","1700","0"
"7850","総合商研","東証","20230316","日証金","確報","700","0","1900","0","0","0","1900","700"
"7851","カワセコンピュータ","東証","20230316","日証金","確報","0","100","600","0","0","0","600","-100"
"7856","萩原工業","東証","20230316","日証金","確報","0","700","4700","600","0","2100","2600","-1300"
"7857","セキ","東証","20230316","日証金","確報","0","200","0","0","0","0","0","-200"
"7859","アルメディオ","東証","20230316","日証金","確報","14100","20500","854800","0","500","7200","847600","-5900"
"7860","エイベックス","東証","20230316","日証金","確報","1800","0","8500","0","100","0","8500","1900"
"7863","平賀","東証","20230316","日証金","確報","0","0","30600","0","0","0","30600","0"
"7864","フジシール","東証","20230316","日証金","確報","500","100","4800","200","0","2400","2400","200"
"7865","ピープル","東証","20230316","日証金","確報","1200","0","8500","0","0","0","8500","1200"
"7867","タカラトミー","東証","20230316","日証金","確報","3500","1300","7400","3500","900","7400","0","-400"
"7868","広済堂ＨＤ","東証","20230316","日証金","確報","6100","300","33100","0","17500","41300","-8200","23300"
"7870","福島印刷","名証","20230316","日証金","確報","200","0","4400","0","0","0","4400","200"
"7871","フクビ化学工業","名証","20230316","日証金","確報","0","0","0","0","0","0","0","0"
"7871","フクビ化学工業","東証","20230316","日証金","確報","200","0","1700","0","0","0","1700","200"
"7872","エステールＨＤ","東証","20230316","日証金","確報","0","0","400","0","0","0","400","0"
"7874","レック","東証","20230316","日証金","確報","200","0","1100","2600","300","10200","-9100","-2100"
"7875","竹田印刷","名証","20230316","日証金","確報","0","0","0","0","0","0","0","0"
"7875","竹田印刷","東証","20230316","日証金","確報","0","0","600","0","0","0","600","0"
"7877","永大化工","東証","20230316","日証金","確報","0","0","0","0","0","0","0","0"
"7878","光・彩","東証","20230316","日証金","確報","300","400","1700","0","0","0","1700","-100"
"7879","ノダ","東証","20230316","日証金","確報","100","400","15300","100","700","400","14900","300"
"7883","サンメッセ","東証","20230316","日証金","確報","0","0","800","0","0","0","800","0"
"7885","タカノ","東証","20230316","日証金","確報","0","100","1500","0","0","0","1500","-100"
"7886","ヤマト・インダストリ","東証","20230316","日証金","確報","0","0","1300","0","0","0","1300","0"
"7887","南海プライウッド","東証","20230316","日証金","確報","300","0","700","0","0","0","700","300"
"7888","三光合成","東証","20230316","日証金","確報","10100","200","43500","0","300","33300","10200","10200"
"7893","プロネクサス","東証","20230316","日証金","確報","0","0","2000","100","0","200","1800","-100"
"7894","丸東産業","福証","20230316","日証金","確報","0","0","3100","0","0","0","3100","0"
"7896","セブン工業","名証","20230316","日証金","確報","0","0","0","0","0","0","0","0"
"7896","セブン工業","東証","20230316","日証金","確報","0","0","2800","0","0","0","2800","0"
"7897","ホクシン","東証","20230316","日証金","確報","29400","0","45800","0","0","0","45800","29400"
"7898","ウッドワン","東証","20230316","日証金","確報","2900","7700","42900","0","5300","7700","35200","500"
"7899","ＭＩＣＳ化学","東証","20230316","日証金","確報","500","0","17100","0","0","0","17100","500"
"7901","マツモト","東証","20230316","日証金","確報","1600","0","5800","0","0","0","5800","1600"
"7902","ソノコム","東証","20230316","日証金","確報","0","0","200","0","0","0","200","0"
"7905","大建工業","東証","20230316","日証金","確報","0","0","28800","0","200","600","28200","200"
"7906","ヨネックス","東証","20230316","日証金","確報","0","0","15400","0","0","0","15400","0"
"7908","きもと","東証","20230316","日証金","確報","3400","0","63400","0","0","0","63400","3400"
"7911","凸版印刷","東証","20230316","日証金","確報","8200","2200","29200","10500","17400","43800","-14600","12900"
"7912","大日本印刷","東証","20230316","日証金","確報","17200","2800","65700","19100","4700","65700","0","0"
"7914","共同印刷","東証","20230316","日証金","確報","200","200","1300","0","400","1200","100","400"
"7915","ＮＩＳＳＨＡ","東証","20230316","日証金","確報","800","900","1900","0","100","1900","0","0"
"7916","光村印刷","東証","20230316","日証金","確報","0","0","100","0","0","100","0","0"
"7917","藤森工業","東証","20230316","日証金","確報","0","100","3600","0","0","0","3600","-100"
"7918","ヴィアＨＤ","東証","20230316","日証金","確報","0","500","32400","0","0","0","32400","-500"
"7919","野崎印刷紙業","東証","20230316","日証金","確報","14500","0","194900","0","0","0","194900","14500"
"7921","ＴＡＫＡＲＡ＆ＣＯ","東証","20230316","日証金","確報","0","100","2300","0","200","1400","900","100"
"7922","三光産業","東証","20230316","日証金","確報","3500","0","352800","0","0","0","352800","3500"
"7923","トーイン","東証","20230316","日証金","確報","0","0","200","0","0","0","200","0"
"7925","前澤化成工業","東証","20230316","日証金","確報","500","2300","1500","0","500","1200","300","-1300"
"7927","ムトー精工","東証","20230316","日証金","確報","900","200","21800","0","0","0","21800","700"
"7928","旭化学工業","東証","20230316","日証金","確報","200","0","28700","0","0","0","28700","200"
"7931","未来工業","名証","20230316","日証金","確報","0","0","0","0","0","0","0","0"
"7931","未来工業","東証","20230316","日証金","確報","0","100","100","42400","200","43800","-43700","-42300"
"7932","ニッピ","東証","20230316","日証金","確報","0","0","46800","0","0","0","46800","0"
"7936","アシックス","東証","20230316","日証金","確報","1200","0","31500","2300","21100","131800","-100300","20000"
"7937","ツツミ","東証","20230316","日証金","確報","100","0","400","0","300","900","-500","400"
"7938","リーガルコーポ","東証","20230316","日証金","確報","0","0","700","0","0","0","700","0"
"7939","研創","東証","20230316","日証金","確報","0","600","3400","0","0","0","3400","-600"
"7940","ウェーブロックＨＤ","東証","20230316","日証金","確報","100","100","5400","0","0","0","5400","0"
"7942","ジェイ　エス　ピー","東証","20230316","日証金","確報","100","0","2200","900","1800","6700","-4500","1000"
"7943","ニチハ","名証","20230316","日証金","確報","0","0","0","0","0","0","0","0"
"7943","ニチハ","東証","20230316","日証金","確報","100","0","500","0","0","400","100","100"
"7944","ローランド","東証","20230316","日証金","確報","300","200","1100","0","300","0","1100","400"
"7946","光陽社","東証","20230316","日証金","確報","0","100","2600","0","0","0","2600","-100"
"7947","エフピコ","東証","20230316","日証金","確報","0","4000","3600","300","300","1400","2200","-4000"
"7949","小松ウオール工業","東証","20230316","日証金","確報","1300","1300","4300","0","100","700","3600","100"
"7950","日本デコラックス","名証","20230316","日証金","確報","0","0","100","0","0","0","100","0"
"7951","ヤマハ","東証","20230316","日証金","確報","1900","18100","5600","19200","15100","19200","-13600","-20300"
"7952","河合楽器製作所","東証","20230316","日証金","確報","0","1400","300","0","100","300","0","-1300"
"7953","菊水化学工業","名証","20230316","日証金","確報","0","0","0","0","0","0","0","0"
"7953","菊水化学工業","東証","20230316","日証金","確報","0","100","15900","0","0","0","15900","-100"
"7955","クリナップ","東証","20230316","日証金","確報","1500","0","6000","700","400","800","5200","1200"
"7956","ピジョン","東証","20230316","日証金","確報","200","800","20600","200","500","5800","14800","-300"
"7957","フジコピアン","東証","20230316","日証金","確報","0","0","0","0","0","0","0","0"
"7958","天馬","東証","20230316","日証金","確報","0","0","1300","0","0","200","1100","0"
"7961","兼松サステック","東証","20230316","日証金","確報","0","700","900","0","0","0","900","-700"
"7962","キングジム","東証","20230316","日証金","確報","0","200","5700","0","200","5700","0","0"
"7963","興研","東証","20230316","日証金","確報","0","0","8300","0","0","0","8300","0"
"7965","象印マホービン","東証","20230316","日証金","確報","400","0","4900","500","800","6700","-1800","700"
"7966","リンテック","東証","20230316","日証金","確報","1100","0","8300","0","0","0","8300","1100"
"7970","信越ポリマー","東証","20230316","日証金","確報","2100","100","10700","0","300","0","10700","2300"
"7971","東リ","東証","20230316","日証金","確報","6000","1000","73400","2400","0","6800","66600","2600"
"7972","イトーキ","東証","20230316","日証金","確報","1300","3900","40100","0","1300","17100","23000","-1300"
"7974","任天堂","東証","20230316","日証金","確報","3400","33400","506400","0","8900","3200","503200","-21100"
"7975","リヒトラブ","名証","20230316","日証金","確報","0","0","0","0","0","0","0","0"
"7975","リヒトラブ","東証","20230316","日証金","確報","0","0","0","0","0","0","0","0"
"7976","三菱鉛筆","東証","20230316","日証金","確報","200","200","900","0","100","800","100","100"
"7979","松風","東証","20230316","日証金","確報","400","0","15000","0","0","0","15000","400"
"7980","重松製作所","東証","20230316","日証金","確報","0","500","17000","0","0","0","17000","-500"
"7981","タカラスタンダード","東証","20230316","日証金","確報","300","100","1500","200","800","3800","-2300","800"
"7983","ミロク","東証","20230316","日証金","確報","0","0","1900","0","0","0","1900","0"
"7984","コクヨ","東証","20230316","日証金","確報","2600","900","5700","0","100","3900","1800","1800"
"7985","ネポン","東証","20230316","日証金","確報","0","0","500","0","0","0","500","0"
"7986","日本アイ・エス・ケイ","東証","20230316","日証金","確報","0","0","0","0","0","0","0","0"
"7987","ナカバヤシ","東証","20230316","日証金","確報","0","100","4500","0","100","0","4500","0"
"7988","ニフコ","東証","20230316","日証金","確報","1500","300","1500","0","1600","1100","400","2800"
"7989","立川ブラインド工業","東証","20230316","日証金","確報","0","0","300","0","1300","300","0","1300"
"7990","グローブライド","東証","20230316","日証金","確報","1100","300","4000","0","0","600","3400","800"
"7991","マミヤ・オーピー","東証","20230316","日証金","確報","0","200","13300","400","0","6600","6700","-600"
"7992","セーラー万年筆","東証","20230316","日証金","確報","0","29300","1400","0","0","0","1400","-29300"
"7994","オカムラ","東証","20230316","日証金","確報","500","200","1400","0","400","700","700","700"
"7995","バルカー","東証","20230316","日証金","確報","1300","2400","4600","200","300","3800","800","-1000"
"7997","くろがね工作所","東証","20230316","日証金","確報","0","0","700","0","0","0","700","0"
"7999","ＭＵＴＯＨ－ＨＤ","東証","20230316","日証金","確報","100","0","4600","0","0","300","4300","100"
"8001","伊藤忠商事","東証","20230316","日証金","確報","9500","20300","68700","100","0","300","68400","-10900"
"8002","丸紅","東証","20230316","日証金","確報","60300","28200","223000","0","27600","8800","214200","59700"
"8005","スクロール","東証","20230316","日証金","確報","800","0","33600","0","0","8400","25200","800"
"8006","ユアサ・フナショク","東証","20230316","日証金","確報","0","0","1700","0","0","0","1700","0"
"8007","高島","東証","20230316","日証金","確報","200","1200","1200","100","0","1200","0","-1100"
"8008","ヨンドシーホールディ","東証","20230316","日証金","確報","0","0","4400","100","400","6400","-2000","300"
"8011","三陽商会","東証","20230316","日証金","確報","9400","81600","21400","3900","4400","93300","-71900","-71700"
"8012","長瀬産業","東証","20230316","日証金","確報","2100","300","5800","100","0","400","5400","1700"
"8013","ナイガイ","東証","20230316","日証金","確報","300","100","152400","0","0","100","152300","200"
"8014","蝶理","東証","20230316","日証金","確報","700","500","6300","100","1400","2100","4200","1500"
"8015","豊田通商","名証","20230316","日証金","確報","0","0","0","0","0","0","0","0"
"8015","豊田通商","東証","20230316","日証金","確報","4000","9900","11200","10100","0","11200","0","-16000"
"8016","オンワードＨＤ","東証","20230316","日証金","確報","18800","4600","117100","0","3500","80400","36700","17700"
"8018","三共生興","東証","20230316","日証金","確報","1000","0","13300","100","0","100","13200","900"
"8020","兼松","東証","20230316","日証金","確報","200","300","21900","0","100","3400","18500","0"
"8022","美津濃","東証","20230316","日証金","確報","5200","100","38800","0","1400","8100","30700","6500"
"8023","大興電子通信","東証","20230316","日証金","確報","0","500","9100","0","0","0","9100","-500"
"8025","ツカモトコーポ","東証","20230316","日証金","確報","0","0","700","0","0","0","700","0"
"8029","ルックＨＤ","東証","20230316","日証金","確報","100","0","4900","300","100","2200","2700","-100"
"8030","中央魚類","東証","20230316","日証金","確報","0","0","400","0","0","0","400","0"
"8031","三井物産","名証","20230316","日証金","確報","0","0","700","0","0","800","-100","0"
"8031","三井物産","札証","20230316","日証金","確報","0","0","0","0","0","0","0","0"
"8031","三井物産","東証","20230316","日証金","確報","80500","20800","171400","0","8600","1400","170000","68300"
"8031","三井物産","福証","20230316","日証金","確報","0","0","0","0","0","0","0","0"
"8032","日本紙パルプ商事","東証","20230316","日証金","確報","700","0","2600","0","200","1200","1400","900"
"8035","東京エレクトロン","東証","20230316","日証金","確報","14200","1000","43900","30900","1400","60200","-16300","-16300"
"8037","カメイ","東証","20230316","日証金","確報","300","200","11200","0","0","1500","9700","100"
"8038","東都水産","東証","20230316","日証金","確報","0","0","200","0","0","0","200","0"
"8039","築地魚市場","東証","20230316","日証金","確報","0","0","1400","0","0","0","1400","0"
"8040","東京ソワール","東証","20230316","日証金","確報","0","200","700","0","0","0","700","-200"
"8041","ＯＵＧＨＤ","東証","20230316","日証金","確報","0","0","1300","0","0","100","1200","0"
"8043","スターゼン","東証","20230316","日証金","確報","100","0","2900","0","0","100","2800","100"
"8045","横浜丸魚","東証","20230316","日証金","確報","0","100","1100","0","0","0","1100","-100"
"8046","丸藤シートパイル","東証","20230316","日証金","確報","0","0","2300","0","0","0","2300","0"
"8050","セイコーグループ","東証","20230316","日証金","確報","9100","200","16400","0","100","0","16400","9000"
"8051","山善","東証","20230316","日証金","確報","300","200","4100","300","200","500","3600","0"
"8052","椿本興業","東証","20230316","日証金","確報","200","100","1200","100","0","1200","0","0"
"8053","住友商事","東証","20230316","日証金","確報","29400","30700","130900","200","3800","1000","129900","2300"
"8056","ＢＩＰＲＯＧＹ","東証","20230316","日証金","確報","200","100","1600","200","200","3500","-1900","100"
"8057","内田洋行","東証","20230316","日証金","確報","0","0","6500","0","300","600","5900","300"
"8058","三菱商事","東証","20230316","日証金","確報","59800","19200","232500","0","12500","57800","174700","53100"
"8059","第一実業","東証","20230316","日証金","確報","400","100","1700","300","0","1700","0","0"
"8060","キヤノンＭＪ","東証","20230316","日証金","確報","0","0","2400","0","0","2300","100","0"
"8061","西華産業","東証","20230316","日証金","確報","100","0","4300","0","0","0","4300","100"
"8065","佐藤商事","東証","20230316","日証金","確報","0","900","4100","0","0","200","3900","-900"
"8066","三谷商事","東証","20230316","日証金","確報","600","200","1600","0","0","0","1600","400"
"8068","菱洋エレクトロ","東証","20230316","日証金","確報","2700","100","29200","1700","1200","5500","23700","2100"
"8070","東京産業","東証","20230316","日証金","確報","0","0","2600","0","0","0","2600","0"
"8071","東海エレクトロニクス","名証","20230316","日証金","確報","0","0","300","0","0","0","300","0"
"8072","日本出版貿易","東証","20230316","日証金","確報","0","100","0","0","0","0","0","-100"
"8074","ユアサ商事","東証","20230316","日証金","確報","100","0","500","0","0","200","300","100"
"8075","神鋼商事","東証","20230316","日証金","確報","2500","2000","17700","100","1600","24500","-6800","2000"
"8076","カノークス","名証","20230316","日証金","確報","0","0","300","0","0","0","300","0"
"8076","カノークス","東証","20230316","日証金","確報","200","100","2500","0","0","0","2500","100"
"8077","トルク","東証","20230316","日証金","確報","38000","30100","49200","100","0","41400","7800","7800"
"8078","阪和興業","東証","20230316","日証金","確報","4600","0","22100","0","1300","0","22100","5900"
"8079","正栄食品工業","東証","20230316","日証金","確報","600","1600","3100","2900","200","27000","-23900","-3700"
"8081","カナデン","東証","20230316","日証金","確報","0","0","6700","0","0","0","6700","0"
"8084","菱電商事","東証","20230316","日証金","確報","300","0","3100","200","0","500","2600","100"
"8085","ナラサキ産業","札証","20230316","日証金","確報","0","0","0","0","0","0","0","0"
"8085","ナラサキ産業","東証","20230316","日証金","確報","0","0","300","0","0","0","300","0"
"8086","ニプロ","東証","20230316","日証金","確報","7400","22000","28300","0","15400","27500","800","800"
"8088","岩谷産業","東証","20230316","日証金","確報","1200","500","10200","0","200","300","9900","900"
"8089","ナイス","東証","20230316","日証金","確報","300","0","600","0","100","200","400","400"
"8091","ニチモウ","東証","20230316","日証金","確報","600","0","5400","0","0","400","5000","600"
"8093","極東貿易","東証","20230316","日証金","確報","1600","0","13300","0","0","400","12900","1600"
"8095","アステナＨＤ","東証","20230316","日証金","確報","0","500","7100","0","500","10400","-3300","0"
"8096","兼松エレクトロニクス","東証","20230316","日証金","確報","3900","900","5900","0","0","100","5800","3000"
"8097","三愛オブリ","東証","20230316","日証金","確報","0","0","800","0","0","200","600","0"
"8098","稲畑産業","東証","20230316","日証金","確報","400","0","5600","100","200","1000","4600","500"
"8101","ＧＳＩクレオス","東証","20230316","日証金","確報","600","1000","6900","0","300","6700","200","-100"
"8103","明和産業","東証","20230316","日証金","確報","100","300","73000","0","0","0","73000","-200"
"8104","クワザワＨＤ","札証","20230316","日証金","確報","0","0","0","0","0","0","0","0"
"8104","クワザワＨＤ","東証","20230316","日証金","確報","0","0","4000","0","0","0","4000","0"
"8105","堀田丸正","東証","20230316","日証金","確報","0","2600","45600","0","0","0","45600","-2600"
"8107","キムラタン","東証","20230316","日証金","確報","900","20700","192100","0","0","0","192100","-19800"
"8111","ゴールドウィン","東証","20230316","日証金","確報","300","0","1800","200","27000","122600","-120800","27100"
"8113","ユニ・チャーム","東証","20230316","日証金","確報","800","13800","5700","15700","100","44900","-39200","-28600"
"8114","デサント","東証","20230316","日証金","確報","0","800","6200","9200","1400","59000","-52800","-8600"
"8115","ムーンバット","東証","20230316","日証金","確報","0","0","0","0","0","0","0","0"
"8117","中央自動車工業","東証","20230316","日証金","確報","100","0","900","100","0","100","800","0"
"8118","キング","東証","20230316","日証金","確報","0","0","900","0","100","200","700","100"
"8119","三栄コーポレーション","東証","20230316","日証金","確報","0","0","0","0","0","0","0","0"
"8123","川辺","東証","20230316","日証金","確報","0","0","5200","0","0","0","5200","0"
"8125","ワキタ","東証","20230316","日証金","確報","0","0","10900","200","0","1800","9100","-200"
"8127","ヤマトインタ","東証","20230316","日証金","確報","500","300","13600","0","0","3800","9800","200"
"8129","東邦ホールディングス","東証","20230316","日証金","確報","0","900","5100","0","0","11700","-6600","-900"
"8130","サンゲツ","名証","20230316","日証金","確報","0","0","0","0","0","0","0","0"
"8130","サンゲツ","東証","20230316","日証金","確報","0","300","22500","0","10000","42900","-20400","9700"
"8131","ミツウロコＧＨＤ","東証","20230316","日証金","確報","800","1300","3000","0","1400","2100","900","900"
"8132","シナネンＨＤ","東証","20230316","日証金","確報","0","0","300","0","0","0","300","0"
"8133","伊藤忠エネクス","東証","20230316","日証金","確報","300","2800","5700","0","0","3000","2700","-2500"
"8135","ゼット","東証","20230316","日証金","確報","200","1000","48500","0","0","0","48500","-800"
"8136","サンリオ","東証","20230316","日証金","確報","24700","100","72500","500","2500","5500","67000","26600"
"8137","サンワテクノス","東証","20230316","日証金","確報","600","100","9300","0","500","900","8400","1000"
"8138","三京化成","東証","20230316","日証金","確報","0","0","0","0","0","0","0","0"
"8139","ナガホリ","東証","20230316","日証金","確報","4900","4100","152800","0","0","0","152800","800"
"8140","リョーサン","東証","20230316","日証金","確報","700","500","10000","0","0","900","9100","200"
"8141","新光商事","東証","20230316","日証金","確報","1100","100","15100","0","200","500","14600","1200"
"8142","トーホー","東証","20230316","日証金","確報","1500","0","9100","7900","23800","92500","-83400","17400"
"8143","ラピーヌ","東証","20230316","日証金","確報","0","300","2100","0","0","0","2100","-300"
"8144","デンキョーグループ","東証","20230316","日証金","確報","0","0","300","0","0","0","300","0"
"8145","中部水産","名証","20230316","日証金","確報","0","0","1900","0","0","0","1900","0"
"8147","トミタ","東証","20230316","日証金","確報","0","0","400","0","0","0","400","0"
"8150","三信電気","東証","20230316","日証金","確報","0","2200","9600","0","0","1600","8000","-2200"
"8151","東陽テクニカ","東証","20230316","日証金","確報","900","0","6600","0","200","1200","5400","1100"
"8152","ソマール","東証","20230316","日証金","確報","200","0","1500","0","0","0","1500","200"
"8153","モスフードサービス","東証","20230316","日証金","確報","4300","0","6300","300","2900","6300","0","6900"
"8154","加賀電子","東証","20230316","日証金","確報","1600","1500","15600","100","0","15600","0","0"
"8155","三益半導体工業","東証","20230316","日証金","確報","2400","0","5100","200","1500","6600","-1500","3700"
"8157","都築電気","東証","20230316","日証金","確報","0","0","2300","0","0","100","2200","0"
"8158","ソーダニッカ","東証","20230316","日証金","確報","82200","200","95500","4600","63600","23700","71800","141000"
"8159","立花エレテック","東証","20230316","日証金","確報","800","200","6600","0","400","100","6500","1000"
"8160","木曽路","名証","20230316","日証金","確報","0","0","0","0","0","0","0","0"
"8160","木曽路","東証","20230316","日証金","確報","2000","0","3800","2000","2200","35200","-31400","2200"
"8163","ＳＲＳＨＤ","東証","20230316","日証金","確報","0","0","27600","2600","2500","90300","-62700","-100"
"8165","千趣会","東証","20230316","日証金","確報","500","0","5300","0","1800","1500","3800","2300"
"8167","リテールパートナーズ","東証","20230316","日証金","確報","300","0","6800","100","800","4700","2100","1000"
"8168","ケーヨー","東証","20230316","日証金","確報","3100","100","6300","0","600","2300","4000","3600"
"8173","上新電機","東証","20230316","日証金","確報","1200","200","4200","1400","0","6800","-2600","-400"
"8174","日本瓦斯","東証","20230316","日証金","確報","100","100","7400","200","1200","2900","4500","1000"
"8179","ロイヤルＨＤ","東証","20230316","日証金","確報","600","900","4900","100","12300","48500","-43600","11900"
"8179","ロイヤルＨＤ","福証","20230316","日証金","確報","0","0","0","0","0","0","0","0"
"8181","東天紅","東証","20230316","日証金","確報","0","0","0","0","0","0","0","0"
"8182","いなげや","東証","20230316","日証金","確報","200","0","2800","0","300","24800","-22000","500"
"8185","チヨダ","東証","20230316","日証金","確報","0","100","6100","0","100","6100","0","0"
"8190","ヤマナカ","名証","20230316","日証金","確報","0","0","200","0","0","0","200","0"
"8194","ライフコーポ","東証","20230316","日証金","確報","1700","15500","4000","400","0","4000","0","-14200"
"8198","マックスバリュ東海","東証","20230316","日証金","確報","0","0","500","0","0","0","500","0"
"8200","リンガーハット","東証","20230316","日証金","確報","0","0","4600","1900","2100","31300","-26700","200"
"8200","リンガーハット","福証","20230316","日証金","確報","0","0","0","0","0","0","0","0"
"8202","ラオックスＨＤ","東証","20230316","日証金","確報","48900","48600","1365800","400","100","1365800","0","0"
"8203","ＭｒＭａｘＨＤ","東証","20230316","日証金","確報","0","0","3600","0","300","200","3400","300"
"8203","ＭｒＭａｘＨＤ","福証","20230316","日証金","確報","0","0","0","0","0","0","0","0"
"8207","テンアライド","東証","20230316","日証金","確報","200","300","4300","0","0","0","4300","-100"
"8208","エンチョー","東証","20230316","日証金","確報","0","0","0","0","0","0","0","0"
"8209","フレンドリー","東証","20230316","日証金","確報","200","0","4300","0","0","0","4300","200"
"8214","ＡＯＫＩＨＤ","東証","20230316","日証金","確報","2100","1800","15200","1100","0","9300","5900","-800"
"8215","銀座山形屋","東証","20230316","日証金","確報","0","0","0","0","0","0","0","0"
"8217","オークワ","東証","20230316","日証金","確報","600","2900","6300","100","0","4500","1800","-2400"
"8218","コメリ","東証","20230316","日証金","確報","600","0","3200","0","800","4300","-1100","1400"
"8219","青山商事","東証","20230316","日証金","確報","4800","0","81800","0","0","0","81800","4800"
"8225","タカチホ","東証","20230316","日証金","確報","100","0","2900","0","0","0","2900","100"
"8226","理経","東証","20230316","日証金","確報","600","9500","52000","0","0","0","52000","-8900"
"8227","しまむら","東証","20230316","日証金","確報","0","200","1900","3200","100","36500","-34600","-3300"
"8228","マルイチ産商","名証","20230316","日証金","確報","0","0","700","0","0","0","700","0"
"8230","はせがわ","東証","20230316","日証金","確報","400","200","19300","0","0","0","19300","200"
"8230","はせがわ","福証","20230316","日証金","確報","0","0","0","0","0","0","0","0"
"8233","高島屋","東証","20230316","日証金","確報","3700","8500","25700","2700","1700","4600","21100","-5800"
"8237","松屋","東証","20230316","日証金","確報","900","0","29300","500","3300","2900","26400","3700"
"8242","Ｈ２Ｏリテイリング","東証","20230316","日証金","確報","6600","6900","18200","0","0","1200","17000","-300"
"8244","近鉄百貨店","東証","20230316","日証金","確報","100","0","2800","0","0","2000","800","100"
"8247","大和","東証","20230316","日証金","確報","0","0","800","0","0","0","800","0"
"8249","テクノアソシエ","東証","20230316","日証金","確報","3700","0","16200","0","200","0","16200","3900"
"8252","丸井グループ","東証","20230316","日証金","確報","0","2800","19500","17600","0","19000","500","-20400"
"8253","クレディセゾン","東証","20230316","日証金","確報","18500","2600","20500","20300","0","20500","0","-4400"
"8254","さいか屋","東証","20230316","日証金","確報","100","0","26800","0","0","0","26800","100"
"8255","アクシアル　リテ","東証","20230316","日証金","確報","0","0","200","100","300","1200","-1000","200"
"8256","プロルート丸光","東証","20230316","日証金","確報","100","4600","480100","0","0","0","480100","-4500"
"8260","井筒屋","東証","20230316","日証金","確報","2400","200","64800","0","0","100","64700","2200"
"8260","井筒屋","福証","20230316","日証金","確報","0","0","0","0","0","0","0","0"
"8267","イオン","東証","20230316","日証金","確報","12800","48300","222700","20000","2400","608600","-385900","-53100"
"8273","イズミ","東証","20230316","日証金","確報","0","200","6200","0","200","6200","0","0"
"8275","フォーバル","東証","20230316","日証金","確報","0","0","800","0","0","1200","-400","0"
"8276","平和堂","東証","20230316","日証金","確報","0","0","700","0","0","1600","-900","0"
"8278","フジ","東証","20230316","日証金","確報","100","0","6300","0","200","100","6200","300"
"8279","ヤオコー","東証","20230316","日証金","確報","500","100","800","100","500","300","500","800"
"8281","ゼビオＨＤ","東証","20230316","日証金","確報","300","100","18800","0","0","0","18800","200"
"8282","ケーズホールディング","東証","20230316","日証金","確報","13700","100","82100","0","0","100","82000","13600"
"8283","ＰＡＬＴＡＣ","東証","20230316","日証金","確報","1300","1000","1800","500","100","1800","0","-100"
"8285","三谷産業","名証","20230316","日証金","確報","0","0","0","0","0","0","0","0"
"8285","三谷産業","東証","20230316","日証金","確報","1000","300","11800","100","100","200","11600","700"
"8289","Ｏｌｙｍｐｉｃグルー","東証","20230316","日証金","確報","300","0","6300","100","0","400","5900","200"
"8291","日産東京販売ＨＤ","東証","20230316","日証金","確報","1400","0","58200","0","100","0","58200","1500"
"8303","ＳＢＩ新生銀行","東証","20230316","日証金","確報","3800","29700","179300","0","115300","85700","93600","89400"
"8304","あおぞら銀行","東証","20230316","日証金","確報","77400","8000","237000","3400","0","3400","233600","66000"
"8306","三菱ＵＦＪＦＧ","名証","20230316","日証金","確報","0","500","0","0","1000","100","-100","500"
"8306","三菱ＵＦＪＦＧ","東証","20230316","日証金","確報","619700","129600","6713600","8000","44700","29900","6683700","526800"
"8308","りそなＨＤ","東証","20230316","日証金","確報","131300","4000","964800","0","66200","587600","377200","193500"
"8309","三井住友トラストＨＤ","名証","20230316","日証金","確報","0","0","0","0","0","0","0","0"
"8309","三井住友トラストＨＤ","東証","20230316","日証金","確報","51100","2500","76500","1200","4800","14200","62300","52200"
"8316","三井住友ＦＧ","名証","20230316","日証金","確報","0","0","100","0","0","0","100","0"
"8316","三井住友ＦＧ","東証","20230316","日証金","確報","72800","24400","796200","0","13800","409500","386700","62200"
"8331","千葉銀行","東証","20230316","日証金","確報","20900","55800","144700","100","54100","125600","19100","19100"
"8334","群馬銀行","東証","20230316","日証金","確報","27000","13900","99200","6600","0","14800","84400","6500"
"8336","武蔵野銀行","東証","20230316","日証金","確報","1400","16000","18900","200","2000","5500","13400","-12800"
"8337","千葉興業銀行","東証","20230316","日証金","確報","47500","9300","276800","38000","1800","55200","221600","2000"
"8338","筑波銀行","東証","20230316","日証金","確報","13500","3400","33900","1600","500","21400","12500","9000"
"8341","七十七銀行","札証","20230316","日証金","確報","0","0","0","0","0","0","0","0"
"8341","七十七銀行","東証","20230316","日証金","確報","3400","1500","13700","600","200","3500","10200","1500"
"8343","秋田銀行","東証","20230316","日証金","確報","3100","2300","6700","0","5300","600","6100","6100"
"8344","山形銀行","東証","20230316","日証金","確報","1300","2300","37100","0","1000","37100","0","0"
"8345","岩手銀行","東証","20230316","日証金","確報","100","900","7600","0","0","900","6700","-800"
"8346","東邦銀行","東証","20230316","日証金","確報","4800","15500","34800","1800","17900","29400","5400","5400"
"8349","東北銀行","東証","20230316","日証金","確報","0","1700","6800","0","0","0","6800","-1700"
"8354","ふくおかＦＧ","東証","20230316","日証金","確報","2600","4300","61000","0","3800","4100","56900","2100"
"8354","ふくおかＦＧ","福証","20230316","日証金","確報","0","0","0","0","0","0","0","0"
"8358","スルガ銀行","東証","20230316","日証金","確報","21400","7200","290700","10200","22700","108600","182100","26700"
"8359","八十二銀行","東証","20230316","日証金","確報","11200","10000","131600","1400","400","85300","46300","200"
"8360","山梨中央銀行","東証","20230316","日証金","確報","800","400","9700","500","100","2000","7700","0"
"8361","大垣共立銀行","名証","20230316","日証金","確報","0","0","0","0","0","0","0","0"
"8361","大垣共立銀行","東証","20230316","日証金","確報","1600","400","11100","0","0","0","11100","1200"
"8362","福井銀行","東証","20230316","日証金","確報","1100","0","4100","500","1900","5700","-1600","2500"
"8364","清水銀行","東証","20230316","日証金","確報","0","200","700","0","0","600","100","-200"
"8365","富山銀行","東証","20230316","日証金","確報","500","1100","6300","300","200","24700","-18400","-700"
"8366","滋賀銀行","東証","20230316","日証金","確報","0","700","4800","1400","0","3600","1200","-2100"
"8367","南都銀行","東証","20230316","日証金","確報","600","300","11200","0","100","400","10800","400"
"8368","百五銀行","名証","20230316","日証金","確報","0","0","0","0","0","0","0","0"
"8368","百五銀行","東証","20230316","日証金","確報","4600","1700","28600","600","900","9700","18900","3200"
"8369","京都銀行","東証","20230316","日証金","確報","5700","1500","17100","1400","700","13000","4100","3500"
"8370","紀陽銀行","東証","20230316","日証金","確報","500","100","8500","800","0","7100","1400","-400"
"8377","ほくほくＦＧ","札証","20230316","日証金","確報","0","0","0","0","0","0","0","0"
"8377","ほくほくＦＧ","東証","20230316","日証金","確報","3600","1000","55100","0","100","1800","53300","2700"
"8381","山陰合同銀行","東証","20230316","日証金","確報","5700","13200","24400","4400","100","8100","16300","-11800"
"8383","鳥取銀行","東証","20230316","日証金","確報","400","4000","3500","300","3900","3500","0","0"
"8386","百十四銀行","東証","20230316","日証金","確報","1200","0","6600","0","200","1000","5600","1400"
"8387","四国銀行","東証","20230316","日証金","確報","100","0","3000","1000","400","1600","1400","-500"
"8388","阿波銀行","東証","20230316","日証金","確報","1000","0","2900","500","41800","35300","-32400","42300"
"8392","大分銀行","東証","20230316","日証金","確報","3600","600","7400","100","1100","2100","5300","4000"
"8392","大分銀行","福証","20230316","日証金","確報","0","0","0","0","0","0","0","0"
"8393","宮崎銀行","東証","20230316","日証金","確報","0","1300","1300","0","0","100","1200","-1300"
"8393","宮崎銀行","福証","20230316","日証金","確報","0","0","0","0","0","0","0","0"
"8395","佐賀銀行","東証","20230316","日証金","確報","200","6900","1700","0","1700","500","1200","-5000"
"8395","佐賀銀行","福証","20230316","日証金","確報","0","0","0","0","0","0","0","0"
"8398","筑邦銀行","福証","20230316","日証金","確報","0","0","200","0","0","0","200","0"
"8399","琉球銀行","東証","20230316","日証金","確報","4900","2000","37200","600","1000","37200","0","3300"
"8399","琉球銀行","福証","20230316","日証金","確報","0","0","0","0","0","0","0","0"
"8410","セブン銀行","東証","20230316","日証金","確報","0","45800","75300","0","1100","4300","71000","-44700"
"8411","みずほＦＧ","東証","20230316","日証金","確報","83100","31200","618800","1000","29600","174000","444800","80500"
"8416","高知銀行","東証","20230316","日証金","確報","0","2700","13800","500","0","3700","10100","-3200"
"8418","山口ＦＧ","東証","20230316","日証金","確報","7800","0","21300","7800","0","21300","0","0"
"8421","信金中央金庫","東証","20230316","日証金","確報","0","0","1","0","2","5","-4","2"
"8424","芙蓉総合リース","東証","20230316","日証金","確報","900","700","7700","200","1600","6100","1600","1600"
"8425","みずほリース","東証","20230316","日証金","確報","500","200","17200","0","0","100","17100","300"
"8439","東京センチュリー","東証","20230316","日証金","確報","200","700","2400","0","0","200","2200","-500"
"8462","フューチャーＶＣ","東証","20230316","日証金","確報","400","100","14900","0","0","0","14900","300"
"8473","ＳＢＩＨＤ","東証","20230316","日証金","確報","51100","0","881300","0","0","2300","879000","51100"
"8508","Ｊトラスト","東証","20230316","日証金","確報","200","14000","341700","0","0","0","341700","-13800"
"8511","日本証券金融","東証","20230316","日証金","確報","3700","0","141300","200","0","7100","134200","3500"
"8515","アイフル","東証","20230316","日証金","確報","24300","1200","337200","0","8400","84700","252500","31500"
"8518","日本アジア投資","東証","20230316","日証金","確報","0","4000","66400","0","0","0","66400","-4000"
"8521","長野銀行","東証","20230316","日証金","確報","2600","300","11100","5000","400","13400","-2300","-2300"
"8522","名古屋銀行","名証","20230316","日証金","確報","0","0","0","0","0","0","0","0"
"8522","名古屋銀行","東証","20230316","日証金","確報","2200","2000","9000","1300","1100","9000","0","0"
"8524","北洋銀行","札証","20230316","日証金","確報","0","0","0","0","0","0","0","0"
"8524","北洋銀行","東証","20230316","日証金","確報","7500","10400","47100","2300","2300","11000","36100","-2900"
"8537","大光銀行","東証","20230316","日証金","確報","200","8300","1300","0","0","0","1300","-8100"
"8540","福岡中央銀行","福証","20230316","日証金","確報","200","0","200","0","200","0","200","400"
"8541","愛媛銀行","東証","20230316","日証金","確報","500","0","11300","0","0","2100","9200","500"
"8542","トマト銀行","東証","20230316","日証金","確報","5400","0","8100","8100","0","8100","0","-2700"
"8544","京葉銀行","東証","20230316","日証金","確報","9100","17500","41100","400","8800","41100","0","0"
"8550","栃木銀行","東証","20230316","日証金","確報","49000","216000","154200","5800","376900","6400","147800","204100"
"8551","北日本銀行","東証","20230316","日証金","確報","200","800","400","0","300","18800","-18400","-300"
"8554","南日本銀行","福証","20230316","日証金","確報","0","0","6400","0","0","0","6400","0"
"8558","東和銀行","東証","20230316","日証金","確報","4100","0","24500","0","0","500","24000","4100"
"8559","豊和銀行","福証","20230316","日証金","確報","200","0","700","0","0","0","700","200"
"8560","宮崎太陽銀行","福証","20230316","日証金","確報","0","0","1800","0","0","0","1800","0"
"8562","福島銀行","東証","20230316","日証金","確報","1000","6500","218200","800","600","173500","44700","-5700"
"8563","大東銀行","東証","20230316","日証金","確報","5100","0","53300","0","0","2100","51200","5100"
"8566","リコーリース","東証","20230316","日証金","確報","600","400","3100","200","300","2000","1100","300"
"8570","イオンＦＳ","東証","20230316","日証金","確報","1100","300","367700","0","0","0","367700","800"
"8572","アコム","東証","20230316","日証金","確報","16300","0","214200","0","0","200","214000","16300"
"8584","ジャックス","東証","20230316","日証金","確報","300","500","9700","0","300","5800","3900","100"
"8585","オリエントコーポ","東証","20230316","日証金","確報","13500","900","97300","0","0","1000","96300","12600"
"8591","オリックス","東証","20230316","日証金","確報","180500","18700","246800","1300","500","1700","245100","161000"
"8593","三菱ＨＣキャピタル","名証","20230316","日証金","確報","0","0","0","0","0","0","0","0"
"8593","三菱ＨＣキャピタル","東証","20230316","日証金","確報","35000","400","393900","100","0","100","393800","34500"
"8594","中道リース","札証","20230316","日証金","確報","0","0","0","0","0","0","0","0"
"8595","ジャフコ　グループ","東証","20230316","日証金","確報","18100","500","148200","0","0","0","148200","17600"
"8596","九州リースサービス","東証","20230316","日証金","確報","2200","1200","18400","0","0","1400","17000","1000"
"8596","九州リースサービス","福証","20230316","日証金","確報","0","0","0","0","0","0","0","0"
"8600","トモニＨＤ","東証","20230316","日証金","確報","16400","200","79300","0","600","10700","68600","16800"
"8601","大和証券グループ本社","名証","20230316","日証金","確報","0","0","0","0","0","0","0","0"
"8601","大和証券グループ本社","東証","20230316","日証金","確報","40900","26800","164300","0","2100","0","164300","16200"
"8604","野村ホールディングス","名証","20230316","日証金","確報","0","0","0","0","0","0","0","0"
"8604","野村ホールディングス","東証","20230316","日証金","確報","175300","10700","549900","0","12800","0","549900","177400"
"8609","岡三証券グループ","名証","20230316","日証金","確報","0","0","0","0","0","0","0","0"
"8609","岡三証券グループ","東証","20230316","日証金","確報","900","0","32800","0","5100","13300","19500","6000"
"8613","丸三証券","東証","20230316","日証金","確報","500","300","28400","100","100","7000","21400","200"
"8614","東洋証券","東証","20230316","日証金","確報","127900","354500","3994900","0","0","0","3994900","-226600"
"8616","東海東京ＦＨＤ","名証","20230316","日証金","確報","0","0","0","0","0","0","0","0"
"8616","東海東京ＦＨＤ","東証","20230316","日証金","確報","5000","2000","95400","0","20900","3800","91600","23900"
"8617","光世証券","東証","20230316","日証金","確報","100","0","4800","0","500","2000","2800","600"
"8622","水戸証券","東証","20230316","日証金","確報","9800","1500","466800","11500","5200","280700","186100","2000"
"8624","いちよし証券","東証","20230316","日証金","確報","20000","0","43100","0","1500","23300","19800","21500"
"8628","松井証券","東証","20230316","日証金","確報","11500","0","24700","20300","800","24700","0","-8000"
"8630","ＳＯＭＰＯＨＤ","東証","20230316","日証金","確報","18000","2000","27200","2000","19500","9800","17400","33500"
"8697","日本取引所グループ","東証","20230316","日証金","確報","1500","600","27900","19600","0","22300","5600","-18700"
"8698","マネックスグループ","東証","20230316","日証金","確報","99900","27000","1532600","0","10100","100","1532500","83000"
"8699","ＨＳホールディングス","東証","20230316","日証金","確報","24000","0","50900","0","100","100","50800","24100"
"8700","丸八証券","東証","20230316","日証金","確報","0","0","200","0","0","0","200","0"
"8704","トレイダーズＨＤ","東証","20230316","日証金","確報","10300","2100","158900","0","0","0","158900","8200"
"8705","日産証券グループ","東証","20230316","日証金","確報","3100","14000","13200","0","0","0","13200","-10900"
"8706","極東証券","東証","20230316","日証金","確報","400","0","7400","0","0","700","6700","400"
"8707","岩井コスモＨＤ","東証","20230316","日証金","確報","900","600","18400","0","100","11800","6600","400"
"8708","アイザワ証券グループ","東証","20230316","日証金","確報","0","0","6500","100","0","1600","4900","-100"
"8713","フィデアＨＤ","東証","20230316","日証金","確報","1700","0","25600","0","2000","0","25600","3700"
"8714","池田泉州ＨＤ","東証","20230316","日証金","確報","22600","300","170900","0","17600","44400","126500","39900"
"8715","アニコムＨＤ","東証","20230316","日証金","確報","1500","500","44800","0","0","0","44800","1000"
"8725","ＭＳ＆ＡＤ","名証","20230316","日証金","確報","0","0","0","0","0","0","0","0"
"8725","ＭＳ＆ＡＤ","東証","20230316","日証金","確報","4400","0","22000","6000","6300","6500","15500","4700"
"8732","マネーパートナーズＧ","東証","20230316","日証金","確報","5800","18200","149600","400","0","500","149100","-12800"
"8737","あかつき本社","東証","20230316","日証金","確報","0","0","12600","0","0","0","12600","0"
"8739","スパークス・グループ","東証","20230316","日証金","確報","300","100","3400","500","0","1000","2400","-300"
"8742","小林洋行","東証","20230316","日証金","確報","0","0","5700","100","200","600","5100","100"
"8746","第一商品","東証","20230316","日証金","確報","3400","4400","163000","0","0","0","163000","-1000"
"8747","豊トラスティ証券","東証","20230316","日証金","確報","200","0","2400","0","0","0","2400","200"
"8750","第一生命ＨＤ","東証","20230316","日証金","確報","147800","7100","258900","0","20900","600","258300","161600"
"8766","東京海上ＨＤ","東証","20230316","日証金","確報","11200","47700","165400","0","14600","2200","163200","-21900"
"8769","アドバンテッジリスク","東証","20230316","日証金","確報","700","0","33200","0","0","100","33100","700"
"8771","イー・ギャランティ","東証","20230316","日証金","確報","200","0","2700","0","0","0","2700","200"
"8772","アサックス","東証","20230316","日証金","確報","0","200","8900","0","0","0","8900","-200"
"8783","ＧＦＡ","東証","20230316","日証金","確報","800","10000","468500","0","0","0","468500","-9200"
"8789","フィンテック","東証","20230316","日証金","確報","19000","500","678900","1000","0","11000","667900","17500"
"8793","ＮＥＣキャピタル","東証","20230316","日証金","確報","400","100","5300","0","500","5300","0","800"
"8795","Ｔ＆ＤＨＤ","東証","20230316","日証金","確報","47400","15000","132900","25200","40400","169500","-36600","47600"
"8798","アドバンスクリエイト","札証","20230316","日証金","確報","0","0","0","0","0","0","0","0"
"8798","アドバンスクリエイト","東証","20230316","日証金","確報","200","800","4300","0","0","100","4200","-600"
"8798","アドバンスクリエイト","福証","20230316","日証金","確報","0","0","0","0","0","0","0","0"
"8801","三井不動産","東証","20230316","日証金","確報","3100","21000","71900","0","0","0","71900","-17900"
"8802","三菱地所","東証","20230316","日証金","確報","12400","20500","155900","0","8500","0","155900","400"
"8803","平和不動産","名証","20230316","日証金","確報","0","0","0","0","0","0","0","0"
"8803","平和不動産","札証","20230316","日証金","確報","0","0","0","0","0","0","0","0"
"8803","平和不動産","東証","20230316","日証金","確報","600","0","1200","0","800","6800","-5600","1400"
"8803","平和不動産","福証","20230316","日証金","確報","0","0","0","0","0","0","0","0"
"8804","東京建物","東証","20230316","日証金","確報","900","3600","76600","7300","0","7700","68900","-10000"
"8818","京阪神ビルディング","東証","20230316","日証金","確報","400","0","6100","0","0","0","6100","400"
"8830","住友不動産","東証","20230316","日証金","確報","14500","1000","20500","19200","200","20500","0","-5500"
"8835","太平洋興発","東証","20230316","日証金","確報","1100","900","10300","0","600","2100","8200","800"
"8836","ＲＩＳＥ","東証","20230316","日証金","確報","0","0","20000","0","0","0","20000","0"
"8841","テーオーシー","東証","20230316","日証金","確報","700","0","10000","1000","500","1200","8800","200"
"8842","東京楽天地","東証","20230316","日証金","確報","0","0","300","0","0","0","300","0"
"8844","コスモスイニシア","東証","20230316","日証金","確報","0","2700","18500","0","0","0","18500","-2700"
"8848","レオパレス２１","東証","20230316","日証金","確報","9500","6000","213500","0","0","0","213500","3500"
"8850","スターツコーポ","東証","20230316","日証金","確報","0","200","900","0","0","0","900","-200"
"8854","日住サービス","東証","20230316","日証金","確報","0","0","200","0","0","0","200","0"
"8860","フジ住宅","東証","20230316","日証金","確報","0","100","10200","0","0","3300","6900","-100"
"8864","空港施設","東証","20230316","日証金","確報","0","200","2600","0","0","0","2600","-200"
"8869","明和地所","東証","20230316","日証金","確報","0","100","34300","4400","7200","116900","-82600","2700"
"8871","ゴールドクレスト","東証","20230316","日証金","確報","0","100","2300","0","0","0","2300","-100"
"8876","リログループ","東証","20230316","日証金","確報","200","700","6400","0","500","6400","0","0"
"8877","エスリード","東証","20230316","日証金","確報","0","200","6500","300","800","4600","1900","300"
"8881","日神グループＨＤ","東証","20230316","日証金","確報","2100","700","9100","0","0","300","8800","1400"
"8886","ウッドフレンズ","名証","20230316","日証金","確報","0","0","0","0","0","0","0","0"
"8886","ウッドフレンズ","東証","20230316","日証金","確報","0","0","1100","0","0","0","1100","0"
"8887","リベレステ","東証","20230316","日証金","確報","3300","0","9800","0","0","67400","-57600","3300"
"8889","ＡＰＡＭＡＮ","東証","20230316","日証金","確報","200","0","11800","0","0","0","11800","200"
"8890","レーサム","東証","20230316","日証金","確報","1600","2000","73100","0","0","0","73100","-400"
"8891","ＡＭＧＨＤ","名証","20230316","日証金","確報","0","0","0","0","0","0","0","0"
"8891","ＡＭＧＨＤ","東証","20230316","日証金","確報","0","100","3000","0","0","0","3000","-100"
"8892","日本エスコン","東証","20230316","日証金","確報","100","100","60100","100","100","60100","0","0"
"8893","新日本建物","東証","20230316","日証金","確報","0","700","15700","0","0","0","15700","-700"
"8894","ＲＥＶＯＬＵＴＩＯＮ","東証","20230316","日証金","確報","200","3200","474900","0","0","0","474900","-3000"
"8897","ミラースＨＤ","東証","20230316","日証金","確報","700","100","57000","0","0","2500","54500","600"
"8898","センチュリー２１","東証","20230316","日証金","確報","0","0","0","0","0","0","0","0"
"8903","サンウッド","東証","20230316","日証金","確報","0","400","5700","0","0","3600","2100","-400"
"8904","ＡＶＡＮＴＩＡ","名証","20230316","日証金","確報","0","0","0","0","0","0","0","0"
"8904","ＡＶＡＮＴＩＡ","東証","20230316","日証金","確報","0","100","2100","0","500","300","1800","400"
"8905","イオンモール","東証","20230316","日証金","確報","1000","3300","3100","1100","2700","3800","-700","-700"
"8908","毎日コムネット","東証","20230316","日証金","確報","0","300","3800","0","0","0","3800","-300"
"8912","エリアクエスト","東証","20230316","日証金","確報","0","200","21200","0","0","0","21200","-200"
"8914","エリアリンク","東証","20230316","日証金","確報","900","500","26900","1600","1200","26900","0","0"
"8917","ファースト住建","東証","20230316","日証金","確報","0","400","4600","100","1800","300","4300","1300"
"8918","ランド","東証","20230316","日証金","確報","0","0","160700","0","0","0","160700","0"
"8919","カチタス","東証","20230316","日証金","確報","500","0","3400","800","100","1300","2100","-200"
"8920","東祥","名証","20230316","日証金","確報","0","0","0","0","0","0","0","0"
"8920","東祥","東証","20230316","日証金","確報","400","0","8200","0","600","0","8200","1000"
"8923","トーセイ","東証","20230316","日証金","確報","500","400","4000","200","100","4000","0","0"
"8925","アルデプロ","東証","20230316","日証金","確報","1400","0","50400","0","0","0","50400","1400"
"8927","明豊エンタープライズ","東証","20230316","日証金","確報","500","1000","13800","0","0","0","13800","-500"
"8928","穴吹興産","東証","20230316","日証金","確報","0","1700","4200","0","0","700","3500","-1700"
"8929","青山財産ＮＷ","東証","20230316","日証金","確報","300","200","4200","0","0","0","4200","100"
"8931","和田興産","東証","20230316","日証金","確報","100","2000","60200","0","100","100","60100","-1800"
"8934","サンフロンティア","東証","20230316","日証金","確報","700","300","25100","0","0","6800","18300","400"
"8935","ＦＪネクストＨＤ","東証","20230316","日証金","確報","600","0","8900","500","0","500","8400","100"
"8938","グロームＨＤ","東証","20230316","日証金","確報","700","0","193500","0","0","0","193500","700"
"8940","インテリックス","東証","20230316","日証金","確報","0","0","89500","0","0","21500","68000","0"
"8944","ランドビジネス","東証","20230316","日証金","確報","100","700","14400","0","0","0","14400","-600"
"8945","サンネクスタグループ","東証","20230316","日証金","確報","0","0","1700","0","0","0","1700","0"
"8946","ＡＳＩＡＮ　ＳＴＡＲ","東証","20230316","日証金","確報","4000","0","100000","0","0","0","100000","4000"
"8951","日本ビルファンド投資","東証","20230316","日証金","確報","16","0","187","0","0","6","181","16"
"8952","ジャパンリアルエステ","東証","20230316","日証金","確報","4","10","75","0","0","81","-6","-6"
"8953","都市ファンド","東証","20230316","日証金","確報","29","147","99","14","4","69","30","-128"
"8954","オリックス不動産投資","東証","20230316","日証金","確報","7","76","90","0","31","49","41","-38"
"8955","日本プライムリアル","東証","20230316","日証金","確報","4","4","111","0","1","128","-17","1"
"8956","ＮＴＴ都市開発Ｒ","東証","20230316","日証金","確報","0","11","178","16","2","268","-90","-25"
"8957","東急リアルエステート","東証","20230316","日証金","確報","2","0","23","0","3","383","-360","5"
"8958","グローバルワン不動産","東証","20230316","日証金","確報","8","0","785","0","2","66","719","10"
"8960","ユナイテッドアーバン","東証","20230316","日証金","確報","3","0","205","1","0","17","188","2"
"8961","森トラスト","東証","20230316","日証金","確報","8","10","35","0","0","26","9","-2"
"8963","インヴィンシブル投資","東証","20230316","日証金","確報","43","80","899","0","214","131","768","177"
"8964","フロンティア不動産","東証","20230316","日証金","確報","9","0","25","1","0","16","9","8"
"8966","平和不動産リート投資","東証","20230316","日証金","確報","2","1","14","0","9","455","-441","10"
"8967","日本ロジＦ投資","東証","20230316","日証金","確報","0","0","8","72","0","337","-329","-72"
"8968","福岡リート投資法人","東証","20230316","日証金","確報","6","0","42","6","0","42","0","0"
"8968","福岡リート投資法人","福証","20230316","日証金","確報","0","0","0","0","0","0","0","0"
"8972","ケネディクスオフィス","東証","20230316","日証金","確報","0","7","40","0","0","0","40","-7"
"8975","いちごオフィスリート","東証","20230316","日証金","確報","71","0","929","71","0","929","0","0"
"8976","大和証券オフィス投資","東証","20230316","日証金","確報","1","0","59","0","4","14","45","5"
"8977","Ｒ－阪急阪神","東証","20230316","日証金","確報","59","0","162","0","2","371","-209","61"
"8979","スターツプロシード","東証","20230316","日証金","確報","0","3","0","0","0","0","0","-3"
"8984","大和ハウスリート","東証","20230316","日証金","確報","4","4","82","0","0","0","82","0"
"8985","ジャパンホテルリート","東証","20230316","日証金","確報","27","5","470","0","20","97","373","42"
"8986","大和証券リビング","東証","20230316","日証金","確報","1","4","422","5","0","67","355","-8"
"8987","ジャパンエクセレント","東証","20230316","日証金","確報","11","1","108","16","0","260","-152","-6"
"8995","誠建設工業","東証","20230316","日証金","確報","0","0","200","0","0","0","200","0"
"8996","ハウスフリーダム","東証","20230316","日証金","確報","0","0","500","0","0","0","500","0"
"8996","ハウスフリーダム","福証","20230316","日証金","確報","0","0","0","0","0","0","0","0"
"8999","グランディハウス","東証","20230316","日証金","確報","1900","0","15000","0","300","0","15000","2200"
"9001","東武鉄道","東証","20230316","日証金","確報","5200","1100","25000","4100","0","25000","0","0"
"9003","相鉄ホールディングス","東証","20230316","日証金","確報","300","500","5500","100","0","500","5000","-300"
"9005","東急","東証","20230316","日証金","確報","8000","3300","51400","12300","7600","51400","0","0"
"9006","京浜急行電鉄","東証","20230316","日証金","確報","800","3600","64200","0","0","0","64200","-2800"
"9007","小田急電鉄","東証","20230316","日証金","確報","1800","16900","79500","8100","0","31600","47900","-23200"
"9008","京王電鉄","東証","20230316","日証金","確報","4000","0","18700","4000","0","18700","0","0"
"9009","京成電鉄","東証","20230316","日証金","確報","8200","100","15400","10100","2000","15400","0","0"
"9010","富士急行","東証","20230316","日証金","確報","900","300","6200","1400","0","9600","-3400","-800"
"9012","秩父鉄道","東証","20230316","日証金","確報","0","0","0","0","0","0","0","0"
"9017","新潟交通","東証","20230316","日証金","確報","0","0","200","0","0","0","200","0"
"9020","東日本旅客鉄道","東証","20230316","日証金","確報","4400","29300","82100","0","0","400","81700","-24900"
"9021","西日本旅客鉄道","東証","20230316","日証金","確報","7400","2100","98900","0","6200","0","98900","11500"
"9022","東海旅客鉄道","名証","20230316","日証金","確報","0","0","0","0","0","0","0","0"
"9022","東海旅客鉄道","東証","20230316","日証金","確報","0","11100","89600","0","1400","500","89100","-9700"
"9024","西武ホールディングス","東証","20230316","日証金","確報","22300","4900","147100","0","0","0","147100","17400"
"9025","鴻池運輸","東証","20230316","日証金","確報","500","700","1100","100","0","1100","0","-300"
"9027","ロジネット　ジャパン","札証","20230316","日証金","確報","0","0","0","0","0","0","0","0"
"9028","ゼロ","東証","20230316","日証金","確報","0","0","200","0","0","0","200","0"
"9029","ヒガシ２１","東証","20230316","日証金","確報","100","500","3000","0","0","0","3000","-400"
"9031","西日本鉄道","東証","20230316","日証金","確報","300","400","6600","0","0","0","6600","-100"
"9031","西日本鉄道","福証","20230316","日証金","確報","0","0","0","0","0","0","0","0"
"9033","広島電鉄","東証","20230316","日証金","確報","1500","700","1500","1000","100","1500","0","-100"
"9034","南総通運","東証","20230316","日証金","確報","0","0","0","0","0","0","0","0"
"9035","第一交通産業","福証","20230316","日証金","確報","0","0","0","100","0","100","-100","-100"
"9036","東部ネットワーク","東証","20230316","日証金","確報","0","0","900","0","0","0","900","0"
"9037","ハマキョウレックス","東証","20230316","日証金","確報","100","0","600","0","0","0","600","100"
"9039","サカイ引越センター","東証","20230316","日証金","確報","300","600","900","0","100","800","100","-200"
"9040","大宝運輸","名証","20230316","日証金","確報","0","0","0","0","0","0","0","0"
"9041","近鉄グループＨＤ","東証","20230316","日証金","確報","300","100","13900","0","0","400","13500","200"
"9042","阪急阪神ＨＤ","東証","20230316","日証金","確報","0","500","19000","0","0","800","18200","-500"
"9044","南海電気鉄道","東証","20230316","日証金","確報","1400","2200","9300","0","800","9300","0","0"
"9045","京阪ホールディングス","東証","20230316","日証金","確報","300","100","32800","0","0","200","32600","200"
"9046","神戸電鉄","東証","20230316","日証金","確報","1500","1700","2300","0","100","2300","0","-100"
"9048","名古屋鉄道","名証","20230316","日証金","確報","0","0","100","0","0","0","100","0"
"9048","名古屋鉄道","東証","20230316","日証金","確報","3400","0","21900","0","400","0","21900","3800"
"9049","京福電気鉄道","東証","20230316","日証金","確報","0","100","100","0","0","0","100","-100"
"9051","センコン物流","東証","20230316","日証金","確報","0","0","200","0","0","0","200","0"
"9052","山陽電気鉄道","東証","20230316","日証金","確報","0","0","400","1600","100","9200","-8800","-1500"
"9055","アルプス物流","東証","20230316","日証金","確報","200","0","4500","0","0","200","4300","200"
"9057","遠州トラック","東証","20230316","日証金","確報","0","200","12100","0","0","0","12100","-200"
"9058","トランコム","名証","20230316","日証金","確報","0","0","0","0","0","0","0","0"
"9058","トランコム","東証","20230316","日証金","確報","3200","200","3500","0","0","100","3400","3000"
"9059","カンダＨＤ","東証","20230316","日証金","確報","300","0","1800","100","0","1500","300","200"
"9060","日本ロジテム","東証","20230316","日証金","確報","0","0","200","0","0","0","200","0"
"9063","岡山県貨物運送","東証","20230316","日証金","確報","0","0","400","0","0","0","400","0"
"9064","ヤマトＨＤ","東証","20230316","日証金","確報","200","100","16700","20600","3100","124900","-108200","-17400"
"9065","山九","東証","20230316","日証金","確報","1000","2600","1500","200","0","1600","-100","-1800"
"9065","山九","福証","20230316","日証金","確報","0","0","0","0","0","0","0","0"
"9066","日新","東証","20230316","日証金","確報","400","300","8200","0","0","0","8200","100"
"9067","丸運","東証","20230316","日証金","確報","200","0","31600","0","0","0","31600","200"
"9068","丸全昭和運輸","東証","20230316","日証金","確報","300","0","800","0","100","0","800","400"
"9069","センコーグループＨＤ","東証","20230316","日証金","確報","1100","1700","6200","300","0","300","5900","-900"
"9070","トナミＨＤ","東証","20230316","日証金","確報","0","300","1000","0","400","900","100","100"
"9072","ニッコンＨＤ","東証","20230316","日証金","確報","0","0","3300","100","0","700","2600","-100"
"9073","京極運輸商事","東証","20230316","日証金","確報","0","0","0","0","0","0","0","0"
"9074","日本石油輸送","東証","20230316","日証金","確報","100","0","3800","0","0","200","3600","100"
"9075","福山通運","東証","20230316","日証金","確報","200","0","5500","200","0","5500","0","0"
"9076","セイノーＨＤ","名証","20230316","日証金","確報","0","0","0","0","0","0","0","0"
"9076","セイノーＨＤ","東証","20230316","日証金","確報","0","700","23600","800","1500","23600","0","0"
"9078","エスライン","名証","20230316","日証金","確報","0","0","0","0","0","0","0","0"
"9078","エスライン","東証","20230316","日証金","確報","0","200","43800","200","100","11500","32300","-300"
"9081","神奈川中央交通","東証","20230316","日証金","確報","0","0","0","0","0","0","0","0"
"9082","大和自動車交通","東証","20230316","日証金","確報","0","0","300","0","0","0","300","0"
"9083","神姫バス","東証","20230316","日証金","確報","0","0","0","0","0","0","0","0"
"9085","北海道中央バス","札証","20230316","日証金","確報","0","0","0","0","0","0","0","0"
"9087","タカセ","東証","20230316","日証金","確報","0","0","300","0","0","0","300","0"
"9090","ＡＺ－ＣＯＭ丸和ＨＤ","東証","20230316","日証金","確報","300","200","12800","200","1900","17800","-5000","1800"
"9099","Ｃ＆ＦロジＨＤ","東証","20230316","日証金","確報","0","0","1100","0","0","300","800","0"
"9101","日本郵船","東証","20230316","日証金","確報","52300","13200","943700","50100","240700","1699200","-755500","229700"
"9104","商船三井","東証","20230316","日証金","確報","63700","2500","534900","76500","102600","2274200","-1739300","87300"
"9107","川崎汽船","東証","20230316","日証金","確報","196100","14300","580600","152800","1094500","3710900","-3130300","1123500"
"9110","ＮＳユナイテッド海運","東証","20230316","日証金","確報","900","0","12700","2100","26900","131800","-119100","25700"
"9115","明治海運","東証","20230316","日証金","確報","3200","0","73200","0","0","0","73200","3200"
"9119","飯野海運","東証","20230316","日証金","確報","2400","0","51400","4200","42400","300000","-248600","40600"
"9119","飯野海運","福証","20230316","日証金","確報","0","0","0","0","0","0","0","0"
"9127","玉井商船","東証","20230316","日証金","確報","300","0","4700","0","0","0","4700","300"
"9130","共栄タンカー","東証","20230316","日証金","確報","3000","21400","20400","0","0","38200","-17800","-18400"
"9142","九州旅客鉄道","東証","20230316","日証金","確報","5100","0","65600","0","0","400","65200","5100"
"9142","九州旅客鉄道","福証","20230316","日証金","確報","0","0","0","0","0","0","0","0"
"9143","ＳＧホールディングス","東証","20230316","日証金","確報","2200","800","13700","3000","1400","13900","-200","-200"
"9145","ビーイングＨＤ","東証","20230316","日証金","確報","300","100","1600","100","0","600","1000","100"
"9147","ＮＸＨＤ","東証","20230316","日証金","確報","1600","600","3100","1500","200","3100","0","-300"
"9171","栗林商船","東証","20230316","日証金","確報","0","0","3400","0","0","0","3400","0"
"9173","東海汽船","東証","20230316","日証金","確報","100","0","400","0","0","0","400","100"
"9193","東京汽船","東証","20230316","日証金","確報","0","0","1500","0","0","0","1500","0"
"9201","ＪＡＬ","東証","20230316","日証金","確報","30800","122200","841300","0","0","400","840900","-91400"
"9202","ＡＮＡＨＤ","東証","20230316","日証金","確報","234400","12500","500800","500100","3900","500800","0","-274300"
"9204","スカイマーク","東証","20230316","日証金","確報","1400","0","73300","0","0","0","73300","1400"
"9206","スターフライヤー","東証","20230316","日証金","確報","0","0","2300","0","0","0","2300","0"
"9211","エフ・コード","東証","20230316","日証金","確報","100","0","6200","0","0","0","6200","100"
"9212","ＧＥＩ","東証","20230316","日証金","確報","4800","1600","63500","0","0","0","63500","3200"
"9213","セイファート","東証","20230316","日証金","確報","100","500","1400","0","0","0","1400","-400"
"9214","リカバリー","東証","20230316","日証金","確報","900","300","7000","0","0","0","7000","600"
"9215","ＣａＳｙ","東証","20230316","日証金","確報","0","0","1800","0","0","0","1800","0"
"9216","ビーウィズ","東証","20230316","日証金","確報","0","0","2000","0","0","0","2000","0"
"9218","メンタルヘルスＴ","東証","20230316","日証金","確報","0","200","33000","0","0","0","33000","-200"
"9219","ギックス","東証","20230316","日証金","確報","20600","400","27000","1500","6500","27600","-600","25200"
"9220","エフビー介護サービス","東証","20230316","日証金","確報","0","0","1500","0","0","0","1500","0"
"9221","フルハシＥＰＯ","名証","20230316","日証金","確報","0","0","0","0","0","0","0","0"
"9221","フルハシＥＰＯ","東証","20230316","日証金","確報","0","400","5200","0","0","0","5200","-400"
"9223","ＡＳＮＯＶＡ","名証","20230316","日証金","確報","100","100","1300","0","0","0","1300","0"
"9227","マイクロ波化学","東証","20230316","日証金","確報","1600","1900","141700","0","0","0","141700","-300"
"9229","サンウェルズ","東証","20230316","日証金","確報","300","1700","14900","0","500","3000","11900","-900"
"9232","パスコ","東証","20230316","日証金","確報","0","0","2100","0","0","100","2000","0"
"9233","アジア航測","東証","20230316","日証金","確報","0","24300","3500","10800","1500","65800","-62300","-33600"
"9240","デリバリコンサル","東証","20230316","日証金","確報","0","0","7900","0","0","0","7900","0"
"9241","ＦＬＮ","東証","20230316","日証金","確報","0","0","1300","0","0","0","1300","0"
"9242","メディア総研","東証","20230316","日証金","確報","100","0","1000","0","0","0","1000","100"
"9242","メディア総研","福証","20230316","日証金","確報","0","0","0","0","0","0","0","0"
"9244","デジタリフト","東証","20230316","日証金","確報","0","0","3100","0","0","0","3100","0"
"9245","リベロ","東証","20230316","日証金","確報","0","200","3800","0","0","0","3800","-200"
"9246","プロジェクトＣ","東証","20230316","日証金","確報","500","300","8200","0","0","0","8200","200"
"9247","ＴＲＥＨＤ","東証","20230316","日証金","確報","2600","0","32100","100","0","100","32000","2500"
"9248","人・夢・技術グループ","東証","20230316","日証金","確報","0","0","9800","0","0","0","9800","0"
"9249","日本エコシステム","名証","20230316","日証金","確報","0","0","0","0","0","0","0","0"
"9249","日本エコシステム","東証","20230316","日証金","確報","0","0","1300","0","0","0","1300","0"
"9250","ＧＲＣＳ","東証","20230316","日証金","確報","0","0","8100","0","0","0","8100","0"
"9251","ＡＢ＆Ｃｏｍｐａｎｙ","東証","20230316","日証金","確報","200","0","3100","0","0","0","3100","200"
"9252","ラストワンマイル","東証","20230316","日証金","確報","100","200","5300","0","0","0","5300","-100"
"9253","スローガン","東証","20230316","日証金","確報","0","0","1700","0","0","0","1700","0"
"9254","ラバブルマーケ","東証","20230316","日証金","確報","200","4100","9500","0","0","0","9500","-3900"
"9256","サクシード","東証","20230316","日証金","確報","0","0","600","0","0","0","600","0"
"9257","ＹＣＰ","東証","20230316","日証金","確報","0","0","0","0","0","0","0","0"
"9258","ＣＳ－Ｃ","東証","20230316","日証金","確報","300","0","8800","0","0","0","8800","300"
"9259","タカヨシ","東証","20230316","日証金","確報","0","0","1000","0","0","0","1000","0"
"9260","Ｗｉｓｍｅｔｔａｃ","東証","20230316","日証金","確報","100","0","4000","0","0","100","3900","100"
"9262","シルバーライフ","東証","20230316","日証金","確報","800","3400","17400","0","1500","0","17400","-1100"
"9263","ビジョナリーＨＤ","東証","20230316","日証金","確報","2100","400","36700","0","0","0","36700","1700"
"9264","ポエック","東証","20230316","日証金","確報","0","1400","12500","0","0","0","12500","-1400"
"9265","ヤマシタヘルスケア","東証","20230316","日証金","確報","0","0","1600","0","0","0","1600","0"
"9267","ゲンキードラッグ","東証","20230316","日証金","確報","700","0","1700","0","2600","3200","-1500","3300"
"9268","オプティマス","東証","20230316","日証金","確報","400","100","6700","0","0","0","6700","300"
"9270","バリュエンスＨＤ","東証","20230316","日証金","確報","0","2500","21200","0","100","500","20700","-2400"
"9272","ブティックス","東証","20230316","日証金","確報","0","0","5200","0","0","0","5200","0"
"9273","コーア商事ＨＤ","東証","20230316","日証金","確報","1100","100","6500","0","0","5400","1100","1000"
"9274","ＫＰＰグループＨＤ","東証","20230316","日証金","確報","4000","9600","232500","4000","0","4000","228500","-9600"
"9275","ナルミヤ","東証","20230316","日証金","確報","0","0","500","0","0","0","500","0"
"9278","ブックオフＧＨＤ","東証","20230316","日証金","確報","0","0","13200","100","400","600","12600","300"
"9279","ギフトＨＤ","東証","20230316","日証金","確報","7800","100","8500","500","28500","15400","-6900","35700"
"9282","いちごグリーン","東証","20230316","日証金","確報","0","0","12","0","0","0","12","0"
"9284","カナディアンソラ","東証","20230316","日証金","確報","1","10","60","0","0","0","60","-9"
"9285","東京インフラＦ","東証","20230316","日証金","確報","0","0","68","0","0","0","68","0"
"9286","エネクスインフラ","東証","20230316","日証金","確報","0","0","949","0","0","0","949","0"
"9287","ＪＩＦ","東証","20230316","日証金","確報","3","0","7345","0","0","0","7345","3"
"9301","三菱倉庫","東証","20230316","日証金","確報","6200","600","10200","10200","0","10200","0","-4600"
"9302","三井倉庫ＨＤ","東証","20230316","日証金","確報","100","200","12900","300","400","12900","0","0"
"9303","住友倉庫","東証","20230316","日証金","確報","800","2300","9500","0","5100","1100","8400","3600"
"9304","澁澤倉庫","東証","20230316","日証金","確報","200","0","9100","100","0","600","8500","100"
"9305","ヤマタネ","東証","20230316","日証金","確報","0","0","2600","0","300","900","1700","300"
"9306","東陽倉庫","名証","20230316","日証金","確報","0","0","0","0","0","0","0","0"
"9306","東陽倉庫","東証","20230316","日証金","確報","600","0","6000","100","0","100","5900","500"
"9307","杉村倉庫","東証","20230316","日証金","確報","100","0","7400","0","0","0","7400","100"
"9308","乾汽船","東証","20230316","日証金","確報","39700","39700","84400","0","16400","72200","12200","16400"
"9310","日本トランスシティ","名証","20230316","日証金","確報","0","0","0","0","0","0","0","0"
"9310","日本トランスシティ","東証","20230316","日証金","確報","700","900","5200","0","0","100","5100","-200"
"9311","アサガミ","東証","20230316","日証金","確報","0","0","0","0","0","0","0","0"
"9312","ケイヒン","東証","20230316","日証金","確報","0","300","2800","0","0","100","2700","-300"
"9313","丸八倉庫","東証","20230316","日証金","確報","100","0","100","0","0","0","100","100"
"9318","アジア開発キャピタル","東証","20230316","日証金","確報","104600","7400","5423600","0","0","0","5423600","97200"
"9319","中央倉庫","東証","20230316","日証金","確報","200","200","22200","0","0","200","22000","0"
"9322","川西倉庫","東証","20230316","日証金","確報","0","100","3100","0","0","0","3100","-100"
"9324","安田倉庫","東証","20230316","日証金","確報","200","300","5200","0","0","0","5200","-100"
"9325","ファイズＨＤ","東証","20230316","日証金","確報","300","0","8600","0","0","0","8600","300"
"9326","関通","東証","20230316","日証金","確報","200","0","20000","0","0","0","20000","200"
"9327","イー・ロジット","東証","20230316","日証金","確報","0","0","6700","0","0","0","6700","0"
"9336","大栄環境","東証","20230316","日証金","確報","100","300","40200","0","0","0","40200","-200"
"9337","トリドリ","東証","20230316","日証金","確報","0","300","3300","0","0","0","3300","-300"
"9338","ＩＮＦＯＲＩＣＨ","東証","20230316","日証金","確報","100","0","1200","0","0","0","1200","100"
"9339","コーチ・エィ","東証","20230316","日証金","確報","100","300","1400","0","0","0","1400","-200"
"9340","アソインター","東証","20230316","日証金","確報","400","0","6600","0","0","0","6600","400"
"9341","ＧＥＮＯＶＡ","東証","20230316","日証金","確報","500","1500","13000","0","0","0","13000","-1000"
"9342","スマサポ","東証","20230316","日証金","確報","0","600","9900","0","0","0","9900","-600"
"9351","東洋埠頭","東証","20230316","日証金","確報","100","0","1700","0","0","400","1300","100"
"9353","櫻島埠頭","東証","20230316","日証金","確報","0","0","200","0","0","0","200","0"
"9355","リンコーコーポ","東証","20230316","日証金","確報","0","100","800","0","0","0","800","-100"
"9357","名港海運","名証","20230316","日証金","確報","0","0","200","0","0","0","200","0"
"9359","伊勢湾海運","名証","20230316","日証金","確報","1100","0","8200","0","0","0","8200","1100"
"9360","鈴与シンワート","東証","20230316","日証金","確報","0","500","4700","0","0","0","4700","-500"
"9361","伏木海陸運送","東証","20230316","日証金","確報","0","300","2300","0","0","0","2300","-300"
"9362","兵機海運","東証","20230316","日証金","確報","0","0","500","0","0","0","500","0"
"9363","大運","東証","20230316","日証金","確報","0","0","7400","0","0","0","7400","0"
"9364","上組","東証","20230316","日証金","確報","600","300","1000","0","0","700","300","300"
"9365","トレーディア","東証","20230316","日証金","確報","0","0","0","0","0","0","0","0"
"9366","サンリツ","東証","20230316","日証金","確報","0","300","2900","100","0","100","2800","-400"
"9367","大東港運","東証","20230316","日証金","確報","0","0","0","0","0","0","0","0"
"9368","キムラユニティー","名証","20230316","日証金","確報","0","0","0","0","0","0","0","0"
"9368","キムラユニティー","東証","20230316","日証金","確報","0","0","1200","1400","200","24800","-23600","-1200"
"9369","キユーソー流通Ｓ","東証","20230316","日証金","確報","0","100","9300","0","100","200","9100","0"
"9376","ユーラシア旅行社","東証","20230316","日証金","確報","0","0","1000","0","0","0","1000","0"
"9377","エージーピー","東証","20230316","日証金","確報","0","100","6300","0","0","0","6300","-100"
"9380","東海運","東証","20230316","日証金","確報","900","100","16200","100","100","31800","-15600","800"
"9381","エーアイテイー","東証","20230316","日証金","確報","200","0","5600","0","0","0","5600","200"
"9384","内外トランスライン","東証","20230316","日証金","確報","100","100","4700","0","0","12200","-7500","0"
"9385","ショーエイコーポ","東証","20230316","日証金","確報","600","200","16700","1300","0","37900","-21200","-900"
"9386","日本コンセプト","東証","20230316","日証金","確報","0","0","5000","0","0","0","5000","0"
"9401","ＴＢＳＨＤ","東証","20230316","日証金","確報","12200","7700","41100","4700","200","41100","0","0"
"9402","中部日本放送","名証","20230316","日証金","確報","0","0","12000","0","0","0","12000","0"
"9404","日本テレビＨＤ","東証","20230316","日証金","確報","3300","1200","143000","0","0","0","143000","2100"
"9405","朝日放送グループＨＤ","東証","20230316","日証金","確報","100","0","1000","300","1000","5600","-4600","800"
"9407","ＲＫＢ毎日ＨＤ","福証","20230316","日証金","確報","0","0","300","0","0","0","300","0"
"9408","新潟放送","東証","20230316","日証金","確報","0","0","100","0","0","0","100","0"
"9409","テレビ朝日ＨＤ","東証","20230316","日証金","確報","18800","2100","26700","0","1100","8900","17800","17800"
"9412","スカパーＪＳＡＴＨＤ","東証","20230316","日証金","確報","7100","0","118200","0","600","3500","114700","7700"
"9413","テレ東ＨＤ","東証","20230316","日証金","確報","800","2100","12900","1400","100","19200","-6300","-2600"
"9414","日本ＢＳ放送","東証","20230316","日証金","確報","0","0","8900","500","0","500","8400","-500"
"9416","ビジョン","東証","20230316","日証金","確報","1000","4800","36700","0","200","115800","-79100","-3600"
"9417","スマートバリュー","東証","20230316","日証金","確報","700","300","17600","0","0","100","17500","400"
"9418","ＵＳＥＮ　ＮＥＸＴ","東証","20230316","日証金","確報","200","8600","7800","100","0","3700","4100","-8500"
"9419","ワイヤレスゲート","東証","20230316","日証金","確報","500","0","17100","0","0","0","17100","500"
"9421","エヌジェイＨＤ","東証","20230316","日証金","確報","0","0","3400","0","0","0","3400","0"
"9422","コネクシオ","東証","20230316","日証金","確報","0","0","0","0","2100","0","0","2100"
"9423","フォーバルＲＳ","東証","20230316","日証金","確報","296100","2300","315900","500","10900","3300","312600","304200"
"9424","日本通信","東証","20230316","日証金","確報","1470900","175600","1747100","0","615800","716500","1030600","1911100"
"9425","日本テレホン","東証","20230316","日証金","確報","100","400","8600","0","0","0","8600","-300"
"9428","クロップス","名証","20230316","日証金","確報","0","0","0","0","0","0","0","0"
"9428","クロップス","東証","20230316","日証金","確報","100","100","11100","0","0","25300","-14200","0"
"9432","日本電信電話","東証","20230316","日証金","確報","300","6400","22000","5400","0","7600","14400","-11500"
"9433","ＫＤＤＩ","東証","20230316","日証金","確報","47200","21300","111700","111600","1300","111700","0","-84400"
"9434","ソフトバンク","東証","20230316","日証金","確報","20600","3700","51400","16300","0","16300","35100","600"
"9435","光通信","東証","20230316","日証金","確報","1500","100","15200","0","0","0","15200","1400"
"9436","沖縄セルラー電話","東証","20230316","日証金","確報","500","100","2500","0","600","300","2200","1000"
"9438","エムティーアイ","東証","20230316","日証金","確報","0","200","5000","0","200","5000","0","0"
"9439","ＭＨグループ","東証","20230316","日証金","確報","0","3400","24600","0","0","0","24600","-3400"
"9441","ベルパーク","東証","20230316","日証金","確報","200","0","1000","0","0","300","700","200"
"9444","トーシンＨＤ","東証","20230316","日証金","確報","100","0","1300","0","0","0","1300","100"
"9445","フォーバルテレコム","東証","20230316","日証金","確報","0","0","0","0","0","0","0","0"
"9446","サカイＨＤ","東証","20230316","日証金","確報","0","100","100","0","0","0","100","-100"
"9449","ＧＭＯ","東証","20230316","日証金","確報","0","9800","20600","0","0","3100","17500","-9800"
"9450","ファイバーゲート","札証","20230316","日証金","確報","0","0","0","0","0","0","0","0"
"9450","ファイバーゲート","東証","20230316","日証金","確報","800","700","50300","100","0","50300","0","0"
"9466","アイドマＭＣ","東証","20230316","日証金","確報","0","0","12900","0","0","0","12900","0"
"9467","アルファポリス","東証","20230316","日証金","確報","14400","0","18700","0","100","1600","17100","14500"
"9468","ＫＡＤＯＫＡＷＡ","東証","20230316","日証金","確報","1300","200","30900","1700","500","16000","14900","-100"
"9470","学研ホールディングス","東証","20230316","日証金","確報","0","200","7500","0","0","1000","6500","-200"
"9471","文溪堂","名証","20230316","日証金","確報","100","0","1800","0","0","0","1800","100"
"9474","ゼンリン","東証","20230316","日証金","確報","100","0","5100","0","0","300","4800","100"
"9474","ゼンリン","福証","20230316","日証金","確報","0","0","0","0","0","0","0","0"
"9475","昭文社ＨＤ","東証","20230316","日証金","確報","900","10700","4400","100","100","8300","-3900","-9800"
"9476","中央経済社ＨＤ","東証","20230316","日証金","確報","0","0","0","0","0","0","0","0"
"9478","ＳＥＨＤ＆Ｉ","東証","20230316","日証金","確報","100","0","26100","0","0","0","26100","100"
"9479","インプレスＨＤ","東証","20230316","日証金","確報","0","100","9900","0","0","0","9900","-100"
"9501","東京電力ＨＤ","東証","20230316","日証金","確報","15900","144500","3066200","0","25000","0","3066200","-103600"
"9502","中部電力","名証","20230316","日証金","確報","0","0","0","0","0","0","0","0"
"9502","中部電力","東証","20230316","日証金","確報","6700","0","25000","5200","700","22700","2300","2200"
"9503","関西電力","東証","20230316","日証金","確報","58200","62400","212700","3700","7900","212700","0","0"
"9504","中国電力","東証","20230316","日証金","確報","10300","0","149800","0","0","0","149800","10300"
"9505","北陸電力","東証","20230316","日証金","確報","48100","18200","75500","36900","0","75500","0","-7000"
"9506","東北電力","東証","20230316","日証金","確報","5700","0","86300","0","0","0","86300","5700"
"9507","四国電力","東証","20230316","日証金","確報","1500","100","14600","400","100","500","14100","1100"
"9508","九州電力","東証","20230316","日証金","確報","2000","5300","98900","0","10000","0","98900","6700"
"9508","九州電力","福証","20230316","日証金","確報","0","0","0","0","0","0","0","0"
"9509","北海道電力","札証","20230316","日証金","確報","0","0","0","0","0","0","0","0"
"9509","北海道電力","東証","20230316","日証金","確報","5600","0","66800","400","300","2100","64700","5500"
"9511","沖縄電力","東証","20230316","日証金","確報","0","600","5600","0","400","200","5400","-200"
"9511","沖縄電力","福証","20230316","日証金","確報","0","0","0","0","0","0","0","0"
"9513","電源開発","東証","20230316","日証金","確報","10600","2300","251200","0","0","0","251200","8300"
"9514","エフオン","東証","20230316","日証金","確報","900","2000","28100","0","0","0","28100","-1100"
"9517","イーレックス","東証","20230316","日証金","確報","1200","3000","103700","0","0","11800","91900","-1800"
"9519","レノバ","東証","20230316","日証金","確報","3100","5900","189000","1500","300","22100","166900","-4000"
"9522","リニューアブルＪ","東証","20230316","日証金","確報","0","2400","53500","0","0","0","53500","-2400"
"9531","東京瓦斯","名証","20230316","日証金","確報","0","0","0","0","0","0","0","0"
"9531","東京瓦斯","東証","20230316","日証金","確報","3100","16600","82900","700","0","700","82200","-14200"
"9532","大阪瓦斯","東証","20230316","日証金","確報","5500","8400","10800","18700","3400","27700","-16900","-18200"
"9533","東邦瓦斯","名証","20230316","日証金","確報","0","0","0","0","0","0","0","0"
"9533","東邦瓦斯","東証","20230316","日証金","確報","0","0","31500","100","0","100","31400","-100"
"9534","北海道瓦斯","札証","20230316","日証金","確報","0","0","0","0","0","0","0","0"
"9534","北海道瓦斯","東証","20230316","日証金","確報","100","1400","1000","0","1300","1000","0","0"
"9535","広島ガス","東証","20230316","日証金","確報","200","0","5800","0","800","11300","-5500","1000"
"9536","西部ガスＨＤ","東証","20230316","日証金","確報","0","100","1700","0","300","1000","700","200"
"9536","西部ガスＨＤ","福証","20230316","日証金","確報","0","0","0","0","0","0","0","0"
"9537","北陸瓦斯","東証","20230316","日証金","確報","0","0","0","0","0","0","0","0"
"9539","京葉瓦斯","東証","20230316","日証金","確報","0","0","1200","0","0","0","1200","0"
"9543","静岡ガス","東証","20230316","日証金","確報","100","0","2200","900","0","3100","-900","-800"
"9551","メタウォーター","東証","20230316","日証金","確報","500","200","8700","0","0","700","8000","300"
"9552","Ｍ＆Ａ総合研究所","東証","20230316","日証金","確報","6800","5400","42600","0","0","0","42600","1400"
"9553","マイクロアド","東証","20230316","日証金","確報","12600","12500","323400","100","0","323400","0","0"
"9554","ＡＶｉＣ","東証","20230316","日証金","確報","700","0","8400","0","0","0","8400","700"
"9556","ＩＮＴＬＯＯＰ","東証","20230316","日証金","確報","1400","300","8000","0","0","0","8000","1100"
"9557","エアークローゼット","東証","20230316","日証金","確報","100","1300","4700","0","0","0","4700","-1200"
"9558","ジャパニアス","東証","20230316","日証金","確報","500","0","10800","0","0","0","10800","500"
"9560","プログリット","東証","20230316","日証金","確報","200","1000","9400","0","0","0","9400","-800"
"9561","グラッドキューブ","東証","20230316","日証金","確報","300","1400","45800","0","0","0","45800","-1100"
"9562","ビジネスコーチ","東証","20230316","日証金","確報","100","0","8800","0","0","0","8800","100"
"9563","Ａｔｌａｓ","東証","20230316","日証金","確報","100","2000","40200","0","0","0","40200","-1900"
"9564","ＦＣＥ","東証","20230316","日証金","確報","0","0","1500","0","0","0","1500","0"
"9565","ウェルプレイドＲ","東証","20230316","日証金","確報","1400","400","24900","0","0","0","24900","1000"
"9600","アイネット","東証","20230316","日証金","確報","0","100","2300","0","0","1600","700","-100"
"9601","松竹","札証","20230316","日証金","確報","0","0","0","0","0","0","0","0"
"9601","松竹","東証","20230316","日証金","確報","100","700","1500","0","600","1500","0","0"
"9601","松竹","福証","20230316","日証金","確報","0","0","0","0","0","0","0","0"
"9602","東宝","東証","20230316","日証金","確報","0","4000","6700","1700","100","4700","2000","-5600"
"9602","東宝","福証","20230316","日証金","確報","0","0","0","0","0","0","0","0"
"9603","エイチ・アイ・エス","東証","20230316","日証金","確報","0","26400","94600","6700","0","15800","78800","-33100"
"9605","東映","東証","20230316","日証金","確報","0","100","1800","0","0","200","1600","-100"
"9610","ウィルソン・ラーニン","東証","20230316","日証金","確報","500","100","87000","0","0","0","87000","400"
"9612","ラックランド","東証","20230316","日証金","確報","100","0","1000","0","0","0","1000","100"
"9613","ＮＴＴデータ","東証","20230316","日証金","確報","8800","17500","188100","85000","1200","85300","102800","-92500"
"9616","共立メンテナンス","東証","20230316","日証金","確報","7300","200","116500","0","0","300","116200","7100"
"9619","イチネンＨＤ","東証","20230316","日証金","確報","0","0","2600","0","0","100","2500","0"
"9621","建設技術研究所","東証","20230316","日証金","確報","100","0","3000","0","0","0","3000","100"
"9622","スペース","東証","20230316","日証金","確報","0","3500","2500","100","0","100","2400","-3600"
"9625","セレスポ","東証","20230316","日証金","確報","100","0","8000","0","0","0","8000","100"
"9627","アインＨＤ","札証","20230316","日証金","確報","0","0","0","0","0","0","0","0"
"9627","アインＨＤ","東証","20230316","日証金","確報","0","300","8400","0","0","100","8300","-300"
"9628","燦ホールディングス","東証","20230316","日証金","確報","0","0","500","0","0","100","400","0"
"9629","ピー・シー・エー","東証","20230316","日証金","確報","0","0","1400","0","0","0","1400","0"
"9632","スバル興業","東証","20230316","日証金","確報","0","0","1100","0","0","0","1100","0"
"9633","東京テアトル","東証","20230316","日証金","確報","0","100","3400","0","0","200","3200","-100"
"9635","武蔵野興業","東証","20230316","日証金","確報","0","0","1000","0","0","0","1000","0"
"9636","きんえい","東証","20230316","日証金","確報","0","0","100","0","0","0","100","0"
"9637","オーエス","東証","20230316","日証金","確報","0","0","0","0","0","0","0","0"
"9639","三協フロンテア","東証","20230316","日証金","確報","0","0","400","0","0","0","400","0"
"9640","セゾン情報システムズ","東証","20230316","日証金","確報","0","0","1300","0","0","0","1300","0"
"9643","中日本興業","名証","20230316","日証金","確報","0","0","0","0","0","0","0","0"
"9644","タナベコンサルＧ","東証","20230316","日証金","確報","0","500","4800","0","0","0","4800","-500"
"9647","協和コンサルタンツ","東証","20230316","日証金","確報","0","0","400","0","0","0","400","0"
"9651","日本プロセス","東証","20230316","日証金","確報","0","0","500","100","0","400","100","-100"
"9656","グリーンランドリゾー","東証","20230316","日証金","確報","200","0","6700","0","0","2000","4700","200"
"9656","グリーンランドリゾー","福証","20230316","日証金","確報","0","0","0","0","0","0","0","0"
"9658","ビジネス太田昭和","東証","20230316","日証金","確報","0","200","0","0","0","0","0","-200"
"9661","歌舞伎座","東証","20230316","日証金","確報","0","0","200","0","0","0","200","0"
"9663","ナガワ","東証","20230316","日証金","確報","400","0","1500","100","1200","16600","-15100","1500"
"9664","御園座","名証","20230316","日証金","確報","0","0","3500","0","0","0","3500","0"
"9672","東京都競馬","東証","20230316","日証金","確報","1100","100","13700","200","0","300","13400","800"
"9675","常磐興産","東証","20230316","日証金","確報","300","1100","9800","1000","100","16300","-6500","-1700"
"9678","カナモト","札証","20230316","日証金","確報","0","0","0","0","0","0","0","0"
"9678","カナモト","東証","20230316","日証金","確報","200","0","3900","0","100","100","3800","300"
"9679","ホウライ","東証","20230316","日証金","確報","0","0","1400","0","0","0","1400","0"
"9682","ＤＴＳ","東証","20230316","日証金","確報","200","500","1900","0","100","0","1900","-200"
"9684","スクエニＨＤ","東証","20230316","日証金","確報","5500","1200","12300","4900","600","12300","0","0"
"9685","ＫＹＣＯＭＨＤ","東証","20230316","日証金","確報","100","0","200","0","0","0","200","100"
"9686","東洋テック","東証","20230316","日証金","確報","300","0","3900","0","0","0","3900","300"
"9687","ＫＳＫ","東証","20230316","日証金","確報","0","0","100","0","0","0","100","0"
"9691","両毛システムズ","東証","20230316","日証金","確報","0","0","1800","0","0","0","1800","0"
"9692","シーイーシー","東証","20230316","日証金","確報","0","3800","18600","900","0","1300","17300","-4700"
"9696","ウィザス","東証","20230316","日証金","確報","0","400","10000","0","0","0","10000","-400"
"9697","カプコン","東証","20230316","日証金","確報","600","900","9100","57300","100","139700","-130600","-57500"
"9698","クレオ","東証","20230316","日証金","確報","0","100","8100","0","0","0","8100","-100"
"9699","西尾レントオール","東証","20230316","日証金","確報","0","0","1100","0","800","0","1100","800"
"9701","東京會舘","東証","20230316","日証金","確報","0","0","0","0","0","0","0","0"
"9702","アイ・エス・ビー","東証","20230316","日証金","確報","0","0","8600","0","0","0","8600","0"
"9704","アゴーラＨＧ","東証","20230316","日証金","確報","5700","8300","587000","0","0","0","587000","-2600"
"9706","日本空港ビルデング","東証","20230316","日証金","確報","2500","100","9700","0","4700","15200","-5500","7100"
"9708","帝国ホテル","東証","20230316","日証金","確報","0","0","1700","0","0","300","1400","0"
"9709","ＮＣＳ＆Ａ","東証","20230316","日証金","確報","100","0","16800","0","0","0","16800","100"
"9713","ロイヤルホテル","東証","20230316","日証金","確報","800","400","10900","0","0","1100","9800","400"
"9715","トランス・コスモス","東証","20230316","日証金","確報","200","0","3600","0","0","0","3600","200"
"9716","乃村工藝社","東証","20230316","日証金","確報","4100","0","31100","0","0","1000","30100","4100"
"9717","ジャステック","東証","20230316","日証金","確報","0","300","1200","0","100","1100","100","-200"
"9719","ＳＣＳＫ","東証","20230316","日証金","確報","500","0","50800","0","0","1500","49300","500"
"9720","ホテルニューグランド","東証","20230316","日証金","確報","0","0","100","0","0","0","100","0"
"9722","藤田観光","東証","20230316","日証金","確報","0","200","10200","100","3100","24700","-14500","2800"
"9723","京都ホテル","東証","20230316","日証金","確報","200","0","9200","0","0","0","9200","200"
"9726","ＫＮＴ－ＣＴＨＤ","東証","20230316","日証金","確報","1400","100","17900","0","0","0","17900","1300"
"9728","日本管財","東証","20230316","日証金","確報","1400","0","3500","100","300","3900","-400","1600"
"9729","トーカイ","東証","20230316","日証金","確報","300","300","600","0","0","600","0","0"
"9731","白洋舎","東証","20230316","日証金","確報","100","0","1300","0","0","0","1300","100"
"9733","ナガセ","東証","20230316","日証金","確報","100","100","1500","0","0","0","1500","0"
"9734","精養軒","東証","20230316","日証金","確報","0","300","100","0","0","0","100","-300"
"9735","セコム","東証","20230316","日証金","確報","12600","300","18900","20000","0","20100","-1200","-7700"
"9739","ＮＳＷ","東証","20230316","日証金","確報","0","0","200","0","0","0","200","0"
"9740","セントラル警備保障","東証","20230316","日証金","確報","0","200","2000","200","600","3300","-1300","200"
"9742","アイネス","東証","20230316","日証金","確報","1500","0","7400","0","0","0","7400","1500"
"9743","丹青社","東証","20230316","日証金","確報","0","900","8100","300","0","300","7800","-1200"
"9744","メイテック","東証","20230316","日証金","確報","300","100","6800","3000","700","3000","3800","-2100"
"9746","ＴＫＣ","東証","20230316","日証金","確報","0","0","2900","100","0","1900","1000","-100"
"9749","富士ソフト","東証","20230316","日証金","確報","100","100","600","0","0","600","0","0"
"9753","アイエックスナレッジ","東証","20230316","日証金","確報","800","0","8700","0","0","0","8700","800"
"9755","応用地質","東証","20230316","日証金","確報","0","500","700","0","500","700","0","0"
"9757","船井総研ＨＤ","東証","20230316","日証金","確報","100","600","1500","0","500","1500","0","0"
"9759","ＮＳＤ","東証","20230316","日証金","確報","100","0","2100","0","200","100","2000","300"
"9760","進学会ＨＤ","東証","20230316","日証金","確報","0","0","17800","10200","200","66000","-48200","-10000"
"9761","東海リース","東証","20230316","日証金","確報","0","300","1100","0","0","0","1100","-300"
"9763","丸紅建材リース","東証","20230316","日証金","確報","800","0","1800","0","100","300","1500","900"
"9765","オオバ","東証","20230316","日証金","確報","700","800","5800","0","100","5800","0","0"
"9766","コナミグループ","東証","20230316","日証金","確報","7000","1000","8600","20600","0","22100","-13500","-14600"
"9767","日建工学","東証","20230316","日証金","確報","0","0","3000","0","0","0","3000","0"
"9768","いであ","東証","20230316","日証金","確報","0","0","3000","0","0","0","3000","0"
"9769","学究社","東証","20230316","日証金","確報","0","0","2100","0","0","0","2100","0"
"9776","札幌臨床検査センター","札証","20230316","日証金","確報","0","0","0","0","0","0","0","0"
"9776","札幌臨床検査センター","東証","20230316","日証金","確報","0","0","0","0","0","0","0","0"
"9778","昴","東証","20230316","日証金","確報","0","0","200","0","0","0","200","0"
"9780","ハリマビステム","東証","20230316","日証金","確報","0","0","600","0","0","0","600","0"
"9782","ディーエムエス","東証","20230316","日証金","確報","0","200","33000","0","0","0","33000","-200"
"9783","ベネッセＨＤ","東証","20230316","日証金","確報","1200","0","12400","0","0","1100","11300","1200"
"9787","イオンディライト","東証","20230316","日証金","確報","0","300","1000","0","100","300","700","-200"
"9788","ナック","東証","20230316","日証金","確報","300","0","2700","0","0","1200","1500","300"
"9790","福井コンピュータＨＤ","東証","20230316","日証金","確報","300","0","900","0","0","0","900","300"
"9791","ビケンテクノ","東証","20230316","日証金","確報","0","100","13700","0","0","0","13700","-100"
"9793","ダイセキ","名証","20230316","日証金","確報","0","0","0","0","0","0","0","0"
"9793","ダイセキ","東証","20230316","日証金","確報","0","100","1500","0","0","1000","500","-100"
"9795","ステップ","東証","20230316","日証金","確報","0","0","200","100","0","100","100","-100"
"9799","旭情報サービス","東証","20230316","日証金","確報","0","0","0","0","0","0","0","0"
"9810","日鉄物産","東証","20230316","日証金","確報","2300","500","18700","0","0","0","18700","1800"
"9812","テーオーＨＤ","東証","20230316","日証金","確報","0","0","1300","0","0","0","1300","0"
"9816","ストライダーズ","東証","20230316","日証金","確報","0","0","300","0","0","0","300","0"
"9818","大丸エナウィン","東証","20230316","日証金","確報","0","0","200","0","0","0","200","0"
"9820","エムティジェネックス","東証","20230316","日証金","確報","0","0","200","0","0","0","200","0"
"9823","マミーマート","東証","20230316","日証金","確報","0","0","500","0","0","0","500","0"
"9824","泉州電業","東証","20230316","日証金","確報","400","500","2400","100","200","2400","0","0"
"9827","リリカラ","東証","20230316","日証金","確報","1200","800","53600","0","0","0","53600","400"
"9828","元気寿司","東証","20230316","日証金","確報","400","0","5800","300","100","7500","-1700","200"
"9830","トラスコ中山","東証","20230316","日証金","確報","200","500","6400","0","800","1100","5300","500"
"9831","ヤマダＨＤ","東証","20230316","日証金","確報","10800","2900","109500","200","0","3700","105800","7700"
"9832","オートバックスセブン","東証","20230316","日証金","確報","800","300","1800","0","100","200","1600","600"
"9835","ジュンテンドー","東証","20230316","日証金","確報","300","400","2600","0","600","2600","0","500"
"9837","モリト","東証","20230316","日証金","確報","19100","200","22600","600","3100","111200","-88600","21400"
"9842","アークランズ","東証","20230316","日証金","確報","0","600","24400","0","0","0","24400","-600"
"9843","ニトリＨＤ","札証","20230316","日証金","確報","0","0","0","0","0","0","0","0"
"9843","ニトリＨＤ","東証","20230316","日証金","確報","0","7300","6100","200","1300","1100","5000","-6200"
"9845","パーカーコーポ","東証","20230316","日証金","確報","200","0","3700","0","0","0","3700","200"
"9846","天満屋ストア","東証","20230316","日証金","確報","0","100","0","0","0","0","0","-100"
"9849","共同紙販ＨＤ","東証","20230316","日証金","確報","0","0","100","0","0","0","100","0"
"9850","グルメ杵屋","東証","20230316","日証金","確報","600","200","3000","20400","400","37000","-34000","-19600"
"9852","ＣＢグループＭ","東証","20230316","日証金","確報","0","0","1000","0","0","0","1000","0"
"9853","銀座ルノアール","東証","20230316","日証金","確報","0","0","600","0","0","0","600","0"
"9854","愛眼","東証","20230316","日証金","確報","600","100","3800","2700","0","2700","1100","-2200"
"9856","ケーユーＨＤ","東証","20230316","日証金","確報","700","0","2100","100","0","3600","-1500","600"
"9857","英和","東証","20230316","日証金","確報","0","0","400","0","0","0","400","0"
"9861","吉野家ＨＤ","東証","20230316","日証金","確報","100","100","3600","200","5400","43600","-40000","5200"
"9867","ソレキア","東証","20230316","日証金","確報","0","2400","1100","0","0","0","1100","-2400"
"9869","加藤産業","東証","20230316","日証金","確報","0","0","600","0","100","100","500","100"
"9872","北恵","東証","20230316","日証金","確報","0","100","7200","100","400","300","6900","200"
"9873","日本ＫＦＣＨＤ","東証","20230316","日証金","確報","0","0","0","100","600","5600","-5600","500"
"9876","コックス","東証","20230316","日証金","確報","100","0","5700","0","0","0","5700","100"
"9878","セキド","東証","20230316","日証金","確報","0","0","6800","0","0","0","6800","0"
"9880","イノテック","東証","20230316","日証金","確報","300","0","5200","0","0","0","5200","300"
"9882","イエローハット","東証","20230316","日証金","確報","500","200","8800","100","600","200","8600","800"
"9885","シャルレ","東証","20230316","日証金","確報","0","0","15000","0","0","300","14700","0"
"9887","松屋フーズＨＤ","東証","20230316","日証金","確報","500","100","600","1500","400","7900","-7300","-700"
"9888","ＵＥＸ","東証","20230316","日証金","確報","9300","0","28000","0","0","0","28000","9300"
"9889","ＪＢＣＣＨＤ","東証","20230316","日証金","確報","0","0","2800","0","0","1400","1400","0"
"9890","マキヤ","東証","20230316","日証金","確報","0","0","0","0","0","0","0","0"
"9895","コンセック","東証","20230316","日証金","確報","0","0","800","0","0","0","800","0"
"9896","ＪＫホールディングス","東証","20230316","日証金","確報","200","4000","3800","0","100","0","3800","-3700"
"9900","サガミＨＤ","名証","20230316","日証金","確報","0","0","0","0","0","0","0","0"
"9900","サガミＨＤ","東証","20230316","日証金","確報","0","0","1500","1500","6700","41300","-39800","5200"
"9902","日伝","東証","20230316","日証金","確報","100","0","200","200","0","200","0","-100"
"9903","カンセキ","東証","20230316","日証金","確報","200","600","500","0","400","500","0","0"
"9904","ベリテ","東証","20230316","日証金","確報","200","100","10500","0","0","0","10500","100"
"9906","藤井産業","東証","20230316","日証金","確報","0","200","125400","0","0","0","125400","-200"
"9908","日本電計","東証","20230316","日証金","確報","100","0","3000","0","0","0","3000","100"
"9913","日邦産業","名証","20230316","日証金","確報","0","0","0","0","0","0","0","0"
"9913","日邦産業","東証","20230316","日証金","確報","200","0","27800","0","200","4700","23100","400"
"9914","植松商会","東証","20230316","日証金","確報","0","0","0","0","0","0","0","0"
"9919","関西フードマーケット","東証","20230316","日証金","確報","0","0","1300","0","0","0","1300","0"
"9927","ワットマン","東証","20230316","日証金","確報","100","100","3700","0","0","0","3700","0"
"9928","ミロク情報サービス","東証","20230316","日証金","確報","700","0","8500","0","0","0","8500","700"
"9929","平和紙業","東証","20230316","日証金","確報","0","100","400","0","0","0","400","-100"
"9930","北沢産業","東証","20230316","日証金","確報","6300","52100","32800","0","23400","32800","0","-22400"
"9932","杉本商事","東証","20230316","日証金","確報","600","500","700","200","0","700","0","-100"
"9934","因幡電機産業","東証","20230316","日証金","確報","300","500","700","0","500","400","300","300"
"9936","王将フードサービス","東証","20230316","日証金","確報","0","300","8600","100","0","200","8400","-400"
"9941","太洋物産","東証","20230316","日証金","確報","0","0","600","0","0","0","600","0"
"9942","ジョイフル","福証","20230316","日証金","確報","0","0","1000","0","0","0","1000","0"
"9946","ミニストップ","東証","20230316","日証金","確報","300","0","2300","0","100","100","2200","400"
"9948","アークス","札証","20230316","日証金","確報","0","0","0","0","0","0","0","0"
"9948","アークス","東証","20230316","日証金","確報","800","0","4700","0","3700","9200","-4500","4500"
"9950","ハチバン","東証","20230316","日証金","確報","0","0","0","0","0","0","0","0"
"9955","ヨンキュウ","東証","20230316","日証金","確報","300","200","900","0","0","0","900","100"
"9956","バローＨＤ","名証","20230316","日証金","確報","0","0","0","0","0","0","0","0"
"9956","バローＨＤ","東証","20230316","日証金","確報","500","0","3900","0","4700","8000","-4100","5200"
"9959","アシードＨＤ","東証","20230316","日証金","確報","0","100","700","0","0","0","700","-100"
"9960","東テク","東証","20230316","日証金","確報","200","600","2900","100","800","2800","100","300"
"9962","ミスミグループ本社","東証","20230316","日証金","確報","2100","0","7800","0","300","3600","4200","2400"
"9967","堺商事","東証","20230316","日証金","確報","0","0","1100","0","0","0","1100","0"
"9969","ショクブン","名証","20230316","日証金","確報","0","0","0","0","0","0","0","0"
"9969","ショクブン","東証","20230316","日証金","確報","2100","400","42400","0","0","50000","-7600","1700"
"9972","アルテック","東証","20230316","日証金","確報","1800","2200","85600","0","800","0","85600","400"
"9973","小僧寿し","東証","20230316","日証金","確報","1300","200","418300","0","0","0","418300","1100"
"9974","ベルク","東証","20230316","日証金","確報","0","100","200","0","0","100","100","-100"
"9976","セキチュー","東証","20230316","日証金","確報","0","0","400","0","0","0","400","0"
"9977","アオキスーパー","東証","20230316","日証金","確報","0","100","100","0","0","0","100","-100"
"9978","文教堂グループＨＤ","東証","20230316","日証金","確報","0","1500","22600","0","0","0","22600","-1500"
"9979","大庄","東証","20230316","日証金","確報","2400","500","6400","0","9600","21800","-15400","11500"
"9980","ＭＲＫ　ＨＬＤ","東証","20230316","日証金","確報","3300","4300","138400","100","1100","138400","0","0"
"9982","タキヒヨー","名証","20230316","日証金","確報","0","0","0","0","0","0","0","0"
"9982","タキヒヨー","東証","20230316","日証金","確報","5200","5200","50300","0","100","50200","100","100"
"9983","ファーストリテイリン","東証","20230316","日証金","確報","2200","0","15400","63900","42300","290600","-275200","-19400"
"9984","ソフトバンクグループ","東証","20230316","日証金","確報","91200","81100","514700","120000","21000","281100","233600","-88900"
"9986","蔵王産業","東証","20230316","日証金","確報","400","0","1000","0","0","0","1000","400"
"9987","スズケン","名証","20230316","日証金","確報","0","0","0","0","0","0","0","0"
"9987","スズケン","札証","20230316","日証金","確報","0","0","0","0","0","0","0","0"
"9987","スズケン","東証","20230316","日証金","確報","0","0","4200","0","0","100","4100","0"
"9989","サンドラッグ","東証","20230316","日証金","確報","300","300","3300","100","1100","1500","1800","1000"
"9990","サックスバー　ＨＤ","東証","20230316","日証金","確報","600","0","9700","100","500","2900","6800","1000"
"9991","ジェコス","東証","20230316","日証金","確報","200","0","1300","0","0","0","1300","200"
"9993","ヤマザワ","東証","20230316","日証金","確報","0","0","300","0","0","0","300","0"
"9994","やまや","東証","20230316","日証金","確報","600","400","2300","500","0","14600","-12300","-300"
"9995","グローセル","東証","20230316","日証金","確報","6300","0","25400","0","0","0","25400","6300"
"9996","サトー商会","東証","20230316","日証金","確報","0","0","900","0","0","0","900","0"
"9997","ベルーナ","東証","20230316","日証金","確報","1300","2600","9000","0","1400","8500","500","100"
