"SC","名称","市場区分","申込日","発表元","確報","融資新規（株・口）","融資返済（株・口）","融資残高（株・口）","貸株新規（株・口）","貸株返済（株・口）","貸株残高（株・口）","差引残高（株・口）","差引前日比（株・口）"
"1301","極洋","東証","20230907","日証金","確報","900","900","1200","100","100","1200","0","0"
"1305","ｉＦＴＰＸ年１","東証","20230907","日証金","確報","0","0","9850","3080","460","16980","-7130","-2620"
"1306","ＴＯＰＩＸ連動型上場","東証","20230907","日証金","確報","10350","12040","97300","38270","28610","245400","-148100","-11350"
"1308","上場ＴＯＰＩＸ","東証","20230907","日証金","確報","0","13774","15719","3000","9371","32402","-16683","-7403"
"1309","中国株上証５０ＥＴＦ","東証","20230907","日証金","確報","0","0","5","0","0","0","5","0"
"1311","ＴＯＰＩＸＣｏｒｅ３","東証","20230907","日証金","確報","0","0","1200","0","0","1200","0","0"
"1319","日経３００上場投信","名証","20230907","日証金","確報","0","0","0","0","0","0","0","0"
"1319","日経３００上場投信","札証","20230907","日証金","確報","0","0","0","0","0","0","0","0"
"1319","日経３００上場投信","東証","20230907","日証金","確報","0","0","0","0","0","0","0","0"
"1319","日経３００上場投信","福証","20230907","日証金","確報","0","0","0","0","0","0","0","0"
"1320","ｉＦ２２５年１","東証","20230907","日証金","確報","4","0","4893","514","135","14825","-9932","-375"
"1321","日経２２５上場投信","東証","20230907","日証金","確報","921","41","79387","3993","5436","173201","-93814","2323"
"1322","上場インデックス中国","東証","20230907","日証金","確報","0","0","130","0","0","0","130","0"
"1324","ＮＦ・ロシア株ＥＴＦ","東証","20230907","日証金","確報","0","0","0","0","0","0","0","0"
"1325","ブラジル指数ボベスパ","東証","20230907","日証金","確報","0","8500","500","0","0","0","500","-8500"
"1326","ＳＰＤＲゴールド","東証","20230907","日証金","確報","0","0","894","0","0","0","894","0"
"1328","金価格連動型上場投信","東証","20230907","日証金","確報","920","50","5280","20","30","9320","-4040","880"
"1329","ｉシェアーズ　２２５","東証","20230907","日証金","確報","0","0","1946","46","708","3093","-1147","662"
"1330","上場２２５","東証","20230907","日証金","確報","0","0","3296","290","431","20701","-17405","141"
"1332","ニッスイ","東証","20230907","日証金","確報","0","15300","72400","15400","2800","170400","-98000","-27900"
"1333","マルハニチロ","東証","20230907","日証金","確報","6600","6500","26000","400","21000","26000","0","20700"
"1343","東証ＲＥＩＴ指数連動","東証","20230907","日証金","確報","290","0","25460","190","40","24040","1420","140"
"1345","東証ＲＥＩＴ指数","東証","20230907","日証金","確報","500","0","5800","100","70700","3000","2800","71100"
"1346","ＭＸＳ２２５上場投信","東証","20230907","日証金","確報","0","20","1952","0","642","5236","-3284","622"
"1348","ＭＸＳＴＰＸ上場投信","東証","20230907","日証金","確報","0","0","4830","20","130","2510","2320","110"
"1349","ＡＢＦ汎アジア債券","東証","20230907","日証金","確報","0","0","9","0","0","0","9","0"
"1356","ＴＰＸベア２倍投信","東証","20230907","日証金","確報","370","8590","108720","7750","0","17510","91210","-15970"
"1357","日経ダブルインバース","東証","20230907","日証金","確報","191639","115041","26352229","800","27200","2686787","23665442","102998"
"1358","上場日経２倍","東証","20230907","日証金","確報","20","0","1517","530","565","6367","-4850","55"
"1360","日経ベア２倍","東証","20230907","日証金","確報","165110","2160","2102880","100","0","100","2102780","162850"
"1364","ｉＳＪＰＸ日経４００","東証","20230907","日証金","確報","28","0","28","0","10","119","-91","38"
"1365","ｉＦ２２５ダブル","東証","20230907","日証金","確報","20","5","560","967","168","4742","-4182","-784"
"1366","ｉＦ２２５Ｗベア","東証","20230907","日証金","確報","22874","305","115552","0","0","0","115552","22569"
"1367","ｉＦＴＰＸダブル","東証","20230907","日証金","確報","85","0","85","24","336","1867","-1782","397"
"1368","ｉＦＴＰＸＷベア","東証","20230907","日証金","確報","20","0","2731","8","0","26","2705","12"
"1369","Ｏｎｅ・日経２２５","東証","20230907","日証金","確報","32","0","32","17","28","1192","-1160","43"
"1375","雪国まいたけ","東証","20230907","日証金","確報","100","0","21100","0","0","0","21100","100"
"1376","カネコ種苗","東証","20230907","日証金","確報","0","0","3500","0","0","0","3500","0"
"1377","サカタのタネ","東証","20230907","日証金","確報","100","3600","4800","100","4900","3500","1300","1300"
"1379","ホクト","東証","20230907","日証金","確報","0","1500","800","0","1500","800","0","0"
"1380","秋川牧園","東証","20230907","日証金","確報","0","0","200","0","0","0","200","0"
"1381","アクシーズ","東証","20230907","日証金","確報","0","0","1000","0","0","0","1000","0"
"1382","ホーブ","東証","20230907","日証金","確報","1200","1500","5600","0","0","0","5600","-300"
"1383","ベルグアース","東証","20230907","日証金","確報","0","0","1100","0","0","0","1100","0"
"1384","ホクリヨウ","東証","20230907","日証金","確報","0","0","2500","0","0","0","2500","0"
"1397","ＳＭＤＡＭ　２２５","東証","20230907","日証金","確報","0","0","0","0","0","10","-10","0"
"1398","ＳＭＤＡＭ　Ｊリート","東証","20230907","日証金","確報","50","0","50","0","4800","0","50","4850"
"1399","上場高配当低ボラ","東証","20230907","日証金","確報","0","0","0","0","0","0","0","0"
"1400","ルーデン・ＨＤ","東証","20230907","日証金","確報","0","0","7900","0","0","0","7900","0"
"1401","エムビーエス","東証","20230907","日証金","確報","0","0","4200","0","0","0","4200","0"
"1401","エムビーエス","福証","20230907","日証金","確報","0","0","0","0","0","0","0","0"
"1407","ウエストＨＤ","東証","20230907","日証金","確報","3600","2600","24600","1000","1600","23000","1600","1600"
"1414","ショーボンドＨＤ","東証","20230907","日証金","確報","800","0","3200","1700","200","2900","300","-700"
"1417","ミライト・ワン","東証","20230907","日証金","確報","2000","2000","11000","1000","0","2100","8900","-1000"
"1418","インターライフＨＤ","東証","20230907","日証金","確報","100","0","192000","0","0","46400","145600","100"
"1419","タマホーム","東証","20230907","日証金","確報","500","1100","27400","1000","1100","39800","-12400","-500"
"1419","タマホーム","福証","20230907","日証金","確報","0","0","0","0","0","0","0","0"
"1420","サンヨーホームズ","東証","20230907","日証金","確報","0","0","300","0","0","100","200","0"
"1429","日本アクア","東証","20230907","日証金","確報","2000","1000","19900","100","200","6900","13000","1100"
"1430","ファーストコーポ","東証","20230907","日証金","確報","0","1000","37400","100","0","50100","-12700","-1100"
"1431","Ｌｉｂ　Ｗｏｒｋ","東証","20230907","日証金","確報","3100","200","37700","0","0","110600","-72900","2900"
"1431","Ｌｉｂ　Ｗｏｒｋ","福証","20230907","日証金","確報","0","0","0","0","0","0","0","0"
"1433","ベステラ","東証","20230907","日証金","確報","5500","5400","102900","100","0","102900","0","0"
"1434","ＪＥＳＣＯ　ＨＤ","東証","20230907","日証金","確報","4400","6400","52700","0","2000","52700","0","0"
"1435","Ｒｏｂｏｔ　Ｈｏｍｅ","東証","20230907","日証金","確報","1000","400","58300","0","0","0","58300","600"
"1436","フィット","東証","20230907","日証金","確報","0","0","3400","0","0","0","3400","0"
"1438","岐阜造園","名証","20230907","日証金","確報","0","0","3700","0","0","0","3700","0"
"1438","岐阜造園","東証","20230907","日証金","確報","0","0","100","0","0","0","100","0"
"1439","安江工務店","名証","20230907","日証金","確報","0","0","0","0","0","0","0","0"
"1439","安江工務店","東証","20230907","日証金","確報","0","0","1300","0","0","0","1300","0"
"1443","技研ホールディングス","東証","20230907","日証金","確報","100","0","35300","0","0","0","35300","100"
"1444","ニッソウ","名証","20230907","日証金","確報","0","0","0","0","0","0","0","0"
"1444","ニッソウ","東証","20230907","日証金","確報","0","0","800","0","0","0","800","0"
"1446","キャンディル","東証","20230907","日証金","確報","5200","6600","22100","4900","1400","47700","-25600","-4900"
"1447","ＩＴｂｏｏｋＨＤ","東証","20230907","日証金","確報","0","4500","22100","0","0","0","22100","-4500"
"1449","ＦＵＪＩジャパン","札証","20230907","日証金","確報","0","0","0","0","0","0","0","0"
"1450","田中建設工業","東証","20230907","日証金","確報","0","0","0","0","0","0","0","0"
"1451","ＫＨＣ","東証","20230907","日証金","確報","0","0","700","0","0","0","700","0"
"1456","ｉＦ２２５ベア","東証","20230907","日証金","確報","539","0","599","0","0","0","599","539"
"1457","ｉＦＴＰＸベア","東証","20230907","日証金","確報","0","0","718","0","0","0","718","0"
"1458","楽天２２５ダブルブル","東証","20230907","日証金","確報","118","42","2697","962","8377","31421","-28724","7491"
"1459","楽天２２５ダブルベア","東証","20230907","日証金","確報","74918","62793","3596808","0","0","3000","3593808","12125"
"1464","ｉＦＪ４００ダブル","東証","20230907","日証金","確報","0","75","2","0","0","65","-63","-75"
"1465","ｉＦＪ４００ベア","東証","20230907","日証金","確報","0","0","0","0","0","0","0","0"
"1466","ｉＦＪ４００Ｗベア","東証","20230907","日証金","確報","0","0","0","0","0","0","0","0"
"1469","４００ベア２倍","東証","20230907","日証金","確報","0","0","530","0","0","0","530","0"
"1472","Ｊ４００ダブルインバ","東証","20230907","日証金","確報","0","0","402","0","0","0","402","0"
"1473","Ｏｎｅ・トピックス","東証","20230907","日証金","確報","40","0","40","0","0","30","10","40"
"1474","Ｏｎｅ・ＪＰＸ４００","東証","20230907","日証金","確報","0","0","0","0","0","0","0","0"
"1475","ｉＳＴＯＰＩＸ","東証","20230907","日証金","確報","2","0","6908","89","807","6834","74","720"
"1476","ｉＳＪリート","東証","20230907","日証金","確報","0","0","1615","0","15","167","1448","15"
"1477","ｉＳＭＳＣＩ最小分散","東証","20230907","日証金","確報","0","0","0","0","0","0","0","0"
"1478","ｉＳＭＳＣＩ高配当","東証","20230907","日証金","確報","0","58","1280","82","0","83","1197","-140"
"1479","ｉＦＭＳＣＩ人材設備","東証","20230907","日証金","確報","0","0","0","0","0","0","0","0"
"1480","企業価値ＥＴＦ","東証","20230907","日証金","確報","0","0","0","0","0","0","0","0"
"1481","上場日本経済貢献","東証","20230907","日証金","確報","0","0","34","0","0","43","-9","0"
"1482","ｉＳ米国債七十円ヘジ","東証","20230907","日証金","確報","50","0","551","0","0","0","551","50"
"1483","ＩＳ設備人材","東証","20230907","日証金","確報","0","0","0","0","0","0","0","0"
"1484","Ｏｎｅ・設備人材投資","東証","20230907","日証金","確報","0","0","0","0","0","0","0","0"
"1485","ＭＸＳＪ積極投資","東証","20230907","日証金","確報","0","0","0","0","0","0","0","0"
"1486","上場米債ヘッジなし","東証","20230907","日証金","確報","0","0","1019","0","0","0","1019","0"
"1487","上場米債ヘッジあり","東証","20230907","日証金","確報","0","101","3564","0","0","0","3564","-101"
"1488","ｉＦＪリート","東証","20230907","日証金","確報","10","0","290","10","0","290","0","0"
"1489","日経高配当株５０","東証","20230907","日証金","確報","119","7","604","103","26","416","188","35"
"1490","上場ベータヘッジ","東証","20230907","日証金","確報","0","0","0","0","0","0","0","0"
"1491","中外鉱業","東証","20230907","日証金","確報","0","2500","623000","0","0","0","623000","-2500"
"1492","ＭＸＳ　中小型","東証","20230907","日証金","確報","0","0","1","0","3","20","-19","3"
"1493","Ｏｎｅ・中小型","東証","20230907","日証金","確報","15","3","15","0","0","7","8","12"
"1494","Ｏｎｅ・高配当日本株","東証","20230907","日証金","確報","5","0","5","0","0","0","5","5"
"1495","上場アジアリート","東証","20230907","日証金","確報","0","0","0","0","0","0","0","0"
"1496","ｉＳ米＄ＩＧ社債ヘジ","東証","20230907","日証金","確報","0","0","0","0","0","0","0","0"
"1497","ｉＳ米＄ＨＹ社債ヘジ","東証","20230907","日証金","確報","0","1","0","0","0","0","0","-1"
"1498","Ｏｎｅ・ＥＳＧ","東証","20230907","日証金","確報","0","0","0","0","0","0","0","0"
"1499","ＭＸＳ高配当７０ＭＮ","東証","20230907","日証金","確報","0","0","0","0","0","0","0","0"
"1514","住石ホールディングス","東証","20230907","日証金","確報","400","14400","1626700","0","0","0","1626700","-14000"
"1515","日鉄鉱業","東証","20230907","日証金","確報","0","1900","700","1100","1900","17500","-16800","-1100"
"1518","三井松島ＨＤ","東証","20230907","日証金","確報","90300","63600","606900","300","0","580500","26400","26400"
"1518","三井松島ＨＤ","福証","20230907","日証金","確報","0","0","0","0","0","0","0","0"
"1540","純金上場信託","東証","20230907","日証金","確報","1","0","2590","0","0","250","2340","1"
"1541","純プラチナ上場信託","東証","20230907","日証金","確報","10","1616","1203","60","889","660","543","-777"
"1542","純銀上場信託","東証","20230907","日証金","確報","32","581","182","224","61","479","-297","-712"
"1543","純パラジウム上場信託","東証","20230907","日証金","確報","0","10","92","0","0","0","92","-10"
"1545","ナスダックヘッジ無","東証","20230907","日証金","確報","0","5769","8584","2118","48","28610","-20026","-7839"
"1546","ダウヘッジ無","東証","20230907","日証金","確報","11","10","749","0","34","6555","-5806","35"
"1547","上場米国Ｓ＆Ｐ５００","東証","20230907","日証金","確報","870","0","5350","1830","10","38700","-33350","-950"
"1550","ＭＸＳ外株ＭＳＣＩ","東証","20230907","日証金","確報","290","0","360","290","0","360","0","0"
"1551","スタンダドＴＯＰ２０","東証","20230907","日証金","確報","0","0","50","0","0","0","50","0"
"1552","ＶＩＸ短期先物指数","東証","20230907","日証金","確報","26187","7867","1193640","0","0","0","1193640","18320"
"1553","ＭＸＳＳ＆Ｐ東海投信","名証","20230907","日証金","確報","0","0","0","0","0","0","0","0"
"1554","上場インデＭＳ世界","東証","20230907","日証金","確報","0","0","430","0","0","430","0","0"
"1555","上場インデＡリート","東証","20230907","日証金","確報","0","0","0","0","20","0","0","20"
"1557","ＳＰＤＲＳ＆Ｐ５００","東証","20230907","日証金","確報","8","0","50","0","0","0","50","8"
"1559","タイ株ＳＥＴ５０連動","東証","20230907","日証金","確報","0","0","397","0","0","0","397","0"
"1560","ブルサＫＬＣＩ","東証","20230907","日証金","確報","0","0","0","0","0","0","0","0"
"1563","東証グロース・コア","東証","20230907","日証金","確報","450","828","5691","0","1747","3785","1906","1369"
"1566","上場ＥＭ債","東証","20230907","日証金","確報","10","0","10","0","1572","48","-38","1582"
"1568","ＴＰＸブル２倍ＥＴＦ","東証","20230907","日証金","確報","840","1770","5170","2670","1720","52300","-47130","-1880"
"1569","ＴＯＰＩＸベアＥＴＦ","東証","20230907","日証金","確報","0","10","830","0","0","0","830","-10"
"1570","日経レバレッジＥＴＦ","東証","20230907","日証金","確報","70060","2645","909112","38764","94995","1223162","-314050","123646"
"1571","日経インバースＥＴＦ","東証","20230907","日証金","確報","235823","300","378506","0","0","0","378506","235523"
"1572","中国Ｈ株ブル２倍上場","東証","20230907","日証金","確報","50","0","600","0","0","0","600","50"
"1573","中国Ｈ株ベア上場投信","東証","20230907","日証金","確報","140","0","1220","0","0","10","1210","140"
"1577","ＦＵＮＤＳ野村７０","東証","20230907","日証金","確報","10","0","125","3","0","52","73","7"
"1578","上場インデ２２５ミニ","東証","20230907","日証金","確報","448","0","1192","0","0","1427","-235","448"
"1579","日経ブル２倍上場投信","東証","20230907","日証金","確報","3340","100","17210","6980","1960","84880","-67670","-1780"
"1580","日経ベア上場投信","東証","20230907","日証金","確報","2260","20","23990","0","0","510","23480","2240"
"1585","ｉＦＥＸ－Ｆ","東証","20230907","日証金","確報","0","0","10","0","0","0","10","0"
"1586","上場ＥＸ－Ｆ","東証","20230907","日証金","確報","0","0","0","0","0","0","0","0"
"1591","ＪＰＸ日経４００投信","東証","20230907","日証金","確報","0","0","173","1","2","306","-133","1"
"1592","上場ＪＰＸ日経４００","東証","20230907","日証金","確報","0","2","106","0","2","106","0","0"
"1593","ＭＸＳＪＰＸ４００","東証","20230907","日証金","確報","0","0","0","0","100","363","-363","100"
"1595","ＮＺＡＭ東証ＲＥＩＴ","東証","20230907","日証金","確報","0","0","0","0","0","0","0","0"
"1596","ＮＺＡＭ　Ｅｘ－Ｆ","東証","20230907","日証金","確報","0","0","0","0","0","0","0","0"
"1597","ＭＸＳ　Ｊリート投信","東証","20230907","日証金","確報","270","0","270","0","23000","270","0","23270"
"1599","ｉＦＪＰＸ日経４００","東証","20230907","日証金","確報","0","0","0","0","0","0","0","0"
"1605","ＩＮＰＥＸ","東証","20230907","日証金","確報","84700","81000","760500","9300","5600","760500","0","0"
"1615","東証銀行業株価指数連","東証","20230907","日証金","確報","0","1000","101500","3500","0","36200","65300","-4500"
"1617","ＴＰＸ１７食品","東証","20230907","日証金","確報","0","2","0","3","0","39","-39","-5"
"1618","ＴＰＸ１７エネルギー","東証","20230907","日証金","確報","3","35","15","0","32","15","0","0"
"1619","ＴＰＸ１７建設・資材","東証","20230907","日証金","確報","0","0","31","0","0","370","-339","0"
"1620","ＴＰＸ１７素材・化学","東証","20230907","日証金","確報","0","0","0","0","0","31","-31","0"
"1621","ＴＰＸ１７医薬品","東証","20230907","日証金","確報","0","0","21","0","1","107","-86","1"
"1622","ＴＰＸ１７自動車輸送","東証","20230907","日証金","確報","3","0","22","1","0","1","21","2"
"1623","ＴＰＸ１７鉄鋼・非鉄","東証","20230907","日証金","確報","0","4","1","1","7","49","-48","2"
"1624","ＴＰＸ１７機械","東証","20230907","日証金","確報","1","0","22","1","0","22","0","0"
"1625","ＴＰＸ１７電機・精密","東証","20230907","日証金","確報","0","0","15","0","0","1","14","0"
"1626","ＴＰＸ１７情報通信","東証","20230907","日証金","確報","0","0","0","0","0","35","-35","0"
"1627","ＴＰＸ１７電力・ガス","東証","20230907","日証金","確報","6","6","135","0","0","135","0","0"
"1628","ＴＰＸ１７運輸・物流","東証","20230907","日証金","確報","0","0","47","0","0","47","0","0"
"1629","ＴＰＸ１７商社・卸売","東証","20230907","日証金","確報","0","19","11","0","0","11","0","-19"
"1630","ＴＰＸ１７小売","東証","20230907","日証金","確報","0","0","0","0","0","0","0","0"
"1631","ＴＰＸ１７銀行","東証","20230907","日証金","確報","0","0","131","0","0","80","51","0"
"1632","ＴＰＸ１７金融","東証","20230907","日証金","確報","0","0","10","11","2","63","-53","-9"
"1633","ＴＰＸ１７不動産","東証","20230907","日証金","確報","0","0","0","1","0","58","-58","-1"
"1651","ｉＦ高配当４０","東証","20230907","日証金","確報","0","0","140","0","0","0","140","0"
"1652","ｉＦ女性活躍ＷＩＮ","東証","20230907","日証金","確報","0","0","0","0","0","0","0","0"
"1653","ｉＦＥＳＧセレクト","東証","20230907","日証金","確報","0","0","0","0","0","0","0","0"
"1654","ｉＦブロッサム","東証","20230907","日証金","確報","0","0","0","0","0","0","0","0"
"1655","ｉＳＳＰ５００米国株","東証","20230907","日証金","確報","29030","15130","108520","13100","2750","141310","-32790","3550"
"1656","ｉＳ米国債七十","東証","20230907","日証金","確報","0","900","0","0","0","0","0","-900"
"1657","ｉＳＭＳＣＩ先進国株","東証","20230907","日証金","確報","0","0","0","0","0","0","0","0"
"1658","ｉＳＭＳＣＩ新興国株","東証","20230907","日証金","確報","1","0","498","0","0","699","-201","1"
"1659","ｉＳ米国リート","東証","20230907","日証金","確報","5","0","803","100","0","872","-69","-95"
"1660","ＭＸＳ高利Ｊリート","東証","20230907","日証金","確報","0","0","0","0","0","0","0","0"
"1662","石油資源開発","東証","20230907","日証金","確報","1800","2300","10600","0","500","6600","4000","0"
"1663","Ｋ＆Ｏエナジー","東証","20230907","日証金","確報","100","300","7500","0","0","0","7500","-200"
"1671","ＷＴＩ原油連動投信","東証","20230907","日証金","確報","8164","1102","112016","25268","8407","115024","-3008","-9799"
"1672","Ｗｉｓ　金上場投資","東証","20230907","日証金","確報","0","0","0","0","0","0","0","0"
"1673","Ｗｉｓ　銀上場投資","東証","20230907","日証金","確報","0","0","40","0","0","0","40","0"
"1674","Ｗｉｓ　白金上場投信","東証","20230907","日証金","確報","0","0","0","0","0","0","0","0"
"1675","Ｗｉｓ　パラジウム","東証","20230907","日証金","確報","0","0","0","0","0","0","0","0"
"1676","Ｗｉｓ　貴金属バスケ","東証","20230907","日証金","確報","0","0","0","0","0","0","0","0"
"1677","上場インデックスファ","東証","20230907","日証金","確報","0","90","0","0","920","0","0","830"
"1678","インドＮＩＦ","東証","20230907","日証金","確報","0","2400","130800","0","5300","44900","85900","2900"
"1679","ＮＹダウジョンズ投信","東証","20230907","日証金","確報","0","10","20","20","0","700","-680","-30"
"1680","上場海外先進国株式","東証","20230907","日証金","確報","0","0","500","0","0","500","0","0"
"1681","上場海外新興国株式","東証","20230907","日証金","確報","0","0","450","0","0","450","0","0"
"1682","日経ＪＰＸ白金","東証","20230907","日証金","確報","200","5100","200","400","0","3500","-3300","-5300"
"1684","Ｗｉｓ　ブロード上場","東証","20230907","日証金","確報","0","0","0","0","0","0","0","0"
"1685","Ｗｉｓ　エネルギー","東証","20230907","日証金","確報","0","0","0","0","0","0","0","0"
"1686","Ｗｉｓ　産業用金属","東証","20230907","日証金","確報","0","0","0","0","0","0","0","0"
"1687","Ｗｉｓ　農産物上場","東証","20230907","日証金","確報","0","0","0","0","0","0","0","0"
"1688","Ｗｉｓ　穀物上場投信","東証","20230907","日証金","確報","0","0","7660","0","0","0","7660","0"
"1689","Ｗｉｓ　天然ガス上場","東証","20230907","日証金","確報","2700","0","8888600","0","0","0","8888600","2700"
"1690","Ｗｉｓ　原油上場投信","東証","20230907","日証金","確報","0","0","600","0","0","0","600","0"
"1691","Ｗｉｓ　ガソリン上場","東証","20230907","日証金","確報","0","0","0","0","0","0","0","0"
"1692","Ｗｉｓ　アルミニウム","東証","20230907","日証金","確報","0","0","100","0","0","0","100","0"
"1693","Ｗｉｓ　銅上場投信","東証","20230907","日証金","確報","0","0","0","0","0","0","0","0"
"1694","Ｗｉｓ　ニッケル上場","東証","20230907","日証金","確報","0","0","0","0","0","0","0","0"
"1695","Ｗｉｓ　小麦上場投信","東証","20230907","日証金","確報","0","2000","274600","0","0","0","274600","-2000"
"1696","Ｗｉｓ　とうもろこし","東証","20230907","日証金","確報","0","0","3000","0","0","0","3000","0"
"1697","Ｗｉｓ　大豆上場投信","東証","20230907","日証金","確報","0","0","0","0","0","0","0","0"
"1698","日本高配当東証１００","東証","20230907","日証金","確報","0","0","200","0","10","170","30","10"
"1699","ＮＯＭＵＲＡ原油連動","東証","20230907","日証金","確報","5630","25190","1536630","22670","20100","230130","1306500","-22130"
"1711","ＳＤＳＨＤ","東証","20230907","日証金","確報","0","0","3300","0","0","0","3300","0"
"1712","ダイセキ環境Ｓ","名証","20230907","日証金","確報","0","0","0","0","0","0","0","0"
"1712","ダイセキ環境Ｓ","東証","20230907","日証金","確報","1600","500","26300","0","7000","11200","15100","8100"
"1716","第一カッター興業","東証","20230907","日証金","確報","600","100","1700","0","300","200","1500","800"
"1717","明豊ファシリワークス","東証","20230907","日証金","確報","0","600","3800","0","0","0","3800","-600"
"1718","美樹工業","東証","20230907","日証金","確報","0","0","900","0","0","0","900","0"
"1719","安藤・間","東証","20230907","日証金","確報","1100","1300","59600","300","500","59600","0","0"
"1720","東急建設","東証","20230907","日証金","確報","700","200","66500","1000","0","5800","60700","-500"
"1721","コムシスＨＤ","東証","20230907","日証金","確報","500","0","1400","1200","1700","27300","-25900","1000"
"1723","日本電技","東証","20230907","日証金","確報","0","0","700","0","0","0","700","0"
"1724","シンクレイヤ","東証","20230907","日証金","確報","0","300","6700","0","0","0","6700","-300"
"1726","ＢＲホールディングス","東証","20230907","日証金","確報","0","0","3500","0","0","0","3500","0"
"1730","麻生フオームクリート","東証","20230907","日証金","確報","0","0","3000","0","0","0","3000","0"
"1734","北弘電社","札証","20230907","日証金","確報","0","0","0","0","0","0","0","0"
"1736","オーテック","東証","20230907","日証金","確報","200","400","500","0","0","0","500","-200"
"1738","ニットー","名証","20230907","日証金","確報","0","0","4700","0","0","0","4700","0"
"1739","メルディアＤＣ","東証","20230907","日証金","確報","0","0","500","0","0","0","500","0"
"1743","コーアツ工業","東証","20230907","日証金","確報","0","0","700","0","0","0","700","0"
"1743","コーアツ工業","福証","20230907","日証金","確報","0","0","0","0","0","0","0","0"
"1757","創建エース","東証","20230907","日証金","確報","0","0","905500","0","0","0","905500","0"
"1758","太洋基礎工業","東証","20230907","日証金","確報","0","0","2700","0","0","0","2700","0"
"1762","高松コンストラクシＧ","東証","20230907","日証金","確報","0","400","1300","0","0","2000","-700","-400"
"1764","工藤建設","東証","20230907","日証金","確報","0","0","3100","0","0","0","3100","0"
"1766","東建コーポレーション","名証","20230907","日証金","確報","0","0","0","0","0","0","0","0"
"1766","東建コーポレーション","東証","20230907","日証金","確報","100","500","300","200","0","300","0","-600"
"1768","ソネック","東証","20230907","日証金","確報","800","600","2600","0","100","30800","-28200","300"
"1770","藤田エンジニアリング","東証","20230907","日証金","確報","0","0","0","0","0","0","0","0"
"1771","日本乾溜工業","福証","20230907","日証金","確報","0","0","100","0","0","0","100","0"
"1773","ワイ・ティー・エル","東証","20230907","日証金","確報","0","1000","2000","0","0","0","2000","-1000"
"1775","富士古河Ｅ＆Ｃ","東証","20230907","日証金","確報","0","0","400","0","0","0","400","0"
"1776","三井住建道路","東証","20230907","日証金","確報","0","0","700","0","0","0","700","0"
"1777","川崎設備工業","名証","20230907","日証金","確報","100","0","15400","0","0","0","15400","100"
"1780","ヤマウラ","名証","20230907","日証金","確報","0","0","0","0","0","0","0","0"
"1780","ヤマウラ","東証","20230907","日証金","確報","2100","1200","4200","1300","100","17800","-13600","-300"
"1783","アジアゲートＨＤ","東証","20230907","日証金","確報","0","0","315300","0","0","0","315300","0"
"1786","オリエンタル白石","東証","20230907","日証金","確報","8000","2300","75000","0","0","0","75000","5700"
"1787","ナカボーテック","東証","20230907","日証金","確報","0","0","0","0","0","0","0","0"
"1788","三東工業社","東証","20230907","日証金","確報","0","0","400","0","0","0","400","0"
"1789","ＥＴＳ　ＨＤ","東証","20230907","日証金","確報","500","200","10400","400","0","8900","1500","-100"
"1793","大本組","東証","20230907","日証金","確報","0","0","0","0","0","0","0","0"
"1795","マサル","東証","20230907","日証金","確報","0","0","400","0","0","0","400","0"
"1798","守谷商会","東証","20230907","日証金","確報","0","0","0","0","0","0","0","0"
"1799","第一建設工業","東証","20230907","日証金","確報","200","0","1400","0","0","100","1300","200"
"1801","大成建設","名証","20230907","日証金","確報","0","0","0","0","0","0","0","0"
"1801","大成建設","東証","20230907","日証金","確報","3800","2400","18900","33000","1600","125800","-106900","-30000"
"1802","大林組","東証","20230907","日証金","確報","9400","8400","42100","12300","1100","205900","-163800","-10200"
"1802","大林組","福証","20230907","日証金","確報","0","0","0","0","0","0","0","0"
"1803","清水建設","名証","20230907","日証金","確報","0","0","0","0","0","0","0","0"
"1803","清水建設","東証","20230907","日証金","確報","600","7100","77200","6300","100","48700","28500","-12700"
"1805","飛島建設","東証","20230907","日証金","確報","300","400","5000","0","300","1600","3400","200"
"1807","佐藤渡辺","東証","20230907","日証金","確報","0","0","600","0","0","0","600","0"
"1808","長谷工コーポ","東証","20230907","日証金","確報","26400","37500","54100","9100","0","54100","0","-20200"
"1810","松井建設","東証","20230907","日証金","確報","100","500","1800","0","400","1800","0","0"
"1811","錢高組","東証","20230907","日証金","確報","0","100","28100","0","100","400","27700","0"
"1812","鹿島建設","名証","20230907","日証金","確報","0","0","0","0","0","0","0","0"
"1812","鹿島建設","東証","20230907","日証金","確報","19200","10600","64700","1500","2800","51900","12800","9900"
"1813","不動テトラ","東証","20230907","日証金","確報","800","0","2300","1000","0","1000","1300","-200"
"1814","大末建設","東証","20230907","日証金","確報","0","0","8600","600","0","6100","2500","-600"
"1815","鉄建建設","東証","20230907","日証金","確報","9500","900","37300","4600","100","7100","30200","4100"
"1820","西松建設","東証","20230907","日証金","確報","4700","2800","9100","1900","0","9100","0","0"
"1821","三井住友建設","東証","20230907","日証金","確報","2800","0","180900","0","2100","1300","179600","4900"
"1822","大豊建設","東証","20230907","日証金","確報","200","0","4900","100","100","5200","-300","200"
"1826","佐田建設","東証","20230907","日証金","確報","200","300","3200","0","100","3200","0","0"
"1827","ナカノフドー建設","東証","20230907","日証金","確報","15000","500","17500","0","0","0","17500","14500"
"1828","田辺工業","東証","20230907","日証金","確報","0","0","500","0","0","0","500","0"
"1832","北海電気工事","札証","20230907","日証金","確報","0","0","0","0","0","0","0","0"
"1833","奥村組","東証","20230907","日証金","確報","100","700","10400","0","0","2000","8400","-600"
"1835","東鉄工業","東証","20230907","日証金","確報","500","8500","1400","200","0","5400","-4000","-8200"
"1840","土屋ホールディングス","札証","20230907","日証金","確報","0","0","0","0","0","0","0","0"
"1840","土屋ホールディングス","東証","20230907","日証金","確報","200","0","75800","0","0","0","75800","200"
"1841","サンユー建設","東証","20230907","日証金","確報","0","0","1400","0","0","0","1400","0"
"1844","大盛工業","東証","20230907","日証金","確報","0","1000","0","0","0","0","0","-1000"
"1847","イチケン","東証","20230907","日証金","確報","0","400","18700","0","0","0","18700","-400"
"1848","富士ピー・エス","東証","20230907","日証金","確報","1800","200","5500","800","0","13700","-8200","800"
"1848","富士ピー・エス","福証","20230907","日証金","確報","0","0","0","0","0","0","0","0"
"1850","南海辰村建設","東証","20230907","日証金","確報","1300","4300","204600","0","0","0","204600","-3000"
"1852","浅沼組","東証","20230907","日証金","確報","0","300","9000","100","200","2800","6200","-200"
"1853","森組","東証","20230907","日証金","確報","0","0","13200","0","0","0","13200","0"
"1860","戸田建設","東証","20230907","日証金","確報","1000","0","2000","3100","4700","94000","-92000","2600"
"1861","熊谷組","東証","20230907","日証金","確報","400","500","12300","1800","1900","12300","0","0"
"1866","北野建設","東証","20230907","日証金","確報","0","0","8100","200","0","3100","5000","-200"
"1867","植木組","東証","20230907","日証金","確報","800","800","2100","0","0","2100","0","0"
"1869","名工建設","名証","20230907","日証金","確報","0","0","11600","0","0","0","11600","0"
"1870","矢作建設工業","名証","20230907","日証金","確報","0","0","0","0","0","0","0","0"
"1870","矢作建設工業","東証","20230907","日証金","確報","200","1100","7900","700","0","7900","0","-1600"
"1871","ピーエス三菱","東証","20230907","日証金","確報","2200","800","5400","0","0","0","5400","1400"
"1873","日本ハウスＨＤ","東証","20230907","日証金","確報","0","0","15000","0","0","0","15000","0"
"1878","大東建託","名証","20230907","日証金","確報","0","0","0","0","0","0","0","0"
"1878","大東建託","東証","20230907","日証金","確報","0","800","1500","1700","700","26500","-25000","-1800"
"1879","新日本建設","東証","20230907","日証金","確報","400","100","2900","300","0","2900","0","0"
"1882","東亜道路工業","東証","20230907","日証金","確報","0","0","5300","100","100","5300","0","0"
"1884","日本道路","東証","20230907","日証金","確報","100","100","1800","0","0","3700","-1900","0"
"1885","東亜建設工業","札証","20230907","日証金","確報","0","0","0","0","0","0","0","0"
"1885","東亜建設工業","東証","20230907","日証金","確報","0","100","7800","100","100","5000","2800","-100"
"1887","日本国土開発","東証","20230907","日証金","確報","400","1100","5800","0","700","5800","0","0"
"1888","若築建設","東証","20230907","日証金","確報","0","0","1400","0","0","1000","400","0"
"1890","東洋建設","東証","20230907","日証金","確報","0","3300","50700","0","0","0","50700","-3300"
"1892","徳倉建設","名証","20230907","日証金","確報","0","0","600","0","0","0","600","0"
"1893","五洋建設","名証","20230907","日証金","確報","0","0","0","0","0","0","0","0"
"1893","五洋建設","東証","20230907","日証金","確報","12500","5800","34800","10800","0","34800","0","-4100"
"1897","金下建設","東証","20230907","日証金","確報","0","0","0","0","0","0","0","0"
"1898","世紀東急工業","東証","20230907","日証金","確報","9200","700","54200","400","1500","21200","33000","9600"
"1899","福田組","東証","20230907","日証金","確報","0","100","900","0","100","900","0","0"
"1904","大成温調","東証","20230907","日証金","確報","0","0","1300","0","0","700","600","0"
"1905","テノックス","東証","20230907","日証金","確報","0","0","1500","0","0","0","1500","0"
"1909","日本ドライケミカル","東証","20230907","日証金","確報","0","0","4000","0","0","0","4000","0"
"1911","住友林業","東証","20230907","日証金","確報","1000","22600","31500","17400","2100","68400","-36900","-36900"
"1914","日本基礎技術","東証","20230907","日証金","確報","0","0","2000","0","0","0","2000","0"
"1921","巴コーポレーション","札証","20230907","日証金","確報","0","0","0","0","0","0","0","0"
"1921","巴コーポレーション","東証","20230907","日証金","確報","0","100","3500","0","0","0","3500","-100"
"1925","大和ハウス工業","東証","20230907","日証金","確報","100","4700","45600","13800","500","108300","-62700","-17900"
"1926","ライト工業","東証","20230907","日証金","確報","0","700","17500","500","0","1200","16300","-1200"
"1928","積水ハウス","名証","20230907","日証金","確報","0","0","0","0","0","0","0","0"
"1928","積水ハウス","東証","20230907","日証金","確報","800","3900","16000","10900","74200","61100","-45100","60200"
"1929","日特建設","東証","20230907","日証金","確報","600","600","14400","0","0","4200","10200","0"
"1930","北陸電気工事","東証","20230907","日証金","確報","0","0","1300","0","500","0","1300","500"
"1934","ユアテック","東証","20230907","日証金","確報","500","200","2900","0","200","300","2600","500"
"1938","日本リーテック","東証","20230907","日証金","確報","0","0","200","0","0","0","200","0"
"1939","四電工","東証","20230907","日証金","確報","100","700","2000","1500","1900","65900","-63900","-200"
"1941","中電工","東証","20230907","日証金","確報","0","0","5900","100","0","3100","2800","-100"
"1942","関電工","東証","20230907","日証金","確報","200","5400","20400","1400","1500","62600","-42200","-5100"
"1944","きんでん","東証","20230907","日証金","確報","200","0","700","400","1800","12900","-12200","1600"
"1945","東京エネシス","東証","20230907","日証金","確報","0","3800","14400","500","0","5600","8800","-4300"
"1946","トーエネック","名証","20230907","日証金","確報","0","0","0","0","0","0","0","0"
"1946","トーエネック","東証","20230907","日証金","確報","100","0","1600","0","100","1900","-300","200"
"1948","弘電社","東証","20230907","日証金","確報","0","0","200","0","0","0","200","0"
"1949","住友電設","東証","20230907","日証金","確報","100","200","100","0","100","100","0","0"
"1950","日本電設工業","東証","20230907","日証金","確報","0","0","100","100","800","8500","-8400","700"
"1951","エクシオグループ","東証","20230907","日証金","確報","2600","0","8500","400","1300","8500","0","3500"
"1952","新日本空調","東証","20230907","日証金","確報","2000","900","3800","400","100","3000","800","800"
"1959","九電工","東証","20230907","日証金","確報","1000","0","6100","100","100","1000","5100","1000"
"1959","九電工","福証","20230907","日証金","確報","0","0","0","0","0","0","0","0"
"1960","サンテック","東証","20230907","日証金","確報","0","1000","110600","0","0","0","110600","-1000"
"1961","三機工業","東証","20230907","日証金","確報","0","900","200","0","0","200","0","-900"
"1963","日揮ホールディングス","東証","20230907","日証金","確報","3100","0","11500","4100","0","7000","4500","-1000"
"1964","中外炉工業","東証","20230907","日証金","確報","400","0","2500","0","0","900","1600","400"
"1965","テクノ菱和","東証","20230907","日証金","確報","0","0","1100","0","0","1100","0","0"
"1966","高田工業所","東証","20230907","日証金","確報","300","300","50000","0","0","50000","0","0"
"1966","高田工業所","福証","20230907","日証金","確報","0","0","0","0","0","0","0","0"
"1967","ヤマト","東証","20230907","日証金","確報","0","0","199500","200","0","1400","198100","-200"
"1968","太平電業","東証","20230907","日証金","確報","500","0","1600","0","100","400","1200","600"
"1969","高砂熱学工業","東証","20230907","日証金","確報","2900","200","6000","1000","2100","40800","-34800","3800"
"1971","中央ビルト工業","東証","20230907","日証金","確報","1000","0","1800","0","0","0","1800","1000"
"1972","三晃金属工業","東証","20230907","日証金","確報","400","100","6900","0","0","200","6700","300"
"1973","ＮＥＣネッツエスアイ","東証","20230907","日証金","確報","1600","600","5700","600","400","5200","500","800"
"1975","朝日工業社","東証","20230907","日証金","確報","0","100","800","0","0","100","700","-100"
"1976","明星工業","東証","20230907","日証金","確報","0","1000","5000","400","0","6600","-1600","-1400"
"1979","大氣社","東証","20230907","日証金","確報","100","500","700","100","200","600","100","-300"
"1980","ダイダン","東証","20230907","日証金","確報","100","100","3500","0","0","3500","0","0"
"1981","協和日成","東証","20230907","日証金","確報","0","0","0","0","0","0","0","0"
"1982","日比谷総合設備","東証","20230907","日証金","確報","0","0","1000","0","0","400","600","0"
"1992","神田通信機","東証","20230907","日証金","確報","0","0","200","0","0","0","200","0"
"1994","高橋カーテンウォール","東証","20230907","日証金","確報","0","0","3700","0","0","0","3700","0"
"1997","暁飯島工業","東証","20230907","日証金","確報","0","0","900","0","0","0","900","0"
"1999","サイタＨＤ","福証","20230907","日証金","確報","0","0","0","0","0","0","0","0"
"2001","ニップン","東証","20230907","日証金","確報","1500","100","4700","200","100","3200","1500","1300"
"2002","日清製粉グループ本社","東証","20230907","日証金","確報","600","1700","13300","700","2000","27900","-14600","200"
"2003","日東富士製粉","東証","20230907","日証金","確報","0","400","0","0","0","0","0","-400"
"2004","昭和産業","東証","20230907","日証金","確報","100","0","7900","0","0","1500","6400","100"
"2009","鳥越製粉","東証","20230907","日証金","確報","0","100","4400","0","0","0","4400","-100"
"2009","鳥越製粉","福証","20230907","日証金","確報","0","0","0","0","0","0","0","0"
"2031","ハンセンダブルＥＴＮ","東証","20230907","日証金","確報","0","0","0","0","0","0","0","0"
"2032","ハンセン・ベアＥＴＮ","東証","20230907","日証金","確報","0","0","10","0","0","0","10","0"
"2033","ＫＯＳＰＩブルＥＴＮ","東証","20230907","日証金","確報","0","0","0","0","0","0","0","0"
"2034","ＫＯＳＰＩベアＥＴＮ","東証","20230907","日証金","確報","0","62","215","0","0","0","215","-62"
"2036","金先物ダブルブル","東証","20230907","日証金","確報","0","0","0","0","0","0","0","0"
"2037","金先物ベア","東証","20230907","日証金","確報","0","0","0","0","0","0","0","0"
"2038","ドバイ原油先物ブル","東証","20230907","日証金","確報","0","300","6250","0","0","0","6250","-300"
"2039","ドバイ原油先物ベア","東証","20230907","日証金","確報","0","0","700","0","0","0","700","0"
"2040","ＮＹダウブルＥＴＮ","東証","20230907","日証金","確報","200","0","256","0","0","0","256","200"
"2041","ＮＹダウベアＥＴＮ","東証","20230907","日証金","確報","0","0","1461","0","0","0","1461","0"
"2042","東証マザーズＥＴＮ","東証","20230907","日証金","確報","0","0","0","0","0","0","0","0"
"2043","アセアン５０ＥＴＮ","東証","20230907","日証金","確報","0","0","12","0","0","0","12","0"
"2044","米国配当貴族ＥＴＮ","東証","20230907","日証金","確報","0","0","0","0","0","0","0","0"
"2045","シンガポールリート","東証","20230907","日証金","確報","0","0","0","0","0","0","0","0"
"2046","インドブルＥＴＮ","東証","20230907","日証金","確報","0","1","934","0","0","0","934","-1"
"2047","インドベアＥＴＮ","東証","20230907","日証金","確報","0","0","0","0","0","0","0","0"
"2048","高配株ヘッジＥＴＮ","東証","20230907","日証金","確報","0","0","0","0","0","0","0","0"
"2050","ニッチトップ中小型","東証","20230907","日証金","確報","0","0","0","0","0","0","0","0"
"2053","中部飼料","名証","20230907","日証金","確報","0","0","0","0","0","0","0","0"
"2053","中部飼料","東証","20230907","日証金","確報","500","500","49700","0","0","0","49700","0"
"2055","日和産業","東証","20230907","日証金","確報","200","0","4800","0","0","0","4800","200"
"2058","ヒガシマル","福証","20230907","日証金","確報","0","0","0","0","0","0","0","0"
"2060","フィード・ワン","東証","20230907","日証金","確報","1200","1100","39400","0","0","0","39400","100"
"2065","日本株配当貴族ＥＴＮ","東証","20230907","日証金","確報","0","0","0","0","0","0","0","0"
"2066","東証リートＥＴＮ","東証","20230907","日証金","確報","0","0","0","0","0","0","0","0"
"2067","野村ＡＩ７０ＥＴＮ","東証","20230907","日証金","確報","0","0","0","0","0","0","0","0"
"2068","高ベータ３０ＥＴＮ","東証","20230907","日証金","確報","0","0","0","0","0","0","0","0"
"2069","低ベータ５０ＥＴＮ","東証","20230907","日証金","確報","0","0","0","0","0","0","0","0"
"2070","ＥＳＧ女性活躍ＥＴＮ","東証","20230907","日証金","確報","0","0","0","0","0","0","0","0"
"2071","ＥＳＧ総合ＥＴＮ","東証","20230907","日証金","確報","0","0","0","0","0","0","0","0"
"2072","トップシェアＥＴＮ","東証","20230907","日証金","確報","0","0","0","0","0","0","0","0"
"2073","ＥＳＧ低カーボン","東証","20230907","日証金","確報","0","0","0","0","0","0","0","0"
"2080","ＰＢＲ１倍割れ解消","東証","20230907","日証金","確報","71591","0","71591","0","0","0","71591","71591"
"2081","政策保有解消","東証","20230907","日証金","確報","3158","0","3158","0","0","0","3158","3158"
"2082","投資家経営者一心同体","東証","20230907","日証金","確報","4447","0","4447","0","0","0","4447","4447"
"2083","日本成長株アクティブ","東証","20230907","日証金","確報","3424","0","3424","0","0","0","3424","3424"
"2084","日本高配当アクティブ","東証","20230907","日証金","確報","15699","0","15699","156","0","156","15543","15543"
"2085","ＭＸ高配日株ア","東証","20230907","日証金","確報","40250","0","40250","0","0","0","40250","40250"
"2107","東洋精糖","東証","20230907","日証金","確報","200","0","3700","0","0","0","3700","200"
"2108","日本甜菜製糖","東証","20230907","日証金","確報","100","0","900","0","0","300","600","100"
"2109","ＤＭ三井製糖ＨＤ","東証","20230907","日証金","確報","0","1000","2700","0","0","700","2000","-1000"
"2112","塩水港精糖","東証","20230907","日証金","確報","100","0","140000","1300","1100","4200","135800","-100"
"2114","フジ日本精糖","東証","20230907","日証金","確報","3600","2100","18800","4700","800","103200","-84400","-2400"
"2117","ウェルネオシュガー","東証","20230907","日証金","確報","1400","2900","12700","0","0","14200","-1500","-1500"
"2120","ＬＩＦＵＬＬ","東証","20230907","日証金","確報","0","8100","98300","0","0","0","98300","-8100"
"2121","ＭＩＸＩ","東証","20230907","日証金","確報","2100","0","11800","200","800","5500","6300","2700"
"2122","インタースペース","東証","20230907","日証金","確報","0","0","3800","0","0","0","3800","0"
"2124","ジェイエイシリクルト","東証","20230907","日証金","確報","200","800","1600","0","300","700","900","-300"
"2127","日本Ｍ＆Ａ","東証","20230907","日証金","確報","17000","3400","241900","0","0","2000","239900","13600"
"2130","メンバーズ","東証","20230907","日証金","確報","5700","0","79800","0","0","106600","-26800","5700"
"2134","燦キャピタル","東証","20230907","日証金","確報","38800","3000","2845200","0","0","0","2845200","35800"
"2136","ヒップ","東証","20230907","日証金","確報","0","0","1200","0","0","0","1200","0"
"2137","光ハイツ・ヴェラス","札証","20230907","日証金","確報","0","0","3900","0","0","0","3900","0"
"2138","クルーズ","東証","20230907","日証金","確報","27400","18900","169600","0","300","160800","8800","8800"
"2139","中広","名証","20230907","日証金","確報","0","0","0","0","0","0","0","0"
"2139","中広","東証","20230907","日証金","確報","0","0","0","100","100","1300","-1300","0"
"2146","ＵＴグループ","東証","20230907","日証金","確報","800","800","30900","500","0","1900","29000","-500"
"2148","アイティメディア","東証","20230907","日証金","確報","200","600","5800","0","0","0","5800","-400"
"2150","ケアネット","東証","20230907","日証金","確報","3500","0","62600","0","0","0","62600","3500"
"2152","幼児活動研究会","東証","20230907","日証金","確報","100","0","600","0","0","0","600","100"
"2153","Ｅ・ＪＨＤ","東証","20230907","日証金","確報","0","0","1600","0","0","0","1600","0"
"2154","オープンアップＧ","東証","20230907","日証金","確報","700","100","3500","100","0","400","3100","500"
"2156","セーラー広告","東証","20230907","日証金","確報","0","0","2100","0","0","0","2100","0"
"2157","コシダカＨＤ","東証","20230907","日証金","確報","4000","18700","34600","300","15000","34600","0","0"
"2158","ＦＲＯＮＴＥＯ","東証","20230907","日証金","確報","600","12900","69900","0","0","0","69900","-12300"
"2160","ジーエヌアイグループ","東証","20230907","日証金","確報","21000","18100","233300","5800","71100","54400","178900","68200"
"2162","ｎｍｓ　ＨＤ","東証","20230907","日証金","確報","100","500","53300","0","0","0","53300","-400"
"2163","アルトナー","東証","20230907","日証金","確報","700","0","8000","0","0","0","8000","700"
"2164","地域新聞社","東証","20230907","日証金","確報","1500","1600","30500","0","0","0","30500","-100"
"2168","パソナグループ","東証","20230907","日証金","確報","100","100","8600","100","0","400","8200","-100"
"2169","ＣＤＳ","名証","20230907","日証金","確報","0","0","0","0","0","0","0","0"
"2169","ＣＤＳ","東証","20230907","日証金","確報","0","300","900","0","0","1500","-600","-300"
"2170","リンク＆モチベ","東証","20230907","日証金","確報","0","1300","71100","0","0","0","71100","-1300"
"2172","インサイト","札証","20230907","日証金","確報","500","0","700","0","0","0","700","500"
"2173","博展","東証","20230907","日証金","確報","0","0","2100","0","0","400","1700","0"
"2175","エス・エム・エス","東証","20230907","日証金","確報","800","700","9700","0","2000","3900","5800","2100"
"2179","成学社","東証","20230907","日証金","確報","0","0","100","0","0","0","100","0"
"2180","サニーサイドアップ","東証","20230907","日証金","確報","100","0","5100","0","0","0","5100","100"
"2181","パーソルＨＤ","東証","20230907","日証金","確報","500","200","7700","0","0","1400","6300","300"
"2183","リニカル","東証","20230907","日証金","確報","0","0","1200","0","0","0","1200","0"
"2185","シイエム・シイ","名証","20230907","日証金","確報","0","0","0","0","0","0","0","0"
"2185","シイエム・シイ","東証","20230907","日証金","確報","0","0","2000","0","0","0","2000","0"
"2186","ソーバル","東証","20230907","日証金","確報","0","0","13800","0","0","0","13800","0"
"2193","クックパッド","東証","20230907","日証金","確報","1000","600","67700","0","13200","34400","33300","13600"
"2195","アミタＨＤ","東証","20230907","日証金","確報","0","0","11000","0","0","0","11000","0"
"2196","エスクリ","東証","20230907","日証金","確報","3000","1700","28400","100","600","8500","19900","1800"
"2198","アイ・ケイ・ケイＨＤ","東証","20230907","日証金","確報","0","300","12000","1100","0","9600","2400","-1400"
"2201","森永製菓","東証","20230907","日証金","確報","2100","1000","8400","1500","400","8400","0","0"
"2204","中村屋","東証","20230907","日証金","確報","0","0","1200","0","0","1200","0","0"
"2206","江崎グリコ","東証","20230907","日証金","確報","100","900","4300","0","800","4300","0","0"
"2207","名糖産業","名証","20230907","日証金","確報","0","0","0","0","0","0","0","0"
"2207","名糖産業","東証","20230907","日証金","確報","2500","100","5800","700","0","4400","1400","1700"
"2208","ブルボン","東証","20230907","日証金","確報","0","0","100","0","0","0","100","0"
"2209","井村屋グループ","名証","20230907","日証金","確報","0","0","0","0","0","0","0","0"
"2209","井村屋グループ","東証","20230907","日証金","確報","100","0","900","0","0","0","900","100"
"2211","不二家","東証","20230907","日証金","確報","200","100","3200","100","0","3200","0","0"
"2212","山崎製パン","東証","20230907","日証金","確報","900","1500","7600","14700","400","514800","-507200","-14900"
"2215","第一屋製パン","東証","20230907","日証金","確報","200","0","3500","0","0","0","3500","200"
"2216","カンロ","東証","20230907","日証金","確報","400","1300","4600","400","0","22900","-18300","-1300"
"2217","モロゾフ","東証","20230907","日証金","確報","0","300","900","100","0","2100","-1200","-400"
"2218","日糧製パン","札証","20230907","日証金","確報","0","0","0","0","0","0","0","0"
"2220","亀田製菓","東証","20230907","日証金","確報","0","300","500","100","300","3600","-3100","-100"
"2221","岩塚製菓","東証","20230907","日証金","確報","0","100","0","0","0","0","0","-100"
"2222","寿スピリッツ","東証","20230907","日証金","確報","800","2000","14400","500","1500","33000","-18600","-200"
"2224","コモ","名証","20230907","日証金","確報","0","0","0","0","0","0","0","0"
"2224","コモ","東証","20230907","日証金","確報","0","0","400","0","0","0","400","0"
"2226","湖池屋","東証","20230907","日証金","確報","400","0","2300","500","0","3900","-1600","-100"
"2229","カルビー","東証","20230907","日証金","確報","1100","800","7200","300","0","7200","0","0"
"2235","上場ダウヘッジなし","東証","20230907","日証金","確報","0","0","0","0","0","0","0","0"
"2236","ＧＸＵＳ配当貴族","東証","20230907","日証金","確報","0","0","386","0","0","0","386","0"
"2237","ｉＦＳＰ５００ダブル","東証","20230907","日証金","確報","0","0","21","0","0","0","21","0"
"2238","ｉＦＳＰ５００ベア","東証","20230907","日証金","確報","300","900","659","0","0","0","659","-600"
"2239","上場Ｓ＆Ｐレバ２倍","東証","20230907","日証金","確報","10","0","10","0","0","0","10","10"
"2240","上場Ｓ＆Ｐインバース","東証","20230907","日証金","確報","0","0","0","0","0","0","0","0"
"2241","ＭＸＳダウ","東証","20230907","日証金","確報","0","0","220","0","0","220","0","0"
"2242","ＭＸＳダウヘ有","東証","20230907","日証金","確報","900","0","920","0","70","830","90","970"
"2243","ＧＸ半導体","東証","20230907","日証金","確報","550","440","4669","110","0","4669","0","0"
"2244","ＧＸＵＳテック２０","東証","20230907","日証金","確報","100","10","3904","0","0","20","3884","90"
"2245","独債７－１０ヘッジ有","東証","20230907","日証金","確報","0","0","0","0","0","0","0","0"
"2246","仏債７－１０ヘッジ有","東証","20230907","日証金","確報","0","0","0","0","0","0","0","0"
"2247","ｉＦＳＰ５００Ｈ無","東証","20230907","日証金","確報","0","0","5","0","0","0","5","0"
"2248","ｉＦＳＰ５００Ｈ有","東証","20230907","日証金","確報","0","0","0","0","0","0","0","0"
"2249","ｉＦＳＰ５００Ｗベア","東証","20230907","日証金","確報","50","0","55","0","0","0","55","50"
"2250","ｉＳＭＳＣＩ日株気候","東証","20230907","日証金","確報","0","0","0","0","0","0","0","0"
"2251","ＪＧＢダブルインバ","東証","20230907","日証金","確報","0","0","0","0","0","0","0","0"
"2252","ＧＸＵＳ中小モート","東証","20230907","日証金","確報","0","1","0","0","0","0","0","-1"
"2253","ＧＸＵＳスーパーＤ","東証","20230907","日証金","確報","0","0","0","0","0","0","0","0"
"2254","ＧＸ中国ＥＶバッテリ","東証","20230907","日証金","確報","0","0","18","0","0","0","18","0"
"2264","森永乳業","東証","20230907","日証金","確報","200","0","1400","3300","5200","29800","-28400","2100"
"2266","六甲バター","東証","20230907","日証金","確報","100","0","2800","0","200","3600","-800","300"
"2267","ヤクルト本社","東証","20230907","日証金","確報","3100","0","125800","0","9100","10500","115300","12200"
"2268","サーティワン","東証","20230907","日証金","確報","0","0","100","0","0","0","100","0"
"2269","明治ホールディングス","東証","20230907","日証金","確報","500","3900","19300","2000","2700","16800","2500","-2700"
"2270","雪印メグミルク","札証","20230907","日証金","確報","0","0","0","0","0","0","0","0"
"2270","雪印メグミルク","東証","20230907","日証金","確報","800","100","2000","800","100","4600","-2600","0"
"2281","プリマハム","東証","20230907","日証金","確報","200","800","17900","200","1000","7100","10800","200"
"2282","日本ハム","東証","20230907","日証金","確報","0","600","18500","1400","400","5000","13500","-1600"
"2286","林兼産業","東証","20230907","日証金","確報","0","400","17100","0","200","800","16300","-200"
"2288","丸大食品","東証","20230907","日証金","確報","0","900","3000","1800","100","6300","-3300","-2600"
"2291","福留ハム","東証","20230907","日証金","確報","0","0","500","0","0","200","300","0"
"2292","エス　フーズ","東証","20230907","日証金","確報","100","0","800","100","0","800","0","0"
"2293","滝沢ハム","東証","20230907","日証金","確報","0","0","0","0","0","0","0","0"
"2294","柿安本店","東証","20230907","日証金","確報","0","600","1100","0","200","300","800","-400"
"2296","伊藤ハム米久ＨＤ","東証","20230907","日証金","確報","0","800","5400","0","800","5400","0","0"
"2300","きょくとう","東証","20230907","日証金","確報","0","0","800","0","0","0","800","0"
"2301","学情","東証","20230907","日証金","確報","0","700","4000","100","1000","900","3100","200"
"2303","ドーン","東証","20230907","日証金","確報","0","0","7700","0","0","0","7700","0"
"2304","ＣＳＳＨＤ","東証","20230907","日証金","確報","500","500","34100","0","0","34100","0","0"
"2305","スタジオアリス","東証","20230907","日証金","確報","17000","0","17200","0","1400","3500","13700","18400"
"2307","クロスキャット","東証","20230907","日証金","確報","100","0","7300","0","0","0","7300","100"
"2309","シミックＨＤ","東証","20230907","日証金","確報","100","0","9300","0","100","0","9300","200"
"2311","エプコ","東証","20230907","日証金","確報","0","0","5500","0","0","0","5500","0"
"2315","ＣＡＩＣＡ　Ｄ","東証","20230907","日証金","確報","1700","1300","2707900","100","0","1200100","1507800","300"
"2317","システナ","東証","20230907","日証金","確報","26800","2400","225400","0","0","0","225400","24400"
"2321","ソフトフロントＨＤ","東証","20230907","日証金","確報","0","0","32400","0","0","0","32400","0"
"2323","ｆｏｎｆｕｎ","東証","20230907","日証金","確報","300","0","6200","0","0","0","6200","300"
"2325","ＮＪＳ","東証","20230907","日証金","確報","0","0","1400","600","200","5500","-4100","-400"
"2326","デジタルアーツ","東証","20230907","日証金","確報","200","100","5100","0","0","1000","4100","100"
"2327","日鉄ソリューションズ","東証","20230907","日証金","確報","0","0","3700","100","600","500","3200","500"
"2329","東北新社","東証","20230907","日証金","確報","0","0","0","0","0","0","0","0"
"2330","フォーサイド","東証","20230907","日証金","確報","0","7900","133200","0","0","0","133200","-7900"
"2331","綜合警備保障","東証","20230907","日証金","確報","2000","400","8900","1900","300","8900","0","0"
"2332","クエスト","東証","20230907","日証金","確報","0","100","2700","0","0","200","2500","-100"
"2334","イオレ","東証","20230907","日証金","確報","100","1500","22100","0","0","0","22100","-1400"
"2335","キューブシステム","東証","20230907","日証金","確報","100","0","800","100","0","800","0","0"
"2337","いちご","東証","20230907","日証金","確報","41300","39200","56200","200","8600","45700","10500","10500"
"2338","クオンタムＳ","東証","20230907","日証金","確報","0","0","0","0","0","0","0","0"
"2340","極楽湯ＨＤ","東証","20230907","日証金","確報","0","1700","2700","0","0","0","2700","-1700"
"2341","アルバイトタイムス","東証","20230907","日証金","確報","0","0","80400","0","0","0","80400","0"
"2342","トランスジェニック","東証","20230907","日証金","確報","0","0","26300","0","0","0","26300","0"
"2344","平安レイサービス","東証","20230907","日証金","確報","0","0","1500","0","0","0","1500","0"
"2345","クシム","東証","20230907","日証金","確報","20300","7000","140100","0","0","0","140100","13300"
"2349","エヌアイデイ","東証","20230907","日証金","確報","0","0","700","0","0","0","700","0"
"2351","ＡＳＪ","東証","20230907","日証金","確報","0","0","7600","0","0","0","7600","0"
"2353","日本駐車場開発","東証","20230907","日証金","確報","27900","23300","629700","0","0","40000","589700","4600"
"2354","ＹＥ　ＤＩＧＩＴＡＬ","東証","20230907","日証金","確報","100","2300","39800","0","0","0","39800","-2200"
"2359","コア","東証","20230907","日証金","確報","0","100","400","0","0","100","300","-100"
"2370","メディネット","東証","20230907","日証金","確報","16100","1600","830100","0","0","0","830100","14500"
"2371","カカクコム","東証","20230907","日証金","確報","6000","0","39500","400","4700","3600","35900","10300"
"2372","アイロムグループ","東証","20230907","日証金","確報","0","600","6700","0","0","0","6700","-600"
"2373","ケア２１","東証","20230907","日証金","確報","200","0","3600","0","0","0","3600","200"
"2374","セントケアＨＤ","東証","20230907","日証金","確報","0","200","2900","0","0","0","2900","-200"
"2375","ギグワークス","東証","20230907","日証金","確報","0","100","16200","0","0","0","16200","-100"
"2376","サイネックス","東証","20230907","日証金","確報","100","0","6500","0","0","0","6500","100"
"2378","ルネサンス","東証","20230907","日証金","確報","500","400","15800","0","700","111300","-95500","800"
"2379","ディップ","東証","20230907","日証金","確報","0","1200","8200","400","1100","4000","4200","-500"
"2384","ＳＢＳＨＤ","東証","20230907","日証金","確報","200","100","4600","100","0","100","4500","0"
"2385","総医研ＨＤ","東証","20230907","日証金","確報","0","1900","17500","0","0","0","17500","-1900"
"2388","ウェッジＨＤ","東証","20230907","日証金","確報","14200","8900","156700","0","0","0","156700","5300"
"2389","デジタルＨＤ","東証","20230907","日証金","確報","0","0","249100","200","0","4700","244400","-200"
"2391","プラネット","東証","20230907","日証金","確報","0","0","2000","0","0","0","2000","0"
"2393","日本ケアサプライ","東証","20230907","日証金","確報","0","0","0","0","0","0","0","0"
"2395","新日本科学","東証","20230907","日証金","確報","3300","3300","150000","0","0","150000","0","0"
"2397","ＤＮＡチップ研究所","東証","20230907","日証金","確報","0","700","6700","0","0","0","6700","-700"
"2402","アマナ","東証","20230907","日証金","確報","0","0","0","0","0","0","0","0"
"2404","鉄人化計画","東証","20230907","日証金","確報","4200","9600","43300","700","6100","43300","0","0"
"2408","ＫＧ情報","東証","20230907","日証金","確報","0","0","4800","0","0","0","4800","0"
"2410","キャリアＤセンタ","東証","20230907","日証金","確報","100","1600","10600","0","500","1200","9400","-1000"
"2411","ゲンダイエージェンシ","東証","20230907","日証金","確報","400","100","17100","0","0","2500","14600","300"
"2412","ベネフィット・ワン","東証","20230907","日証金","確報","0","2100","22900","0","0","6700","16200","-2100"
"2413","エムスリー","東証","20230907","日証金","確報","13200","800","149900","500","6000","600","149300","17900"
"2415","ヒューマンＨＤ","東証","20230907","日証金","確報","0","0","100","0","0","0","100","0"
"2418","ツカダグローバルＨＤ","東証","20230907","日証金","確報","0","2500","20900","0","0","0","20900","-2500"
"2424","ブラス","名証","20230907","日証金","確報","0","0","0","0","0","0","0","0"
"2424","ブラス","東証","20230907","日証金","確報","0","100","4700","0","0","0","4700","-100"
"2425","ケアサービス","東証","20230907","日証金","確報","0","0","100","0","0","0","100","0"
"2427","アウトソーシング","東証","20230907","日証金","確報","100","4400","190900","0","0","14500","176400","-4300"
"2428","ウェルネット","札証","20230907","日証金","確報","0","0","0","0","0","0","0","0"
"2428","ウェルネット","東証","20230907","日証金","確報","0","0","38900","0","0","0","38900","0"
"2429","ワールドＨＤ","東証","20230907","日証金","確報","300","0","6500","0","0","0","6500","300"
"2432","ディー・エヌ・エー","東証","20230907","日証金","確報","1000","1100","27100","200","0","1000","26100","-300"
"2433","博報堂ＤＹＨＤ","東証","20230907","日証金","確報","3600","9000","13600","3100","4000","18100","-4500","-4500"
"2435","シダー","東証","20230907","日証金","確報","10100","1900","144600","0","0","77800","66800","8200"
"2436","共同ピーアール","東証","20230907","日証金","確報","100","0","2300","0","0","0","2300","100"
"2437","シンワワイズ","東証","20230907","日証金","確報","0","9400","89400","0","0","0","89400","-9400"
"2438","アスカネット","東証","20230907","日証金","確報","7900","10500","106900","0","2600","106900","0","0"
"2440","ぐるなび","東証","20230907","日証金","確報","300","3100","267500","0","2800","267500","0","0"
"2445","タカミヤ","東証","20230907","日証金","確報","0","1100","19800","0","0","2200","17600","-1100"
"2449","プラップジャパン","東証","20230907","日証金","確報","100","100","7200","0","0","0","7200","0"
"2453","ジャパンベストレスキ","名証","20230907","日証金","確報","0","0","0","0","0","0","0","0"
"2453","ジャパンベストレスキ","東証","20230907","日証金","確報","0","500","5200","0","200","3300","1900","-300"
"2454","オールアバウト","東証","20230907","日証金","確報","0","0","2600","0","0","0","2600","0"
"2459","アウンコンサル","東証","20230907","日証金","確報","0","0","2400","0","0","0","2400","0"
"2461","ファンコミュニ","東証","20230907","日証金","確報","0","700","27300","0","0","600","26700","-700"
"2462","ライク","東証","20230907","日証金","確報","38700","22400","65000","0","0","48700","16300","16300"
"2464","ビジネス・ブレクスル","東証","20230907","日証金","確報","1300","100","6800","0","0","0","6800","1200"
"2468","フュートレック","東証","20230907","日証金","確報","600","7400","22200","0","0","3900","18300","-6800"
"2469","ヒビノ","東証","20230907","日証金","確報","0","0","500","0","0","0","500","0"
"2471","エスプール","東証","20230907","日証金","確報","8500","13100","159900","0","3000","0","159900","-1600"
"2475","ＷＤＢＨＤ","東証","20230907","日証金","確報","200","0","600","0","0","0","600","200"
"2477","手間いらず","東証","20230907","日証金","確報","400","100","7600","300","200","7600","0","200"
"2479","ジェイテック","東証","20230907","日証金","確報","500","10000","38800","0","0","0","38800","-9500"
"2480","システムロケーション","東証","20230907","日証金","確報","0","0","1100","0","0","0","1100","0"
"2481","タウンニュース社","東証","20230907","日証金","確報","0","200","600","0","100","100","500","-100"
"2483","翻訳センター","東証","20230907","日証金","確報","100","0","300","0","0","0","300","100"
"2484","出前館","東証","20230907","日証金","確報","104800","3200","206600","101700","100","206600","0","0"
"2485","ティア","名証","20230907","日証金","確報","0","0","0","0","0","0","0","0"
"2485","ティア","東証","20230907","日証金","確報","1100","0","4300","0","0","500","3800","1100"
"2487","ＣＤＧ","東証","20230907","日証金","確報","0","0","400","500","0","2300","-1900","-500"
"2488","ＪＴＰ","東証","20230907","日証金","確報","300","0","25300","0","0","0","25300","300"
"2489","アドウェイズ","東証","20230907","日証金","確報","800","600","14300","0","0","2900","11400","200"
"2491","バリューコマース","東証","20230907","日証金","確報","13900","2700","30400","1700","3300","17600","12800","12800"
"2492","インフォマート","東証","20230907","日証金","確報","12900","22400","116000","11400","0","116000","0","-20900"
"2493","イーサポートリンク","東証","20230907","日証金","確報","0","200","400","0","0","0","400","-200"
"2497","ユナイテッド","東証","20230907","日証金","確報","300","0","12000","0","300","2000","10000","600"
"2498","オリコンＨＤ","東証","20230907","日証金","確報","0","0","1000","0","0","0","1000","0"
"2499","日本和装ＨＤ","東証","20230907","日証金","確報","0","0","0","0","0","0","0","0"
"2501","サッポロＨＤ","札証","20230907","日証金","確報","0","0","0","0","0","0","0","0"
"2501","サッポロＨＤ","東証","20230907","日証金","確報","0","100","1200","27200","1700","277300","-276100","-25600"
"2502","アサヒグループＨＤ","東証","20230907","日証金","確報","0","2100","5900","13200","900","58200","-52300","-14400"
"2503","キリンＨＤ","名証","20230907","日証金","確報","0","0","0","0","0","0","0","0"
"2503","キリンＨＤ","札証","20230907","日証金","確報","0","0","0","0","0","0","0","0"
"2503","キリンＨＤ","東証","20230907","日証金","確報","5500","16500","54200","0","700","14700","39500","-10300"
"2503","キリンＨＤ","福証","20230907","日証金","確報","0","0","0","0","0","0","0","0"
"2510","国内債券","東証","20230907","日証金","確報","0","4240","0","0","0","2710","-2710","-4240"
"2511","外国債券ヘッジなし","東証","20230907","日証金","確報","0","0","0","0","0","0","0","0"
"2512","外国債券ヘッジあり","東証","20230907","日証金","確報","0","0","10","0","0","0","10","0"
"2513","外国株式ヘッジなし","東証","20230907","日証金","確報","300","1480","330","0","10","330","0","-1170"
"2514","外国株式ヘッジあり","東証","20230907","日証金","確報","0","0","0","0","0","0","0","0"
"2515","外国リートヘッジなし","東証","20230907","日証金","確報","2200","0","2200","0","60","2080","120","2260"
"2516","東証マザーズＥＴＦ","東証","20230907","日証金","確報","48880","52410","271790","20","3550","271790","0","0"
"2517","ＭＸＳＪリートコア","東証","20230907","日証金","確報","0","0","0","0","0","0","0","0"
"2518","日本株女性活躍ＥＴＦ","東証","20230907","日証金","確報","8","0","399","8","0","399","0","0"
"2519","新興国債券ヘッジなし","東証","20230907","日証金","確報","0","180","0","0","0","0","0","-180"
"2520","新興国株式ヘッジなし","東証","20230907","日証金","確報","0","940","0","0","0","0","0","-940"
"2521","上場米国ヘッジあり","東証","20230907","日証金","確報","800","2250","14500","4840","3630","20950","-6450","-2660"
"2522","ｉＳロボット","東証","20230907","日証金","確報","0","0","89","0","0","551","-462","0"
"2523","ＭＸＳトピ除く金融","東証","20230907","日証金","確報","0","0","0","0","0","0","0","0"
"2524","ＮＺＡＭ　ＴＰＸ","東証","20230907","日証金","確報","0","0","0","0","0","100","-100","0"
"2525","ＮＺＡＭ　２２５","東証","20230907","日証金","確報","0","0","0","0","0","1","-1","0"
"2526","ＮＺＡＭ　４００","東証","20230907","日証金","確報","0","0","0","0","0","0","0","0"
"2527","ＮＺＡＭＪリートコア","東証","20230907","日証金","確報","0","0","0","0","0","0","0","0"
"2528","ｉＦＪリートコア","東証","20230907","日証金","確報","0","0","0","0","1000","0","0","1000"
"2529","株主還元７０ＥＴＦ","東証","20230907","日証金","確報","0","0","650","0","0","0","650","0"
"2530","ＭＸＳ中国Ａ株１８０","東証","20230907","日証金","確報","0","0","0","0","0","0","0","0"
"2531","宝ホールディングス","東証","20230907","日証金","確報","0","2500","13400","2000","1500","31800","-18400","-3000"
"2533","オエノンＨＤ","東証","20230907","日証金","確報","100","3600","19500","2000","2700","6200","13300","-2800"
"2540","養命酒製造","東証","20230907","日証金","確報","100","100","1200","0","0","1200","0","0"
"2551","マルサンアイ","名証","20230907","日証金","確報","0","0","100","0","0","0","100","0"
"2552","上場ＪリートＭ","東証","20230907","日証金","確報","150","0","150","0","0","6","144","150"
"2553","Ｏｎｅ・ＣＳＩ５００","東証","20230907","日証金","確報","0","0","0","0","0","0","0","0"
"2554","米国社債１０年ヘッジ","東証","20230907","日証金","確報","0","0","0","0","0","0","0","0"
"2555","東証ＲＥＩＴ－ＥＴＦ","東証","20230907","日証金","確報","0","0","0","0","0","50","-50","0"
"2556","Ｏｎｅ・Ｊリート","東証","20230907","日証金","確報","0","0","100","20","0","250","-150","-20"
"2557","ＳＭＤＡＭトピックス","東証","20230907","日証金","確報","0","0","0","0","0","0","0","0"
"2558","ＭＸＳ米株ＳＰ５００","東証","20230907","日証金","確報","0","20","335","401","474","5463","-5128","53"
"2559","ＭＸＳ全世界株式","東証","20230907","日証金","確報","32","0","555","0","0","0","555","32"
"2560","ＭＸＳカーボン日本株","東証","20230907","日証金","確報","0","0","0","0","0","0","0","0"
"2561","ｉＳ日本国債","東証","20230907","日証金","確報","88","76","7856","12","0","7856","0","0"
"2562","上場ダウヘッジあり","東証","20230907","日証金","確報","10","0","4560","2230","0","9050","-4490","-2220"
"2563","ｉＳＳＰ５百米株ヘジ","東証","20230907","日証金","確報","100000","60060","100000","14920","23350","57480","42520","48370"
"2564","ＧＸスーパーディビ","東証","20230907","日証金","確報","0","0","160","0","48","1","159","48"
"2565","ＧＸロジＪリート","東証","20230907","日証金","確報","0","0","10","0","1","23","-13","1"
"2566","上場ＥＳＧリート","東証","20230907","日証金","確報","0","0","0","0","0","310","-310","0"
"2567","ＮＺＡＭ　カーボン","東証","20230907","日証金","確報","0","50","150","0","50","150","0","0"
"2568","上場ＮＳＱ１００ヘ無","東証","20230907","日証金","確報","0","1080","1860","1820","30","19600","-17740","-2870"
"2569","上場ＮＳＱ１００ヘ有","東証","20230907","日証金","確報","600","0","3180","0","0","0","3180","600"
"2573","北海道コカ・コーラ","札証","20230907","日証金","確報","0","0","0","0","0","0","0","0"
"2573","北海道コカ・コーラ","東証","20230907","日証金","確報","0","0","600","0","0","0","600","0"
"2579","コカ・コーラＢＪＨ","東証","20230907","日証金","確報","0","0","133800","16600","700","99000","34800","-15900"
"2585","ライフドリンクＣ","東証","20230907","日証金","確報","600","100","8300","0","0","0","8300","500"
"2586","フルッタフルッタ","東証","20230907","日証金","確報","5800","0","153000","0","0","0","153000","5800"
"2587","サントリー食品インタ","東証","20230907","日証金","確報","1000","500","4400","600","0","600","3800","-100"
"2588","ＰウォーターＨＤ","東証","20230907","日証金","確報","0","0","300","0","0","0","300","0"
"2590","ＤｙＤｏ","東証","20230907","日証金","確報","300","0","1200","3000","3700","24600","-23400","1000"
"2593","伊藤園","東証","20230907","日証金","確報","0","1800","12100","100","4600","6300","5800","2700"
"25935","伊藤園第１種優先株式","東証","20230907","日証金","確報","0","1100","3900","0","0","0","3900","-1100"
"2594","キーコーヒー","東証","20230907","日証金","確報","400","200","5300","100","800","7600","-2300","900"
"2597","ユニカフェ","東証","20230907","日証金","確報","0","0","800","0","0","0","800","0"
"2599","ジャパンフーズ","東証","20230907","日証金","確報","0","0","800","0","0","800","0","0"
"2602","日清オイリオグループ","東証","20230907","日証金","確報","600","800","9000","100","300","9000","0","0"
"2607","不二製油グループ本社","東証","20230907","日証金","確報","1000","600","8700","0","0","1600","7100","400"
"2612","かどや製油","東証","20230907","日証金","確報","0","0","300","0","0","0","300","0"
"2613","Ｊ－オイルミルズ","東証","20230907","日証金","確報","0","200","5400","0","0","0","5400","-200"
"2620","ｉＳ米国債一三","東証","20230907","日証金","確報","0","0","2120","0","0","100","2020","0"
"2621","ｉＳ米国債二十ヘジ","東証","20230907","日証金","確報","500","0","28219","0","0","0","28219","500"
"2622","ｉＳ新興国債券ヘジ","東証","20230907","日証金","確報","0","0","1183","0","0","0","1183","0"
"2623","ｉＳユロＩＧ社債ヘジ","東証","20230907","日証金","確報","0","0","0","0","0","0","0","0"
"2624","ｉＦ２２５年４","東証","20230907","日証金","確報","190","1190","553","1","0","1554","-1001","-1001"
"2625","ｉＦＴＰＸ年４","東証","20230907","日証金","確報","0","0","1980","0","0","5","1975","0"
"2626","ＧＸデジタル日株","東証","20230907","日証金","確報","0","0","0","0","0","0","0","0"
"2627","ＧＸｅコマース日株","東証","20230907","日証金","確報","3","0","3","0","0","0","3","3"
"2628","ｉＦ中国科創板５０","東証","20230907","日証金","確報","1","0","1","0","0","0","1","1"
"2629","ｉＦ中国ＧＢＡ１００","東証","20230907","日証金","確報","10","0","136","10","0","136","0","0"
"2630","ＭＸＳ米株ＳＰ５へ有","東証","20230907","日証金","確報","0","198","1482","0","0","1825","-343","-198"
"2631","ＭＸＳナス１００","東証","20230907","日証金","確報","1225","0","2058","149","229","7219","-5161","1305"
"2632","ＭＸＳナス１００へ有","東証","20230907","日証金","確報","441","0","1509","4","15","1509","0","452"
"2633","Ｓ＆Ｐ５００ヘッジ無","東証","20230907","日証金","確報","1720","0","4680","60","3350","8090","-3410","5010"
"2634","Ｓ＆Ｐ５００ヘッジ有","東証","20230907","日証金","確報","45040","0","57370","520","18750","33820","23550","63270"
"2635","Ｓ＆Ｐ５００ＥＳＧ","東証","20230907","日証金","確報","0","0","0","0","50","0","0","50"
"2636","ＧＸガバナンス日株","東証","20230907","日証金","確報","0","0","0","0","0","0","0","0"
"2637","ＧＸクリーン日株","東証","20230907","日証金","確報","0","0","0","0","0","1","-1","0"
"2638","ＧＸロボ＆ＡＩ日株","東証","20230907","日証金","確報","0","0","0","0","14","244","-244","14"
"2639","ＧＸバイオ＆メド日株","東証","20230907","日証金","確報","2","0","2","0","0","2","0","2"
"2640","ＧＸゲームアニメ日株","東証","20230907","日証金","確報","0","0","50","0","0","0","50","0"
"2641","ＧＸＧリーダーズ日株","東証","20230907","日証金","確報","0","0","0","0","0","15","-15","0"
"2642","ＳＭＴ低炭素日本株","東証","20230907","日証金","確報","0","0","0","0","0","0","0","0"
"2643","ＭＳＣＩ日本株ＥＳＧ","東証","20230907","日証金","確報","0","0","50","0","0","0","50","0"
"2644","ＧＸ半導体日株","東証","20230907","日証金","確報","0","6607","3830","10","0","1888","1942","-6617"
"2645","ＧＸレジ＆エンタ日株","東証","20230907","日証金","確報","0","4","0","6","1","20","-20","-9"
"2646","ＧＸメタルビジ日株","東証","20230907","日証金","確報","0","0","0","0","0","0","0","0"
"2647","米債７－１０ヘッジ無","東証","20230907","日証金","確報","0","0","0","0","0","0","0","0"
"2648","米債７－１０ヘッジ有","東証","20230907","日証金","確報","0","0","0","0","0","0","0","0"
"2649","ｉＳＧＮＭＡ債ヘジ","東証","20230907","日証金","確報","0","0","0","0","0","0","0","0"
"2651","ローソン","東証","20230907","日証金","確報","1300","1500","15100","900","1100","15100","0","0"
"2652","まんだらけ","東証","20230907","日証金","確報","1600","1700","16600","1400","2000","16100","500","500"
"2653","イオン九州","東証","20230907","日証金","確報","0","0","5100","0","0","0","5100","0"
"2654","アスモ","東証","20230907","日証金","確報","0","200","2700","0","0","0","2700","-200"
"2656","ベクターＨＤ","東証","20230907","日証金","確報","0","0","34500","0","0","0","34500","0"
"2659","サンエー","東証","20230907","日証金","確報","0","200","1900","500","100","13900","-12000","-600"
"2664","カワチ薬品","東証","20230907","日証金","確報","0","0","2100","0","100","1700","400","100"
"2666","オートウェーブ","東証","20230907","日証金","確報","0","900","17500","0","0","0","17500","-900"
"2667","イメージ　ワン","東証","20230907","日証金","確報","0","1000","708700","0","0","210600","498100","-1000"
"2668","タビオ","東証","20230907","日証金","確報","0","0","2000","0","0","0","2000","0"
"2669","カネ美食品","東証","20230907","日証金","確報","100","0","2200","0","800","8400","-6200","900"
"2670","エービーシー・マート","東証","20230907","日証金","確報","2500","32000","10100","3100","32600","10100","0","0"
"2673","夢みつけ隊","東証","20230907","日証金","確報","0","3000","29000","0","0","0","29000","-3000"
"2674","ハードオフ","東証","20230907","日証金","確報","3400","2300","4400","0","300","3000","1400","1400"
"2676","高千穂交易","東証","20230907","日証金","確報","100","300","1800","0","500","1100","700","300"
"2678","アスクル","東証","20230907","日証金","確報","0","400","5100","200","100","1300","3800","-500"
"2681","ゲオホールディングス","東証","20230907","日証金","確報","1000","2400","18500","4700","6000","122700","-104200","-100"
"2683","魚喜","東証","20230907","日証金","確報","200","0","400","0","0","0","400","200"
"2685","アダストリア","東証","20230907","日証金","確報","400","0","10000","0","100","5900","4100","500"
"2686","ジーフット","名証","20230907","日証金","確報","0","0","0","0","0","0","0","0"
"2686","ジーフット","東証","20230907","日証金","確報","0","0","0","0","0","0","0","0"
"2687","ＣＶＳベイエリア","東証","20230907","日証金","確報","4900","3000","89800","2200","300","89800","0","0"
"2689","オルバヘルスケアＨＤ","東証","20230907","日証金","確報","0","0","200","0","100","0","200","100"
"2692","伊藤忠食品","東証","20230907","日証金","確報","100","100","1300","0","200","800","500","200"
"2693","ＹＫＴ","東証","20230907","日証金","確報","200","0","5600","0","0","0","5600","200"
"2694","焼肉坂井ＨＤ","東証","20230907","日証金","確報","0","500","64700","5900","500","43700","21000","-5900"
"2695","くら寿司","東証","20230907","日証金","確報","14100","1000","16100","7200","6700","19200","-3100","12600"
"2698","キャンドゥ","東証","20230907","日証金","確報","0","0","3300","0","0","0","3300","0"
"2700","木徳神糧","東証","20230907","日証金","確報","0","100","3000","0","0","0","3000","-100"
"2702","日本マクドナルドＨＤ","東証","20230907","日証金","確報","2500","2000","15200","2000","2200","14500","700","700"
"2705","大戸屋ＨＤ","東証","20230907","日証金","確報","100","0","3200","0","0","0","3200","100"
"2706","ブロッコリー","東証","20230907","日証金","確報","0","0","100","0","0","0","100","0"
"2708","久世","東証","20230907","日証金","確報","0","1300","18200","0","0","0","18200","-1300"
"2715","エレマテック","東証","20230907","日証金","確報","1800","300","22000","0","0","5500","16500","1500"
"2721","ジェイＨＤ","東証","20230907","日証金","確報","0","800","21100","0","0","0","21100","-800"
"2722","ＩＫホールディングス","名証","20230907","日証金","確報","0","0","0","0","0","0","0","0"
"2722","ＩＫホールディングス","東証","20230907","日証金","確報","4100","34500","16000","1000","100","47300","-31300","-31300"
"2726","パルグループＨＤ","東証","20230907","日証金","確報","5600","6600","51400","0","1000","51400","0","0"
"2730","エディオン","東証","20230907","日証金","確報","400","0","70500","2200","1300","13700","56800","-500"
"2733","あらた","東証","20230907","日証金","確報","100","0","4500","0","0","900","3600","100"
"2734","サーラコーポ","名証","20230907","日証金","確報","0","0","0","0","0","0","0","0"
"2734","サーラコーポ","東証","20230907","日証金","確報","0","100","1900","0","100","1900","0","0"
"2735","ワッツ","東証","20230907","日証金","確報","0","0","6300","0","0","3400","2900","0"
"2736","フェスタリアＨＤ","東証","20230907","日証金","確報","0","0","0","0","0","0","0","0"
"2737","トーメンデバイス","東証","20230907","日証金","確報","0","0","2900","0","0","0","2900","0"
"2742","ハローズ","東証","20230907","日証金","確報","0","15300","900","0","100","2700","-1800","-15200"
"2743","ピクセルカンパニーズ","東証","20230907","日証金","確報","55300","400","544400","0","0","0","544400","54900"
"2747","北雄ラッキー","東証","20230907","日証金","確報","0","0","300","0","0","0","300","0"
"2749","ＪＰホールディングス","東証","20230907","日証金","確報","300","0","38900","0","200","200","38700","500"
"2750","石光商事","東証","20230907","日証金","確報","0","0","300","0","0","0","300","0"
"2751","テンポスＨＤ","東証","20230907","日証金","確報","100","100","2400","0","0","2400","0","0"
"2752","フジオフードＧ本社","東証","20230907","日証金","確報","1900","1700","13500","300","100","13500","0","0"
"2753","あみやき亭","名証","20230907","日証金","確報","0","0","0","0","0","0","0","0"
"2753","あみやき亭","東証","20230907","日証金","確報","0","0","4000","0","0","0","4000","0"
"2754","東葛ホールディングス","東証","20230907","日証金","確報","0","0","1000","0","0","0","1000","0"
"2760","東京エレクトロンデバ","東証","20230907","日証金","確報","2000","1400","7800","1900","800","7800","0","-500"
"2762","ＳＡＮＫＯ　ＭＦ","東証","20230907","日証金","確報","0","0","38500","0","0","0","38500","0"
"2763","エフティグループ","東証","20230907","日証金","確報","200","200","6700","0","0","100","6600","0"
"2764","ひらまつ","東証","20230907","日証金","確報","2500","0","35700","0","0","0","35700","2500"
"2767","円谷フィールズＨＤ","東証","20230907","日証金","確報","9900","3000","87000","0","0","0","87000","6900"
"2768","双日","東証","20230907","日証金","確報","2000","5000","84600","3400","500","22500","62100","-5900"
"2769","ヴィレッジヴァンガド","東証","20230907","日証金","確報","100","0","2100","0","0","0","2100","100"
"2776","新都ホールディングス","東証","20230907","日証金","確報","0","0","68100","0","0","0","68100","0"
"2778","パレモ・ＨＤ","名証","20230907","日証金","確報","0","0","0","0","0","0","0","0"
"2778","パレモ・ＨＤ","東証","20230907","日証金","確報","4600","0","176900","0","0","0","176900","4600"
"2780","コメ兵ＨＤ","名証","20230907","日証金","確報","0","0","0","0","0","0","0","0"
"2780","コメ兵ＨＤ","東証","20230907","日証金","確報","2900","200","51400","0","0","0","51400","2700"
"2782","セリア","東証","20230907","日証金","確報","2700","0","16300","100","4400","6000","10300","7000"
"2784","アルフレッサＨＤ","東証","20230907","日証金","確報","100","0","1700","1200","400","164000","-162300","-700"
"2788","アップルインタナショ","東証","20230907","日証金","確報","32900","1700","108900","0","0","0","108900","31200"
"2789","カルラ","東証","20230907","日証金","確報","0","0","2100","0","0","0","2100","0"
"2790","ナフコ","東証","20230907","日証金","確報","0","0","200","0","0","0","200","0"
"2791","大黒天物産","東証","20230907","日証金","確報","0","0","0","200","500","55500","-55500","300"
"2792","ハニーズＨＬＤ","東証","20230907","日証金","確報","0","400","7000","0","0","0","7000","-400"
"2795","日本プリメックス","東証","20230907","日証金","確報","0","0","700","0","0","0","700","0"
"2796","ファーマライズＨＤ","東証","20230907","日証金","確報","0","0","1600","0","0","400","1200","0"
"2798","ワイズテーブル","東証","20230907","日証金","確報","0","0","100","0","0","0","100","0"
"2801","キッコーマン","東証","20230907","日証金","確報","0","400","4600","2100","2800","36700","-32100","300"
"2802","味の素","東証","20230907","日証金","確報","0","400","12900","12500","300","235200","-222300","-12600"
"2804","ブルドックソース","東証","20230907","日証金","確報","0","0","1200","5900","7200","97600","-96400","1300"
"2805","ヱスビー食品","東証","20230907","日証金","確報","0","0","200","0","0","0","200","0"
"2806","ユタカフーズ","名証","20230907","日証金","確報","0","0","0","0","0","0","0","0"
"2806","ユタカフーズ","東証","20230907","日証金","確報","0","0","0","0","0","0","0","0"
"2809","キユーピー","東証","20230907","日証金","確報","1300","700","5300","600","0","5300","0","0"
"2810","ハウス食品Ｇ本社","東証","20230907","日証金","確報","0","1000","4700","100","1000","100","4600","-100"
"2811","カゴメ","名証","20230907","日証金","確報","0","0","0","0","0","0","0","0"
"2811","カゴメ","東証","20230907","日証金","確報","1200","1200","4400","0","0","4400","0","0"
"2812","焼津水産化学工業","東証","20230907","日証金","確報","3500","0","6100","0","0","0","6100","3500"
"2813","和弘食品","札証","20230907","日証金","確報","0","0","0","0","0","0","0","0"
"2813","和弘食品","東証","20230907","日証金","確報","0","0","1000","0","0","0","1000","0"
"2814","佐藤食品工業","東証","20230907","日証金","確報","0","0","100","0","0","0","100","0"
"2815","アリアケジャパン","東証","20230907","日証金","確報","0","0","1100","0","200","500","600","200"
"2816","ダイショー","東証","20230907","日証金","確報","0","100","0","500","0","600","-600","-600"
"2818","ピエトロ","東証","20230907","日証金","確報","100","100","700","0","0","900","-200","0"
"2819","エバラ食品工業","東証","20230907","日証金","確報","100","0","100","100","0","200","-100","0"
"2820","やまみ","東証","20230907","日証金","確報","0","100","5000","0","0","0","5000","-100"
"2830","アヲハタ","東証","20230907","日証金","確報","0","0","700","0","0","0","700","0"
"2831","はごろもフーズ","東証","20230907","日証金","確報","0","0","400","0","0","0","400","0"
"2836","ＧＸフィンテック日株","東証","20230907","日証金","確報","0","1","1","0","10","480","-479","9"
"2837","ＧＸ中小リーダー日株","東証","20230907","日証金","確報","0","0","0","0","0","2","-2","0"
"2838","ＭＸ米債７－１０ヘ無","東証","20230907","日証金","確報","0","0","0","0","0","0","0","0"
"2839","ＭＸ米債７－１０ヘ有","東証","20230907","日証金","確報","0","0","10","0","0","0","10","0"
"2840","ｉＦナス１００Ｈ無","東証","20230907","日証金","確報","0","0","140","0","24","165","-25","24"
"2841","ｉＦナス１００Ｈ有","東証","20230907","日証金","確報","0","200","1100","548","0","865","235","-748"
"2842","ｉＦナス１００ベア","東証","20230907","日証金","確報","821","1","2555","0","0","101","2454","820"
"2843","上場豪債ヘッジあり","東証","20230907","日証金","確報","0","0","0","0","0","0","0","0"
"2844","上場豪債ヘッジなし","東証","20230907","日証金","確報","0","0","0","0","0","0","0","0"
"2845","ナスダックヘッジ有","東証","20230907","日証金","確報","0","0","9520","4340","30","30200","-20680","-4310"
"2846","ダウヘッジ有","東証","20230907","日証金","確報","0","0","50000","0","0","990","49010","0"
"2847","ＧＸ成長インフラ日株","東証","20230907","日証金","確報","0","0","1","0","0","1","0","0"
"2848","ＧＸ気候変動日株","東証","20230907","日証金","確報","0","0","0","0","0","1","-1","0"
"2849","ＧＸ高配当ＥＳＧ日株","東証","20230907","日証金","確報","0","0","400","0","0","28","372","0"
"2850","ソラクティブ日ＥＳＧ","東証","20230907","日証金","確報","0","0","0","0","0","0","0","0"
"2851","ｉＳＭＳＣＩＪＳＲＩ","東証","20230907","日証金","確報","0","0","200","0","0","0","200","0"
"2852","ｉＳグリーンＪリート","東証","20230907","日証金","確報","0","0","0","0","0","0","0","0"
"2853","ｉＳ気候外国債券ヘジ","東証","20230907","日証金","確報","0","0","0","0","0","0","0","0"
"2854","ＧＸテック２０日株","東証","20230907","日証金","確報","4","0","4","5","0","25","-21","-1"
"2855","ＧＸグリＪリート","東証","20230907","日証金","確報","0","0","0","0","0","12","-12","0"
"2856","ｉＳ米国債三七ヘジ","東証","20230907","日証金","確報","0","0","0","0","0","0","0","0"
"2857","ｉＳドイツ国債ヘジ","東証","20230907","日証金","確報","0","0","0","0","0","0","0","0"
"2858","ＧＸ日経カバコ","東証","20230907","日証金","確報","0","0","0","0","0","0","0","0"
"2859","ＳＴＯＸＸヘッジ有","東証","20230907","日証金","確報","0","0","280","0","0","1200","-920","0"
"2860","ＤＡＸヘッジ有","東証","20230907","日証金","確報","0","0","150","0","0","150","0","0"
"2861","上場フランス国債Ｈ無","東証","20230907","日証金","確報","0","0","0","0","0","0","0","0"
"2862","上場フランス国債Ｈ有","東証","20230907","日証金","確報","0","0","0","0","0","0","0","0"
"2863","米バラ保守ヘッジ有","東証","20230907","日証金","確報","0","0","0","0","0","0","0","0"
"2864","ＧＸロジリート","東証","20230907","日証金","確報","0","1","0","0","0","0","0","-1"
"2865","ＧＸＮＤＸカバコ","東証","20230907","日証金","確報","0","0","700","0","0","0","700","0"
"2866","ＧＸ優先証券","東証","20230907","日証金","確報","0","1","2","0","1","2","0","0"
"2867","ＧＸ自動ＥＶ","東証","20230907","日証金","確報","0","0","100","0","0","0","100","0"
"2868","ＧＸＳＰＸカバコ","東証","20230907","日証金","確報","0","0","90","0","0","90","0","0"
"2869","ｉＦナス１００ダブル","東証","20230907","日証金","確報","0","84","2043","0","0","0","2043","-84"
"2870","ｉＦナス１００Ｗベア","東証","20230907","日証金","確報","231","43","1680","0","0","0","1680","188"
"2871","ニチレイ","東証","20230907","日証金","確報","600","1400","6000","800","400","7900","-1900","-1200"
"2872","セイヒョー","東証","20230907","日証金","確報","0","0","1600","0","0","0","1600","0"
"2874","横浜冷凍","東証","20230907","日証金","確報","1200","100","5900","500","5000","68800","-62900","5600"
"2875","東洋水産","東証","20230907","日証金","確報","0","200","3800","200","0","1200","2600","-400"
"2876","デルソーレ","東証","20230907","日証金","確報","0","100","5300","0","0","0","5300","-100"
"2877","日東ベスト","東証","20230907","日証金","確報","0","0","0","0","0","0","0","0"
"2882","イートアンドＨＤ","東証","20230907","日証金","確報","400","900","5400","100","600","5400","0","0"
"2883","大冷","東証","20230907","日証金","確報","0","100","900","0","0","0","900","-100"
"2884","ヨシムラフードＨＤ","東証","20230907","日証金","確報","11300","15900","137400","6500","20900","137400","0","9800"
"2892","日本食品化工","東証","20230907","日証金","確報","200","100","9000","0","0","0","9000","100"
"2894","石井食品","東証","20230907","日証金","確報","0","0","4100","0","0","0","4100","0"
"2897","日清食品ＨＤ","東証","20230907","日証金","確報","300","800","14300","400","0","4600","9700","-900"
"2899","永谷園ＨＤ","東証","20230907","日証金","確報","0","0","2000","100","0","100","1900","-100"
"2901","石垣食品","東証","20230907","日証金","確報","0","900","35700","0","0","0","35700","-900"
"2902","太陽化学","名証","20230907","日証金","確報","300","0","12400","0","0","0","12400","300"
"2903","シノブフーズ","東証","20230907","日証金","確報","100","0","2100","0","0","0","2100","100"
"2904","一正蒲鉾","東証","20230907","日証金","確報","0","0","2100","0","0","1900","200","0"
"2907","あじかん","東証","20230907","日証金","確報","0","100","700","0","100","700","0","0"
"2908","フジッコ","東証","20230907","日証金","確報","900","0","2400","300","1200","2400","0","1800"
"2910","ロック・フィールド","東証","20230907","日証金","確報","1600","2000","4400","700","300","4400","0","-800"
"2911","旭松食品","東証","20230907","日証金","確報","0","0","0","0","0","0","0","0"
"2914","日本たばこ産業","東証","20230907","日証金","確報","5000","40800","237800","1500","400","2500","235300","-36900"
"2915","ケンコーマヨネーズ","東証","20230907","日証金","確報","500","400","11700","100","0","11700","0","0"
"2916","仙波糖化工業","東証","20230907","日証金","確報","0","0","1400","0","0","0","1400","0"
"2917","大森屋","東証","20230907","日証金","確報","0","0","1000","0","0","0","1000","0"
"2918","わらべや日洋ＨＤ","東証","20230907","日証金","確報","100","1100","4300","2200","300","37200","-32900","-2900"
"2919","マルタイ","福証","20230907","日証金","確報","0","0","0","0","0","0","0","0"
"2922","なとり","東証","20230907","日証金","確報","0","200","500","400","200","3500","-3000","-400"
"2923","サトウ食品","東証","20230907","日証金","確報","0","0","0","0","0","0","0","0"
"2924","イフジ産業","東証","20230907","日証金","確報","0","1000","3600","0","200","2100","1500","-800"
"2924","イフジ産業","福証","20230907","日証金","確報","0","0","0","0","0","0","0","0"
"2926","篠崎屋","東証","20230907","日証金","確報","0","0","5500","0","0","100","5400","0"
"2927","ＡＦＣＨＤアムスライ","東証","20230907","日証金","確報","0","0","3300","0","0","0","3300","0"
"2928","ＲＩＺＡＰグループ","札証","20230907","日証金","確報","100","0","279500","0","0","0","279500","100"
"2929","ファーマフーズ","東証","20230907","日証金","確報","3000","12000","407700","500","0","479600","-71900","-9500"
"2930","北の達人コーポ","札証","20230907","日証金","確報","0","0","0","0","0","0","0","0"
"2930","北の達人コーポ","東証","20230907","日証金","確報","0","18200","86600","0","0","12700","73900","-18200"
"2931","ユーグレナ","東証","20230907","日証金","確報","300","7000","129600","0","0","3100","126500","-6700"
"2932","ＳＴＩフードＨＤ","東証","20230907","日証金","確報","0","0","500","0","0","0","500","0"
"2933","紀文食品","東証","20230907","日証金","確報","2200","0","2500","1800","6200","10100","-7600","6600"
"2934","ジェイフロンティア","東証","20230907","日証金","確報","0","1000","14900","0","0","0","14900","-1000"
"2935","ピックルスＨＤ","東証","20230907","日証金","確報","200","0","2600","0","0","0","2600","200"
"2936","ベースフード","東証","20230907","日証金","確報","22800","81800","116900","3700","0","116900","0","-62700"
"2937","サンクゼール","東証","20230907","日証金","確報","400","1800","15200","0","0","300","14900","-1400"
"2961","日本調理機","東証","20230907","日証金","確報","0","100","400","0","0","0","400","-100"
"2962","テクニスコ","東証","20230907","日証金","確報","200","1200","14600","0","0","0","14600","-1000"
"2970","グッドライフＣ","東証","20230907","日証金","確報","0","0","7800","0","0","0","7800","0"
"2971","Ｒ－エスコンジャパン","東証","20230907","日証金","確報","0","0","91","0","0","2","89","0"
"2972","Ｒ－サンケイＲＥ","東証","20230907","日証金","確報","0","30","111","0","0","0","111","-30"
"2974","大英産業","福証","20230907","日証金","確報","0","0","200","0","0","0","200","0"
"2975","スター・マイカＨＤ","東証","20230907","日証金","確報","0","100","83300","0","0","0","83300","-100"
"2976","日本グランデ","札証","20230907","日証金","確報","0","0","700","0","0","0","700","0"
"2978","ツクルバ","東証","20230907","日証金","確報","0","400","10800","0","0","0","10800","-400"
"2979","Ｒ－ＳＯＳｉＬＡ物流","東証","20230907","日証金","確報","10","10","48","0","0","48","0","0"
"2980","ＳＲＥＨＤ","東証","20230907","日証金","確報","1300","200","17300","0","0","0","17300","1100"
"2981","ランディックス","東証","20230907","日証金","確報","0","100","200","0","0","0","200","-100"
"2982","ＡＤワークスグループ","東証","20230907","日証金","確報","1000","36100","87300","0","0","0","87300","-35100"
"2983","アールプランナー","名証","20230907","日証金","確報","0","0","0","0","0","0","0","0"
"2983","アールプランナー","東証","20230907","日証金","確報","100","500","9900","0","0","0","9900","-400"
"2984","ヤマイチ","東証","20230907","日証金","確報","0","0","1600","0","0","0","1600","0"
"2986","ＬＡホールディングス","東証","20230907","日証金","確報","600","400","13400","0","0","100","13300","200"
"2986","ＬＡホールディングス","福証","20230907","日証金","確報","0","0","0","0","0","0","0","0"
"2987","タスキ","東証","20230907","日証金","確報","200","0","18300","0","0","0","18300","200"
"2989","東海道リート投資法人","東証","20230907","日証金","確報","0","0","49","0","0","0","49","0"
"2991","ランドネット","東証","20230907","日証金","確報","0","400","3900","0","0","0","3900","-400"
"2993","長栄","東証","20230907","日証金","確報","0","0","1600","0","0","0","1600","0"
"2997","ストレージ王","東証","20230907","日証金","確報","13100","1200","56400","0","0","0","56400","11900"
"2998","クリアル","東証","20230907","日証金","確報","1700","900","72300","0","0","0","72300","800"
"2999","ホームポジション","東証","20230907","日証金","確報","0","0","900","0","0","0","900","0"
"3001","片倉工業","東証","20230907","日証金","確報","200","100","2900","0","0","500","2400","100"
"3002","グンゼ","東証","20230907","日証金","確報","1500","1800","4000","0","1200","2800","1200","900"
"3003","ヒューリック","東証","20230907","日証金","確報","12700","1300","60900","14300","300","73300","-12400","-2600"
"3004","神栄","東証","20230907","日証金","確報","0","1000","47800","0","0","0","47800","-1000"
"3010","ポラリスＨＤ","東証","20230907","日証金","確報","1600","100","87100","0","0","0","87100","1500"
"3011","バナーズ","東証","20230907","日証金","確報","0","0","0","0","0","0","0","0"
"3020","アプライド","東証","20230907","日証金","確報","0","0","600","0","0","0","600","0"
"3021","パシフィックネット","東証","20230907","日証金","確報","0","300","4000","0","0","0","4000","-300"
"3023","ラサ商事","東証","20230907","日証金","確報","400","0","2400","400","0","2400","0","0"
"3024","クリエイト","東証","20230907","日証金","確報","0","0","3300","0","0","0","3300","0"
"3028","アルペン","名証","20230907","日証金","確報","0","0","0","0","0","0","0","0"
"3028","アルペン","東証","20230907","日証金","確報","0","0","5500","100","0","5400","100","-100"
"3030","ハブ","東証","20230907","日証金","確報","100","1400","23400","0","0","0","23400","-1300"
"3031","ラクーンＨＤ","東証","20230907","日証金","確報","3300","1900","88000","1200","2000","3100","84900","2200"
"3032","ゴルフ・ドゥ","名証","20230907","日証金","確報","0","0","0","0","0","0","0","0"
"3034","クオールＨＤ","東証","20230907","日証金","確報","2600","0","16200","900","1400","9400","6800","3100"
"3035","ケイティケイ","名証","20230907","日証金","確報","0","0","0","0","0","0","0","0"
"3035","ケイティケイ","東証","20230907","日証金","確報","5700","0","19700","100","300","19100","600","5900"
"3036","アルコニックス","東証","20230907","日証金","確報","0","1200","2600","400","0","400","2200","-1600"
"3038","神戸物産","東証","20230907","日証金","確報","7500","100","49400","800","100","8200","41200","6700"
"3040","ソリトンシステムズ","東証","20230907","日証金","確報","0","0","4600","0","0","0","4600","0"
"3041","ビューティ花壇","東証","20230907","日証金","確報","4400","1000","189000","7100","0","180500","8500","-3700"
"3042","セキュアヴェイル","東証","20230907","日証金","確報","0","200","12800","0","0","0","12800","-200"
"3045","カワサキ","東証","20230907","日証金","確報","0","0","200","0","0","0","200","0"
"3046","ＪＩＮＳＨＤ","東証","20230907","日証金","確報","1100","900","6500","100","100","2500","4000","200"
"3047","ＴＲＵＣＫ－ＯＮＥ","福証","20230907","日証金","確報","0","0","0","0","0","0","0","0"
"3048","ビックカメラ","東証","20230907","日証金","確報","13000","1600","60000","0","0","0","60000","11400"
"3050","ＤＣＭＨＤ","東証","20230907","日証金","確報","500","10300","10000","0","900","4200","5800","-8900"
"3053","ペッパーフドサビス","東証","20230907","日証金","確報","2700","0","168800","0","0","0","168800","2700"
"3054","ハイパー","東証","20230907","日証金","確報","100","0","1500","0","0","0","1500","100"
"3055","ほくやく・竹山ＨＤ","札証","20230907","日証金","確報","0","0","0","0","0","0","0","0"
"3057","ゼットン","名証","20230907","日証金","確報","0","0","2000","0","0","0","2000","0"
"3058","三洋堂ＨＤ","東証","20230907","日証金","確報","100","1000","1800","0","900","1800","0","0"
"3059","ヒラキ","東証","20230907","日証金","確報","0","0","800","100","0","1500","-700","-100"
"3063","ジェイグループＨＤ","東証","20230907","日証金","確報","0","0","700","5100","9000","55200","-54500","3900"
"3064","ＭｏｎｏｔａＲＯ","東証","20230907","日証金","確報","9800","0","99900","200","0","4800","95100","9600"
"3065","ライフフーズ","東証","20230907","日証金","確報","0","0","0","0","0","0","0","0"
"3066","ＪＢイレブン","名証","20230907","日証金","確報","400","0","3300","0","0","0","3300","400"
"3067","東京一番フーズ","東証","20230907","日証金","確報","1000","1000","4100","0","0","4100","0","0"
"3068","ＷＤＩ","東証","20230907","日証金","確報","0","0","900","0","0","0","900","0"
"3069","ＪＦＬＡＨＤ","東証","20230907","日証金","確報","6700","6500","126400","200","0","126400","0","0"
"3070","アマガサ","東証","20230907","日証金","確報","0","0","1800","0","0","0","1800","0"
"3071","ストリーム","東証","20230907","日証金","確報","0","0","57100","0","0","0","57100","0"
"3073","ＤＤグループ","東証","20230907","日証金","確報","0","400","13400","0","0","0","13400","-400"
"3075","銚子丸","東証","20230907","日証金","確報","0","0","1800","0","0","0","1800","0"
"3076","あいホールディングス","東証","20230907","日証金","確報","0","1000","2300","100","0","100","2200","-1100"
"3077","ホリイフードサービス","東証","20230907","日証金","確報","0","0","400","0","0","0","400","0"
"3079","ディーブイエックス","東証","20230907","日証金","確報","0","0","83100","0","0","700","82400","0"
"3080","ジェーソン","東証","20230907","日証金","確報","0","0","4100","0","0","0","4100","0"
"3082","きちりＨＤ","東証","20230907","日証金","確報","0","0","4200","200","1200","50700","-46500","1000"
"3083","シ－ズメン","東証","20230907","日証金","確報","0","0","117700","0","0","0","117700","0"
"3086","Ｊ．フロントリテイリ","名証","20230907","日証金","確報","0","0","0","0","0","0","0","0"
"3086","Ｊ．フロントリテイリ","東証","20230907","日証金","確報","10200","1500","55100","9300","600","55100","0","0"
"3087","ドトール・日レスＨＤ","東証","20230907","日証金","確報","1500","500","5100","400","0","2500","2600","600"
"3088","マツキヨココカラ","東証","20230907","日証金","確報","600","600","9400","700","100","6900","2500","-600"
"3089","テクノアルファ","東証","20230907","日証金","確報","200","0","1700","0","0","2000","-300","200"
"3091","ブロンコビリー","名証","20230907","日証金","確報","0","0","0","0","0","0","0","0"
"3091","ブロンコビリー","東証","20230907","日証金","確報","0","0","2700","0","0","0","2700","0"
"3092","ＺＯＺＯ","東証","20230907","日証金","確報","600","1500","6400","500","1700","6100","300","300"
"3093","トレジャーファクトリ","東証","20230907","日証金","確報","8500","0","342700","3000","1400","378500","-35800","6900"
"3094","スーパーバリュー","東証","20230907","日証金","確報","0","0","1900","0","0","0","1900","0"
"3096","オーシャンシステム","東証","20230907","日証金","確報","0","0","1600","0","0","0","1600","0"
"3097","物語コーポレーション","東証","20230907","日証金","確報","400","500","9400","13800","500","55600","-46200","-13400"
"3099","三越伊勢丹ホールディ","東証","20230907","日証金","確報","20700","15700","55300","1800","3800","21400","33900","7000"
"3099","三越伊勢丹ホールディ","福証","20230907","日証金","確報","0","0","0","0","0","0","0","0"
"3101","東洋紡","東証","20230907","日証金","確報","5000","900","92800","2600","2600","11300","81500","4100"
"3103","ユニチカ","東証","20230907","日証金","確報","16700","12400","61900","1600","900","58300","3600","3600"
"3104","富士紡ＨＤ","東証","20230907","日証金","確報","0","100","1800","100","0","1800","0","-200"
"3105","日清紡ＨＤ","東証","20230907","日証金","確報","1600","5300","27700","1400","0","8700","19000","-5100"
"3106","倉敷紡績","東証","20230907","日証金","確報","0","0","2700","0","0","0","2700","0"
"3107","ダイワボウＨＤ","東証","20230907","日証金","確報","0","0","2000","10900","1800","46700","-44700","-9100"
"3109","シキボウ","東証","20230907","日証金","確報","200","0","14400","1000","0","5500","8900","-800"
"3110","日東紡績","東証","20230907","日証金","確報","0","0","1900","5100","8600","186500","-184600","3500"
"3111","オーミケンシ","東証","20230907","日証金","確報","0","800","4000","0","0","0","4000","-800"
"3113","Ｏａｋキャピタル","東証","20230907","日証金","確報","500","0","41600","0","0","0","41600","500"
"3116","トヨタ紡織","名証","20230907","日証金","確報","0","0","0","0","0","0","0","0"
"3116","トヨタ紡織","東証","20230907","日証金","確報","100","200","8700","13600","500","76500","-67800","-13200"
"3121","マーチャントバンカズ","東証","20230907","日証金","確報","0","0","15300","200","0","200","15100","-200"
"3123","サイボー","東証","20230907","日証金","確報","0","0","0","0","0","0","0","0"
"3131","シンデンハイテク","東証","20230907","日証金","確報","0","0","6900","0","0","0","6900","0"
"3132","マクニカＨＤ","東証","20230907","日証金","確報","3500","3500","40000","1100","0","11200","28800","-1100"
"3133","海帆","東証","20230907","日証金","確報","38000","3000","276200","0","0","0","276200","35000"
"3134","Ｈａｍｅｅ","東証","20230907","日証金","確報","1100","100","22800","0","200","1600","21200","1200"
"3135","マーケットエンター","東証","20230907","日証金","確報","200","100","2800","0","0","0","2800","100"
"3136","エコノス","札証","20230907","日証金","確報","0","0","0","0","0","0","0","0"
"3137","ファンデリー","東証","20230907","日証金","確報","0","0","75200","0","0","75200","0","0"
"3138","富士山マガジン","東証","20230907","日証金","確報","0","0","400","0","0","0","400","0"
"3139","ラクト・ジャパン","東証","20230907","日証金","確報","100","0","3500","0","0","800","2700","100"
"3140","ＢＲＵＮＯ","東証","20230907","日証金","確報","0","0","2100","0","0","2100","0","0"
"3141","ウエルシアＨＤ","東証","20230907","日証金","確報","2200","1000","66500","0","0","0","66500","1200"
"3143","オーウイル","東証","20230907","日証金","確報","0","0","1000","0","0","0","1000","0"
"3148","クリエイトＳＤＨＤ","東証","20230907","日証金","確報","0","0","400","200","600","5900","-5500","400"
"3150","グリムス","東証","20230907","日証金","確報","900","1100","8800","300","0","1300","7500","-500"
"3151","バイタルＫＳＫＨＤ","東証","20230907","日証金","確報","500","0","600","0","0","0","600","500"
"3153","八洲電機","東証","20230907","日証金","確報","0","100","1700","0","0","0","1700","-100"
"3154","メディアスＨＤ","東証","20230907","日証金","確報","0","0","4200","0","200","2500","1700","200"
"3156","レスターＨＤ","東証","20230907","日証金","確報","200","500","6500","400","0","600","5900","-700"
"3157","ジューテックＨＤ","東証","20230907","日証金","確報","0","0","500","0","0","0","500","0"
"3159","丸善ＣＨＩＨＤ","東証","20230907","日証金","確報","0","300","9700","500","0","19700","-10000","-800"
"3160","大光","東証","20230907","日証金","確報","5200","4900","56900","0","0","92300","-35400","300"
"3161","アゼアス","東証","20230907","日証金","確報","0","0","4900","0","0","0","4900","0"
"3166","ＯＣＨＩＨＤ","東証","20230907","日証金","確報","0","0","1200","0","0","200","1000","0"
"3166","ＯＣＨＩＨＤ","福証","20230907","日証金","確報","0","0","0","0","0","0","0","0"
"3167","ＴＯＫＡＩ　ＨＤ","東証","20230907","日証金","確報","0","200","2900","500","1100","10500","-7600","400"
"3168","黒谷","東証","20230907","日証金","確報","0","100","4900","600","3200","29300","-24400","2500"
"3169","ミサワ","東証","20230907","日証金","確報","0","0","600","0","0","0","600","0"
"3172","ティーライフ","東証","20230907","日証金","確報","900","1700","10500","200","300","10500","0","-700"
"3173","Ｃｏｍｉｎｉｘ","東証","20230907","日証金","確報","0","0","100","0","0","0","100","0"
"3174","ハピネスアンドディ","東証","20230907","日証金","確報","100","0","100","0","0","0","100","100"
"3175","ＡＰＨＤ","東証","20230907","日証金","確報","0","1300","800","0","0","0","800","-1300"
"3176","三洋貿易","東証","20230907","日証金","確報","0","1000","800","0","0","600","200","-1000"
"3177","ありがとうサービス","東証","20230907","日証金","確報","500","0","1500","0","0","0","1500","500"
"3178","チムニー","東証","20230907","日証金","確報","3100","2100","7200","1800","300","14100","-6900","-500"
"3179","シュッピン","東証","20230907","日証金","確報","1700","200","21000","0","0","0","21000","1500"
"3180","ビューティガレージ","東証","20230907","日証金","確報","7200","3200","13900","100","2800","10500","3400","6700"
"3181","買取王国","東証","20230907","日証金","確報","500","400","11000","0","0","0","11000","100"
"3182","オイラ大地","東証","20230907","日証金","確報","6200","6100","152300","100","0","152300","0","0"
"3183","ウイン・パートナーズ","東証","20230907","日証金","確報","0","0","1000","0","0","100","900","0"
"3184","ＩＣＤＡ　ＨＤ","名証","20230907","日証金","確報","0","0","0","0","0","0","0","0"
"3184","ＩＣＤＡ　ＨＤ","東証","20230907","日証金","確報","0","0","0","0","0","0","0","0"
"3185","夢展望","東証","20230907","日証金","確報","0","0","1400","0","0","0","1400","0"
"3186","ネクステージ","名証","20230907","日証金","確報","0","0","0","0","0","0","0","0"
"3186","ネクステージ","東証","20230907","日証金","確報","16300","2800","26500","185800","202500","570900","-544400","30200"
"3187","サンワカンパニー","東証","20230907","日証金","確報","1100","500","21200","0","200","1200","20000","800"
"3189","ＡＮＡＰ","東証","20230907","日証金","確報","200","200","10600","0","0","10600","0","0"
"3190","ホットマン","東証","20230907","日証金","確報","0","0","2100","0","0","0","2100","0"
"3191","ジョイフル本田","東証","20230907","日証金","確報","0","1500","1400","0","0","2900","-1500","-1500"
"3192","白鳩","東証","20230907","日証金","確報","0","2800","35900","0","0","0","35900","-2800"
"3193","鳥貴族ＨＤ","東証","20230907","日証金","確報","0","300","700","5400","1200","135100","-134400","-4500"
"3195","ジェネレーションパス","東証","20230907","日証金","確報","2400","2400","20800","0","0","20800","0","0"
"3196","ホットランド","東証","20230907","日証金","確報","0","1000","2400","0","1000","2400","0","0"
"3197","すかいらーくＨＤ","東証","20230907","日証金","確報","0","100","21100","2800","1900","190200","-169100","-1000"
"3198","ＳＦＰ","東証","20230907","日証金","確報","0","200","2400","0","0","0","2400","-200"
"3199","綿半ホールディングス","東証","20230907","日証金","確報","400","100","3100","0","0","4000","-900","300"
"3201","日本毛織","東証","20230907","日証金","確報","0","0","2900","7900","400","22500","-19600","-7500"
"3202","ダイトウボウ","名証","20230907","日証金","確報","0","0","0","0","0","0","0","0"
"3202","ダイトウボウ","東証","20230907","日証金","確報","0","300","41500","0","0","0","41500","-300"
"3204","トーア紡コーポ","東証","20230907","日証金","確報","2000","0","8500","0","0","900","7600","2000"
"3205","ダイドーリミテッド","名証","20230907","日証金","確報","0","0","0","0","0","0","0","0"
"3205","ダイドーリミテッド","東証","20230907","日証金","確報","200","700","97500","0","0","0","97500","-500"
"3221","ヨシックスＨＤ","名証","20230907","日証金","確報","0","0","0","0","0","0","0","0"
"3221","ヨシックスＨＤ","東証","20230907","日証金","確報","400","500","13200","1400","1500","13200","0","0"
"3222","Ｕ．Ｓ．Ｍ．Ｈ","東証","20230907","日証金","確報","0","300","5100","500","200","28500","-23400","-600"
"3223","エスエルディー","東証","20230907","日証金","確報","0","0","7900","0","0","0","7900","0"
"3224","ゼネラル・オイスター","東証","20230907","日証金","確報","0","0","1700","0","0","0","1700","0"
"3226","日本アコモデーション","東証","20230907","日証金","確報","1","3","53","0","2","73","-20","0"
"3228","三栄建築設計","東証","20230907","日証金","確報","2100","1800","5000","1300","0","8200","-3200","-1000"
"3231","野村不動産ＨＤ","東証","20230907","日証金","確報","4200","100","20400","9500","1700","37200","-16800","-3700"
"3232","三重交通グループＨＤ","名証","20230907","日証金","確報","0","0","0","0","0","0","0","0"
"3232","三重交通グループＨＤ","東証","20230907","日証金","確報","200","0","8200","2000","1700","12300","-4100","-100"
"3234","森ヒルズリート投法人","東証","20230907","日証金","確報","0","0","46","0","3","3","43","3"
"3236","プロパスト","東証","20230907","日証金","確報","0","0","68600","0","0","0","68600","0"
"3237","イントランス","東証","20230907","日証金","確報","0","300","129300","0","0","0","129300","-300"
"3238","セントラル総合開発","東証","20230907","日証金","確報","1200","0","10800","0","0","0","10800","1200"
"3241","ウィル","東証","20230907","日証金","確報","0","0","2700","0","0","0","2700","0"
"3242","アーバネット","東証","20230907","日証金","確報","0","200","36500","0","3400","18500","18000","3200"
"3244","サムティ","東証","20230907","日証金","確報","0","100","1000","100","0","100","900","-200"
"3245","ディア・ライフ","東証","20230907","日証金","確報","2200","600","19600","400","0","7500","12100","1200"
"3246","コーセーアールイー","東証","20230907","日証金","確報","0","100","7400","0","0","0","7400","-100"
"3246","コーセーアールイー","福証","20230907","日証金","確報","0","0","0","0","0","0","0","0"
"3248","アールエイジ","東証","20230907","日証金","確報","0","0","4900","0","0","0","4900","0"
"3249","産業ファンド投資法人","東証","20230907","日証金","確報","0","10","86","0","0","10","76","-10"
"3252","地主","名証","20230907","日証金","確報","0","0","0","0","0","0","0","0"
"3252","地主","東証","20230907","日証金","確報","300","0","2500","200","0","200","2300","100"
"3254","プレサンスコーポ","東証","20230907","日証金","確報","1500","2800","1900","0","1300","1900","0","0"
"3260","エスポア","名証","20230907","日証金","確報","0","300","300","0","0","0","300","-300"
"3261","グランディーズ","東証","20230907","日証金","確報","0","0","0","0","0","0","0","0"
"3261","グランディーズ","福証","20230907","日証金","確報","0","0","0","0","0","0","0","0"
"3264","アスコット","東証","20230907","日証金","確報","0","4400","143300","0","0","0","143300","-4400"
"3266","ファンドクリエＧ","東証","20230907","日証金","確報","0","900","44200","0","0","0","44200","-900"
"3267","フィル・カンパニー","東証","20230907","日証金","確報","0","0","1600","0","0","0","1600","0"
"3269","アドバンスレジデンス","東証","20230907","日証金","確報","0","0","47","0","1","8","39","1"
"3271","ＴＨＥグローバル社","東証","20230907","日証金","確報","3000","8000","208500","400","0","118100","90400","-5400"
"3275","ハウスコム","東証","20230907","日証金","確報","100","0","200","0","0","0","200","100"
"3276","ＪＰＭＣ","東証","20230907","日証金","確報","0","100","2600","100","0","1000","1600","-200"
"3277","サンセイランディック","東証","20230907","日証金","確報","600","0","54500","100","0","600","53900","500"
"3278","Ｒ－ＫＤＲ","東証","20230907","日証金","確報","2","0","4","0","1","1","3","3"
"3279","アクティビア・プロパ","東証","20230907","日証金","確報","0","0","10","0","1","2","8","1"
"3280","エストラスト","東証","20230907","日証金","確報","100","0","500","100","0","500","0","0"
"3280","エストラスト","福証","20230907","日証金","確報","0","0","0","0","0","0","0","0"
"3281","ＧＬＰ投法人投資証券","東証","20230907","日証金","確報","0","70","149","0","0","124","25","-70"
"3282","コンフォリアレジデン","東証","20230907","日証金","確報","0","2","10","7","4","141","-131","-5"
"3283","日本プロロジスリート","東証","20230907","日証金","確報","19","0","20","0","55","72","-52","74"
"3284","フージャースＨＤ","東証","20230907","日証金","確報","0","700","19200","700","0","3500","15700","-1400"
"3286","トラストホールディン","東証","20230907","日証金","確報","100","3000","3300","0","0","0","3300","-2900"
"3286","トラストホールディン","福証","20230907","日証金","確報","0","0","0","0","0","0","0","0"
"3287","星野リゾート・リート","東証","20230907","日証金","確報","0","1","66","0","0","1","65","-1"
"3288","オープンハウスＧ","東証","20230907","日証金","確報","200","800","23300","900","1500","23300","0","0"
"3289","東急不動産ＨＤ","東証","20230907","日証金","確報","7800","4700","55300","3600","6700","29600","25700","6200"
"3290","Ｒ－Ｏｎｅリート","東証","20230907","日証金","確報","1","0","67","0","0","93","-26","1"
"3291","飯田グループＨＤ","東証","20230907","日証金","確報","400","1600","4900","2400","30900","12600","-7700","27300"
"3292","イオンリート投資法人","東証","20230907","日証金","確報","0","0","14","0","0","6","8","0"
"3293","アズマハウス","東証","20230907","日証金","確報","0","0","800","0","0","0","800","0"
"3294","イーグランド","東証","20230907","日証金","確報","0","0","2900","1200","0","2700","200","-1200"
"3295","ヒューリックリート","東証","20230907","日証金","確報","0","16","139","3","2","449","-310","-17"
"3296","日本リート投資法人","東証","20230907","日証金","確報","5","1","25","1","0","21","4","3"
"3297","東武住販","東証","20230907","日証金","確報","0","0","800","0","0","0","800","0"
"3297","東武住販","福証","20230907","日証金","確報","0","0","0","0","0","0","0","0"
"3299","ムゲンエステート","東証","20230907","日証金","確報","6100","300","21300","5400","1900","19000","2300","2300"
"3300","アンビションＤＸ","東証","20230907","日証金","確報","0","500","6900","0","0","0","6900","-500"
"3302","帝国繊維","東証","20230907","日証金","確報","0","600","3300","100","700","3300","0","0"
"3306","日本製麻","東証","20230907","日証金","確報","400","0","8800","0","0","0","8800","400"
"3309","積水ハウスリート","東証","20230907","日証金","確報","0","5","111","19","71","284","-173","47"
"3315","日本コークス工業","東証","20230907","日証金","確報","20200","5400","256500","0","0","0","256500","14800"
"3316","東京日産コンピュータ","東証","20230907","日証金","確報","0","0","300","0","0","0","300","0"
"3317","フライングガーデン","東証","20230907","日証金","確報","0","0","100","0","0","0","100","0"
"3319","ゴルフダイジェスト","東証","20230907","日証金","確報","300","0","52200","0","0","0","52200","300"
"3320","クロスプラス","名証","20230907","日証金","確報","0","0","0","0","0","0","0","0"
"3320","クロスプラス","東証","20230907","日証金","確報","1000","100","6700","0","0","1100","5600","900"
"3321","ミタチ産業","名証","20230907","日証金","確報","0","0","0","0","0","0","0","0"
"3321","ミタチ産業","東証","20230907","日証金","確報","200","100","14900","0","0","0","14900","100"
"3322","アルファグループ","東証","20230907","日証金","確報","0","0","1200","0","0","0","1200","0"
"3323","レカム","東証","20230907","日証金","確報","100","0","296400","0","0","0","296400","100"
"3326","ランシステム","東証","20230907","日証金","確報","4600","3400","5300","0","0","0","5300","1200"
"3328","ＢＥＥＮＯＳ","東証","20230907","日証金","確報","1300","1200","105100","0","0","0","105100","100"
"3329","東和フードサービス","東証","20230907","日証金","確報","300","200","1500","0","0","900","600","100"
"3333","あさひ","東証","20230907","日証金","確報","400","0","4200","0","0","0","4200","400"
"3341","日本調剤","東証","20230907","日証金","確報","2000","400","5300","0","0","3700","1600","1600"
"3347","トラスト","東証","20230907","日証金","確報","0","3000","7000","0","100","0","7000","-2900"
"3349","コスモス薬品","東証","20230907","日証金","確報","200","0","16200","2800","200","17900","-1700","-2400"
"3350","メタプラネット","東証","20230907","日証金","確報","0","0","18500","0","0","0","18500","0"
"3352","バッファロー","東証","20230907","日証金","確報","0","0","400","0","0","0","400","0"
"3353","メディ一光Ｇ","東証","20230907","日証金","確報","0","0","200","0","0","0","200","0"
"3355","クリヤマＨＤ","東証","20230907","日証金","確報","500","0","33300","0","0","0","33300","500"
"3358","ワイエスフード","東証","20230907","日証金","確報","1300","100","26400","0","0","0","26400","1200"
"3359","ｃｏｔｔａ","東証","20230907","日証金","確報","1000","700","17100","0","1200","6800","10300","1500"
"3359","ｃｏｔｔａ","福証","20230907","日証金","確報","0","0","0","0","0","0","0","0"
"3360","シップヘルスケアＨＤ","東証","20230907","日証金","確報","200","100","3000","100","100","100","2900","100"
"3361","トーエル","東証","20230907","日証金","確報","0","0","4600","0","0","0","4600","0"
"3370","フジタコーポ","東証","20230907","日証金","確報","500","0","9800","0","0","0","9800","500"
"3371","ソフトクリエイトＨＤ","東証","20230907","日証金","確報","0","100","1800","0","0","200","1600","-100"
"3372","関門海","東証","20230907","日証金","確報","0","0","4600","0","0","0","4600","0"
"3374","内外テック","東証","20230907","日証金","確報","0","0","2200","0","0","0","2200","0"
"3375","ＺＯＡ","東証","20230907","日証金","確報","0","0","500","0","0","0","500","0"
"3377","バイク王＆カンパニー","東証","20230907","日証金","確報","0","0","100000","0","0","100000","0","0"
"3382","セブン＆アイＨＤ","東証","20230907","日証金","確報","0","5200","36400","900","100","3400","33000","-6000"
"3384","アークコア","名証","20230907","日証金","確報","100","500","6500","0","0","0","6500","-400"
"3386","コスモ・バイオ","東証","20230907","日証金","確報","0","0","2500","0","0","0","2500","0"
"3387","クリエイトレストラン","東証","20230907","日証金","確報","0","800","20000","17600","5200","267900","-247900","-13200"
"3388","明治電機工業","東証","20230907","日証金","確報","5900","0","11400","2200","7400","25400","-14000","11100"
"3391","ツルハＨＤ","東証","20230907","日証金","確報","0","1600","4500","1100","0","7200","-2700","-2700"
"3392","デリカフーズＨＤ","東証","20230907","日証金","確報","600","100","3700","0","0","0","3700","500"
"3393","スターティアＨＤ","東証","20230907","日証金","確報","500","2200","28300","1000","2700","28300","0","0"
"3395","サンマルクＨＤ","東証","20230907","日証金","確報","0","800","4300","200","200","6200","-1900","-800"
"3396","フェリシモ","東証","20230907","日証金","確報","100","0","1100","0","0","0","1100","100"
"3397","トリドールＨＤ","東証","20230907","日証金","確報","700","0","8300","600","9100","95100","-86800","9200"
"3399","丸千代山岡家","東証","20230907","日証金","確報","200","200","4700","0","0","0","4700","0"
"3401","帝人","東証","20230907","日証金","確報","0","600","14000","3600","0","29200","-15200","-4200"
"3402","東レ","東証","20230907","日証金","確報","4000","0","69400","54800","5500","130500","-61100","-45300"
"3405","クラレ","東証","20230907","日証金","確報","11700","2000","30800","13700","300","34500","-3700","-3700"
"3407","旭化成","東証","20230907","日証金","確報","0","3000","62700","0","47300","0","62700","44300"
"3409","北日本紡績","東証","20230907","日証金","確報","0","0","2122100","0","0","0","2122100","0"
"3415","ＴＯＫＹＯ　ＢＡＳＥ","東証","20230907","日証金","確報","6900","0","174600","0","0","4000","170600","6900"
"3416","ピクスタ","東証","20230907","日証金","確報","0","0","3300","0","0","0","3300","0"
"3417","大木ヘルスケア","東証","20230907","日証金","確報","100","0","33500","0","0","0","33500","100"
"3418","バルニバービ","東証","20230907","日証金","確報","0","200","2400","0","0","0","2400","-200"
"3420","ケー・エフ・シー","東証","20230907","日証金","確報","0","0","0","0","0","0","0","0"
"3421","稲葉製作所","東証","20230907","日証金","確報","0","0","1700","0","0","0","1700","0"
"3422","Ｊ－ＭＡＸ","名証","20230907","日証金","確報","0","0","0","0","0","0","0","0"
"3422","Ｊ－ＭＡＸ","東証","20230907","日証金","確報","0","0","4200","0","0","0","4200","0"
"3423","エスイー","東証","20230907","日証金","確報","0","0","5200","0","0","0","5200","0"
"3426","アトムリビンテック","東証","20230907","日証金","確報","300","0","300","0","0","0","300","300"
"3431","宮地エンジニアリング","東証","20230907","日証金","確報","1000","0","9600","300","500","2000","7600","1200"
"3433","トーカロ","東証","20230907","日証金","確報","1000","100","5400","0","600","1300","4100","1500"
"3434","アルファＣｏ","東証","20230907","日証金","確報","200","0","14100","0","0","0","14100","200"
"3435","サンコーテクノ","東証","20230907","日証金","確報","0","0","700","0","0","0","700","0"
"3436","ＳＵＭＣＯ","東証","20230907","日証金","確報","3800","300","112400","0","20500","2100","110300","24000"
"3437","特殊電極","東証","20230907","日証金","確報","0","0","0","0","0","0","0","0"
"3439","三ツ知","名証","20230907","日証金","確報","0","0","0","0","0","0","0","0"
"3439","三ツ知","東証","20230907","日証金","確報","200","0","300","0","0","0","300","200"
"3440","日創プロニティ","東証","20230907","日証金","確報","100","0","3900","0","0","0","3900","100"
"3440","日創プロニティ","福証","20230907","日証金","確報","0","0","0","0","0","0","0","0"
"3441","山王","東証","20230907","日証金","確報","0","0","15800","0","0","0","15800","0"
"3442","ＭＩＥコーポ","名証","20230907","日証金","確報","100","0","300","0","0","0","300","100"
"3443","川田テクノロジーズ","東証","20230907","日証金","確報","100","200","500","800","700","10900","-10400","-200"
"3444","菊池製作所","東証","20230907","日証金","確報","300","0","7200","0","0","0","7200","300"
"3445","ＲＳＴＥＣＨ","東証","20230907","日証金","確報","0","200","6100","0","0","900","5200","-200"
"3446","ＪＴＥＣＣＯＲＰ","東証","20230907","日証金","確報","1400","1400","100000","0","0","100000","0","0"
"3447","信和","名証","20230907","日証金","確報","0","0","0","0","0","0","0","0"
"3447","信和","東証","20230907","日証金","確報","0","0","32000","0","0","0","32000","0"
"3449","テクノフレックス","東証","20230907","日証金","確報","0","0","6000","0","0","0","6000","0"
"3451","Ｒ－トーセイ・リート","東証","20230907","日証金","確報","1","0","7","0","0","0","7","1"
"3452","ビーロット","東証","20230907","日証金","確報","0","800","30700","0","0","0","30700","-800"
"3453","ＫＤＸ商業リート","東証","20230907","日証金","確報","0","0","17","0","0","15","2","0"
"3454","ファーストブラザーズ","東証","20230907","日証金","確報","100","400","2100","0","1200","1200","900","900"
"3455","ＨＣＭ","東証","20230907","日証金","確報","1","0","42","1","0","42","0","0"
"3457","Ａｎｄ　Ｄｏ　ＨＬＤ","東証","20230907","日証金","確報","0","400","5600","0","0","100","5500","-400"
"3458","シーアールイー","東証","20230907","日証金","確報","0","0","2100","0","0","0","2100","0"
"3459","サムティレジ","東証","20230907","日証金","確報","0","0","55","0","0","0","55","0"
"3461","パルマ","東証","20230907","日証金","確報","0","100","7200","0","0","0","7200","-100"
"3462","野村不動産マスターＦ","東証","20230907","日証金","確報","2","0","12","13","6","694","-682","-5"
"3463","いちごホテルリート","東証","20230907","日証金","確報","8","0","17","0","0","0","17","8"
"3464","プロパティＡ","東証","20230907","日証金","確報","6500","400","16500","0","0","0","16500","6100"
"3465","ケイアイスター不動産","東証","20230907","日証金","確報","2400","800","10000","1600","0","10000","0","0"
"3466","ラサールロジ投資法人","東証","20230907","日証金","確報","2","2","203","0","0","203","0","0"
"3467","アグレ都市デザイン","東証","20230907","日証金","確報","0","100","600","0","0","0","600","-100"
"3468","スターアジア投資法人","東証","20230907","日証金","確報","377","11","921","0","721","2623","-1702","1087"
"3469","デュアルタップ","東証","20230907","日証金","確報","0","0","10500","0","0","0","10500","0"
"3470","マリモ地方創生リート","東証","20230907","日証金","確報","0","0","34","0","0","0","34","0"
"3471","三井不ロジパーク","東証","20230907","日証金","確報","2","8","7","9","10","179","-172","-5"
"3472","大江戸温泉リート","東証","20230907","日証金","確報","2","0","3118","0","0","0","3118","2"
"3474","Ｇ－ＦＡＣＴＯＲＹ","東証","20230907","日証金","確報","0","0","2700","0","0","0","2700","0"
"3475","グッドコムアセット","東証","20230907","日証金","確報","5500","900","18000","800","0","4600","13400","3800"
"3476","投資法人みらい","東証","20230907","日証金","確報","12","64","20","0","3","20","0","-49"
"3477","フォーライフ","東証","20230907","日証金","確報","0","0","800","0","0","0","800","0"
"3479","ティーケーピー","東証","20230907","日証金","確報","100","200","17300","800","100","1300","16000","-800"
"3480","ジェイ・エス・ビー","東証","20230907","日証金","確報","700","0","2400","200","0","12400","-10000","500"
"3481","Ｒ－三菱地所物流","東証","20230907","日証金","確報","6","0","18","0","1","6","12","7"
"3482","ロードスター","東証","20230907","日証金","確報","2400","1300","12100","300","200","3500","8600","1000"
"3484","テンポイノベーション","東証","20230907","日証金","確報","100","100","5700","100","100","5700","0","0"
"3486","グローバルリンクＭ","東証","20230907","日証金","確報","500","0","20400","100","100","1700","18700","500"
"3487","Ｒ－ＣＲＥロジ","東証","20230907","日証金","確報","0","22","33","0","0","0","33","-22"
"3488","Ｒ－ザイマックス","東証","20230907","日証金","確報","0","0","9","0","0","0","9","0"
"3489","フェイスネットワーク","東証","20230907","日証金","確報","1400","200","19000","0","0","100","18900","1200"
"3490","アズ企画設計","東証","20230907","日証金","確報","0","0","2000","0","0","0","2000","0"
"3491","ＧＡ　ＴＥＣＨ","東証","20230907","日証金","確報","0","1200","42100","0","0","0","42100","-1200"
"3492","Ｒ－タカラリート","東証","20230907","日証金","確報","2","3","1352","8","2","571","781","-7"
"3493","Ｒ－ＡＤＬ","東証","20230907","日証金","確報","0","0","21","0","0","0","21","0"
"3494","マリオン","東証","20230907","日証金","確報","0","0","0","0","0","0","0","0"
"3495","香陵住販","東証","20230907","日証金","確報","0","0","0","0","0","0","0","0"
"3496","アズーム","東証","20230907","日証金","確報","600","100","5400","0","0","0","5400","500"
"3497","ＬｅＴｅｃｈ","東証","20230907","日証金","確報","0","0","16000","0","0","0","16000","0"
"3498","霞ヶ関キャピタル","東証","20230907","日証金","確報","1700","0","14400","0","0","0","14400","1700"
"3501","住江織物","東証","20230907","日証金","確報","100","0","3600","0","0","100","3500","100"
"3504","丸八ホールディングス","名証","20230907","日証金","確報","0","0","4500","0","0","0","4500","0"
"3512","日本フエルト","東証","20230907","日証金","確報","0","0","800","0","0","0","800","0"
"3513","イチカワ","東証","20230907","日証金","確報","0","0","1000","0","0","0","1000","0"
"3521","エコナックＨＤ","東証","20230907","日証金","確報","0","1500","300300","0","0","0","300300","-1500"
"3524","日東製網","名証","20230907","日証金","確報","0","0","0","0","0","0","0","0"
"3524","日東製網","東証","20230907","日証金","確報","100","0","2500","0","0","0","2500","100"
"3526","芦森工業","東証","20230907","日証金","確報","0","0","4200","200","300","6800","-2600","100"
"3529","アツギ","東証","20230907","日証金","確報","0","100","6600","0","0","4700","1900","-100"
"3536","アクサスＨＤ","東証","20230907","日証金","確報","0","0","7400","0","0","0","7400","0"
"3537","昭栄薬品","東証","20230907","日証金","確報","0","0","1600","0","0","0","1600","0"
"3538","ウイルプラスＨＤ","東証","20230907","日証金","確報","0","0","44400","200","8700","1900","42500","8500"
"3539","ＪＭホールディングス","東証","20230907","日証金","確報","0","100","3100","100","0","100","3000","-200"
"3540","歯愛メディカル","東証","20230907","日証金","確報","0","0","2700","0","0","0","2700","0"
"3541","農業総合研究所","東証","20230907","日証金","確報","1300","0","30500","1300","0","12700","17800","0"
"3542","ベガコーポレーション","東証","20230907","日証金","確報","300","400","14600","0","200","17300","-2700","100"
"3543","コメダＨＤ","名証","20230907","日証金","確報","0","0","0","0","0","0","0","0"
"3543","コメダＨＤ","東証","20230907","日証金","確報","1800","900","12800","1800","900","12800","0","0"
"3544","サツドラＨＤ","札証","20230907","日証金","確報","0","0","0","0","0","0","0","0"
"3544","サツドラＨＤ","東証","20230907","日証金","確報","300","200","6700","0","0","4000","2700","100"
"3546","アレンザＨＤ","東証","20230907","日証金","確報","0","0","4300","100","0","600","3700","-100"
"3547","串カツ田中","東証","20230907","日証金","確報","9100","7200","28700","600","0","28700","0","1300"
"3548","バロック","東証","20230907","日証金","確報","0","100","7100","0","0","200","6900","-100"
"3549","クスリのアオキＨＤ","東証","20230907","日証金","確報","0","0","100","900","700","30900","-30800","-200"
"3550","スタジオアタオ","東証","20230907","日証金","確報","0","0","3000","0","0","0","3000","0"
"3551","ダイニック","東証","20230907","日証金","確報","0","0","5200","0","0","0","5200","0"
"3553","共和レザー","東証","20230907","日証金","確報","0","0","11800","0","0","1300","10500","0"
"3556","リネットジャパングル","名証","20230907","日証金","確報","0","0","0","0","0","0","0","0"
"3556","リネットジャパングル","東証","20230907","日証金","確報","0","200","6200","0","0","0","6200","-200"
"3557","Ｕ＆Ｃ","東証","20230907","日証金","確報","0","0","0","0","0","0","0","0"
"3558","ジェイドグループ","東証","20230907","日証金","確報","1000","100","58600","0","0","0","58600","900"
"3559","ピーバンドットコム","東証","20230907","日証金","確報","0","0","3000","0","0","700","2300","0"
"3560","ほぼ日","東証","20230907","日証金","確報","0","0","300","0","0","0","300","0"
"3561","力の源ＨＤ","東証","20230907","日証金","確報","117100","45600","158700","23300","77500","129300","29400","125700"
"3562","Ｎｏ．１","東証","20230907","日証金","確報","0","0","2200","0","0","0","2200","0"
"3563","Ｆ＆ＬＣ","東証","20230907","日証金","確報","1900","800","75700","2000","0","8500","67200","-900"
"3565","アセンテック","東証","20230907","日証金","確報","500","0","14100","0","100","300","13800","600"
"3566","ユニフォームネクスト","東証","20230907","日証金","確報","200","0","6200","0","0","0","6200","200"
"3569","セーレン","東証","20230907","日証金","確報","100","100","1700","0","200","100","1600","200"
"3571","ソトー","名証","20230907","日証金","確報","0","0","0","0","0","0","0","0"
"3571","ソトー","東証","20230907","日証金","確報","0","0","1000","0","0","1000","0","0"
"3577","東海染工","名証","20230907","日証金","確報","0","0","0","0","0","0","0","0"
"3577","東海染工","東証","20230907","日証金","確報","100","0","4300","0","0","0","4300","100"
"3580","小松マテーレ","東証","20230907","日証金","確報","100","0","1900","0","0","0","1900","100"
"3583","オーベクス","東証","20230907","日証金","確報","0","0","1400","0","0","0","1400","0"
"3591","ワコールＨＤ","東証","20230907","日証金","確報","100","700","600","1000","500","13200","-12600","-1100"
"3593","ホギメディカル","東証","20230907","日証金","確報","0","500","600","0","700","400","200","200"
"3597","自重堂","東証","20230907","日証金","確報","0","0","800","0","0","0","800","0"
"3598","山喜","東証","20230907","日証金","確報","0","0","29900","0","0","0","29900","0"
"3600","フジックス","東証","20230907","日証金","確報","0","0","100","0","0","0","100","0"
"3604","川本産業","東証","20230907","日証金","確報","100","3000","1900","0","0","0","1900","-2900"
"3607","クラウディアＨＤ","東証","20230907","日証金","確報","3700","0","58000","0","0","0","58000","3700"
"3608","ＴＳＩＨＤ","東証","20230907","日証金","確報","0","4400","12300","200","0","200","12100","-4600"
"3611","マツオカ","東証","20230907","日証金","確報","500","0","2700","0","0","600","2100","500"
"3612","ワールド","東証","20230907","日証金","確報","0","500","2600","0","100","1200","1400","-400"
"3622","ネットイヤーグループ","東証","20230907","日証金","確報","0","0","1100","0","0","0","1100","0"
"3623","ビリングシステム","東証","20230907","日証金","確報","0","0","8400","0","0","0","8400","0"
"3624","アクセルマーク","東証","20230907","日証金","確報","30100","3300","109000","0","0","0","109000","26800"
"3625","テックファームＨＤ","東証","20230907","日証金","確報","0","0","7100","0","0","0","7100","0"
"3626","ＴＩＳ","東証","20230907","日証金","確報","100","100","7000","0","100","6000","1000","100"
"3627","ＪＮＳ","東証","20230907","日証金","確報","1200","2100","101600","0","0","0","101600","-900"
"3628","データホライゾン","東証","20230907","日証金","確報","0","0","10800","0","0","0","10800","0"
"3632","グリー","東証","20230907","日証金","確報","0","3500","25500","700","1200","7700","17800","-3000"
"3633","ＧＭＯペパボ","東証","20230907","日証金","確報","100","100","10400","0","0","0","10400","0"
"3634","ソケッツ","東証","20230907","日証金","確報","0","0","200","0","0","0","200","0"
"3635","コーエーテクモＨＤ","東証","20230907","日証金","確報","300","19900","34000","6200","25800","34000","0","0"
"3636","三菱総合研究所","東証","20230907","日証金","確報","200","0","1000","0","0","300","700","200"
"3639","ボルテージ","東証","20230907","日証金","確報","400","0","19600","0","100","3400","16200","500"
"3640","電算","東証","20230907","日証金","確報","0","0","1600","0","0","0","1600","0"
"3641","パピレス","東証","20230907","日証金","確報","0","400","5000","0","0","0","5000","-400"
"3645","メディカルネット","東証","20230907","日証金","確報","900","1500","13200","0","0","0","13200","-600"
"3646","駅探","東証","20230907","日証金","確報","0","0","13000","0","0","0","13000","0"
"3647","ジースリーＨＤ","東証","20230907","日証金","確報","0","0","14100","0","0","0","14100","0"
"3648","ＡＧＳ","東証","20230907","日証金","確報","0","100","700","100","100","300","400","-100"
"3649","ファインデックス","東証","20230907","日証金","確報","1900","2200","3000","700","1200","2800","200","200"
"3652","ディジタルメデプロ","東証","20230907","日証金","確報","400","0","12900","0","0","0","12900","400"
"3653","モルフォ","東証","20230907","日証金","確報","0","0","9200","500","0","6000","3200","-500"
"3655","ブレインパッド","東証","20230907","日証金","確報","0","2900","46700","0","6700","32900","13800","3800"
"3656","ＫＬａｂ","東証","20230907","日証金","確報","3600","0","154600","20800","4900","65400","89200","-12300"
"3657","ポールＨＤ","東証","20230907","日証金","確報","0","300","7500","0","0","0","7500","-300"
"3659","ネクソン","東証","20230907","日証金","確報","400","0","6100","1300","0","7000","-900","-900"
"3660","アイスタイル","東証","20230907","日証金","確報","38500","10300","847600","0","2000","178600","669000","30200"
"3661","エムアップＨＤ","東証","20230907","日証金","確報","16300","39600","30600","200","28200","25900","4700","4700"
"3662","エイチーム","東証","20230907","日証金","確報","0","14000","21600","0","0","35600","-14000","-14000"
"3663","セルシス","東証","20230907","日証金","確報","0","900","17000","0","0","0","17000","-900"
"3664","モブキャストＨＤ","東証","20230907","日証金","確報","21400","5700","589800","0","26600","420300","169500","42300"
"3665","エニグモ","東証","20230907","日証金","確報","200","200","77900","1300","0","13800","64100","-1300"
"3666","テクノスジャパン","東証","20230907","日証金","確報","0","3500","25500","0","0","0","25500","-3500"
"3667","ｅｎｉｓｈ","東証","20230907","日証金","確報","2400","2100","106000","400","100","106000","0","0"
"3668","コロプラ","東証","20230907","日証金","確報","5900","2900","16600","600","2200","16600","0","4600"
"3670","協立情報通信","東証","20230907","日証金","確報","0","0","200","0","0","0","200","0"
"3671","ソフトマックス","東証","20230907","日証金","確報","0","0","3400","0","0","0","3400","0"
"3672","オルトプラス","東証","20230907","日証金","確報","400","0","19700","0","0","0","19700","400"
"3673","ブロードリーフ","東証","20230907","日証金","確報","12100","0","16700","800","13200","46000","-29300","24500"
"3674","オークファン","東証","20230907","日証金","確報","1000","1700","21700","0","0","0","21700","-700"
"3675","クロス・マーケティン","東証","20230907","日証金","確報","500","100","8100","0","200","1800","6300","600"
"3676","デジハＨＤ","東証","20230907","日証金","確報","3700","1000","30000","0","0","0","30000","2700"
"3677","システム情報","東証","20230907","日証金","確報","100","1000","3100","200","400","1600","1500","-700"
"3678","メディアドゥ","東証","20230907","日証金","確報","500","0","4400","100","0","400","4000","400"
"3679","じげん","東証","20230907","日証金","確報","10800","10500","131400","300","0","131400","0","0"
"3680","ホットリンク","東証","20230907","日証金","確報","5600","1300","10700","0","800","3900","6800","5100"
"3681","ブイキューブ","東証","20230907","日証金","確報","3200","100000","515700","400","200000","515700","0","102800"
"3682","エンカレッジ・テクノ","東証","20230907","日証金","確報","200","0","1800","0","0","800","1000","200"
"3683","サイバーリンクス","東証","20230907","日証金","確報","500","1500","2300","3100","0","3100","-800","-4100"
"3686","ディー・エル・イー","東証","20230907","日証金","確報","38000","4500","575500","0","0","602100","-26600","33500"
"3687","フィックスターズ","東証","20230907","日証金","確報","2300","100","33400","0","0","0","33400","2200"
"3688","ＣＡＲＴＡ　ＨＤ","東証","20230907","日証金","確報","200","100","21900","100","0","21900","0","0"
"3690","イルグルム","東証","20230907","日証金","確報","0","0","34300","0","0","34300","0","0"
"3691","デジタルプラス","東証","20230907","日証金","確報","0","200","8400","0","0","0","8400","-200"
"3692","ＦＦＲＩセキュ","東証","20230907","日証金","確報","100","900","36600","3500","0","54300","-17700","-4300"
"3694","オプティム","東証","20230907","日証金","確報","2000","0","20100","500","0","12000","8100","1500"
"3695","ＧＭＯリサーチ","東証","20230907","日証金","確報","0","200","2200","0","0","0","2200","-200"
"3696","セレス","東証","20230907","日証金","確報","1100","300","28600","0","0","2400","26200","800"
"3697","ＳＨＩＦＴ","東証","20230907","日証金","確報","27800","700","65800","0","3000","70700","-4900","30100"
"3698","ＣＲＩ・ミドルウェア","東証","20230907","日証金","確報","0","0","25700","0","0","0","25700","0"
"3708","特種東海製紙","東証","20230907","日証金","確報","0","100","600","0","100","600","0","0"
"3710","ジョルダン","東証","20230907","日証金","確報","0","0","500","0","0","0","500","0"
"3712","情報企画","東証","20230907","日証金","確報","0","0","400","0","100","200","200","100"
"3719","ジェクシード","東証","20230907","日証金","確報","0","900","89200","0","0","0","89200","-900"
"3723","日本ファルコム","東証","20230907","日証金","確報","0","0","100","0","0","0","100","0"
"3726","フォーシーズＨＤ","東証","20230907","日証金","確報","0","200","4600","0","0","0","4600","-200"
"3727","アプリックス","東証","20230907","日証金","確報","5400","0","23000","0","0","0","23000","5400"
"3733","ソフトウェアサビス","東証","20230907","日証金","確報","0","0","1800","0","0","0","1800","0"
"3738","ティーガイア","東証","20230907","日証金","確報","200","0","2600","100","0","1600","1000","100"
"3739","コムシード","名証","20230907","日証金","確報","0","300","163800","0","0","0","163800","-300"
"3741","セック","東証","20230907","日証金","確報","0","0","1500","100","0","200","1300","-100"
"3744","サイオス","東証","20230907","日証金","確報","100","0","33000","0","0","41600","-8600","100"
"3747","インタートレード","東証","20230907","日証金","確報","16000","2100","93700","0","2300","16200","77500","16200"
"3750","サイトリ細胞研究所","東証","20230907","日証金","確報","0","0","385400","0","0","0","385400","0"
"3753","フライトＨＤ","東証","20230907","日証金","確報","0","0","5100","0","0","0","5100","0"
"3758","アエリア","東証","20230907","日証金","確報","0","0","21000","0","0","0","21000","0"
"3760","ケイブ","東証","20230907","日証金","確報","100","600","37100","0","0","0","37100","-500"
"3762","テクマトリックス","東証","20230907","日証金","確報","0","500","4900","800","0","2300","2600","-1300"
"3763","プロシップ","東証","20230907","日証金","確報","0","0","2000","0","0","0","2000","0"
"3765","ガンホー・オンライン","東証","20230907","日証金","確報","600","0","6200","0","0","0","6200","600"
"3766","システムズ・デザイン","東証","20230907","日証金","確報","100","0","1800","0","0","0","1800","100"
"3768","リスクモンスター","東証","20230907","日証金","確報","0","0","2900","0","0","1500","1400","0"
"3769","ＧＭＯペイメント","東証","20230907","日証金","確報","2800","0","24300","0","0","400","23900","2800"
"3770","ザッパラス","東証","20230907","日証金","確報","0","0","3400","0","0","0","3400","0"
"3771","システムリサーチ","東証","20230907","日証金","確報","0","0","1200","0","0","0","1200","0"
"3772","ウェルスマネジメント","東証","20230907","日証金","確報","0","600","9200","0","0","0","9200","-600"
"3773","アドバンストメディア","東証","20230907","日証金","確報","0","900","20900","0","0","0","20900","-900"
"3774","インターネットイニシ","東証","20230907","日証金","確報","400","0","21700","300","0","500","21200","100"
"3775","ガイアックス","名証","20230907","日証金","確報","0","100","23600","0","0","0","23600","-100"
"3776","ブロードバンドタワー","東証","20230907","日証金","確報","0","500","364400","0","0","0","364400","-500"
"3777","ＦＨＴＨＤ","東証","20230907","日証金","確報","40000","0","115900","0","0","0","115900","40000"
"3778","さくらインターネット","東証","20230907","日証金","確報","101600","68100","720900","14900","1100","720900","0","19700"
"3779","Ｊ・エスコムＨＤ","東証","20230907","日証金","確報","1500","15700","118700","0","0","0","118700","-14200"
"3784","ヴィンクス","東証","20230907","日証金","確報","0","0","1100","0","0","0","1100","0"
"3787","テクノマセマティカル","東証","20230907","日証金","確報","0","0","1400","0","0","0","1400","0"
"3788","ＧＭＯＧＳＨＤ","東証","20230907","日証金","確報","1000","300","33000","0","1200","8000","25000","1900"
"3791","ＩＧポート","東証","20230907","日証金","確報","1500","2100","2400","1400","300","4300","-1900","-1700"
"3793","ドリコム","東証","20230907","日証金","確報","88800","0","388800","200000","0","500000","-111200","-111200"
"3796","いい生活","東証","20230907","日証金","確報","0","0","1300","0","400","0","1300","400"
"3798","ＵＬＳグループ","東証","20230907","日証金","確報","0","0","11500","0","0","0","11500","0"
"3799","キーウェアソリュショ","東証","20230907","日証金","確報","0","0","5400","0","0","0","5400","0"
"3800","ユニリタ","東証","20230907","日証金","確報","0","0","100","0","0","0","100","0"
"3802","エコミック","札証","20230907","日証金","確報","0","0","0","0","0","0","0","0"
"3802","エコミック","東証","20230907","日証金","確報","0","0","1200","0","0","0","1200","0"
"3803","イメージ情報開発","東証","20230907","日証金","確報","1200","300","1500","0","0","0","1500","900"
"3804","システム　ディ","東証","20230907","日証金","確報","0","0","400","0","0","0","400","0"
"3807","フィスコ","東証","20230907","日証金","確報","200","0","208300","200","0","208300","0","0"
"3808","オウケイウェイヴ","名証","20230907","日証金","確報","2200","0","155900","0","0","0","155900","2200"
"3810","サイバーステップ","東証","20230907","日証金","確報","2200","1800","98600","0","0","0","98600","400"
"3815","メディア工房","東証","20230907","日証金","確報","0","0","1800","0","0","0","1800","0"
"3816","大和コンピューター","東証","20230907","日証金","確報","0","0","100","0","0","0","100","0"
"3817","ＳＲＡＨＤ","東証","20230907","日証金","確報","0","0","1900","0","0","600","1300","0"
"3823","ＷＨＹ　ＨＯＷ　ＤＯ","東証","20230907","日証金","確報","200","100","415200","0","0","0","415200","100"
"3824","メディアファイブ","福証","20230907","日証金","確報","0","4200","2100","0","0","0","2100","-4200"
"3825","リミックスポイント","東証","20230907","日証金","確報","0","0","337700","0","0","0","337700","0"
"3826","システムインテグレタ","東証","20230907","日証金","確報","0","0","4000","0","0","0","4000","0"
"3830","ギガプライズ","名証","20230907","日証金","確報","0","0","41300","0","0","0","41300","0"
"3834","朝日ネット","東証","20230907","日証金","確報","0","0","4200","0","0","1000","3200","0"
"3835","ｅＢＡＳＥ","東証","20230907","日証金","確報","0","0","16800","300","100","2200","14600","-200"
"3836","アバントグループ","東証","20230907","日証金","確報","100","900","500","0","0","300","200","-800"
"3837","アドソル日進","東証","20230907","日証金","確報","100","0","2200","0","200","400","1800","300"
"3839","ＯＤＫソリューション","東証","20230907","日証金","確報","600","0","1200","200","0","1300","-100","400"
"3840","パス","東証","20230907","日証金","確報","10000","0","394400","0","0","0","394400","10000"
"3841","ジーダット","東証","20230907","日証金","確報","0","0","2900","0","0","0","2900","0"
"3842","ネクストジェン","東証","20230907","日証金","確報","500","200","3500","0","0","0","3500","300"
"3843","フリービット","東証","20230907","日証金","確報","400","0","141200","0","0","2800","138400","400"
"3844","コムチュア","東証","20230907","日証金","確報","0","0","3600","0","100","2100","1500","100"
"3845","アイフリークモバイル","東証","20230907","日証金","確報","1300","0","67000","0","0","0","67000","1300"
"3847","パシフィックシステム","東証","20230907","日証金","確報","0","0","500","0","0","0","500","0"
"3848","データ・アプリケショ","東証","20230907","日証金","確報","0","200","4000","0","0","0","4000","-200"
"3849","日本テクノ・ラボ","札証","20230907","日証金","確報","0","0","800","0","0","0","800","0"
"3850","ＮＴＴＤイントラマト","東証","20230907","日証金","確報","0","0","1200","0","0","0","1200","0"
"3851","日本一ソフトウェア","東証","20230907","日証金","確報","0","0","5400","0","0","0","5400","0"
"3852","サイバーコム","東証","20230907","日証金","確報","0","0","900","0","0","0","900","0"
"3853","アステリア","東証","20230907","日証金","確報","400","0","172400","2100","0","44200","128200","-1700"
"3854","アイル","東証","20230907","日証金","確報","900","0","7300","0","0","0","7300","900"
"3856","Ａｂａｌａｎｃｅ","東証","20230907","日証金","確報","1000","1900","86500","0","0","0","86500","-900"
"3857","ラック","東証","20230907","日証金","確報","400","0","8100","0","0","0","8100","400"
"3858","ユビキタスＡＩ","東証","20230907","日証金","確報","0","300","19800","0","0","0","19800","-300"
"3861","王子ホールディングス","東証","20230907","日証金","確報","300","0","206400","1900","2800","5600","200800","1200"
"3863","日本製紙","東証","20230907","日証金","確報","3400","27600","14400","900","37700","1800","12600","12600"
"3864","三菱製紙","東証","20230907","日証金","確報","3000","2000","179500","0","0","1000","178500","1000"
"3865","北越コーポレーション","東証","20230907","日証金","確報","0","300","1900","5400","700","62800","-60900","-5000"
"3877","中越パルプ工業","東証","20230907","日証金","確報","400","0","8700","0","0","0","8700","400"
"3878","巴川製紙所","東証","20230907","日証金","確報","0","0","5700","0","0","0","5700","0"
"3880","大王製紙","東証","20230907","日証金","確報","0","2000","65900","0","0","400","65500","-2000"
"3891","ニッポン高度紙工業","東証","20230907","日証金","確報","300","0","4100","0","200","0","4100","500"
"3892","岡山製紙","東証","20230907","日証金","確報","0","0","600","0","0","0","600","0"
"3895","ハビックス","東証","20230907","日証金","確報","0","0","4700","0","0","0","4700","0"
"3896","阿波製紙","東証","20230907","日証金","確報","1100","500","19300","0","0","0","19300","600"
"3900","クラウドワークス","東証","20230907","日証金","確報","200","600","13000","0","0","0","13000","-400"
"3901","マークラインズ","東証","20230907","日証金","確報","100","100","2900","0","0","2900","0","0"
"3902","ＭＤＶ","東証","20230907","日証金","確報","9700","800","160200","0","200","17400","142800","9100"
"3903","ｇｕｍｉ","東証","20230907","日証金","確報","62100","13000","2030700","0","0","2356900","-326200","49100"
"3904","カヤック","東証","20230907","日証金","確報","0","3600","42900","0","0","0","42900","-3600"
"3905","データセクション","東証","20230907","日証金","確報","0","0","19800","0","0","3400","16400","0"
"3907","シリコンスタジオ","東証","20230907","日証金","確報","0","200","13900","0","0","0","13900","-200"
"3908","コラボス","東証","20230907","日証金","確報","0","0","3000","0","0","0","3000","0"
"3909","ショーケース","東証","20230907","日証金","確報","0","400","6300","0","0","0","6300","-400"
"3910","エムケイシステム","東証","20230907","日証金","確報","0","100","700","0","0","0","700","-100"
"3911","Ａｉｍｉｎｇ","東証","20230907","日証金","確報","0","31000","329800","0","0","0","329800","-31000"
"3912","モバイルファクトリー","東証","20230907","日証金","確報","0","300","18600","0","0","0","18600","-300"
"3913","ｓＭｅｄｉｏ","東証","20230907","日証金","確報","0","0","2500","0","0","0","2500","0"
"3914","ＪＩＧ－ＳＡＷ","東証","20230907","日証金","確報","7300","4900","72500","0","0","70100","2400","2400"
"3915","テラスカイ","東証","20230907","日証金","確報","200","900","13100","500","0","1600","11500","-1200"
"3916","ＤＩＴ","東証","20230907","日証金","確報","0","200","3800","0","100","2500","1300","-100"
"3917","アイリッジ","東証","20230907","日証金","確報","0","100","3400","0","0","1900","1500","-100"
"3918","ＰＣＩＨＤ","東証","20230907","日証金","確報","600","500","8700","0","0","0","8700","100"
"3920","アイビーシー","東証","20230907","日証金","確報","100","1700","31400","100","0","1200","30200","-1700"
"3921","ネオジャパン","東証","20230907","日証金","確報","500","1900","3600","0","200","3600","0","-1200"
"3922","ＰＲ　ＴＩＭＥＳ","東証","20230907","日証金","確報","0","0","5200","500","100","2500","2700","-400"
"3923","ラクス","東証","20230907","日証金","確報","57200","300","174400","1200","54500","989400","-815000","110200"
"3924","ランドコンピュータ","東証","20230907","日証金","確報","0","0","1500","0","0","4800","-3300","0"
"3925","ダブルスタンダード","東証","20230907","日証金","確報","100","4600","133700","0","0","0","133700","-4500"
"3926","オープンドア","東証","20230907","日証金","確報","2200","1700","38900","0","0","0","38900","500"
"3927","フーバーブレイン","東証","20230907","日証金","確報","0","0","38900","0","0","0","38900","0"
"3928","マイネット","東証","20230907","日証金","確報","2000","3500","9300","0","1900","5900","3400","400"
"3929","ソーシャルワイヤー","東証","20230907","日証金","確報","900","100","15700","0","0","0","15700","800"
"3930","はてな","東証","20230907","日証金","確報","0","0","300","0","0","0","300","0"
"3931","バリューゴルフ","東証","20230907","日証金","確報","0","0","100","0","0","0","100","0"
"3932","アカツキ","東証","20230907","日証金","確報","100","1000","23500","400","0","18900","4600","-1300"
"3933","チエル","東証","20230907","日証金","確報","0","0","7200","0","0","100","7100","0"
"3934","ベネフィットジャパン","東証","20230907","日証金","確報","0","0","700","0","0","0","700","0"
"3935","エディア","東証","20230907","日証金","確報","0","300","31500","0","0","0","31500","-300"
"3936","グローバルウェイ","東証","20230907","日証金","確報","16000","9100","99900","0","0","0","99900","6900"
"3937","Ｕｂｉｃｏｍ","東証","20230907","日証金","確報","500","800","18800","200","0","2300","16500","-500"
"3939","カナミックＮ","東証","20230907","日証金","確報","3800","0","37700","1100","0","4900","32800","2700"
"3940","ノムラシステム","東証","20230907","日証金","確報","0","1800","27500","0","0","800","26700","-1800"
"3941","レンゴー","東証","20230907","日証金","確報","400","200","60700","2900","0","5100","55600","-2700"
"3943","大石産業","東証","20230907","日証金","確報","0","0","0","0","0","0","0","0"
"3943","大石産業","福証","20230907","日証金","確報","0","0","0","0","0","0","0","0"
"3944","古林紙工","東証","20230907","日証金","確報","0","0","600","0","0","0","600","0"
"3945","スーパーバッグ","東証","20230907","日証金","確報","0","0","5300","0","0","0","5300","0"
"3946","トーモク","札証","20230907","日証金","確報","0","0","0","0","0","0","0","0"
"3946","トーモク","東証","20230907","日証金","確報","500","0","10300","500","100","1400","8900","100"
"3947","ダイナパック","名証","20230907","日証金","確報","0","0","0","0","0","0","0","0"
"3947","ダイナパック","東証","20230907","日証金","確報","0","300","3200","0","0","0","3200","-300"
"3948","光ビジネスフォーム","東証","20230907","日証金","確報","0","0","3600","0","0","0","3600","0"
"3950","ザ・パック","東証","20230907","日証金","確報","0","800","7000","100","0","100","6900","-900"
"3951","朝日印刷","東証","20230907","日証金","確報","0","0","5600","0","0","0","5600","0"
"3952","中央紙器工業","名証","20230907","日証金","確報","0","0","1900","0","0","0","1900","0"
"3953","大村紙業","東証","20230907","日証金","確報","0","0","4400","0","0","0","4400","0"
"3954","昭和パックス","東証","20230907","日証金","確報","0","0","0","0","0","0","0","0"
"3955","イムラ","東証","20230907","日証金","確報","1200","1200","8600","300","300","8600","0","0"
"3961","シルバーエッグ","東証","20230907","日証金","確報","500","400","8300","0","0","0","8300","100"
"3962","チェンジＨＤ","東証","20230907","日証金","確報","25100","500","445900","100","0","3600","442300","24500"
"3963","シンクロ・フード","東証","20230907","日証金","確報","1100","13700","13300","1900","0","13300","0","-14500"
"3964","オークネット","東証","20230907","日証金","確報","100","0","800","0","0","200","600","100"
"3965","ＣＡＰ","東証","20230907","日証金","確報","0","400","5200","0","0","0","5200","-400"
"3967","エルテス","東証","20230907","日証金","確報","200","0","9100","0","0","0","9100","200"
"3968","セグエグループ","東証","20230907","日証金","確報","200","0","13300","0","0","1300","12000","200"
"3969","エイトレッド","東証","20230907","日証金","確報","0","1100","3100","0","0","0","3100","-1100"
"3970","イノベーション","東証","20230907","日証金","確報","200","400","2100","0","0","0","2100","-200"
"3974","ＳＣＡＴ","東証","20230907","日証金","確報","0","0","4200","0","0","0","4200","0"
"3976","シャノン","東証","20230907","日証金","確報","100","200","5100","0","0","0","5100","-100"
"3977","フュージョン","札証","20230907","日証金","確報","0","0","700","0","0","0","700","0"
"3978","マクロミル","東証","20230907","日証金","確報","3700","300","34800","0","0","0","34800","3400"
"3979","うるる","東証","20230907","日証金","確報","100","0","1700","0","0","0","1700","100"
"3981","ビーグリー","東証","20230907","日証金","確報","0","0","4800","0","0","0","4800","0"
"3983","オロ","東証","20230907","日証金","確報","400","0","5800","400","0","5800","0","0"
"3984","ユーザーローカル","東証","20230907","日証金","確報","500","2200","52700","0","0","0","52700","-1700"
"3985","テモナ","東証","20230907","日証金","確報","0","0","21500","0","0","0","21500","0"
"3986","ビーブレイク","東証","20230907","日証金","確報","0","0","300","0","0","0","300","0"
"3987","エコモット","札証","20230907","日証金","確報","0","0","0","0","0","0","0","0"
"3987","エコモット","東証","20230907","日証金","確報","2000","900","31900","500","0","4000","27900","600"
"3988","ＳＹＳＨＤ","東証","20230907","日証金","確報","0","100","200","0","0","0","200","-100"
"3989","シェアリングＴ","東証","20230907","日証金","確報","700","16300","436600","0","0","0","436600","-15600"
"3990","ＵＵＵＭ","東証","20230907","日証金","確報","100","200","13800","0","0","0","13800","-100"
"3991","ウォンテッドリー","東証","20230907","日証金","確報","900","0","9400","0","0","0","9400","900"
"3992","ニーズウェル","東証","20230907","日証金","確報","1200","2200","29000","700","0","6800","22200","-1700"
"3993","ＰＫＳＨＡ","東証","20230907","日証金","確報","9300","5400","280300","0","0","314000","-33700","3900"
"3994","マネーフォワード","東証","20230907","日証金","確報","20300","100","24600","2700","23200","378700","-354100","40700"
"3995","ＳＫＩＹＡＫＩ","東証","20230907","日証金","確報","1500","500","7900","0","0","4400","3500","1000"
"3996","サインポスト","東証","20230907","日証金","確報","3500","3700","84700","100","300","84700","0","0"
"3997","トレードワークス","東証","20230907","日証金","確報","0","0","5800","0","0","1900","3900","0"
"3998","すららネット","東証","20230907","日証金","確報","700","2600","5100","0","0","2000","3100","-1900"
"4004","レゾナックＨＤ","東証","20230907","日証金","確報","8700","5100","20100","24000","3200","272800","-252700","-17200"
"4005","住友化学","東証","20230907","日証金","確報","100","8100","168500","0","33600","36000","132500","25600"
"4008","住友精化","東証","20230907","日証金","確報","2000","300","2100","0","1000","2300","-200","2700"
"4011","ヘッドウォータース","東証","20230907","日証金","確報","500","1800","9800","0","0","0","9800","-1300"
"4012","アクシス","東証","20230907","日証金","確報","0","300","3500","0","0","0","3500","-300"
"4013","勤次郎","東証","20230907","日証金","確報","0","0","3700","100","0","100","3600","-100"
"4014","カラダノート","東証","20230907","日証金","確報","0","200","4000","0","0","0","4000","-200"
"4015","アララ","東証","20230907","日証金","確報","0","1900","29500","0","0","0","29500","-1900"
"4016","ＭＩＴＨＤ","東証","20230907","日証金","確報","0","300","2600","0","0","0","2600","-300"
"4017","クリーマ","東証","20230907","日証金","確報","0","0","7000","0","0","0","7000","0"
"4018","ジオロケ","福証","20230907","日証金","確報","100","0","300","0","0","0","300","100"
"4019","スタメン","東証","20230907","日証金","確報","300","400","6100","700","0","4000","2100","-800"
"4020","ビートレンド","東証","20230907","日証金","確報","0","0","600","0","0","0","600","0"
"4021","日産化学","東証","20230907","日証金","確報","1200","400","10800","1000","400","22700","-11900","200"
"4022","ラサ工業","東証","20230907","日証金","確報","0","1500","8400","0","0","1100","7300","-1500"
"4023","クレハ","東証","20230907","日証金","確報","1800","100","8900","0","200","400","8500","1900"
"4025","多木化学","東証","20230907","日証金","確報","0","0","3300","0","100","1800","1500","100"
"4026","神島化学工業","東証","20230907","日証金","確報","1700","0","19000","0","0","0","19000","1700"
"4027","テイカ","東証","20230907","日証金","確報","0","0","7100","0","0","300","6800","0"
"4028","石原産業","東証","20230907","日証金","確報","5000","0","13100","0","0","1500","11600","5000"
"4031","片倉コープアグリ","東証","20230907","日証金","確報","200","200","17200","0","0","17200","0","0"
"4040","南海化学","東証","20230907","日証金","確報","800","1300","8900","0","0","0","8900","-500"
"4041","日本曹達","東証","20230907","日証金","確報","400","400","3100","400","0","1200","1900","-400"
"4042","東ソー","東証","20230907","日証金","確報","6200","0","16500","2600","700","7200","9300","4300"
"4043","トクヤマ","東証","20230907","日証金","確報","2500","100","38400","100","0","100","38300","2300"
"4044","セントラル硝子","東証","20230907","日証金","確報","0","200","4300","0","0","0","4300","-200"
"4045","東亞合成","東証","20230907","日証金","確報","5600","100","37800","2000","1000","2900","34900","4500"
"4046","大阪ソーダ","東証","20230907","日証金","確報","1500","0","6300","0","8200","33800","-27500","9700"
"4047","関東電化工業","東証","20230907","日証金","確報","9100","900","31000","0","0","1600","29400","8200"
"4051","ＧＭＯ－ＦＧ","東証","20230907","日証金","確報","0","1300","6200","0","0","0","6200","-1300"
"4052","フィーチャ","東証","20230907","日証金","確報","1100","0","11600","0","0","0","11600","1100"
"4053","サンアスタリスク","東証","20230907","日証金","確報","2100","700","21200","0","2300","8200","13000","3700"
"4054","日本情報クリエイト","東証","20230907","日証金","確報","0","0","12300","0","900","1800","10500","900"
"4055","ティアンドエス","東証","20230907","日証金","確報","1600","13400","198000","0","0","250800","-52800","-11800"
"4056","ニューラルグループ","東証","20230907","日証金","確報","1100","100","30400","0","0","0","30400","1000"
"4057","インターファクトリー","東証","20230907","日証金","確報","0","0","2800","0","0","0","2800","0"
"4058","トヨクモ","東証","20230907","日証金","確報","0","100","3800","0","0","1300","2500","-100"
"4059","まぐまぐ","東証","20230907","日証金","確報","0","0","100","0","0","0","100","0"
"4060","ｒａｋｕｍｏ","東証","20230907","日証金","確報","1400","0","5700","0","100","2700","3000","1500"
"4061","デンカ","東証","20230907","日証金","確報","400","500","20000","0","0","600","19400","-100"
"4062","イビデン","名証","20230907","日証金","確報","0","0","0","0","0","0","0","0"
"4062","イビデン","東証","20230907","日証金","確報","8300","0","18500","0","163000","344200","-325700","171300"
"4063","信越化学工業","名証","20230907","日証金","確報","0","0","6000","0","0","0","6000","0"
"4063","信越化学工業","東証","20230907","日証金","確報","9800","5500","217900","700","58600","2700","215200","62200"
"4064","日本カーバイド工業","東証","20230907","日証金","確報","0","300","3800","100","0","600","3200","-400"
"4068","ベイシス","東証","20230907","日証金","確報","0","0","700","0","0","0","700","0"
"4069","ＢｌｕｅＭｅｍｅ","東証","20230907","日証金","確報","200","0","1000","0","0","0","1000","200"
"4071","プラスアルファ","東証","20230907","日証金","確報","400","700","13600","0","700","10800","2800","400"
"4072","電算システムＨＤ","名証","20230907","日証金","確報","0","0","0","0","0","0","0","0"
"4072","電算システムＨＤ","東証","20230907","日証金","確報","0","300","5900","0","0","900","5000","-300"
"4073","ジィ・シィ企画","東証","20230907","日証金","確報","0","0","900","0","0","0","900","0"
"4074","ラキール","東証","20230907","日証金","確報","0","200","15100","0","100","2000","13100","-100"
"4075","ブレインズ","東証","20230907","日証金","確報","0","0","1600","0","0","0","1600","0"
"4076","シイエヌエス","東証","20230907","日証金","確報","0","0","3800","0","0","0","3800","0"
"4078","堺化学工業","東証","20230907","日証金","確報","700","800","1700","300","100","1700","0","-300"
"4080","田中化学研究所","東証","20230907","日証金","確報","1100","400","20400","0","0","0","20400","700"
"4082","第一稀元素化学工業","東証","20230907","日証金","確報","0","900","15800","100","100","100","15700","-900"
"4088","エア・ウォーター","札証","20230907","日証金","確報","0","0","0","0","0","0","0","0"
"4088","エア・ウォーター","東証","20230907","日証金","確報","400","100","8200","0","200","600","7600","500"
"4091","日本酸素ＨＤ","東証","20230907","日証金","確報","200","400","6200","2900","1500","23400","-17200","-1600"
"4092","日本化学工業","東証","20230907","日証金","確報","0","0","2700","500","0","1200","1500","-500"
"4093","東邦アセチレン","東証","20230907","日証金","確報","100","0","3300","0","0","0","3300","100"
"4094","日本化学産業","東証","20230907","日証金","確報","500","500","4800","0","0","0","4800","0"
"4095","日本パーカライジング","東証","20230907","日証金","確報","100","0","2700","500","100","3600","-900","-300"
"4097","高圧ガス工業","東証","20230907","日証金","確報","300","1500","900","0","0","500","400","-1200"
"4098","チタン工業","東証","20230907","日証金","確報","0","100","6300","0","0","0","6300","-100"
"4099","四国化成ＨＤ","東証","20230907","日証金","確報","0","0","1000","400","0","1900","-900","-400"
"4100","戸田工業","東証","20230907","日証金","確報","0","200","6200","400","0","1800","4400","-600"
"4102","丸尾カルシウム","東証","20230907","日証金","確報","0","0","1300","0","0","0","1300","0"
"4107","伊勢化学工業","東証","20230907","日証金","確報","0","1300","8100","0","0","0","8100","-1300"
"4109","ステラ　ケミファ","東証","20230907","日証金","確報","500","300","4500","200","0","4500","0","0"
"4112","保土谷化学工業","東証","20230907","日証金","確報","0","200","1100","0","0","100","1000","-200"
"4113","田岡化学工業","東証","20230907","日証金","確報","1100","0","28400","0","0","0","28400","1100"
"4114","日本触媒","東証","20230907","日証金","確報","3000","1200","3200","1000","200","2500","700","1000"
"4116","大日精化工業","東証","20230907","日証金","確報","200","0","800","700","0","800","0","-500"
"4118","カネカ","東証","20230907","日証金","確報","1000","0","4400","100","0","600","3800","900"
"4119","日本ピグメント","東証","20230907","日証金","確報","100","0","100","0","0","0","100","100"
"4120","スガイ化学工業","東証","20230907","日証金","確報","0","0","1300","0","0","0","1300","0"
"4124","大阪油化工業","東証","20230907","日証金","確報","200","0","4200","0","0","0","4200","200"
"4125","三和油化工業","名証","20230907","日証金","確報","0","0","0","0","0","0","0","0"
"4125","三和油化工業","東証","20230907","日証金","確報","800","0","6300","0","0","0","6300","800"
"4151","協和キリン","東証","20230907","日証金","確報","200","700","37400","0","1300","0","37400","800"
"4165","プレイド","東証","20230907","日証金","確報","42800","42800","753000","0","0","753000","0","0"
"4166","かっこ","東証","20230907","日証金","確報","0","200","6900","0","0","0","6900","-200"
"4167","ココペリ","東証","20230907","日証金","確報","2000","0","122500","0","200","160100","-37600","2200"
"4168","ヤプリ","東証","20230907","日証金","確報","8500","8400","50100","20300","7600","70700","-20600","-12600"
"4169","ＥＮＥＣＨＡＮＧＥ","東証","20230907","日証金","確報","38200","43000","554500","0","4800","554500","0","0"
"4170","ＫａｉｚｅｎＰＦ","東証","20230907","日証金","確報","6600","7700","184000","0","1100","184000","0","0"
"4171","グローバルＩ","東証","20230907","日証金","確報","0","0","1600","0","0","0","1600","0"
"4172","東和ハイシステム","東証","20230907","日証金","確報","0","0","2100","0","0","0","2100","0"
"4173","ＷＡＣＵＬ","東証","20230907","日証金","確報","100","1000","32900","200","1400","600","32300","300"
"4174","アピリッツ","東証","20230907","日証金","確報","0","100","2800","0","0","0","2800","-100"
"4175","ｃｏｌｙ","東証","20230907","日証金","確報","0","300","8200","0","0","0","8200","-300"
"4176","ココナラ","東証","20230907","日証金","確報","44500","44000","400600","500","0","400600","0","0"
"4177","ｉ‐ｐｌｕｇ","東証","20230907","日証金","確報","0","0","500","0","0","0","500","0"
"4178","Ｓイノベーション","東証","20230907","日証金","確報","0","0","2800","0","0","0","2800","0"
"4179","ジーネクスト","東証","20230907","日証金","確報","0","0","5800","0","0","0","5800","0"
"4180","Ａｐｐｉｅｒ","東証","20230907","日証金","確報","200","6400","57900","0","0","0","57900","-6200"
"4182","三菱瓦斯化学","東証","20230907","日証金","確報","500","5600","13100","100","8000","7800","5300","2800"
"4183","三井化学","東証","20230907","日証金","確報","300","2300","21400","600","2600","21400","0","0"
"4185","ジェイエスアール","東証","20230907","日証金","確報","12200","8400","386800","0","0","0","386800","3800"
"4186","東京応化工業","東証","20230907","日証金","確報","300","1800","3600","600","4800","17800","-14200","2700"
"4187","大阪有機化学工業","東証","20230907","日証金","確報","0","100","4700","0","0","1200","3500","-100"
"4188","三菱ケミカルグループ","東証","20230907","日証金","確報","400","2900","29400","300","20000","10000","19400","17200"
"4189","ＫＨネオケム","東証","20230907","日証金","確報","200","0","2300","200","0","1400","900","0"
"4192","スパイダープラス","東証","20230907","日証金","確報","16500","300","206600","0","0","73600","133000","16200"
"4193","ファブリカ","名証","20230907","日証金","確報","0","0","0","0","0","0","0","0"
"4193","ファブリカ","東証","20230907","日証金","確報","0","100","2400","0","0","0","2400","-100"
"4194","ビジョナル","東証","20230907","日証金","確報","300","500","33300","0","0","0","33300","-200"
"4196","ネオマーケティング","東証","20230907","日証金","確報","0","0","2700","0","0","0","2700","0"
"4198","テンダ","東証","20230907","日証金","確報","0","0","900","0","0","0","900","0"
"4199","ワンダープラネット","東証","20230907","日証金","確報","0","400","2300","0","0","0","2300","-400"
"4200","ＨＣＳＨＤ","東証","20230907","日証金","確報","0","0","2100","0","0","0","2100","0"
"4202","ダイセル","東証","20230907","日証金","確報","900","1000","14100","0","1300","9800","4300","1200"
"4203","住友ベークライト","東証","20230907","日証金","確報","700","300","6500","700","300","6500","0","0"
"4204","積水化学工業","東証","20230907","日証金","確報","600","1700","13300","2600","5300","36100","-22800","1600"
"4205","日本ゼオン","東証","20230907","日証金","確報","600","800","14200","400","600","14200","0","0"
"4206","アイカ工業","名証","20230907","日証金","確報","0","0","0","0","0","0","0","0"
"4206","アイカ工業","東証","20230907","日証金","確報","0","400","2700","0","300","0","2700","-100"
"4208","ＵＢＥ","東証","20230907","日証金","確報","200","2500","19500","0","0","100","19400","-2300"
"4208","ＵＢＥ","福証","20230907","日証金","確報","0","0","0","0","0","0","0","0"
"4212","積水樹脂","東証","20230907","日証金","確報","100","0","3400","100","0","3400","0","0"
"4215","タキロンシーアイ","東証","20230907","日証金","確報","2400","800","11100","0","0","9500","1600","1600"
"4216","旭有機材","東証","20230907","日証金","確報","600","0","54000","0","0","2300","51700","600"
"4218","ニチバン","東証","20230907","日証金","確報","500","300","2700","200","0","2700","0","0"
"4220","リケンテクノス","東証","20230907","日証金","確報","900","0","11200","0","0","7200","4000","900"
"4221","大倉工業","東証","20230907","日証金","確報","0","300","4300","0","0","2800","1500","-300"
"4222","児玉化学工業","東証","20230907","日証金","確報","0","0","15800","0","0","0","15800","0"
"4224","ロンシール工業","東証","20230907","日証金","確報","0","0","400","0","0","0","400","0"
"4228","積水化成品工業","東証","20230907","日証金","確報","1000","1200","6600","400","0","400","6200","-600"
"4229","群栄化学工業","東証","20230907","日証金","確報","200","0","4600","0","100","0","4600","300"
"4231","タイガースポリマー","東証","20230907","日証金","確報","1300","0","14800","0","100","700","14100","1400"
"4234","サンエー化研","東証","20230907","日証金","確報","0","500","17500","0","0","0","17500","-500"
"4235","ＵＦＨＤ","東証","20230907","日証金","確報","300","100","18100","0","0","0","18100","200"
"4237","フジプレアム","東証","20230907","日証金","確報","200","0","4500","0","0","0","4500","200"
"4238","ミライアル","東証","20230907","日証金","確報","1000","900","27500","0","0","0","27500","100"
"4240","クラスタテクノロジ","東証","20230907","日証金","確報","100","0","4000","0","0","0","4000","100"
"4241","アテクト","東証","20230907","日証金","確報","2200","0","16100","0","0","0","16100","2200"
"4242","タカギセイコー","東証","20230907","日証金","確報","0","0","1800","0","100","0","1800","100"
"4243","ニックス","東証","20230907","日証金","確報","0","0","3000","0","0","0","3000","0"
"4245","ダイキアクシス","東証","20230907","日証金","確報","100","200","2300","0","100","2300","0","0"
"4246","ダイキョーニシカワ","東証","20230907","日証金","確報","200","0","1300","0","200","0","1300","400"
"4247","ポバール興業","名証","20230907","日証金","確報","0","0","0","0","0","0","0","0"
"4247","ポバール興業","東証","20230907","日証金","確報","0","0","100","0","0","0","100","0"
"4248","竹本容器","東証","20230907","日証金","確報","200","200","900","0","200","700","200","200"
"4249","森六ホールディングス","東証","20230907","日証金","確報","100","600","2200","0","0","100","2100","-500"
"4250","フロンティア","福証","20230907","日証金","確報","0","0","100","0","0","0","100","0"
"4251","恵和","東証","20230907","日証金","確報","300","500","44000","300","0","18200","25800","-500"
"4255","ＴＨＥＣＯＯ","東証","20230907","日証金","確報","0","0","1500","0","0","0","1500","0"
"4256","サインド","東証","20230907","日証金","確報","0","0","900","0","0","0","900","0"
"4258","網屋","東証","20230907","日証金","確報","0","300","9600","100","0","2400","7200","-400"
"4259","エクサウィザーズ","東証","20230907","日証金","確報","2500","0","114800","0","0","0","114800","2500"
"4260","ハイブリッドテク","東証","20230907","日証金","確報","0","100","11800","0","0","0","11800","-100"
"4261","アジアクエスト","東証","20230907","日証金","確報","0","200","800","0","0","0","800","-200"
"4262","ニフティライフ","東証","20230907","日証金","確報","0","0","5200","0","0","0","5200","0"
"4263","サスメド","東証","20230907","日証金","確報","10200","1600","196500","0","100","196500","0","8700"
"4264","セキュア","東証","20230907","日証金","確報","1000","0","12700","0","0","0","12700","1000"
"4265","ＩＧＳ","東証","20230907","日証金","確報","12100","2700","26800","0","0","0","26800","9400"
"4267","ライトワークス","東証","20230907","日証金","確報","0","0","200","0","0","0","200","0"
"4268","エッジテクノロジー","東証","20230907","日証金","確報","100","1000","29300","0","0","0","29300","-900"
"4270","ＢｅｅＸ","東証","20230907","日証金","確報","0","200","5400","0","0","0","5400","-200"
"4272","日本化薬","東証","20230907","日証金","確報","1600","200","8900","0","700","21900","-13000","2100"
"4274","細谷火工","東証","20230907","日証金","確報","200","0","11200","0","0","0","11200","200"
"4275","カーリットＨＤ","東証","20230907","日証金","確報","1600","900","14600","0","0","100","14500","700"
"4284","ソルクシーズ","東証","20230907","日証金","確報","0","12400","132700","0","0","0","132700","-12400"
"4286","ＣＬホールディングス","東証","20230907","日証金","確報","0","0","2500","0","0","2500","0","0"
"4287","ジャストプランニング","東証","20230907","日証金","確報","0","200","8500","0","0","0","8500","-200"
"4288","アズジェント","東証","20230907","日証金","確報","0","0","2000","0","0","0","2000","0"
"4290","プレステージＩＮ","東証","20230907","日証金","確報","2300","500","13600","0","0","800","12800","1800"
"4293","セプテーニＨＤ","東証","20230907","日証金","確報","900","5400","75700","700","5200","75700","0","0"
"4295","フェイス","東証","20230907","日証金","確報","1000","0","64400","0","0","1100","63300","1000"
"4298","プロトコーポ","名証","20230907","日証金","確報","0","0","0","0","0","0","0","0"
"4298","プロトコーポ","東証","20230907","日証金","確報","0","0","3000","0","0","0","3000","0"
"4299","ハイマックス","東証","20230907","日証金","確報","300","0","800","0","0","1700","-900","300"
"4301","アミューズ","東証","20230907","日証金","確報","300","0","2900","0","0","1900","1000","300"
"4304","イーストアー","東証","20230907","日証金","確報","0","0","3400","0","0","1100","2300","0"
"4307","野村総合研究所","東証","20230907","日証金","確報","1400","600","4800","1300","6400","10400","-5600","5900"
"4308","Ｊストリーム","東証","20230907","日証金","確報","100","0","17000","0","0","0","17000","100"
"4310","ドリームインキュベタ","東証","20230907","日証金","確報","200","0","10500","200","0","4000","6500","0"
"4312","サイバネットシステム","東証","20230907","日証金","確報","1100","1200","43500","0","0","75700","-32200","-100"
"4316","ビーマップ","東証","20230907","日証金","確報","0","0","4500","0","0","0","4500","0"
"4317","レイ","東証","20230907","日証金","確報","4000","900","17900","0","0","0","17900","3100"
"4318","クイック","東証","20230907","日証金","確報","1000","0","6800","0","0","0","6800","1000"
"4319","ＴＡＣ","東証","20230907","日証金","確報","0","0","3500","0","0","0","3500","0"
"4320","ＣＥホールディングス","札証","20230907","日証金","確報","0","0","0","0","0","0","0","0"
"4320","ＣＥホールディングス","東証","20230907","日証金","確報","800","200","9500","0","0","0","9500","600"
"4323","日本システム技術","東証","20230907","日証金","確報","0","0","1700","600","0","4700","-3000","-600"
"4324","電通グループ","東証","20230907","日証金","確報","400","1400","14800","0","5100","14800","0","4100"
"4326","インテージＨＤ","東証","20230907","日証金","確報","3400","0","4300","100","100","200","4100","3400"
"4331","Ｔ＆Ｇニーズ","東証","20230907","日証金","確報","0","600","12700","0","0","0","12700","-600"
"4333","東邦システムサイエン","東証","20230907","日証金","確報","600","100","2800","0","0","0","2800","500"
"4334","ユークス","東証","20230907","日証金","確報","14700","400","38500","0","0","0","38500","14300"
"4335","アイ・ピー・エス","東証","20230907","日証金","確報","0","0","5900","0","0","0","5900","0"
"4337","ぴあ","東証","20230907","日証金","確報","0","1200","1400","0","0","500","900","-1200"
"4341","西菱電機","東証","20230907","日証金","確報","0","0","0","0","0","0","0","0"
"4343","イオンファンタジー","東証","20230907","日証金","確報","900","0","10400","2100","2700","72200","-61800","1500"
"4344","ソースネクスト","東証","20230907","日証金","確報","12000","17100","633300","0","500","1139000","-505700","-4600"
"4345","シーティーエス","東証","20230907","日証金","確報","200","0","4800","600","0","600","4200","-400"
"4346","ネクシィーズグループ","東証","20230907","日証金","確報","9600","1600","15400","500","200","7700","7700","7700"
"4347","ブロードメディア","東証","20230907","日証金","確報","1600","0","24200","0","0","10100","14100","1600"
"4348","インフォコム","東証","20230907","日証金","確報","1300","6700","5500","100","4100","3900","1600","-1400"
"4349","テスク","名証","20230907","日証金","確報","0","0","200","0","0","0","200","0"
"4350","メディカルシステム","東証","20230907","日証金","確報","0","700","3700","0","0","0","3700","-700"
"4351","山田債権回収管理","東証","20230907","日証金","確報","400","0","5800","0","0","0","5800","400"
"4355","ロングライフＨＤ","東証","20230907","日証金","確報","0","1000","2000","0","0","100","1900","-1000"
"4356","応用技術","東証","20230907","日証金","確報","0","0","900","0","0","0","900","0"
"4360","マナック・ケミカルＰ","東証","20230907","日証金","確報","0","0","3700","0","0","0","3700","0"
"4361","川口化学工業","東証","20230907","日証金","確報","0","2100","300","0","0","0","300","-2100"
"4362","日本精化","東証","20230907","日証金","確報","0","0","800","0","100","800","0","100"
"4365","松本油脂製薬","東証","20230907","日証金","確報","0","0","0","0","0","0","0","0"
"4366","ダイトーケミックス","東証","20230907","日証金","確報","0","0","400","0","0","0","400","0"
"4367","広栄化学","東証","20230907","日証金","確報","1000","100","3200","0","0","0","3200","900"
"4368","扶桑化学工業","東証","20230907","日証金","確報","400","0","4600","0","0","2200","2400","400"
"4369","トリケミカル研究所","東証","20230907","日証金","確報","4000","1200","16200","0","7700","19500","-3300","10500"
"4370","モビルス","東証","20230907","日証金","確報","0","0","1200","0","0","0","1200","0"
"4371","ＣＣＴ","東証","20230907","日証金","確報","800","0","4200","0","0","0","4200","800"
"4372","ユミルリンク","東証","20230907","日証金","確報","0","100","1000","0","0","0","1000","-100"
"4373","シンプレクスＨＤ","東証","20230907","日証金","確報","3900","0","17400","0","100","200","17200","4000"
"4374","ロボペイ","東証","20230907","日証金","確報","0","500","7200","0","0","0","7200","-500"
"4375","セーフィー","東証","20230907","日証金","確報","4200","3800","192200","3800","1800","192200","0","-1600"
"4376","くふうカンパニー","東証","20230907","日証金","確報","100","600","13200","0","0","0","13200","-500"
"4377","ワンキャリア","東証","20230907","日証金","確報","0","1100","11200","0","0","0","11200","-1100"
"4378","ＣＩＮＣ","東証","20230907","日証金","確報","0","0","4600","0","0","0","4600","0"
"4379","Ｐｈｏｔｏｓｙｎｔｈ","東証","20230907","日証金","確報","0","200","5800","0","0","0","5800","-200"
"4380","Ｍマート","東証","20230907","日証金","確報","0","500","1900","0","0","0","1900","-500"
"4381","ビープラッツ","東証","20230907","日証金","確報","0","300","8800","0","0","0","8800","-300"
"4382","ＨＥＲＯＺ","東証","20230907","日証金","確報","1600","2800","154900","0","24100","142400","12500","22900"
"4384","ラクスル","東証","20230907","日証金","確報","11900","13000","154100","300","1400","154100","0","0"
"4385","メルカリ","東証","20230907","日証金","確報","49300","0","293700","1900","0","117200","176500","47400"
"4386","ＳＩＧグループ","東証","20230907","日証金","確報","0","0","2600","0","0","0","2600","0"
"4387","ＺＵＵ","東証","20230907","日証金","確報","0","0","1900","0","0","0","1900","0"
"4388","エーアイ","東証","20230907","日証金","確報","2900","700","73200","0","0","0","73200","2200"
"4389","プロパティＤＢＫ","東証","20230907","日証金","確報","0","0","300","0","0","0","300","0"
"4390","ｉｐｓ","東証","20230907","日証金","確報","200","200","9400","0","0","0","9400","0"
"4391","ロジザード","東証","20230907","日証金","確報","0","0","3300","0","0","0","3300","0"
"4392","ＦＩＧ","東証","20230907","日証金","確報","1200","0","52000","0","0","0","52000","1200"
"4392","ＦＩＧ","福証","20230907","日証金","確報","0","0","0","0","0","0","0","0"
"4393","バンクオブイノベ","東証","20230907","日証金","確報","600","1600","46900","0","6400","29700","17200","5400"
"4394","エクスモーション","東証","20230907","日証金","確報","1300","300","5300","0","0","0","5300","1000"
"4395","アクリート","東証","20230907","日証金","確報","0","400","31200","0","0","0","31200","-400"
"4396","システムサポート","東証","20230907","日証金","確報","900","300","4300","600","0","4300","0","0"
"4397","チームスピリット","東証","20230907","日証金","確報","0","1000","9100","0","0","0","9100","-1000"
"4398","ＢＢＳｅｃ","東証","20230907","日証金","確報","0","100","3700","0","0","0","3700","-100"
"4401","ＡＤＥＫＡ","東証","20230907","日証金","確報","1100","0","2200","0","400","3300","-1100","1500"
"4403","日油","東証","20230907","日証金","確報","100","0","3100","700","100","7500","-4400","-500"
"4404","ミヨシ油脂","東証","20230907","日証金","確報","0","0","3600","0","100","300","3300","100"
"4406","新日本理化","東証","20230907","日証金","確報","0","0","8100","0","100","7400","700","100"
"4409","東邦化学工業","東証","20230907","日証金","確報","0","0","400","0","0","0","400","0"
"4410","ハリマ化成グループ","東証","20230907","日証金","確報","400","0","5800","0","200","4300","1500","600"
"4412","サイエンスアーツ","東証","20230907","日証金","確報","0","0","20500","0","0","0","20500","0"
"4413","ボードルア","東証","20230907","日証金","確報","0","100","2400","0","0","0","2400","-100"
"4414","フレクト","東証","20230907","日証金","確報","0","0","4600","0","0","0","4600","0"
"4415","ブロードエンター","東証","20230907","日証金","確報","0","100","900","0","0","0","900","-100"
"4416","ＴｒｕｅＤａｔａ","東証","20230907","日証金","確報","300","100","7900","0","0","0","7900","200"
"4417","グローバルセキュ","東証","20230907","日証金","確報","200","0","12400","0","0","0","12400","200"
"4418","ＪＤＳＣ","東証","20230907","日証金","確報","10600","10600","155500","0","0","155500","0","0"
"4419","Ｆｉｎａｔｅｘｔ","東証","20230907","日証金","確報","0","600","61700","0","0","0","61700","-600"
"4420","イーソル","東証","20230907","日証金","確報","0","0","8400","0","0","2300","6100","0"
"4421","ディ・アイ・システム","東証","20230907","日証金","確報","0","0","2200","0","0","0","2200","0"
"4422","ＶＡＬＵＥＮＥＸ","東証","20230907","日証金","確報","0","0","3800","0","0","0","3800","0"
"4423","アルテリア","東証","20230907","日証金","確報","0","0","1100","0","0","100","1000","0"
"4424","Ａｍａｚｉａ","東証","20230907","日証金","確報","2200","0","6600","2200","0","6600","0","0"
"4425","Ｋｕｄａｎ","東証","20230907","日証金","確報","200","3400","145900","100","0","325100","-179200","-3300"
"4427","ＥｄｕＬａｂ","東証","20230907","日証金","確報","0","200","14400","0","0","0","14400","-200"
"4428","シノプス","東証","20230907","日証金","確報","0","600","5600","0","0","400","5200","-600"
"4429","リックソフト","東証","20230907","日証金","確報","0","0","1400","0","0","900","500","0"
"4430","東海ソフト","名証","20230907","日証金","確報","0","0","0","0","0","0","0","0"
"4430","東海ソフト","東証","20230907","日証金","確報","0","0","600","0","0","0","600","0"
"4431","スマレジ","東証","20230907","日証金","確報","4400","1000","23800","2300","2000","27500","-3700","3100"
"4432","ウイングアーク１ｓｔ","東証","20230907","日証金","確報","800","1000","8000","2400","0","8000","0","-2600"
"4433","ヒトコムＨＤ","東証","20230907","日証金","確報","200","0","3300","0","0","0","3300","200"
"4434","サーバーワークス","東証","20230907","日証金","確報","0","1000","11100","2200","0","27800","-16700","-3200"
"4435","カオナビ","東証","20230907","日証金","確報","2500","0","12300","300","300","45100","-32800","2500"
"4436","ミンカブ","東証","20230907","日証金","確報","4400","5600","516400","0","0","704100","-187700","-1200"
"4437","ＧＤＨ","東証","20230907","日証金","確報","0","0","1700","0","0","0","1700","0"
"4438","Ｗｅｌｂｙ","東証","20230907","日証金","確報","0","1000","2100","0","0","0","2100","-1000"
"4439","東名","名証","20230907","日証金","確報","0","0","0","0","0","0","0","0"
"4439","東名","東証","20230907","日証金","確報","2700","2700","30300","0","0","30300","0","0"
"4440","ヴィッツ","東証","20230907","日証金","確報","0","100","4300","0","0","1200","3100","-100"
"4441","トビラシステムズ","東証","20230907","日証金","確報","1200","100","8700","0","0","0","8700","1100"
"4442","バルテス","東証","20230907","日証金","確報","1400","300","12600","200","1000","2900","9700","1900"
"4443","Ｓａｎｓａｎ","東証","20230907","日証金","確報","10400","12600","451800","500","2700","451800","0","0"
"4444","インフォネット","東証","20230907","日証金","確報","0","2100","16200","0","0","0","16200","-2100"
"4445","リビンＴ","東証","20230907","日証金","確報","0","0","300","0","0","0","300","0"
"4446","Ｌｉｎｋ－Ｕ","東証","20230907","日証金","確報","200","0","13200","0","0","600","12600","200"
"4447","ピー・ビーシステムズ","東証","20230907","日証金","確報","0","100","16800","0","0","0","16800","-100"
"4447","ピー・ビーシステムズ","福証","20230907","日証金","確報","0","0","0","0","0","0","0","0"
"4448","Ｃｈａｔｗｏｒｋ","東証","20230907","日証金","確報","8700","8300","142300","2500","2100","142300","0","0"
"4449","ギフティ","東証","20230907","日証金","確報","7600","7600","205700","0","0","205700","0","0"
"4450","ＰＳＯＬ","東証","20230907","日証金","確報","0","0","400","0","0","0","400","0"
"4452","花王","東証","20230907","日証金","確報","600","1000","12900","7300","0","166100","-153200","-7700"
"4461","第一工業製薬","東証","20230907","日証金","確報","200","0","7400","200","0","1300","6100","0"
"4462","石原ケミカル","東証","20230907","日証金","確報","100","0","6000","0","0","5100","900","100"
"4463","日華化学","名証","20230907","日証金","確報","0","0","0","0","0","0","0","0"
"4463","日華化学","東証","20230907","日証金","確報","0","0","2200","0","0","0","2200","0"
"4464","ソフト９９","東証","20230907","日証金","確報","0","100","0","0","0","0","0","-100"
"4465","ニイタカ","東証","20230907","日証金","確報","100","100","4000","0","0","1000","3000","0"
"4471","三洋化成工業","東証","20230907","日証金","確報","0","100","5900","0","0","0","5900","-100"
"4475","ＨＥＮＮＧＥ","東証","20230907","日証金","確報","53600","58600","203900","1500","6500","203900","0","0"
"4476","ＡＩ　ＣＲＯＳＳ","東証","20230907","日証金","確報","200","300","12100","0","0","0","12100","-100"
"4477","ＢＡＳＥ","東証","20230907","日証金","確報","9600","62900","273200","16600","126700","216400","56800","56800"
"4478","フリー","東証","20230907","日証金","確報","6100","800","22800","5300","0","22800","0","0"
"4479","マクアケ","東証","20230907","日証金","確報","0","0","18000","0","0","0","18000","0"
"4480","メドレー","東証","20230907","日証金","確報","1300","200","7200","0","30100","123500","-116300","31200"
"4481","ベース","東証","20230907","日証金","確報","0","0","4000","0","0","200","3800","0"
"4482","ウィルズ","東証","20230907","日証金","確報","0","0","4700","0","0","0","4700","0"
"4483","ＪＭＤＣ","東証","20230907","日証金","確報","400","1700","29900","0","0","0","29900","-1300"
"4484","ランサーズ","東証","20230907","日証金","確報","0","0","7600","0","0","0","7600","0"
"4485","ＪＴＯＷＥＲ","東証","20230907","日証金","確報","4400","400","40000","1500","2400","42200","-2200","4900"
"4486","ユナイトアンドグロウ","東証","20230907","日証金","確報","0","0","1300","0","0","0","1300","0"
"4487","スペースマーケット","東証","20230907","日証金","確報","0","3200","59300","0","0","0","59300","-3200"
"4488","ＡＩ　ｉｎｓｉｄｅ","東証","20230907","日証金","確報","300","0","13800","0","0","0","13800","300"
"4489","ペイロール","東証","20230907","日証金","確報","0","1100","3000","0","0","1300","1700","-1100"
"4490","ビザスク","東証","20230907","日証金","確報","0","0","5400","0","0","0","5400","0"
"4491","Ｃマネージメント","東証","20230907","日証金","確報","0","0","0","0","0","0","0","0"
"4492","ゼネテック","東証","20230907","日証金","確報","0","100","4600","0","0","0","4600","-100"
"4493","サイバーセキュリ","東証","20230907","日証金","確報","1000","1000","49300","0","0","0","49300","0"
"4494","バリオセキュア","東証","20230907","日証金","確報","0","0","4100","0","0","0","4100","0"
"4495","アイキューブド","東証","20230907","日証金","確報","0","0","1300","0","0","0","1300","0"
"4496","コマースワン","東証","20230907","日証金","確報","0","0","1100","0","0","0","1100","0"
"4498","サイバートラスト","東証","20230907","日証金","確報","800","100","6000","0","0","0","6000","700"
"4499","Ｓｐｅｅｅ","東証","20230907","日証金","確報","1300","400","37300","0","0","0","37300","900"
"4502","武田薬品工業","名証","20230907","日証金","確報","0","0","0","0","0","0","0","0"
"4502","武田薬品工業","札証","20230907","日証金","確報","0","0","0","0","0","0","0","0"
"4502","武田薬品工業","東証","20230907","日証金","確報","200","4000","32300","0","300","2500","29800","-3500"
"4502","武田薬品工業","福証","20230907","日証金","確報","0","0","0","0","0","0","0","0"
"4503","アステラス製薬","東証","20230907","日証金","確報","1000","2000","16100","900","400","1200","14900","-1500"
"4506","住友ファーマ","東証","20230907","日証金","確報","15200","500","157900","0","0","1500","156400","14700"
"4507","塩野義製薬","東証","20230907","日証金","確報","1100","800","28100","0","3800","3600","24500","4100"
"4512","わかもと製薬","東証","20230907","日証金","確報","0","0","5800","0","0","1800","4000","0"
"4516","日本新薬","東証","20230907","日証金","確報","0","3600","3500","500","0","500","3000","-4100"
"4519","中外製薬","東証","20230907","日証金","確報","100","800","16000","9600","300","120400","-104400","-10000"
"4521","科研製薬","東証","20230907","日証金","確報","100","100","6500","0","600","1200","5300","600"
"4523","エーザイ","東証","20230907","日証金","確報","3500","100","68900","0","1100","2800","66100","4500"
"4524","森下仁丹","東証","20230907","日証金","確報","0","500","5400","0","0","0","5400","-500"
"4526","理研ビタミン","東証","20230907","日証金","確報","500","0","3900","700","0","3900","0","-200"
"4527","ロート製薬","東証","20230907","日証金","確報","700","1400","11500","400","1300","25400","-13900","200"
"4528","小野薬品工業","東証","20230907","日証金","確報","700","200","19100","0","0","0","19100","500"
"4530","久光製薬","名証","20230907","日証金","確報","0","0","0","0","0","0","0","0"
"4530","久光製薬","東証","20230907","日証金","確報","0","100","800","300","1100","42300","-41500","700"
"4530","久光製薬","福証","20230907","日証金","確報","0","0","0","0","0","0","0","0"
"4531","有機合成薬品工業","東証","20230907","日証金","確報","0","0","5700","0","0","1300","4400","0"
"4534","持田製薬","東証","20230907","日証金","確報","100","100","1600","0","0","1600","0","0"
"4536","参天製薬","東証","20230907","日証金","確報","1400","0","12000","100","0","600","11400","1300"
"4538","扶桑薬品工業","東証","20230907","日証金","確報","200","200","600","100","600","100","500","500"
"4539","日本ケミファ","東証","20230907","日証金","確報","100","0","400","0","0","0","400","100"
"4540","ツムラ","東証","20230907","日証金","確報","0","100","5700","0","0","700","5000","-100"
"4543","テルモ","東証","20230907","日証金","確報","0","1000","22700","4300","1400","62800","-40100","-3900"
"4544","ＨＵグループＨＤ","東証","20230907","日証金","確報","200","0","6700","200","0","6700","0","0"
"4547","キッセイ薬品工業","東証","20230907","日証金","確報","0","0","3600","0","1200","4400","-800","1200"
"4548","生化学工業","東証","20230907","日証金","確報","600","0","2500","0","0","1400","1100","600"
"4549","栄研化学","東証","20230907","日証金","確報","100","0","6400","0","0","2000","4400","100"
"4551","鳥居薬品","東証","20230907","日証金","確報","200","0","200","200","0","200","0","0"
"4552","ＪＣＲファーマ","東証","20230907","日証金","確報","500","500","11400","0","0","11400","0","0"
"4553","東和薬品","東証","20230907","日証金","確報","0","600","12300","2400","3900","94100","-81800","900"
"4554","富士製薬工業","東証","20230907","日証金","確報","0","0","3000","0","0","400","2600","0"
"4556","カイノス","東証","20230907","日証金","確報","0","0","5200","0","0","0","5200","0"
"4558","中京医薬品","東証","20230907","日証金","確報","0","0","2200","0","0","0","2200","0"
"4559","ゼリア新薬工業","東証","20230907","日証金","確報","0","200","1700","0","200","1700","0","0"
"4563","アンジェス","東証","20230907","日証金","確報","0","9800","340500","0","0","0","340500","-9800"
"4564","オンコセラピサイエン","東証","20230907","日証金","確報","4200","62500","898100","0","0","0","898100","-58300"
"4565","そーせいグループ","東証","20230907","日証金","確報","16900","16900","300000","0","0","300000","0","0"
"4568","第一三共","東証","20230907","日証金","確報","10000","13300","98300","400","0","500","97800","-3700"
"4569","杏林製薬","東証","20230907","日証金","確報","0","0","3100","0","100","10300","-7200","100"
"4570","免疫生物研究所","東証","20230907","日証金","確報","0","1600","54000","0","0","0","54000","-1600"
"4571","ＮＡＮＯ　ＭＲＮＡ","東証","20230907","日証金","確報","500","300","61300","0","0","0","61300","200"
"4572","カルナバイオサイエ","東証","20230907","日証金","確報","3100","1700","135700","0","0","0","135700","1400"
"4574","大幸薬品","東証","20230907","日証金","確報","0","82100","17300","800","700","241700","-224400","-82200"
"4575","キャンバス","東証","20230907","日証金","確報","900","3200","100100","0","0","0","100100","-2300"
"4576","デウエスタンセラピテ","東証","20230907","日証金","確報","2600","0","69000","0","0","0","69000","2600"
"4577","ダイト","東証","20230907","日証金","確報","300","300","400","0","400","0","400","400"
"4578","大塚ホールディングス","東証","20230907","日証金","確報","0","2300","21800","300","6700","21800","0","4100"
"4579","ラクオリア創薬","東証","20230907","日証金","確報","2800","0","25400","0","0","0","25400","2800"
"4581","大正製薬ＨＤ","東証","20230907","日証金","確報","100","0","500","0","0","0","500","100"
"4582","シンバイオ製薬","東証","20230907","日証金","確報","5100","0","55000","0","0","0","55000","5100"
"4583","カイオムバイオサイエ","東証","20230907","日証金","確報","2600","0","73500","0","0","0","73500","2600"
"4584","キッズウェル・バイオ","東証","20230907","日証金","確報","300","200","31200","0","0","0","31200","100"
"4586","メドレックス","東証","20230907","日証金","確報","6900","600","119200","0","0","0","119200","6300"
"4587","ペプチドリーム","東証","20230907","日証金","確報","5200","1000","52300","0","0","0","52300","4200"
"4588","オンコリスバイオ","東証","20230907","日証金","確報","200","200","27300","0","0","0","27300","0"
"4591","リボミック","東証","20230907","日証金","確報","2400","400","97600","0","0","0","97600","2000"
"4592","サンバイオ","東証","20230907","日証金","確報","23900","0","116500","0","0","0","116500","23900"
"4593","ヘリオス","東証","20230907","日証金","確報","54700","5700","296200","400","0","556200","-260000","48600"
"4594","ブライトパス・バイオ","東証","20230907","日証金","確報","0","20600","312200","0","0","0","312200","-20600"
"4595","ミズホメディー","東証","20230907","日証金","確報","1300","200","6900","0","0","0","6900","1100"
"4596","窪田製薬ＨＤ","東証","20230907","日証金","確報","9900","200","173600","0","0","0","173600","9700"
"4597","ソレイジア・ファーマ","東証","20230907","日証金","確報","9400","51900","810100","0","1300","8000","802100","-41200"
"4598","ＤＥＬＴＡ－Ｐ","東証","20230907","日証金","確報","4000","0","77700","0","0","0","77700","4000"
"4599","ステムリム","東証","20230907","日証金","確報","5900","100","156700","0","0","0","156700","5800"
"4611","大日本塗料","東証","20230907","日証金","確報","0","2300","1600","0","0","700","900","-2300"
"4612","日本ペイントＨＤ","東証","20230907","日証金","確報","2400","63500","16400","1500","110000","16400","0","47400"
"4613","関西ペイント","東証","20230907","日証金","確報","6500","6000","46700","1400","900","46700","0","0"
"4615","神東塗料","東証","20230907","日証金","確報","0","400","13700","0","0","0","13700","-400"
"4616","川上塗料","東証","20230907","日証金","確報","0","0","36100","0","0","0","36100","0"
"4617","中国塗料","東証","20230907","日証金","確報","15000","5700","174200","0","0","2000","172200","9300"
"4619","日本特殊塗料","東証","20230907","日証金","確報","900","5500","13100","0","1400","200","12900","-3200"
"4620","藤倉化成","東証","20230907","日証金","確報","1100","1100","6500","0","0","6500","0","0"
"4621","ロックペイント","東証","20230907","日証金","確報","0","0","4900","0","0","0","4900","0"
"4623","アサヒペン","東証","20230907","日証金","確報","0","0","800","0","0","0","800","0"
"4624","イサム塗料","東証","20230907","日証金","確報","0","0","600","0","0","0","600","0"
"4625","アトミクス","東証","20230907","日証金","確報","0","0","0","0","0","0","0","0"
"4626","太陽ホールディングス","東証","20230907","日証金","確報","0","300","2100","200","0","800","1300","-500"
"4627","ナトコ","東証","20230907","日証金","確報","0","0","300","0","0","0","300","0"
"4628","エスケー化研","東証","20230907","日証金","確報","0","0","0","0","0","0","0","0"
"4629","大伸化学","東証","20230907","日証金","確報","0","0","1600","0","0","0","1600","0"
"4631","ＤＩＣ","東証","20230907","日証金","確報","0","2000","7200","0","0","900","6300","-2000"
"4633","サカタインクス","東証","20230907","日証金","確報","100","200","9000","0","0","300","8700","-100"
"4634","東洋インキＳＣ　ＨＤ","東証","20230907","日証金","確報","0","1100","6400","300","1400","6400","0","0"
"4635","東京インキ","東証","20230907","日証金","確報","0","0","600","0","0","0","600","0"
"4636","Ｔ＆Ｋ　ＴＯＫＡ","東証","20230907","日証金","確報","0","0","400","0","0","0","400","0"
"4641","アルプス技研","東証","20230907","日証金","確報","0","300","3300","200","0","400","2900","-500"
"4642","オリジナル設計","東証","20230907","日証金","確報","0","0","1000","0","0","0","1000","0"
"4644","イマジニア","東証","20230907","日証金","確報","0","0","135700","0","0","6600","129100","0"
"4645","市進ホールディングス","東証","20230907","日証金","確報","0","0","0","0","0","0","0","0"
"4650","ＳＤエンター","東証","20230907","日証金","確報","0","0","600","0","0","0","600","0"
"4651","サニックス","東証","20230907","日証金","確報","1900","0","79600","2400","0","6400","73200","-500"
"4651","サニックス","福証","20230907","日証金","確報","0","0","0","0","0","0","0","0"
"4657","環境管理センター","東証","20230907","日証金","確報","1200","500","31200","0","0","0","31200","700"
"4658","日本空調サービス","名証","20230907","日証金","確報","0","0","0","0","0","0","0","0"
"4658","日本空調サービス","東証","20230907","日証金","確報","0","0","2200","0","0","0","2200","0"
"4659","エイジス","東証","20230907","日証金","確報","0","0","700","0","0","0","700","0"
"4661","オリエンタルランド","東証","20230907","日証金","確報","600","6400","165600","400","100","25900","139700","-6100"
"4662","フォーカスシステムズ","東証","20230907","日証金","確報","0","0","2400","0","0","0","2400","0"
"4664","アール・エス・シー","東証","20230907","日証金","確報","0","0","3300","0","0","0","3300","0"
"4665","ダスキン","東証","20230907","日証金","確報","200","2000","4200","1300","200","8900","-4700","-2900"
"4666","パーク二四","東証","20230907","日証金","確報","400","1000","37800","0","0","0","37800","-600"
"4667","アイサンテクノロジー","東証","20230907","日証金","確報","200","0","5700","0","0","0","5700","200"
"4668","明光ネットワクジャパ","東証","20230907","日証金","確報","900","0","4200","12100","900","62800","-58600","-10300"
"4671","ファルコＨＤ","東証","20230907","日証金","確報","0","200","10200","0","100","0","10200","-100"
"4673","川崎地質","東証","20230907","日証金","確報","0","0","3600","0","0","0","3600","0"
"4674","クレスコ","東証","20230907","日証金","確報","100","0","1500","0","0","0","1500","100"
"4676","フジ・メディア・ＨＤ","東証","20230907","日証金","確報","0","1000","39200","100","1800","5500","33700","700"
"4678","秀英予備校","東証","20230907","日証金","確報","0","0","300","0","0","0","300","0"
"4679","田谷","東証","20230907","日証金","確報","0","0","200","0","0","0","200","0"
"4680","ラウンドワン","東証","20230907","日証金","確報","0","29000","508700","0","0","0","508700","-29000"
"4681","リゾートトラスト","名証","20230907","日証金","確報","0","0","0","0","0","0","0","0"
"4681","リゾートトラスト","東証","20230907","日証金","確報","0","400","9200","700","0","700","8500","-1100"
"4684","オービック","東証","20230907","日証金","確報","0","200","400","0","0","0","400","-200"
"4685","菱友システムズ","東証","20230907","日証金","確報","0","0","500","0","0","0","500","0"
"4686","ジャストシステム","東証","20230907","日証金","確報","0","100","8800","0","0","100","8700","-100"
"4687","ＴＤＣソフト","東証","20230907","日証金","確報","1300","0","2800","100","0","700","2100","1200"
"4689","Ｚホールディングス","東証","20230907","日証金","確報","3100","5600","571600","15900","66000","388800","182800","47600"
"4690","日本パレットプール","東証","20230907","日証金","確報","0","0","3700","0","0","0","3700","0"
"4691","ワシントンホテル","名証","20230907","日証金","確報","0","0","0","0","0","0","0","0"
"4691","ワシントンホテル","東証","20230907","日証金","確報","0","5200","20100","0","0","0","20100","-5200"
"4694","ビー・エム・エル","東証","20230907","日証金","確報","600","0","2400","700","100","2400","0","0"
"4704","トレンドマイクロ","東証","20230907","日証金","確報","0","100","12700","400","0","2200","10500","-500"
"4705","クリップコーポ","東証","20230907","日証金","確報","100","0","700","0","0","0","700","100"
"4707","キタック","東証","20230907","日証金","確報","0","300","9700","0","0","0","9700","-300"
"4709","ＩＤホールディングス","東証","20230907","日証金","確報","100","0","6200","0","0","1900","4300","100"
"4712","ＫｅｙＨｏｌｄｅｒ","東証","20230907","日証金","確報","700","0","17000","0","0","0","17000","700"
"4714","リソー教育","東証","20230907","日証金","確報","400","800","235800","0","0","300","235500","-400"
"4716","日本オラクル","東証","20230907","日証金","確報","500","200","4000","0","0","1500","2500","300"
"4718","早稲田アカデミー","東証","20230907","日証金","確報","0","0","4700","100","0","2500","2200","-100"
"4719","アルファシステムズ","東証","20230907","日証金","確報","0","0","300","0","0","200","100","0"
"4720","城南進学研究社","東証","20230907","日証金","確報","0","0","2500","0","0","0","2500","0"
"4722","フューチャー","東証","20230907","日証金","確報","4100","3700","25200","500","100","25200","0","0"
"4725","ＣＡＣＨＤ","東証","20230907","日証金","確報","0","900","3600","0","4500","0","3600","3600"
"4726","ＳＢテクノロジー","東証","20230907","日証金","確報","200","0","2500","0","0","0","2500","200"
"4728","トーセ","東証","20230907","日証金","確報","0","100","1500","0","0","0","1500","-100"
"4732","ユー・エス・エス","名証","20230907","日証金","確報","0","0","0","0","0","0","0","0"
"4732","ユー・エス・エス","東証","20230907","日証金","確報","400","200","2400","1300","0","2400","0","-1100"
"4733","オービックＢＣ","東証","20230907","日証金","確報","0","1500","900","0","0","0","900","-1500"
"4735","京進","東証","20230907","日証金","確報","0","0","0","0","0","0","0","0"
"4736","日本ラッド","東証","20230907","日証金","確報","0","0","41300","0","0","0","41300","0"
"4739","伊藤忠テクノソリュシ","東証","20230907","日証金","確報","300","0","500","100","0","5800","-5300","200"
"4743","アイティフォー","東証","20230907","日証金","確報","0","100","36700","0","0","0","36700","-100"
"4745","東京個別指導学院","東証","20230907","日証金","確報","400","400","21300","0","100","38200","-16900","100"
"4746","東計電算","東証","20230907","日証金","確報","0","0","600","0","0","300","300","0"
"4748","構造計画研究所","東証","20230907","日証金","確報","0","100","1100","0","0","0","1100","-100"
"4750","ダイサン","東証","20230907","日証金","確報","0","0","200","0","0","0","200","0"
"4751","サイバーエージェント","東証","20230907","日証金","確報","5800","4700","267300","500","8500","13900","253400","9100"
"4752","昭和システム","東証","20230907","日証金","確報","0","100","500","0","0","0","500","-100"
"4754","トスネット","東証","20230907","日証金","確報","0","0","2000","0","0","0","2000","0"
"4755","楽天グループ","東証","20230907","日証金","確報","537400","0","2822600","0","460600","4826100","-2003500","998000"
"4760","アルファ","東証","20230907","日証金","確報","200","0","200","0","0","0","200","200"
"4761","さくらケーシーエス","東証","20230907","日証金","確報","0","0","200","0","0","0","200","0"
"4762","エックスネット","東証","20230907","日証金","確報","100","0","1300","0","0","0","1300","100"
"4763","クリーク＆リバー社","東証","20230907","日証金","確報","0","2400","4200","600","0","600","3600","-3000"
"4765","ＳＢＩＧアセットＭ","東証","20230907","日証金","確報","0","1600","43400","0","0","4200","39200","-1600"
"4766","ピーエイ","東証","20230907","日証金","確報","0","0","2200","0","0","0","2200","0"
"4767","テーオーダブリュー","東証","20230907","日証金","確報","100","0","9400","0","0","0","9400","100"
"4768","大塚商会","東証","20230907","日証金","確報","4100","300","7500","300","3500","15300","-7800","7000"
"4769","ＩＣ","東証","20230907","日証金","確報","0","0","600","0","0","200","400","0"
"4770","図研エルミック","東証","20230907","日証金","確報","1000","600","75500","0","0","0","75500","400"
"4771","エフアンドエム","東証","20230907","日証金","確報","0","0","3400","0","0","1500","1900","0"
"4772","ストリームメディ","東証","20230907","日証金","確報","300","300","108800","0","0","0","108800","0"
"4776","サイボウズ","東証","20230907","日証金","確報","1000","0","65900","1800","0","5200","60700","-800"
"4777","ガーラ","東証","20230907","日証金","確報","2600","0","25900","0","0","0","25900","2600"
"4781","日本ハウズイング","東証","20230907","日証金","確報","0","0","200","0","0","0","200","0"
"4783","日本コンピュータＤ","東証","20230907","日証金","確報","0","0","9200","0","0","2000","7200","0"
"4784","ＧＭＯアドパートナー","東証","20230907","日証金","確報","200","0","21800","0","0","0","21800","200"
"4792","山田コンサルティング","東証","20230907","日証金","確報","100","300","4500","200","0","500","4000","-400"
"4800","オリコン","東証","20230907","日証金","確報","0","0","2400","0","0","0","2400","0"
"4801","セントラルスポーツ","東証","20230907","日証金","確報","0","0","0","0","0","0","0","0"
"4809","パラカ","東証","20230907","日証金","確報","0","0","200","0","0","0","200","0"
"4812","電通国際情報サービス","東証","20230907","日証金","確報","0","0","600","100","700","9100","-8500","600"
"4813","ＡＣＣＥＳＳ","東証","20230907","日証金","確報","2300","0","19000","1100","0","1100","17900","1200"
"4814","ネクストウェア","東証","20230907","日証金","確報","300","0","14700","0","0","0","14700","300"
"4816","東映アニメーション","東証","20230907","日証金","確報","100","4400","22200","700","0","99100","-76900","-5000"
"4819","デジタルガレージ","東証","20230907","日証金","確報","5900","0","8400","0","100","1300","7100","6000"
"4820","イーエムシステムズ","東証","20230907","日証金","確報","800","800","10500","0","0","10500","0","0"
"4824","メディアシーク","東証","20230907","日証金","確報","0","0","15000","0","0","0","15000","0"
"4825","ウェザーニューズ","東証","20230907","日証金","確報","0","100","4800","0","0","600","4200","-100"
"4826","シー・アイ・ジェイ","東証","20230907","日証金","確報","0","0","46800","700","0","55900","-9100","-700"
"4827","ビジネス・ワンＨＤ","福証","20230907","日証金","確報","0","0","0","0","0","0","0","0"
"4828","ビーエンジ","東証","20230907","日証金","確報","100","600","1200","0","0","1200","0","-500"
"4829","日本エンタープライズ","東証","20230907","日証金","確報","700","0","35900","7400","900","9700","26200","-5800"
"4832","ＪＦＥシステムズ","東証","20230907","日証金","確報","0","100","1100","0","0","0","1100","-100"
"4833","サクセスＨ","東証","20230907","日証金","確報","0","700","28000","0","0","0","28000","-700"
"4834","キャリアバンク","札証","20230907","日証金","確報","0","0","500","0","0","0","500","0"
"4837","シダックス","東証","20230907","日証金","確報","226000","0","460800","0","0","0","460800","226000"
"4838","スペースシャワー","東証","20230907","日証金","確報","300","0","1000","0","0","0","1000","300"
"4839","ワウワウ","東証","20230907","日証金","確報","1100","100","7500","1200","200","7500","0","0"
"4840","トライアイズ","東証","20230907","日証金","確報","100","0","1900","0","0","0","1900","100"
"4845","スカラ","東証","20230907","日証金","確報","500","0","3400","0","0","0","3400","500"
"4847","インテリジェントウェ","東証","20230907","日証金","確報","4300","1000","18000","800","0","4900","13100","2500"
"4848","フルキャストＨＤ","東証","20230907","日証金","確報","200","0","1300","0","0","0","1300","200"
"4849","エン・ジャパン","東証","20230907","日証金","確報","0","0","10600","600","200","9900","700","-400"
"4875","メディシノバ・インク","東証","20230907","日証金","確報","200","0","100200","0","0","0","100200","200"
"4880","セルソース","東証","20230907","日証金","確報","2500","1500","56600","0","0","0","56600","1000"
"4881","ファンペップ","東証","20230907","日証金","確報","0","3600","60500","0","0","0","60500","-3600"
"4882","ペルセウス","東証","20230907","日証金","確報","1000","200","15800","0","0","0","15800","800"
"4883","モダリス","東証","20230907","日証金","確報","9200","2100","118700","0","0","0","118700","7100"
"4884","クリングルファーマ","東証","20230907","日証金","確報","0","100","10000","0","0","0","10000","-100"
"4885","室町ケミカル","東証","20230907","日証金","確報","1700","200","6600","0","0","3400","3200","1500"
"4886","あすか製薬ＨＤ","東証","20230907","日証金","確報","0","0","31200","100","0","5000","26200","-100"
"4887","サワイグループＨＤ","東証","20230907","日証金","確報","600","2900","7000","1100","1100","38600","-31600","-2300"
"4888","ステラファーマ","東証","20230907","日証金","確報","0","2000","25700","0","0","0","25700","-2000"
"4889","レナサイエンス","東証","20230907","日証金","確報","2000","1100","47200","0","0","0","47200","900"
"4890","坪田ラボ","東証","20230907","日証金","確報","0","700","20100","0","0","0","20100","-700"
"4891","ティムス","東証","20230907","日証金","確報","1500","0","110300","0","0","0","110300","1500"
"4892","サイフューズ","東証","20230907","日証金","確報","0","1600","58400","0","0","0","58400","-1600"
"4893","ノイルイミューン","東証","20230907","日証金","確報","2700","0","15900","0","0","0","15900","2700"
"4894","クオリプス","東証","20230907","日証金","確報","200","2400","28100","0","0","0","28100","-2200"
"4901","富士フイルムＨＤ","東証","20230907","日証金","確報","100","6100","11100","400","1800","3500","7600","-4600"
"4902","コニカミノルタ","東証","20230907","日証金","確報","3300","100","72800","4800","0","64800","8000","-1600"
"4911","資生堂","東証","20230907","日証金","確報","10100","800","96300","4000","2400","79000","17300","7700"
"4912","ライオン","東証","20230907","日証金","確報","7000","0","22800","9000","2000","22800","0","0"
"4914","高砂香料工業","東証","20230907","日証金","確報","0","0","100","200","0","4300","-4200","-200"
"4917","マンダム","東証","20230907","日証金","確報","200","0","12100","0","0","0","12100","200"
"4918","アイビー化粧品","東証","20230907","日証金","確報","500","0","9800","0","0","0","9800","500"
"4919","ミルボン","東証","20230907","日証金","確報","0","3700","5300","300","400","1700","3600","-3600"
"4920","日本色材工業研究所","東証","20230907","日証金","確報","200","0","5000","0","0","0","5000","200"
"4921","ファンケル","東証","20230907","日証金","確報","900","200","6300","800","0","1900","4400","-100"
"4922","コーセー","東証","20230907","日証金","確報","0","700","16800","0","400","1100","15700","-300"
"4923","コタ","東証","20230907","日証金","確報","0","200","600","0","200","600","0","0"
"4925","ハーバー研究所","東証","20230907","日証金","確報","0","0","700","0","0","0","700","0"
"4926","シーボン","東証","20230907","日証金","確報","0","0","200","0","0","0","200","0"
"4927","ポーラオルビスＨＤ","東証","20230907","日証金","確報","200","0","14400","0","0","0","14400","200"
"4928","ノエビアＨＤ","東証","20230907","日証金","確報","0","0","1200","0","900","100","1100","900"
"4929","アジュバンＨＤ","東証","20230907","日証金","確報","0","100","4400","200","100","8000","-3600","-200"
"4930","グラフィコ","東証","20230907","日証金","確報","0","0","1000","0","0","0","1000","0"
"4931","新日本製薬","東証","20230907","日証金","確報","300","0","2800","0","0","0","2800","300"
"4932","アルマード","東証","20230907","日証金","確報","0","100","23600","0","0","0","23600","-100"
"4933","Ｉ－ｎｅ","東証","20230907","日証金","確報","300","100","13600","0","0","0","13600","200"
"4934","Ｐアンチエイジ","東証","20230907","日証金","確報","13300","13300","211000","0","0","211000","0","0"
"4935","リベルタ","東証","20230907","日証金","確報","0","0","1600","0","0","0","1600","0"
"4936","アクシージア","東証","20230907","日証金","確報","0","800","7900","200","0","3600","4300","-1000"
"4937","Ｗａｑｏｏ","東証","20230907","日証金","確報","100","100","2100","0","0","0","2100","0"
"4951","エステー","東証","20230907","日証金","確報","0","0","4400","0","0","0","4400","0"
"4955","アグロ　カネショウ","東証","20230907","日証金","確報","500","200","1200","0","100","600","600","400"
"4956","コニシ","東証","20230907","日証金","確報","300","600","2100","0","100","2300","-200","-200"
"4957","ヤスハラケミカル","東証","20230907","日証金","確報","0","0","5500","0","100","400","5100","100"
"4958","長谷川香料","東証","20230907","日証金","確報","100","0","400","1300","0","4200","-3800","-1200"
"4960","ケミプロ化成","東証","20230907","日証金","確報","700","0","1000","0","0","0","1000","700"
"4963","星光ＰＭＣ","東証","20230907","日証金","確報","7900","9400","24700","0","0","0","24700","-1500"
"4966","上村工業","東証","20230907","日証金","確報","0","0","300","0","0","0","300","0"
"4967","小林製薬","東証","20230907","日証金","確報","1300","0","16000","100","0","2000","14000","1200"
"4968","荒川化学工業","東証","20230907","日証金","確報","0","2400","1700","400","200","4000","-2300","-2600"
"4970","東洋合成工業","東証","20230907","日証金","確報","300","0","19200","0","0","0","19200","300"
"4971","メック","東証","20230907","日証金","確報","100","0","200","600","2400","41700","-41500","1900"
"4972","綜研化学","東証","20230907","日証金","確報","400","100","2100","0","0","0","2100","300"
"4973","日本高純度化学","東証","20230907","日証金","確報","0","0","0","0","0","0","0","0"
"4974","タカラバイオ","東証","20230907","日証金","確報","500","100","20600","0","0","0","20600","400"
"4975","ＪＣＵ","東証","20230907","日証金","確報","0","500","2600","100","0","700","1900","-600"
"4976","東洋ドライルーブ","東証","20230907","日証金","確報","0","0","300","0","0","0","300","0"
"4977","新田ゼラチン","東証","20230907","日証金","確報","100","1100","13000","0","0","4000","9000","-1000"
"4978","リプロセル","東証","20230907","日証金","確報","200","1100","151800","0","0","0","151800","-900"
"4979","ＯＡＴアグリオ","東証","20230907","日証金","確報","0","1000","7800","0","0","0","7800","-1000"
"4980","デクセリアルズ","東証","20230907","日証金","確報","5400","4200","8500","8300","7100","8500","0","0"
"4985","アース製薬","東証","20230907","日証金","確報","200","200","3300","1500","0","3700","-400","-1500"
"4987","寺岡製作所","東証","20230907","日証金","確報","0","0","14000","0","0","0","14000","0"
"4990","昭和化学工業","東証","20230907","日証金","確報","0","0","100","0","0","0","100","0"
"4992","北興化学工業","東証","20230907","日証金","確報","400","0","13000","0","100","0","13000","500"
"4994","大成ラミック","東証","20230907","日証金","確報","100","0","800","100","0","1500","-700","0"
"4995","サンケイ化学","福証","20230907","日証金","確報","0","0","500","0","0","0","500","0"
"4996","クミアイ化学工業","東証","20230907","日証金","確報","800","0","41000","0","0","200","40800","800"
"4997","日本農薬","東証","20230907","日証金","確報","32800","2500","77000","100","0","132700","-55700","30200"
"4998","フマキラー","東証","20230907","日証金","確報","400","0","8400","400","0","8400","0","0"
"5009","富士興産","東証","20230907","日証金","確報","800","1000","8200","0","200","8200","0","0"
"5010","日本精蝋","東証","20230907","日証金","確報","0","0","10300","0","0","0","10300","0"
"5011","ニチレキ","東証","20230907","日証金","確報","3700","800","6200","3300","400","6200","0","0"
"5013","ユシロ化学工業","東証","20230907","日証金","確報","1500","8400","8800","200","0","200","8600","-7100"
"5015","ビーピーカストロール","東証","20230907","日証金","確報","0","0","3400","0","0","0","3400","0"
"5017","富士石油","東証","20230907","日証金","確報","7400","800","112600","0","200","1700","110900","6800"
"5018","ＭＯＲＥＳＣＯ","東証","20230907","日証金","確報","0","400","1400","100","500","1400","0","0"
"5019","出光興産","東証","20230907","日証金","確報","1700","2000","32400","900","0","5900","26500","-1200"
"5020","ＥＮＥＯＳ","名証","20230907","日証金","確報","0","0","0","0","0","0","0","0"
"5020","ＥＮＥＯＳ","東証","20230907","日証金","確報","14800","3500","364100","0","4400","82700","281400","15700"
"5021","コスモエネルギーＨＤ","東証","20230907","日証金","確報","100","300","22900","0","0","0","22900","-200"
"5025","マーキュリーＲＩ","東証","20230907","日証金","確報","0","0","3300","0","0","0","3300","0"
"5026","トリプルアイズ","東証","20230907","日証金","確報","100","0","6600","0","0","0","6600","100"
"5027","ＡｎｙＭｉｎｄ","東証","20230907","日証金","確報","4000","800","12900","0","0","0","12900","3200"
"5028","セカンドサイト","東証","20230907","日証金","確報","0","300","2600","0","0","0","2600","-300"
"5029","サークレイス","東証","20230907","日証金","確報","0","0","4500","0","0","0","4500","0"
"5031","モイ","東証","20230907","日証金","確報","0","0","18700","0","0","0","18700","0"
"5032","ＡＮＹＣＯＬＯＲ","東証","20230907","日証金","確報","10600","0","305100","0","0","0","305100","10600"
"5033","ヌーラボ","東証","20230907","日証金","確報","0","0","6700","0","0","0","6700","0"
"5034","ｕｎｅｒｒｙ","東証","20230907","日証金","確報","0","900","17400","0","0","0","17400","-900"
"5035","ＨＯＵＳＥＩ","東証","20230907","日証金","確報","1400","100","25900","0","0","0","25900","1300"
"5036","日本ビジネスシステム","東証","20230907","日証金","確報","0","100","5600","0","0","100","5500","-100"
"5038","ｅＷｅＬＬ","東証","20230907","日証金","確報","400","0","8400","0","0","0","8400","400"
"5039","キットアライブ","札証","20230907","日証金","確報","100","0","200","0","0","0","200","100"
"5070","ドラフト","東証","20230907","日証金","確報","0","1600","7300","0","0","400","6900","-1600"
"5071","ヴィス","東証","20230907","日証金","確報","100","0","2200","0","0","0","2200","100"
"5074","テスホールディングス","東証","20230907","日証金","確報","23200","0","224000","0","0","100","223900","23200"
"5075","アップコン","名証","20230907","日証金","確報","0","0","6500","0","0","0","6500","0"
"5076","インフロニアＨＤ","東証","20230907","日証金","確報","3300","2900","22300","600","200","22300","0","0"
"5078","セレコーポレーション","東証","20230907","日証金","確報","0","0","3100","0","0","0","3100","0"
"5079","ノバック","東証","20230907","日証金","確報","0","0","1600","0","0","0","1600","0"
"5101","横浜ゴム","東証","20230907","日証金","確報","3000","4900","71100","11100","29100","120300","-49200","16100"
"5103","昭和ホールディングス","東証","20230907","日証金","確報","0","0","4000","0","0","0","4000","0"
"5105","ＴＯＹＯ　ＴＩＲＥ","東証","20230907","日証金","確報","0","200","5000","200","0","2100","2900","-400"
"5108","ブリヂストン","東証","20230907","日証金","確報","18100","5400","34700","0","100","21900","12800","12800"
"5108","ブリヂストン","福証","20230907","日証金","確報","0","0","0","0","0","0","0","0"
"5110","住友ゴム工業","東証","20230907","日証金","確報","15300","3200","29800","12300","200","29800","0","0"
"5121","藤倉コンポジット","東証","20230907","日証金","確報","300","500","20800","3900","0","11300","9500","-4100"
"5122","オカモト","東証","20230907","日証金","確報","100","0","3000","2400","200","8400","-5400","-2100"
"5125","ファインズ","東証","20230907","日証金","確報","0","0","18600","0","0","0","18600","0"
"5126","ポーターズ","東証","20230907","日証金","確報","100","0","1900","0","0","0","1900","100"
"5127","グッピーズ","東証","20230907","日証金","確報","300","100","8900","0","0","0","8900","200"
"5129","ＦＩＸＥＲ","東証","20230907","日証金","確報","7400","6900","348700","0","0","400000","-51300","500"
"5131","リンカーズ","東証","20230907","日証金","確報","5000","0","39500","0","1600","1800","37700","6600"
"5132","ｐｌｕｓｚｅｒｏ","東証","20230907","日証金","確報","0","500","8700","0","0","0","8700","-500"
"5133","テリロジーＨＤ","東証","20230907","日証金","確報","100","0","11100","0","0","0","11100","100"
"5134","ＰＯＰＥＲ","東証","20230907","日証金","確報","0","200","4300","0","0","0","4300","-200"
"5136","ｔｒｉｐｌａ","東証","20230907","日証金","確報","100","700","27300","0","0","0","27300","-600"
"5137","スマートドライブ","東証","20230907","日証金","確報","500","200","14800","0","0","0","14800","300"
"5138","Ｒｅｂａｓｅ","東証","20230907","日証金","確報","300","0","1600","0","0","0","1600","300"
"5139","オープンワーク","東証","20230907","日証金","確報","300","0","10100","0","0","0","10100","300"
"5142","アキレス","東証","20230907","日証金","確報","100","0","9900","300","0","2600","7300","-200"
"5161","西川ゴム工業","東証","20230907","日証金","確報","0","0","600","0","0","0","600","0"
"5162","朝日ラバー","東証","20230907","日証金","確報","0","0","2200","0","0","0","2200","0"
"5184","ニチリン","東証","20230907","日証金","確報","0","100","2400","300","0","700","1700","-400"
"5185","フコク","東証","20230907","日証金","確報","400","100","13600","0","300","0","13600","600"
"5186","ニッタ","東証","20230907","日証金","確報","0","0","300","0","0","300","0","0"
"5187","クリエートメディック","東証","20230907","日証金","確報","0","0","1500","0","0","0","1500","0"
"5189","櫻護謨","東証","20230907","日証金","確報","0","200","1600","0","0","0","1600","-200"
"5191","住友理工","名証","20230907","日証金","確報","0","0","0","0","0","0","0","0"
"5191","住友理工","東証","20230907","日証金","確報","1800","2200","17800","2400","1100","12600","5200","-1700"
"5192","三ツ星ベルト","東証","20230907","日証金","確報","200","500","3500","0","300","1200","2300","0"
"5194","相模ゴム工業","東証","20230907","日証金","確報","200","400","1900","0","0","0","1900","-200"
"5195","バンドー化学","東証","20230907","日証金","確報","100","400","1000","0","300","1000","0","0"
"5199","不二ラテックス","東証","20230907","日証金","確報","0","0","800","0","0","0","800","0"
"5201","ＡＧＣ","東証","20230907","日証金","確報","1400","1900","33600","3100","2300","33600","0","-1300"
"5202","日本板硝子","東証","20230907","日証金","確報","38800","1400","197700","37700","300","197700","0","0"
"5204","石塚硝子","名証","20230907","日証金","確報","0","0","0","0","0","0","0","0"
"5204","石塚硝子","東証","20230907","日証金","確報","1800","0","9800","1600","0","3200","6600","200"
"5208","有沢製作所","東証","20230907","日証金","確報","400","0","15300","200","0","4000","11300","200"
"5210","日本山村硝子","東証","20230907","日証金","確報","4800","3700","32400","2300","0","14100","18300","-1200"
"5212","不二硝子","東証","20230907","日証金","確報","0","100","1500","0","0","0","1500","-100"
"5214","日本電気硝子","東証","20230907","日証金","確報","0","2300","6500","100","200","3500","3000","-2200"
"5216","倉元製作所","東証","20230907","日証金","確報","0","0","32000","0","0","0","32000","0"
"5217","テクノクオーツ","東証","20230907","日証金","確報","0","0","700","0","0","0","700","0"
"5218","オハラ","東証","20230907","日証金","確報","2000","600","10400","0","200","1000","9400","1600"
"5232","住友大阪セメント","東証","20230907","日証金","確報","500","900","6700","100","3900","12600","-5900","3400"
"5233","太平洋セメント","東証","20230907","日証金","確報","2900","2100","33600","0","21400","11400","22200","22200"
"5233","太平洋セメント","福証","20230907","日証金","確報","0","0","0","0","0","0","0","0"
"5237","ノザワ","東証","20230907","日証金","確報","0","0","900","100","0","100","800","-100"
"5240","ｍｏｎｏＡＩ","東証","20230907","日証金","確報","0","1700","53700","0","0","0","53700","-1700"
"5242","アイズ","東証","20230907","日証金","確報","0","0","2700","0","0","0","2700","0"
"5243","ｎｏｔｅ","東証","20230907","日証金","確報","0","1600","40900","0","0","0","40900","-1600"
"5244","ｊｉｇ．ｊｐ","東証","20230907","日証金","確報","14600","4200","130100","0","5000","30900","99200","15400"
"5246","ＥＬＥＭＥＮＴＳ","東証","20230907","日証金","確報","500","2900","61500","0","0","0","61500","-2400"
"5247","ＢＴＭ","東証","20230907","日証金","確報","700","100","10600","0","0","0","10600","600"
"5248","テクノロジーズ","東証","20230907","日証金","確報","1800","200","35000","0","0","0","35000","1600"
"5250","プライムストラテジー","東証","20230907","日証金","確報","1500","0","20700","0","0","0","20700","1500"
"5252","日本ナレッジ","東証","20230907","日証金","確報","0","100","9100","0","0","0","9100","-100"
"5253","カバー","東証","20230907","日証金","確報","10700","12200","280800","0","0","0","280800","-1500"
"5254","Ａｒｅｎｔ","東証","20230907","日証金","確報","100","1900","26700","0","0","0","26700","-1800"
"5255","モンスターラボ","東証","20230907","日証金","確報","48100","48100","1030200","0","0","1030200","0","0"
"5256","Ｆｕｓｉｃ","東証","20230907","日証金","確報","100","200","3800","0","0","0","3800","-100"
"5256","Ｆｕｓｉｃ","福証","20230907","日証金","確報","0","0","0","0","0","0","0","0"
"5257","ノバシステム","東証","20230907","日証金","確報","100","400","9100","0","0","0","9100","-300"
"5258","ＴＭＮ","東証","20230907","日証金","確報","1100","4400","79400","0","0","0","79400","-3300"
"5259","ＢＢＤイニシアティブ","東証","20230907","日証金","確報","100","0","5300","0","0","0","5300","100"
"5261","リソルＨＤ","東証","20230907","日証金","確報","0","0","600","0","0","0","600","0"
"5262","日本ヒューム","東証","20230907","日証金","確報","3800","0","43000","4400","600","43000","0","0"
"5268","旭コンクリート工業","東証","20230907","日証金","確報","0","0","200","0","0","0","200","0"
"5269","日本コンクリート工業","東証","20230907","日証金","確報","300","200","22800","200","1100","28700","-5900","1000"
"5271","トーヨーアサノ","東証","20230907","日証金","確報","0","0","2800","0","0","0","2800","0"
"5273","三谷セキサン","東証","20230907","日証金","確報","0","100","400","200","100","1000","-600","-200"
"5277","スパンクリート","東証","20230907","日証金","確報","2000","3800","6000","0","0","0","6000","-1800"
"5279","日本興業","東証","20230907","日証金","確報","0","0","4100","0","0","0","4100","0"
"5280","ヨシコン","東証","20230907","日証金","確報","0","0","1600","0","0","0","1600","0"
"5282","ジオスター","東証","20230907","日証金","確報","100","300","9200","0","0","0","9200","-200"
"5283","高見澤","東証","20230907","日証金","確報","0","0","0","0","0","0","0","0"
"5284","ヤマウＨＤ","東証","20230907","日証金","確報","0","200","1000","0","0","0","1000","-200"
"5285","ヤマックス","東証","20230907","日証金","確報","0","700","28900","0","0","0","28900","-700"
"5287","イトーヨーギョー","東証","20230907","日証金","確報","0","0","2300","0","0","0","2300","0"
"5288","アジアパイルＨＤ","東証","20230907","日証金","確報","200","0","4100","0","0","0","4100","200"
"5290","ベルテクス","東証","20230907","日証金","確報","100","0","1300","0","0","400","900","100"
"5301","東海カーボン","東証","20230907","日証金","確報","100","5100","82000","0","0","0","82000","-5000"
"5302","日本カーボン","東証","20230907","日証金","確報","0","0","5500","0","0","100","5400","0"
"5304","ＳＥＣカーボン","東証","20230907","日証金","確報","200","100","6600","0","0","0","6600","100"
"5310","東洋炭素","東証","20230907","日証金","確報","1500","0","6500","0","300","400","6100","1800"
"5331","ノリタケ","名証","20230907","日証金","確報","0","0","0","0","0","0","0","0"
"5331","ノリタケ","東証","20230907","日証金","確報","100","600","6200","300","0","5500","700","-800"
"5332","ＴＯＴＯ","名証","20230907","日証金","確報","0","0","0","0","0","0","0","0"
"5332","ＴＯＴＯ","東証","20230907","日証金","確報","400","3200","17300","0","20100","0","17300","17300"
"5332","ＴＯＴＯ","福証","20230907","日証金","確報","0","0","0","0","0","0","0","0"
"5333","日本碍子","名証","20230907","日証金","確報","0","0","0","0","0","0","0","0"
"5333","日本碍子","東証","20230907","日証金","確報","500","200","16700","300","0","16700","0","0"
"5334","日本特殊陶業","名証","20230907","日証金","確報","0","0","0","0","0","0","0","0"
"5334","日本特殊陶業","東証","20230907","日証金","確報","500","1600","26000","0","2500","5000","21000","1400"
"5337","ダントーＨＤ","東証","20230907","日証金","確報","0","2000","51000","0","0","0","51000","-2000"
"5341","ＡＳＡＨＩ　ＥＩＴＯ","東証","20230907","日証金","確報","100","100","68500","0","0","0","68500","0"
"5342","ジャニス工業","名証","20230907","日証金","確報","0","0","0","0","0","100","-100","0"
"5343","ニッコー","名証","20230907","日証金","確報","0","0","18600","0","0","0","18600","0"
"5344","ＭＡＲＵＷＡ","名証","20230907","日証金","確報","0","0","0","0","0","0","0","0"
"5344","ＭＡＲＵＷＡ","東証","20230907","日証金","確報","900","900","2100","400","2700","12300","-10200","2300"
"5351","品川リフラクトリーズ","札証","20230907","日証金","確報","0","0","0","0","0","0","0","0"
"5351","品川リフラクトリーズ","東証","20230907","日証金","確報","2900","500","8000","0","0","0","8000","2400"
"5352","黒崎播磨","東証","20230907","日証金","確報","0","200","5000","2900","0","3800","1200","-3100"
"5352","黒崎播磨","福証","20230907","日証金","確報","0","0","0","0","0","0","0","0"
"5355","日本坩堝","東証","20230907","日証金","確報","0","0","400","0","0","0","400","0"
"5356","美濃窯業","名証","20230907","日証金","確報","1900","0","19400","0","0","0","19400","1900"
"5357","ヨータイ","東証","20230907","日証金","確報","0","0","7000","0","0","700","6300","0"
"5363","東京窯業","東証","20230907","日証金","確報","0","500","58500","0","0","1600","56900","-500"
"5367","ニッカトー","東証","20230907","日証金","確報","100","0","1800","0","0","0","1800","100"
"5368","日本インシュレ","東証","20230907","日証金","確報","0","0","900","0","0","0","900","0"
"5380","新東","東証","20230907","日証金","確報","1800","0","2200","0","0","0","2200","1800"
"5381","Ｍｉｐｏｘ","東証","20230907","日証金","確報","3200","106700","327400","0","100400","437400","-110000","-3100"
"5384","フジミイン","名証","20230907","日証金","確報","0","0","0","0","0","0","0","0"
"5384","フジミイン","東証","20230907","日証金","確報","100","0","8300","900","100","6400","1900","-700"
"5386","鶴弥","名証","20230907","日証金","確報","0","0","0","0","0","0","0","0"
"5386","鶴弥","東証","20230907","日証金","確報","0","0","100","0","0","0","100","0"
"5388","クニミネ工業","東証","20230907","日証金","確報","0","0","1900","0","0","700","1200","0"
"5391","Ａ＆Ａマテリアル","東証","20230907","日証金","確報","500","300","2300","0","500","1600","700","700"
"5393","ニチアス","東証","20230907","日証金","確報","100","600","3200","0","500","3200","0","0"
"5395","理研コランダム","東証","20230907","日証金","確報","0","0","0","0","0","0","0","0"
"5401","日本製鉄","名証","20230907","日証金","確報","0","0","0","0","0","0","0","0"
"5401","日本製鉄","札証","20230907","日証金","確報","0","0","0","0","0","0","0","0"
"5401","日本製鉄","東証","20230907","日証金","確報","74200","57100","357300","0","2300","12900","344400","19400"
"5401","日本製鉄","福証","20230907","日証金","確報","0","0","0","0","0","0","0","0"
"5406","神戸製鋼所","名証","20230907","日証金","確報","0","0","0","0","0","0","0","0"
"5406","神戸製鋼所","東証","20230907","日証金","確報","58300","16800","865000","15000","0","19000","846000","26500"
"5408","中山製鋼所","東証","20230907","日証金","確報","300","12600","86200","0","0","2100","84100","-12300"
"5410","合同製鐵","東証","20230907","日証金","確報","2700","1400","27600","2000","100","9200","18400","-600"
"5411","ＪＦＥ","東証","20230907","日証金","確報","278500","7900","1635800","181100","0","4329600","-2693800","89500"
"5423","東京製鐵","東証","20230907","日証金","確報","7400","0","17600","0","13900","48000","-30400","21300"
"5440","共英製鋼","東証","20230907","日証金","確報","200","2000","10400","0","0","2500","7900","-1800"
"5444","大和工業","東証","20230907","日証金","確報","400","1200","6400","0","800","6400","0","0"
"5445","東京鐵鋼","東証","20230907","日証金","確報","300","1900","7400","0","0","0","7400","-1600"
"5446","北越メタル","東証","20230907","日証金","確報","0","0","300","0","0","0","300","0"
"5449","大阪製鐵","東証","20230907","日証金","確報","0","400","6300","0","0","2100","4200","-400"
"5451","淀川製鋼所","東証","20230907","日証金","確報","100","0","2600","300","200","2600","0","0"
"5458","高砂鐵工","東証","20230907","日証金","確報","0","0","600","0","0","0","600","0"
"5461","中部鋼鈑","名証","20230907","日証金","確報","0","0","500","0","0","0","500","0"
"5461","中部鋼鈑","東証","20230907","日証金","確報","100","400","19100","0","1800","0","19100","1500"
"5463","丸一鋼管","東証","20230907","日証金","確報","800","200","3200","700","100","3200","0","0"
"5464","モリ工業","東証","20230907","日証金","確報","0","0","1300","0","0","800","500","0"
"5471","大同特殊鋼","名証","20230907","日証金","確報","0","0","0","0","0","0","0","0"
"5471","大同特殊鋼","東証","20230907","日証金","確報","2000","900","12900","1800","700","12900","0","0"
"5476","日本高周波鋼業","東証","20230907","日証金","確報","9200","7000","28000","0","0","600","27400","2200"
"5480","日本冶金工業","東証","20230907","日証金","確報","800","8700","59200","3600","100","108700","-49500","-11400"
"5481","山陽特殊製鋼","東証","20230907","日証金","確報","500","0","3000","600","100","3000","0","0"
"5482","愛知製鋼","名証","20230907","日証金","確報","0","0","0","0","0","0","0","0"
"5482","愛知製鋼","東証","20230907","日証金","確報","1400","1300","9400","0","4900","200","9200","5000"
"5484","東北特殊鋼","東証","20230907","日証金","確報","0","0","0","0","0","0","0","0"
"5491","日本金属","東証","20230907","日証金","確報","2000","100","34900","0","0","0","34900","1900"
"5527","ｐｒｏｐｅｔｅｃ","東証","20230907","日証金","確報","300","0","7100","0","0","0","7100","300"
"5530","日本システムバンク","名証","20230907","日証金","確報","200","800","5800","0","0","0","5800","-600"
"5532","リアルゲイト","東証","20230907","日証金","確報","500","500","5500","0","0","0","5500","0"
"5533","エリッツＨＤ","東証","20230907","日証金","確報","100","0","6200","0","0","0","6200","100"
"5541","大平洋金属","東証","20230907","日証金","確報","7600","900","28100","0","0","0","28100","6700"
"5542","新報国マテリアル","東証","20230907","日証金","確報","0","0","1900","0","0","0","1900","0"
"5563","新日本電工","東証","20230907","日証金","確報","10300","4400","84900","0","0","0","84900","5900"
"5570","ジェノバ","東証","20230907","日証金","確報","0","100","22400","0","0","0","22400","-100"
"5571","エキサイトＨＤ","東証","20230907","日証金","確報","0","0","9200","0","0","0","9200","0"
"5572","Ｒｉｄｇｅ－ｉ","東証","20230907","日証金","確報","0","5700","9300","0","0","0","9300","-5700"
"5574","ＡＢＥＪＡ","東証","20230907","日証金","確報","2500","1200","52100","0","0","0","52100","1300"
"5575","Ｇｌｏｂｅｅ","東証","20230907","日証金","確報","200","400","11900","0","0","0","11900","-200"
"5576","オービーシステム","東証","20230907","日証金","確報","0","200","4000","0","0","0","4000","-200"
"5577","アイデミー","東証","20230907","日証金","確報","500","100","21100","0","0","0","21100","400"
"5578","ＡＲアドバンスト","東証","20230907","日証金","確報","100","600","7400","0","0","0","7400","-500"
"5580","プロディライト","東証","20230907","日証金","確報","0","100","6000","0","0","0","6000","-100"
"5582","グリッド","東証","20230907","日証金","確報","1100","0","11500","0","0","0","11500","1100"
"5585","エコナビスタ","東証","20230907","日証金","確報","700","800","21500","0","0","0","21500","-100"
"5586","Ｌａｂｏｒｏ．ＡＩ","東証","20230907","日証金","確報","900","3000","46600","0","0","0","46600","-2100"
"5587","インバウンドＰＦ","東証","20230907","日証金","確報","0","3000","27700","0","0","0","27700","-3000"
"5602","栗本鐵工所","東証","20230907","日証金","確報","400","600","5500","0","200","5500","0","0"
"5603","虹技","東証","20230907","日証金","確報","1500","300","3800","0","0","500","3300","1200"
"5607","中央可鍛工業","名証","20230907","日証金","確報","0","0","2500","0","0","0","2500","0"
"5609","日本鋳造","東証","20230907","日証金","確報","100","200","18300","0","0","0","18300","-100"
"5610","大和重工","東証","20230907","日証金","確報","0","200","2600","0","0","0","2600","-200"
"5612","日本鋳鉄管","東証","20230907","日証金","確報","0","0","2500","0","0","0","2500","0"
"5631","日本製鋼所","東証","20230907","日証金","確報","20600","0","43100","2100","600","2100","41000","19100"
"5632","三菱製鋼","東証","20230907","日証金","確報","0","11700","14000","0","0","0","14000","-11700"
"5644","メタルアート","東証","20230907","日証金","確報","700","200","5400","0","0","0","5400","500"
"5658","日亜鋼業","東証","20230907","日証金","確報","0","0","19100","400","0","900","18200","-400"
"5659","日本精線","東証","20230907","日証金","確報","0","0","900","0","0","200","700","0"
"5660","神鋼鋼線工業","東証","20230907","日証金","確報","0","400","4900","0","0","5400","-500","-400"
"5695","パウダーテック","東証","20230907","日証金","確報","0","0","0","0","0","0","0","0"
"5697","サンユウ","東証","20230907","日証金","確報","0","0","1200","0","0","0","1200","0"
"5698","エンビプロＨＤ","東証","20230907","日証金","確報","2000","2200","16000","0","0","0","16000","-200"
"5699","イボキン","東証","20230907","日証金","確報","300","0","48600","0","0","0","48600","300"
"5702","大紀アルミニウム工業","東証","20230907","日証金","確報","400","1000","21300","0","0","900","20400","-600"
"5703","日本軽金属ＨＤ","東証","20230907","日証金","確報","3000","22000","30200","600","39200","10600","19600","19600"
"5704","ＪＭＣ","東証","20230907","日証金","確報","2400","600","23500","0","0","0","23500","1800"
"5706","三井金属鉱業","東証","20230907","日証金","確報","2200","1900","29900","3100","900","31800","-1900","-1900"
"5707","東邦亜鉛","東証","20230907","日証金","確報","1100","200","36700","0","1000","0","36700","1900"
"5711","三菱マテリアル","東証","20230907","日証金","確報","3200","0","55600","1200","0","2800","52800","2000"
"5713","住友金属鉱山","東証","20230907","日証金","確報","3400","3400","67000","5900","0","5900","61100","-5900"
"5714","ＤＯＷＡＨＤ","東証","20230907","日証金","確報","100","500","2300","100","1800","4600","-2300","1300"
"5715","古河機械金属","東証","20230907","日証金","確報","100","1900","4900","0","0","3700","1200","-1800"
"5721","エス・サイエンス","東証","20230907","日証金","確報","0","600","69300","0","0","0","69300","-600"
"5724","アサカ理研","東証","20230907","日証金","確報","0","0","75000","0","0","0","75000","0"
"5726","大阪チタニウムテクノ","東証","20230907","日証金","確報","19000","18800","753300","200","0","753300","0","0"
"5727","東邦チタニウム","東証","20230907","日証金","確報","37100","132000","842400","0","400","1442700","-600300","-94500"
"5729","日本精鉱","東証","20230907","日証金","確報","0","0","300","0","0","0","300","0"
"5741","ＵＡＣＪ","東証","20230907","日証金","確報","300","1200","700","100","100","700","0","-900"
"5742","エヌアイシ・オート","東証","20230907","日証金","確報","0","0","2200","0","0","2200","0","0"
"5753","日本伸銅","東証","20230907","日証金","確報","0","400","11800","0","0","0","11800","-400"
"5757","ＣＫサンエツ","東証","20230907","日証金","確報","0","0","1400","0","0","0","1400","0"
"5759","日本電解","東証","20230907","日証金","確報","0","300","62000","0","0","0","62000","-300"
"5781","東邦金属","東証","20230907","日証金","確報","0","800","23900","0","0","0","23900","-800"
"5801","古河電気工業","東証","20230907","日証金","確報","4600","200","11500","0","6000","0","11500","10400"
"5802","住友電気工業","名証","20230907","日証金","確報","0","0","0","0","0","0","0","0"
"5802","住友電気工業","東証","20230907","日証金","確報","0","4000","44900","500","0","19200","25700","-4500"
"5802","住友電気工業","福証","20230907","日証金","確報","0","0","0","0","0","0","0","0"
"5803","フジクラ","東証","20230907","日証金","確報","1200","2600","93200","5500","17300","132000","-38800","10400"
"5805","ＳＷＣＣ","東証","20230907","日証金","確報","500","200","4000","0","0","0","4000","300"
"5809","タツタ電線","東証","20230907","日証金","確報","2000","0","203100","0","0","0","203100","2000"
"5816","オーナンバ","東証","20230907","日証金","確報","0","900","23400","0","0","0","23400","-900"
"5817","ＪＭＡＣＳ","東証","20230907","日証金","確報","5500","0","275500","0","0","0","275500","5500"
"5819","カナレ電気","東証","20230907","日証金","確報","0","0","400","0","0","0","400","0"
"5820","三ッ星","東証","20230907","日証金","確報","700","0","16200","0","0","0","16200","700"
"5821","平河ヒューテック","東証","20230907","日証金","確報","0","0","2600","0","0","0","2600","0"
"5830","いよぎんＨＤ","東証","20230907","日証金","確報","15700","0","46600","15700","0","46600","0","0"
"5831","しずおかＦＧ","東証","20230907","日証金","確報","1700","78200","49900","2500","84300","49900","0","5300"
"5832","ちゅうぎんＦＧ","東証","20230907","日証金","確報","0","1500","21800","500","2000","21800","0","0"
"5834","ＳＢＩリーシング","東証","20230907","日証金","確報","3600","15000","83300","0","0","100100","-16800","-11400"
"5836","エージェントＩＧ","名証","20230907","日証金","確報","100","0","7300","0","0","0","7300","100"
"5838","楽天銀行","東証","20230907","日証金","確報","29200","0","162700","0","0","0","162700","29200"
"5851","リョービ","東証","20230907","日証金","確報","4400","3000","37900","100","0","700","37200","1300"
"5852","アーレスティ","東証","20230907","日証金","確報","2400","300","70200","0","0","0","70200","2100"
"5856","エルアイイーエイチ","東証","20230907","日証金","確報","0","0","1100","0","0","0","1100","0"
"5857","ＡＲＥＨＤ","東証","20230907","日証金","確報","0","900","15100","0","0","0","15100","-900"
"5884","クラダシ","東証","20230907","日証金","確報","12800","1900","48100","0","0","0","48100","10900"
"5885","ジーデップアドバンス","東証","20230907","日証金","確報","1000","200","13100","0","0","0","13100","800"
"5900","ダイケン","東証","20230907","日証金","確報","0","0","1200","0","0","0","1200","0"
"5901","東洋製罐グループＨＤ","東証","20230907","日証金","確報","4700","3100","32300","1600","0","32300","0","0"
"5902","ホッカンＨＤ","札証","20230907","日証金","確報","0","0","0","0","0","0","0","0"
"5902","ホッカンＨＤ","東証","20230907","日証金","確報","0","0","3500","0","0","700","2800","0"
"5903","シンポ","東証","20230907","日証金","確報","0","0","100","0","0","0","100","0"
"5905","日本製罐","東証","20230907","日証金","確報","0","0","1800","0","0","0","1800","0"
"5906","エムケー精工","東証","20230907","日証金","確報","0","0","3400","0","0","0","3400","0"
"5909","コロナ","東証","20230907","日証金","確報","0","0","800","0","0","0","800","0"
"5911","横河ブリッジＨＤ","東証","20230907","日証金","確報","900","500","5500","900","500","5500","0","0"
"5915","駒井ハルテック","東証","20230907","日証金","確報","100","0","1100","0","0","400","700","100"
"5918","瀧上工業","名証","20230907","日証金","確報","0","0","0","0","0","0","0","0"
"5918","瀧上工業","東証","20230907","日証金","確報","0","0","100","0","0","0","100","0"
"5921","川岸工業","東証","20230907","日証金","確報","0","0","2200","0","0","0","2200","0"
"5922","那須電機鉄工","東証","20230907","日証金","確報","100","0","1300","0","0","0","1300","100"
"5923","高田機工","東証","20230907","日証金","確報","1000","0","3700","0","0","0","3700","1000"
"5928","アルメタックス","東証","20230907","日証金","確報","100","4600","129400","0","0","0","129400","-4500"
"5929","三和ホールディングス","東証","20230907","日証金","確報","1700","3300","3800","1000","2600","3800","0","0"
"5930","文化シヤッター","東証","20230907","日証金","確報","1000","1300","1400","0","0","0","1400","-300"
"5932","三協立山","東証","20230907","日証金","確報","0","1300","33100","800","900","7600","25500","-1200"
"5933","アルインコ","東証","20230907","日証金","確報","0","100","5500","0","0","200","5300","-100"
"5935","元旦ビューティ工業","東証","20230907","日証金","確報","0","0","2900","0","0","0","2900","0"
"5936","東洋シヤッター","東証","20230907","日証金","確報","0","0","1100","0","0","0","1100","0"
"5938","ＬＩＸＩＬ","名証","20230907","日証金","確報","0","0","0","0","0","0","0","0"
"5938","ＬＩＸＩＬ","東証","20230907","日証金","確報","4800","6400","119000","0","0","0","119000","-1600"
"5939","大谷工業","東証","20230907","日証金","確報","0","100","1300","0","0","0","1300","-100"
"5940","不二サッシ","東証","20230907","日証金","確報","2900","0","159500","0","0","0","159500","2900"
"5941","中西製作所","東証","20230907","日証金","確報","0","0","500","0","0","0","500","0"
"5942","日本フイルコン","東証","20230907","日証金","確報","2000","0","17400","0","0","0","17400","2000"
"5943","ノーリツ","東証","20230907","日証金","確報","100","0","3400","400","0","500","2900","-300"
"5945","天龍製鋸","東証","20230907","日証金","確報","0","0","800","0","0","0","800","0"
"5946","長府製作所","東証","20230907","日証金","確報","0","100","5300","0","0","3600","1700","-100"
"5947","リンナイ","名証","20230907","日証金","確報","0","0","0","0","0","0","0","0"
"5947","リンナイ","東証","20230907","日証金","確報","300","200","14200","2600","300","9900","4300","-2200"
"5949","ユニプレス","東証","20230907","日証金","確報","400","800","9900","2500","3000","9100","800","100"
"5950","日本パワー","東証","20230907","日証金","確報","0","2300","174200","0","0","0","174200","-2300"
"5951","ダイニチ工業","東証","20230907","日証金","確報","100","0","1500","0","0","1200","300","100"
"5952","アマテイ","東証","20230907","日証金","確報","1100","0","42500","0","0","0","42500","1100"
"5953","昭和鉄工","福証","20230907","日証金","確報","0","0","1300","0","0","0","1300","0"
"5955","ヤマシナ","東証","20230907","日証金","確報","52000","0","984200","0","0","14000","970200","52000"
"5956","トーソー","東証","20230907","日証金","確報","0","0","200","0","0","400","-200","0"
"5957","日東精工","東証","20230907","日証金","確報","0","1100","26900","0","0","0","26900","-1100"
"5958","三洋工業","東証","20230907","日証金","確報","0","0","2100","0","0","100","2000","0"
"5959","岡部","東証","20230907","日証金","確報","100","0","5200","100","0","5200","0","0"
"5962","浅香工業","東証","20230907","日証金","確報","0","0","2100","0","0","0","2100","0"
"5965","フジマック","東証","20230907","日証金","確報","100","0","17700","0","0","0","17700","100"
"5966","京都機械工具","東証","20230907","日証金","確報","0","0","100","0","0","0","100","0"
"5967","ＴＯＮＥ","東証","20230907","日証金","確報","0","0","0","0","0","0","0","0"
"5969","ロブテックス","東証","20230907","日証金","確報","100","0","200","0","0","0","200","100"
"5970","ジーテクト","東証","20230907","日証金","確報","200","1700","57900","400","0","20600","37300","-1900"
"5971","共和工業所","東証","20230907","日証金","確報","200","0","1400","0","0","0","1400","200"
"5973","トーアミ","東証","20230907","日証金","確報","100","0","4200","0","0","0","4200","100"
"5974","中国工業","東証","20230907","日証金","確報","0","0","4100","0","0","0","4100","0"
"5975","東プレ","東証","20230907","日証金","確報","1100","900","2500","0","0","2300","200","200"
"5976","高周波熱錬","東証","20230907","日証金","確報","6800","600","18200","500","1200","18200","0","6900"
"5979","カネソウ","名証","20230907","日証金","確報","0","0","400","0","0","0","400","0"
"5981","東京製綱","東証","20230907","日証金","確報","1800","700","17500","0","2500","2400","15100","3600"
"5982","マルゼン","東証","20230907","日証金","確報","0","0","1200","0","0","0","1200","0"
"5983","イワブチ","東証","20230907","日証金","確報","0","0","2400","0","0","0","2400","0"
"5984","兼房","名証","20230907","日証金","確報","0","0","0","0","0","0","0","0"
"5984","兼房","東証","20230907","日証金","確報","0","0","900","0","0","0","900","0"
"5985","サンコール","東証","20230907","日証金","確報","0","0","23100","2600","0","10700","12400","-2600"
"5986","モリテック　スチール","東証","20230907","日証金","確報","6400","12700","378200","0","5000","284900","93300","-1300"
"5987","オーネックス","東証","20230907","日証金","確報","0","0","2000","0","0","0","2000","0"
"5988","パイオラックス","東証","20230907","日証金","確報","100","100","1600","0","0","1600","0","0"
"5989","エイチワン","東証","20230907","日証金","確報","0","100","6800","0","0","100","6700","-100"
"5990","スーパーツール","東証","20230907","日証金","確報","0","0","2100","0","0","0","2100","0"
"5991","日本発条","東証","20230907","日証金","確報","200","0","4400","0","0","1600","2800","200"
"5992","中央発條","名証","20230907","日証金","確報","0","0","0","0","0","0","0","0"
"5992","中央発條","東証","20230907","日証金","確報","200","300","22600","0","100","22600","0","0"
"5993","知多鋼業","名証","20230907","日証金","確報","200","0","2500","0","0","0","2500","200"
"5994","ファインシンター","名証","20230907","日証金","確報","0","0","0","0","0","0","0","0"
"5994","ファインシンター","東証","20230907","日証金","確報","0","100","3200","0","0","0","3200","-100"
"5997","協立エアテック","東証","20230907","日証金","確報","0","0","1800","0","0","0","1800","0"
"5998","アドバネクス","東証","20230907","日証金","確報","0","400","3700","0","0","200","3500","-400"
"6005","三浦工業","東証","20230907","日証金","確報","0","300","2200","400","0","400","1800","-700"
"6013","タクマ","東証","20230907","日証金","確報","1900","0","3700","800","100","7800","-4100","1200"
"6016","ジャパンエンジン","東証","20230907","日証金","確報","200","1600","9000","0","0","0","9000","-1400"
"6018","阪神内燃機工業","東証","20230907","日証金","確報","0","0","500","0","0","0","500","0"
"6022","赤阪鐵工所","東証","20230907","日証金","確報","400","0","2500","0","0","0","2500","400"
"6023","ダイハツディーゼル","東証","20230907","日証金","確報","0","500","45200","800","0","1900","43300","-1300"
"6025","日本ＰＣサービス","名証","20230907","日証金","確報","100","0","2800","0","0","0","2800","100"
"6026","ＧＭＯ　ＴＥＣＨ","東証","20230907","日証金","確報","0","0","500","0","0","0","500","0"
"6027","弁護士ドットコム","東証","20230907","日証金","確報","1800","19200","52800","3300","7000","166700","-113900","-13700"
"6028","テクノプロＨＤ","東証","20230907","日証金","確報","1500","1200","2600","1000","100","2000","600","-600"
"6029","アトラグループ","東証","20230907","日証金","確報","0","500","31100","0","0","0","31100","-500"
"6030","アドベンチャー","東証","20230907","日証金","確報","300","800","11000","0","0","0","11000","-500"
"6031","サイジニア","東証","20230907","日証金","確報","0","200","9100","0","0","0","9100","-200"
"6033","エクストリーム","東証","20230907","日証金","確報","0","400","8600","0","0","100","8500","-400"
"6034","ＭＲＴ","東証","20230907","日証金","確報","0","0","4400","100","0","100","4300","-100"
"6035","ＩＲジャパンＨＤ","東証","20230907","日証金","確報","900","10300","30200","0","0","5700","24500","-9400"
"6036","ＫｅｅＰｅｒ技研","名証","20230907","日証金","確報","0","0","0","0","0","0","0","0"
"6036","ＫｅｅＰｅｒ技研","東証","20230907","日証金","確報","900","0","81600","1600","2600","42500","39100","1900"
"6037","ファーストロジック","東証","20230907","日証金","確報","300","400","3400","0","100","3400","0","0"
"6038","イード","東証","20230907","日証金","確報","0","200","3900","0","0","0","3900","-200"
"6039","日本動物高度医療","東証","20230907","日証金","確報","0","0","3200","0","0","0","3200","0"
"6040","日本スキー場開発","東証","20230907","日証金","確報","0","0","9600","0","0","0","9600","0"
"6042","ニッキ","東証","20230907","日証金","確報","0","0","400","0","0","0","400","0"
"6044","三機サービス","東証","20230907","日証金","確報","0","0","5400","0","0","0","5400","0"
"6045","レントラックス","東証","20230907","日証金","確報","100","0","2500","0","0","0","2500","100"
"6046","リンクバル","東証","20230907","日証金","確報","3300","12100","69000","0","1200","76600","-7600","-7600"
"6047","Ｇｕｎｏｓｙ","東証","20230907","日証金","確報","3100","172100","35200","3100","300000","13400","21800","127900"
"6048","デザインワン","東証","20230907","日証金","確報","0","100","2600","0","0","0","2600","-100"
"6049","イトクロ","東証","20230907","日証金","確報","400","1100","21000","0","0","0","21000","-700"
"6050","イー・ガーディアン","東証","20230907","日証金","確報","5300","1000","23900","0","0","600","23300","4300"
"6054","リブセンス","東証","20230907","日証金","確報","5000","11700","43100","8500","18900","81300","-38200","3700"
"6055","ジャパンマテリアル","名証","20230907","日証金","確報","0","0","0","0","0","100","-100","0"
"6055","ジャパンマテリアル","東証","20230907","日証金","確報","22100","200","36200","1000","1100","36100","100","22000"
"6058","ベクトル","東証","20230907","日証金","確報","3000","300","38900","0","100","1000","37900","2800"
"6059","ウチヤマＨＤ","東証","20230907","日証金","確報","0","600","34700","0","0","0","34700","-600"
"6060","こころネット","東証","20230907","日証金","確報","0","0","1000","0","0","0","1000","0"
"6061","ユニバーサル園芸社","東証","20230907","日証金","確報","0","0","200","0","0","0","200","0"
"6062","チャームケアコーポ","東証","20230907","日証金","確報","0","700","13900","0","0","0","13900","-700"
"6063","日本エマージェンシー","東証","20230907","日証金","確報","0","0","33300","0","0","0","33300","0"
"6069","トレンダーズ","東証","20230907","日証金","確報","1000","400","52700","600","0","52700","0","0"
"6070","キャリアリンク","東証","20230907","日証金","確報","100","100","12400","0","0","500","11900","0"
"6071","ＩＢＪ","東証","20230907","日証金","確報","1500","0","15100","100","0","1100","14000","1400"
"6072","地盤ネットＨＤ","東証","20230907","日証金","確報","0","0","12000","0","0","0","12000","0"
"6073","アサンテ","東証","20230907","日証金","確報","300","300","3000","0","0","3000","0","0"
"6074","ジェイエスエス","東証","20230907","日証金","確報","0","0","300","0","0","0","300","0"
"6076","アメイズ","福証","20230907","日証金","確報","600","0","8300","0","0","0","8300","600"
"6078","バリューＨＲ","東証","20230907","日証金","確報","300","0","19300","0","0","700","18600","300"
"6080","Ｍ＆Ａキャピタル","東証","20230907","日証金","確報","1000","800","29100","0","0","0","29100","200"
"6081","アライドアーキテクツ","東証","20230907","日証金","確報","700","0","109000","0","0","0","109000","700"
"6082","ライドオンＥＸＨＤ","東証","20230907","日証金","確報","0","0","5500","0","0","0","5500","0"
"6083","ＥＲＩ　ＨＤ","東証","20230907","日証金","確報","6900","100","120200","1900","2600","145800","-25600","7500"
"6085","アーキテクツＳＪ","東証","20230907","日証金","確報","800","100","2100","0","0","0","2100","700"
"6086","シンメンテＨＤ","東証","20230907","日証金","確報","0","0","800","0","0","0","800","0"
"6087","アビスト","東証","20230907","日証金","確報","0","0","2000","0","0","0","2000","0"
"6088","シグマクシスＨＤ","東証","20230907","日証金","確報","1100","800","7500","300","900","6600","900","900"
"6089","ウィルグループ","東証","20230907","日証金","確報","0","0","800","0","0","400","400","0"
"6090","ヒューマンＭＴ","東証","20230907","日証金","確報","0","0","8700","0","0","0","8700","0"
"6091","ウエスコＨＤ","東証","20230907","日証金","確報","0","200","2200","0","100","1900","300","-100"
"6092","エンバイオＨＤ","東証","20230907","日証金","確報","800","200","9000","100","0","4300","4700","500"
"6093","エスクローＡＪ","東証","20230907","日証金","確報","0","900","28000","0","0","1700","26300","-900"
"6094","フリークアウト・ホー","東証","20230907","日証金","確報","3000","900","23800","0","0","0","23800","2100"
"6095","メドピア","東証","20230907","日証金","確報","29400","2900","299500","900","100100","307600","-8100","125700"
"6096","レアジョブ","東証","20230907","日証金","確報","0","500","12600","1500","0","4000","8600","-2000"
"6098","リクルートＨＤ","東証","20230907","日証金","確報","1000","100","57200","18900","300","405500","-348300","-17700"
"6099","エラン","東証","20230907","日証金","確報","0","400","5900","0","0","300","5600","-400"
"6101","ツガミ","東証","20230907","日証金","確報","2500","800","45400","0","0","3500","41900","1700"
"6103","オークマ","名証","20230907","日証金","確報","0","0","0","0","0","0","0","0"
"6103","オークマ","東証","20230907","日証金","確報","0","0","2700","0","0","1700","1000","0"
"6104","芝浦機械","東証","20230907","日証金","確報","900","1100","36300","0","0","1000","35300","-200"
"6111","旭精機工業","名証","20230907","日証金","確報","0","100","4600","0","0","0","4600","-100"
"6113","アマダ","東証","20230907","日証金","確報","12300","3400","42200","7800","100","59500","-17300","1200"
"6118","アイダエンジニア","東証","20230907","日証金","確報","700","100","7700","1400","100","8000","-300","-700"
"6121","ＴＡＫＩＳＡＷＡ","東証","20230907","日証金","確報","0","0","2300","0","0","0","2300","0"
"6125","岡本工作機械製作所","東証","20230907","日証金","確報","200","0","46800","0","0","0","46800","200"
"6131","浜井産業","東証","20230907","日証金","確報","0","300","13600","0","0","0","13600","-300"
"6134","ＦＵＪＩ","名証","20230907","日証金","確報","0","0","0","0","0","0","0","0"
"6134","ＦＵＪＩ","東証","20230907","日証金","確報","0","300","3000","100","200","2900","100","-200"
"6135","牧野フライス製作所","東証","20230907","日証金","確報","400","1200","4200","1100","1400","24100","-19900","-500"
"6136","オーエスジー","名証","20230907","日証金","確報","0","0","0","0","0","0","0","0"
"6136","オーエスジー","東証","20230907","日証金","確報","0","0","4000","0","0","0","4000","0"
"6137","小池酸素工業","東証","20230907","日証金","確報","0","1100","2700","0","0","0","2700","-1100"
"6138","ダイジヱット工業","東証","20230907","日証金","確報","0","0","2000","0","0","0","2000","0"
"6140","旭ダイヤモンド工業","東証","20230907","日証金","確報","2300","400","42300","2400","700","9000","33300","200"
"6141","ＤＭＧ森精機","東証","20230907","日証金","確報","6900","2000","59100","5300","400","59100","0","0"
"6142","富士精工","名証","20230907","日証金","確報","0","1000","12000","0","0","0","12000","-1000"
"6143","ソディック","東証","20230907","日証金","確報","500","700","28900","0","0","3800","25100","-200"
"6144","西部電機","東証","20230907","日証金","確報","0","0","200","0","0","0","200","0"
"6144","西部電機","福証","20230907","日証金","確報","0","0","0","0","0","0","0","0"
"6145","ＮＩＴＴＯＫＵ","東証","20230907","日証金","確報","1200","0","27700","0","0","34200","-6500","1200"
"6146","ディスコ","東証","20230907","日証金","確報","3700","3300","23400","700","35900","160000","-136600","35600"
"6147","ヤマザキ","東証","20230907","日証金","確報","0","2000","10100","0","0","0","10100","-2000"
"6149","小田原エンジニア","東証","20230907","日証金","確報","500","200","15200","0","0","0","15200","300"
"6150","タケダ機械","東証","20230907","日証金","確報","0","0","2600","0","0","0","2600","0"
"6151","日東工器","東証","20230907","日証金","確報","0","0","300","0","0","200","100","0"
"6155","高松機械工業","東証","20230907","日証金","確報","0","0","7400","0","0","0","7400","0"
"6156","エーワン精密","東証","20230907","日証金","確報","0","100","2100","0","0","0","2100","-100"
"6157","日進工具","東証","20230907","日証金","確報","4400","3300","7600","300","600","7500","100","1400"
"6158","和井田製作所","東証","20230907","日証金","確報","0","0","600","0","0","0","600","0"
"6159","ミクロン精密","東証","20230907","日証金","確報","0","0","0","0","0","0","0","0"
"6161","エスティック","東証","20230907","日証金","確報","0","0","3700","0","0","0","3700","0"
"6164","太陽工機","東証","20230907","日証金","確報","0","100","3200","0","0","0","3200","-100"
"6165","パンチ工業","東証","20230907","日証金","確報","0","5700","44200","0","0","0","44200","-5700"
"6166","中村超硬","東証","20230907","日証金","確報","300","0","30000","0","0","0","30000","300"
"6167","冨士ダイス","東証","20230907","日証金","確報","1300","1300","115100","0","0","115100","0","0"
"6171","土木管理総合試験所","東証","20230907","日証金","確報","0","2000","13800","0","0","34600","-20800","-2000"
"6173","アクアライン","東証","20230907","日証金","確報","100","500","5400","0","0","0","5400","-400"
"6176","ブランジスタ","東証","20230907","日証金","確報","0","2400","21300","0","0","0","21300","-2400"
"6177","ＡｐｐＢａｎｋ","東証","20230907","日証金","確報","0","0","91100","0","0","0","91100","0"
"6178","日本郵政","東証","20230907","日証金","確報","0","30100","607400","0","0","0","607400","-30100"
"6180","ＧＭＯメディア","東証","20230907","日証金","確報","0","0","400","0","0","0","400","0"
"6181","タメニー","東証","20230907","日証金","確報","24400","6000","56600","0","0","0","56600","18400"
"6182","メタリアル","東証","20230907","日証金","確報","500","2300","24400","0","0","100","24300","-1800"
"6183","ベル２４ＨＤ","東証","20230907","日証金","確報","0","0","1300","700","5200","7000","-5700","4500"
"6184","鎌倉新書","東証","20230907","日証金","確報","2500","0","52200","0","100","3000","49200","2600"
"6185","ＳＭＮ","東証","20230907","日証金","確報","600","600","5100","0","0","5100","0","0"
"6186","一蔵","東証","20230907","日証金","確報","0","0","2400","0","0","0","2400","0"
"6188","富士ソフトＳＢ","東証","20230907","日証金","確報","0","0","0","0","0","0","0","0"
"6189","グローバルキッズＣ","東証","20230907","日証金","確報","0","0","2700","100","0","900","1800","-100"
"6190","フェニックスバイオ","東証","20230907","日証金","確報","0","300","3400","0","0","0","3400","-300"
"6191","エアトリ","東証","20230907","日証金","確報","7700","0","97300","0","0","300","97000","7700"
"6192","ハイアス＆カンパニー","東証","20230907","日証金","確報","0","5000","86900","0","0","0","86900","-5000"
"6193","バーチャレクス","東証","20230907","日証金","確報","0","0","6400","0","0","0","6400","0"
"6194","アトラエ","東証","20230907","日証金","確報","1900","1200","45200","2100","1400","45200","0","0"
"6195","ホープ","東証","20230907","日証金","確報","0","1000","42700","0","0","0","42700","-1000"
"6195","ホープ","福証","20230907","日証金","確報","0","0","0","0","0","0","0","0"
"6196","ストライク","東証","20230907","日証金","確報","0","600","13200","0","0","2000","11200","-600"
"6197","ソラスト","東証","20230907","日証金","確報","300","200","38200","0","0","0","38200","100"
"6198","キャリア","東証","20230907","日証金","確報","0","0","6300","0","0","0","6300","0"
"6199","セラク","東証","20230907","日証金","確報","0","100","67600","0","0","0","67600","-100"
"6200","インソース","東証","20230907","日証金","確報","300","600","50700","6000","0","21800","28900","-6300"
"6201","豊田自動織機","名証","20230907","日証金","確報","0","0","0","0","0","0","0","0"
"6201","豊田自動織機","東証","20230907","日証金","確報","6100","1100","8600","400","1800","14700","-6100","6400"
"6203","豊和工業","名証","20230907","日証金","確報","0","0","0","0","0","0","0","0"
"6203","豊和工業","東証","20230907","日証金","確報","2100","2300","18500","300","0","6200","12300","-500"
"6208","石川製作所","東証","20230907","日証金","確報","1700","100","26900","0","0","0","26900","1600"
"6210","東洋機械金属","東証","20230907","日証金","確報","4600","1600","13500","26900","0","34400","-20900","-23900"
"6217","津田駒工業","東証","20230907","日証金","確報","300","0","8500","300","0","8500","0","0"
"6218","エンシュウ","東証","20230907","日証金","確報","100","300","13500","0","100","700","12800","-100"
"6222","島精機製作所","東証","20230907","日証金","確報","600","0","4100","600","300","3000","1100","300"
"6224","ＪＲＣ","東証","20230907","日証金","確報","1100","600","13300","0","0","0","13300","500"
"6225","エコム","名証","20230907","日証金","確報","2600","600","4900","0","0","0","4900","2000"
"6226","守谷輸送機工業","東証","20230907","日証金","確報","1300","1300","43900","100","100","43900","0","0"
"6227","ＡＩメカテック","東証","20230907","日証金","確報","700","300","11700","1100","1100","9500","2200","400"
"6229","オーケーエム","東証","20230907","日証金","確報","0","0","3700","0","0","0","3700","0"
"6230","ＳＡＮＥＩ","東証","20230907","日証金","確報","0","0","100","0","0","0","100","0"
"6231","木村工機","東証","20230907","日証金","確報","0","200","6800","0","0","0","6800","-200"
"6232","ＡＣＳＬ","東証","20230907","日証金","確報","7100","5800","133700","0","1200","133700","0","2500"
"6233","極東産機","東証","20230907","日証金","確報","0","0","2200","0","0","0","2200","0"
"6235","オプトラン","東証","20230907","日証金","確報","2500","0","14900","0","0","0","14900","2500"
"6236","ＮＣホールディングス","東証","20230907","日証金","確報","0","0","2600","0","0","0","2600","0"
"6237","イワキポンプ","東証","20230907","日証金","確報","0","4200","2800","0","0","2800","0","-4200"
"6238","フリュー","東証","20230907","日証金","確報","3100","1100","52800","2000","0","52800","0","0"
"6239","ナガオカ","東証","20230907","日証金","確報","0","500","3200","0","0","0","3200","-500"
"6240","ヤマシンフィルタ","東証","20230907","日証金","確報","1800","1900","111900","4100","400","101000","10900","-3800"
"6245","ヒラノテクシード","東証","20230907","日証金","確報","200","100","2500","100","100","3300","-800","100"
"6246","テクノスマート","東証","20230907","日証金","確報","0","100","4700","0","0","0","4700","-100"
"6247","日阪製作所","東証","20230907","日証金","確報","400","100","3800","0","0","200","3600","300"
"6248","横田製作所","東証","20230907","日証金","確報","0","0","4000","0","0","0","4000","0"
"6249","ゲームカードジョイコ","東証","20230907","日証金","確報","1100","900","48600","0","0","0","48600","200"
"6250","やまびこ","東証","20230907","日証金","確報","0","900","2600","100","0","100","2500","-1000"
"6254","野村マイクロ・Ｓ","東証","20230907","日証金","確報","100","0","5300","200","0","2300","3000","-100"
"6255","エヌ・ピー・シー","東証","20230907","日証金","確報","16000","12000","124400","0","5500","17500","106900","9500"
"6257","藤商事","東証","20230907","日証金","確報","1000","100","25700","0","0","1100","24600","900"
"6258","平田機工","東証","20230907","日証金","確報","500","700","15600","400","0","400","15200","-600"
"6262","ＰＥＧＡＳＵＳ","東証","20230907","日証金","確報","0","400","14300","1900","0","2700","11600","-2300"
"6264","マルマエ","東証","20230907","日証金","確報","2000","0","90900","500","300","129000","-38100","1800"
"6265","コンバム","東証","20230907","日証金","確報","0","0","16300","0","0","0","16300","0"
"6266","タツモ","東証","20230907","日証金","確報","0","1800","14500","2700","400","27600","-13100","-4100"
"6267","ゼネラルパッカー","名証","20230907","日証金","確報","0","0","0","0","0","0","0","0"
"6267","ゼネラルパッカー","東証","20230907","日証金","確報","0","0","1200","0","0","0","1200","0"
"6268","ナブテスコ","東証","20230907","日証金","確報","0","2300","46900","100","0","7100","39800","-2400"
"6269","三井海洋開発","東証","20230907","日証金","確報","1700","100","28200","0","0","700","27500","1600"
"6272","レオン自動機","東証","20230907","日証金","確報","600","0","6000","0","0","0","6000","600"
"6273","エスエムシー","東証","20230907","日証金","確報","300","100","3500","0","0","0","3500","200"
"6276","シリウスビジョン","東証","20230907","日証金","確報","1100","0","6400","0","0","0","6400","1100"
"6277","ホソカワミクロン","東証","20230907","日証金","確報","0","900","5100","800","100","8500","-3400","-1600"
"6278","ユニオンツール","東証","20230907","日証金","確報","0","100","3100","100","600","6100","-3000","400"
"6279","瑞光","東証","20230907","日証金","確報","1600","0","24800","0","100","69000","-44200","1700"
"6282","オイレス工業","東証","20230907","日証金","確報","0","0","3700","0","100","4500","-800","100"
"6284","日精エーエスビー機械","東証","20230907","日証金","確報","0","0","2200","100","200","2200","0","100"
"6286","靜甲","東証","20230907","日証金","確報","0","0","600","0","0","0","600","0"
"6287","サトーＨＤ","東証","20230907","日証金","確報","0","0","0","200","100","1600","-1600","-100"
"6289","技研製作所","東証","20230907","日証金","確報","0","200","15400","200","0","10300","5100","-400"
"6291","日本エアーテック","東証","20230907","日証金","確報","100","500","12000","0","0","0","12000","-400"
"6292","カワタ","東証","20230907","日証金","確報","0","700","8700","0","0","0","8700","-700"
"6293","日精樹脂工業","名証","20230907","日証金","確報","0","0","0","0","0","0","0","0"
"6293","日精樹脂工業","東証","20230907","日証金","確報","0","2400","5200","100","200","9300","-4100","-2300"
"6294","オカダアイヨン","東証","20230907","日証金","確報","0","5100","3700","0","0","300","3400","-5100"
"6295","富士変速機","名証","20230907","日証金","確報","0","0","32900","0","0","0","32900","0"
"6297","鉱研工業","東証","20230907","日証金","確報","0","0","5400","0","0","900","4500","0"
"6298","ワイエイシイＨＤ","東証","20230907","日証金","確報","4800","4800","197000","0","0","197000","0","0"
"6301","小松製作所","東証","20230907","日証金","確報","3000","1900","29400","7700","24700","81700","-52300","18100"
"6302","住友重機械工業","東証","20230907","日証金","確報","400","1400","6900","100","200","1700","5200","-900"
"6305","日立建機","東証","20230907","日証金","確報","100","2300","14900","8300","6300","110500","-95600","-4200"
"6306","日工","東証","20230907","日証金","確報","100","0","6000","0","100","1200","4800","200"
"6307","サンセイ","東証","20230907","日証金","確報","0","300","8300","0","0","0","8300","-300"
"6309","巴工業","東証","20230907","日証金","確報","0","100","2600","0","0","0","2600","-100"
"6310","井関農機","東証","20230907","日証金","確報","100","0","3700","0","0","100","3600","100"
"6312","フロイント産業","東証","20230907","日証金","確報","300","300","11600","0","0","0","11600","0"
"6315","ＴＯＷＡ","東証","20230907","日証金","確報","5400","16300","50000","0","10900","50000","0","0"
"6316","丸山製作所","東証","20230907","日証金","確報","0","0","3000","0","0","1000","2000","0"
"6317","北川鉄工所","東証","20230907","日証金","確報","1800","1500","10500","1000","300","3100","7400","-400"
"6319","シンニッタン","東証","20230907","日証金","確報","0","6000","32000","0","0","0","32000","-6000"
"6322","タクミナ","東証","20230907","日証金","確報","0","0","900","0","0","0","900","0"
"6323","ローツェ","東証","20230907","日証金","確報","1600","1300","21700","4000","3800","21600","100","100"
"6324","ハーモニックドライブ","東証","20230907","日証金","確報","200","4000","23300","800","0","30400","-7100","-4600"
"6325","タカキタ","名証","20230907","日証金","確報","0","0","0","0","0","0","0","0"
"6325","タカキタ","東証","20230907","日証金","確報","200","0","11400","0","0","35300","-23900","200"
"6326","クボタ","東証","20230907","日証金","確報","1300","15100","35100","4000","0","11000","24100","-17800"
"6327","北川精機","東証","20230907","日証金","確報","100","2100","23300","0","0","0","23300","-2000"
"6328","荏原実業","東証","20230907","日証金","確報","200","0","4200","0","0","400","3800","200"
"6330","東洋エンジニアリング","東証","20230907","日証金","確報","400","500","17000","0","1900","9600","7400","1800"
"6331","三菱化工機","東証","20230907","日証金","確報","100","200","6400","0","0","400","6000","-100"
"6332","月島ホールディングス","東証","20230907","日証金","確報","0","0","44300","0","0","600","43700","0"
"6333","帝国電機製作所","東証","20230907","日証金","確報","100","200","2200","0","300","1500","700","200"
"6334","明治機械","東証","20230907","日証金","確報","0","0","10000","0","0","0","10000","0"
"6335","東京機械製作所","東証","20230907","日証金","確報","0","0","25100","0","0","0","25100","0"
"6336","石井表記","東証","20230907","日証金","確報","2000","0","51600","0","0","0","51600","2000"
"6337","テセック","東証","20230907","日証金","確報","600","500","13600","0","0","0","13600","100"
"6338","タカトリ","東証","20230907","日証金","確報","1100","4500","104700","0","0","0","104700","-3400"
"6339","新東工業","名証","20230907","日証金","確報","0","0","0","0","0","0","0","0"
"6339","新東工業","東証","20230907","日証金","確報","0","100","4100","0","0","400","3700","-100"
"6340","澁谷工業","名証","20230907","日証金","確報","0","0","0","0","0","0","0","0"
"6340","澁谷工業","東証","20230907","日証金","確報","400","1500","1700","0","0","1700","0","-1100"
"6342","太平製作所","名証","20230907","日証金","確報","0","0","0","0","0","0","0","0"
"6342","太平製作所","東証","20230907","日証金","確報","0","0","1000","0","0","0","1000","0"
"6343","フリージア・マクロス","東証","20230907","日証金","確報","0","0","177700","0","800","500","177200","800"
"6345","アイチコーポ","名証","20230907","日証金","確報","0","0","0","0","0","0","0","0"
"6345","アイチコーポ","東証","20230907","日証金","確報","0","0","3600","0","0","0","3600","0"
"6346","キクカワエンタ","名証","20230907","日証金","確報","0","0","0","0","0","0","0","0"
"6346","キクカワエンタ","東証","20230907","日証金","確報","0","0","100","0","0","0","100","0"
"6347","プラコー","東証","20230907","日証金","確報","0","0","0","0","0","0","0","0"
"6349","小森コーポレーション","東証","20230907","日証金","確報","700","100","1600","0","300","22400","-20800","900"
"6351","鶴見製作所","東証","20230907","日証金","確報","600","300","2700","300","0","2700","0","0"
"6356","日本ギア工業","東証","20230907","日証金","確報","800","600","26100","300","100","26100","0","0"
"6357","三精テクノロジーズ","東証","20230907","日証金","確報","0","0","12200","0","0","0","12200","0"
"6358","酒井重工業","東証","20230907","日証金","確報","100","500","1200","0","0","200","1000","-400"
"6360","東京自働機械製作所","東証","20230907","日証金","確報","0","0","3300","0","0","0","3300","0"
"6361","荏原製作所","東証","20230907","日証金","確報","0","200","6900","200","400","6900","0","0"
"6362","石井鐵工所","東証","20230907","日証金","確報","300","100","2200","0","0","0","2200","200"
"6363","酉島製作所","東証","20230907","日証金","確報","400","800","7200","500","0","3000","4200","-900"
"6364","北越工業","東証","20230907","日証金","確報","200","1500","20700","1400","1200","25700","-5000","-1500"
"6365","電業社機械製作所","東証","20230907","日証金","確報","0","0","700","0","0","0","700","0"
"6366","千代田化工建設","東証","20230907","日証金","確報","43800","5100","603400","0","0","0","603400","38700"
"6367","ダイキン工業","東証","20230907","日証金","確報","3300","200","37700","0","0","0","37700","3100"
"6368","オルガノ","東証","20230907","日証金","確報","400","500","4300","0","800","500","3800","700"
"6369","トーヨーカネツ","東証","20230907","日証金","確報","1200","300","8000","0","0","100","7900","900"
"6370","栗田工業","東証","20230907","日証金","確報","400","1100","1300","0","700","1300","0","0"
"6371","椿本チエイン","東証","20230907","日証金","確報","5300","4000","6500","200","8300","2200","4300","9400"
"6373","大同工業","東証","20230907","日証金","確報","0","0","7100","0","0","0","7100","0"
"6376","日機装","東証","20230907","日証金","確報","0","100","11900","400","0","3800","8100","-500"
"6378","木村化工機","東証","20230907","日証金","確報","500","1200","25100","0","700","25100","0","0"
"6379","レイズネクスト","東証","20230907","日証金","確報","100","0","500","0","0","0","500","100"
"6380","オリエンタルチエン","東証","20230907","日証金","確報","0","0","38300","0","0","0","38300","0"
"6381","アネスト岩田","東証","20230907","日証金","確報","0","600","1200","200","0","600","600","-800"
"6382","トリニティ工業","東証","20230907","日証金","確報","0","0","1200","0","0","0","1200","0"
"6383","ダイフク","東証","20230907","日証金","確報","500","300","44000","100","0","3900","40100","100"
"6384","昭和真空","東証","20230907","日証金","確報","0","0","5700","0","0","0","5700","0"
"6387","サムコ","東証","20230907","日証金","確報","1100","0","16400","0","0","0","16400","1100"
"6390","加藤製作所","東証","20230907","日証金","確報","2100","1700","26300","600","200","26300","0","0"
"6391","加地テック","東証","20230907","日証金","確報","0","0","3400","0","0","0","3400","0"
"6392","ヤマダコーポ","東証","20230907","日証金","確報","0","0","1500","0","0","0","1500","0"
"6393","油研工業","東証","20230907","日証金","確報","0","0","800","0","0","700","100","0"
"6395","タダノ","東証","20230907","日証金","確報","9100","500","10400","5300","2300","5400","5000","5600"
"6396","宇野澤組鐵工所","東証","20230907","日証金","確報","0","0","100","0","0","0","100","0"
"6400","不二精機","東証","20230907","日証金","確報","0","0","4400","0","0","0","4400","0"
"6402","兼松エンジニアリング","東証","20230907","日証金","確報","100","0","2800","0","0","0","2800","100"
"6403","水道機工","東証","20230907","日証金","確報","0","0","400","0","0","0","400","0"
"6405","鈴茂器工","東証","20230907","日証金","確報","0","0","400","0","0","0","400","0"
"6406","フジテック","東証","20230907","日証金","確報","4600","200","6500","1900","1200","18500","-12000","3700"
"6407","ＣＫＤ","名証","20230907","日証金","確報","0","0","0","0","0","0","0","0"
"6407","ＣＫＤ","東証","20230907","日証金","確報","0","500","3100","0","500","0","3100","0"
"6408","小倉クラッチ","東証","20230907","日証金","確報","0","0","0","0","0","0","0","0"
"6411","中野冷機","東証","20230907","日証金","確報","0","0","500","0","0","0","500","0"
"6412","平和","東証","20230907","日証金","確報","400","400","20900","0","7000","5200","15700","7000"
"6413","理想科学工業","東証","20230907","日証金","確報","100","0","1800","300","100","4100","-2300","-100"
"6416","桂川電機","東証","20230907","日証金","確報","0","0","3800","0","0","0","3800","0"
"6417","ＳＡＮＫＹＯ","東証","20230907","日証金","確報","0","800","13500","100","900","13500","0","0"
"6418","日本金銭機械","東証","20230907","日証金","確報","0","400","58600","500","0","8500","50100","-900"
"6419","マースグループＨＤ","東証","20230907","日証金","確報","1000","1100","28400","0","0","6200","22200","-100"
"6420","フクシマガリレイ","東証","20230907","日証金","確報","100","0","900","400","0","3100","-2200","-300"
"6424","高見沢サイバ","東証","20230907","日証金","確報","0","0","3800","0","0","0","3800","0"
"6425","ユニバーサルエンタ","東証","20230907","日証金","確報","0","900","129600","0","0","0","129600","-900"
"6428","オーイズミ","東証","20230907","日証金","確報","200","0","19300","0","500","7000","12300","700"
"6430","ダイコク電機","名証","20230907","日証金","確報","0","0","0","0","0","0","0","0"
"6430","ダイコク電機","東証","20230907","日証金","確報","5200","500","38900","6200","1500","38900","0","0"
"6432","竹内製作所","東証","20230907","日証金","確報","3000","7200","32300","33100","2400","99700","-67400","-34900"
"6433","ヒーハイスト","東証","20230907","日証金","確報","1500","11800","6300","0","0","0","6300","-10300"
"6436","アマノ","東証","20230907","日証金","確報","300","1500","9300","0","900","9600","-300","-300"
"6439","中日本鋳工","名証","20230907","日証金","確報","0","100","2800","0","0","100","2700","-100"
"6440","ジューキ","東証","20230907","日証金","確報","8100","500","56200","7600","0","56200","0","0"
"6444","サンデン","東証","20230907","日証金","確報","1700","0","306500","100","400","239700","66800","2000"
"6445","ジャノメ","東証","20230907","日証金","確報","700","2000","4800","1100","800","1200","3600","-1600"
"6448","ブラザー工業","名証","20230907","日証金","確報","0","0","0","0","0","0","0","0"
"6448","ブラザー工業","東証","20230907","日証金","確報","5000","0","13900","400","2700","18800","-4900","7300"
"6454","マックス","東証","20230907","日証金","確報","200","200","4400","0","0","4400","0","0"
"6455","モリタＨＤ","東証","20230907","日証金","確報","0","0","3600","0","0","100","3500","0"
"6457","グローリー","東証","20230907","日証金","確報","1500","200","12600","0","0","0","12600","1300"
"6458","新晃工業","東証","20230907","日証金","確報","100","0","1500","0","0","300","1200","100"
"6459","大和冷機工業","東証","20230907","日証金","確報","100","500","100","0","500","0","100","100"
"6460","セガサミーＨＤ","東証","20230907","日証金","確報","1500","44300","66200","5100","92000","22100","44100","44100"
"6461","日本ピストンリング","東証","20230907","日証金","確報","0","0","4200","0","0","1600","2600","0"
"6462","リケン","東証","20230907","日証金","確報","500","400","10800","0","0","4600","6200","100"
"6463","ＴＰＲ","東証","20230907","日証金","確報","0","300","2500","0","100","0","2500","-200"
"6464","ツバキ・ナカシマ","東証","20230907","日証金","確報","22000","7100","89000","0","0","100","88900","14900"
"6465","ホシザキ","名証","20230907","日証金","確報","0","0","0","0","0","0","0","0"
"6465","ホシザキ","東証","20230907","日証金","確報","300","100","6000","100","3400","800","5200","3500"
"6466","ＴＶＥ","東証","20230907","日証金","確報","0","0","900","0","0","0","900","0"
"6467","ニチダイ","東証","20230907","日証金","確報","0","500","4600","0","0","0","4600","-500"
"6469","放電精密加工研究所","東証","20230907","日証金","確報","0","0","3500","0","0","0","3500","0"
"6470","大豊工業","名証","20230907","日証金","確報","0","0","0","0","0","0","0","0"
"6470","大豊工業","東証","20230907","日証金","確報","0","100","38300","400","0","12000","26300","-500"
"6471","日本精工","東証","20230907","日証金","確報","0","600","32900","0","0","1700","31200","-600"
"6472","ＮＴＮ","東証","20230907","日証金","確報","1095300","1100","1412900","0","0","0","1412900","1094200"
"6473","ジェイテクト","名証","20230907","日証金","確報","0","0","0","0","0","0","0","0"
"6473","ジェイテクト","東証","20230907","日証金","確報","11100","29300","37200","4600","47400","12600","24600","24600"
"6474","不二越","東証","20230907","日証金","確報","0","0","1600","700","100","1400","200","-600"
"6479","ミネベアミツミ","東証","20230907","日証金","確報","9700","0","24600","0","0","0","24600","9700"
"6480","日本トムソン","東証","20230907","日証金","確報","2000","1700","20500","0","100","3100","17400","400"
"6481","ＴＨＫ","東証","20230907","日証金","確報","3900","200","34800","0","0","1100","33700","3700"
"6482","ユーシン精機","東証","20230907","日証金","確報","500","0","6000","0","900","200","5800","1400"
"6484","ケーブイケー","東証","20230907","日証金","確報","0","0","0","0","0","0","0","0"
"6485","前澤給装工業","東証","20230907","日証金","確報","200","0","400","200","0","400","0","0"
"6486","イーグル工業","東証","20230907","日証金","確報","200","200","4400","0","0","600","3800","0"
"6488","ヨシタケ","東証","20230907","日証金","確報","0","0","300","0","0","0","300","0"
"6489","前澤工業","東証","20230907","日証金","確報","200","100","9100","0","0","7000","2100","100"
"6490","日本ピラー工業","東証","20230907","日証金","確報","100","200","4100","100","300","1300","2800","100"
"6492","岡野バルブ製造","東証","20230907","日証金","確報","0","0","1600","0","0","0","1600","0"
"6492","岡野バルブ製造","福証","20230907","日証金","確報","0","0","0","0","0","0","0","0"
"6493","ＮＩＴＴＡＮ","東証","20230907","日証金","確報","0","1500","15100","0","0","0","15100","-1500"
"6494","ＮＦＫＨＤ","東証","20230907","日証金","確報","6200","100","88900","0","0","0","88900","6100"
"6495","宮入バルブ製作所","東証","20230907","日証金","確報","0","400","67200","0","0","0","67200","-400"
"6496","中北製作所","東証","20230907","日証金","確報","600","0","4000","0","0","0","4000","600"
"6497","ハマイ","東証","20230907","日証金","確報","0","0","2300","0","0","0","2300","0"
"6498","キッツ","東証","20230907","日証金","確報","700","0","17200","1300","0","1300","15900","-600"
"6501","日立製作所","名証","20230907","日証金","確報","0","0","0","0","0","0","0","0"
"6501","日立製作所","東証","20230907","日証金","確報","7400","13900","51000","28900","29200","139300","-88300","-6200"
"6502","東芝","名証","20230907","日証金","確報","0","0","0","0","0","0","0","0"
"6502","東芝","東証","20230907","日証金","確報","10200","0","43200","0","0","0","43200","10200"
"6503","三菱電機","東証","20230907","日証金","確報","900","2300","159100","20300","0","31400","127700","-21700"
"6504","富士電機","名証","20230907","日証金","確報","0","0","0","0","0","0","0","0"
"6504","富士電機","東証","20230907","日証金","確報","1100","3700","10300","0","2600","10300","0","0"
"6504","富士電機","福証","20230907","日証金","確報","0","0","0","0","0","0","0","0"
"6505","東洋電機製造","東証","20230907","日証金","確報","0","0","22600","0","0","1600","21000","0"
"6506","安川電機","東証","20230907","日証金","確報","2200","200","27900","1000","1500","12900","15000","2500"
"6506","安川電機","福証","20230907","日証金","確報","0","0","0","0","0","0","0","0"
"6507","シンフォニアテクノ","東証","20230907","日証金","確報","0","300","23100","0","0","100","23000","-300"
"6508","明電舎","名証","20230907","日証金","確報","0","0","0","0","0","0","0","0"
"6508","明電舎","東証","20230907","日証金","確報","0","100","1200","300","500","16000","-14800","100"
"6513","オリジン","東証","20230907","日証金","確報","0","0","10000","0","0","0","10000","0"
"6516","山洋電気","東証","20230907","日証金","確報","900","400","6400","100","0","2800","3600","400"
"6517","デンヨー","東証","20230907","日証金","確報","0","0","1200","0","0","0","1200","0"
"6518","三相電機","東証","20230907","日証金","確報","0","0","6500","0","0","0","6500","0"
"6521","オキサイド","東証","20230907","日証金","確報","0","400","14800","0","0","0","14800","-400"
"6522","アスタリスク","東証","20230907","日証金","確報","0","0","35000","0","0","35000","0","0"
"6523","ＰＨＣＨＤ","東証","20230907","日証金","確報","900","100","12300","0","0","0","12300","800"
"6524","湖北工業","東証","20230907","日証金","確報","0","100","30300","0","0","0","30300","-100"
"6526","ソシオネクスト","東証","20230907","日証金","確報","9500","8300","224600","0","0","0","224600","1200"
"6532","ベイカレント","東証","20230907","日証金","確報","4100","1500","12500","400","0","5500","7000","2200"
"6533","オーケストラＨＤ","東証","20230907","日証金","確報","0","200","5500","0","0","0","5500","-200"
"6535","アイモバイル","東証","20230907","日証金","確報","11200","100","17000","0","0","0","17000","11100"
"6537","ＷＡＳＨハウス","東証","20230907","日証金","確報","0","0","56500","0","0","25800","30700","0"
"6537","ＷＡＳＨハウス","福証","20230907","日証金","確報","0","0","0","0","0","0","0","0"
"6538","キャリアインデックス","東証","20230907","日証金","確報","800","0","14600","0","0","4000","10600","800"
"6539","ＭＳ－Ｊａｐａｎ","東証","20230907","日証金","確報","100","100","5700","0","100","200","5500","100"
"6540","船場","東証","20230907","日証金","確報","0","0","4000","0","0","0","4000","0"
"6542","ＦＣホールディングス","東証","20230907","日証金","確報","0","0","1400","0","0","0","1400","0"
"6543","日宣","東証","20230907","日証金","確報","0","0","600","0","0","0","600","0"
"6544","ＪＥＳＨＤ","東証","20230907","日証金","確報","100","0","3600","7400","1200","58900","-55300","-6100"
"6545","ＩＩＦ","東証","20230907","日証金","確報","200","100","28700","0","0","200","28500","100"
"6546","フルテック","札証","20230907","日証金","確報","0","0","0","0","0","0","0","0"
"6546","フルテック","東証","20230907","日証金","確報","0","0","1100","0","0","0","1100","0"
"6547","グリーンズ","名証","20230907","日証金","確報","0","0","0","0","0","0","0","0"
"6547","グリーンズ","東証","20230907","日証金","確報","0","1100","5000","0","0","0","5000","-1100"
"6549","ディーエムソリュ","東証","20230907","日証金","確報","0","100","300","0","0","0","300","-100"
"6550","Ｕｎｉｐｏｓ","東証","20230907","日証金","確報","0","1100","38500","0","0","0","38500","-1100"
"6551","ツナグＧＨＤ","東証","20230907","日証金","確報","6400","1900","90800","1900","800","87400","3400","3400"
"6552","ＧａｍｅＷｉｔｈ","東証","20230907","日証金","確報","600","0","56500","600","0","56500","0","0"
"6554","エスユーエス","東証","20230907","日証金","確報","0","0","8400","0","0","0","8400","0"
"6555","ＭＳコンサル","東証","20230907","日証金","確報","0","0","3700","0","0","0","3700","0"
"6556","ウェルビー","東証","20230907","日証金","確報","7800","0","21700","0","1500","5600","16100","9300"
"6557","ＡＩＡＩグループ","東証","20230907","日証金","確報","0","0","14400","0","0","0","14400","0"
"6558","クックビズ","東証","20230907","日証金","確報","0","600","3300","0","0","0","3300","-600"
"6560","エル・ティー・エス","東証","20230907","日証金","確報","800","400","4400","400","0","4400","0","0"
"6561","ＨＡＮＡＴＯＵＲ","東証","20230907","日証金","確報","10900","1400","44300","0","0","0","44300","9500"
"6562","ジーニー","東証","20230907","日証金","確報","100","400","31800","1200","0","1300","30500","-1500"
"6563","みらいワークス","東証","20230907","日証金","確報","0","0","3700","100","0","1500","2200","-100"
"6564","ミダックＨＤ","名証","20230907","日証金","確報","0","0","0","0","0","0","0","0"
"6564","ミダックＨＤ","東証","20230907","日証金","確報","1700","1500","12900","0","0","0","12900","200"
"6565","ＡＢホテル","名証","20230907","日証金","確報","0","0","0","0","0","0","0","0"
"6565","ＡＢホテル","東証","20230907","日証金","確報","100","200","4600","0","0","0","4600","-100"
"6566","要興業","東証","20230907","日証金","確報","0","0","3500","0","0","0","3500","0"
"6567","ＳＥＲＩＯＨＤ","東証","20230907","日証金","確報","0","0","4200","0","0","0","4200","0"
"6568","神戸天然物化学","東証","20230907","日証金","確報","300","0","13500","0","0","0","13500","300"
"6569","日総工産","東証","20230907","日証金","確報","0","3000","36600","0","0","0","36600","-3000"
"6570","共和コーポレーション","東証","20230907","日証金","確報","200","200","2200","0","0","2200","0","0"
"6571","キュービーネットＨＤ","東証","20230907","日証金","確報","400","0","22400","0","0","0","22400","400"
"6572","ＲＰＡ","東証","20230907","日証金","確報","1000","0","80600","0","0","0","80600","1000"
"6573","アジャイル","東証","20230907","日証金","確報","2800","100","32200","0","0","0","32200","2700"
"6574","コンヴァノ","東証","20230907","日証金","確報","0","0","100","0","0","0","100","0"
"6577","ベストワンドットコム","東証","20230907","日証金","確報","0","0","3200","0","0","0","3200","0"
"6578","エヌリンクス","東証","20230907","日証金","確報","300","200","15300","0","0","0","15300","100"
"6579","ログリー","東証","20230907","日証金","確報","0","0","9600","0","0","0","9600","0"
"6580","ライトアップ","東証","20230907","日証金","確報","0","0","2600","200","0","300","2300","-200"
"6584","三櫻工業","東証","20230907","日証金","確報","1400","4700","51000","1400","4700","51000","0","0"
"6586","マキタ","名証","20230907","日証金","確報","0","0","0","0","0","0","0","0"
"6586","マキタ","東証","20230907","日証金","確報","3500","1000","29400","0","0","500","28900","2500"
"6588","東芝テック","東証","20230907","日証金","確報","0","800","2100","0","0","1000","1100","-800"
"6590","芝浦メカトロニクス","東証","20230907","日証金","確報","15800","300","36500","0","2800","19800","16700","18300"
"6592","マブチモーター","東証","20230907","日証金","確報","0","100","2200","0","100","2200","0","0"
"6594","ニデック","東証","20230907","日証金","確報","47500","0","379600","6900","11400","7300","372300","52000"
"6597","ＨＰＣシステムズ","東証","20230907","日証金","確報","1800","300","14200","0","0","0","14200","1500"
"6599","エブレン","東証","20230907","日証金","確報","0","0","1600","0","0","0","1600","0"
"6612","バルミューダ","東証","20230907","日証金","確報","0","100","3400","0","0","0","3400","-100"
"6613","ＱＤレーザ","東証","20230907","日証金","確報","1100","2600","216700","0","0","0","216700","-1500"
"6614","シキノハイテック","東証","20230907","日証金","確報","300","300","21400","0","0","2000","19400","0"
"6615","ＵＭＣエレ","東証","20230907","日証金","確報","0","6000","49000","0","0","7300","41700","-6000"
"6616","トレックス・セミコン","東証","20230907","日証金","確報","0","700","6000","0","0","0","6000","-700"
"6617","東光高岳","東証","20230907","日証金","確報","2600","0","12400","0","0","0","12400","2600"
"6618","大泉製作所","東証","20230907","日証金","確報","0","200","6700","0","0","0","6700","-200"
"6619","ダブル・スコープ","東証","20230907","日証金","確報","9600","182700","2416500","0","0","3050000","-633500","-173100"
"6620","宮越ホールディングス","東証","20230907","日証金","確報","0","0","8700","0","0","0","8700","0"
"6622","ダイヘン","東証","20230907","日証金","確報","1300","0","4000","0","0","2600","1400","1300"
"6622","ダイヘン","福証","20230907","日証金","確報","0","0","0","0","0","0","0","0"
"6623","愛知電機","名証","20230907","日証金","確報","0","1500","18700","0","0","0","18700","-1500"
"6625","ＪＡＬＣＯ　ＨＤ","東証","20230907","日証金","確報","0","3400","533200","2100","0","11700","521500","-5500"
"6626","ＳＥＭＩＴＥＣ","東証","20230907","日証金","確報","0","200","68900","0","0","0","68900","-200"
"6627","テラプローブ","東証","20230907","日証金","確報","100","2000","10700","0","0","0","10700","-1900"
"6629","テクノホライゾン","東証","20230907","日証金","確報","0","1100","51800","0","0","2200","49600","-1100"
"6630","ヤーマン","東証","20230907","日証金","確報","5000","5400","331600","500","0","759600","-428000","-900"
"6632","ＪＶＣケンウッド","東証","20230907","日証金","確報","41300","27500","360400","900","356900","742900","-382500","369800"
"6633","Ｃ＆Ｇシステムズ","東証","20230907","日証金","確報","0","0","4800","0","0","0","4800","0"
"6634","ネクスグループ","東証","20230907","日証金","確報","0","0","14600","0","0","0","14600","0"
"6635","大日光・エンジニア","東証","20230907","日証金","確報","0","700","8800","200","0","4200","4600","-900"
"6637","寺崎電気産業","東証","20230907","日証金","確報","2600","900","17300","0","0","0","17300","1700"
"6638","ミマキエンジニア","東証","20230907","日証金","確報","600","0","15000","0","0","1000","14000","600"
"6640","Ｉ－ＰＥＸ","東証","20230907","日証金","確報","1100","0","10500","0","10500","52500","-42000","11600"
"6643","戸上電機製作所","東証","20230907","日証金","確報","0","0","1100","0","0","0","1100","0"
"6644","大崎電気工業","東証","20230907","日証金","確報","0","2700","7600","0","0","0","7600","-2700"
"6645","オムロン","東証","20230907","日証金","確報","2900","2900","35500","0","0","3600","31900","0"
"6647","森尾電機","東証","20230907","日証金","確報","0","0","0","0","0","0","0","0"
"6648","かわでん","東証","20230907","日証金","確報","0","0","400","0","0","0","400","0"
"6651","日東工業","名証","20230907","日証金","確報","0","0","0","0","0","0","0","0"
"6651","日東工業","東証","20230907","日証金","確報","700","500","11600","800","600","11600","0","0"
"6652","ＩＤＥＣ","東証","20230907","日証金","確報","500","300","7700","200","0","7700","0","0"
"6653","正興電機製作所","東証","20230907","日証金","確報","300","200","1300","100","0","1100","200","0"
"6653","正興電機製作所","福証","20230907","日証金","確報","0","0","0","0","0","0","0","0"
"6654","不二電機工業","東証","20230907","日証金","確報","1200","200","12800","300","0","15800","-3000","700"
"6655","東洋電機","名証","20230907","日証金","確報","0","0","0","0","0","0","0","0"
"6656","インスペック","東証","20230907","日証金","確報","500","200","75000","0","0","100","74900","300"
"6658","シライ電子工業","東証","20230907","日証金","確報","3600","0","68800","0","0","0","68800","3600"
"6659","メディアリンクス","東証","20230907","日証金","確報","12100","10100","460500","0","0","0","460500","2000"
"6662","ユビテック","東証","20230907","日証金","確報","0","0","187100","0","0","0","187100","0"
"6663","太洋工業","東証","20230907","日証金","確報","0","0","8500","0","0","0","8500","0"
"6664","オプトエレク","東証","20230907","日証金","確報","0","0","3100","0","0","1000","2100","0"
"6666","リバーエレテック","東証","20230907","日証金","確報","700","100","12500","0","0","0","12500","600"
"6668","アドテックプラズマ","東証","20230907","日証金","確報","500","100","13500","0","0","0","13500","400"
"6670","ＭＣＪ","東証","20230907","日証金","確報","3500","3400","5400","100","0","5400","0","0"
"6674","ジーエス・ユアサ","東証","20230907","日証金","確報","1100","500","4500","500","2100","2300","2200","2200"
"6675","サクサＨＤ","東証","20230907","日証金","確報","0","500","9900","0","500","9900","0","0"
"6676","メルコＨＤ","名証","20230907","日証金","確報","0","0","0","0","0","0","0","0"
"6676","メルコＨＤ","東証","20230907","日証金","確報","0","0","1100","0","0","0","1100","0"
"6677","エスケーエレク","東証","20230907","日証金","確報","3100","0","13800","0","0","0","13800","3100"
"6678","テクノメディカ","東証","20230907","日証金","確報","0","0","700","0","0","0","700","0"
"6694","ズーム","東証","20230907","日証金","確報","0","900","7600","0","0","0","7600","-900"
"6696","トラースＯＰ","東証","20230907","日証金","確報","6300","1100","26000","0","0","0","26000","5200"
"6697","テックポイント","東証","20230907","日証金","確報","0","0","3500","0","0","0","3500","0"
"6698","ＶｉＳＣＯＴＥＣ","東証","20230907","日証金","確報","0","0","2600","0","0","900","1700","0"
"6699","ダイヤＨＤ","東証","20230907","日証金","確報","600","200","38100","0","0","0","38100","400"
"6701","日本電気","東証","20230907","日証金","確報","4100","3300","57700","3300","2500","57700","0","0"
"6702","富士通","名証","20230907","日証金","確報","0","0","0","0","0","0","0","0"
"6702","富士通","東証","20230907","日証金","確報","0","1000","4500","700","0","4200","300","-1700"
"6703","沖電気工業","東証","20230907","日証金","確報","36900","28000","143000","3300","8700","13300","129700","14300"
"6704","岩崎通信機","東証","20230907","日証金","確報","200","0","1100","0","0","400","700","200"
"6706","電気興業","東証","20230907","日証金","確報","1000","300","8500","0","200","8100","400","900"
"6707","サンケン電気","東証","20230907","日証金","確報","600","300","27000","0","0","0","27000","300"
"6715","ナカヨ","東証","20230907","日証金","確報","0","0","500","0","0","200","300","0"
"6718","アイホン","名証","20230907","日証金","確報","0","0","0","0","0","0","0","0"
"6718","アイホン","東証","20230907","日証金","確報","0","800","3700","300","2100","900","2800","1000"
"6721","ウインテスト","東証","20230907","日証金","確報","0","0","65400","0","0","0","65400","0"
"6723","ルネサスエレク","東証","20230907","日証金","確報","0","31000","305300","9400","0","23400","281900","-40400"
"6724","セイコーエプソン","東証","20230907","日証金","確報","400","1200","10600","1700","8600","15600","-5000","6100"
"6727","ワコム","東証","20230907","日証金","確報","0","1500","12000","600","0","8100","3900","-2100"
"6728","アルバック","東証","20230907","日証金","確報","0","300","8400","1700","0","12000","-3600","-2000"
"6730","アクセル","東証","20230907","日証金","確報","700","0","17800","0","100","0","17800","800"
"6731","ピクセラ","東証","20230907","日証金","確報","13200","59300","947200","0","0","0","947200","-46100"
"6734","ニューテック","東証","20230907","日証金","確報","0","0","2400","0","0","0","2400","0"
"6736","サン電子","東証","20230907","日証金","確報","400","500","3300","0","100","3300","0","0"
"6737","ＥＩＺＯ","東証","20230907","日証金","確報","0","0","800","100","200","900","-100","100"
"6740","ジャパンディスプレイ","東証","20230907","日証金","確報","125800","106300","2841400","38600","19100","2841400","0","0"
"6741","日本信号","東証","20230907","日証金","確報","0","100","3900","0","100","1200","2700","0"
"6742","京三製作所","東証","20230907","日証金","確報","3100","500","13500","0","0","700","12800","2600"
"6743","大同信号","東証","20230907","日証金","確報","100","0","100","0","0","0","100","100"
"6744","能美防災","東証","20230907","日証金","確報","2300","900","2900","0","0","2400","500","1400"
"6745","ホーチキ","東証","20230907","日証金","確報","200","0","600","0","0","100","500","200"
"6748","星和電機","東証","20230907","日証金","確報","400","0","6500","0","0","5300","1200","400"
"6750","エレコム","東証","20230907","日証金","確報","100","1300","2600","0","1200","2600","0","0"
"6752","パナソニックＨＤ","名証","20230907","日証金","確報","0","0","1000","0","0","0","1000","0"
"6752","パナソニックＨＤ","東証","20230907","日証金","確報","2000","15700","120600","0","1600","5800","114800","-12100"
"6753","シャープ","東証","20230907","日証金","確報","36900","27800","164800","3300","30500","629900","-465100","36300"
"6754","アンリツ","東証","20230907","日証金","確報","1400","3900","85200","0","9000","0","85200","6500"
"6755","富士通ゼネラル","東証","20230907","日証金","確報","200","1100","123500","0","0","0","123500","-900"
"6757","ＯＳＧコーポ","東証","20230907","日証金","確報","0","0","2500","0","0","0","2500","0"
"6758","ソニーグループ","東証","20230907","日証金","確報","1200","4400","118800","2600","0","7300","111500","-5800"
"6762","ＴＤＫ","東証","20230907","日証金","確報","55300","0","96300","6700","10100","117200","-20900","58700"
"6763","帝国通信工業","東証","20230907","日証金","確報","0","0","2500","0","0","0","2500","0"
"6768","タムラ製作所","東証","20230907","日証金","確報","400","600","214400","0","0","0","214400","-200"
"6769","ザインエレク","東証","20230907","日証金","確報","100","0","8300","0","0","0","8300","100"
"6770","アルプスアルパイン","東証","20230907","日証金","確報","1000","28300","73000","8600","35900","73000","0","0"
"6771","池上通信機","東証","20230907","日証金","確報","300","0","15700","0","0","11300","4400","300"
"6772","東京コスモス電機","東証","20230907","日証金","確報","0","0","500","0","0","0","500","0"
"6775","ＴＢグループ","東証","20230907","日証金","確報","0","0","88500","0","0","0","88500","0"
"6776","天昇電気工業","東証","20230907","日証金","確報","100","0","26500","0","0","0","26500","100"
"6777","ｓａｎｔｅｃＨＤ","東証","20230907","日証金","確報","400","0","12600","0","0","0","12600","400"
"6778","アルチザＮＷ","東証","20230907","日証金","確報","0","0","6100","0","400","1200","4900","400"
"6779","日本電波工業","東証","20230907","日証金","確報","700","0","5500","0","0","0","5500","700"
"6785","鈴木","東証","20230907","日証金","確報","700","800","9000","0","100","9000","0","0"
"6786","ＲＶＨ","東証","20230907","日証金","確報","700","0","5700","0","0","0","5700","700"
"6787","メイコー","東証","20230907","日証金","確報","500","1800","11100","0","3100","11100","0","1800"
"6788","日本トリム","東証","20230907","日証金","確報","0","0","1400","0","0","400","1000","0"
"6789","ローランドＤＧ","東証","20230907","日証金","確報","0","100","8500","0","100","100","8400","0"
"6794","フォスター電機","東証","20230907","日証金","確報","3400","0","30600","0","0","0","30600","3400"
"6797","名古屋電機工業","名証","20230907","日証金","確報","0","0","42700","0","0","0","42700","0"
"6798","ＳＭＫ","東証","20230907","日証金","確報","0","0","1800","0","1200","0","1800","1200"
"6800","ヨコオ","東証","20230907","日証金","確報","100","600","14300","0","900","3900","10400","400"
"6803","ティアック","東証","20230907","日証金","確報","6900","100","51000","0","100","0","51000","6900"
"6804","ホシデン","東証","20230907","日証金","確報","100","8500","7900","4500","100","20700","-12800","-12800"
"6806","ヒロセ電機","東証","20230907","日証金","確報","0","0","1000","100","100","1000","0","0"
"6807","日本航空電子工業","東証","20230907","日証金","確報","0","0","2500","800","2800","40400","-37900","2000"
"6809","ティーオーエー","東証","20230907","日証金","確報","100","100","5500","0","0","5500","0","0"
"6810","マクセル","東証","20230907","日証金","確報","700","300","15800","500","100","15800","0","0"
"6814","古野電気","東証","20230907","日証金","確報","0","2000","12100","0","1100","2000","10100","-900"
"6817","スミダコーポ","東証","20230907","日証金","確報","4400","2700","24600","0","1200","8100","16500","2900"
"6819","伊豆シャボテン","東証","20230907","日証金","確報","0","0","1276100","0","0","0","1276100","0"
"6820","アイコム","東証","20230907","日証金","確報","500","500","1900","0","0","1900","0","0"
"6822","大井電気","東証","20230907","日証金","確報","0","0","500","0","0","0","500","0"
"6823","リオン","東証","20230907","日証金","確報","100","0","3600","600","0","1300","2300","-500"
"6824","新コスモス電機","東証","20230907","日証金","確報","0","0","300","0","0","0","300","0"
"6832","アオイ電子","東証","20230907","日証金","確報","0","700","11400","0","0","0","11400","-700"
"6834","精工技研","東証","20230907","日証金","確報","0","0","7400","0","0","300","7100","0"
"6835","アライドテレシスＨＤ","東証","20230907","日証金","確報","4400","0","191900","0","0","0","191900","4400"
"6836","ぷらっとホーム","東証","20230907","日証金","確報","0","0","3700","0","0","0","3700","0"
"6837","京写","東証","20230907","日証金","確報","5600","0","32000","0","0","0","32000","5600"
"6838","多摩川ＨＤ","東証","20230907","日証金","確報","100","500","11500","0","0","0","11500","-400"
"6840","ＡＫＩＢＡＨＤ","東証","20230907","日証金","確報","0","600","39400","0","0","0","39400","-600"
"6841","横河電機","東証","20230907","日証金","確報","0","800","5000","300","1200","11200","-6200","100"
"6844","新電元工業","東証","20230907","日証金","確報","100","100","19500","500","0","3200","16300","-500"
"6845","アズビル","東証","20230907","日証金","確報","100","200","900","1000","0","5500","-4600","-1100"
"6846","中央製作所","名証","20230907","日証金","確報","0","0","1200","0","0","0","1200","0"
"6848","東亜ディーケーケー","東証","20230907","日証金","確報","100","100","900","0","0","900","0","0"
"6849","日本光電工業","東証","20230907","日証金","確報","300","0","1500","2500","0","17300","-15800","-2200"
"6850","チノー","東証","20230907","日証金","確報","0","0","4700","0","0","0","4700","0"
"6853","共和電業","東証","20230907","日証金","確報","800","0","20300","0","0","900","19400","800"
"6855","日本電子材料","東証","20230907","日証金","確報","0","0","7100","0","600","0","7100","600"
"6856","堀場製作所","東証","20230907","日証金","確報","1100","0","2200","1200","0","2200","0","-100"
"6857","アドバンテスト","東証","20230907","日証金","確報","95200","1000","171800","5600","35200","16100","155700","123800"
"6858","小野測器","東証","20230907","日証金","確報","0","800","43000","0","0","0","43000","-800"
"6859","エスペック","東証","20230907","日証金","確報","0","0","3500","100","0","100","3400","-100"
"6861","キーエンス","東証","20230907","日証金","確報","7000","0","46800","0","0","0","46800","7000"
"6862","ミナトＨＤ","東証","20230907","日証金","確報","1500","0","14900","0","0","0","14900","1500"
"6863","ニレコ","東証","20230907","日証金","確報","0","0","5200","0","0","0","5200","0"
"6864","エヌエフＨＤ","東証","20230907","日証金","確報","300","0","9100","0","0","0","9100","300"
"6866","日置電機","東証","20230907","日証金","確報","0","0","6700","0","0","100","6600","0"
"6867","リーダー電子","東証","20230907","日証金","確報","600","0","17800","0","0","0","17800","600"
"6869","シスメックス","東証","20230907","日証金","確報","1400","100","20000","0","0","0","20000","1300"
"6870","日本フェンオール","東証","20230907","日証金","確報","0","0","1500","0","0","0","1500","0"
"6871","日本マイクロニクス","東証","20230907","日証金","確報","0","100","2600","2600","1000","188000","-185400","-1700"
"6874","協立電機","東証","20230907","日証金","確報","0","0","39300","0","0","0","39300","0"
"6875","メガチップス","東証","20230907","日証金","確報","100","0","5800","200","100","5800","0","0"
"6877","ＯＢＡＲＡＧ","東証","20230907","日証金","確報","100","0","1700","0","0","0","1700","100"
"6879","ＩＭＡＧＩＣＡ　Ｇ","東証","20230907","日証金","確報","500","0","17500","0","700","0","17500","1200"
"6881","キョウデン","東証","20230907","日証金","確報","0","0","24800","0","0","0","24800","0"
"6882","三社電機製作所","東証","20230907","日証金","確報","200","700","11700","200","0","700","11000","-700"
"6888","アクモス","東証","20230907","日証金","確報","0","100","6800","0","0","0","6800","-100"
"6890","フェローテック","東証","20230907","日証金","確報","4100","700","122700","0","0","7000","115700","3400"
"6894","パルステック工業","東証","20230907","日証金","確報","0","0","1600","0","0","0","1600","0"
"6897","ツインバード","東証","20230907","日証金","確報","0","0","3800","0","0","0","3800","0"
"6898","トミタ電機","東証","20230907","日証金","確報","400","0","4500","0","0","0","4500","400"
"6899","ＡＳＴＩ","東証","20230907","日証金","確報","100","0","12800","0","0","0","12800","100"
"6901","澤藤電機","東証","20230907","日証金","確報","100","300","6800","0","0","0","6800","-200"
"6902","デンソー","名証","20230907","日証金","確報","0","0","0","0","0","0","0","0"
"6902","デンソー","東証","20230907","日証金","確報","4600","4400","50300","4400","1800","108000","-57700","-2400"
"6904","原田工業","東証","20230907","日証金","確報","0","0","100","0","0","0","100","0"
"6905","コーセル","東証","20230907","日証金","確報","0","200","22500","0","0","0","22500","-200"
"6907","ジオマテック","東証","20230907","日証金","確報","0","400","5300","0","0","0","5300","-400"
"6908","イリソ電子工業","東証","20230907","日証金","確報","0","100","4100","100","0","500","3600","-200"
"6912","菊水ホールディングス","東証","20230907","日証金","確報","0","0","3800","0","0","0","3800","0"
"6914","オプテックスグループ","東証","20230907","日証金","確報","100","700","7800","0","400","1400","6400","-200"
"6915","千代田インテグレ","東証","20230907","日証金","確報","0","0","13200","0","100","1200","12000","100"
"6918","アバールデータ","東証","20230907","日証金","確報","0","800","8700","0","0","0","8700","-800"
"6919","ケル","東証","20230907","日証金","確報","0","500","1500","0","0","100","1400","-500"
"6920","レーザーテック","東証","20230907","日証金","確報","63800","700","179100","200","153900","101400","77700","216800"
"6923","スタンレー電気","東証","20230907","日証金","確報","400","1500","7900","100","0","100","7800","-1200"
"6925","ウシオ電機","東証","20230907","日証金","確報","4900","300","78900","0","0","500","78400","4600"
"6926","岡谷電機産業","東証","20230907","日証金","確報","500","0","5200","0","0","0","5200","500"
"6927","ヘリオステクノＨＤ","東証","20230907","日証金","確報","400","1200","112100","0","0","0","112100","-800"
"6928","エノモト","東証","20230907","日証金","確報","0","0","17300","0","0","0","17300","0"
"6929","日本セラミック","東証","20230907","日証金","確報","0","0","2800","0","0","0","2800","0"
"6930","日本アンテナ","東証","20230907","日証金","確報","0","0","900","0","0","0","900","0"
"6932","遠藤照明","東証","20230907","日証金","確報","500","500","20500","0","0","20500","0","0"
"6937","古河電池","東証","20230907","日証金","確報","1400","0","33700","0","700","0","33700","2100"
"6938","双信電機","東証","20230907","日証金","確報","200","0","21900","0","0","0","21900","200"
"6941","山一電機","東証","20230907","日証金","確報","8400","1000","24500","7900","500","24500","0","0"
"6942","ソフィアＨＤ","東証","20230907","日証金","確報","0","0","100","0","0","0","100","0"
"6943","ＮＫＫスイッチズ","東証","20230907","日証金","確報","200","0","1100","0","0","0","1100","200"
"6946","日本アビオニクス","東証","20230907","日証金","確報","1100","500","5300","0","0","0","5300","600"
"6947","図研","東証","20230907","日証金","確報","200","0","4200","400","200","4200","0","0"
"6951","日本電子","東証","20230907","日証金","確報","0","600","25600","300","0","1100","24500","-900"
"6952","カシオ計算機","東証","20230907","日証金","確報","6600","900","41600","9300","3600","41600","0","0"
"6954","ファナック","東証","20230907","日証金","確報","2100","2500","186600","500","4000","18100","168500","3100"
"6955","エフ・ディー・ケイ","東証","20230907","日証金","確報","0","0","11800","0","0","0","11800","0"
"6957","芝浦電子","東証","20230907","日証金","確報","100","100","2800","0","0","0","2800","0"
"6958","日本シイエムケイ","東証","20230907","日証金","確報","400","1800","27300","900","0","18100","9200","-2300"
"6960","フクダ電子","東証","20230907","日証金","確報","200","0","1400","200","0","1400","0","0"
"6961","エンプラス","東証","20230907","日証金","確報","200","1000","4900","37700","3900","264000","-259100","-34600"
"6962","大真空","東証","20230907","日証金","確報","6600","100","29100","7000","500","29100","0","0"
"6963","ローム","東証","20230907","日証金","確報","7700","500","52700","2400","200","15700","37000","5000"
"6964","サンコー","東証","20230907","日証金","確報","4500","100","8500","0","0","0","8500","4400"
"6965","浜松ホトニクス","東証","20230907","日証金","確報","400","100","27400","0","0","0","27400","300"
"6966","三井ハイテック","東証","20230907","日証金","確報","4000","2000","23900","12000","300","52200","-28300","-9700"
"6966","三井ハイテック","福証","20230907","日証金","確報","0","0","0","0","0","0","0","0"
"6967","新光電気工業","東証","20230907","日証金","確報","6300","3900","214000","100","20400","287200","-73200","22700"
"6969","松尾電機","東証","20230907","日証金","確報","0","0","14000","0","0","0","14000","0"
"6971","京セラ","東証","20230907","日証金","確報","300","1100","9600","300","600","3500","6100","-500"
"6973","協栄産業","東証","20230907","日証金","確報","100","500","3300","0","0","0","3300","-400"
"6976","太陽誘電","東証","20230907","日証金","確報","38900","100","49900","4800","18700","25100","24800","52700"
"6977","日本抵抗器製作所","東証","20230907","日証金","確報","400","0","11500","0","0","0","11500","400"
"6981","村田製作所","東証","20230907","日証金","確報","19900","0","65400","42900","5700","43900","21500","-17300"
"6982","リード","東証","20230907","日証金","確報","0","0","3400","0","0","0","3400","0"
"6986","双葉電子工業","東証","20230907","日証金","確報","700","2100","10600","200","500","4000","6600","-1100"
"6988","日東電工","東証","20230907","日証金","確報","500","4800","11600","5000","1000","24300","-12700","-8300"
"6989","北陸電気工業","東証","20230907","日証金","確報","200","100","4800","0","0","1800","3000","100"
"6993","大黒屋ＨＤ","東証","20230907","日証金","確報","27100","29600","1307500","0","2500","1307500","0","0"
"6994","指月電機製作所","東証","20230907","日証金","確報","200","200","30200","0","0","30200","0","0"
"6995","東海理化電機製作所","名証","20230907","日証金","確報","0","0","0","0","0","0","0","0"
"6995","東海理化電機製作所","東証","20230907","日証金","確報","0","8200","5400","2300","300","24300","-18900","-10200"
"6996","ニチコン","東証","20230907","日証金","確報","400","700","27300","0","7500","8300","19000","7200"
"6997","日本ケミコン","東証","20230907","日証金","確報","3100","1000","30400","0","100","0","30400","2200"
"6998","日本タングステン","東証","20230907","日証金","確報","0","300","400","0","0","0","400","-300"
"6998","日本タングステン","福証","20230907","日証金","確報","0","0","0","0","0","0","0","0"
"6999","コーア","名証","20230907","日証金","確報","0","0","0","0","0","0","0","0"
"6999","コーア","東証","20230907","日証金","確報","0","200","8700","600","0","5500","3200","-800"
"7003","三井Ｅ＆Ｓ","東証","20230907","日証金","確報","16000","25500","236200","33600","106300","295600","-59400","63200"
"7004","日立造船","東証","20230907","日証金","確報","0","8500","37700","0","0","600","37100","-8500"
"7011","三菱重工業","名証","20230907","日証金","確報","0","0","0","0","0","0","0","0"
"7011","三菱重工業","札証","20230907","日証金","確報","0","0","0","0","0","0","0","0"
"7011","三菱重工業","東証","20230907","日証金","確報","15400","25900","142700","9000","17200","86400","56300","-2300"
"7011","三菱重工業","福証","20230907","日証金","確報","0","0","0","0","0","0","0","0"
"7012","川崎重工業","名証","20230907","日証金","確報","0","100","0","0","0","0","0","-100"
"7012","川崎重工業","東証","20230907","日証金","確報","72400","16400","105100","30100","19400","59800","45300","45300"
"7013","ＩＨＩ","東証","20230907","日証金","確報","700","7900","55700","22200","0","22200","33500","-29400"
"7014","名村造船所","東証","20230907","日証金","確報","53400","96900","1170200","0","79500","819000","351200","36000"
"7018","内海造船","東証","20230907","日証金","確報","1700","1400","23500","0","0","0","23500","300"
"7021","ニッチツ","東証","20230907","日証金","確報","0","0","2300","0","0","0","2300","0"
"7022","サノヤスＨＤ","東証","20230907","日証金","確報","0","0","24000","6000","0","8100","15900","-6000"
"7030","スプリックス","東証","20230907","日証金","確報","0","900","5500","0","0","800","4700","-900"
"7031","インバウンドテック","東証","20230907","日証金","確報","0","300","11900","0","0","0","11900","-300"
"7033","ＭＳＯＬ","東証","20230907","日証金","確報","200","100","20500","0","0","0","20500","100"
"7034","プロレド","東証","20230907","日証金","確報","0","0","1100","0","0","0","1100","0"
"7035","ａｎｆａｃ","東証","20230907","日証金","確報","0","800","11800","0","300","8500","3300","-500"
"7036","イーエムネットＪ","東証","20230907","日証金","確報","0","0","1000","0","0","0","1000","0"
"7037","テノ．","東証","20230907","日証金","確報","0","0","2900","0","0","0","2900","0"
"7037","テノ．","福証","20230907","日証金","確報","0","0","0","0","0","0","0","0"
"7038","フロンティアＭ","東証","20230907","日証金","確報","800","0","3200","0","0","0","3200","800"
"7039","ブリッジ","東証","20230907","日証金","確報","0","0","4100","0","0","700","3400","0"
"7040","サン・ライフＨＤ","東証","20230907","日証金","確報","0","0","300","0","0","0","300","0"
"7041","ＣＲＧＨＤ","東証","20230907","日証金","確報","0","0","1700","0","0","0","1700","0"
"7042","アクセスグループ","東証","20230907","日証金","確報","200","0","11900","0","0","0","11900","200"
"7043","アルー","東証","20230907","日証金","確報","0","0","200","0","0","0","200","0"
"7044","ピアラ","東証","20230907","日証金","確報","0","0","4700","0","0","0","4700","0"
"7046","ＴＤＳＥ","東証","20230907","日証金","確報","100","200","11200","0","0","0","11200","-100"
"7047","ポート","東証","20230907","日証金","確報","600","2600","29900","800","0","1400","28500","-2800"
"7047","ポート","福証","20230907","日証金","確報","0","0","0","0","0","0","0","0"
"7048","ベルトラ","東証","20230907","日証金","確報","22800","0","59200","2900","1800","80100","-20900","21700"
"7049","識学","東証","20230907","日証金","確報","100","4600","30900","2100","6600","30900","0","0"
"7050","フロンティアＩ","東証","20230907","日証金","確報","0","0","500","0","0","0","500","0"
"7057","エヌ・シー・エヌ","東証","20230907","日証金","確報","0","0","800","0","0","0","800","0"
"7058","共栄セキュリティ","東証","20230907","日証金","確報","0","200","2600","0","0","0","2600","-200"
"7059","コプロＨＤ","名証","20230907","日証金","確報","0","0","0","0","0","0","0","0"
"7059","コプロＨＤ","東証","20230907","日証金","確報","2000","100","19300","1700","2000","35800","-16500","2200"
"7060","ギークス","東証","20230907","日証金","確報","100","1600","27400","0","0","0","27400","-1500"
"7061","日本ホスピス","東証","20230907","日証金","確報","900","200","59400","0","0","800","58600","700"
"7062","フレアス","東証","20230907","日証金","確報","0","0","4100","0","0","0","4100","0"
"7063","Ｂｉｒｄｍａｎ","東証","20230907","日証金","確報","400","2100","7800","0","0","0","7800","-1700"
"7064","ハウテレビジョン","東証","20230907","日証金","確報","100","200","1100","0","0","0","1100","-100"
"7065","ユーピーアール","東証","20230907","日証金","確報","200","2100","18500","0","0","100","18400","-1900"
"7066","ピアズ","東証","20230907","日証金","確報","0","1800","35400","0","0","0","35400","-1800"
"7067","ブランディング","東証","20230907","日証金","確報","0","0","200","0","0","0","200","0"
"7068","ＦフォースＧ","東証","20230907","日証金","確報","1800","1200","26600","1800","400","26600","0","-800"
"7069","サイバー・バズ","東証","20230907","日証金","確報","0","0","800","0","0","0","800","0"
"7071","アンビス","東証","20230907","日証金","確報","1100","0","15000","0","800","500","14500","1900"
"7072","インテＭ","東証","20230907","日証金","確報","400","0","5100","0","0","0","5100","400"
"7073","ジェイック","東証","20230907","日証金","確報","0","0","1400","0","0","0","1400","0"
"7074","２４７","東証","20230907","日証金","確報","1500","500","17800","0","0","0","17800","1000"
"7075","ＱＬＳＨＤ","名証","20230907","日証金","確報","0","400","1800","0","0","0","1800","-400"
"7076","名南Ｍ＆Ａ","名証","20230907","日証金","確報","0","0","800","0","0","0","800","0"
"7077","ＡＬｉＮＫ","東証","20230907","日証金","確報","1900","0","3600","0","0","0","3600","1900"
"7078","ＩＮＣＬＵＳＩＶＥ","東証","20230907","日証金","確報","300","1600","31000","0","0","0","31000","-1300"
"7079","ＷＤＢココ","東証","20230907","日証金","確報","0","0","400","0","0","0","400","0"
"7080","スポーツフィールド","東証","20230907","日証金","確報","0","0","2000","0","0","0","2000","0"
"7081","コーユーレンティア","東証","20230907","日証金","確報","0","400","1500","0","0","0","1500","-400"
"7082","ジモティー","東証","20230907","日証金","確報","0","0","13100","0","0","0","13100","0"
"7083","ＡＨＣグループ","東証","20230907","日証金","確報","0","0","900","0","0","0","900","0"
"7084","キッズスマイル","東証","20230907","日証金","確報","0","0","1300","0","0","0","1300","0"
"7085","カーブスＨＤ","東証","20230907","日証金","確報","2100","500","17300","1700","100","17300","0","0"
"7086","きずなＨＤ","東証","20230907","日証金","確報","300","1900","10800","0","0","0","10800","-1600"
"7087","ウイルテック","東証","20230907","日証金","確報","0","0","6000","0","0","0","6000","0"
"7088","フォーラムエンジニア","東証","20230907","日証金","確報","500","0","8400","0","0","0","8400","500"
"7089","フォースタ","東証","20230907","日証金","確報","0","300","7800","0","0","0","7800","-300"
"7090","リグア","東証","20230907","日証金","確報","0","0","0","0","0","0","0","0"
"7091","ＬＰＦ","東証","20230907","日証金","確報","0","0","200","0","0","0","200","0"
"7092","ＦＦＪ","東証","20230907","日証金","確報","200","1300","16100","0","1100","16100","0","0"
"7093","アディッシュ","東証","20230907","日証金","確報","0","0","4800","0","0","0","4800","0"
"7094","ＮｅｘＴｏｎｅ","東証","20230907","日証金","確報","5500","0","46600","0","0","0","46600","5500"
"7095","ＭａｃｂｅｅＰ","東証","20230907","日証金","確報","700","600","11600","0","0","0","11600","100"
"7096","ステムセル研究所","東証","20230907","日証金","確報","300","0","2300","0","0","0","2300","300"
"7097","さくらさくプラス","東証","20230907","日証金","確報","0","0","1000","0","0","0","1000","0"
"7102","日本車輌製造","名証","20230907","日証金","確報","0","0","0","0","0","0","0","0"
"7102","日本車輌製造","東証","20230907","日証金","確報","0","0","900","0","0","300","600","0"
"7105","三菱ロジスネクスト","東証","20230907","日証金","確報","0","1200","5600","0","0","0","5600","-1200"
"7110","クラシコム","東証","20230907","日証金","確報","300","0","2400","0","0","0","2400","300"
"7111","ＩＮＥＳＴ","東証","20230907","日証金","確報","0","1500","51300","0","0","0","51300","-1500"
"7112","キューブ","東証","20230907","日証金","確報","0","400","2200","0","0","0","2200","-400"
"7114","フーディソン","東証","20230907","日証金","確報","0","100","2600","0","0","0","2600","-100"
"7115","アルファパーチェス","東証","20230907","日証金","確報","10000","100","13700","0","0","0","13700","9900"
"7116","ダイワ通信","東証","20230907","日証金","確報","0","0","7100","0","0","0","7100","0"
"7119","ハルメクＨＤ","東証","20230907","日証金","確報","0","700","9300","0","0","0","9300","-700"
"7120","ＳＨＩＮＫＯ","東証","20230907","日証金","確報","200","600","8200","0","0","0","8200","-400"
"7122","近畿車輛","東証","20230907","日証金","確報","0","0","7400","0","100","3900","3500","100"
"7126","グローバルスタイル","東証","20230907","日証金","確報","0","100","600","0","0","0","600","-100"
"7127","一家ホールディングス","東証","20230907","日証金","確報","0","300","1400","0","0","0","1400","-300"
"7128","フルサト・マルカＨＤ","東証","20230907","日証金","確報","0","800","4900","100","200","3100","1800","-700"
"7129","ミアヘルサＨＤ","東証","20230907","日証金","確報","0","0","1100","0","0","0","1100","0"
"7130","ヤマエグループＨＤ","東証","20230907","日証金","確報","13000","3200","55400","9800","0","55400","0","0"
"7130","ヤマエグループＨＤ","福証","20230907","日証金","確報","0","0","0","0","0","0","0","0"
"7131","のむら産業","東証","20230907","日証金","確報","0","200","4800","0","0","0","4800","-200"
"7133","ヒュウガプライマ","東証","20230907","日証金","確報","0","100","2700","0","0","0","2700","-100"
"7134","アップガレージＧ","東証","20230907","日証金","確報","0","200","4200","0","0","0","4200","-200"
"7135","ジャパンクラフトＨＤ","名証","20230907","日証金","確報","0","0","0","0","0","0","0","0"
"7135","ジャパンクラフトＨＤ","東証","20230907","日証金","確報","200","0","14800","0","3500","27000","-12200","3700"
"7138","ＴＯＲＩＣＯ","東証","20230907","日証金","確報","1400","500","6800","0","0","0","6800","900"
"7140","ペットゴー","東証","20230907","日証金","確報","0","200","12600","0","0","0","12600","-200"
"7148","ＦＰＧ","東証","20230907","日証金","確報","700","3000","37900","900","0","14700","23200","-3200"
"7150","島根銀行","東証","20230907","日証金","確報","200","1200","15200","5100","500","60600","-45400","-5600"
"7157","ライフネット生命保険","東証","20230907","日証金","確報","8000","9700","59100","472100","18900","1173800","-1114700","-454900"
"7161","じもとＨＤ","東証","20230907","日証金","確報","0","800","13100","500","0","11700","1400","-1300"
"7162","アストマックス","東証","20230907","日証金","確報","1000","0","23500","0","0","0","23500","1000"
"7163","住信ＳＢＩネット銀行","東証","20230907","日証金","確報","0","30100","2303200","0","0","0","2303200","-30100"
"7164","全国保証","東証","20230907","日証金","確報","400","200","3500","0","0","200","3300","200"
"7167","めぶきＦＧ","東証","20230907","日証金","確報","3900","800","43000","3100","0","43000","0","0"
"7172","ＪＩＡ","東証","20230907","日証金","確報","600","500","16700","400","200","5500","11200","-100"
"7173","東京きらぼしＦＧ","東証","20230907","日証金","確報","100","2600","17800","200","0","1200","16600","-2700"
"7175","今村証券","東証","20230907","日証金","確報","0","0","400","0","0","0","400","0"
"7177","ＧＭＯＦＨＤ","東証","20230907","日証金","確報","200","10600","70800","0","0","0","70800","-10400"
"7180","九州ＦＧ","東証","20230907","日証金","確報","8000","6100","64700","300","700","23200","41500","2300"
"7180","九州ＦＧ","福証","20230907","日証金","確報","0","0","0","0","0","0","0","0"
"7181","かんぽ生命保険","東証","20230907","日証金","確報","300","16800","7000","100","16600","7000","0","0"
"7182","ゆうちょ銀行","東証","20230907","日証金","確報","158400","0","248200","196100","97300","1030200","-782000","59600"
"7183","あんしん保証","東証","20230907","日証金","確報","0","0","25200","0","0","2800","22400","0"
"7184","富山第一銀行","東証","20230907","日証金","確報","19000","6700","29500","16700","43600","307100","-277600","39200"
"7185","ヒロセ通商","東証","20230907","日証金","確報","0","100","5400","0","0","0","5400","-100"
"7186","コンコルディアＦＧ","東証","20230907","日証金","確報","10600","200","88900","1700","10800","46900","42000","19500"
"7187","ジェイリース","東証","20230907","日証金","確報","2000","200","31100","0","0","0","31100","1800"
"7189","西日本ＦＨＤ","東証","20230907","日証金","確報","0","2000","10700","100","0","1400","9300","-2100"
"7189","西日本ＦＨＤ","福証","20230907","日証金","確報","0","0","0","0","0","0","0","0"
"7191","イントラスト","東証","20230907","日証金","確報","0","500","7500","0","300","500","7000","-200"
"7192","日本モーゲージサービ","東証","20230907","日証金","確報","0","100","13700","0","0","0","13700","-100"
"7196","Ｃａｓａ","東証","20230907","日証金","確報","800","0","15800","0","0","0","15800","800"
"7198","アルヒ","東証","20230907","日証金","確報","100","2000","184400","0","0","0","184400","-1900"
"7199","プレミアグループ","東証","20230907","日証金","確報","1500","0","28600","0","0","700","27900","1500"
"7201","日産自動車","東証","20230907","日証金","確報","643500","158200","924500","200","236400","203000","721500","721500"
"7202","いすゞ自動車","東証","20230907","日証金","確報","17600","154300","26000","943000","15100","1282600","-1256600","-1064600"
"7203","トヨタ自動車","名証","20230907","日証金","確報","0","0","0","0","0","0","0","0"
"7203","トヨタ自動車","東証","20230907","日証金","確報","205700","18500","558700","1300","337800","558700","0","523700"
"7205","日野自動車","名証","20230907","日証金","確報","0","0","0","0","0","0","0","0"
"7205","日野自動車","東証","20230907","日証金","確報","1900","20500","75500","1300","19900","75500","0","0"
"7208","カネミツ","東証","20230907","日証金","確報","0","0","1700","0","0","0","1700","0"
"7211","三菱自動車工業","東証","20230907","日証金","確報","8800","14300","383300","10600","16100","383300","0","0"
"7212","エフテック","東証","20230907","日証金","確報","1700","300","46400","0","0","0","46400","1400"
"7213","レシップＨＤ","名証","20230907","日証金","確報","0","0","0","0","0","0","0","0"
"7213","レシップＨＤ","東証","20230907","日証金","確報","1400","300","1700","0","800","900","800","1900"
"7214","ＧＭＢ","東証","20230907","日証金","確報","2400","5300","145400","0","0","0","145400","-2900"
"7215","ファルテック","東証","20230907","日証金","確報","0","100","2500","0","0","0","2500","-100"
"7217","テイン","東証","20230907","日証金","確報","500","0","1100","0","0","0","1100","500"
"7218","田中精密工業","東証","20230907","日証金","確報","0","0","3700","0","0","0","3700","0"
"7219","エッチ・ケー・エス","東証","20230907","日証金","確報","0","0","500","0","0","0","500","0"
"7220","武蔵精密工業","名証","20230907","日証金","確報","0","0","0","0","0","0","0","0"
"7220","武蔵精密工業","東証","20230907","日証金","確報","0","500","12200","0","0","0","12200","-500"
"7222","日産車体","東証","20230907","日証金","確報","0","300","20700","0","400","6800","13900","100"
"7224","新明和工業","東証","20230907","日証金","確報","100","500","1800","300","0","900","900","-700"
"7226","極東開発工業","東証","20230907","日証金","確報","0","0","3100","100","0","900","2200","-100"
"7227","アスカ","名証","20230907","日証金","確報","0","0","500","0","0","0","500","0"
"7228","デイトナ","東証","20230907","日証金","確報","0","0","500","0","0","0","500","0"
"7229","ユタカ技研","東証","20230907","日証金","確報","0","0","1000","0","0","0","1000","0"
"7231","トピー工業","名証","20230907","日証金","確報","0","0","0","0","0","0","0","0"
"7231","トピー工業","東証","20230907","日証金","確報","300","400","6600","0","1200","5000","1600","1100"
"7235","東京ラヂエーター製造","東証","20230907","日証金","確報","0","0","13900","0","0","0","13900","0"
"7236","ティラド","東証","20230907","日証金","確報","300","0","3200","0","0","1900","1300","300"
"7238","曙ブレーキ工業","東証","20230907","日証金","確報","10000","0","133000","0","0","0","133000","10000"
"7239","タチエス","東証","20230907","日証金","確報","800","100","26400","3200","0","6000","20400","-2500"
"7240","エヌオーケー","東証","20230907","日証金","確報","10200","400","13900","100","7500","26200","-12300","17200"
"7241","フタバ産業","名証","20230907","日証金","確報","0","0","0","0","0","0","0","0"
"7241","フタバ産業","東証","20230907","日証金","確報","0","9600","26100","2900","200","13800","12300","-12300"
"7242","ＫＹＢ","東証","20230907","日証金","確報","600","300","14200","100","100","7100","7100","300"
"7244","市光工業","東証","20230907","日証金","確報","8700","2600","22100","6200","100","18100","4000","0"
"7245","大同メタル工業","名証","20230907","日証金","確報","0","0","0","0","0","0","0","0"
"7245","大同メタル工業","東証","20230907","日証金","確報","500","400","23200","100","500","5600","17600","500"
"7246","プレス工業","東証","20230907","日証金","確報","118500","3000","152100","0","1100","18100","134000","116600"
"7247","ミクニ","東証","20230907","日証金","確報","0","2500","35900","0","0","0","35900","-2500"
"7250","太平洋工業","名証","20230907","日証金","確報","0","0","0","0","0","0","0","0"
"7250","太平洋工業","東証","20230907","日証金","確報","500","100","8900","0","100","100","8800","500"
"7254","ユニバンス","東証","20230907","日証金","確報","0","600","7000","0","0","0","7000","-600"
"7255","桜井製作所","東証","20230907","日証金","確報","0","0","3600","0","0","0","3600","0"
"7256","河西工業","東証","20230907","日証金","確報","14900","31000","266000","18300","600","260400","5600","-33800"
"7259","アイシン","名証","20230907","日証金","確報","0","0","0","0","0","0","0","0"
"7259","アイシン","東証","20230907","日証金","確報","700","3800","35400","3800","1400","69700","-34300","-5500"
"7261","マツダ","東証","20230907","日証金","確報","12100","60200","60200","5500","185000","349700","-289500","131400"
"7264","ムロコーポレーション","東証","20230907","日証金","確報","2000","1100","2500","0","0","0","2500","900"
"7265","エイケン工業","東証","20230907","日証金","確報","1100","0","1100","0","0","0","1100","1100"
"7266","今仙電機製作所","名証","20230907","日証金","確報","0","0","0","0","0","0","0","0"
"7266","今仙電機製作所","東証","20230907","日証金","確報","100","4200","33300","0","0","3600","29700","-4100"
"7267","本田技研工業","東証","20230907","日証金","確報","37900","18200","131100","5300","61900","95300","35800","76300"
"7268","タツミ","東証","20230907","日証金","確報","1300","17200","3700","0","0","0","3700","-15900"
"7269","スズキ","東証","20230907","日証金","確報","4600","1300","21500","8400","0","21000","500","-5100"
"7270","ＳＵＢＡＲＵ","東証","20230907","日証金","確報","1200","5500","218900","7100","23400","219600","-700","12000"
"7271","安永","東証","20230907","日証金","確報","300","300","18500","0","0","0","18500","0"
"7272","ヤマハ発動機","東証","20230907","日証金","確報","1000","2700","66800","500","2400","27000","39800","200"
"7273","イクヨ","東証","20230907","日証金","確報","0","0","4100","0","0","0","4100","0"
"7276","小糸製作所","東証","20230907","日証金","確報","0","400","30100","0","0","0","30100","-400"
"7277","ＴＢＫ","東証","20230907","日証金","確報","3400","400","40000","800","0","2100","37900","2200"
"7278","エクセディ","東証","20230907","日証金","確報","0","3000","9700","300","0","5700","4000","-3300"
"7279","ハイレックス","東証","20230907","日証金","確報","1000","0","14300","100","0","900","13400","900"
"7280","ミツバ","東証","20230907","日証金","確報","500","600","33500","0","0","2000","31500","-100"
"7282","豊田合成","名証","20230907","日証金","確報","0","0","0","0","0","0","0","0"
"7282","豊田合成","東証","20230907","日証金","確報","4000","0","8900","3800","300","16100","-7200","500"
"7283","愛三工業","名証","20230907","日証金","確報","0","0","0","0","0","0","0","0"
"7283","愛三工業","東証","20230907","日証金","確報","2600","100","24500","800","0","2800","21700","1700"
"7284","盟和産業","東証","20230907","日証金","確報","200","0","300","0","0","0","300","200"
"7287","日本精機","東証","20230907","日証金","確報","2300","0","21900","0","1600","0","21900","3900"
"7291","日本プラスト","東証","20230907","日証金","確報","700","100","17900","0","0","100","17800","600"
"7292","村上開明堂","東証","20230907","日証金","確報","0","200","500","0","0","0","500","-200"
"7294","ヨロズ","東証","20230907","日証金","確報","5000","2400","19900","0","0","100","19800","2600"
"7296","エフ・シー・シー","東証","20230907","日証金","確報","100","900","3700","300","0","2800","900","-1100"
"7297","カーメイト","東証","20230907","日証金","確報","0","100","100","0","0","0","100","-100"
"7298","八千代工業","東証","20230907","日証金","確報","0","0","1800","0","0","100","1700","0"
"7299","フジオーゼックス","東証","20230907","日証金","確報","0","200","2700","0","0","0","2700","-200"
"7305","新家工業","東証","20230907","日証金","確報","1700","1800","6900","300","400","6900","0","0"
"7309","シマノ","東証","20230907","日証金","確報","400","300","8400","100","0","5000","3400","0"
"7313","テイ・エス　テック","東証","20230907","日証金","確報","0","400","2000","0","0","0","2000","-400"
"7314","小田原機器","東証","20230907","日証金","確報","0","0","1000","0","0","0","1000","0"
"7315","ＩＪＴＴ","東証","20230907","日証金","確報","13300","2200","424500","0","0","0","424500","11100"
"7317","松屋アールアンドディ","東証","20230907","日証金","確報","0","200","5500","0","0","0","5500","-200"
"7318","セレンディップ","東証","20230907","日証金","確報","0","0","3700","0","0","0","3700","0"
"7320","日本リビング保証","東証","20230907","日証金","確報","0","300","6600","0","0","0","6600","-300"
"7322","３３ＦＧ","名証","20230907","日証金","確報","0","0","0","0","0","0","0","0"
"7322","３３ＦＧ","東証","20230907","日証金","確報","0","200","5400","0","1000","1500","3900","800"
"7325","アイリック","東証","20230907","日証金","確報","0","0","1300","0","0","0","1300","0"
"7326","ＳＢＩインシュ","東証","20230907","日証金","確報","0","2100","29700","0","0","0","29700","-2100"
"7327","第四北越ＦＧ","東証","20230907","日証金","確報","300","1200","3600","1300","0","10400","-6800","-2200"
"7330","レオスキャピタル","東証","20230907","日証金","確報","600","2400","106500","0","0","0","106500","-1800"
"7337","ひろぎんＨＤ","東証","20230907","日証金","確報","18400","0","84900","0","400","44700","40200","18800"
"7338","インヴァスト","東証","20230907","日証金","確報","0","0","2600","200","0","200","2400","-200"
"7342","ウェルスナビ","東証","20230907","日証金","確報","12500","12500","460700","0","0","460700","0","0"
"7343","ブロードマインド","東証","20230907","日証金","確報","0","400","6900","0","0","0","6900","-400"
"7345","アイパートナーズ","東証","20230907","日証金","確報","0","100","3800","0","0","0","3800","-100"
"7347","マーキュリアＨＤ","東証","20230907","日証金","確報","2000","0","7800","0","0","1600","6200","2000"
"7350","おきなわＦＧ","東証","20230907","日証金","確報","100","0","3200","0","300","1800","1400","400"
"7350","おきなわＦＧ","福証","20230907","日証金","確報","0","0","0","0","0","0","0","0"
"7351","グッドパッチ","東証","20230907","日証金","確報","0","200","8300","0","0","0","8300","-200"
"7352","ＴＷＯＳＴＯＮＥ","東証","20230907","日証金","確報","100","1500","22900","0","0","0","22900","-1400"
"7353","ＫＩＹＯラーニング","東証","20230907","日証金","確報","0","0","7600","0","0","0","7600","0"
"7354","ＤｍＭｉＸ","東証","20230907","日証金","確報","1200","800","41800","100","0","8100","33700","300"
"7356","Ｒｅｔｔｙ","東証","20230907","日証金","確報","0","0","14000","0","0","100","13900","0"
"7357","ジオコード","東証","20230907","日証金","確報","100","0","3400","0","0","0","3400","100"
"7358","ポピンズ","東証","20230907","日証金","確報","100","0","5500","0","0","0","5500","100"
"7359","東京通信グループ","東証","20230907","日証金","確報","0","2200","61000","0","0","0","61000","-2200"
"7360","オンデック","東証","20230907","日証金","確報","0","0","5600","0","0","0","5600","0"
"7361","ＨＣＨ","東証","20230907","日証金","確報","0","0","3000","0","0","0","3000","0"
"7362","Ｔ．Ｓ．Ｉ","東証","20230907","日証金","確報","0","0","1200","0","0","0","1200","0"
"7363","ベビーカレンダー","東証","20230907","日証金","確報","0","0","4700","0","0","0","4700","0"
"7366","ＬＩＴＡＬＩＣＯ","東証","20230907","日証金","確報","200","0","10500","200","0","600","9900","0"
"7367","セルム","東証","20230907","日証金","確報","700","0","1700","0","0","0","1700","700"
"7368","表示灯","東証","20230907","日証金","確報","0","100","1100","0","0","0","1100","-100"
"7369","メイホーＨＤ","名証","20230907","日証金","確報","0","0","0","0","0","0","0","0"
"7369","メイホーＨＤ","東証","20230907","日証金","確報","300","0","21700","0","0","0","21700","300"
"7370","Ｅｎｊｉｎ","東証","20230907","日証金","確報","300","400","13700","0","0","1000","12700","-100"
"7371","全研本社","東証","20230907","日証金","確報","0","400","13300","0","100","1100","12200","-300"
"7372","デコルテＨＤ","東証","20230907","日証金","確報","1000","1000","23500","0","0","0","23500","0"
"7373","アイドマＨＤ","東証","20230907","日証金","確報","2200","3700","47100","0","0","0","47100","-1500"
"7374","コンフィデンスＩ","東証","20230907","日証金","確報","0","0","7500","0","0","0","7500","0"
"7375","リファインバスＧ","東証","20230907","日証金","確報","0","700","15000","0","0","0","15000","-700"
"7376","ＢＣＣ","東証","20230907","日証金","確報","0","0","13200","0","0","0","13200","0"
"7377","ＤＮホールディングス","東証","20230907","日証金","確報","0","0","4900","0","0","0","4900","0"
"7378","アシロ","東証","20230907","日証金","確報","0","600","4400","0","0","0","4400","-600"
"7379","サーキュレーション","東証","20230907","日証金","確報","0","100","10700","0","0","0","10700","-100"
"7380","十六ＦＧ","名証","20230907","日証金","確報","0","0","0","0","0","0","0","0"
"7380","十六ＦＧ","東証","20230907","日証金","確報","0","0","11300","1800","100","2400","8900","-1700"
"7381","北國ＦＨＤ","東証","20230907","日証金","確報","100","33900","4900","100","1700","32600","-27700","-32200"
"7383","ネットプロＨＤ","東証","20230907","日証金","確報","0","1700","59800","0","0","0","59800","-1700"
"7384","プロクレアＨＤ","東証","20230907","日証金","確報","300","100","11400","100","500","24300","-12900","600"
"7386","ＪＷＳ","東証","20230907","日証金","確報","400","0","2800","0","0","0","2800","400"
"7388","ＦＰパートナー","東証","20230907","日証金","確報","6000","0","200000","0","0","200000","0","6000"
"7389","あいちＦＧ","名証","20230907","日証金","確報","0","0","0","0","0","0","0","0"
"7389","あいちＦＧ","東証","20230907","日証金","確報","5000","300","12800","1100","0","7700","5100","3600"
"7399","ナンシン","東証","20230907","日証金","確報","0","0","500","0","0","0","500","0"
"7408","ジャムコ","東証","20230907","日証金","確報","0","13000","12700","300","500","4000","8700","-12800"
"7409","ＡｅｒｏＥｄｇｅ","東証","20230907","日証金","確報","900","500","12700","0","0","0","12700","400"
"7412","アトム","名証","20230907","日証金","確報","0","0","0","0","0","0","0","0"
"7412","アトム","東証","20230907","日証金","確報","0","400","5100","20800","2000","203300","-198200","-19200"
"7413","創健社","東証","20230907","日証金","確報","0","0","200","0","0","0","200","0"
"7414","小野建","東証","20230907","日証金","確報","100","200","5100","0","100","1200","3900","0"
"7414","小野建","福証","20230907","日証金","確報","0","0","0","0","0","0","0","0"
"7416","はるやまＨＤ","東証","20230907","日証金","確報","0","100","3300","300","0","95100","-91800","-400"
"7417","南陽","東証","20230907","日証金","確報","0","0","300","100","0","200","100","-100"
"7417","南陽","福証","20230907","日証金","確報","0","0","0","0","0","0","0","0"
"7419","ノジマ","東証","20230907","日証金","確報","100","0","60700","100","0","200","60500","0"
"7420","佐鳥電機","東証","20230907","日証金","確報","500","1600","15000","0","0","0","15000","-1100"
"7421","カッパ・クリエイト","東証","20230907","日証金","確報","400","0","10500","3300","4200","66700","-56200","1300"
"7422","東邦レマック","東証","20230907","日証金","確報","0","0","200","0","0","0","200","0"
"7425","初穂商事","東証","20230907","日証金","確報","0","0","0","0","0","0","0","0"
"7426","山大","東証","20230907","日証金","確報","0","0","700","0","0","0","700","0"
"7427","エコートレーディング","東証","20230907","日証金","確報","0","0","20900","200","300","15200","5700","100"
"7433","伯東","東証","20230907","日証金","確報","800","800","23500","1700","0","3800","19700","-1700"
"7434","オータケ","東証","20230907","日証金","確報","0","0","0","0","0","0","0","0"
"7435","ナ・デックス","東証","20230907","日証金","確報","600","300","14500","0","0","0","14500","300"
"7438","コンドーテック","東証","20230907","日証金","確報","0","0","7900","0","0","200","7700","0"
"7441","Ｍｉｓｕｍｉ","福証","20230907","日証金","確報","0","0","0","0","0","0","0","0"
"7442","中山福","東証","20230907","日証金","確報","0","0","4400","0","0","600","3800","0"
"7443","横浜魚類","東証","20230907","日証金","確報","0","0","0","0","0","500","-500","0"
"7444","ハリマ共和物産","東証","20230907","日証金","確報","0","0","41400","0","0","0","41400","0"
"7445","ライトオン","東証","20230907","日証金","確報","4300","1300","35300","400","1600","65900","-30600","4200"
"7446","東北化学薬品","東証","20230907","日証金","確報","0","0","0","0","0","0","0","0"
"7447","ナガイレーベン","東証","20230907","日証金","確報","200","0","5200","0","700","8800","-3600","900"
"7450","サンデー","東証","20230907","日証金","確報","0","0","100","0","0","0","100","0"
"7451","三菱食品","東証","20230907","日証金","確報","0","400","11500","0","0","0","11500","-400"
"7453","良品計画","東証","20230907","日証金","確報","800","9700","124100","3400","12300","124100","0","0"
"7455","パリミキＨＤ","東証","20230907","日証金","確報","100","700","15100","0","0","9000","6100","-600"
"7456","松田産業","東証","20230907","日証金","確報","0","0","20700","0","100","400","20300","100"
"7458","第一興商","東証","20230907","日証金","確報","2400","100","5700","1300","0","4700","1000","1000"
"7459","メディパルＨＤ","東証","20230907","日証金","確報","300","200","1300","3600","400","21000","-19700","-3100"
"7460","ヤギ","東証","20230907","日証金","確報","200","100","76600","0","0","0","76600","100"
"7461","キムラ","東証","20230907","日証金","確報","0","0","2300","0","0","0","2300","0"
"7462","ＣＡＰＩＴＡ","東証","20230907","日証金","確報","2000","0","2000","0","0","0","2000","2000"
"7463","アドヴァングループ","東証","20230907","日証金","確報","0","0","16500","0","0","0","16500","0"
"7464","セフテック","東証","20230907","日証金","確報","0","0","0","0","0","0","0","0"
"7466","エスピーケイ","東証","20230907","日証金","確報","400","100","4800","0","0","0","4800","300"
"7467","萩原電気ＨＤ","名証","20230907","日証金","確報","0","0","0","0","0","0","0","0"
"7467","萩原電気ＨＤ","東証","20230907","日証金","確報","200","2100","6300","0","500","600","5700","-1400"
"7472","鳥羽洋行","東証","20230907","日証金","確報","0","0","100","0","0","300","-200","0"
"7475","アルビス","東証","20230907","日証金","確報","0","0","1000","100","400","19400","-18400","300"
"7476","アズワン","東証","20230907","日証金","確報","500","0","1700","0","500","1700","0","1000"
"7477","ムラキ","東証","20230907","日証金","確報","0","0","70800","0","0","0","70800","0"
"7480","スズデン","東証","20230907","日証金","確報","100","200","5000","0","0","0","5000","-100"
"7481","尾家産業","東証","20230907","日証金","確報","800","0","5800","0","0","0","5800","800"
"7482","シモジマ","東証","20230907","日証金","確報","0","0","1500","500","200","1000","500","-300"
"7483","ドウシシャ","東証","20230907","日証金","確報","0","0","1600","0","0","1000","600","0"
"7485","岡谷鋼機","名証","20230907","日証金","確報","200","0","1700","0","0","0","1700","200"
"7486","サンリン","東証","20230907","日証金","確報","0","0","200","0","0","0","200","0"
"7487","小津産業","東証","20230907","日証金","確報","400","700","14000","0","800","62800","-48800","500"
"7488","ヤガミ","名証","20230907","日証金","確報","0","0","600","0","0","0","600","0"
"7490","日新商事","東証","20230907","日証金","確報","0","0","0","0","0","0","0","0"
"7494","コナカ","東証","20230907","日証金","確報","0","1800","10100","0","0","1400","8700","-1800"
"7500","西川計測","東証","20230907","日証金","確報","0","0","0","0","0","0","0","0"
"7501","ティムコ","東証","20230907","日証金","確報","0","0","2000","0","0","0","2000","0"
"7502","プラザＨＤ","東証","20230907","日証金","確報","0","0","100","0","0","0","100","0"
"7504","高速","東証","20230907","日証金","確報","0","0","300","0","0","0","300","0"
"7505","扶桑電通","東証","20230907","日証金","確報","0","0","1000","0","0","0","1000","0"
"7506","ハウス　オブ　ローゼ","東証","20230907","日証金","確報","0","0","100","0","0","1100","-1000","0"
"7508","Ｇ－７ＨＤ","東証","20230907","日証金","確報","100","600","10200","100","0","200","10000","-600"
"7509","アイエーグループ","東証","20230907","日証金","確報","0","0","100","0","0","0","100","0"
"7510","たけびし","東証","20230907","日証金","確報","200","400","2000","0","100","0","2000","-100"
"7512","イオン北海道","札証","20230907","日証金","確報","0","0","0","0","0","0","0","0"
"7512","イオン北海道","東証","20230907","日証金","確報","100","500","11900","0","100","11900","0","-300"
"7513","コジマ","東証","20230907","日証金","確報","4400","300","24200","0","35100","150600","-126400","39200"
"7514","ヒマラヤ","名証","20230907","日証金","確報","0","0","0","0","0","0","0","0"
"7514","ヒマラヤ","東証","20230907","日証金","確報","300","100","11500","0","0","0","11500","200"
"7515","マルヨシセンター","東証","20230907","日証金","確報","0","0","0","0","0","0","0","0"
"7516","コーナン商事","東証","20230907","日証金","確報","100","4100","29500","100","0","500","29000","-4100"
"7518","ネットワンシステムズ","東証","20230907","日証金","確報","600","200","23200","0","0","1100","22100","400"
"7520","エコス","東証","20230907","日証金","確報","0","0","2700","0","0","0","2700","0"
"7521","ムサシ","東証","20230907","日証金","確報","0","0","4900","0","0","0","4900","0"
"7522","ワタミ","東証","20230907","日証金","確報","1100","3900","49000","0","20100","66500","-17500","17300"
"7523","アールビバン","東証","20230907","日証金","確報","200","1300","11100","0","0","0","11100","-1100"
"7524","マルシェ","東証","20230907","日証金","確報","4300","16900","209600","0","12600","209600","0","0"
"7525","リックス","東証","20230907","日証金","確報","0","100","900","0","100","900","0","0"
"7525","リックス","福証","20230907","日証金","確報","0","0","0","0","0","0","0","0"
"7527","システムソフト","東証","20230907","日証金","確報","300","0","72300","0","0","0","72300","300"
"7531","清和中央ＨＤ","東証","20230907","日証金","確報","0","0","2800","0","0","0","2800","0"
"7532","パンパシフィックＨＤ","東証","20230907","日証金","確報","1600","4400","28300","0","0","100","28200","-2800"
"7533","グリーンクロス","福証","20230907","日証金","確報","0","0","200","0","0","0","200","0"
"7537","丸文","東証","20230907","日証金","確報","0","800","9900","0","0","0","9900","-800"
"7538","大水","東証","20230907","日証金","確報","200","500","10200","0","0","0","10200","-300"
"7539","アイナボＨＤ","東証","20230907","日証金","確報","100","100","900","500","0","900","0","-500"
"7544","スリーエフ","東証","20230907","日証金","確報","0","0","300","0","0","0","300","0"
"7545","西松屋チェーン","東証","20230907","日証金","確報","15600","0","61100","0","4200","68600","-7500","19800"
"7550","ゼンショーＨＤ","東証","20230907","日証金","確報","4200","0","22300","4800","45300","266500","-244200","44700"
"7551","ウェッズ","東証","20230907","日証金","確報","0","0","14400","200","0","2300","12100","-200"
"7552","ハピネット","東証","20230907","日証金","確報","100","2400","9800","600","0","13300","-3500","-2900"
"7554","幸楽苑ＨＤ","東証","20230907","日証金","確報","300","0","17800","2500","1500","58900","-41100","-700"
"7555","大田花き","東証","20230907","日証金","確報","0","0","600","0","0","0","600","0"
"7559","ジーエフシー","東証","20230907","日証金","確報","0","0","1000","0","0","0","1000","0"
"7561","ハークスレイ","東証","20230907","日証金","確報","700","0","20300","0","0","800","19500","700"
"7562","安楽亭","東証","20230907","日証金","確報","0","0","400","0","0","0","400","0"
"7564","ワークマン","東証","20230907","日証金","確報","1900","1900","52400","0","0","52400","0","0"
"7565","萬世電機","東証","20230907","日証金","確報","0","0","400","0","0","0","400","0"
"7567","栄電子","東証","20230907","日証金","確報","0","0","1100","0","0","0","1100","0"
"7570","橋本総業ＨＤ","東証","20230907","日証金","確報","0","0","1200","0","0","200","1000","0"
"7571","ヤマノＨＤ","東証","20230907","日証金","確報","0","0","16100","0","0","0","16100","0"
"7575","日本ライフライン","東証","20230907","日証金","確報","34500","3000","39500","500","0","16200","23300","31000"
"7578","ニチリョク","東証","20230907","日証金","確報","0","0","22400","0","0","0","22400","0"
"7581","サイゼリヤ","東証","20230907","日証金","確報","1000","3000","2500","3700","1400","306700","-304200","-4300"
"7585","かんなん丸","東証","20230907","日証金","確報","200","1000","4800","0","0","0","4800","-800"
"7590","タカショー","東証","20230907","日証金","確報","0","200","6400","0","0","0","6400","-200"
"7593","ＶＴホールディングス","名証","20230907","日証金","確報","0","0","0","0","0","0","0","0"
"7593","ＶＴホールディングス","東証","20230907","日証金","確報","0","3600","27700","0","0","0","27700","-3600"
"7595","アルゴグラフィックス","東証","20230907","日証金","確報","0","0","2300","0","0","0","2300","0"
"7596","魚力","東証","20230907","日証金","確報","0","0","600","0","0","0","600","0"
"7599","ＩＤＯＭ","東証","20230907","日証金","確報","11500","10300","63300","10500","9300","63300","0","0"
"7600","日本エム・ディ・エム","東証","20230907","日証金","確報","600","0","10800","0","0","100","10700","600"
"7602","カーチスＨＤ","東証","20230907","日証金","確報","0","0","15700","0","1000","7900","7800","1000"
"7603","マックハウス","東証","20230907","日証金","確報","0","16500","300","4600","1500","18800","-18500","-19600"
"7604","梅の花","東証","20230907","日証金","確報","0","0","1700","0","0","0","1700","0"
"7605","フジ・コーポ","東証","20230907","日証金","確報","500","1800","7600","3000","2300","8900","-1300","-2000"
"7606","ユナイテッドアローズ","東証","20230907","日証金","確報","1300","0","15400","0","0","5200","10200","1300"
"7607","進和","名証","20230907","日証金","確報","0","0","0","0","0","0","0","0"
"7607","進和","東証","20230907","日証金","確報","1100","0","2200","600","1300","2000","200","1800"
"7608","エスケイジャパン","東証","20230907","日証金","確報","0","0","37500","0","0","0","37500","0"
"7609","ダイトロン","東証","20230907","日証金","確報","0","3400","5900","500","0","2800","3100","-3900"
"7610","テイツー","東証","20230907","日証金","確報","57900","3700","1476100","0","0","500000","976100","54200"
"7611","ハイデイ日高","東証","20230907","日証金","確報","100","600","4300","600","3600","18500","-14200","2500"
"7613","シークス","東証","20230907","日証金","確報","900","600","9300","0","0","0","9300","300"
"7614","オーエムツーＮＷ","東証","20230907","日証金","確報","0","0","1200","0","0","0","1200","0"
"7615","ＹＵ－ＷＡ　ＣＨＤ","東証","20230907","日証金","確報","0","0","7400","0","0","1700","5700","0"
"7616","コロワイド","東証","20230907","日証金","確報","500","2100","5200","27500","800","175400","-170200","-28300"
"7618","ＰＣデポコーポ","東証","20230907","日証金","確報","0","0","2200","0","0","2200","0","0"
"7619","田中商事","東証","20230907","日証金","確報","0","100","10600","0","0","600","10000","-100"
"7621","うかい","東証","20230907","日証金","確報","200","0","1600","0","0","0","1600","200"
"7623","サンオータス","東証","20230907","日証金","確報","0","500","7700","0","0","0","7700","-500"
"7624","ＮａＩＴＯ","東証","20230907","日証金","確報","0","1500","15900","0","0","0","15900","-1500"
"7625","グローバルダイニング","東証","20230907","日証金","確報","0","400","1600","0","0","0","1600","-400"
"7628","オーハシテクニカ","東証","20230907","日証金","確報","200","100","1200","0","0","800","400","100"
"7630","壱番屋","名証","20230907","日証金","確報","0","0","0","0","0","0","0","0"
"7630","壱番屋","東証","20230907","日証金","確報","0","0","500","900","400","16000","-15500","-500"
"7634","星医療酸器","東証","20230907","日証金","確報","0","0","0","0","0","0","0","0"
"7635","杉田エース","東証","20230907","日証金","確報","0","0","500","0","0","0","500","0"
"7636","ハンズマン","東証","20230907","日証金","確報","0","0","800","0","0","0","800","0"
"7637","白銅","東証","20230907","日証金","確報","1000","100","3400","0","0","0","3400","900"
"7638","ＮＥＷ　ＡＲＴ","東証","20230907","日証金","確報","300","100","6100","0","0","0","6100","200"
"7640","トップカルチャー","東証","20230907","日証金","確報","1400","0","4700","1400","0","4700","0","0"
"7643","ダイイチ","札証","20230907","日証金","確報","0","0","0","0","0","0","0","0"
"7643","ダイイチ","東証","20230907","日証金","確報","0","0","1500","0","0","0","1500","0"
"7646","ＰＬＡＮＴ","東証","20230907","日証金","確報","0","0","3000","0","0","0","3000","0"
"7647","音通","東証","20230907","日証金","確報","278200","1259000","796200","222500","1609800","1027500","-231300","406500"
"7649","スギホールディングス","名証","20230907","日証金","確報","0","0","0","0","0","0","0","0"
"7649","スギホールディングス","東証","20230907","日証金","確報","600","0","4600","1900","200","5700","-1100","-1100"
"7670","オーウエル","東証","20230907","日証金","確報","100","600","13700","0","0","0","13700","-500"
"7671","ＡｍｉｄＡＨＤ","東証","20230907","日証金","確報","0","0","0","0","0","0","0","0"
"7673","ダイコー通産","東証","20230907","日証金","確報","0","0","400","0","0","0","400","0"
"7674","ＮＡＴＴＹＨＤ","東証","20230907","日証金","確報","0","0","2700","0","0","0","2700","0"
"7675","セントラルフォレスト","名証","20230907","日証金","確報","0","0","100","0","0","0","100","0"
"7676","グッドスピード","東証","20230907","日証金","確報","500","0","16700","0","0","0","16700","500"
"7677","ヤシマキザイ","東証","20230907","日証金","確報","0","0","1400","0","0","0","1400","0"
"7678","あさくま","東証","20230907","日証金","確報","100","0","500","0","0","400","100","100"
"7679","薬王堂ＨＤ","東証","20230907","日証金","確報","0","500","1900","0","100","1400","500","-400"
"7681","レオクラン","東証","20230907","日証金","確報","0","0","100","0","0","0","100","0"
"7682","浜木綿","名証","20230907","日証金","確報","0","0","0","0","0","0","0","0"
"7682","浜木綿","東証","20230907","日証金","確報","0","0","100","0","0","0","100","0"
"7683","ダブルエー","東証","20230907","日証金","確報","0","100","4900","0","0","0","4900","-100"
"7685","ＢＵＹＳＥＬＬ","東証","20230907","日証金","確報","100","500","9700","0","0","0","9700","-400"
"7686","カクヤスグループ","東証","20230907","日証金","確報","300","400","7200","0","100","7200","0","0"
"7687","ミクリード","東証","20230907","日証金","確報","500","400","6100","0","0","0","6100","100"
"7689","コパ","東証","20230907","日証金","確報","0","0","1100","0","0","0","1100","0"
"7692","アースインフィニティ","東証","20230907","日証金","確報","63500","3000","1071900","0","0","0","1071900","60500"
"7694","いつも","東証","20230907","日証金","確報","100","0","7400","0","0","0","7400","100"
"7695","交換できるくん","東証","20230907","日証金","確報","0","0","2500","0","0","0","2500","0"
"7698","アイスコ","東証","20230907","日証金","確報","0","0","1400","0","0","0","1400","0"
"7699","ＯＰＳ","東証","20230907","日証金","確報","0","0","0","0","0","0","0","0"
"7701","島津製作所","東証","20230907","日証金","確報","700","22200","6500","100","28000","100","6400","6400"
"7702","ジェイ・エム・エス","東証","20230907","日証金","確報","0","200","2900","0","200","1200","1700","0"
"7705","ジーエルサイエンス","東証","20230907","日証金","確報","0","100","3200","0","0","0","3200","-100"
"7707","プレシジョンＳＳ","東証","20230907","日証金","確報","3000","1700","46200","2600","0","170200","-124000","-1300"
"7709","クボテック","東証","20230907","日証金","確報","22600","1900","153700","100","600","200600","-46900","21200"
"7711","助川電気工業","東証","20230907","日証金","確報","0","1700","10200","0","0","0","10200","-1700"
"7713","シグマ光機","東証","20230907","日証金","確報","900","100","2700","0","0","0","2700","800"
"7715","長野計器","東証","20230907","日証金","確報","0","2100","23100","300","0","1200","21900","-2400"
"7716","ナカニシ","東証","20230907","日証金","確報","100","0","1200","200","100","1200","0","0"
"7717","ブイ・テクノロジー","東証","20230907","日証金","確報","400","600","12000","0","0","5200","6800","-200"
"7718","スター精密","東証","20230907","日証金","確報","400","400","1600","100","300","1300","300","200"
"7719","東京衡機","東証","20230907","日証金","確報","0","1200","16000","0","0","0","16000","-1200"
"7721","東京計器","東証","20230907","日証金","確報","700","0","45800","100","0","5500","40300","600"
"7722","国際計測器","東証","20230907","日証金","確報","0","0","400","0","0","0","400","0"
"7723","愛知時計電機","名証","20230907","日証金","確報","0","0","0","0","0","0","0","0"
"7723","愛知時計電機","東証","20230907","日証金","確報","0","100","1400","400","0","2400","-1000","-500"
"7725","インターアクション","東証","20230907","日証金","確報","2700","1000","45400","0","0","7400","38000","1700"
"7726","黒田精工","東証","20230907","日証金","確報","100","3600","14700","0","1700","100","14600","-1800"
"7727","オーバル","東証","20230907","日証金","確報","1800","0","28800","0","3500","2400","26400","5300"
"7729","東京精密","東証","20230907","日証金","確報","4800","900","4900","2300","1000","40100","-35200","2600"
"7730","マニー","東証","20230907","日証金","確報","200","200","9900","300","700","5900","4000","400"
"7731","ニコン","東証","20230907","日証金","確報","2200","3800","34500","7500","600","13800","20700","-8500"
"7732","トプコン","東証","20230907","日証金","確報","1200","600","25300","0","0","0","25300","600"
"7733","オリンパス","東証","20230907","日証金","確報","10000","7200","212200","6300","0","10900","201300","-3500"
"7734","理研計器","東証","20230907","日証金","確報","0","0","2100","200","100","700","1400","-100"
"7735","ＳＣＲＥＥＮ　ＨＤ","東証","20230907","日証金","確報","12200","100","32600","100","600","3200","29400","12600"
"7739","キヤノン電子","東証","20230907","日証金","確報","100","200","4300","0","0","0","4300","-100"
"7740","タムロン","東証","20230907","日証金","確報","100","200","5300","0","0","0","5300","-100"
"7741","ＨＯＹＡ","東証","20230907","日証金","確報","4300","0","14200","100","7100","700","13500","11300"
"7743","シード","東証","20230907","日証金","確報","1600","0","10100","100","1000","6500","3600","2500"
"7744","ノーリツ鋼機","東証","20230907","日証金","確報","1000","6800","7700","0","800","1700","6000","-5000"
"7745","Ａ＆ＤホロンＨＤ","東証","20230907","日証金","確報","0","100","6400","0","100","1600","4800","0"
"7746","岡本硝子","東証","20230907","日証金","確報","0","2300","30300","0","0","3600","26700","-2300"
"7747","朝日インテック","名証","20230907","日証金","確報","0","0","0","0","0","0","0","0"
"7747","朝日インテック","東証","20230907","日証金","確報","200","1700","31300","300","8800","19200","12100","7000"
"7749","メディキット","東証","20230907","日証金","確報","0","0","0","0","0","0","0","0"
"7751","キヤノン","名証","20230907","日証金","確報","0","0","0","0","0","0","0","0"
"7751","キヤノン","札証","20230907","日証金","確報","0","0","0","0","0","0","0","0"
"7751","キヤノン","東証","20230907","日証金","確報","17100","24400","71600","0","7300","71600","0","0"
"7751","キヤノン","福証","20230907","日証金","確報","0","0","0","0","0","0","0","0"
"7752","リコー","東証","20230907","日証金","確報","3100","25900","16300","500","9800","98800","-82500","-13500"
"7760","ＩＭＶ","東証","20230907","日証金","確報","300","0","3900","0","0","0","3900","300"
"7762","シチズン時計","東証","20230907","日証金","確報","3400","4000","85000","100","6300","11000","74000","5600"
"7769","リズム","東証","20230907","日証金","確報","0","0","2200","100","500","900","1300","400"
"7771","日本精密","東証","20230907","日証金","確報","0","0","50200","0","0","0","50200","0"
"7774","Ｊ・ＴＥＣ","東証","20230907","日証金","確報","300","0","6200","0","0","0","6200","300"
"7775","大研医器","東証","20230907","日証金","確報","200","0","4300","0","0","0","4300","200"
"7776","セルシード","東証","20230907","日証金","確報","34800","12100","153900","0","0","0","153900","22700"
"7777","スリーディーＭ","東証","20230907","日証金","確報","0","2400","65400","0","0","0","65400","-2400"
"7779","サイバーダイン","東証","20230907","日証金","確報","36900","2900","989100","100","0","1300100","-311000","33900"
"7780","メニコン","名証","20230907","日証金","確報","0","0","0","0","0","0","0","0"
"7780","メニコン","東証","20230907","日証金","確報","700","300","19400","0","0","1200","18200","400"
"7781","平山ホールディングス","東証","20230907","日証金","確報","0","0","7000","0","0","0","7000","0"
"7782","シンシア","東証","20230907","日証金","確報","300","100","5300","0","0","6500","-1200","200"
"7791","ドリームベッド","東証","20230907","日証金","確報","0","0","1300","0","0","0","1300","0"
"7792","コラントッテ","東証","20230907","日証金","確報","0","1500","3600","0","0","0","3600","-1500"
"7793","イメージ・マジック","東証","20230907","日証金","確報","0","100","10300","0","0","0","10300","-100"
"7794","イーディーピー","東証","20230907","日証金","確報","900","600","62600","0","0","0","62600","300"
"7795","ＫＹＯＲＩＴＳＵ","東証","20230907","日証金","確報","1100","0","19800","0","0","0","19800","1100"
"7800","アミファ","東証","20230907","日証金","確報","0","0","1600","0","0","0","1600","0"
"7803","ブシロード","東証","20230907","日証金","確報","9600","10400","502200","0","800","502200","0","0"
"7804","ビーアンドピー","東証","20230907","日証金","確報","0","0","2300","0","0","0","2300","0"
"7805","プリントネット","東証","20230907","日証金","確報","200","0","2000","200","1200","600","1400","1200"
"7806","ＭＴＧ","東証","20230907","日証金","確報","5500","4100","10600","1500","100","10600","0","0"
"7807","幸和製作所","東証","20230907","日証金","確報","200","0","4200","0","0","0","4200","200"
"7808","シー・エス・ランバー","東証","20230907","日証金","確報","500","0","14200","0","0","0","14200","500"
"7809","壽屋","東証","20230907","日証金","確報","0","400","28400","0","0","0","28400","-400"
"7810","クロスフォー","東証","20230907","日証金","確報","0","100","200","0","0","0","200","-100"
"7811","中本パックス","東証","20230907","日証金","確報","0","0","1700","0","500","0","1700","500"
"7812","クレステック","東証","20230907","日証金","確報","0","0","700","0","0","200","500","0"
"7813","プラッツ","東証","20230907","日証金","確報","0","0","300","0","0","0","300","0"
"7813","プラッツ","福証","20230907","日証金","確報","0","0","0","0","0","0","0","0"
"7814","日本創発グループ","東証","20230907","日証金","確報","600","100","3100","0","300","1800","1300","800"
"7815","東京ボード工業","東証","20230907","日証金","確報","0","0","0","0","0","0","0","0"
"7816","スノーピーク","東証","20230907","日証金","確報","10400","200","107500","4000","17100","966800","-859300","23300"
"7817","パラマウントＢＨＤ","東証","20230907","日証金","確報","0","100","2400","0","0","400","2000","-100"
"7818","トランザクション","東証","20230907","日証金","確報","0","500","4100","0","0","0","4100","-500"
"7819","粧美堂","東証","20230907","日証金","確報","500","900","22200","0","400","22200","0","0"
"7820","ニホンフラッシュ","東証","20230907","日証金","確報","1200","0","7600","3200","500","21900","-14300","-1500"
"7821","前田工繊","東証","20230907","日証金","確報","0","0","2000","0","200","600","1400","200"
"7822","永大産業","東証","20230907","日証金","確報","0","200","8000","0","0","1100","6900","-200"
"7823","アートネイチャー","東証","20230907","日証金","確報","0","0","1500","0","0","300","1200","0"
"7826","フルヤ金属","東証","20230907","日証金","確報","0","200","6000","0","0","0","6000","-200"
"7827","オービス","東証","20230907","日証金","確報","0","300","4400","0","0","0","4400","-300"
"7829","サマンサタバサＪＰ","東証","20230907","日証金","確報","200","0","35100","0","0","0","35100","200"
"7831","ウイルコホールディン","東証","20230907","日証金","確報","0","0","4900","0","0","0","4900","0"
"7832","バンダイナムコ","東証","20230907","日証金","確報","3800","21300","4600","19300","35600","19700","-15100","-1200"
"7833","アイフィスジャパン","東証","20230907","日証金","確報","0","0","1600","0","700","100","1500","700"
"7836","アビックス","東証","20230907","日証金","確報","0","1700","119000","0","0","0","119000","-1700"
"7837","アールシーコア","東証","20230907","日証金","確報","0","0","500","0","500","1700","-1200","500"
"7839","ＳＨＯＥＩ","東証","20230907","日証金","確報","1000","0","24100","200","0","3600","20500","800"
"7840","フランスベッドＨＤ","東証","20230907","日証金","確報","300","0","1700","0","100","1300","400","400"
"7841","遠藤製作所","東証","20230907","日証金","確報","0","0","3800","0","0","0","3800","0"
"7844","マーベラス","東証","20230907","日証金","確報","0","2800","10300","0","0","0","10300","-2800"
"7846","パイロット","東証","20230907","日証金","確報","0","100","4900","100","300","900","4000","100"
"7847","グラファイトデザイン","東証","20230907","日証金","確報","0","0","1700","0","0","0","1700","0"
"7849","スターツ出版","東証","20230907","日証金","確報","0","100","6100","0","0","0","6100","-100"
"7850","総合商研","東証","20230907","日証金","確報","700","0","1900","0","0","0","1900","700"
"7851","カワセコンピュータ","東証","20230907","日証金","確報","13200","500","26000","0","0","0","26000","12700"
"7856","萩原工業","東証","20230907","日証金","確報","400","100","6700","200","0","2200","4500","100"
"7857","セキ","東証","20230907","日証金","確報","0","0","0","0","0","0","0","0"
"7859","アルメディオ","東証","20230907","日証金","確報","1000","3100","263800","0","0","0","263800","-2100"
"7860","エイベックス","東証","20230907","日証金","確報","0","100","6800","200","400","4400","2400","100"
"7863","平賀","東証","20230907","日証金","確報","0","0","30600","0","0","0","30600","0"
"7864","フジシール","東証","20230907","日証金","確報","100","600","2100","0","500","2100","0","0"
"7865","ピープル","東証","20230907","日証金","確報","0","400","3100","0","0","0","3100","-400"
"7867","タカラトミー","東証","20230907","日証金","確報","0","0","400","2100","8500","51700","-51300","6400"
"7868","広済堂ＨＤ","東証","20230907","日証金","確報","200","800","10200","400","0","400","9800","-1000"
"7870","福島印刷","名証","20230907","日証金","確報","0","0","700","0","0","0","700","0"
"7871","フクビ化学工業","名証","20230907","日証金","確報","0","0","0","0","0","0","0","0"
"7871","フクビ化学工業","東証","20230907","日証金","確報","0","0","300","0","0","0","300","0"
"7872","エステールＨＤ","東証","20230907","日証金","確報","0","0","1200","0","0","0","1200","0"
"7874","レック","東証","20230907","日証金","確報","600","0","62200","2200","300","5500","56700","-1300"
"7875","竹田ｉＰ","名証","20230907","日証金","確報","0","0","0","0","0","0","0","0"
"7875","竹田ｉＰ","東証","20230907","日証金","確報","0","0","1000","0","0","0","1000","0"
"7877","永大化工","東証","20230907","日証金","確報","0","0","0","0","0","0","0","0"
"7878","光・彩","東証","20230907","日証金","確報","100","0","1000","0","0","0","1000","100"
"7879","ノダ","東証","20230907","日証金","確報","100","800","3100","0","0","0","3100","-700"
"7883","サンメッセ","東証","20230907","日証金","確報","0","0","200","0","0","0","200","0"
"7885","タカノ","東証","20230907","日証金","確報","0","0","3100","200","0","6600","-3500","-200"
"7886","ヤマト・インダストリ","東証","20230907","日証金","確報","2100","800","3400","0","0","0","3400","1300"
"7887","南海プライウッド","東証","20230907","日証金","確報","0","0","400","0","0","0","400","0"
"7888","三光合成","東証","20230907","日証金","確報","400","200","17900","1000","0","1300","16600","-800"
"7893","プロネクサス","東証","20230907","日証金","確報","0","0","7100","0","200","1700","5400","200"
"7894","丸東産業","福証","20230907","日証金","確報","0","0","4700","0","0","0","4700","0"
"7896","セブン工業","名証","20230907","日証金","確報","0","0","0","0","0","0","0","0"
"7896","セブン工業","東証","20230907","日証金","確報","100","0","3400","0","0","0","3400","100"
"7897","ホクシン","東証","20230907","日証金","確報","600","0","38600","0","0","2000","36600","600"
"7898","ウッドワン","東証","20230907","日証金","確報","900","200","12000","400","0","1500","10500","300"
"7899","ＭＩＣＳ化学","東証","20230907","日証金","確報","0","0","3600","0","0","0","3600","0"
"7901","マツモト","東証","20230907","日証金","確報","200","0","5500","0","0","0","5500","200"
"7902","ソノコム","東証","20230907","日証金","確報","0","0","200","0","0","0","200","0"
"7905","大建工業","東証","20230907","日証金","確報","2200","0","4900","100","0","200","4700","2100"
"7906","ヨネックス","東証","20230907","日証金","確報","200","39800","12700","0","0","2300","10400","-39600"
"7908","きもと","東証","20230907","日証金","確報","0","500","68700","0","0","0","68700","-500"
"7911","凸版印刷","東証","20230907","日証金","確報","2300","0","27700","5000","2500","57000","-29300","-200"
"7912","大日本印刷","東証","20230907","日証金","確報","1100","100","41700","6100","100","35800","5900","-5000"
"7914","共同印刷","東証","20230907","日証金","確報","0","0","700","0","0","1300","-600","0"
"7915","ＮＩＳＳＨＡ","東証","20230907","日証金","確報","100","0","3200","700","600","3200","0","0"
"7916","光村印刷","東証","20230907","日証金","確報","0","0","2200","0","0","200","2000","0"
"7917","藤森工業","東証","20230907","日証金","確報","300","300","2700","0","0","2700","0","0"
"7918","ヴィアＨＤ","東証","20230907","日証金","確報","300","0","26500","0","0","0","26500","300"
"7919","野崎印刷紙業","東証","20230907","日証金","確報","5100","2100","88100","0","0","0","88100","3000"
"7921","ＴＡＫＡＲＡ＆ＣＯ","東証","20230907","日証金","確報","100","0","1000","0","0","300","700","100"
"7922","三光産業","東証","20230907","日証金","確報","0","0","192100","0","0","0","192100","0"
"7923","トーイン","東証","20230907","日証金","確報","0","0","0","0","0","0","0","0"
"7925","前澤化成工業","東証","20230907","日証金","確報","800","900","1900","0","0","1900","0","-100"
"7927","ムトー精工","東証","20230907","日証金","確報","1300","0","11400","0","0","0","11400","1300"
"7928","旭化学工業","東証","20230907","日証金","確報","0","0","12900","0","0","0","12900","0"
"7931","未来工業","名証","20230907","日証金","確報","0","0","0","0","0","200","-200","0"
"7931","未来工業","東証","20230907","日証金","確報","300","1600","26300","900","100","28600","-2300","-2100"
"7932","ニッピ","東証","20230907","日証金","確報","0","0","53100","0","0","0","53100","0"
"7936","アシックス","東証","20230907","日証金","確報","14900","0","25600","10600","36900","130100","-104500","41200"
"7937","ツツミ","東証","20230907","日証金","確報","0","0","1300","0","0","1300","0","0"
"7938","リーガルコーポ","東証","20230907","日証金","確報","0","0","0","0","0","0","0","0"
"7939","研創","東証","20230907","日証金","確報","0","0","2800","0","0","0","2800","0"
"7940","ウェーブロックＨＤ","東証","20230907","日証金","確報","200","100","4300","0","0","0","4300","100"
"7942","ジェイ　エス　ピー","東証","20230907","日証金","確報","0","0","800","0","0","800","0","0"
"7943","ニチハ","名証","20230907","日証金","確報","0","0","0","0","0","0","0","0"
"7943","ニチハ","東証","20230907","日証金","確報","0","100","500","0","0","300","200","-100"
"7944","ローランド","東証","20230907","日証金","確報","0","0","3100","0","0","0","3100","0"
"7946","光陽社","東証","20230907","日証金","確報","300","400","600","0","0","0","600","-100"
"7947","エフピコ","東証","20230907","日証金","確報","0","200","4200","3900","0","4100","100","-4100"
"7949","小松ウオール工業","東証","20230907","日証金","確報","0","0","6000","300","0","5200","800","-300"
"7950","日本デコラックス","名証","20230907","日証金","確報","0","0","200","0","0","0","200","0"
"7951","ヤマハ","東証","20230907","日証金","確報","700","500","15100","2200","500","2300","12800","-1500"
"7952","河合楽器製作所","東証","20230907","日証金","確報","500","0","800","0","800","1600","-800","1300"
"7953","菊水化学工業","名証","20230907","日証金","確報","0","0","0","0","0","0","0","0"
"7953","菊水化学工業","東証","20230907","日証金","確報","0","0","29300","0","0","0","29300","0"
"7955","クリナップ","東証","20230907","日証金","確報","0","0","53100","0","300","0","53100","300"
"7956","ピジョン","東証","20230907","日証金","確報","3900","0","59700","200","0","1400","58300","3700"
"7957","フジコピアン","東証","20230907","日証金","確報","200","0","1200","0","0","0","1200","200"
"7958","天馬","東証","20230907","日証金","確報","0","100","800","0","100","100","700","0"
"7962","キングジム","東証","20230907","日証金","確報","0","100","6600","0","100","6600","0","0"
"7963","興研","東証","20230907","日証金","確報","0","0","300","0","0","0","300","0"
"7965","象印マホービン","東証","20230907","日証金","確報","1800","400","4100","300","100","2900","1200","1200"
"7966","リンテック","東証","20230907","日証金","確報","300","1100","2700","300","0","13900","-11200","-1100"
"7970","信越ポリマー","東証","20230907","日証金","確報","400","500","5500","0","0","0","5500","-100"
"7971","東リ","東証","20230907","日証金","確報","1600","0","17300","100","0","1100","16200","1500"
"7972","イトーキ","東証","20230907","日証金","確報","2300","300","37600","2900","0","12000","25600","-900"
"7974","任天堂","東証","20230907","日証金","確報","36800","6000","270100","30800","0","270100","0","0"
"7975","リヒトラブ","名証","20230907","日証金","確報","0","0","0","0","0","0","0","0"
"7975","リヒトラブ","東証","20230907","日証金","確報","0","0","200","0","0","0","200","0"
"7976","三菱鉛筆","東証","20230907","日証金","確報","300","400","7500","100","200","7500","0","0"
"7979","松風","東証","20230907","日証金","確報","100","300","500","0","0","500","0","-200"
"7980","重松製作所","東証","20230907","日証金","確報","0","0","2100","0","0","0","2100","0"
"7981","タカラスタンダード","東証","20230907","日証金","確報","0","0","200","400","1500","15700","-15500","1100"
"7983","ミロク","東証","20230907","日証金","確報","0","300","2000","0","0","0","2000","-300"
"7984","コクヨ","東証","20230907","日証金","確報","2000","5400","13400","0","12100","4700","8700","8700"
"7985","ネポン","東証","20230907","日証金","確報","200","400","1100","0","0","0","1100","-200"
"7986","日本アイ・エス・ケイ","東証","20230907","日証金","確報","0","0","0","0","0","0","0","0"
"7987","ナカバヤシ","東証","20230907","日証金","確報","100","2600","1800","0","2700","1600","200","200"
"7988","ニフコ","東証","20230907","日証金","確報","400","0","600","600","2400","2900","-2300","2200"
"7989","立川ブラインド工業","東証","20230907","日証金","確報","0","100","1800","0","100","1800","0","0"
"7990","グローブライド","東証","20230907","日証金","確報","1000","900","11900","100","0","11900","0","0"
"7991","マミヤ・オーピー","東証","20230907","日証金","確報","200","0","18400","0","200","1100","17300","400"
"7992","セーラー万年筆","東証","20230907","日証金","確報","0","0","57000","0","0","0","57000","0"
"7994","オカムラ","東証","20230907","日証金","確報","3400","0","11500","4300","200","22400","-10900","-700"
"7995","バルカー","東証","20230907","日証金","確報","900","0","2100","200","800","10500","-8400","1500"
"7997","くろがね工作所","東証","20230907","日証金","確報","0","1000","129800","0","0","0","129800","-1000"
"7999","ＭＵＴＯＨ－ＨＤ","東証","20230907","日証金","確報","0","400","2000","0","500","1200","800","100"
"8001","伊藤忠商事","東証","20230907","日証金","確報","7600","5500","69300","29800","0","120700","-51400","-27700"
"8002","丸紅","東証","20230907","日証金","確報","25200","3400","249000","14400","0","20900","228100","7400"
"8005","スクロール","東証","20230907","日証金","確報","300","100","14500","0","500","8700","5800","700"
"8006","ユアサ・フナショク","東証","20230907","日証金","確報","0","0","0","0","0","0","0","0"
"8007","高島","東証","20230907","日証金","確報","300","0","6700","0","0","2200","4500","300"
"8008","ヨンドシーホールディ","東証","20230907","日証金","確報","100","200","6500","0","300","1800","4700","200"
"8011","三陽商会","東証","20230907","日証金","確報","800","500","22500","1500","1200","22500","0","0"
"8012","長瀬産業","東証","20230907","日証金","確報","0","300","9000","2000","100","26100","-17100","-2200"
"8013","ナイガイ","東証","20230907","日証金","確報","100","0","7200","400","0","3000","4200","-300"
"8014","蝶理","東証","20230907","日証金","確報","100","0","3900","0","0","0","3900","100"
"8015","豊田通商","名証","20230907","日証金","確報","0","0","0","0","0","0","0","0"
"8015","豊田通商","東証","20230907","日証金","確報","100","1100","11700","900","2600","6000","5700","700"
"8016","オンワードＨＤ","東証","20230907","日証金","確報","16800","1200","128600","6700","16700","62000","66600","25600"
"8018","三共生興","東証","20230907","日証金","確報","0","900","14100","0","0","3900","10200","-900"
"8020","兼松","東証","20230907","日証金","確報","2000","1000","29600","500","3000","1000","28600","3500"
"8022","美津濃","東証","20230907","日証金","確報","0","2000","40400","1800","3800","40400","0","0"
"8023","大興電子通信","東証","20230907","日証金","確報","0","0","9400","0","0","0","9400","0"
"8025","ツカモトコーポ","東証","20230907","日証金","確報","0","0","0","0","0","0","0","0"
"8029","ルックＨＤ","東証","20230907","日証金","確報","8000","100","24600","0","0","0","24600","7900"
"8030","中央魚類","東証","20230907","日証金","確報","0","0","300","0","0","0","300","0"
"8031","三井物産","名証","20230907","日証金","確報","0","0","0","0","0","0","0","0"
"8031","三井物産","札証","20230907","日証金","確報","0","0","0","0","0","0","0","0"
"8031","三井物産","東証","20230907","日証金","確報","2000","3700","111800","100","500","2200","109600","-1300"
"8031","三井物産","福証","20230907","日証金","確報","0","0","0","0","0","0","0","0"
"8032","日本紙パルプ商事","東証","20230907","日証金","確報","200","0","1500","0","100","200","1300","300"
"8035","東京エレクトロン","東証","20230907","日証金","確報","3000","5400","27500","7600","41400","318900","-291400","31400"
"8037","カメイ","東証","20230907","日証金","確報","1000","0","6900","400","0","900","6000","600"
"8038","東都水産","東証","20230907","日証金","確報","0","0","0","0","0","0","0","0"
"8039","築地魚市場","東証","20230907","日証金","確報","0","0","3000","0","0","0","3000","0"
"8040","東京ソワール","東証","20230907","日証金","確報","0","0","1400","0","0","0","1400","0"
"8041","ＯＵＧＨＤ","東証","20230907","日証金","確報","500","100","8300","100","0","400","7900","300"
"8043","スターゼン","東証","20230907","日証金","確報","0","0","1100","0","100","200","900","100"
"8045","横浜丸魚","東証","20230907","日証金","確報","0","0","0","0","0","0","0","0"
"8046","丸藤シートパイル","東証","20230907","日証金","確報","0","0","4800","0","100","0","4800","100"
"8050","セイコーグループ","東証","20230907","日証金","確報","700","0","11000","0","0","0","11000","700"
"8051","山善","東証","20230907","日証金","確報","0","0","3500","0","0","0","3500","0"
"8052","椿本興業","東証","20230907","日証金","確報","100","0","1500","100","0","1500","0","0"
"8053","住友商事","東証","20230907","日証金","確報","300","9400","82700","7000","6000","28400","54300","-10100"
"8056","ＢＩＰＲＯＧＹ","東証","20230907","日証金","確報","0","2000","400","1100","300","5600","-5200","-2800"
"8057","内田洋行","東証","20230907","日証金","確報","0","0","300","600","900","10000","-9700","300"
"8058","三菱商事","東証","20230907","日証金","確報","32200","53900","131900","100","9100","131900","0","-12700"
"8059","第一実業","東証","20230907","日証金","確報","0","0","2800","200","300","1400","1400","100"
"8060","キヤノンＭＪ","東証","20230907","日証金","確報","400","100","1800","300","0","1800","0","0"
"8061","西華産業","東証","20230907","日証金","確報","0","0","800","0","100","600","200","100"
"8065","佐藤商事","東証","20230907","日証金","確報","1100","400","3200","700","0","900","2300","0"
"8066","三谷商事","東証","20230907","日証金","確報","0","0","400","0","0","100","300","0"
"8068","菱洋エレクトロ","東証","20230907","日証金","確報","1700","1600","83400","200","100","83400","0","0"
"8070","東京産業","東証","20230907","日証金","確報","600","700","5100","0","100","100","5000","0"
"8071","東海エレクトロニクス","名証","20230907","日証金","確報","0","0","400","0","0","0","400","0"
"8072","日本出版貿易","東証","20230907","日証金","確報","0","0","0","0","0","0","0","0"
"8074","ユアサ商事","東証","20230907","日証金","確報","500","100","1500","0","0","0","1500","400"
"8075","神鋼商事","東証","20230907","日証金","確報","0","700","4100","1300","0","4100","0","-2000"
"8076","カノークス","名証","20230907","日証金","確報","0","0","0","0","0","0","0","0"
"8076","カノークス","東証","20230907","日証金","確報","0","0","1300","0","0","0","1300","0"
"8077","トルク","東証","20230907","日証金","確報","1400","1400","20700","0","0","20700","0","0"
"8078","阪和興業","東証","20230907","日証金","確報","100","0","11200","100","100","300","10900","100"
"8079","正栄食品工業","東証","20230907","日証金","確報","0","0","1000","200","200","19400","-18400","0"
"8081","カナデン","東証","20230907","日証金","確報","0","200","5900","0","0","0","5900","-200"
"8084","ＲＹＯＤＥＮ","東証","20230907","日証金","確報","0","800","2200","0","900","900","1300","100"
"8085","ナラサキ産業","札証","20230907","日証金","確報","0","0","0","0","0","0","0","0"
"8085","ナラサキ産業","東証","20230907","日証金","確報","0","0","1200","0","0","0","1200","0"
"8086","ニプロ","東証","20230907","日証金","確報","1000","2400","3300","900","200","8400","-5100","-2100"
"8088","岩谷産業","東証","20230907","日証金","確報","0","6600","4000","1200","0","2400","1600","-7800"
"8089","ナイス","東証","20230907","日証金","確報","100","0","2500","0","300","6600","-4100","400"
"8091","ニチモウ","東証","20230907","日証金","確報","200","0","3200","0","0","600","2600","200"
"8093","極東貿易","東証","20230907","日証金","確報","0","600","6200","100","200","4100","2100","-500"
"8095","アステナＨＤ","東証","20230907","日証金","確報","600","1000","5100","200","0","5100","0","-600"
"8097","三愛オブリ","東証","20230907","日証金","確報","200","0","2300","200","0","2300","0","0"
"8098","稲畑産業","東証","20230907","日証金","確報","900","0","5000","0","0","700","4300","900"
"8101","ＧＳＩクレオス","東証","20230907","日証金","確報","3200","1700","9300","0","200","8900","400","1700"
"8103","明和産業","東証","20230907","日証金","確報","2400","2800","32600","100","500","32600","0","0"
"8104","クワザワＨＤ","札証","20230907","日証金","確報","0","0","0","0","0","0","0","0"
"8104","クワザワＨＤ","東証","20230907","日証金","確報","100","0","11900","0","0","0","11900","100"
"8105","堀田丸正","東証","20230907","日証金","確報","400","0","14000","0","0","0","14000","400"
"8107","キムラタン","東証","20230907","日証金","確報","4400","0","38400","0","0","0","38400","4400"
"8111","ゴールドウィン","東証","20230907","日証金","確報","1400","3000","21200","0","0","100","21100","-1600"
"8113","ユニ・チャーム","東証","20230907","日証金","確報","400","200","10800","1600","4100","12000","-1200","2700"
"8114","デサント","東証","20230907","日証金","確報","100","2400","24700","0","0","8400","16300","-2300"
"8115","ムーンバット","東証","20230907","日証金","確報","0","0","1600","0","0","0","1600","0"
"8117","中央自動車工業","東証","20230907","日証金","確報","0","200","3500","0","0","100","3400","-200"
"8118","キング","東証","20230907","日証金","確報","8100","0","105500","100","0","300","105200","8000"
"8119","三栄コーポレーション","東証","20230907","日証金","確報","100","0","800","0","0","0","800","100"
"8123","川辺","東証","20230907","日証金","確報","0","0","4200","0","0","0","4200","0"
"8125","ワキタ","東証","20230907","日証金","確報","0","0","3100","0","0","1200","1900","0"
"8127","ヤマトインタ","東証","20230907","日証金","確報","200","5500","46900","0","5300","46900","0","0"
"8129","東邦ホールディングス","東証","20230907","日証金","確報","200","100","400","0","1600","19900","-19500","1700"
"8130","サンゲツ","名証","20230907","日証金","確報","0","0","0","0","0","0","0","0"
"8130","サンゲツ","東証","20230907","日証金","確報","1200","1000","23200","400","300","28600","-5400","100"
"8131","ミツウロコＧＨＤ","東証","20230907","日証金","確報","300","0","5200","0","0","1100","4100","300"
"8132","シナネンＨＤ","東証","20230907","日証金","確報","100","0","600","0","200","5300","-4700","300"
"8133","伊藤忠エネクス","東証","20230907","日証金","確報","400","0","6700","300","200","2100","4600","300"
"8135","ゼット","東証","20230907","日証金","確報","0","300","4500","0","0","0","4500","-300"
"8136","サンリオ","東証","20230907","日証金","確報","0","100","10200","12100","1200","251700","-241500","-11000"
"8137","サンワテクノス","東証","20230907","日証金","確報","0","0","5400","0","0","100","5300","0"
"8138","三京化成","東証","20230907","日証金","確報","0","0","400","0","0","0","400","0"
"8139","ナガホリ","東証","20230907","日証金","確報","1000","300","33100","0","0","0","33100","700"
"8140","リョーサン","東証","20230907","日証金","確報","0","500","2800","100","0","1700","1100","-600"
"8141","新光商事","東証","20230907","日証金","確報","400","0","8200","0","0","0","8200","400"
"8142","トーホー","東証","20230907","日証金","確報","2800","6000","5300","20400","700","22700","-17400","-22900"
"8143","ラピーヌ","東証","20230907","日証金","確報","0","0","1800","0","0","0","1800","0"
"8144","デンキョーグループ","東証","20230907","日証金","確報","0","0","1200","0","0","0","1200","0"
"8145","中部水産","名証","20230907","日証金","確報","0","0","1800","0","0","0","1800","0"
"8147","トミタ","東証","20230907","日証金","確報","0","300","300","0","0","0","300","-300"
"8150","三信電気","東証","20230907","日証金","確報","0","2900","4800","1000","0","4000","800","-3900"
"8151","東陽テクニカ","東証","20230907","日証金","確報","100","0","5000","0","1000","700","4300","1100"
"8152","ソマール","東証","20230907","日証金","確報","0","0","900","0","0","0","900","0"
"8153","モスフードサービス","東証","20230907","日証金","確報","0","1000","2000","1500","800","8300","-6300","-1700"
"8154","加賀電子","東証","20230907","日証金","確報","800","2700","17500","0","1900","17500","0","0"
"8155","三益半導体工業","東証","20230907","日証金","確報","300","500","10900","100","100","500","10400","-200"
"8157","都築電気","東証","20230907","日証金","確報","600","300","5400","500","100","1800","3600","-100"
"8158","ソーダニッカ","東証","20230907","日証金","確報","800","1600","2100","100","900","2100","0","0"
"8159","立花エレテック","東証","20230907","日証金","確報","200","200","1900","100","0","600","1300","-100"
"8160","木曽路","名証","20230907","日証金","確報","0","0","0","0","0","0","0","0"
"8160","木曽路","東証","20230907","日証金","確報","500","100","10800","100","8700","21200","-10400","9000"
"8163","ＳＲＳＨＤ","東証","20230907","日証金","確報","0","1800","500","4100","1400","26500","-26000","-4500"
"8165","千趣会","東証","20230907","日証金","確報","0","0","18700","700","1400","46000","-27300","700"
"8167","リテールパートナーズ","東証","20230907","日証金","確報","0","1800","8600","1000","1900","9500","-900","-900"
"8168","ケーヨー","東証","20230907","日証金","確報","0","200","1400","2300","2900","22000","-20600","400"
"8173","上新電機","東証","20230907","日証金","確報","1500","0","3600","0","0","200","3400","1500"
"8174","日本瓦斯","東証","20230907","日証金","確報","0","700","2400","500","100","11500","-9100","-1100"
"8179","ロイヤルＨＤ","東証","20230907","日証金","確報","0","900","12600","0","0","5400","7200","-900"
"8179","ロイヤルＨＤ","福証","20230907","日証金","確報","0","0","0","0","0","0","0","0"
"8181","東天紅","東証","20230907","日証金","確報","0","200","300","0","0","0","300","-200"
"8182","いなげや","東証","20230907","日証金","確報","100","0","11000","0","0","1600","9400","100"
"8185","チヨダ","東証","20230907","日証金","確報","0","300","15800","0","100","4100","11700","-200"
"8190","ヤマナカ","名証","20230907","日証金","確報","0","0","1800","0","0","0","1800","0"
"8194","ライフコーポ","東証","20230907","日証金","確報","3000","200","5000","1300","700","24000","-19000","2200"
"8198","マックスバリュ東海","東証","20230907","日証金","確報","0","0","500","0","0","0","500","0"
"8200","リンガーハット","東証","20230907","日証金","確報","3700","0","11500","400","5600","5900","5600","8900"
"8200","リンガーハット","福証","20230907","日証金","確報","0","0","0","0","0","0","0","0"
"8202","ラオックスＨＤ","東証","20230907","日証金","確報","99500","16800","1481500","29800","0","548200","933300","52900"
"8203","ＭｒＭａｘＨＤ","東証","20230907","日証金","確報","0","400","2300","0","0","400","1900","-400"
"8203","ＭｒＭａｘＨＤ","福証","20230907","日証金","確報","0","0","0","0","0","0","0","0"
"8207","テンアライド","東証","20230907","日証金","確報","0","200","6200","0","0","0","6200","-200"
"8208","エンチョー","東証","20230907","日証金","確報","0","0","100","0","0","0","100","0"
"8209","フレンドリー","東証","20230907","日証金","確報","0","0","22900","0","0","0","22900","0"
"8214","ＡＯＫＩＨＤ","東証","20230907","日証金","確報","500","100","9200","1800","0","6300","2900","-1400"
"8215","銀座山形屋","東証","20230907","日証金","確報","0","0","2100","0","0","0","2100","0"
"8217","オークワ","東証","20230907","日証金","確報","1500","400","4200","100","400","600","3600","1400"
"8218","コメリ","東証","20230907","日証金","確報","2300","100","7300","800","600","11700","-4400","2000"
"8219","青山商事","東証","20230907","日証金","確報","8500","400","24700","1000","12800","67300","-42600","19900"
"8225","タカチホ","東証","20230907","日証金","確報","200","0","12300","0","0","0","12300","200"
"8226","理経","東証","20230907","日証金","確報","0","0","10200","0","0","0","10200","0"
"8227","しまむら","東証","20230907","日証金","確報","0","0","1500","200","400","11100","-9600","200"
"8228","マルイチ産商","名証","20230907","日証金","確報","0","0","500","0","0","0","500","0"
"8230","はせがわ","東証","20230907","日証金","確報","0","400","4200","0","0","300","3900","-400"
"8230","はせがわ","福証","20230907","日証金","確報","0","0","0","0","0","0","0","0"
"8233","高島屋","東証","20230907","日証金","確報","3800","2800","18700","1100","100","18700","0","0"
"8237","松屋","東証","20230907","日証金","確報","2900","0","15700","100","0","3300","12400","2800"
"8242","Ｈ２Ｏリテイリング","東証","20230907","日証金","確報","1500","400","14900","2900","0","5500","9400","-1800"
"8244","近鉄百貨店","東証","20230907","日証金","確報","0","200","700","3300","200","34400","-33700","-3300"
"8247","大和","東証","20230907","日証金","確報","0","0","400","0","0","0","400","0"
"8252","丸井グループ","東証","20230907","日証金","確報","1100","3800","20400","1500","0","20400","0","-4200"
"8253","クレディセゾン","東証","20230907","日証金","確報","4500","400","21900","4100","0","21900","0","0"
"8254","さいか屋","東証","20230907","日証金","確報","0","0","5500","0","0","0","5500","0"
"8255","アクシアル　リテ","東証","20230907","日証金","確報","400","1000","400","100","0","400","0","-700"
"8256","プロルート丸光","東証","20230907","日証金","確報","1700","0","223700","0","0","0","223700","1700"
"8260","井筒屋","東証","20230907","日証金","確報","5300","5300","89000","0","0","89000","0","0"
"8260","井筒屋","福証","20230907","日証金","確報","0","0","0","0","0","0","0","0"
"8267","イオン","東証","20230907","日証金","確報","2100","200","14300","22700","2900","545000","-530700","-17900"
"8273","イズミ","東証","20230907","日証金","確報","0","0","0","600","300","14100","-14100","-300"
"8275","フォーバル","東証","20230907","日証金","確報","200","300","2000","0","100","2000","0","0"
"8276","平和堂","東証","20230907","日証金","確報","300","0","1800","600","800","12700","-10900","500"
"8278","フジ","東証","20230907","日証金","確報","0","0","3300","0","0","100","3200","0"
"8279","ヤオコー","東証","20230907","日証金","確報","100","300","1200","100","400","2000","-800","100"
"8281","ゼビオＨＤ","東証","20230907","日証金","確報","0","1000","6600","0","0","700","5900","-1000"
"8282","ケーズホールディング","東証","20230907","日証金","確報","11200","7800","33500","3700","300","33500","0","0"
"8283","ＰＡＬＴＡＣ","東証","20230907","日証金","確報","0","200","2400","100","0","200","2200","-300"
"8285","三谷産業","名証","20230907","日証金","確報","0","0","0","0","0","0","0","0"
"8285","三谷産業","東証","20230907","日証金","確報","400","0","35000","200","0","7700","27300","200"
"8289","Ｏｌｙｍｐｉｃグルー","東証","20230907","日証金","確報","0","100","14100","0","100","14100","0","0"
"8291","日産東京販売ＨＤ","東証","20230907","日証金","確報","100","0","16100","0","0","300","15800","100"
"8303","ＳＢＩ新生銀行","東証","20230907","日証金","確報","0","0","100","0","0","0","100","0"
"8304","あおぞら銀行","東証","20230907","日証金","確報","20100","17600","836400","200","0","1500400","-664000","2300"
"8306","三菱ＵＦＪＦＧ","名証","20230907","日証金","確報","0","0","0","0","0","0","0","0"
"8306","三菱ＵＦＪＦＧ","東証","20230907","日証金","確報","324400","80900","3428900","190300","9100","1070400","2358500","62300"
"8308","りそなＨＤ","東証","20230907","日証金","確報","23500","7000","198500","800","40200","84400","114100","55900"
"8309","三井住友トラストＨＤ","名証","20230907","日証金","確報","0","0","0","0","0","0","0","0"
"8309","三井住友トラストＨＤ","東証","20230907","日証金","確報","1500","3300","20600","200","400","20600","0","-1600"
"8316","三井住友ＦＧ","名証","20230907","日証金","確報","0","0","0","0","0","0","0","0"
"8316","三井住友ＦＧ","東証","20230907","日証金","確報","3100","9500","239900","2100","13700","32700","207200","5200"
"8331","千葉銀行","東証","20230907","日証金","確報","14000","200","103800","89700","6400","286700","-182900","-69500"
"8334","群馬銀行","東証","20230907","日証金","確報","200","2200","22800","4800","300","54800","-32000","-6500"
"8336","武蔵野銀行","東証","20230907","日証金","確報","700","600","6300","0","0","500","5800","100"
"8337","千葉興業銀行","東証","20230907","日証金","確報","3300","126100","24900","9800","21500","126100","-101200","-111100"
"8338","筑波銀行","東証","20230907","日証金","確報","901800","0","948500","4300","14200","67300","881200","911700"
"8341","七十七銀行","札証","20230907","日証金","確報","0","0","0","0","0","0","0","0"
"8341","七十七銀行","東証","20230907","日証金","確報","900","2800","23900","200","6500","43200","-19300","4400"
"8343","秋田銀行","東証","20230907","日証金","確報","0","100","2000","200","0","200","1800","-300"
"8344","山形銀行","東証","20230907","日証金","確報","100","1300","7800","100","5500","2900","4900","4200"
"8345","岩手銀行","東証","20230907","日証金","確報","2000","900","5800","100","500","4300","1500","1500"
"8346","東邦銀行","東証","20230907","日証金","確報","1100","1600","12800","0","300","3400","9400","-200"
"8349","東北銀行","東証","20230907","日証金","確報","600","0","5000","0","0","600","4400","600"
"8354","ふくおかＦＧ","東証","20230907","日証金","確報","800","1900","20500","900","0","14700","5800","-2000"
"8354","ふくおかＦＧ","福証","20230907","日証金","確報","0","0","0","0","0","0","0","0"
"8358","スルガ銀行","東証","20230907","日証金","確報","14800","0","201600","0","8000","131100","70500","22800"
"8359","八十二銀行","東証","20230907","日証金","確報","12200","8900","98700","3300","0","98700","0","0"
"8360","山梨中央銀行","東証","20230907","日証金","確報","3500","1100","8500","0","300","900","7600","2700"
"8361","大垣共立銀行","名証","20230907","日証金","確報","0","0","0","0","0","0","0","0"
"8361","大垣共立銀行","東証","20230907","日証金","確報","1400","0","5600","0","300","1400","4200","1700"
"8362","福井銀行","東証","20230907","日証金","確報","0","1100","6600","200","500","5900","700","-800"
"8364","清水銀行","東証","20230907","日証金","確報","200","300","1000","0","0","400","600","-100"
"8365","富山銀行","東証","20230907","日証金","確報","700","200","7400","0","400","21300","-13900","900"
"8366","滋賀銀行","東証","20230907","日証金","確報","200","100","9300","100","0","9300","0","0"
"8367","南都銀行","東証","20230907","日証金","確報","200","0","4400","0","0","1500","2900","200"
"8368","百五銀行","名証","20230907","日証金","確報","0","0","0","0","0","0","0","0"
"8368","百五銀行","東証","20230907","日証金","確報","9700","600","30200","0","123900","70600","-40400","133000"
"8369","京都銀行","東証","20230907","日証金","確報","500","600","5200","500","0","13600","-8400","-600"
"8370","紀陽銀行","東証","20230907","日証金","確報","700","1700","1700","0","500","1700","0","-500"
"8377","ほくほくＦＧ","札証","20230907","日証金","確報","0","0","0","0","0","0","0","0"
"8377","ほくほくＦＧ","東証","20230907","日証金","確報","5100","4100","55700","3400","2400","55700","0","0"
"8381","山陰合同銀行","東証","20230907","日証金","確報","1800","0","2600","1400","2500","11200","-8600","2900"
"8383","鳥取銀行","東証","20230907","日証金","確報","0","0","1900","400","0","1700","200","-400"
"8386","百十四銀行","東証","20230907","日証金","確報","0","800","6200","0","0","1100","5100","-800"
"8387","四国銀行","東証","20230907","日証金","確報","300","200","3700","600","0","700","3000","-500"
"8388","阿波銀行","東証","20230907","日証金","確報","800","0","6200","800","0","6200","0","0"
"8392","大分銀行","東証","20230907","日証金","確報","500","200","8400","4000","0","12100","-3700","-3700"
"8392","大分銀行","福証","20230907","日証金","確報","0","0","0","0","0","0","0","0"
"8393","宮崎銀行","東証","20230907","日証金","確報","300","0","3600","0","100","0","3600","400"
"8393","宮崎銀行","福証","20230907","日証金","確報","0","0","0","0","0","0","0","0"
"8395","佐賀銀行","東証","20230907","日証金","確報","0","0","2300","0","0","0","2300","0"
"8395","佐賀銀行","福証","20230907","日証金","確報","0","0","0","0","0","0","0","0"
"8398","筑邦銀行","福証","20230907","日証金","確報","0","0","500","0","0","0","500","0"
"8399","琉球銀行","東証","20230907","日証金","確報","2300","1100","11400","1200","0","11400","0","0"
"8399","琉球銀行","福証","20230907","日証金","確報","0","0","0","0","0","0","0","0"
"8410","セブン銀行","東証","20230907","日証金","確報","18800","10600","132100","8600","400","132100","0","0"
"8411","みずほＦＧ","東証","20230907","日証金","確報","28200","0","220200","0","5800","4600","215600","34000"
"8416","高知銀行","東証","20230907","日証金","確報","0","700","22800","100","2400","21400","1400","1600"
"8418","山口ＦＧ","東証","20230907","日証金","確報","5400","0","17800","6700","1300","17800","0","0"
"8421","信金中央金庫","東証","20230907","日証金","確報","0","0","2","0","0","2","0","0"
"8424","芙蓉総合リース","東証","20230907","日証金","確報","900","1200","2900","800","0","2900","0","-1100"
"8425","みずほリース","東証","20230907","日証金","確報","3000","1200","3400","300","100","1800","1600","1600"
"8439","東京センチュリー","東証","20230907","日証金","確報","1900","500","4900","1500","100","4900","0","0"
"8462","フューチャーＶＣ","東証","20230907","日証金","確報","300","100","18800","0","0","0","18800","200"
"8473","ＳＢＩＨＤ","東証","20230907","日証金","確報","21000","200","605000","0","12000","2300","602700","32800"
"8508","Ｊトラスト","東証","20230907","日証金","確報","0","100","128100","0","0","3000","125100","-100"
"8511","日本証券金融","東証","20230907","日証金","確報","3000","2700","50700","700","2600","6700","44000","2200"
"8515","アイフル","東証","20230907","日証金","確報","295500","89600","685100","208100","2200","685100","0","0"
"8518","日本アジア投資","東証","20230907","日証金","確報","0","500","29900","0","0","0","29900","-500"
"8522","名古屋銀行","名証","20230907","日証金","確報","0","0","0","0","0","0","0","0"
"8522","名古屋銀行","東証","20230907","日証金","確報","0","1200","6100","0","400","4000","2100","-800"
"8524","北洋銀行","札証","20230907","日証金","確報","0","0","0","0","0","0","0","0"
"8524","北洋銀行","東証","20230907","日証金","確報","3300","27700","73600","4100","100","42600","31000","-28400"
"8537","大光銀行","東証","20230907","日証金","確報","0","0","1000","0","200","100","900","200"
"8540","福岡中央銀行","福証","20230907","日証金","確報","0","0","0","0","0","0","0","0"
"8541","愛媛銀行","東証","20230907","日証金","確報","700","0","16800","100","1900","100","16700","2500"
"8542","トマト銀行","東証","20230907","日証金","確報","0","300","5700","0","0","1000","4700","-300"
"8544","京葉銀行","東証","20230907","日証金","確報","100","1700","4200","2000","0","2900","1300","-3600"
"8550","栃木銀行","東証","20230907","日証金","確報","17100","0","113100","19300","0","43000","70100","-2200"
"8551","北日本銀行","東証","20230907","日証金","確報","0","0","4100","300","4400","15800","-11700","4100"
"8554","南日本銀行","福証","20230907","日証金","確報","0","100","2700","0","0","0","2700","-100"
"8558","東和銀行","東証","20230907","日証金","確報","0","900","6200","700","100","3900","2300","-1500"
"8559","豊和銀行","福証","20230907","日証金","確報","100","0","1800","0","0","0","1800","100"
"8560","宮崎太陽銀行","福証","20230907","日証金","確報","0","0","1500","0","0","0","1500","0"
"8562","福島銀行","東証","20230907","日証金","確報","6900","1600","152400","700","500","180500","-28100","5100"
"8563","大東銀行","東証","20230907","日証金","確報","0","600","6700","0","0","1100","5600","-600"
"8566","リコーリース","東証","20230907","日証金","確報","0","300","1700","100","400","1700","0","0"
"8570","イオンＦＳ","東証","20230907","日証金","確報","0","1700","391300","0","8500","3500","387800","6800"
"8572","アコム","東証","20230907","日証金","確報","4900","11500","256100","0","0","0","256100","-6600"
"8584","ジャックス","東証","20230907","日証金","確報","100","1400","19300","0","300","8200","11100","-1000"
"8585","オリエントコーポ","東証","20230907","日証金","確報","100","0","44200","0","0","0","44200","100"
"8591","オリックス","東証","20230907","日証金","確報","18000","25500","24700","15100","8700","24700","0","-13900"
"8593","三菱ＨＣキャピタル","名証","20230907","日証金","確報","0","0","0","0","0","0","0","0"
"8593","三菱ＨＣキャピタル","東証","20230907","日証金","確報","52000","10000","171800","0","0","500","171300","42000"
"8594","中道リース","札証","20230907","日証金","確報","0","0","0","0","0","0","0","0"
"8595","ジャフコ　グループ","東証","20230907","日証金","確報","0","200","28300","900","0","1600","26700","-1100"
"8596","九州リースサービス","東証","20230907","日証金","確報","1500","0","22400","0","0","1300","21100","1500"
"8596","九州リースサービス","福証","20230907","日証金","確報","0","0","0","0","0","0","0","0"
"8600","トモニＨＤ","東証","20230907","日証金","確報","2300","3200","224200","1800","1600","25900","198300","-1100"
"8601","大和証券グループ本社","名証","20230907","日証金","確報","0","0","0","0","300","0","0","300"
"8601","大和証券グループ本社","東証","20230907","日証金","確報","5100","82000","130800","3100","114000","96800","34000","34000"
"8604","野村ホールディングス","名証","20230907","日証金","確報","0","0","0","0","0","0","0","0"
"8604","野村ホールディングス","東証","20230907","日証金","確報","4700","22600","345300","0","62100","22600","322700","44200"
"8609","岡三証券グループ","名証","20230907","日証金","確報","0","0","0","0","0","0","0","0"
"8609","岡三証券グループ","東証","20230907","日証金","確報","11600","9000","202400","2600","1100","33900","168500","1100"
"8613","丸三証券","東証","20230907","日証金","確報","1900","2900","27200","6300","1600","37600","-10400","-5700"
"8614","東洋証券","東証","20230907","日証金","確報","100","4100","11800","0","0","0","11800","-4000"
"8616","東海東京ＦＨＤ","名証","20230907","日証金","確報","0","0","0","0","0","0","0","0"
"8616","東海東京ＦＨＤ","東証","20230907","日証金","確報","5200","12900","158700","0","7700","158700","0","0"
"8617","光世証券","東証","20230907","日証金","確報","0","1600","20800","100","1700","20800","0","0"
"8622","水戸証券","東証","20230907","日証金","確報","3400","1700","85400","5800","38600","21900","63500","34500"
"8624","いちよし証券","東証","20230907","日証金","確報","0","3100","27900","100","300","23200","4700","-2900"
"8628","松井証券","東証","20230907","日証金","確報","35300","8100","66300","173800","24700","2799900","-2733600","-121900"
"8630","ＳＯＭＰＯＨＤ","東証","20230907","日証金","確報","0","2500","18400","9100","29000","759300","-740900","17400"
"8697","日本取引所グループ","東証","20230907","日証金","確報","500","14200","15800","1800","0","2100","13700","-15500"
"8698","マネックスグループ","東証","20230907","日証金","確報","2400","7000","433600","500","33500","70400","363200","28400"
"8699","ＨＳホールディングス","東証","20230907","日証金","確報","0","0","103800","0","100","800","103000","100"
"8700","丸八証券","東証","20230907","日証金","確報","0","0","400","0","0","0","400","0"
"8704","トレイダーズＨＤ","東証","20230907","日証金","確報","42200","8000","139900","300","1700","17900","122000","35600"
"8705","日産証券グループ","東証","20230907","日証金","確報","700","0","10300","0","0","0","10300","700"
"8706","極東証券","東証","20230907","日証金","確報","0","3300","8500","0","200","3900","4600","-3100"
"8707","岩井コスモＨＤ","東証","20230907","日証金","確報","1800","100","7600","0","100","5800","1800","1800"
"8708","アイザワ証券グループ","東証","20230907","日証金","確報","2200","400","4300","600","200","4300","0","1400"
"8713","フィデアＨＤ","東証","20230907","日証金","確報","1200","800","11100","0","0","1800","9300","400"
"8714","池田泉州ＨＤ","東証","20230907","日証金","確報","64600","56600","196700","5300","18200","175800","20900","20900"
"8715","アニコムＨＤ","東証","20230907","日証金","確報","1600","3800","20400","100","500","4900","15500","-1800"
"8725","ＭＳ＆ＡＤ","名証","20230907","日証金","確報","0","0","0","0","0","0","0","0"
"8725","ＭＳ＆ＡＤ","東証","20230907","日証金","確報","8400","10000","21800","900","2500","21800","0","0"
"8732","マネーパートナーズＧ","東証","20230907","日証金","確報","100","100","15600","0","4600","1500","14100","4600"
"8737","あかつき本社","東証","20230907","日証金","確報","1100","0","17600","0","0","0","17600","1100"
"8739","スパークス・グループ","東証","20230907","日証金","確報","0","0","4200","0","0","0","4200","0"
"8742","小林洋行","東証","20230907","日証金","確報","0","0","1700","0","100","1200","500","100"
"8746","第一商品","東証","20230907","日証金","確報","0","100","105700","0","0","0","105700","-100"
"8747","豊トラスティ証券","東証","20230907","日証金","確報","0","0","1300","0","0","0","1300","0"
"8750","第一生命ＨＤ","東証","20230907","日証金","確報","1200","88200","112200","12900","99900","112200","0","0"
"8766","東京海上ＨＤ","東証","20230907","日証金","確報","0","21600","35300","30900","0","32700","2600","-52500"
"8769","アドバンテッジリスク","東証","20230907","日証金","確報","300","1700","6600","0","6000","0","6600","4600"
"8771","イー・ギャランティ","東証","20230907","日証金","確報","400","1500","8300","0","2300","0","8300","1200"
"8772","アサックス","東証","20230907","日証金","確報","0","0","8400","0","0","0","8400","0"
"8783","ＧＦＡ","東証","20230907","日証金","確報","600","1000","146400","0","0","0","146400","-400"
"8789","フィンテック","東証","20230907","日証金","確報","10400","0","393000","0","0","0","393000","10400"
"8793","ＮＥＣキャピタル","東証","20230907","日証金","確報","500","300","2400","200","0","2400","0","0"
"8795","Ｔ＆ＤＨＤ","東証","20230907","日証金","確報","2000","2200","33900","13000","2000","94300","-60400","-11200"
"8798","アドバンスクリエイト","札証","20230907","日証金","確報","0","0","0","0","0","0","0","0"
"8798","アドバンスクリエイト","東証","20230907","日証金","確報","0","100","9100","500","100","7100","2000","-500"
"8798","アドバンスクリエイト","福証","20230907","日証金","確報","0","0","0","0","0","0","0","0"
"8801","三井不動産","東証","20230907","日証金","確報","70800","2000","102100","2200","95100","111000","-8900","161700"
"8802","三菱地所","東証","20230907","日証金","確報","7200","5000","76800","41700","400","72400","4400","-39100"
"8803","平和不動産","名証","20230907","日証金","確報","0","0","0","0","0","0","0","0"
"8803","平和不動産","札証","20230907","日証金","確報","0","0","0","0","0","0","0","0"
"8803","平和不動産","東証","20230907","日証金","確報","3100","0","4500","1100","3300","11000","-6500","5300"
"8803","平和不動産","福証","20230907","日証金","確報","0","0","0","0","0","0","0","0"
"8804","東京建物","東証","20230907","日証金","確報","2500","500","10800","500","100","2500","8300","1600"
"8818","京阪神ビルディング","東証","20230907","日証金","確報","700","500","3300","0","100","1100","2200","300"
"8830","住友不動産","東証","20230907","日証金","確報","4500","6200","68800","15700","17400","68800","0","0"
"8835","太平洋興発","東証","20230907","日証金","確報","400","2000","12200","0","0","0","12200","-1600"
"8836","ＲＩＳＥ","東証","20230907","日証金","確報","0","0","0","0","0","0","0","0"
"8841","テーオーシー","東証","20230907","日証金","確報","300","100","15800","400","0","8400","7400","-200"
"8842","東京楽天地","東証","20230907","日証金","確報","0","500","200","0","0","0","200","-500"
"8844","コスモスイニシア","東証","20230907","日証金","確報","500","4000","19500","0","0","1400","18100","-3500"
"8848","レオパレス２１","東証","20230907","日証金","確報","20800","54400","765900","0","0","0","765900","-33600"
"8850","スターツコーポ","東証","20230907","日証金","確報","300","0","2300","0","100","400","1900","400"
"8854","日住サービス","東証","20230907","日証金","確報","0","0","200","0","0","0","200","0"
"8860","フジ住宅","東証","20230907","日証金","確報","0","0","4300","0","0","4300","0","0"
"8864","空港施設","東証","20230907","日証金","確報","5100","600","16800","0","0","0","16800","4500"
"8869","明和地所","東証","20230907","日証金","確報","100","0","10100","200","500","6000","4100","400"
"8871","ゴールドクレスト","東証","20230907","日証金","確報","200","0","4000","400","200","4000","0","0"
"8876","リログループ","東証","20230907","日証金","確報","0","2500","3900","1100","1100","1700","2200","-2500"
"8877","エスリード","東証","20230907","日証金","確報","0","500","3100","600","0","1200","1900","-1100"
"8881","日神グループＨＤ","東証","20230907","日証金","確報","2300","7300","37100","0","20100","22000","15100","15100"
"8886","ウッドフレンズ","名証","20230907","日証金","確報","0","0","0","0","0","0","0","0"
"8886","ウッドフレンズ","東証","20230907","日証金","確報","0","0","900","0","0","0","900","0"
"8887","リベレステ","東証","20230907","日証金","確報","300","200","79500","0","0","100","79400","100"
"8889","ＡＰＡＭＡＮ","東証","20230907","日証金","確報","0","200","800","0","0","0","800","-200"
"8890","レーサム","東証","20230907","日証金","確報","0","500","16700","0","0","0","16700","-500"
"8891","ＡＭＧＨＤ","名証","20230907","日証金","確報","0","0","0","0","0","0","0","0"
"8891","ＡＭＧＨＤ","東証","20230907","日証金","確報","0","0","1000","0","0","0","1000","0"
"8892","日本エスコン","東証","20230907","日証金","確報","0","2000","20300","0","0","3600","16700","-2000"
"8893","新日本建物","東証","20230907","日証金","確報","600","100","8700","0","0","1000","7700","500"
"8894","ＲＥＶＯＬＵＴＩＯＮ","東証","20230907","日証金","確報","2300","29400","804000","0","0","0","804000","-27100"
"8897","ミラースＨＤ","東証","20230907","日証金","確報","3100","300","73400","0","700","100","73300","3500"
"8898","センチュリー２１","東証","20230907","日証金","確報","0","0","500","0","0","0","500","0"
"8903","サンウッド","東証","20230907","日証金","確報","0","0","14700","0","0","0","14700","0"
"8904","ＡＶＡＮＴＩＡ","名証","20230907","日証金","確報","0","0","0","0","0","0","0","0"
"8904","ＡＶＡＮＴＩＡ","東証","20230907","日証金","確報","1400","0","7600","1100","2600","56900","-49300","2900"
"8905","イオンモール","東証","20230907","日証金","確報","800","300","19000","0","0","100","18900","500"
"8908","毎日コムネット","東証","20230907","日証金","確報","1000","600","16000","0","0","51100","-35100","400"
"8912","エリアクエスト","東証","20230907","日証金","確報","5900","5700","17500","12900","0","17500","0","-12700"
"8914","エリアリンク","東証","20230907","日証金","確報","400","2600","13800","0","2200","13800","0","0"
"8917","ファースト住建","東証","20230907","日証金","確報","0","0","5200","300","0","5700","-500","-300"
"8918","ランド","東証","20230907","日証金","確報","0","0","113000","0","0","0","113000","0"
"8919","カチタス","東証","20230907","日証金","確報","0","600","14100","0","100","1900","12200","-500"
"8920","東祥","名証","20230907","日証金","確報","0","0","0","0","0","0","0","0"
"8920","東祥","東証","20230907","日証金","確報","0","400","5600","0","0","100","5500","-400"
"8923","トーセイ","東証","20230907","日証金","確報","100","0","9100","200","100","800","8300","0"
"8925","アルデプロ","東証","20230907","日証金","確報","0","0","42600","0","0","0","42600","0"
"8927","明豊エンタープライズ","東証","20230907","日証金","確報","0","300","107500","0","0","0","107500","-300"
"8928","穴吹興産","東証","20230907","日証金","確報","0","2200","600","0","0","600","0","-2200"
"8929","青山財産ＮＷ","東証","20230907","日証金","確報","1600","0","18100","0","0","0","18100","1600"
"8931","和田興産","東証","20230907","日証金","確報","1500","4700","7400","0","800","7400","0","-2400"
"8934","サンフロンティア","東証","20230907","日証金","確報","1800","0","6300","0","500","1800","4500","2300"
"8935","ＦＪネクストＨＤ","東証","20230907","日証金","確報","700","800","4400","0","100","4400","0","0"
"8938","グロームＨＤ","東証","20230907","日証金","確報","700","200","185700","0","0","0","185700","500"
"8940","インテリックス","東証","20230907","日証金","確報","1300","0","16100","1300","0","16100","0","0"
"8944","ランドビジネス","東証","20230907","日証金","確報","0","0","3500","0","0","0","3500","0"
"8945","サンネクスタグループ","東証","20230907","日証金","確報","100","0","23700","0","0","0","23700","100"
"8946","ＡＳＩＡＮ　ＳＴＡＲ","東証","20230907","日証金","確報","0","0","46500","0","0","0","46500","0"
"8951","日本ビルファンド投資","東証","20230907","日証金","確報","10","6","41","2","1","67","-26","3"
"8952","ジャパンリアルエステ","東証","20230907","日証金","確報","4","0","25","7","6","195","-170","3"
"8953","都市ファンド","東証","20230907","日証金","確報","0","16","155","0","55","0","155","39"
"8954","オリックス不動産投資","東証","20230907","日証金","確報","0","20","82","15","16","94","-12","-19"
"8955","日本プライムリアル","東証","20230907","日証金","確報","0","1","108","6","0","28","80","-7"
"8956","ＮＴＴ都市開発Ｒ","東証","20230907","日証金","確報","5","15","87","0","0","167","-80","-10"
"8957","東急リアルエステート","東証","20230907","日証金","確報","32","0","92","1","0","366","-274","31"
"8958","グローバルワン不動産","東証","20230907","日証金","確報","0","1","600","10","0","23","577","-11"
"8960","ユナイテッドアーバン","東証","20230907","日証金","確報","0","0","1145","0","0","25","1120","0"
"8961","森トラスト","東証","20230907","日証金","確報","596","0","784","11","0","145","639","585"
"8963","インヴィンシブル投資","東証","20230907","日証金","確報","267","0","2467","281","14","2467","0","0"
"8964","フロンティア不動産","東証","20230907","日証金","確報","0","0","89","0","0","0","89","0"
"8966","平和不動産リート投資","東証","20230907","日証金","確報","1","0","2061","0","0","13","2048","1"
"8967","日本ロジＦ投資","東証","20230907","日証金","確報","0","1","19","13","17","229","-210","3"
"8968","福岡リート投資法人","東証","20230907","日証金","確報","20","10","88","13","1","90","-2","-2"
"8968","福岡リート投資法人","福証","20230907","日証金","確報","0","0","0","0","0","0","0","0"
"8972","ケネディクスオフィス","東証","20230907","日証金","確報","0","10","216","0","5","77","139","-5"
"8975","いちごオフィスリート","東証","20230907","日証金","確報","2","3","404","0","0","13","391","-1"
"8976","大和証券オフィス投資","東証","20230907","日証金","確報","0","0","0","5","1","162","-162","-4"
"8977","Ｒ－阪急阪神","東証","20230907","日証金","確報","0","0","100","3","1","286","-186","-2"
"8979","スターツプロシード","東証","20230907","日証金","確報","0","0","153","0","0","0","153","0"
"8984","大和ハウスリート","東証","20230907","日証金","確報","783","40","1326","5093","144","5233","-3907","-4206"
"8985","ジャパンホテルリート","東証","20230907","日証金","確報","11","0","2373","0","0","0","2373","11"
"8986","大和証券リビング","東証","20230907","日証金","確報","0","24","369","22","0","56","313","-46"
"8987","ジャパンエクセレント","東証","20230907","日証金","確報","0","28","17","22","0","423","-406","-50"
"8995","誠建設工業","東証","20230907","日証金","確報","0","0","0","0","0","0","0","0"
"8996","ハウスフリーダム","東証","20230907","日証金","確報","0","0","2300","0","0","0","2300","0"
"8996","ハウスフリーダム","福証","20230907","日証金","確報","0","0","0","0","0","0","0","0"
"8999","グランディハウス","東証","20230907","日証金","確報","1000","300","10800","800","100","10800","0","0"
"9001","東武鉄道","東証","20230907","日証金","確報","500","8000","1300","19900","3600","59300","-58000","-23800"
"9003","相鉄ホールディングス","東証","20230907","日証金","確報","0","100","6800","800","0","4300","2500","-900"
"9005","東急","東証","20230907","日証金","確報","100","7100","26200","200","0","500","25700","-7200"
"9006","京浜急行電鉄","東証","20230907","日証金","確報","0","2000","47600","0","0","4000","43600","-2000"
"9007","小田急電鉄","東証","20230907","日証金","確報","300","500","12200","0","0","2000","10200","-200"
"9008","京王電鉄","東証","20230907","日証金","確報","200","2000","1200","1900","0","2200","-1000","-3700"
"9009","京成電鉄","東証","20230907","日証金","確報","3700","2000","8800","8400","900","72200","-63400","-5800"
"9010","富士急行","東証","20230907","日証金","確報","0","4000","9100","200","300","15800","-6700","-3900"
"9012","秩父鉄道","東証","20230907","日証金","確報","0","0","100","0","0","0","100","0"
"9017","新潟交通","東証","20230907","日証金","確報","0","0","0","0","0","0","0","0"
"9020","東日本旅客鉄道","東証","20230907","日証金","確報","5100","7000","21000","9500","100","21000","0","-11300"
"9021","西日本旅客鉄道","東証","20230907","日証金","確報","4700","1400","50900","34100","800","50900","0","-30000"
"9022","東海旅客鉄道","名証","20230907","日証金","確報","0","0","0","0","0","0","0","0"
"9022","東海旅客鉄道","東証","20230907","日証金","確報","2400","17400","5100","2500","100","8000","-2900","-17400"
"9024","西武ホールディングス","東証","20230907","日証金","確報","10000","1900","53800","0","0","8900","44900","8100"
"9025","鴻池運輸","東証","20230907","日証金","確報","0","100","2700","500","1600","5600","-2900","1000"
"9027","ロジネット　ジャパン","札証","20230907","日証金","確報","100","0","400","0","0","0","400","100"
"9028","ゼロ","東証","20230907","日証金","確報","0","0","1600","0","0","0","1600","0"
"9029","ヒガシ２１","東証","20230907","日証金","確報","0","0","200","0","0","0","200","0"
"9031","西日本鉄道","東証","20230907","日証金","確報","300","1100","1500","0","300","1500","0","-500"
"9031","西日本鉄道","福証","20230907","日証金","確報","0","0","0","0","0","0","0","0"
"9033","広島電鉄","東証","20230907","日証金","確報","0","0","500","0","0","100","400","0"
"9034","南総通運","東証","20230907","日証金","確報","0","100","1200","0","0","0","1200","-100"
"9035","第一交通産業","福証","20230907","日証金","確報","0","0","0","0","0","0","0","0"
"9036","東部ネットワーク","東証","20230907","日証金","確報","0","0","0","0","0","0","0","0"
"9037","ハマキョウレックス","東証","20230907","日証金","確報","100","0","100","100","100","1300","-1200","100"
"9039","サカイ引越センター","東証","20230907","日証金","確報","100","100","1200","1200","1200","86100","-84900","0"
"9040","大宝運輸","名証","20230907","日証金","確報","0","200","100","0","0","0","100","-200"
"9041","近鉄グループＨＤ","東証","20230907","日証金","確報","200","300","12600","0","0","1500","11100","-100"
"9042","阪急阪神ＨＤ","東証","20230907","日証金","確報","11100","800","19600","10800","500","19600","0","0"
"9044","南海電気鉄道","東証","20230907","日証金","確報","1800","700","7100","1200","100","7100","0","0"
"9045","京阪ホールディングス","東証","20230907","日証金","確報","0","0","1500","100","100","700","800","0"
"9046","神戸電鉄","東証","20230907","日証金","確報","100","100","900","0","0","900","0","0"
"9048","名古屋鉄道","名証","20230907","日証金","確報","0","0","0","0","0","0","0","0"
"9048","名古屋鉄道","東証","20230907","日証金","確報","2600","800","6500","1800","0","6500","0","0"
"9049","京福電気鉄道","東証","20230907","日証金","確報","0","0","0","0","0","0","0","0"
"9051","センコン物流","東証","20230907","日証金","確報","0","0","600","0","0","0","600","0"
"9052","山陽電気鉄道","東証","20230907","日証金","確報","0","0","800","1300","500","3300","-2500","-800"
"9055","アルプス物流","東証","20230907","日証金","確報","0","0","2600","300","0","1500","1100","-300"
"9057","遠州トラック","東証","20230907","日証金","確報","0","0","200","0","0","0","200","0"
"9058","トランコム","名証","20230907","日証金","確報","0","0","0","0","0","0","0","0"
"9058","トランコム","東証","20230907","日証金","確報","0","100","1100","0","100","1100","0","0"
"9059","カンダＨＤ","東証","20230907","日証金","確報","200","200","800","0","0","800","0","0"
"9060","日本ロジテム","東証","20230907","日証金","確報","0","0","200","0","0","0","200","0"
"9063","岡山県貨物運送","東証","20230907","日証金","確報","0","0","0","0","0","0","0","0"
"9064","ヤマトＨＤ","東証","20230907","日証金","確報","47300","700","76600","500","72600","72400","4200","118700"
"9065","山九","東証","20230907","日証金","確報","100","0","6200","100","100","4900","1300","100"
"9065","山九","福証","20230907","日証金","確報","0","0","0","0","0","0","0","0"
"9066","日新","東証","20230907","日証金","確報","0","200","9200","500","0","2000","7200","-700"
"9067","丸運","東証","20230907","日証金","確報","0","600","16900","0","0","0","16900","-600"
"9068","丸全昭和運輸","東証","20230907","日証金","確報","100","0","1800","0","100","200","1600","200"
"9069","センコーグループＨＤ","東証","20230907","日証金","確報","200","100","5800","0","0","300","5500","100"
"9070","トナミＨＤ","東証","20230907","日証金","確報","0","0","700","0","0","700","0","0"
"9072","ニッコンＨＤ","東証","20230907","日証金","確報","0","400","1000","0","0","0","1000","-400"
"9073","京極運輸商事","東証","20230907","日証金","確報","0","0","800","0","0","0","800","0"
"9074","日本石油輸送","東証","20230907","日証金","確報","200","0","600","0","0","100","500","200"
"9075","福山通運","東証","20230907","日証金","確報","0","100","4800","0","100","400","4400","0"
"9076","セイノーＨＤ","名証","20230907","日証金","確報","0","0","0","0","0","0","0","0"
"9076","セイノーＨＤ","東証","20230907","日証金","確報","4700","3800","62300","1300","12300","84300","-22000","11900"
"9078","エスラインＧ本社","名証","20230907","日証金","確報","0","0","0","0","0","0","0","0"
"9078","エスラインＧ本社","東証","20230907","日証金","確報","0","0","1500","0","0","4200","-2700","0"
"9081","神奈川中央交通","東証","20230907","日証金","確報","0","200","300","100","0","700","-400","-300"
"9082","大和自動車交通","東証","20230907","日証金","確報","0","0","3000","0","0","0","3000","0"
"9083","神姫バス","東証","20230907","日証金","確報","0","0","100","0","0","0","100","0"
"9085","北海道中央バス","札証","20230907","日証金","確報","0","0","0","0","0","0","0","0"
"9087","タカセ","東証","20230907","日証金","確報","0","0","800","0","0","0","800","0"
"9090","ＡＺ－ＣＯＭ丸和ＨＤ","東証","20230907","日証金","確報","0","4100","7100","500","200","17400","-10300","-4400"
"9099","Ｃ＆ＦロジＨＤ","東証","20230907","日証金","確報","0","0","1500","0","0","300","1200","0"
"9101","日本郵船","東証","20230907","日証金","確報","7700","28600","551000","13100","238600","545500","5500","204600"
"9104","商船三井","東証","20230907","日証金","確報","47800","2300","359600","77300","241300","849200","-489600","209500"
"9107","川崎汽船","東証","20230907","日証金","確報","500","1700","28200","82300","98500","3530100","-3501900","15000"
"9110","ＮＳユナイテッド海運","東証","20230907","日証金","確報","2200","1500","13700","1000","300","13700","0","0"
"9115","明治海運","東証","20230907","日証金","確報","0","2700","26600","0","0","0","26600","-2700"
"9119","飯野海運","東証","20230907","日証金","確報","600","300","36700","600","0","24700","12000","-300"
"9127","玉井商船","東証","20230907","日証金","確報","5700","0","11300","0","0","0","11300","5700"
"9130","共栄タンカー","東証","20230907","日証金","確報","200","200","17700","0","0","0","17700","0"
"9142","九州旅客鉄道","東証","20230907","日証金","確報","1000","2600","22700","0","0","200","22500","-1600"
"9142","九州旅客鉄道","福証","20230907","日証金","確報","0","0","0","0","0","0","0","0"
"9143","ＳＧホールディングス","東証","20230907","日証金","確報","3600","6200","9800","100","3500","313400","-303600","800"
"9145","ビーイングＨＤ","東証","20230907","日証金","確報","200","0","5000","0","0","1300","3700","200"
"9147","ＮＸＨＤ","東証","20230907","日証金","確報","100","200","3300","0","100","0","3300","0"
"9158","シーユーシー","東証","20230907","日証金","確報","1400","600","14200","0","0","0","14200","800"
"9159","Ｗ　ＴＯＫＹＯ","東証","20230907","日証金","確報","300","100","28300","0","0","0","28300","200"
"9160","ノバレーゼ","東証","20230907","日証金","確報","300","1100","12800","0","0","0","12800","-800"
"9161","ＩＤ＆ＥＨＤ","東証","20230907","日証金","確報","200","400","13000","0","0","100","12900","-200"
"9162","ブリーチ","東証","20230907","日証金","確報","800","1300","42900","0","0","0","42900","-500"
"9163","ナレルグループ","東証","20230907","日証金","確報","0","500","1300","0","0","0","1300","-500"
"9164","トライト","東証","20230907","日証金","確報","300","600","29800","0","0","0","29800","-300"
"9165","クオルテック","東証","20230907","日証金","確報","300","200","5300","0","0","0","5300","100"
"9166","ＧＥＮＤＡ","東証","20230907","日証金","確報","7200","10100","59900","0","0","0","59900","-2900"
"9171","栗林商船","東証","20230907","日証金","確報","100","400","6000","0","0","0","6000","-300"
"9173","東海汽船","東証","20230907","日証金","確報","0","0","0","0","0","0","0","0"
"9193","東京汽船","東証","20230907","日証金","確報","0","0","2300","0","0","0","2300","0"
"9201","ＪＡＬ","東証","20230907","日証金","確報","5600","1700","531800","0","100","0","531800","4000"
"9202","ＡＮＡＨＤ","東証","20230907","日証金","確報","11300","32600","167200","0","97800","90700","76500","76500"
"9204","スカイマーク","東証","20230907","日証金","確報","0","300","59900","0","0","0","59900","-300"
"9206","スターフライヤー","東証","20230907","日証金","確報","0","0","800","0","0","0","800","0"
"9211","エフ・コード","東証","20230907","日証金","確報","200","0","1300","0","0","0","1300","200"
"9212","ＧＥＩ","東証","20230907","日証金","確報","300","800","22100","0","0","0","22100","-500"
"9213","セイファート","東証","20230907","日証金","確報","0","1900","14000","0","0","0","14000","-1900"
"9214","リカバリー","東証","20230907","日証金","確報","0","0","5700","0","0","0","5700","0"
"9215","ＣａＳｙ","東証","20230907","日証金","確報","0","0","1400","0","0","0","1400","0"
"9216","ビーウィズ","東証","20230907","日証金","確報","1500","0","6100","0","800","1500","4600","2300"
"9218","メンタルヘルスＴ","東証","20230907","日証金","確報","1000","300","12800","0","0","0","12800","700"
"9219","ギックス","東証","20230907","日証金","確報","31400","1000","46700","0","800","70100","-23400","31200"
"9220","エフビー介護サービス","東証","20230907","日証金","確報","0","0","800","0","0","0","800","0"
"9221","フルハシＥＰＯ","名証","20230907","日証金","確報","0","0","0","0","0","0","0","0"
"9221","フルハシＥＰＯ","東証","20230907","日証金","確報","0","200","17500","0","0","0","17500","-200"
"9223","ＡＳＮＯＶＡ","名証","20230907","日証金","確報","0","400","6200","0","0","0","6200","-400"
"9225","ブリッジコンサル","東証","20230907","日証金","確報","0","0","4400","0","0","0","4400","0"
"9227","マイクロ波化学","東証","20230907","日証金","確報","1000","3400","102200","0","0","0","102200","-2400"
"9229","サンウェルズ","東証","20230907","日証金","確報","1500","2800","61800","0","200","13000","48800","-1100"
"9232","パスコ","東証","20230907","日証金","確報","0","0","1900","0","0","0","1900","0"
"9233","アジア航測","東証","20230907","日証金","確報","2800","2700","8200","100","0","8200","0","0"
"9240","デリバリコンサル","東証","20230907","日証金","確報","0","1500","1200","0","0","0","1200","-1500"
"9241","ＦＬＮ","東証","20230907","日証金","確報","400","0","1500","0","0","0","1500","400"
"9242","メディア総研","東証","20230907","日証金","確報","0","0","1700","0","0","0","1700","0"
"9242","メディア総研","福証","20230907","日証金","確報","0","0","0","0","0","0","0","0"
"9244","デジタリフト","東証","20230907","日証金","確報","0","0","3000","0","0","0","3000","0"
"9245","リベロ","東証","20230907","日証金","確報","0","0","1200","0","0","0","1200","0"
"9246","プロジェクトＣ","東証","20230907","日証金","確報","400","100","12800","0","0","0","12800","300"
"9247","ＴＲＥＨＤ","東証","20230907","日証金","確報","2800","1600","38300","0","0","100","38200","1200"
"9248","人・夢・技術グループ","東証","20230907","日証金","確報","0","0","3900","0","0","0","3900","0"
"9249","日本エコシステム","名証","20230907","日証金","確報","0","0","0","0","0","0","0","0"
"9249","日本エコシステム","東証","20230907","日証金","確報","0","0","10200","0","0","0","10200","0"
"9250","ＧＲＣＳ","東証","20230907","日証金","確報","0","1000","3900","0","0","0","3900","-1000"
"9251","ＡＢ＆Ｃｏｍｐａｎｙ","東証","20230907","日証金","確報","0","500","7200","0","0","0","7200","-500"
"9252","ラストワンマイル","東証","20230907","日証金","確報","0","700","30900","0","0","0","30900","-700"
"9253","スローガン","東証","20230907","日証金","確報","0","0","1100","0","0","0","1100","0"
"9254","ラバブルマーケ","東証","20230907","日証金","確報","0","200","8800","0","0","0","8800","-200"
"9256","サクシード","東証","20230907","日証金","確報","0","0","1000","0","0","0","1000","0"
"9257","ＹＣＰ","東証","20230907","日証金","確報","0","0","0","0","0","0","0","0"
"9258","ＣＳ－Ｃ","東証","20230907","日証金","確報","200","0","23300","0","0","0","23300","200"
"9259","タカヨシ","東証","20230907","日証金","確報","0","0","300","0","0","0","300","0"
"9260","Ｗｉｓｍｅｔｔａｃ","東証","20230907","日証金","確報","1100","100","1900","0","200","700","1200","1200"
"9262","シルバーライフ","東証","20230907","日証金","確報","5500","4900","27300","600","0","27300","0","0"
"9263","ビジョナリーＨＤ","東証","20230907","日証金","確報","330900","200","345400","0","0","0","345400","330700"
"9264","ポエック","東証","20230907","日証金","確報","11300","800","35200","0","0","0","35200","10500"
"9265","ヤマシタヘルスケア","東証","20230907","日証金","確報","0","0","0","0","0","0","0","0"
"9267","ゲンキードラッグ","東証","20230907","日証金","確報","100","0","900","0","3200","40700","-39800","3300"
"9268","オプティマス","東証","20230907","日証金","確報","300","600","6300","0","0","0","6300","-300"
"9270","バリュエンスＨＤ","東証","20230907","日証金","確報","400","900","23600","500","0","1800","21800","-1000"
"9272","ブティックス","東証","20230907","日証金","確報","0","300","2400","0","0","0","2400","-300"
"9273","コーア商事ＨＤ","東証","20230907","日証金","確報","2300","0","11300","400","0","600","10700","1900"
"9274","ＫＰＰグループＨＤ","東証","20230907","日証金","確報","2000","6100","66200","0","0","0","66200","-4100"
"9275","ナルミヤ","東証","20230907","日証金","確報","0","200","2800","0","0","0","2800","-200"
"9278","ブックオフＧＨＤ","東証","20230907","日証金","確報","800","800","16000","0","0","16000","0","0"
"9279","ギフトＨＤ","東証","20230907","日証金","確報","2000","100","16100","700","1600","8600","7500","2800"
"9282","いちごグリーン","東証","20230907","日証金","確報","0","0","31","0","0","0","31","0"
"9284","カナディアンソラ","東証","20230907","日証金","確報","4","0","55","0","0","0","55","4"
"9285","東京インフラＦ","東証","20230907","日証金","確報","6","0","43","0","0","0","43","6"
"9286","エネクスインフラ","東証","20230907","日証金","確報","10","24","1310","0","0","0","1310","-14"
"9287","ＪＩＦ","東証","20230907","日証金","確報","1","3","7194","0","0","0","7194","-2"
"9301","三菱倉庫","東証","20230907","日証金","確報","900","300","2500","700","100","2500","0","0"
"9302","三井倉庫ＨＤ","東証","20230907","日証金","確報","100","0","3100","100","0","2800","300","0"
"9303","住友倉庫","東証","20230907","日証金","確報","1400","1300","8100","100","0","8100","0","0"
"9304","澁澤倉庫","東証","20230907","日証金","確報","0","200","2900","100","100","3200","-300","-200"
"9305","ヤマタネ","東証","20230907","日証金","確報","0","0","26700","400","300","3100","23600","-100"
"9306","東陽倉庫","名証","20230907","日証金","確報","0","0","0","0","0","0","0","0"
"9306","東陽倉庫","東証","20230907","日証金","確報","0","0","32700","200","0","1500","31200","-200"
"9307","杉村倉庫","東証","20230907","日証金","確報","1000","0","13600","0","0","0","13600","1000"
"9308","乾汽船","東証","20230907","日証金","確報","6900","2400","207300","0","0","207300","0","4500"
"9310","日本トランスシティ","名証","20230907","日証金","確報","0","0","0","0","0","0","0","0"
"9310","日本トランスシティ","東証","20230907","日証金","確報","5300","2000","6400","0","0","6400","0","3300"
"9311","アサガミ","東証","20230907","日証金","確報","0","0","100","0","0","0","100","0"
"9312","ケイヒン","東証","20230907","日証金","確報","100","0","2900","100","0","600","2300","0"
"9313","丸八倉庫","東証","20230907","日証金","確報","0","0","700","0","0","0","700","0"
"9319","中央倉庫","東証","20230907","日証金","確報","100","0","1600","0","100","300","1300","200"
"9322","川西倉庫","東証","20230907","日証金","確報","0","0","300","0","0","0","300","0"
"9324","安田倉庫","東証","20230907","日証金","確報","300","200","2200","0","0","100","2100","100"
"9325","ファイズＨＤ","東証","20230907","日証金","確報","0","100","7500","0","0","0","7500","-100"
"9326","関通","東証","20230907","日証金","確報","0","100","2700","0","0","0","2700","-100"
"9327","イー・ロジット","東証","20230907","日証金","確報","0","100","1300","0","0","0","1300","-100"
"9336","大栄環境","東証","20230907","日証金","確報","100","0","10900","100","200","3700","7200","200"
"9337","トリドリ","東証","20230907","日証金","確報","500","300","6500","0","0","0","6500","200"
"9338","ＩＮＦＯＲＩＣＨ","東証","20230907","日証金","確報","8900","0","39000","0","0","0","39000","8900"
"9339","コーチ・エィ","東証","20230907","日証金","確報","0","0","4200","0","0","0","4200","0"
"9340","アソインター","東証","20230907","日証金","確報","0","300","3300","0","0","0","3300","-300"
"9341","ＧＥＮＯＶＡ","東証","20230907","日証金","確報","200","4000","36100","0","0","0","36100","-3800"
"9342","スマサポ","東証","20230907","日証金","確報","500","1000","12400","0","0","0","12400","-500"
"9343","アイビス","東証","20230907","日証金","確報","400","0","21800","0","0","0","21800","400"
"9344","アクシスＣ","東証","20230907","日証金","確報","600","0","14700","0","0","0","14700","600"
"9345","ビズメイツ","東証","20230907","日証金","確報","1000","0","7200","0","0","0","7200","1000"
"9346","ココルポート","東証","20230907","日証金","確報","500","200","38800","0","0","0","38800","300"
"9347","日本管財ＨＤ","東証","20230907","日証金","確報","0","0","700","1200","100","4200","-3500","-1100"
"9348","ｉｓｐａｃｅ","東証","20230907","日証金","確報","0","600","87500","0","0","0","87500","-600"
"9351","東洋埠頭","東証","20230907","日証金","確報","100","400","2500","0","0","700","1800","-300"
"9353","櫻島埠頭","東証","20230907","日証金","確報","0","0","1300","0","0","0","1300","0"
"9355","リンコーコーポ","東証","20230907","日証金","確報","0","100","300","0","0","0","300","-100"
"9357","名港海運","名証","20230907","日証金","確報","500","0","1000","0","0","0","1000","500"
"9359","伊勢湾海運","名証","20230907","日証金","確報","0","3000","16700","0","0","0","16700","-3000"
"9360","鈴与シンワート","東証","20230907","日証金","確報","0","0","4900","0","0","0","4900","0"
"9361","伏木海陸運送","東証","20230907","日証金","確報","0","0","1200","0","0","0","1200","0"
"9362","兵機海運","東証","20230907","日証金","確報","0","0","1300","0","0","0","1300","0"
"9363","大運","東証","20230907","日証金","確報","100","1600","15400","0","0","0","15400","-1500"
"9364","上組","東証","20230907","日証金","確報","4100","200","6100","200","9600","1000","5100","13300"
"9365","トレーディア","東証","20230907","日証金","確報","0","0","200","0","0","0","200","0"
"9366","サンリツ","東証","20230907","日証金","確報","0","0","5000","0","0","600","4400","0"
"9367","大東港運","東証","20230907","日証金","確報","0","0","300","0","0","0","300","0"
"9368","キムラユニティー","名証","20230907","日証金","確報","0","0","0","0","0","0","0","0"
"9368","キムラユニティー","東証","20230907","日証金","確報","0","0","6300","0","600","7600","-1300","600"
"9369","キユーソー流通Ｓ","東証","20230907","日証金","確報","0","400","8400","0","0","400","8000","-400"
"9376","ユーラシア旅行社","東証","20230907","日証金","確報","0","0","500","0","0","0","500","0"
"9377","エージーピー","東証","20230907","日証金","確報","0","400","5800","0","0","0","5800","-400"
"9380","東海運","東証","20230907","日証金","確報","0","300","5000","0","0","1600","3400","-300"
"9381","エーアイテイー","東証","20230907","日証金","確報","700","100","3800","0","0","0","3800","600"
"9384","内外トランスライン","東証","20230907","日証金","確報","100","300","600","0","200","600","0","0"
"9385","ショーエイコーポ","東証","20230907","日証金","確報","100","100","30300","0","0","30500","-200","0"
"9386","日本コンセプト","東証","20230907","日証金","確報","0","200","2900","0","0","0","2900","-200"
"9399","ビート","東証","20230907","日証金","確報","0","0","0","0","0","0","0","0"
"9401","ＴＢＳＨＤ","東証","20230907","日証金","確報","1200","100","34600","0","1000","51000","-16400","2100"
"9402","中部日本放送","名証","20230907","日証金","確報","300","100","6100","0","0","0","6100","200"
"9404","日本テレビＨＤ","東証","20230907","日証金","確報","0","500","8300","0","1200","5000","3300","700"
"9405","朝日放送グループＨＤ","東証","20230907","日証金","確報","0","0","5900","0","300","1500","4400","300"
"9407","ＲＫＢ毎日ＨＤ","福証","20230907","日証金","確報","0","0","600","0","0","0","600","0"
"9408","ＢＳＮメディアＨＤ","東証","20230907","日証金","確報","0","0","0","0","0","0","0","0"
"9409","テレビ朝日ＨＤ","東証","20230907","日証金","確報","5800","5600","18000","200","0","18000","0","0"
"9412","スカパーＪＳＡＴＨＤ","東証","20230907","日証金","確報","800","7200","242100","5000","17000","7000","235100","5600"
"9413","テレ東ＨＤ","東証","20230907","日証金","確報","100","0","1200","500","1000","7100","-5900","600"
"9414","日本ＢＳ放送","東証","20230907","日証金","確報","100","0","7500","0","0","600","6900","100"
"9416","ビジョン","東証","20230907","日証金","確報","7900","0","21800","0","0","2500","19300","7900"
"9417","スマートバリュー","東証","20230907","日証金","確報","500","0","4600","100","0","4000","600","400"
"9418","ＵＳＥＮ　ＮＥＸＴ","東証","20230907","日証金","確報","100","0","7700","100","500","6500","1200","500"
"9419","ワイヤレスゲート","東証","20230907","日証金","確報","0","7100","14700","0","100","6400","8300","-7000"
"9421","エヌジェイＨＤ","東証","20230907","日証金","確報","0","0","4100","0","0","0","4100","0"
"9423","フォーバルＲＳ","東証","20230907","日証金","確報","0","2000","6600","0","0","0","6600","-2000"
"9424","日本通信","東証","20230907","日証金","確報","9000","2700","766200","0","0","0","766200","6300"
"9425","日本テレホン","東証","20230907","日証金","確報","1900","16000","33300","0","0","0","33300","-14100"
"9428","クロップス","名証","20230907","日証金","確報","0","0","0","0","0","0","0","0"
"9428","クロップス","東証","20230907","日証金","確報","0","0","20300","0","300","25000","-4700","300"
"9432","日本電信電話","東証","20230907","日証金","確報","966500","470300","5295200","224300","0","1332900","3962300","271900"
"9433","ＫＤＤＩ","東証","20230907","日証金","確報","100","28200","37300","3100","0","3100","34200","-31200"
"9434","ソフトバンク","東証","20230907","日証金","確報","3700","9400","39300","2900","0","8500","30800","-8600"
"9435","光通信","東証","20230907","日証金","確報","0","100","800","100","1400","7200","-6400","1200"
"9436","沖縄セルラー電話","東証","20230907","日証金","確報","0","200","1000","0","300","200","800","100"
"9438","エムティーアイ","東証","20230907","日証金","確報","100","0","6700","100","0","6700","0","0"
"9439","ＭＨグループ","東証","20230907","日証金","確報","0","0","43900","0","0","0","43900","0"
"9441","ベルパーク","東証","20230907","日証金","確報","0","0","800","0","0","800","0","0"
"9444","トーシンＨＤ","東証","20230907","日証金","確報","0","0","1400","0","0","0","1400","0"
"9445","フォーバルテレコム","東証","20230907","日証金","確報","0","0","2400","0","0","0","2400","0"
"9446","サカイＨＤ","東証","20230907","日証金","確報","0","500","1700","0","0","0","1700","-500"
"9449","ＧＭＯ","東証","20230907","日証金","確報","3100","1400","71900","100","100","700","71200","1700"
"9450","ファイバーゲート","札証","20230907","日証金","確報","0","0","0","0","0","0","0","0"
"9450","ファイバーゲート","東証","20230907","日証金","確報","7800","5100","17200","4200","600","17200","0","-900"
"9466","アイドマＭＣ","東証","20230907","日証金","確報","100","0","3000","0","0","1500","1500","100"
"9467","アルファポリス","東証","20230907","日証金","確報","0","200","8300","0","0","1100","7200","-200"
"9468","ＫＡＤＯＫＡＷＡ","東証","20230907","日証金","確報","700","5100","10700","300","5500","9900","800","800"
"9470","学研ホールディングス","東証","20230907","日証金","確報","600","600","8900","0","0","8900","0","0"
"9471","文溪堂","名証","20230907","日証金","確報","0","0","700","0","0","0","700","0"
"9474","ゼンリン","東証","20230907","日証金","確報","500","0","1000","200","300","7700","-6700","600"
"9474","ゼンリン","福証","20230907","日証金","確報","0","0","0","0","0","0","0","0"
"9475","昭文社ＨＤ","東証","20230907","日証金","確報","0","700","700","0","0","100","600","-700"
"9476","中央経済社ＨＤ","東証","20230907","日証金","確報","0","0","300","0","0","0","300","0"
"9478","ＳＥＨＤ＆Ｉ","東証","20230907","日証金","確報","1100","500","81800","0","0","0","81800","600"
"9479","インプレスＨＤ","東証","20230907","日証金","確報","0","0","13700","0","0","3900","9800","0"
"9501","東京電力ＨＤ","東証","20230907","日証金","確報","126900","68700","4858500","2000","126700","4416600","441900","182900"
"9502","中部電力","名証","20230907","日証金","確報","0","0","0","0","0","0","0","0"
"9502","中部電力","東証","20230907","日証金","確報","4600","3200","17900","8400","6800","18100","-200","-200"
"9503","関西電力","東証","20230907","日証金","確報","3500","33100","240500","9900","3200","311400","-70900","-36300"
"9504","中国電力","東証","20230907","日証金","確報","400","2300","67400","0","0","1100","66300","-1900"
"9505","北陸電力","東証","20230907","日証金","確報","0","4700","119000","800","0","14200","104800","-5500"
"9506","東北電力","東証","20230907","日証金","確報","28700","20000","213100","10300","41500","155300","57800","39900"
"9507","四国電力","東証","20230907","日証金","確報","1000","1000","18400","400","100","9400","9000","-300"
"9508","九州電力","東証","20230907","日証金","確報","200","7500","87800","0","1000","12000","75800","-6300"
"9508","九州電力","福証","20230907","日証金","確報","0","0","0","0","0","0","0","0"
"9509","北海道電力","札証","20230907","日証金","確報","0","0","0","0","0","0","0","0"
"9509","北海道電力","東証","20230907","日証金","確報","1300","100","181800","0","100","90500","91300","1300"
"9511","沖縄電力","東証","20230907","日証金","確報","100","800","25900","0","0","0","25900","-700"
"9511","沖縄電力","福証","20230907","日証金","確報","0","0","0","0","0","0","0","0"
"9513","電源開発","東証","20230907","日証金","確報","3300","3200","58900","0","0","4700","54200","100"
"9514","エフオン","東証","20230907","日証金","確報","1900","3400","22300","0","0","0","22300","-1500"
"9517","イーレックス","東証","20230907","日証金","確報","7100","1000","91300","0","0","5100","86200","6100"
"9519","レノバ","東証","20230907","日証金","確報","10000","3000","136400","1600","4500","3100","133300","9900"
"9522","リニューアブルＪ","東証","20230907","日証金","確報","5700","86100","210500","0","0","0","210500","-80400"
"9531","東京瓦斯","名証","20230907","日証金","確報","0","0","0","0","0","0","0","0"
"9531","東京瓦斯","東証","20230907","日証金","確報","0","14800","111300","3600","2800","132500","-21200","-15600"
"9532","大阪瓦斯","東証","20230907","日証金","確報","19300","3800","54300","16300","800","54300","0","0"
"9533","東邦瓦斯","名証","20230907","日証金","確報","0","0","0","0","0","0","0","0"
"9533","東邦瓦斯","東証","20230907","日証金","確報","0","900","16900","0","2600","0","16900","1700"
"9534","北海道瓦斯","札証","20230907","日証金","確報","0","0","0","0","0","0","0","0"
"9534","北海道瓦斯","東証","20230907","日証金","確報","0","0","7300","0","0","500","6800","0"
"9535","広島ガス","東証","20230907","日証金","確報","0","200","3700","0","200","3700","0","0"
"9536","西部ガスＨＤ","東証","20230907","日証金","確報","300","800","600","0","0","600","0","-500"
"9536","西部ガスＨＤ","福証","20230907","日証金","確報","0","0","0","0","0","0","0","0"
"9537","北陸瓦斯","東証","20230907","日証金","確報","0","0","700","0","0","0","700","0"
"9539","京葉瓦斯","東証","20230907","日証金","確報","0","0","101400","0","0","0","101400","0"
"9543","静岡ガス","東証","20230907","日証金","確報","200","0","21400","0","0","0","21400","200"
"9551","メタウォーター","東証","20230907","日証金","確報","300","0","3300","0","0","700","2600","300"
"9552","Ｍ＆Ａ総研ＨＤ","東証","20230907","日証金","確報","5900","1000","103300","0","0","0","103300","4900"
"9553","マイクロアド","東証","20230907","日証金","確報","800","42300","490500","0","0","532000","-41500","-41500"
"9554","ＡＶｉＣ","東証","20230907","日証金","確報","0","400","4200","0","0","0","4200","-400"
"9556","ＩＮＴＬＯＯＰ","東証","20230907","日証金","確報","0","300","9200","0","0","0","9200","-300"
"9557","エアークローゼット","東証","20230907","日証金","確報","0","500","17800","0","0","0","17800","-500"
"9558","ジャパニアス","東証","20230907","日証金","確報","0","0","2900","0","0","0","2900","0"
"9560","プログリット","東証","20230907","日証金","確報","3000","400","53100","0","0","0","53100","2600"
"9561","グラッドキューブ","東証","20230907","日証金","確報","400","2700","11600","0","0","0","11600","-2300"
"9562","ビジネスコーチ","東証","20230907","日証金","確報","100","0","2100","0","0","0","2100","100"
"9563","Ａｔｌａｓ","東証","20230907","日証金","確報","800","600","40800","0","0","0","40800","200"
"9564","ＦＣＥ","東証","20230907","日証金","確報","0","300","6700","0","0","0","6700","-300"
"9565","ウェルプレイドＲ","東証","20230907","日証金","確報","0","500","13300","0","0","0","13300","-500"
"9600","アイネット","東証","20230907","日証金","確報","0","100","2200","0","0","800","1400","-100"
"9601","松竹","札証","20230907","日証金","確報","0","0","0","0","0","0","0","0"
"9601","松竹","東証","20230907","日証金","確報","0","100","1800","0","100","1800","0","0"
"9601","松竹","福証","20230907","日証金","確報","0","0","0","0","0","0","0","0"
"9602","東宝","東証","20230907","日証金","確報","1100","1200","9700","1000","600","10500","-800","-500"
"9602","東宝","福証","20230907","日証金","確報","0","0","0","0","0","0","0","0"
"9603","エイチ・アイ・エス","東証","20230907","日証金","確報","129000","129000","513500","0","0","513500","0","0"
"9605","東映","東証","20230907","日証金","確報","0","2700","500","3900","0","7200","-6700","-6600"
"9610","ウィルソン・ラーニン","東証","20230907","日証金","確報","1200","100","138400","0","0","0","138400","1100"
"9612","ラックランド","東証","20230907","日証金","確報","0","400","2700","0","0","0","2700","-400"
"9613","ＮＴＴデータグループ","東証","20230907","日証金","確報","0","800","40500","100","0","100","40400","-900"
"9616","共立メンテナンス","東証","20230907","日証金","確報","1800","5800","8500","0","1500","11000","-2500","-2500"
"9619","イチネンＨＤ","東証","20230907","日証金","確報","0","0","500","0","0","200","300","0"
"9621","建設技術研究所","東証","20230907","日証金","確報","300","700","3800","300","700","3800","0","0"
"9622","スペース","東証","20230907","日証金","確報","500","0","6200","1200","0","2800","3400","-700"
"9625","セレスポ","東証","20230907","日証金","確報","0","0","4700","0","0","0","4700","0"
"9627","アインＨＤ","札証","20230907","日証金","確報","0","0","0","0","0","0","0","0"
"9627","アインＨＤ","東証","20230907","日証金","確報","2000","800","16400","0","1300","0","16400","2500"
"9628","燦ホールディングス","東証","20230907","日証金","確報","0","100","1700","0","0","0","1700","-100"
"9629","ピー・シー・エー","東証","20230907","日証金","確報","0","0","1700","0","0","0","1700","0"
"9632","スバル興業","東証","20230907","日証金","確報","100","0","100","0","0","0","100","100"
"9633","東京テアトル","東証","20230907","日証金","確報","0","0","3600","0","200","500","3100","200"
"9635","武蔵野興業","東証","20230907","日証金","確報","0","0","0","0","0","0","0","0"
"9636","きんえい","東証","20230907","日証金","確報","100","0","200","0","0","0","200","100"
"9637","オーエス","東証","20230907","日証金","確報","0","0","200","0","0","0","200","0"
"9639","三協フロンテア","東証","20230907","日証金","確報","0","0","800","0","0","0","800","0"
"9640","セゾン情報システムズ","東証","20230907","日証金","確報","0","200","1500","0","0","0","1500","-200"
"9643","中日本興業","名証","20230907","日証金","確報","0","0","0","0","0","0","0","0"
"9644","タナベコンサルＧ","東証","20230907","日証金","確報","0","0","400","0","0","0","400","0"
"9647","協和コンサルタンツ","東証","20230907","日証金","確報","200","0","3100","0","0","0","3100","200"
"9651","日本プロセス","東証","20230907","日証金","確報","0","600","3700","0","100","700","3000","-500"
"9656","グリーンランドリゾー","東証","20230907","日証金","確報","100","0","2700","0","0","0","2700","100"
"9656","グリーンランドリゾー","福証","20230907","日証金","確報","0","0","0","0","0","0","0","0"
"9658","ビジネス太田昭和","東証","20230907","日証金","確報","0","0","2300","0","0","0","2300","0"
"9661","歌舞伎座","東証","20230907","日証金","確報","0","0","0","0","0","0","0","0"
"9663","ナガワ","東証","20230907","日証金","確報","0","0","700","100","600","14900","-14200","500"
"9664","御園座","名証","20230907","日証金","確報","0","100","200","0","0","0","200","-100"
"9672","東京都競馬","東証","20230907","日証金","確報","0","400","6700","0","0","300","6400","-400"
"9675","常磐興産","東証","20230907","日証金","確報","0","1000","15200","700","100","16800","-1600","-1600"
"9678","カナモト","札証","20230907","日証金","確報","0","0","0","0","0","0","0","0"
"9678","カナモト","東証","20230907","日証金","確報","1700","1000","10500","2300","1600","10500","0","0"
"9679","ホウライ","東証","20230907","日証金","確報","0","0","500","0","0","0","500","0"
"9682","ＤＴＳ","東証","20230907","日証金","確報","0","0","1000","0","100","100","900","100"
"9684","スクエニＨＤ","東証","20230907","日証金","確報","2400","200","48200","0","7700","4900","43300","9900"
"9685","ＫＹＣＯＭＨＤ","東証","20230907","日証金","確報","0","0","400","0","0","0","400","0"
"9686","東洋テック","東証","20230907","日証金","確報","0","100","3900","0","0","0","3900","-100"
"9687","ＫＳＫ","東証","20230907","日証金","確報","0","0","0","0","0","0","0","0"
"9691","両毛システムズ","東証","20230907","日証金","確報","0","0","3600","0","0","0","3600","0"
"9692","シーイーシー","東証","20230907","日証金","確報","0","300","8300","0","0","0","8300","-300"
"9696","ウィザス","東証","20230907","日証金","確報","1500","100","207900","0","0","0","207900","1400"
"9697","カプコン","東証","20230907","日証金","確報","400","1900","21900","200","700","4800","17100","-1000"
"9698","クレオ","東証","20230907","日証金","確報","0","0","11200","0","0","0","11200","0"
"9699","ニシオＨＤ","東証","20230907","日証金","確報","0","200","2500","0","1700","800","1700","1500"
"9701","東京會舘","東証","20230907","日証金","確報","0","0","200","0","0","0","200","0"
"9702","アイ・エス・ビー","東証","20230907","日証金","確報","0","0","3800","0","0","0","3800","0"
"9704","アゴーラＨＧ","東証","20230907","日証金","確報","300","1700","264800","0","0","0","264800","-1400"
"9706","日本空港ビルデング","東証","20230907","日証金","確報","500","3000","8100","0","0","200","7900","-2500"
"9708","帝国ホテル","東証","20230907","日証金","確報","0","0","4200","0","0","0","4200","0"
"9709","ＮＣＳ＆Ａ","東証","20230907","日証金","確報","0","0","1000","0","0","0","1000","0"
"9713","ロイヤルホテル","東証","20230907","日証金","確報","0","0","10000","0","0","0","10000","0"
"9715","トランス・コスモス","東証","20230907","日証金","確報","0","100","2500","0","0","0","2500","-100"
"9716","乃村工藝社","東証","20230907","日証金","確報","7000","600","22300","0","700","0","22300","7100"
"9717","ジャステック","東証","20230907","日証金","確報","100","0","2600","0","0","600","2000","100"
"9719","ＳＣＳＫ","東証","20230907","日証金","確報","100","900","8700","800","500","9800","-1100","-1100"
"9720","ホテルニューグランド","東証","20230907","日証金","確報","0","0","500","0","0","0","500","0"
"9722","藤田観光","東証","20230907","日証金","確報","0","0","8800","100","1200","42100","-33300","1100"
"9723","京都ホテル","東証","20230907","日証金","確報","100","0","12200","0","0","0","12200","100"
"9726","ＫＮＴ－ＣＴＨＤ","東証","20230907","日証金","確報","500","0","15100","0","0","0","15100","500"
"9729","トーカイ","東証","20230907","日証金","確報","0","0","800","0","0","800","0","0"
"9731","白洋舎","東証","20230907","日証金","確報","0","0","3000","0","0","0","3000","0"
"9733","ナガセ","東証","20230907","日証金","確報","200","0","600","0","0","0","600","200"
"9735","セコム","東証","20230907","日証金","確報","600","700","4100","600","500","18600","-14500","-200"
"9739","ＮＳＷ","東証","20230907","日証金","確報","0","200","500","0","0","0","500","-200"
"9740","セントラル警備保障","東証","20230907","日証金","確報","0","0","600","100","0","200","400","-100"
"9742","アイネス","東証","20230907","日証金","確報","0","400","3200","0","0","2000","1200","-400"
"9743","丹青社","東証","20230907","日証金","確報","15700","3900","22900","3100","3000","3100","19800","11700"
"9744","メイテック","東証","20230907","日証金","確報","0","400","1700","200","800","1500","200","200"
"9746","ＴＫＣ","東証","20230907","日証金","確報","300","1800","2100","0","3200","400","1700","1700"
"9749","富士ソフト","東証","20230907","日証金","確報","600","100","5200","0","300","5900","-700","800"
"9753","アイエックスナレッジ","東証","20230907","日証金","確報","0","0","10300","0","0","0","10300","0"
"9755","応用地質","東証","20230907","日証金","確報","1200","1800","4400","100","600","6900","-2500","-100"
"9757","船井総研ＨＤ","東証","20230907","日証金","確報","0","3900","1100","0","3900","1100","0","0"
"9759","ＮＳＤ","東証","20230907","日証金","確報","10600","2400","60900","71300","6200","1585500","-1524600","-56900"
"9760","進学会ＨＤ","東証","20230907","日証金","確報","0","700","64400","0","0","65400","-1000","-700"
"9761","東海リース","東証","20230907","日証金","確報","500","0","1100","0","0","0","1100","500"
"9763","丸紅建材リース","東証","20230907","日証金","確報","0","0","3500","0","0","300","3200","0"
"9765","オオバ","東証","20230907","日証金","確報","0","1800","7900","600","2400","7900","0","0"
"9766","コナミグループ","東証","20230907","日証金","確報","300","400","5800","7500","1000","49300","-43500","-6600"
"9767","日建工学","東証","20230907","日証金","確報","700","0","64300","0","0","0","64300","700"
"9768","いであ","東証","20230907","日証金","確報","0","0","500","0","0","0","500","0"
"9769","学究社","東証","20230907","日証金","確報","0","100","1300","0","0","0","1300","-100"
"9776","札幌臨床検査センター","札証","20230907","日証金","確報","0","0","0","0","0","0","0","0"
"9776","札幌臨床検査センター","東証","20230907","日証金","確報","0","0","100","0","0","0","100","0"
"9778","昴","東証","20230907","日証金","確報","0","0","0","0","0","0","0","0"
"9780","ハリマビステム","東証","20230907","日証金","確報","0","0","300","0","0","0","300","0"
"9782","ディーエムエス","東証","20230907","日証金","確報","0","100","7100","0","0","0","7100","-100"
"9783","ベネッセＨＤ","東証","20230907","日証金","確報","200","1400","11100","0","0","0","11100","-1200"
"9787","イオンディライト","東証","20230907","日証金","確報","0","0","900","600","100","11700","-10800","-500"
"9788","ナック","東証","20230907","日証金","確報","100","400","2300","0","300","2300","0","0"
"9790","福井コンピュータＨＤ","東証","20230907","日証金","確報","0","0","700","0","0","0","700","0"
"9791","ビケンテクノ","東証","20230907","日証金","確報","0","0","10600","0","0","0","10600","0"
"9793","ダイセキ","名証","20230907","日証金","確報","0","0","0","0","0","0","0","0"
"9793","ダイセキ","東証","20230907","日証金","確報","2900","0","5000","0","400","700","4300","3300"
"9795","ステップ","東証","20230907","日証金","確報","0","0","500","0","0","0","500","0"
"9799","旭情報サービス","東証","20230907","日証金","確報","0","0","900","0","0","0","900","0"
"9812","テーオーＨＤ","東証","20230907","日証金","確報","200","400","13500","0","0","0","13500","-200"
"9816","ストライダーズ","東証","20230907","日証金","確報","0","0","11100","0","0","0","11100","0"
"9818","大丸エナウィン","東証","20230907","日証金","確報","0","0","300","0","0","0","300","0"
"9820","エムティジェネックス","東証","20230907","日証金","確報","0","0","200","0","0","0","200","0"
"9823","マミーマート","東証","20230907","日証金","確報","0","0","0","0","0","0","0","0"
"9824","泉州電業","東証","20230907","日証金","確報","200","100","2200","0","100","1700","500","200"
"9827","リリカラ","東証","20230907","日証金","確報","0","800","23400","0","0","0","23400","-800"
"9828","元気寿司","東証","20230907","日証金","確報","1500","1700","5700","2800","100","20100","-14400","-2900"
"9830","トラスコ中山","東証","20230907","日証金","確報","1100","300","3200","500","0","1400","1800","300"
"9831","ヤマダＨＤ","東証","20230907","日証金","確報","7000","4600","45000","400","0","6700","38300","2000"
"9832","オートバックスセブン","東証","20230907","日証金","確報","4800","1800","9700","300","0","7000","2700","2700"
"9835","ジュンテンドー","東証","20230907","日証金","確報","0","0","2600","0","0","700","1900","0"
"9837","モリト","東証","20230907","日証金","確報","200","200","7600","0","800","2000","5600","800"
"9842","アークランズ","東証","20230907","日証金","確報","1000","800","22100","0","0","0","22100","200"
"9843","ニトリＨＤ","札証","20230907","日証金","確報","0","0","0","0","0","0","0","0"
"9843","ニトリＨＤ","東証","20230907","日証金","確報","5400","2100","18900","0","700","600","18300","4000"
"9845","パーカーコーポ","東証","20230907","日証金","確報","300","0","7400","0","0","0","7400","300"
"9846","天満屋ストア","東証","20230907","日証金","確報","0","0","0","0","0","0","0","0"
"9849","共同紙販ＨＤ","東証","20230907","日証金","確報","0","0","0","0","0","0","0","0"
"9850","グルメ杵屋","東証","20230907","日証金","確報","1000","1600","8800","700","100","27200","-18400","-1200"
"9852","ＣＢグループＭ","東証","20230907","日証金","確報","0","0","1000","0","0","0","1000","0"
"9853","銀座ルノアール","東証","20230907","日証金","確報","0","0","700","0","0","0","700","0"
"9854","愛眼","東証","20230907","日証金","確報","0","0","9200","0","0","5500","3700","0"
"9856","ケーユーＨＤ","東証","20230907","日証金","確報","0","100","1300","0","600","100","1200","500"
"9857","英和","東証","20230907","日証金","確報","0","0","1400","0","0","0","1400","0"
"9861","吉野家ＨＤ","東証","20230907","日証金","確報","0","0","3300","6400","1800","127400","-124100","-4600"
"9867","ソレキア","東証","20230907","日証金","確報","0","300","1300","0","0","0","1300","-300"
"9869","加藤産業","東証","20230907","日証金","確報","0","0","800","200","0","1100","-300","-200"
"9872","北恵","東証","20230907","日証金","確報","0","0","3500","0","0","300","3200","0"
"9873","日本ＫＦＣＨＤ","東証","20230907","日証金","確報","500","300","2000","500","200","12400","-10400","-100"
"9876","コックス","東証","20230907","日証金","確報","0","2000","4500","0","0","0","4500","-2000"
"9878","セキド","東証","20230907","日証金","確報","300","0","8500","0","0","0","8500","300"
"9880","イノテック","東証","20230907","日証金","確報","0","500","4600","0","0","0","4600","-500"
"9882","イエローハット","東証","20230907","日証金","確報","0","400","8000","0","0","400","7600","-400"
"9885","シャルレ","東証","20230907","日証金","確報","200","0","5100","100","0","300","4800","100"
"9887","松屋フーズＨＤ","東証","20230907","日証金","確報","100","100","1700","100","500","2300","-600","400"
"9888","ＵＥＸ","東証","20230907","日証金","確報","0","300","14100","0","0","0","14100","-300"
"9889","ＪＢＣＣＨＤ","東証","20230907","日証金","確報","400","400","2500","0","0","2500","0","0"
"9890","マキヤ","東証","20230907","日証金","確報","0","0","100","0","0","0","100","0"
"9895","コンセック","東証","20230907","日証金","確報","0","0","1000","0","0","0","1000","0"
"9896","ＪＫホールディングス","東証","20230907","日証金","確報","0","0","3600","0","0","0","3600","0"
"9900","サガミＨＤ","名証","20230907","日証金","確報","0","0","0","0","0","0","0","0"
"9900","サガミＨＤ","東証","20230907","日証金","確報","2300","1000","5400","1100","5900","29100","-23700","6100"
"9902","日伝","東証","20230907","日証金","確報","0","0","1900","0","0","15700","-13800","0"
"9903","カンセキ","東証","20230907","日証金","確報","200","300","200","0","0","200","0","-100"
"9904","ベリテ","東証","20230907","日証金","確報","0","0","1600","0","0","0","1600","0"
"9906","藤井産業","東証","20230907","日証金","確報","0","100","7100","0","0","0","7100","-100"
"9908","日本電計","東証","20230907","日証金","確報","0","0","3100","0","0","0","3100","0"
"9913","日邦産業","名証","20230907","日証金","確報","0","0","0","0","0","0","0","0"
"9913","日邦産業","東証","20230907","日証金","確報","0","0","19000","0","0","18700","300","0"
"9914","植松商会","東証","20230907","日証金","確報","0","0","900","0","0","0","900","0"
"9919","関西フードマーケット","東証","20230907","日証金","確報","0","200","2000","0","0","0","2000","-200"
"9927","ワットマン","東証","20230907","日証金","確報","0","100","5100","0","0","0","5100","-100"
"9928","ミロク情報サービス","東証","20230907","日証金","確報","100","200","8300","0","0","0","8300","-100"
"9929","平和紙業","東証","20230907","日証金","確報","0","0","1200","0","0","0","1200","0"
"9930","北沢産業","東証","20230907","日証金","確報","0","100","57900","100","0","3900","54000","-200"
"9932","杉本商事","東証","20230907","日証金","確報","0","0","1000","0","0","1000","0","0"
"9934","因幡電機産業","東証","20230907","日証金","確報","100","0","1100","0","0","1000","100","100"
"9936","王将フードサービス","東証","20230907","日証金","確報","0","0","1100","2800","0","7200","-6100","-2800"
"9941","太洋物産","東証","20230907","日証金","確報","0","0","2000","0","0","0","2000","0"
"9942","ジョイフル","福証","20230907","日証金","確報","0","0","200","0","0","0","200","0"
"9946","ミニストップ","東証","20230907","日証金","確報","900","0","1800","500","1000","16000","-14200","1400"
"9948","アークス","札証","20230907","日証金","確報","0","0","0","0","0","0","0","0"
"9948","アークス","東証","20230907","日証金","確報","0","100","1900","1000","300","10900","-9000","-800"
"9950","ハチバン","東証","20230907","日証金","確報","0","0","0","0","0","0","0","0"
"9955","ヨンキュウ","東証","20230907","日証金","確報","0","0","1200","0","0","0","1200","0"
"9956","バローＨＤ","名証","20230907","日証金","確報","0","0","0","0","0","0","0","0"
"9956","バローＨＤ","東証","20230907","日証金","確報","0","0","500","200","0","200","300","-200"
"9959","アシードＨＤ","東証","20230907","日証金","確報","0","0","0","0","0","0","0","0"
"9960","東テク","東証","20230907","日証金","確報","0","0","700","0","0","500","200","0"
"9962","ミスミグループ本社","東証","20230907","日証金","確報","0","5600","26100","0","0","1300","24800","-5600"
"9969","ショクブン","名証","20230907","日証金","確報","0","0","0","0","0","0","0","0"
"9969","ショクブン","東証","20230907","日証金","確報","2500","0","44900","500","0","50600","-5700","2000"
"9972","アルテック","東証","20230907","日証金","確報","0","500","30400","0","0","2200","28200","-500"
"9973","小僧寿し","東証","20230907","日証金","確報","12000","2100","287400","0","0","0","287400","9900"
"9974","ベルク","東証","20230907","日証金","確報","0","0","700","0","300","1000","-300","300"
"9976","セキチュー","東証","20230907","日証金","確報","0","0","500","0","0","0","500","0"
"9977","アオキスーパー","東証","20230907","日証金","確報","0","0","1000","0","0","0","1000","0"
"9978","文教堂グループＨＤ","東証","20230907","日証金","確報","0","0","115700","0","0","0","115700","0"
"9979","大庄","東証","20230907","日証金","確報","100","0","100","900","3300","54500","-54400","2500"
"9980","ＭＲＫ　ＨＬＤ","東証","20230907","日証金","確報","1900","1900","103000","0","0","103000","0","0"
"9982","タキヒヨー","名証","20230907","日証金","確報","0","0","0","0","0","0","0","0"
"9982","タキヒヨー","東証","20230907","日証金","確報","0","0","17900","0","0","0","17900","0"
"9983","ファーストリテイリン","東証","20230907","日証金","確報","800","2300","35500","19800","2900","279500","-244000","-18400"
"9984","ソフトバンクグループ","東証","20230907","日証金","確報","15500","23200","395800","700","3800","12300","383500","-4600"
"9986","蔵王産業","東証","20230907","日証金","確報","0","0","2000","0","0","0","2000","0"
"9987","スズケン","名証","20230907","日証金","確報","0","0","0","0","0","0","0","0"
"9987","スズケン","札証","20230907","日証金","確報","0","0","0","0","0","0","0","0"
"9987","スズケン","東証","20230907","日証金","確報","100","300","2000","0","3600","10400","-8400","3400"
"9989","サンドラッグ","東証","20230907","日証金","確報","2400","1900","9000","500","0","9000","0","0"
"9990","サックスバー　ＨＤ","東証","20230907","日証金","確報","0","500","6600","200","0","3400","3200","-700"
"9991","ジェコス","東証","20230907","日証金","確報","100","0","6600","100","0","100","6500","0"
"9993","ヤマザワ","東証","20230907","日証金","確報","0","0","0","0","0","0","0","0"
"9994","やまや","東証","20230907","日証金","確報","100","200","2700","100","100","2800","-100","-100"
"9995","グローセル","東証","20230907","日証金","確報","100","0","11300","0","0","0","11300","100"
"9996","サトー商会","東証","20230907","日証金","確報","0","0","800","0","0","0","800","0"
"9997","ベルーナ","東証","20230907","日証金","確報","2700","1100","16500","700","0","700","15800","900"
