"SC","名称","市場","業種","時価総額（百万円）","発行済株式数","配当利回り（予想）","1株配当（予想）","PER（予想）","PBR（実績）","EPS（予想）","BPS（実績）","最低購入額","単元株","高値日付","年初来高値","安値日付","年初来安値"
"0001","日経平均株価（日経225）","東証","株価指数","-","-","-","-","-","-","-","-","-","-","-","-","-","-"
"0002","TOPIX（東証株価指数）","東証","株価指数","-","-","-","-","-","-","-","-","-","-","-","-","-","-"
"1301","極洋","東証PR","水産・農林","41418","10928283","2.37","90","6.77","0.84","559.88","4525.41","379000","100","20230203","3930","20230320","3370"
"1332","ニッスイ","東証PR","水産・農林","240853","312430277","2.59","20","11.16","1.07","69.08","720.51","77090","100","20230817","789","20230113","517"
"1333","マルハニチロ","東証PR","水産・農林","128698","50578837","2.75","70","6.94","0.7","366.7","3646.06","254450","100","20230516","2635","20230320","2333"
"1375","雪国まいたけ","東証PR","水産・農林","35800","39910700","0.22","2","296.04","3.62","3.03","248.03","89700","100","20230307","1057","20230821","867"
"1376","カネコ種苗","東証ST","水産・農林","16517","11772626","2.21","31","11.08","0.68","126.64","2053.62","140300","100","20230404","1709","20230818","1370"
"1377","サカタのタネ","東証PR","水産・農林","191302","47410750","1.36","55","22.37","1.3","180.39","3104.4","403500","100","20230104","4330","20230411","3765"
"1379","ホクト","東証PR","水産・農林","61381","33359040","-","-","83.26","1.17","22.1","1575.92","184000","100","20230131","1902","20230822","1802"
"1380","秋川牧園","東証ST","水産・農林","4359","4179000","0.96","10","43.48","2.02","23.99","516.23","104300","100","20230116","1071","20230619","1034"
"1381","アクシーズ","東証ST","水産・農林","16712","5617500","3.19","95","16.71","0.85","178.07","3516.95","297500","100","20230627","3270","20230217","2828"
"1382","ホーブ","東証ST","水産・農林","1302","762000","2.93","50","10.94","1.65","156.23","1034.18","170900","100","20230314","2095","20230111","1664"
"1383","ベルグアース","東証ST","水産・農林","4993","1610500","0.32","10","76.68","2.58","40.43","1201.41","310000","100","20230403","3475","20230104","2886"
"1384","ホクリヨウ","東証ST","水産・農林","8679","8459000","1.95","20","7.85","0.77","130.75","1325.23","102600","100","20230824","1079","20230104","702"
"1400","ルーデン・ホールディングス","東証GR","建設","1639","13008600","0","0","13.11","0.66","9.61","191.18","12600","100","20230221","187","20230206","98"
"1401","エムビーエス","東証GR","建設","3874","7732000","1.6","8","10.06","1.17","49.79","428.15","50100","100","20230721","574","20230113","466"
"1407","ウエストホールディングス","東証ST","建設","119625","46027488","2.12","55","14.6","3.73","178.05","696.22","259900","100","20230113","4730","20230818","2324"
"1414","ショーボンドホールディングス","東証PR","建設","332754","56745180","2.18","128","23.2","3.15","252.71","1862.41","586400","100","20230814","6050","20230217","5170"
"1417","ミライト・ワン","東証PR","建設","196576","103325329","3.42","65","10.08","0.74","188.81","2557.02","190250","100","20230828","1904","20230213","1468"
"1418","インターライフホールディングス","東証ST","建設","4062","20010529","2.46","5","15.74","0.96","12.9","211.41","20300","100","20230417","318","20230316","159"
"1419","タマホーム","東証PR","建設","102359","29455800","5.32","185","10.95","2.89","317.37","1203.11","347500","100","20230529","4125","20230110","2422"
"1420","サンヨーホームズ","東証ST","建設","9112","12620000","3.46","25","11.45","0.59","63.08","1231.47","72200","100","20230127","790","20230412","701"
"1429","日本アクア","東証PR","建設","36498","34760000","2.86","30","18.03","4","58.24","262.61","105000","100","20230816","1115","20230117","774"
"1430","ファーストコーポレーション","東証PR","建設","10049","13363540","4.12","31","7.29","1.13","103.21","664.54","75200","100","20230509","963","20230718","690"
"1431","Lib_Work","東証GR","建設","17958","23292040","0.83","6.4","46.06","5.14","16.74","149.99","77100","100","20230417","839","20230106","748"
"1433","ベステラ","東証PR","建設","9916","8990200","1.81","20","24.44","2.59","45.14","426.47","110300","100","20230613","1341","20230314","851"
"1434","JESCOホールディングス","東証ST","建設","5263","6853100","3.91","30","4.19","0.93","183.13","827.18","76800","100","20230828","800","20230104","439"
"1435","Robot_Home","東証PR","建設","17952","91127000","1.02","2","22.13","2.1","8.9","93.59","19700","100","20230414","258","20230106","158"
"1436","フィット","東証GR","建設","3753","4284200","1.37","12","9.92","0.75","88.33","1165.72","87600","100","20230411","1286","20230104","656"
"1438","岐阜造園","東証ST","建設","4810","3204600","1.67","25","16.76","1.4","89.58","1074.2","150100","100","20230821","1580","20230112","994"
"1439","安江工務店","東証ST","建設","1649","1350760","2.46","30","11.84","1.02","103.11","1195","122100","100","20230203","1796","20230314","942"
"1443","技研ホールディングス","東証ST","建設","3686","16237977","0.44","1","11.52","0.37","19.71","607.32","22700","100","20230130","313","20230105","203"
"1444","ニッソウ","東証GR","建設","2504","1088700","0","0","20.31","1.67","113.25","1381.19","230000","100","20230712","2780","20230130","1954"
"1446","キャンディル","東証ST","建設","6623","10734200","0.97","6","26.97","2.12","22.88","291.38","61700","100","20230815","626","20230130","492"
"1447","ITbookホールディングス","東証GR","建設","7825","24152701","0","0","15.64","2.85","20.72","113.84","32400","100","20230221","436","20230821","305"
"1450","田中建設工業","東証ST","建設","9509","4349800","3.34","73","10.06","1.56","217.27","1397.65","218600","100","20230329","2780","20230515","2150"
"1451","KHC","東証ST","建設","2816","4005350","4.98","35","9.1","0.45","77.24","1548.75","70300","100","20230828","707","20230106","603"
"1491","中外鉱業","東証ST","非鉄金属","8692","289747982","-","-","18.4","1.2","1.63","25.02","3000","100","20230512","36","20230104","28"
"1514","住石ホールディングス","東証ST","鉱業","21908","58892853","2.02","7.5","5.46","0.99","68.09","376.64","37200","100","20230124","464","20230403","303"
"1515","日鉄鉱業","東証PR","鉱業","83523","16704638","2.64","132","15.12","0.63","330.6","7991.9","500000","100","20230801","5110","20230105","3130"
"1518","三井松島ホールディングス","東証PR","鉱業","36175","13064400","2.89","80","3.26","0.62","850.25","4433.08","276900","100","20230221","4105","20230619","2475"
"1605","INPEX","東証PR","鉱業","2826721","1386667167","3.63","74","8.32","0.62","245.02","3269.65","203850","100","20230810","2140","20230105","1301"
"1662","石油資源開発","東証PR","鉱業","255482","54300076","4.25","200","7.5","0.59","627","8014.07","470500","100","20230307","5230","20230105","3590"
"1663","K＆Oエナジーグループ","東証PR","鉱業","68885","28336061","1.4","34","11.35","0.74","214.15","3276.04","243100","100","20230808","2589","20230106","1887"
"1711","SDSホールディングス","東証ST","建設","2009","8732773","0","0","-","4.52","-13.74","50.84","23000","100","20230125","376","20230828","225"
"1712","ダイセキ環境ソリューション","東証PR","建設","21471","16827120","0.78","10","18.22","1.41","70.02","906.87","127600","100","20230714","1445","20230407","793"
"1716","第一カッター興業","東証PR","建設","15360","12000000","2.73","35","8.28","0.87","154.65","1468.67","128000","100","20230725","1458","20230116","1000"
"1717","明豊ファシリティワークス","東証ST","サービス","9467","12775900","4.32","32","12.75","1.98","58.1","373.66","74100","100","20230308","830","20230116","690"
"1718","美樹工業","東証ST","建設","4913","1153263","3.76","160","7.76","0.31","548.86","13732.79","426000","100","20230731","4795","20230117","3800"
"1719","安藤・間","東証PR","建設","212519","181021197","5.11","60","13.51","1.3","86.92","901.12","117400","100","20230816","1195","20230106","819"
"1720","東急建設","東証PR","建設","80925","106761205","4.75","36","19.93","0.84","38.04","900.1","75800","100","20230802","775","20230105","624"
"1721","コムシスホールディングス","東証PR","建設","408975","133000000","3.41","105","16.13","1.09","190.59","2814.68","307500","100","20230814","3156","20230104","2277"
"1723","日本電技","東証ST","建設","34757","8197500","3.77","160","10.61","1.11","399.48","3812.44","424000","100","20230727","4845","20230104","3090"
"1724","シンクレイヤ","東証ST","建設","3129","4943780","2.69","17","6.25","0.54","101.35","1161.73","63300","100","20230125","740","20230106","578"
"1726","ビーアールホールディングス","東証PR","建設","17631","45795000","3.12","12","13.45","1.29","28.62","297.81","38500","100","20230621","404","20230118","324"
"1730","麻生フオームクリート","東証ST","建設","1399","3420000","2.44","10","19.94","1.07","20.51","382.87","40900","100","20230526","493","20230330","391"
"1736","オーテック","東証ST","建設","13817","5700000","3.71","90","7.74","0.7","312.99","3473.98","242400","100","20230721","2942","20230208","2052"
"1739","メルディアDC","東証GR","建設","5299","6454400","2.07","17","5","0.59","164.3","1402.27","82100","100","20230309","946","20230816","663"
"1743","コーアツ工業","東証ST","建設","2743","2280000","2.08","25","11.31","0.33","106.4","3652.05","120300","100","20230403","1538","20230106","1003"
"1757","創建エース","東証ST","建設","8565","267651756","-","-","-","7.29","-","4.39","3200","100","20230525","59","20230825","29"
"1758","太洋基礎工業","東証ST","建設","5254","2458800","1.64","35","7.36","0.5","290.37","4300.82","213700","100","20230501","3110","20230206","1720"
"1762","高松コンストラクショングループ","東証PR","建設","89867","34818578","2.98","77","11.23","0.71","229.76","3623.5","258100","100","20230801","2744","20230106","1895"
"1764","工藤建設","東証ST","建設","3200","1331220","4.16","100","18.67","0.64","128.76","3762.93","240400","100","20230628","2720","20230823","2300"
"1766","東建コーポレーション","東証PR","建設","103734","13472000","3.25","250","15.57","0.9","494.57","8575.6","770000","100","20230425","8250","20230620","7140"
"1768","ソネック","東証ST","建設","7403","7500000","3.04","30","14.42","0.84","68.44","1169.41","98700","100","20230306","1020","20230130","928"
"1770","藤田エンジニアリング","東証ST","建設","12121","11700000","3.86","40","7.9","0.58","131.2","1791.12","103600","100","20230815","1059","20230216","864"
"1773","ワイ・ティー・エル・コーポレーション・バーハッド（外国株）","東証PR","建設","-","-","-","-","-","-","-","-","43000","1000","20230720","66","20230119","16"
"1775","富士古河E＆C","東証ST","建設","35835","9026561","4.03","160","7.76","0.99","511.51","3992.17","397000","100","20230801","4310","20230104","3380"
"1776","三井住建道路","東証ST","建設","9092","9277500","4.08","40","13.18","0.69","74.36","1412.4","98000","100","20230724","998","20230104","813"
"1780","ヤマウラ","東証PR","建設","25915","21103514","0.41","5","11.98","1.3","102.5","944.88","122800","100","20230519","1286","20230105","993"
"1783","アジアゲートホールディングス","東証ST","建設","8162","170042851","0","0","5.72","1.31","8.39","36.57","4800","100","20230215","75","20230817","46"
"1786","オリエンタル白石","東証PR","建設","45529","138809400","4.12","13.5","11.08","0.94","29.59","350.36","32800","100","20230517","346","20230104","279"
"1787","ナカボーテック","東証ST","建設","13845","2602500","3.38","180","20.8","1.79","255.83","2965","532000","100","20230713","5840","20230120","4330"
"1788","三東工業社","東証ST","建設","2042","686000","2.35","70","9.13","0.6","325.99","4996.92","297600","100","20230627","4460","20230105","2640"
"1789","ETSホールディングス","東証ST","建設","4265","6375284","0.75","5","22.43","1.57","29.83","427.07","66900","100","20230810","722","20230106","558"
"1793","大本組","東証ST","建設","36799","5132380","2.51","180","85.41","0.52","83.95","13751.53","717000","100","20230607","7690","20230203","6230"
"1795","マサル","東証ST","建設","3195","901151","3.1","110","11.14","0.71","318.29","5025.88","354500","100","20230809","3890","20230118","3110"
"1798","守谷商会","東証ST","建設","5625","2260000","2.81","70","5.29","0.42","470.25","5944.06","248900","100","20230807","2649","20230104","2173"
"1799","第一建設工業","東証ST","建設","31517","20858491","3.31","50","11.38","0.44","132.8","3404.22","151100","100","20230705","1588","20230120","1333"
"1801","大成建設","東証PR","建設","916297","188771572","2.68","130","20.31","1.09","239.01","4460.17","485400","100","20230726","5467","20230320","3965"
"1802","大林組","東証PR","建設","946260","721509646","3.2","42","17.09","0.92","76.72","1431.98","131150","100","20230802","1344","20230116","935"
"1803","清水建設","東証PR","建設","728654","743676313","2.76","27","14.48","0.83","67.68","1187.43","97980","100","20230814","1002","20230116","661"
"1805","飛島建設","東証PR","建設","25123","19310436","4.61","60","9.22","0.55","141.13","2378.44","130100","100","20230802","1395","20230105","997"
"1807","佐藤渡辺","東証ST","建設","7900","3195700","4.45","110","5.58","0.39","442.85","6282.34","247200","100","20230316","2761","20230209","2153"
"1808","長谷工コーポレーション","東証PR","建設","539625","300794397","4.46","80","8.81","1.06","203.53","1692.85","179400","100","20230802","1866","20230116","1427"
"1810","松井建設","東証PR","建設","23118","30580000","3.44","26","12.3","0.49","61.45","1535.54","75600","100","20230725","774","20230110","544"
"1811","錢高組","東証ST","建設","29192","7353140","-","-","6.38","0.33","622.74","12024.55","397000","100","20230828","4020","20230116","2610"
"1812","鹿島建設","東証PR","建設","1274590","528656011","2.9","70","11.1","1.09","217.11","2221.68","241100","100","20230809","2414","20230116","1451"
"1813","不動テトラ","東証PR","建設","30374","16489522","3.26","60","12.19","0.91","151.12","2021.15","184200","100","20230731","1903","20230106","1454"
"1814","大末建設","東証PR","建設","15497","10614225","4.79","70","10.48","0.71","139.36","2065.21","146000","100","20230808","1479","20230206","1125"
"1815","鉄建建設","東証PR","建設","31573","15668956","3.97","80","8.54","0.45","236","4488.48","201500","100","20230623","2108","20230106","1740"
"1820","西松建設","東証PR","建設","205021","55591502","4.69","173","15.01","0.97","245.74","3790.08","368800","100","20230126","4070","20230511","3265"
"1821","三井住友建設","東証PR","建設","64907","162673321","3.51","14","15.61","0.93","25.56","427.9","39900","100","20230309","443","20230601","347"
"1822","大豊建設","東証PR","建設","71881","18083163","3.9","155","17.97","1.01","221.15","3916.45","397500","100","20230309","4100","20230118","3370"
"1826","佐田建設","東証ST","建設","7326","15521233","3.39","16","9.15","0.48","51.61","989.85","47200","100","20230207","539","20230104","424"
"1827","ナカノフドー建設","東証ST","建設","13385","34498097","3.35","13","6.67","0.36","58.2","1080.96","38800","100","20230509","429","20230104","311"
"1828","田辺工業","東証ST","建設","15212","10728000","3.17","45","7.99","0.72","177.55","1960.98","141800","100","20230817","1445","20230105","905"
"1833","奥村組","東証PR","建設","173220","38665226","5.02","225","13.86","0.95","323.33","4732.8","448000","100","20230828","4480","20230113","2932"
"1835","東鉄工業","東証PR","建設","97687","36100000","3.47","94","13.31","0.91","203.34","2963.96","270600","100","20230309","2855","20230601","2519"
"1840","土屋ホールディングス","東証ST","建設","6006","25775118","2.58","6","12.94","0.51","18","456.2","23300","100","20230725","270","20230201","180"
"1841","サンユー建設","東証ST","建設","3740","4000000","2.67","25","12.47","0.3","74.96","3100.95","93500","100","20230519","1110","20230111","836"
"1844","大盛工業","東証ST","建設","3399","17522849","4.12","8","9.14","0.64","21.23","304","19400","100","20230724","222","20230104","173"
"1847","イチケン","東証PR","建設","15028","7284400","4.85","100","7.49","0.54","275.51","3813.13","206300","100","20230808","2097","20230110","1764"
"1848","富士ピー・エス","東証ST","建設","8576","18602244","1.95","9","16.36","0.84","28.17","548.94","46100","100","20230828","467","20230104","430"
"1850","南海辰村建設","東証ST","建設","9400","28835730","0.92","3","6.06","0.65","53.77","499.66","32600","100","20230418","370","20230104","303"
"1852","淺沼組","東証PR","建設","56631","16157258","5.63","197.5","12.45","1.37","281.53","2566.36","350500","100","20230310","3530","20230105","2956"
"1853","森組","東証ST","建設","9906","32800000","4.64","14","14.55","0.73","20.76","415.77","30200","100","20230413","315","20230214","279"
"1860","戸田建設","東証PR","建設","262191","322656796","3.45","28","12.91","0.77","62.92","1054.37","81260","100","20230515","843","20230406","668"
"1861","熊谷組","東証PR","建設","142896","43900360","3.99","130","13.64","0.85","238.66","3851.2","325500","100","20230802","3265","20230106","2536"
"1866","北野建設","東証ST","建設","20852","6836853","3.28","100","8.98","0.46","339.66","6601.58","305000","100","20230403","3390","20230116","2370"
"1867","植木組","東証ST","建設","10448","6873528","3.62","55","8.21","0.4","185.1","3820.11","152000","100","20230828","1546","20230531","1262"
"1870","矢作建設工業","東証PR","建設","56607","44607457","4.73","60","8.66","0.91","146.48","1393.07","126900","100","20230731","1352","20230105","739"
"1871","ピーエス三菱","東証PR","建設","37419","47486029","4.31","34","9.5","0.77","82.92","1017.81","78800","100","20230802","814","20230105","595"
"1873","日本ハウスホールディングス","東証PR","建設","14800","40000000","3.24","12","12.23","0.72","30.25","512.1","37000","100","20230302","410","20230803","357"
"1878","大東建託","東証PR","不動産","1100636","68918979","3.35","535","14.94","2.66","1068.63","6006.15","1597000","100","20230828","16025","20230210","12150"
"1879","新日本建設","東証PR","建設","73265","61360720","2.85","34","5.72","0.68","208.58","1761.11","119400","100","20230629","1304","20230104","734"
"1882","東亜道路工業","東証PR","建設","51783","10440046","1.81","90","11.79","0.94","420.87","5274.01","496000","100","20230828","4960","20230105","2805"
"1884","日本道路","東証PR","建設","82619","8789268","3.19","300","12.71","0.87","739.57","10810.28","940000","100","20230725","9780","20230110","5720"
"1885","東亜建設工業","東証PR","建設","80193","22494629","2.81","100","11.59","0.85","307.51","4174.74","356500","100","20230828","3565","20230112","2296"
"1887","日本国土開発","東証PR","建設","56979","93255000","4.26","26","11.06","0.65","55.23","935.11","61100","100","20230523","646","20230118","531"
"1888","若築建設","東証PR","建設","39478","12964993","2.63","80","12.53","0.95","243.06","3218.28","304500","100","20230509","4585","20230106","2651"
"1890","東洋建設","東証PR","建設","102487","94371183","5.8","63","17.04","1.47","63.73","739.3","108600","100","20230629","1120","20230110","837"
"1893","五洋建設","東証PR","建設","248460","286013910","2.76","24","11.26","1.58","77.14","549.1","86870","100","20230828","869.3","20230106","604"
"1897","金下建設","東証ST","建設","10651","3806660","1.79","50","75.4","0.35","37.11","8020.87","279800","100","20230203","2975","20230420","2705"
"1898","世紀東急工業","東証PR","建設","59991","37424507","5.61","90","17.98","1.51","89.17","1058.63","160300","100","20230828","1610","20230209","767"
"1899","福田組","東証PR","建設","41570","8988111","2.38","110","11.54","0.5","400.68","9192.75","462500","100","20230629","5030","20230314","4300"
"1904","大成温調","東証ST","建設","15465","6882487","3.74","84","10.92","0.52","205.69","4304.5","224700","100","20230814","2327","20230330","1895"
"1905","テノックス","東証ST","建設","8641","7347680","3.23","38","13.71","0.63","85.76","1867.44","117600","100","20230815","1218","20230106","853"
"1909","日本ドライケミカル","東証ST","機械","14931","7181812","1.68","35","7","0.74","297.05","2821.26","207900","100","20230808","2146","20230120","1409"
"1911","住友林業","東証PR","建設","818971","205926936","3.14","125","8.68","1.12","458.14","3559.56","397700","100","20230816","4222","20230105","2274"
"1914","日本基礎技術","東証ST","建設","14292","29346400","2.67","13","17.72","0.47","27.48","1040.86","48700","100","20230222","558","20230821","471"
"1921","巴コーポレーション","東証ST","建設","21767","40763046","2.25","12","9.22","0.48","57.91","1117.94","53400","100","20230810","542","20230112","384"
"1925","大和ハウス工業","東証PR","建設","2663535","659290951","3.34","135","10.64","1.15","379.7","3507.7","404000","100","20230828","4052","20230116","2933"
"1926","ライト工業","東証PR","建設","109731","53948450","3.15","64","10.46","1.2","194.54","1701.92","203400","100","20230731","2067","20230106","1802"
"1928","積水ハウス","東証PR","建設","1944839","662862666","4.02","118","10.07","1.18","291.48","2478.74","293400","100","20230523","2961","20230106","2310"
"1929","日特建設","東証PR","建設","44987","41731951","4.36","47","13.42","1.44","80.33","750.55","107800","100","20230802","1158","20230116","901"
"1930","北陸電気工事","東証PR","建設","28046","29963991","3.85","36","10.92","0.66","85.74","1425.4","93600","100","20230727","1010","20230104","653"
"1934","ユアテック","東証PR","建設","67963","72224462","2.98","28","10.69","0.5","88","1864.07","94100","100","20230828","941","20230106","709"
"1938","日本リーテック","東証PR","建設","32509","25617717","2.36","30","13.77","0.57","92.18","2242.57","126900","100","20230524","1510","20230210","833"
"1939","四電工","東証PR","建設","38493","16255470","4.22","100","9.56","0.66","247.7","3599.16","236800","100","20230802","2375","20230105","1701"
"1941","中電工","東証PR","建設","137845","58138117","4.39","104","17.09","0.66","138.7","3618.71","237100","100","20230726","2396","20230113","2051"
"1942","関電工","東証PR","建設","271802","205288338","2.64","35","11.61","0.89","114.02","1487.64","132400","100","20230828","1326","20230110","828"
"1944","きんでん","東証PR","建設","407308","205141080","2.01","40","14.22","0.76","139.6","2627.32","198550","100","20230814","2013","20230117","1376"
"1945","東京エネシス","東証PR","建設","36926","37261752","4.04","40","13.58","0.51","72.99","1932.15","99100","100","20230616","1010","20230316","865"
"1946","トーエネック","東証PR","建設","77803","19329990","3.23","130","9.41","0.63","427.94","6386.95","402500","100","20230828","4025","20230203","3290"
"1948","弘電社","東証ST","建設","8486","1794000","-","-","11.48","0.46","411.98","10191.6","473000","100","20230728","4850","20230110","4030"
"1949","住友電設","東証PR","建設","104306","35635879","3.21","94","10.91","1.09","268.3","2693.63","292700","100","20230703","3220","20230202","2222"
"1950","日本電設工業","東証PR","建設","130274","61537219","1.98","42","13.81","0.74","153.24","2876.5","211700","100","20230725","2202","20230210","1463"
"1951","エクシオグループ","東証PR","建設","338771","109812419","3.89","120","13.93","1.09","221.51","2817.56","308500","100","20230828","3090","20230106","2200"
"1952","新日本空調","東証PR","建設","58860","24282225","3.3","80","9.94","0.97","243.84","2496.77","242400","100","20230809","2454","20230330","1819"
"1959","九電工","東証PR","建設","318609","70864961","2.45","110","12.02","1.21","374.06","3706.11","449600","100","20230825","4521","20230113","3090"
"1960","サンテック","東証ST","建設","11118","17000000","4.59","30","13.19","0.36","49.58","1824.16","65400","100","20230707","700","20230207","591"
"1961","三機工業","東証PR","建設","95268","58161156","4.27","70","16.83","0.98","97.35","1675.87","163800","100","20230814","1644","20230406","1431"
"1963","日揮ホールディングス","東証PR","建設","507027","259481819","2.05","40","14.69","1.17","133.01","1664.14","195400","100","20230809","2066","20230317","1533"
"1964","中外炉工業","東証PR","建設","15873","7800000","3.93","80","7.12","0.64","285.85","3204.58","203500","100","20230809","2167","20230106","1586"
"1965","テクノ菱和","東証ST","建設","27878","22888604","2.96","36","10.91","0.61","111.61","2012.48","121800","100","20230815","1309","20230330","859"
"1966","高田工業所","東証ST","建設","7365","7220950","0.98","10","6.45","0.4","158.02","2557.82","102000","100","20230404","1514","20230807","912"
"1967","ヤマト","東証ST","建設","24396","26927652","2.98","27","9.65","0.66","93.86","1370.63","90600","100","20230510","1012","20230116","661"
"1968","太平電業","東証PR","建設","76689","20341980","3.18","120","8.54","0.82","441.5","4623.53","377000","100","20230622","4615","20230104","3165"
"1969","高砂熱学工業","東証PR","建設","205240","70239402","2.64","77","15.24","1.35","191.7","2157.95","292200","100","20230828","2932","20230110","1713"
"1971","中央ビルト工業","東証ST","金属製品","1308","2378740","-","-","26.93","0.51","20.42","1076.08","55000","100","20230627","578","20230118","509"
"1972","三晃金属工業","東証ST","建設","16216","3960000","4.52","185","6.63","0.71","617.26","5759.03","409500","100","20230731","4635","20230105","3025"
"1973","NECネッツエスアイ","東証PR","情報通信","288638","149321421","2.53","49","20.57","2.09","93.99","924.01","193300","100","20230619","2038","20230316","1551"
"1975","朝日工業社","東証PR","建設","32137","13600000","3.39","80","12.15","0.85","194.56","2779.66","236300","100","20230510","2569","20230106","1900"
"1976","明星工業","東証PR","建設","53567","56386718","3.79","36","10.13","0.8","93.78","1182.38","95000","100","20230725","1009","20230324","752"
"1979","大氣社","東証PR","建設","153134","33582009","2.79","127","16.29","1.17","279.9","3893.24","456000","100","20230814","4660","20230105","3255"
"1980","ダイダン","東証PR","建設","68716","22981901","3.85","115","9.85","0.77","303.59","3870.09","299000","100","20230724","3020","20230106","2104"
"1981","協和日成","東証ST","建設","16437","11800000","2.15","30","17.06","0.88","81.66","1579.5","139300","100","20230310","1559","20230703","1311"
"1982","日比谷総合設備","東証PR","建設","52311","23756321","3.91","86","13.25","0.78","166.17","2815.51","220200","100","20230523","2388","20230116","1876"
"1992","神田通信機","東証ST","建設","4722","2623227","3.39","61","23.53","0.82","76.51","2204.99","180000","100","20230613","1868","20230206","1390"
"1994","高橋カーテンウォール工業","東証ST","建設","4652","9553011","4.11","20","96.06","0.38","5.07","1275.78","48700","100","20230530","546","20230316","461"
"1997","暁飯島工業","東証ST","建設","3183","2200000","3.11","45","7.63","0.48","189.59","3030.62","144700","100","20230724","1467","20230612","1298"
"2001","ニップン","東証PR","食料品","161274","78824009","1.96","40","14.77","0.8","138.57","2546.95","204600","100","20230814","2080","20230116","1568"
"2002","日清製粉グループ本社","東証PR","食料品","573867","304357891","2.17","41","21.57","1.25","87.43","1508.02","188550","100","20230824","1920","20230307","1529"
"2003","日東富士製粉","東証ST","食料品","45797","9384728","3.61","176","11.11","0.98","439.29","5002.63","488000","100","20230731","4935","20230113","4215"
"2004","昭和産業","東証PR","食料品","100155","33985420","2.04","60","17.92","0.85","164.44","3482.32","294700","100","20230808","3030","20230110","2412"
"2009","鳥越製粉","東証ST","食料品","17002","26036374","2.14","14","14.48","0.45","45.11","1455.07","65300","100","20230828","657","20230116","568"
"2053","中部飼料","東証PR","食料品","34745","30371908","2.97","34","22.53","0.55","50.77","2093.58","114400","100","20230828","1146","20230331","1010"
"2055","日和産業","東証ST","食料品","5666","20830825","2.21","6","24.64","0.28","11.04","967.76","27200","100","20230809","288","20230330","235"
"2060","フィード・ワン","東証PR","食料品","31551","38477128","3.05","25","13.61","0.68","60.23","1209.32","82000","100","20230828","820","20230323","659"
"2107","東洋精糖","東証ST","食料品","11867","5456000","4.6","100","11.51","1.12","188.9","1946.93","217500","100","20230828","2206","20230112","845"
"2108","日本甜菜製糖","東証PR","食料品","29318","15325642","2.61","50","16.96","0.37","112.77","5207.16","191300","100","20230810","1988","20230113","1616"
"2109","DM三井製糖ホールディングス","東証PR","食料品","96973","32639780","4.04","120","12.78","0.87","232.4","3405.03","297100","100","20230817","3000","20230106","1949"
"2112","塩水港精糖","東証ST","食料品","9380","35000000","1.87","5","8.22","0.6","32.6","445.33","26800","100","20230828","271","20230202","190"
"2114","フジ日本精糖","東証ST","食料品","32634","29748200","2.73","30","15.92","1.32","68.9","829.44","109700","100","20230823","1296","20230508","487"
"2117","ウェルネオシュガー","東証PR","食料品","75435","35053483","4.28","92","14.1","1.02","152.62","2113.55","215200","100","20230814","2200","20230206","1635"
"2120","LIFULL","東証PR","サービス","30741","134239870","-","-","11.78","0.89","19.44","258.41","22900","100","20230619","319","20230220","188"
"2121","MIXI","東証PR","サービス","189319","78230850","4.55","110","23.44","0.99","103.26","2441.07","242000","100","20230516","2966","20230817","2354"
"2122","インタースペース","東証ST","サービス","6459","6967200","2.7","25","11.41","1.03","81.25","903.08","92700","100","20230317","1598","20230809","885"
"2124","ジェイエイシーリクルートメント","東証PR","サービス","108647","41389300","3.24","85","19.39","7.34","135.4","357.55","262500","100","20230801","2838","20230601","2195"
"2127","日本M＆Aセンターホールディングス","東証PR","サービス","268032","336934800","2.89","23","23.77","5.8","33.47","137.19","79550","100","20230124","1787","20230804","687"
"2130","メンバーズ","東証PR","サービス","15851","13421700","2.62","31","14.73","2.74","80.17","430.54","118100","100","20230112","2022","20230818","1137"
"2134","燦キャピタルマネージメント","東証ST","サービス","2684","141288093","0","0","237.5","4.03","0.08","4.72","1900","100","20230619","41","20230501","8"
"2136","ヒップ","東証ST","サービス","4377","3975300","4.54","50","10.89","1.23","101.13","896.31","110100","100","20230705","1230","20230104","748"
"2138","クルーズ","東証ST","情報通信","13476","12957600","0","0","-","1.13","-","923.18","104000","100","20230515","1390","20230530","782"
"2139","中広","東証ST","サービス","2951","7044000","2.39","10","17.81","1.6","23.53","262.06","41900","100","20230703","421","20230130","369"
"2146","UTグループ","東証PR","サービス","98861","40368067","-","-","10.96","4.11","223.46","596.16","244900","100","20230621","3205","20230213","2213"
"2148","アイティメディア","東証PR","サービス","23415","20868900","2.67","30","13.71","2.35","81.84","476.54","112200","100","20230104","1633","20230821","1080"
"2150","ケアネット","東証GR","サービス","40919","46872000","0.69","6","19.45","3.68","44.88","237","87300","100","20230215","1276","20230601","805"
"2152","幼児活動研究会","東証ST","サービス","14494","11784000","1.79","22","12.65","1.53","97.2","805.73","123000","100","20230613","1486","20230314","1131"
"2153","E・Jホールディングス","東証PR","サービス","26723","16078920","3.31","55","8.12","0.87","204.74","1913.57","166200","100","20230731","1663","20230117","1276"
"2154","オープンアップグループ","東証PR","サービス","187363","91575411","2.69","55","17.71","2.73","115.54","750.5","204600","100","20230731","2272","20230110","1623"
"2156","セーラー広告","東証ST","サービス","1963","6078000","1.55","5","-","0.68","-","475.95","32300","100","20230510","374","20230104","278"
"2157","コシダカホールディングス","東証PR","サービス","102875","82300000","0.96","12","13.64","4.04","91.62","309.2","125000","100","20230817","1351","20230118","803"
"2158","FRONTEO","東証GR","サービス","26093","39355362","0","0","522.05","5.45","1.27","121.69","66300","100","20230126","942","20230316","583"
"2160","ジーエヌアイグループ","東証GR","医薬品","107560","47487843","0","0","63.16","4.68","35.86","483.85","226500","100","20230828","2295","20230428","998"
"2162","nmsホールディングス","東証ST","サービス","9206","21611000","1.64","7","12.04","2.19","35.39","194.17","42600","100","20230508","610","20230117","238"
"2163","アルトナー","東証PR","サービス","18004","10627920","3.78","64","19.57","4.55","86.58","372.31","169400","100","20230724","1936","20230130","983"
"2164","地域新聞社","東証GR","サービス","816","2159286","0","0","-","5.91","-52.33","63.94","37800","100","20230123","432","20230622","338"
"2168","パソナグループ","東証PR","サービス","67747","41690300","2.15","35","12.73","1.18","127.63","1378.4","162500","100","20230201","2198","20230821","1564"
"2169","CDS","東証ST","サービス","11848","6924400","3.74","64","10.7","1.45","159.97","1176.03","171100","100","20230331","1888","20230822","1650"
"2170","リンクアンドモチベーション","東証PR","サービス","49976","113068000","2.53","11.2","18.75","4.54","23.57","97.3","44200","100","20230201","673","20230602","399"
"2173","博展","東証GR","サービス","4917","8061260","2.46","15","18.65","2.49","32.71","245.11","61000","100","20230221","800","20230814","587"
"2175","エス・エム・エス","東証PR","サービス","239870","87559600","-","-","33.5","5.95","81.77","460.58","273950","100","20230202","3630","20230823","2614"
"2179","成学社","東証ST","サービス","4131","5876000","2.56","18","9.61","1.4","73.18","502.17","70300","100","20230329","754","20230821","680"
"2180","サニーサイドアップグループ","東証PR","サービス","12093","15191600","2.51","20","12.76","3.33","62.36","238.78","79600","100","20230828","805","20230116","501"
"2181","パーソルホールディングス","東証PR","サービス","591162","233199861","3.39","86","-","3.28","-","772.33","253500","100","20230519","2969","20230818","2394"
"2183","リニカル","東証PR","サービス","17590","24740000","2.11","15","15.93","2.09","44.63","340.21","71100","100","20230613","874","20230113","632"
"2185","シイエム・シイ","東証ST","サービス","18860","14364000","2.67","35","8.29","0.94","158.46","1389.82","131300","100","20230706","1580","20230208","1166"
"2186","ソーバル","東証ST","サービス","8723","8167498","3.09","33","19.1","2.18","55.93","490.77","106800","100","20230327","1148","20230106","988"
"2193","クックパッド","東証ST","サービス","17511","107429400","0","0","-","1.13","-","144.76","16300","100","20230124","232","20230804","153"
"2195","アミタホールディングス","東証GR","サービス","13273","17556360","0.53","4","21.4","6.37","35.32","118.62","75600","100","20230106","1206","20230803","711"
"2196","エスクリ","東証PR","サービス","4894","13786500","0","0","11.99","0.85","29.61","418.92","35500","100","20230511","468","20230105","299"
"2198","アイ・ケイ・ケイホールディングス","東証PR","サービス","20041","29956800","3.59","24","13","2.26","51.47","296.59","66900","100","20230403","729","20230707","591"
"2201","森永製菓","東証PR","食料品","248746","46959769","1.98","105","20.1","2.03","263.5","2606.81","529700","100","20230828","5311","20230210","3630"
"2204","中村屋","東証PR","食料品","18646","5976205","1.6","50","80.85","0.75","38.59","4177.88","312000","100","20230501","3230","20230106","3040"
"2206","江崎グリコ","東証PR","食料品","260523","68468569","2.1","80","24.2","0.93","157.26","4081.32","380500","100","20230622","3909","20230323","3270"
"2207","名糖産業","東証PR","食料品","28543","17277683","1.57","26","34.91","0.59","47.32","2787.85","165200","100","20230510","1749","20230515","1575"
"2208","ブルボン","東証ST","食料品","60525","27700000","1.24","27","23.86","0.98","91.57","2240.37","218500","100","20230822","2200","20230206","2090"
"2209","井村屋グループ","東証PR","食料品","30386","13086200","1.21","28","21.7","1.65","107","1403.38","232200","100","20230501","2356","20230110","2194"
"2211","不二家","東証PR","食料品","63327","25784659","1.22","30","26.38","1.16","93.11","2122.72","245600","100","20230508","2580","20230314","2366"
"2212","山崎製パン","東証PR","食料品","603905","220282860","0.91","25","28.34","1.51","96.75","1810.88","274150","100","20230824","2805","20230112","1471"
"2215","第一屋製パン","東証ST","食料品","2758","6929900","0","0","39.37","0.47","10.11","840.05","39800","100","20230220","416","20230116","360"
"2216","カンロ","東証ST","食料品","26894","15315604","2.39","42","14.52","1.8","120.95","975.27","175600","100","20230619","2190","20230106","1036"
"2217","モロゾフ","東証PR","食料品","26086","7088452","1.49","55","22.92","1.37","160.58","2681.04","368000","100","20230727","3900","20230320","3260"
"2220","亀田製菓","東証PR","食料品","97756","22318650","1.28","56","27.98","1.41","156.52","3113.58","438000","100","20230501","4600","20230531","4090"
"2221","岩塚製菓","東証ST","食料品","30934","5995000","0.76","39","20.66","0.43","249.81","11887.43","516000","100","20230628","5500","20230119","4110"
"2222","寿スピリッツ","東証PR","食料品","341092","31121520","0.64","70","43.45","12.91","252.26","849.11","1096000","100","20230814","12350","20230105","7460"
"2224","コモ","東証ST","食料品","9903","3630000","0.26","7","94.79","4.86","28.78","561.44","272800","100","20230307","2780","20230330","2680"
"2226","湖池屋","東証ST","食料品","38412","5335000","0.9","65","30.72","2.5","234.35","2875.33","720000","100","20230803","7290","20230119","5300"
"2229","カルビー","東証PR","食料品","377012","133929800","1.92","54","23.44","1.99","120.07","1415.9","281500","100","20230509","3090","20230807","2609"
"2264","森永乳業","東証PR","食料品","285302","47845343","1.51","90","4.65","0.99","1282.55","6003.54","596300","100","20230828","6026","20230301","4535"
"2266","六甲バター","東証PR","食料品","29840","21452125","1.44","20","73.25","0.92","18.99","1505.24","139100","100","20230518","1450","20230106","1225"
"2267","ヤクルト本社","東証PR","食料品","1303195","171045418","1.46","111","20.33","2.3","374.83","3314.01","761900","100","20230501","10430","20230817","7474"
"2268","B-Rサーティワンアイスクリーム","東証ST","食料品","39784","9644554","0.97","40","36.8","3.33","112.08","1238.71","412500","100","20230628","4230","20230306","3955"
"2269","明治ホールディングス","東証PR","食料品","1100471","293459000","2.53","95","20.5","1.45","182.94","2589.99","375000","100","20230810","3761","20230303","3080"
"2270","雪印メグミルク","東証PR","食料品","169592","70751855","2.5","60","17.04","0.74","140.65","3237.43","239700","100","20230825","2428","20230210","1700"
"2281","プリマハム","東証PR","食料品","128938","50524399","2.55","65","16.87","1.12","151.24","2273.79","255200","100","20230828","2552","20230112","2069"
"2282","日本ハム","東証PR","食料品","466198","102958904","2.47","112","20.18","0.93","224.35","4875.53","452800","100","20230828","4532","20230116","3555"
"2286","林兼産業","東証ST","食料品","4794","8910000","2.79","15","7.66","0.46","70.28","1163.21","53800","100","20230814","566","20230213","448"
"2288","丸大食品","東証PR","食料品","44423","26505581","1.19","20","46.59","0.6","35.97","2790.68","167600","100","20230807","1718","20230110","1393"
"2291","福留ハム","東証ST","食料品","5008","3400000","0","0","10.92","2.13","134.85","692.56","147300","100","20230323","1592","20230330","1461"
"2292","S　Foods","東証PR","食料品","110194","32267721","2.46","84","10.8","0.96","316.24","3545.58","341500","100","20230808","3445","20230116","2626"
"2293","滝沢ハム","東証ST","食料品","6380","2102000","0.66","20","31.16","1.65","97.39","1841.2","303500","100","20230328","3145","20230330","2958"
"2294","柿安本店","東証PR","食料品","30980","12446700","3.42","85","13.72","1.53","181.4","1623.8","248900","100","20230828","2490","20230202","1995"
"2296","伊藤ハム米久ホールディングス","東証PR","食料品","237643","287355059","3.02","25","15.7","0.88","52.68","938.98","82700","100","20230828","828","20230112","673"
"2300","きょくとう","東証ST","サービス","2715","5551230","1.23","6","25.72","1.16","19.01","422.15","48900","100","20230707","558","20230329","450"
"2301","学情","東証PR","サービス","28584","15560000","2.61","48","15.61","2.1","117.7","873.73","183700","100","20230718","2046","20230111","1297"
"2303","ドーン","東証ST","情報通信","6392","3300000","0.88","17","17.57","2.71","110.25","715.55","193700","100","20230227","2469","20230106","1780"
"2304","CSSホールディングス","東証ST","サービス","4546","5285600","1.98","17","21.81","1.84","39.44","467.1","86000","100","20230614","1133","20230105","350"
"2305","スタジオアリス","東証PR","サービス","37379","17185650","3.22","70","15.72","1.31","138.37","1656.15","217500","100","20230703","2255","20230227","1999"
"2307","クロスキャット","東証PR","情報通信","17907","17005674","2.37","25","14.55","3.66","72.35","287.55","105300","100","20230126","1547","20230804","980"
"2309","シミックホールディングス","東証PR","サービス","33154","18923569","2.85","50","4.14","0.81","422.69","2171.24","175200","100","20230414","2187","20230203","1669"
"2311","エプコ","東証PR","サービス","6940","9316000","4.3","32","21.74","1.43","34.27","519.92","74500","100","20230125","783","20230116","674"
"2315","CAICA_DIGITAL","東証ST","情報通信","7110","129269094","-","-","-","1.65","-","33.26","5500","100","20230104","86","20230518","47"
"2317","システナ","東証PR","情報通信","119483","450880000","3.77","10","14.19","3.02","18.67","87.71","26500","100","20230201","425","20230810","247"
"2321","ソフトフロントホールディングス","東証GR","情報通信","2902","30873299","0","0","-","7.12","-","13.21","9400","100","20230627","133","20230104","85"
"2323","fonfun","東証ST","情報通信","1802","3380920","0","0","21.17","2.96","25.18","180.19","53300","100","20230726","638","20230104","300"
"2325","NJS","東証PR","サービス","29993","10048000","2.68","80","15.82","1.17","188.66","2559.45","298500","100","20230801","3320","20230104","2033"
"2326","デジタルアーツ","東証PR","情報通信","68545","14133000","1.65","80","19.15","4.89","253.23","992.45","485000","100","20230622","6560","20230817","4480"
"2327","日鉄ソリューションズ","東証PR","情報通信","363259","91501000","2.02","80","15.93","1.76","249.21","2258.94","397000","100","20230605","4265","20230105","3140"
"2329","東北新社","東証ST","情報通信","48465","46735334","1.83","19","13.72","0.61","75.6","1705.11","103700","100","20230714","1094","20230120","657"
"2330","フォーサイド","東証ST","情報通信","2637","32557704","-","-","19.8","2.37","4.09","34.2","8100","100","20230303","88","20230131","64"
"2331","綜合警備保障","東証PR","サービス","469384","510200210","1.87","17.2","18.26","1.47","50.38","627.6","92000","100","20230824","930","20230113","672"
"2332","クエスト","東証ST","情報通信","6640","5487768","3.8","46","9.84","1.05","123.02","1150.09","121000","100","20230613","1634","20230818","1185"
"2334","イオレ","東証GR","サービス","5907","2648992","0","0","68.2","7.75","32.7","287.61","223000","100","20230703","2576","20230104","919"
"2335","キューブシステム","東証PR","情報通信","18270","15750000","2.59","30","16.29","1.86","71.23","622.93","116000","100","20230613","1288","20230105","1000"
"2337","いちご","東証PR","不動産","145044","505381018","2.79","8","13.01","1.29","22.06","222.05","28700","100","20230113","305","20230526","242"
"2338","クオンタムソリューションズ","東証ST","情報通信","10937","13671131","0","0","-","41.78","-15.5","19.15","80000","100","20230308","1022","20230427","673"
"2340","極楽湯ホールディングス","東証ST","サービス","12718","30868300","0","0","-","-","-","-5.26","41200","100","20230814","431","20230105","223"
"2341","アルバイトタイムス","東証ST","サービス","4348","30837249","2.13","3","53.82","0.87","2.62","162.65","14100","100","20230510","165","20230117","120"
"2342","トランスジェニック","東証GR","サービス","5049","16999141","1.01","3","33.37","0.83","8.9","356.44","29700","100","20230126","358","20230807","284"
"2344","平安レイサービス","東証ST","サービス","9476","12306795","3.77","29","8.39","0.46","91.8","1668.52","77000","100","20230703","825","20230104","730"
"2345","クシム","東証ST","情報通信","4571","14746733","-","-","14.49","0.82","21.4","380.35","31000","100","20230302","650","20230817","277"
"2349","エヌアイデイ","東証ST","情報通信","20910","13109490","1.69","27","10.06","0.98","158.48","1632.88","159500","100","20230203","1849","20230529","1550"
"2351","ASJ","東証GR","情報通信","3888","7951100","0.41","2","59.85","1.56","8.17","312.54","48900","100","20230410","612","20230406","451"
"2353","日本駐車場開発","東証PR","不動産","76996","348398600","2.38","5.25","18.59","6.39","11.89","34.58","22100","100","20230104","308","20230807","205"
"2354","YE_DIGITAL","東証ST","情報通信","13022","18135800","1.39","10","18.6","2.73","38.6","263.02","71800","100","20230828","740","20230105","394"
"2359","コア","東証PR","情報通信","25604","14834580","2.9","50","11.74","1.64","146.99","1051.04","172600","100","20230621","1808","20230106","1413"
"2370","メディネット","東証GR","サービス","11716","221061757","0","0","-","2.35","-8.26","22.51","5300","100","20230217","107","20230808","46"
"2371","カカクコム","東証PR","サービス","347032","201763000","2.67","46","18.8","7.27","91.49","236.52","172000","100","20230119","2221","20230815","1624"
"2372","アイロムグループ","東証PR","サービス","22518","12338365","2.74","50","7.62","1.73","239.52","1052.98","182500","100","20230104","2584","20230818","1693"
"2373","ケア21","東証ST","サービス","10079","14844000","2.5","17","101.65","1.48","6.68","458.17","67900","100","20230220","736","20230313","620"
"2374","セントケア・ホールディング","東証PR","サービス","19624","24998733","3.18","25","9.69","1.34","80.98","585.46","78500","100","20230104","841","20230407","736"
"2375","ギグワークス","東証ST","サービス","5539","21979560","3.57","9","18.98","1.33","13.28","189.46","25200","100","20230220","330","20230821","239"
"2376","サイネックス","東証ST","サービス","4193","6470660","2.31","15","11.36","0.48","57.06","1351.47","64800","100","20230626","723","20230213","550"
"2378","ルネサンス","東証PR","サービス","19818","21379000","0.86","8","175.24","1.61","5.29","577.08","92700","100","20230309","961","20230116","861"
"2379","ディップ","東証PR","サービス","211693","60140000","2.36","83","20.91","5.35","168.38","658.48","352000","100","20230207","4075","20230818","3200"
"2384","SBSホールディングス","東証PR","陸運","119949","39718200","2.15","65","10","1.56","302.13","1933.81","302000","100","20230731","3425","20230116","2693"
"2385","総医研ホールディングス","東証GR","サービス","6304","26158200","2.07","5","35.03","0.9","6.88","266.41","24100","100","20230621","315","20230817","222"
"2388","ウェッジホールディングス","東証GR","その他金融","5953","40773478","0","0","-","1.58","-","92.15","14600","100","20230209","196","20230602","93"
"2389","デジタルホールディングス","東証PR","サービス","24699","23817700","-","-","82.37","0.63","12.59","1656.24","103700","100","20230124","1292","20230817","963"
"2391","プラネット","東証ST","サービス","8211","6632800","3.43","42.5","16.75","1.56","73.9","793.11","123800","100","20230720","1604","20230301","1201"
"2393","日本ケアサプライ","東証ST","サービス","27210","16342400","4.2","70","16.17","1.7","102.97","981.47","166500","100","20230727","1745","20230112","1512"
"2395","新日本科学","東証PR","サービス","88760","41632400","2.35","50","18.57","3.34","114.82","638.5","213200","100","20230306","3225","20230713","1988"
"2397","DNAチップ研究所","東証ST","サービス","4771","6353064","0","0","-","7.77","-9.13","96.66","75100","100","20230214","1125","20230104","455"
"2402","アマナ","東証GR","サービス","2550","5579200","0","0","-","-","-201.26","-706.87","45700","100","20230130","570","20230531","253"
"2404","鉄人化計画","東証ST","サービス","5595","13647362","0","0","-","24.8","-","16.53","41000","100","20230526","552","20230113","276"
"2408","KG情報","東証ST","サービス","3129","7398000","2.36","10","11.42","0.53","37.05","795.53","42300","100","20230710","445","20230104","335"
"2410","キャリアデザインセンター","東証PR","サービス","15005","7054400","3.29","70","10.84","3.22","196.16","661.48","212700","100","20230309","2315","20230116","1355"
"2411","ゲンダイエージェンシー","東証ST","情報通信","5069","12799700","4.55","18","12.48","1.17","31.72","337.88","39600","100","20230307","500","20230125","348"
"2412","ベネフィット・ワン","東証PR","サービス","196203","159190900","2.92","36","26.74","9.55","46.09","129.05","123250","100","20230201","2390","20230818","1109"
"2413","エムスリー","東証PR","サービス","1937800","678977000","-","-","38.75","6.14","73.65","465.07","285400","100","20230203","3755","20230818","2727"
"2415","ヒューマンホールディングス","東証ST","サービス","11163","10987200","4.18","42.5","7.19","0.75","141.29","1346.94","101600","100","20230731","1095","20230104","839"
"2418","ツカダ・グローバルホールディング","東証PR","サービス","24627","48960000","1.99","10","6.07","0.98","82.81","515.66","50300","100","20230808","544","20230106","339"
"2424","ブラス","東証PR","サービス","4990","5709300","0.69","6","6.46","1.33","135.24","655.97","87400","100","20230606","1300","20230818","810"
"2425","ケアサービス","東証ST","サービス","2948","4200000","2.28","16","7.81","1.16","89.9","604.76","70200","100","20230208","878","20230105","575"
"2427","アウトソーシング","東証PR","サービス","141401","126026200","3.83","43","7.85","1.72","142.94","653.02","112200","100","20230731","1453","20230116","916"
"2428","ウェルネット","東証PR","サービス","11427","19400000","3.57","21","14.07","1.44","41.86","410.38","58900","100","20230508","716","20230803","559"
"2429","ワールドホールディングス","東証PR","サービス","41777","17657300","4.37","103.5","6.86","1.16","344.67","2047.4","236600","100","20230515","3000","20230818","2311"
"2432","ディー・エヌ・エー","東証PR","サービス","182913","122145545","-","-","-","0.72","-","2092.28","149750","100","20230516","2053","20230818","1448"
"2433","博報堂DYホールディングス","東証PR","サービス","513439","389559436","2.43","32","17.95","1.34","73.44","984.7","131800","100","20230809","1646","20230823","1298"
"2435","シダー","東証ST","サービス","3030","11476000","1.52","4","9.68","2.92","27.27","90.41","26400","100","20230519","388","20230112","165"
"2436","共同ピーアール","東証ST","サービス","4925","8746992","1.6","9","10.65","1.8","52.84","312.34","56300","100","20230621","766","20230314","543"
"2437","Shinwa_Wise_Holdings","東証ST","サービス","6261","10066518","1.77","11","15.27","1.77","40.73","351.7","62200","100","20230720","843","20230426","461"
"2438","アスカネット","東証GR","サービス","13901","17464000","0.88","7","37.48","2.13","21.24","373.19","79600","100","20230307","1015","20230817","739"
"2440","ぐるなび","東証PR","サービス","19233","56903800","0","0","-","3.93","-13.81","86.07","33800","100","20230130","410","20230316","313"
"2445","タカミヤ","東証PR","サービス","23572","46585600","2.77","14","9.74","1.18","51.96","427.43","50600","100","20230807","579","20230110","357"
"2449","プラップジャパン","東証ST","サービス","5498","4679010","3.4","40","-","1.05","-","1124.05","117500","100","20230728","1286","20230106","911"
"2453","ジャパンベストレスキューシステム","東証PR","サービス","24947","34127177","2.46","18","25.32","2.53","28.87","289.07","73100","100","20230123","852","20230601","638"
"2454","オールアバウト","東証ST","サービス","7066","14103600","-","-","76.14","1.55","6.58","323.01","50100","100","20230124","636","20230821","495"
"2459","アウンコンサルティング","東証ST","サービス","1163","7502800","0","0","-","2.03","-","76.23","15500","100","20230309","190","20230825","154"
"2461","ファンコミュニケーションズ","東証PR","サービス","30157","76930032","4.85","19","20.94","1.51","18.72","259.16","39200","100","20230509","430","20230818","381"
"2462","ライク","東証PR","サービス","30779","20464800","3.86","58","8.37","1.87","179.78","806.38","150400","100","20230124","2270","20230818","1462"
"2464","ビジネス・ブレークスルー","東証PR","サービス","5834","14264100","2.69","11","12.75","1.21","32.08","337.8","40900","100","20230322","583","20230117","355"
"2468","フュートレック","東証ST","サービス","2528","9504200","0","0","-","1.51","-8.55","175.9","26600","100","20230705","388","20230106","204"
"2469","ヒビノ","東証ST","サービス","17554","10265480","1.75","30","16.97","1.9","100.78","901.86","171000","100","20230705","2010","20230104","1320"
"2471","エスプール","東証PR","サービス","38082","79007500","2.07","10","15.69","4.86","30.72","99.19","48200","100","20230104","858","20230818","441"
"2475","WDBホールディングス","東証PR","サービス","40942","20060000","3.55","72.5","11.29","1.45","180.76","1407.81","204100","100","20230614","2247","20230316","1902"
"2477","手間いらず","東証PR","情報通信","22064","6479834","0.85","29","26.55","3.81","128.25","892.74","340500","100","20230123","5250","20230804","3175"
"2479","ジェイテック","東証GR","サービス","2237","8572400","-","-","12.23","1.99","21.34","131.48","26100","100","20230724","364","20230110","221"
"2480","システム・ロケーション","東証ST","情報通信","4998","3570000","2.71","38","11.23","1.53","124.71","913.85","140000","100","20230127","1528","20230814","1323"
"2481","タウンニュース社","東証ST","サービス","3317","5575320","2.86","17","6.9","0.75","86.22","788.26","59500","100","20230511","743","20230224","475"
"2483","翻訳センター","東証ST","サービス","6172","3369000","2.73","50","8.73","1.08","209.78","1690.55","183200","100","20230622","1900","20230104","1498"
"2484","出前館","東証ST","情報通信","53895","132421230","0","0","-","1.23","-128.76","330.88","40700","100","20230718","578","20230427","369"
"2485","ティア","東証ST","サービス","10282","22498100","4.38","20","14.45","1.31","31.63","347.61","45700","100","20230509","468","20230105","413"
"2487","CDG","東証ST","サービス","8237","6240000","1.29","17","24.07","1.28","54.84","1030.2","132000","100","20230705","1426","20230118","1020"
"2488","JTP","東証ST","サービス","5733","6015600","2.62","25","14.94","1.86","63.8","511.8","95300","100","20230606","1309","20230118","715"
"2489","アドウェイズ","東証PR","サービス","24825","42004900","1.33","7.84","16.64","1.58","35.52","374.31","59100","100","20230607","740","20230116","478"
"2491","バリューコマース","東証PR","サービス","43468","34471000","3.97","50","12.74","1.88","98.96","671.03","126100","100","20230127","2023","20230818","1146"
"2492","インフォマート","東証PR","サービス","114150","259431200","0.22","0.97","282.05","8.75","1.56","50.29","44000","100","20230802","447","20230316","251"
"2493","イーサポートリンク","東証ST","サービス","3770","4424800","0.59","5","31.42","1.13","27.12","754.89","85200","100","20230529","945","20230116","842"
"2497","ユナイテッド","東証GR","サービス","37665","40412690","5.15","48","11.04","1.41","84.45","662.72","93200","100","20230828","937","20230106","588"
"2498","オリエンタルコンサルタンツホールディングス","東証ST","サービス","15597","6126120","2.85","72.5","6.03","0.74","422.08","3447.33","254600","100","20230801","3270","20230815","2476"
"2499","日本和装ホールディングス","東証ST","サービス","2713","9134000","4.71","14","11.41","0.79","26.03","377.36","29700","100","20230424","319","20230215","285"
"2501","サッポロホールディングス","東証PR","食料品","346301","78794298","1.02","45","62.25","2.01","70.6","2190.9","439500","100","20230828","4395","20230123","2949"
"2502","アサヒグループホールディングス","東証PR","食料品","2810320","507003362","2.07","115","17.44","1.18","317.75","4688.18","554300","100","20230614","5815","20230105","3993"
"2503","キリンホールディングス","東証PR","食料品","1845823","914000000","3.42","69","14.47","1.54","139.53","1308.13","201950","100","20230426","2245","20230113","1906"
"2531","宝ホールディングス","東証PR","食料品","253619","199699743","2.13","27","16.74","1.21","75.87","1046.36","127000","100","20230809","1324","20230116","994"
"2533","オエノンホールディングス","東証PR","食料品","24201","65586196","1.9","7","11.93","1.1","30.92","336.12","36900","100","20230606","392","20230110","233"
"2540","養命酒製造","東証PR","食料品","31565","16500000","2.35","45","31.84","0.6","60.08","3167.38","191300","100","20230510","1916","20230111","1780"
"2573","北海道コカ・コーラボトリング","東証ST","食料品","36918","13607996","1.11","30","147.69","0.92","18.37","2939.86","271300","100","20230628","2760","20230106","2028"
"2579","コカ・コーラボトラーズジャパンホールディングス","東証PR","食料品","385722","206268593","2.67","50","-","0.72","-23.98","2614.72","187000","100","20230810","2050","20230210","1267"
"2585","ライフドリンクカンパニー","東証PR","食料品","51982","12995595","0.75","30","21.63","5.78","184.96","692.4","400000","100","20230621","4360","20230209","2170"
"2586","フルッタフルッタ","東証GR","食料品","2445","33497329","0","0","-","2.87","-8.17","25.47","7300","100","20230703","106","20230406","70"
"2587","サントリー食品インターナショナル","東証PR","食料品","1455699","309000000","1.7","80","19.28","1.37","244.34","3439.45","471100","100","20230522","5510","20230116","4240"
"2588","プレミアムウォーターホールディングス","東証ST","食料品","82412","29644432","2.52","70","17.11","3.86","162.51","720.59","278000","100","20230825","2924","20230201","2360"
"2590","ダイドーグループホールディングス","東証PR","食料品","92287","16568500","1.08","60","-","1.01","-","5526.49","557000","100","20230815","5580","20230117","4515"
"2593","伊藤園","東証PR","食料品","384238","89212380","0.98","42","28.15","3.06","153","1408.55","430700","100","20230302","4825","20230707","3802"
"2594","キーコーヒー","東証PR","食料品","47579","22689000","0.48","10","89.81","1.46","23.35","1438.74","209700","100","20230515","2118","20230324","2015"
"2597","ユニカフェ","東証ST","食料品","12884","13869200","-","-","42.54","2.11","21.84","440.98","92900","100","20230828","935","20230117","888"
"2599","ジャパンフーズ","東証ST","食料品","5539","5100000","2.49","27","7.48","0.68","145.22","1602.79","108600","100","20230509","1230","20230113","1060"
"2602","日清オイリオグループ","東証PR","食料品","142283","33716257","2.84","120","11.89","0.8","354.81","5260.46","422000","100","20230815","4265","20230116","3030"
"2607","不二製油グループ本社","東証PR","食料品","200753","87569383","2.27","52","12.32","0.88","186.12","2609.21","229250","100","20230828","2312","20230320","1828"
"2612","かどや製油","東証ST","食料品","32712","9400000","1.44","50","26.69","0.98","130.4","3541.79","348000","100","20230327","3670","20230718","3420"
"2613","J-オイルミルズ","東証PR","食料品","59880","33508446","1.96","35","18.82","0.61","94.93","2922.62","178700","100","20230810","1858","20230116","1487"
"2651","ローソン","東証PR","小売","702301","100300000","2.86","200","24.16","2.7","289.77","2591.07","700200","100","20230713","7320","20230112","4885"
"2652","まんだらけ","東証ST","小売","11759","7236000","0.06","1","28.33","1.15","57.36","1411.08","162500","100","20230518","2050","20230125","937"
"2653","イオン九州","東証ST","小売","83566","34833558","1.17","28","19.39","1.78","123.71","1346.26","239900","100","20230713","2457","20230227","2237"
"2654","アスモ","東証ST","小売","5149","15145175","2.94","10","17.34","0.73","19.61","465.15","34000","100","20230120","419","20230818","314"
"2656","ベクターホールディングス","東証ST","小売","5678","19247000","0","0","-","10","-3.33","29.49","29500","100","20230719","422","20230519","185"
"2659","サンエー","東証PR","小売","154471","31981654","1.53","74","18.9","1.11","255.57","4338.7","483000","100","20230814","4940","20230116","3955"
"2664","カワチ薬品","東証PR","小売","56124","24583420","2.19","50","12.14","0.47","188.05","4827.55","228300","100","20230309","2377","20230531","2132"
"2666","オートウェーブ","東証ST","小売","2500","14451000","1.16","2","9.23","0.68","18.75","256.25","17300","100","20230309","244","20230106","160"
"2667","イメージワン","東証ST","卸売","7238","10803600","0","0","104.2","2.93","6.43","228.72","67000","100","20230619","922","20230817","580"
"2668","タビオ","東証ST","卸売","7638","6813880","2.68","30","24.32","1.87","46.1","598.09","112100","100","20230712","1250","20230307","1057"
"2669","カネ美食品","東証ST","小売","30400","10000000","1.25","38","16.34","1.12","186.08","2714.3","304000","100","20230711","3110","20230227","2756"
"2670","エービーシー・マート","東証PR","小売","637949","82539646","2.23","172","17.97","2.05","430.1","3769.13","772900","100","20230518","8270","20230210","6530"
"2673","夢みつけ隊","東証ST","小売","1171","10458000","0","0","189.83","0.53","0.59","212.46","11200","100","20230309","126","20230426","108"
"2674","ハードオフコーポレーション","東証PR","小売","20582","13954000","4.2","62","12.06","1.34","122.32","1097.39","147500","100","20230711","1567","20230119","1188"
"2676","高千穂交易","東証PR","卸売","32448","10171800","4.29","137","23.16","1.8","137.74","1773.76","319000","100","20230705","3300","20230106","2155"
"2678","アスクル","東証PR","小売","188114","97518800","1.87","36","18.25","2.93","105.69","658.2","192900","100","20230705","2389","20230316","1573"
"2681","ゲオホールディングス","東証PR","小売","100258","39534052","0.95","24","14.31","1.23","177.17","2055.67","253600","100","20230823","2615","20230323","1515"
"2683","魚喜","東証ST","小売","3021","2555856","0.85","10","86.21","3.77","13.71","313.12","118200","100","20230531","1200","20230106","1101"
"2685","アダストリア","東証PR","小売","143618","48800000","2.21","65","14.2","2.13","207.22","1384.38","294300","100","20230703","3235","20230116","2052"
"2686","ジーフット","東証ST","小売","12389","42572700","0","0","-","-","-51.69","-190.64","29100","100","20230130","305","20230329","266"
"2687","シー・ヴイ・エス・ベイエリア","東証ST","小売","4684","5064000","2.16","20","22.61","1.61","40.92","575.32","92500","100","20230825","1082","20230106","399"
"2689","オルバヘルスケアホールディングス","東証ST","卸売","10863","6250000","4.03","70","7.22","1.02","240.56","1712.19","173800","100","20230628","2060","20230120","1488"
"2692","伊藤忠食品","東証PR","卸売","76193","12720000","1.67","100","14.9","0.74","401.98","8098.44","599000","100","20230824","6140","20230113","4700"
"2693","YKT","東証ST","卸売","3465","11906880","1.72","5","6.76","0.42","43.07","691.58","29100","100","20230130","372","20230316","266"
"2694","焼肉坂井ホールディングス","東証ST","小売","17510","239866162","-","-","429.41","2.34","0.17","31.26","7300","100","20230203","77","20230104","69"
"2695","くら寿司","東証PR","小売","127511","41399600","0.65","20","111.27","2.54","27.68","1210.3","308000","100","20230310","3475","20230106","2913"
"2698","キャンドゥ","東証ST","小売","49355","16770200","0.58","17","-","3.95","-44","745.39","294300","100","20230814","2981","20230111","2202"
"2700","木徳神糧","東証ST","卸売","8581","1706000","1.19","60","7.41","0.64","678.93","7876.25","503000","100","20230823","5080","20230322","3820"
"2702","日本マクドナルドホールディングス","東証ST","小売","760531","132960000","0.68","39","36.22","3.57","157.94","1601.22","572000","100","20230512","5930","20230104","4985"
"2705","大戸屋ホールディングス","東証ST","小売","37492","7251800","0.1","5","34.64","10.55","149.27","490.2","517000","100","20230828","5370","20230104","3120"
"2706","ブロッコリー","東証ST","その他製品","13069","8747642","-","-","-","1.4","-","1065.6","149400","100","20230707","1502","20230403","990"
"2708","久世","東証ST","卸売","8064","4626327","0.69","12","6.45","1.56","270.19","1118.81","174300","100","20230817","1960","20230105","745"
"2715","エレマテック","東証PR","卸売","77841","42304946","4.84","89","10.39","1.14","177.06","1610.11","184000","100","20230309","1957","20230105","1482"
"2721","ジェイホールディングス","東証ST","卸売","1366","6728500","0","0","-","3.5","-","57.96","20300","100","20230407","501","20230817","192"
"2722","IKホールディングス","東証PR","小売","3157","8308000","1.32","5","21.64","1.52","17.56","249.52","38000","100","20230331","420","20230113","351"
"2726","パルグループホールディングス","東証PR","小売","186013","46272000","1.49","60","17.01","3.16","236.31","1273.65","402000","100","20230817","4355","20230105","2431"
"2730","エディオン","東証PR","小売","163528","112005636","3.01","44","12.5","0.72","116.82","2040.81","146000","100","20230704","1495","20230203","1248"
"2733","あらた","東証PR","卸売","94831","18028712","3.16","166","9.56","0.86","550.22","6113.65","526000","100","20230815","5500","20230410","3905"
"2734","サーラコーポレーション","東証PR","小売","49069","66041147","3.5","26","8.78","0.63","84.58","1185.48","74300","100","20230518","802","20230106","700"
"2735","ワッツ","東証PR","小売","8701","13898800","2.4","15","56.65","0.71","11.05","886.12","62600","100","20230104","725","20230711","620"
"2736","フェスタリアホールディングス","東証ST","小売","1901","1207900","1.27","20","61.87","1.42","25.44","1110.34","157400","100","20230821","1596","20230228","1421"
"2737","トーメンデバイス","東証PR","卸売","33568","6802000","2.43","120","39.49","0.81","124.98","6063.52","493500","100","20230309","7170","20230817","4640"
"2742","ハローズ","東証PR","小売","85696","21423900","1.05","42","13.19","1.53","303.28","2613.14","400000","100","20230828","4020","20230104","2869"
"2743","ピクセルカンパニーズ","東証ST","卸売","3140","73031600","0","0","-","3","-","14.31","4300","100","20230724","63","20230818","38"
"2747","北雄ラッキー","東証ST","小売","3794","1264640","1.67","50","19.05","0.72","157.45","4181.91","300000","100","20230220","3170","20230227","2870"
"2749","JPホールディングス","東証PR","サービス","28639","87849400","1.84","6","11.12","2.03","29.32","160.21","32600","100","20230613","407","20230104","290"
"2750","石光商事","東証ST","卸売","5632","8000000","3.69","26","6.76","0.5","104.09","1401.03","70400","100","20230116","888","20230406","676"
"2751","テンポスホールディングス","東証ST","卸売","36345","14314800","0.39","10","18.38","2.35","138.15","1079.84","253900","100","20230418","2623","20230104","2371"
"2752","フジオフードグループ本社","東証PR","小売","62022","45337860","-","-","-","33.02","-1.32","41.43","136800","100","20230607","1546","20230301","1296"
"2753","あみやき亭","東証PR","小売","23560","6848800","1.74","60","24.29","1.18","141.64","2925.83","344000","100","20230418","3875","20230113","2861"
"2754","東葛ホールディングス","東証ST","小売","1883","4840000","3.86","15","7","0.38","55.6","1022.88","38900","100","20230802","406","20230316","331"
"2760","東京エレクトロンデバイス","東証PR","卸売","102053","10445500","3.58","350","11.51","2.53","848.82","3855.02","977000","100","20230614","11400","20230105","6420"
"2762","SANKO_MARKETING_FOODS","東証ST","小売","3965","22276203","0","0","265.67","10.6","0.67","16.79","17800","100","20230518","311","20230320","143"
"2763","エフティグループ","東証ST","卸売","37542","30822268","4.52","55","9.73","1.77","125.15","689.08","121800","100","20230828","1223","20230518","1007"
"2764","ひらまつ","東証PR","小売","19731","74740400","0","0","-","4.2","-1.57","62.81","26400","100","20230510","347","20230117","179"
"2767","円谷フィールズホールディングス","東証PR","卸売","177386","69400000","1.17","30","19.67","4.21","129.94","607","255600","100","20230808","3380","20230119","1092"
"2768","双日","東証PR","卸売","729675","235000000","4.19","130","7.47","0.81","415.61","3822.85","310500","100","20230801","3438","20230105","2424"
"2769","ヴィレッジヴァンガードコーポレーション","東証ST","小売","8577","7861700","-","-","67.93","1.43","16.06","761.72","109100","100","20230828","1095","20230104","1036"
"2776","新都ホールディングス","東証ST","卸売","2270","31966100","0","0","16.17","2","4.39","35.51","7100","100","20230209","108","20230824","70"
"2778","パレモ・ホールディングス","東証ST","小売","2495","12051384","0","0","4.41","1.79","46.98","115.74","20700","100","20230330","243","20230105","174"
"2780","コメ兵ホールディングス","東証ST","小売","65853","11257000","1.5","88","13.3","2.58","439.93","2263.39","585000","100","20230824","6390","20230213","2191"
"2782","セリア","東証ST","小売","171550","75840000","3.09","70","20.02","1.76","112.97","1287.72","226200","100","20230106","3045","20230606","2199"
"2784","アルフレッサホールディングス","東証PR","卸売","500305","202840000","2.8","69","22.52","1.01","109.51","2441.11","246650","100","20230816","2498","20230117","1549"
"2788","アップルインターナショナル","東証ST","卸売","6427","13851400","1.08","5","5.2","0.73","89.16","637.79","46400","100","20230815","485","20230316","245"
"2789","カルラ","東証ST","小売","2559","6021112","-","-","-","1.77","-","240.21","42500","100","20230706","507","20230227","378"
"2790","ナフコ","東証ST","小売","56263","29784400","3.07","58","9.35","0.33","202.01","5694.78","188900","100","20230706","1974","20230104","1557"
"2791","大黒天物産","東証PR","小売","90898","14474200","0.46","29","23.64","1.77","265.64","3543.59","628000","100","20230816","6460","20230117","4650"
"2792","ハニーズホールディングス","東証PR","小売","46063","27900000","3.33","55","9.58","1.13","172.26","1462.57","165100","100","20230711","1840","20230104","1350"
"2795","日本プリメックス","東証ST","卸売","4038","5523592","2.74","20","9.62","0.55","76.01","1325.64","73100","100","20230703","875","20230105","689"
"2796","ファーマライズホールディングス","東証PR","小売","6170","9746645","3.16","20","13.29","0.89","47.64","708.01","63300","100","20230728","721","20230320","605"
"2798","ワイズテーブルコーポレーション","東証ST","小売","9209","3298400","0","0","27.9","23.94","100.06","116.63","279200","100","20230822","2852","20230227","1878"
"2801","キッコーマン","東証PR","食料品","1632109","193883202","0.82","69","36.69","3.67","229.42","2291.78","841800","100","20230623","8745","20230224","6170"
"2802","味の素","東証PR","食料品","3207398","529798154","1.22","74","33.51","3.99","180.68","1517.25","605400","100","20230828","6062","20230110","3828"
"2804","ブルドックソース","東証PR","食料品","28817","13954880","1.69","35","550.67","1.34","3.75","1544.14","206500","100","20230728","2108","20230117","1758"
"2805","ヱスビー食品","東証ST","食料品","50879","13622234","1.66","62","10.75","0.69","347.55","5407.89","373500","100","20230814","3800","20230104","3450"
"2806","ユタカフーズ","東証ST","食料品","15704","8832311","2.25","40","23.76","0.57","74.84","3132.04","177800","100","20230330","2054","20230822","1770"
"2809","キユーピー","東証PR","食料品","338751","141500000","2.09","50","39.15","1.24","61.15","1923.99","239400","100","20230710","2476","20230111","2116"
"2810","ハウス食品グループ本社","東証PR","食料品","314140","100750620","1.48","46","17.38","1.09","179.42","2872.17","311800","100","20230724","3405","20230110","2634"
"2811","カゴメ","東証PR","食料品","319338","94366944","1.12","38","44.82","2.29","75.51","1480.78","338400","100","20230502","3585","20230112","2904"
"2812","焼津水産化学工業","東証ST","食料品","13042","11450398","0","0","301.32","0.69","3.78","1662.42","113900","100","20230810","1218","20230531","790"
"2813","和弘食品","東証ST","食料品","8667","949319","0.56","51","21.71","1.22","420.47","7461.17","913000","100","20230417","10460","20230104","5910"
"2814","佐藤食品工業","東証ST","食料品","15930","9326460","2.05","35","15.42","0.36","110.73","4742.51","170800","100","20230508","1740","20230120","1587"
"2815","アリアケジャパン","東証PR","食料品","176412","32808683","1.9","102","24.82","1.54","216.65","3495.93","537700","100","20230501","5640","20230105","4130"
"2816","ダイショー","東証ST","食料品","13885","9868800","1.28","18","29.52","1.5","47.66","936.84","140700","100","20230825","1410","20230330","1353"
"2818","ピエトロ","東証PR","食料品","11563","6257230","1.3","24","93.33","2.28","19.8","811.25","184800","100","20230329","1905","20230130","1790"
"2819","エバラ食品工業","東証ST","食料品","31197","10468710","1.34","40","29.24","0.93","101.92","3212.89","298000","100","20230309","3240","20230713","2850"
"2820","やまみ","東証PR","食料品","11928","6967500","2.22","38","14.63","1.44","116.98","1189.8","171200","100","20230823","1736","20230301","1292"
"2830","アヲハタ","東証ST","食料品","20738","8292000","0.8","20","90.88","1.58","27.52","1585.44","250100","100","20230724","2520","20230124","2399"
"2831","はごろもフーズ","東証ST","食料品","31441","10325365","1.64","50","35.82","0.8","85.01","3795.97","304500","100","20230817","3075","20230613","2889"
"2871","ニチレイ","東証PR","食料品","457064","134075652","2.17","74","19.43","1.88","175.42","1814.61","340900","100","20230824","3444","20230203","2599"
"2872","セイヒョー","東証ST","食料品","4078","1620993","0.68","17","77.94","2.66","32.28","946.56","251600","100","20230323","4685","20230825","2355"
"2874","横浜冷凍","東証PR","卸売","77224","59266684","1.84","24","22.53","0.92","57.83","1423.12","130300","100","20230814","1315","20230320","922"
"2875","東洋水産","東証PR","食料品","674711","110881044","1.64","100","14.97","1.51","406.36","4028.84","608500","100","20230628","6695","20230113","4760"
"2876","デルソーレ","東証ST","食料品","4917","9105290","1.85","10","10.02","0.77","53.9","704.88","54000","100","20230816","577","20230329","379"
"2877","日東ベスト","東証ST","食料品","10227","12102660","1.42","12","29.21","0.68","28.93","1250.12","84500","100","20230725","872","20230330","740"
"2882","イートアンドホールディングス","東証PR","食料品","22645","10681413","0.47","10","48.13","2.55","44.05","829.87","212000","100","20230201","2363","20230726","2086"
"2883","大冷","東証ST","食料品","11914","6008300","3.03","60","10.68","1.28","185.63","1554.57","198300","100","20230510","2000","20230330","1839"
"2884","ヨシムラ・フード・ホールディングス","東証PR","食料品","23518","23876621","0","0","31.23","3.03","31.54","325.43","98500","100","20230731","1202","20230105","626"
"2892","日本食品化工","東証ST","食料品","23104","6400000","3.46","125","10.44","0.75","345.63","4831.12","361000","100","20230302","3780","20230518","2604"
"2894","石井食品","東証ST","食料品","5242","18392000","1.05","3","106.74","1.59","2.67","179.12","28500","100","20230728","330","20230330","241"
"2897","日清食品ホールディングス","東証PR","食料品","1293483","102861500","1.27","160","29.99","2.8","419.33","4483.54","1257500","100","20230509","13300","20230130","9910"
"2899","永谷園ホールディングス","東証PR","食料品","45588","19138703","1.3","31","11.56","1.08","206.01","2203.2","238200","100","20230824","2398","20230105","1981"
"2901","石垣食品","東証ST","食料品","2016","14295700","0","0","-","20.14","-","7","14100","100","20230519","256","20230828","135"
"2903","シノブフーズ","東証ST","食料品","11206","13000000","2.44","21","8.33","0.75","103.46","1154.03","86200","100","20230815","888","20230104","639"
"2904","一正蒲鉾","東証PR","食料品","13998","18590000","1.59","12","15.38","1.02","48.97","738.91","75300","100","20230510","802","20230213","698"
"2907","あじかん","東証ST","食料品","6722","7700000","1.72","15","17.96","0.46","48.61","1894.93","87300","100","20230201","915","20230330","810"
"2908","フジッコ","東証PR","食料品","58329","30050759","2.37","46","38.63","0.81","50.24","2401.2","194100","100","20230515","1950","20230314","1832"
"2910","ロック・フィールド","東証PR","食料品","41308","26788748","1.49","23","27.86","1.41","55.34","1096.3","154200","100","20230131","1606","20230601","1436"
"2911","旭松食品","東証ST","食料品","4125","1876588","1.14","25","20.17","0.54","109","4083.04","219800","100","20230105","2280","20230330","2180"
"2914","日本たばこ産業","東証PR","食料品","6340000","2000000000","5.93","188","12.31","1.45","257.47","2178.87","317000","100","20230627","3252","20230116","2538"
"2915","ケンコーマヨネーズ","東証PR","食料品","23742","16476000","1.73","25","40.76","0.63","35.35","2305.49","144100","100","20230828","1441","20230330","1190"
"2916","仙波糖化工業","東証ST","食料品","7855","11400000","2.18","15","26.15","0.71","26.35","963.92","68900","100","20230810","700","20230105","612"
"2917","大森屋","東証ST","食料品","4950","5098096","1.54","15","22.21","0.43","43.72","2276.63","97100","100","20230828","980","20230104","806"
"2918","わらべや日洋ホールディングス","東証PR","食料品","47871","17625660","2.58","70","14.82","0.93","183.23","2909.26","271600","100","20230802","2865","20230316","1691"
"2922","なとり","東証PR","食料品","29764","15032209","1.11","22","22.44","1.05","88.22","1892.94","198000","100","20230126","2096","20230601","1907"
"2923","サトウ食品","東証ST","食料品","26494","5075500","-","-","-","1.44","-","3620.44","522000","100","20230612","5360","20230119","4820"
"2924","イフジ産業","東証ST","食料品","14104","8345370","2.72","46","9.67","1.55","174.68","1087.5","169000","100","20230828","1697","20230208","890"
"2926","篠崎屋","東証ST","食料品","1314","14436600","-","-","-","1.17","-","77.5","9100","100","20230307","102","20230821","90"
"2927","AFC-HDアムスライフサイエンス","東証ST","食料品","11870","14387699","3.33","27.5","11.8","0.91","69.91","903.52","82500","100","20230206","997","20230316","720"
"2929","ファーマフーズ","東証PR","食料品","48882","29079000","1.31","22","19.04","6.42","88.27","261.92","168100","100","20230622","2344","20230112","1218"
"2930","北の達人コーポレーション","東証PR","化学","34986","141072000","0.85","2.1","36.8","5.67","6.74","43.74","24800","100","20230308","368","20230804","229"
"2931","ユーグレナ","東証PR","食料品","93063","117060465","0","0","-","4.28","-","185.67","79500","100","20230202","1058","20230818","768"
"2932","STIフードホールディングス","東証ST","食料品","22431","5926300","1.45","55","19.51","3.41","194.05","1110.67","378500","100","20230814","3860","20230215","2600"
"2933","紀文食品","東証PR","食料品","25524","22829781","1.52","17","13.41","1.96","83.36","571.75","111800","100","20230825","1134","20230106","924"
"2934","ジェイフロンティア","東証GR","食料品","24090","4972098","0","0","783.98","9.21","6.18","525.78","484500","100","20230802","5430","20230117","1980"
"2935","ピックルスホールディングス","東証PR","食料品","15829","12858430","1.79","22","13.43","0.89","91.64","1382.95","123100","100","20230703","1386","20230424","1100"
"2936","ベースフード","東証GR","食料品","30950","52280900","0","0","-","23.35","-16.73","25.35","59200","100","20230809","633","20230119","318"
"2937","サンクゼール","東証GR","食料品","29533","9115200","1.08","35","26.86","6.9","120.63","469.24","324000","100","20230410","4735","20230801","2371"
"2961","日本調理機","東証ST","金属製品","3225","1135572","3.52","100","10.27","0.54","276.52","5246.94","284000","100","20230810","3170","20230316","2451"
"2962","テクニスコ","東証ST","金属製品","5658","9140200","-","-","13.4","1.08","46.19","573.81","61900","100","20230726","980","20230818","572"
"2970","グッドライフカンパニー","東証ST","不動産","6597","4259100","0","0","10.77","2.22","143.81","696.28","154900","100","20230720","2085","20230113","617"
"2975","スター・マイカ・ホールディングス","東証PR","不動産","20774","34000000","3.27","20","6.8","0.91","89.89","671.25","61100","100","20230112","729","20230817","571"
"2978","ツクルバ","東証GR","不動産","13536","11569500","0","0","-","9.89","-21.71","118.31","117000","100","20230828","1195","20230323","630"
"2980","SREホールディングス","東証PR","不動産","53475","16179895","0","0","37.35","4.8","88.49","688.95","330500","100","20230619","4405","20230426","2915"
"2981","ランディックス","東証GR","不動産","8167","2827793","2.53","73","6.28","1.24","459.74","2336.91","288800","100","20230621","4290","20230106","2263"
"2982","ADワークスグループ","東証PR","不動産","10335","49212764","3.81","8","8.3","0.6","25.29","351.54","21000","100","20230621","223","20230105","139"
"2983","アールプランナー","東証GR","不動産","4374","5379480","1.85","15","10.91","1.04","74.49","778.19","81300","100","20230623","877","20230317","690"
"2984","ヤマイチ・ユニハイムエステート","東証ST","不動産","6279","7184500","3.78","33","5.93","0.59","147.43","1477.2","87400","100","20230327","960","20230516","785"
"2986","LAホールディングス","東証GR","不動産","29774","6057775","4.27","210","8.45","2.34","581.36","2104.58","491500","100","20230810","5260","20230113","2965"
"2987","タスキ","東証GR","不動産","15327","14087200","3.95","43","9.58","2.29","113.57","475.97","108800","100","20230208","1463","20230516","972"
"2991","ランドネット","東証ST","不動産","7327","5951800","1.5","18.5","6.67","1.07","184.43","1145.2","123100","100","20230609","1500","20230111","991"
"2993","長栄","東証ST","不動産","8947","4473400","4","80","7.77","0.93","257.49","2144.46","200000","100","20230317","2182","20230116","1772"
"2997","ストレージ王","東証GR","不動産","921","1845500","0","0","8.08","1.08","61.77","462.75","49900","100","20230201","610","20230329","463"
"2998","クリアル","東証GR","不動産","36613","5811600","0","0","75.45","10.96","83.5","574.62","630000","100","20230815","9070","20230104","1781"
"2999","ホームポジション","東証ST","不動産","2522","5990000","1.19","5","252.1","0.64","1.67","661.44","42100","100","20230704","632","20230817","394"
"3001","片倉工業","東証ST","繊維製品","57682","35215000","0.98","16","20.89","0.73","78.42","2246.31","163800","100","20230403","1879","20230804","1578"
"3002","グンゼ","東証PR","繊維製品","78167","17293516","3.32","150","16.05","0.67","281.55","6791.69","452000","100","20230309","4770","20230116","4025"
"3003","ヒューリック","東証PR","不動産","974859","767907735","3.62","46","11.17","1.33","113.69","957.42","126950","100","20230623","1275","20230117","1007"
"3004","神栄","東証ST","卸売","5786","4168500","2.88","40","6.65","1.07","208.66","1302.02","138800","100","20230818","1460","20230110","772"
"3010","ポラリス・ホールディングス","東証ST","サービス","20717","123314389","0","0","11.28","5.97","14.9","28.14","16800","100","20230814","219","20230201","89"
"3011","バナーズ","東証ST","小売","2671","20236086","3.03","4","13.13","0.87","10.05","150.9","13200","100","20230512","153","20230116","118"
"3020","アプライド","東証ST","小売","6366","2703200","3.4","80","5.79","0.68","406.94","3479.74","235500","100","20230731","2468","20230209","1846"
"3021","パシフィックネット","東証ST","サービス","9039","5285700","2.4","41","22.29","3.21","76.72","531.99","171000","100","20230630","1974","20230106","1005"
"3023","ラサ商事","東証ST","卸売","18455","11983838","4.42","68","8.83","0.86","174.39","1795.36","154000","100","20230227","1608","20230105","1129"
"3024","クリエイト","東証ST","卸売","3112","3969000","3.32","26","6.62","0.64","118.42","1216.13","78400","100","20230124","931","20230106","664"
"3028","アルペン","東証PR","小売","73459","38888000","2.65","50","17.13","0.63","110.29","3002.6","188900","100","20230508","2101","20230818","1857"
"3030","ハブ","東証PR","小売","11932","12830200","0.43","4","73.11","4.93","12.72","188.5","93000","100","20230814","1008","20230116","587"
"3031","ラクーンホールディングス","東証PR","情報通信","16316","22228743","2.45","18","30.6","3.05","23.99","240.65","73400","100","20230201","1219","20230804","656"
"3034","クオールホールディングス","東証PR","小売","71737","38902785","1.63","30","11.05","1.39","166.93","1324.91","184400","100","20230814","1926","20230316","1108"
"3035","ケイティケイ","東証ST","卸売","3361","5725000","2.56","15","9.78","0.84","60.04","702.4","58700","100","20230704","732","20230112","354"
"3036","アルコニックス","東証PR","卸売","43150","31042900","3.88","54","7.61","0.66","182.69","2108.51","139000","100","20230802","1470","20230601","1295"
"3038","神戸物産","東証PR","卸売","986054","273600000","0.61","22","37.28","7.99","96.67","450.98","360400","100","20230522","4185","20230315","3340"
"3040","ソリトンシステムズ","東証PR","情報通信","22246","19738888","1.77","20","14.1","2.07","79.91","544.69","112700","100","20230703","1348","20230313","981"
"3041","ビューティ花壇","東証ST","卸売","5969","5076000","1.15","13.58","43.3","8.73","27.16","134.7","117600","100","20230517","2409","20230106","272"
"3042","セキュアヴェイル","東証GR","情報通信","1899","7690000","0","0","90.48","1.69","2.73","145.91","24700","100","20230530","324","20230106","241"
"3045","カワサキ","東証ST","卸売","4047","2901000","2.87","40","16.65","0.57","83.77","2466.1","139500","100","20230421","1465","20230104","1278"
"3046","ジンズホールディングス","東証PR","小売","83331","23980000","0.89","31","37.87","3.69","91.77","942.8","347500","100","20230105","4895","20230428","2909"
"3048","ビックカメラ","東証PR","小売","208278","188146304","1.36","15","24.29","1.39","45.57","798.31","110700","100","20230104","1290","20230526","1033"
"3050","DCMホールディングス","東証PR","小売","183885","149500000","3.25","40","9","0.69","136.67","1782.47","123000","100","20230421","1477","20230314","1108"
"3053","ペッパーフードサービス","東証PR","小売","5815","50567500","0","0","-","2.7","-13.37","42.6","11500","100","20230324","194","20230817","109"
"3054","ハイパー","東証PR","卸売","3499","9855300","1.97","7","3550","1.28","0.1","277.61","35500","100","20230130","463","20230824","350"
"3058","三洋堂ホールディングス","東証ST","小売","5580","7400000","0","0","-","2.17","-4.12","348.05","75400","100","20230228","919","20230825","743"
"3059","ヒラキ","東証ST","小売","5161","5155600","2","20","18.74","0.64","53.42","1569.21","100100","100","20230329","1048","20230525","993"
"3063","ジェイグループホールディングス","東証GR","小売","6972","11897400","-","-","252.59","5.78","2.32","101.31","58600","100","20230825","597","20230105","436"
"3064","MonotaRO","東証PR","小売","859316","501351000","0.93","16","37.37","10.71","45.86","160.1","171400","100","20230428","2124","20230316","1598"
"3065","ライフフーズ","東証ST","小売","6340","3660400","0","0","-","2.84","-30.69","609.45","173200","100","20230801","1742","20230227","1625"
"3067","東京一番フーズ","東証PR","小売","4755","8988300","-","-","45.68","3.05","11.58","173.54","52900","100","20230808","551","20230104","460"
"3068","WDI","東証ST","小売","17065","6331920","0.45","12","24.18","3.2","111.44","842.04","269500","100","20230815","2836","20230104","1972"
"3069","JFLAホールディングス","東証ST","小売","8890","47794636","-","-","-","1.86","-","100.06","18600","100","20230307","350","20230828","185"
"3070","アマガサ","東証GR","卸売","2869","11250000","0","0","-","10.32","-","24.71","25500","100","20230605","270","20230130","241"
"3071","ストリーム","東証ST","小売","3252","28525000","2.63","3","9.12","1.08","12.5","105.36","11400","100","20230703","123","20230327","109"
"3073","DDグループ","東証PR","小売","28162","18442720","-","-","15.07","4.27","101.36","357.6","152700","100","20230719","1732","20230117","660"
"3075","銚子丸","東証ST","小売","18104","14518000","0.48","6","40.58","2.05","30.73","609","124700","100","20230828","1247","20230106","1116"
"3076","あいホールディングス","東証PR","卸売","132705","56590410","3.84","90","13.38","1.65","175.25","1420.43","234500","100","20230822","2504","20230105","2025"
"3077","ホリイフードサービス","東証ST","小売","2671","5670000","-","-","116.01","48.56","4.06","9.7","47100","100","20230123","520","20230330","461"
"3079","ディーブイエックス","東証ST","卸売","9238","10780000","3.5","30","16.92","0.98","50.66","876.84","85700","100","20230309","1082","20230803","810"
"3080","ジェーソン","東証ST","小売","6765","12812000","2.46","13","10.74","1.18","49.17","448.65","52800","100","20230222","565","20230606","468"
"3082","きちりホールディングス","東証ST","小売","8989","10550400","0.59","5","43.14","16.56","19.75","51.44","85200","100","20230517","966","20230104","523"
"3083","シーズメン","東証ST","小売","2332","2882800","0","0","467.63","2.66","1.73","304.2","80900","100","20230316","1406","20230104","367"
"3085","アークランドサービスホールディングス","東証PR","小売","100777","33096000","0.99","30","29.64","3.6","102.72","846.18","304500","100","20230823","3145","20230105","2107"
"3086","J.フロントリテイリング","東証PR","小売","403414","270565764","2.21","33","15.33","1.08","97.24","1384.21","149100","100","20230814","1634","20230118","1081"
"3087","ドトール・日レスホールディングス","東証PR","小売","104401","45609761","1.57","36","18.75","1.04","122.1","2201.45","228900","100","20230721","2332","20230113","1630"
"3088","マツキヨココカラ＆カンパニー","東証PR","小売","1188768","142966710","1.21","101","27.6","2.37","301.29","3515.57","831500","100","20230814","9581","20230301","6110"
"3089","テクノアルファ","東証ST","卸売","2670","2316000","3.04","35","-","1.16","-","997.86","115300","100","20230630","1309","20230110","1000"
"3091","ブロンコビリー","東証PR","小売","44604","15079000","0.61","18","52.33","2.44","56.53","1211.29","295800","100","20230720","3045","20230117","2355"
"3092","ZOZO","東証PR","小売","899873","311644285","2.46","71","20.61","11.44","140.07","252.38","288750","100","20230130","3455","20230807","2593"
"3093","トレジャー・ファクトリー","東証PR","小売","34330","24347800","1.63","23","17.57","4.62","80.23","305.12","141000","100","20230420","1910","20230208","1043"
"3094","スーパーバリュー","東証ST","小売","10937","12673750","-","-","-","1.75","-","494.3","86300","100","20230117","1170","20230824","850"
"3096","オーシャンシステム","東証ST","小売","10930","10833000","1.39","14","8.7","1","116","1010.91","100900","100","20230815","1021","20230104","950"
"3097","物語コーポレーション","東証PR","小売","166323","36354750","0.66","30","30.96","6.67","147.78","686.37","457500","100","20230828","4585","20230116","2093"
"3099","三越伊勢丹ホールディングス","東証PR","小売","653850","396994354","0.97","16","20.97","1.14","78.55","1448.48","164700","100","20230814","1793","20230118","1295"
"3101","東洋紡","東証PR","繊維製品","92344","89048792","3.86","40","22.84","0.48","45.41","2144.03","103700","100","20230711","1122","20230116","979"
"3103","ユニチカ","東証PR","繊維製品","12070","57752343","0","0","120.81","0.29","1.73","711.52","20900","100","20230619","251","20230817","202"
"3104","富士紡ホールディングス","東証PR","繊維製品","39907","11720000","3.23","110","17.75","0.91","191.85","3757.34","340500","100","20230802","3860","20230601","2975"
"3105","日清紡ホールディングス","東証PR","電気機器","182728","169192654","3.33","36","-","0.6","-120.98","1795.29","108000","100","20230705","1272","20230120","933"
"3106","倉敷紡績","東証PR","繊維製品","46480","20000000","3.01","70","7.54","0.42","308.29","5598.36","232400","100","20230309","2716","20230117","2042"
"3107","ダイワボウホールディングス","東証PR","卸売","277362","96356460","2.22","64","13.18","1.85","218.48","1552.04","287850","100","20230615","2914","20230105","1851"
"3109","シキボウ","東証PR","繊維製品","12201","11810829","4.84","50","17.11","0.36","60.39","2855.66","103300","100","20230310","1105","20230118","937"
"3110","日東紡績","東証PR","ガラス土石","156362","37723012","1.09","45","33.54","1.44","123.59","2883.75","414500","100","20230828","4145","20230517","1790"
"3111","オーミケンシ","東証ST","繊維製品","2053","6602459","-","-","-","0.91","-151.58","342.42","31100","100","20230309","659","20230116","276"
"3113","Oakキャピタル","東証ST","証券・先物","8148","80676080","-","-","-","1.89","-","53.38","10100","100","20230828","103","20230117","76"
"3116","トヨタ紡織","東証PR","輸送用機器","502569","187665738","2.61","70","14.72","1.19","181.97","2252.21","267800","100","20230814","2730","20230104","1730"
"3121","マーチャント・バンカーズ","東証ST","サービス","8965","29489890","0.33","1","26.16","2.31","11.62","131.53","30400","100","20230105","319","20230614","262"
"3123","サイボー","東証ST","繊維製品","6460","13600000","3.37","16","9.23","0.39","51.45","1228.44","47500","100","20230801","485","20230118","413"
"3131","シンデン・ハイテックス","東証ST","卸売","4805","2110200","2.64","60","11.71","0.71","194.51","3202.39","227700","100","20230530","3370","20230815","2080"
"3132","マクニカホールディングス","東証PR","卸売","385227","60857382","2.37","150","9.08","1.78","696.87","3562.54","633000","100","20230816","6650","20230105","3055"
"3133","海帆","東証GR","小売","16973","43078900","0","0","-","47.24","-17.73","8.34","39400","100","20230705","910","20230104","241"
"3134","Hamee","東証PR","小売","18266","16280000","2.01","22.5","11.62","2.01","96.57","556.97","112200","100","20230615","1210","20230116","688"
"3135","マーケットエンタープライズ","東証PR","小売","6496","5324900","0","0","17.55","4.8","69.5","253.92","122000","100","20230630","1696","20230106","881"
"3137","ファンデリー","東証GR","小売","2105","6457500","0","0","41.21","6.38","7.91","51.07","32600","100","20230428","553","20230105","245"
"3138","富士山マガジンサービス","東証GR","小売","2347","3315620","2.26","16","8.42","1.07","84.05","660.63","70800","100","20230309","830","20230815","690"
"3139","ラクト・ジャパン","東証PR","卸売","20069","9945200","2.38","48","8.58","0.85","235.28","2377.56","201800","100","20230104","2324","20230314","1843"
"3140","BRUNO","東証GR","卸売","13967","14717350","0.42","4","21.27","2.49","44.62","381.87","94900","100","20230622","1025","20230105","902"
"3141","ウエルシアホールディングス","東証PR","小売","551710","209656076","1.29","34","19.62","2.47","134.14","1063.24","263150","100","20230523","3200","20230828","2602.5"
"3143","オーウイル","東証ST","卸売","3960","3150000","3.98","50","5.91","0.95","212.72","1317.6","125700","100","20230620","1333","20230406","1073"
"3148","クリエイトSDホールディングス","東証PR","小売","246229","66819342","1.47","54","17.92","2","205.64","1841.39","368500","100","20230825","3740","20230105","3140"
"3150","グリムス","東証PR","卸売","56501","23630800","0.92","22","19.39","5.03","123.31","475.48","239100","100","20230607","3185","20230130","1975"
"3151","バイタルケーエスケー・ホールディングス","東証PR","卸売","50761","51902976","3.99","39","9.69","0.5","100.88","1972.71","97800","100","20230816","1014","20230116","807"
"3153","八洲電機","東証PR","卸売","27969","21782500","1.95","25","13.61","1.13","94.36","1133.46","128400","100","20230629","1435","20230113","1027"
"3154","メディアスホールディングス","東証PR","卸売","16904","21925104","1.82","14","16.9","0.91","45.61","847.1","77100","100","20230615","936","20230110","674"
"3156","レスターホールディングス","東証PR","卸売","71242","30072643","4.85","115","10.18","0.89","232.81","2659.38","236900","100","20230615","2555","20230106","1980"
"3157","ジューテックホールディングス","東証ST","卸売","16713","13767052","3.62","44","8.06","0.77","150.69","1567.93","121400","100","20230206","1350","20230531","1104"
"3159","丸善CHIホールディングス","東証ST","小売","31376","92554085","0.59","2","15.69","0.68","21.61","499.88","33900","100","20230310","367","20230117","320"
"3160","大光","東証ST","卸売","9138","14883300","1.79","11","16.39","1.67","37.46","368.2","61400","100","20230104","675","20230602","561"
"3161","アゼアス","東証ST","卸売","3889","6085401","3.6","23","9.39","0.55","68.03","1166.95","63900","100","20230426","718","20230126","617"
"3166","OCHIホールディングス","東証PR","卸売","18756","13610970","3.92","54","8.68","0.81","158.75","1693.41","137800","100","20230828","1380","20230531","1210"
"3167","TOKAIホールディングス","東証PR","卸売","130182","139679977","3.43","32","14.32","1.52","65.1","612.37","93200","100","20230828","933","20230116","837"
"3168","黒谷","東証ST","卸売","9004","14337200","3.18","20","42.78","0.99","14.68","631.53","62800","100","20230814","632","20230317","560"
"3169","ミサワ","東証ST","小売","4374","7112400","1.63","10","11.6","1.41","53.04","435.46","61500","100","20230119","680","20230322","580"
"3172","ティーライフ","東証ST","小売","5986","4257200","3.7","52","10.74","1.01","130.94","1391.71","140600","100","20230706","1699","20230130","1242"
"3173","Cominix","東証PR","卸売","5832","6868840","4.12","35","7.65","0.8","110.94","1060.93","84900","100","20230801","915","20230116","725"
"3174","ハピネス・アンド・ディ","東証ST","小売","2388","2581600","1.62","15","-","1.21","-151.94","763.46","92500","100","20230112","950","20230227","895"
"3175","エー・ピーホールディングス","東証ST","小売","12163","12336150","-","-","118.65","-","8.31","-12.14","98600","100","20230815","998","20230117","445"
"3176","三洋貿易","東証PR","卸売","38812","29007708","3.14","42","8.55","0.92","156.55","1459.8","133800","100","20230621","1457","20230110","1081"
"3177","ありがとうサービス","東証ST","小売","2540","953600","4.2","112","7.93","1.03","335.76","2574.53","266400","100","20230222","3055","20230329","2300"
"3178","チムニー","東証ST","小売","28199","19340800","-","-","70.33","6.63","20.73","219.92","145800","100","20230828","1475","20230117","1090"
"3179","シュッピン","東証PR","小売","26802","23407991","2.88","33","11.3","3.76","101.34","304.19","114500","100","20230815","1284","20230406","817"
"3180","ビューティガレージ","東証PR","卸売","29106","6376000","0.53","24","30.58","4.78","149.3","955.79","456500","100","20230719","4850","20230117","3185"
"3181","買取王国","東証ST","小売","3695","3640100","-","-","13.07","1.49","77.67","680.26","101500","100","20230705","1513","20230105","713"
"3182","オイシックス・ラ・大地","東証PR","小売","62556","38028092","0","0","15.83","2.36","103.94","697.27","164500","100","20230517","3035","20230828","1622"
"3183","ウイン・パートナーズ","東証PR","卸売","32486","30503310","4.69","50","15.68","1.4","67.91","761.81","106500","100","20230309","1104","20230116","965"
"3184","ICDAホールディングス","東証ST","小売","5754","2100000","1.82","50","6.29","0.68","435.28","4015.63","274000","100","20230711","3135","20230516","2459"
"3185","夢展望","東証GR","小売","2283","14732000","0","0","-","9.19","-10","16.87","15500","100","20230509","189","20230529","148"
"3186","ネクステージ","東証PR","小売","259260","80766200","1","32","14.86","4.24","216.01","757.78","321000","100","20230710","3820","20230412","2161"
"3187","サンワカンパニー","東証GR","小売","11797","19181600","-","-","15.25","3.68","40.34","167.31","61500","100","20230111","1437","20230530","551"
"3189","ANAP","東証ST","小売","1319","5474800","0","0","-","-","-144.29","-62.58","24100","100","20230206","369","20230823","235"
"3190","ホットマン","東証ST","小売","4642","7275500","1.57","10","22.5","0.64","28.35","999.38","63800","100","20230508","687","20230111","553"
"3191","ジョイフル本田","東証PR","小売","115977","68584671","2.96","50","14.04","0.92","120.43","1842.38","169100","100","20230110","1957","20230728","1612"
"3192","白鳩","東証ST","小売","2288","6669700","-","-","127.04","1.06","2.7","322.27","34300","100","20230519","574","20230320","261"
"3193","鳥貴族ホールディングス","東証PR","小売","35506","11622300","0.33","10","75.81","5.32","40.3","574.35","305500","100","20230828","3065","20230313","1933"
"3195","ジェネレーションパス","東証GR","小売","2193","8277240","-","-","8.67","1.15","30.55","229.75","26500","100","20230309","343","20230821","260"
"3196","ホットランド","東証PR","小売","35450","21655600","0.43","7","54.53","3.23","30.02","506.63","163700","100","20230529","1772","20230216","1341"
"3197","すかいらーくホールディングス","東証PR","小売","453184","227502200","0.3","6","113.31","2.87","17.58","694.37","199200","100","20230815","2095","20230113","1500"
"3198","SFPホールディングス","東証PR","小売","60165","25788689","0.86","20","66.85","4.71","34.9","494.99","233300","100","20230815","2440","20230302","1681"
"3199","綿半ホールディングス","東証PR","小売","27126","19931196","1.69","23","14.64","1.3","92.99","1048.15","136100","100","20230309","1475","20230110","1317"
"3201","日本毛織","東証PR","繊維製品","97314","78478858","2.42","30","12.01","0.8","103.23","1544.25","124000","100","20230828","1240","20230116","911"
"3202","ダイトウボウ","東証ST","繊維製品","2849","30311000","1.6","1.5","14.2","0.59","6.62","158.06","9400","100","20230511","106","20230104","80"
"3204","トーア紡コーポレーション","東証ST","繊維製品","3853","8940448","2.78","12","13.73","0.32","31.4","1361.3","43100","100","20230727","488","20230111","339"
"3205","ダイドーリミテッド","東証ST","繊維製品","10816","35696897","0.66","2","-","0.68","-21","447.2","30300","100","20230322","315","20230602","223"
"3221","ヨシックスホールディングス","東証PR","小売","28762","10361000","0.86","24","30.4","3.18","91.32","871.69","277600","100","20230817","2855","20230316","2046"
"3222","ユナイテッド・スーパーマーケット・ホールディングス","東証ST","小売","148800","131681356","1.42","16","72.53","0.97","15.58","1162.11","113000","100","20230516","1189","20230410","1060"
"3223","エスエルディー","東証ST","小売","1651","1560864","0","0","34.41","6.71","30.75","157.62","105800","100","20230724","1373","20230329","590"
"3224","ゼネラル・オイスター","東証GR","小売","7842","4027700","0","0","63.23","7.66","30.79","254.25","194700","100","20230807","2200","20230105","1050"
"3228","三栄建築設計","東証PR","不動産","42944","21217600","1.85","37.5","6.3","0.74","321.3","2737.13","202400","100","20230822","2033","20230621","1292"
"3231","野村不動産ホールディングス","東証PR","不動産","658285","183111337","3.62","130","9.61","0.94","373.94","3838.45","359500","100","20230623","3632","20230116","2685"
"3232","三重交通グループホールディングス","東証PR","不動産","63523","107301583","2.03","12","14.07","1.09","42.07","545.25","59200","100","20230502","608","20230112","475"
"3236","プロパスト","東証ST","不動産","5167","35147915","2.72","4","6.11","0.58","24.07","252.97","14700","100","20230705","177","20230817","137"
"3237","イントランス","東証GR","不動産","2339","37131000","0","0","-","3.62","-7.58","17.4","6300","100","20230217","69","20230628","55"
"3238","セントラル総合開発","東証ST","不動産","4783","9681600","3.64","18","5.54","0.52","89.18","940.97","49400","100","20230213","670","20230810","457"
"3241","ウィル","東証ST","不動産","4550","11375000","4.13","16.5","7.33","1.1","54.59","362.73","40000","100","20230802","410","20230104","339"
"3242","アーバネットコーポレーション","東証ST","不動産","11703","31374100","5.36","20","7.7","0.85","48.43","437.54","37300","100","20230824","380","20230104","299"
"3244","サムティ","東証PR","不動産","107050","46584085","3.92","90","17.82","1.06","128.97","2162.66","229800","100","20230828","2298","20230117","1935"
"3245","ディア・ライフ","東証PR","不動産","38117","44896800","4.48","38","9.1","1.78","93.33","477.52","84900","100","20230801","897","20230105","587"
"3246","コーセーアールイー","東証ST","不動産","8637","10368000","4.32","36","7.42","0.92","112.24","902.39","83300","100","20230126","901","20230314","710"
"3248","アールエイジ","東証ST","不動産","2376","3181000","4.15","31","9.14","0.59","81.74","1275.46","74700","100","20230803","820","20230110","675"
"3252","地主","東証PR","不動産","34158","18285800","2.94","55","7.76","1.09","240.63","1713.53","186800","100","20230509","1986","20230106","1776"
"3254","プレサンスコーポレーション","東証ST","不動産","130155","69564196","2.14","40","7.89","0.75","237.16","2500.86","187100","100","20230629","2135","20230105","1483"
"3261","グランディーズ","東証GR","不動産","1237","3637874","0","0","118.88","0.64","2.86","530.57","34000","100","20230110","385","20230612","309"
"3264","アスコット","東証ST","不動産","18578","129916662","-","-","18.43","0.73","7.76","194.56","14300","100","20230106","191","20230406","142"
"3266","ファンドクリエーショングループ","東証ST","不動産","3203","37686371","-","-","13.91","1.21","6.11","70.1","8500","100","20230222","104","20230105","80"
"3267","フィル・カンパニー","東証PR","建設","4490","5778000","0","0","25.48","1.62","30.49","480.28","77700","100","20230308","1240","20230804","710"
"3271","THEグローバル社","東証ST","不動産","11521","28306000","4.42","18","5.75","2.18","70.73","186.96","40700","100","20230823","436","20230316","198"
"3275","ハウスコム","東証PR","不動産","6964","7790000","1.79","16","17.72","1","50.44","892.43","89400","100","20230301","1127","20230608","890"
"3276","JPMC","東証PR","不動産","21214","19025600","4.57","51","11.25","2.42","99.1","460.15","111500","100","20230616","1160","20230222","980"
"3277","サンセイランディック","東証ST","不動産","8284","8584900","3.42","33","6.72","0.67","143.69","1435.88","96500","100","20230726","1030","20230116","800"
"3280","エストラスト","東証ST","不動産","3873","6167000","3.5","22","4.52","0.5","138.84","1263.1","62800","100","20230710","725","20230203","566"
"3284","フージャースホールディングス","東証PR","不動産","38873","36916775","5.22","55","7.77","1.08","135.51","971.74","105300","100","20230814","1080","20230106","730"
"3286","トラストホールディングス","東証GR","不動産","2025","5204500","4.11","16","4.85","2.34","80.15","166.31","38900","100","20230814","399","20230201","295"
"3288","オープンハウスグループ","東証PR","不動産","582464","120567900","3.39","164","6.33","1.52","763.39","3176.16","483100","100","20230509","5800","20230213","4695"
"3289","東急不動産ホールディングス","東証PR","不動産","645328","719830974","3.12","28","10.26","0.9","87.34","991.09","89650","100","20230814","904","20230117","596"
"3291","飯田グループホールディングス","東証PR","不動産","653283","280379057","3.86","90","9.37","0.68","248.74","3430.71","233000","100","20230523","2587","20230104","1989"
"3293","アズマハウス","東証ST","不動産","6080","8063400","4.64","35","8.48","0.37","88.95","2015.26","75400","100","20230327","780","20230123","736"
"3294","イーグランド","東証ST","不動産","9524","6379100","5.36","80","5.6","0.89","266.52","1684.84","149300","100","20230306","1569","20230106","1432"
"3297","東武住販","東証ST","不動産","2973","2712400","3.38","37","7.62","0.73","143.86","1502.88","109600","100","20230529","1257","20230104","985"
"3299","ムゲンエステート","東証PR","不動産","24069","24361000","4.35","43","9.21","0.89","107.33","1104.59","98800","100","20230828","1011","20230116","467"
"3300","アンビション_DX_ホールディングス","東証GR","不動産","5531","6871000","3.11","25","5.01","1.21","160.68","667.24","80500","100","20230728","974","20230105","537"
"3302","帝国繊維","東証PR","繊維製品","52336","27444400","2.62","50","17.78","0.81","107.27","2342.99","190700","100","20230828","1907","20230105","1463"
"3306","日本製麻","東証ST","卸売","3255","3673320","0.34","3","29","1.93","30.55","459.89","88600","100","20230124","1078","20230406","694"
"3315","日本コークス工業","東証PR","石油・石炭","33561","302349449","2.7","3","12.92","0.59","8.59","188.1","11100","100","20230705","125","20230316","81"
"3316","東京日産コンピュータシステム","東証ST","卸売","10981","6300000","0","0","23.28","2.84","74.88","613.69","174300","100","20230815","1745","20230106","579"
"3317","フライングガーデン","東証ST","小売","2826","1449168","1.28","25","14.83","1.04","131.47","1866.11","195000","100","20230309","2170","20230120","1732"
"3319","ゴルフダイジェスト・オンライン","東証PR","小売","13157","18274000","1.32","9.5","23.83","-","30.21","-244.06","72000","100","20230123","1595","20230818","697"
"3320","クロスプラス","東証ST","卸売","8684","7718800","2.13","24","6.35","0.6","177.26","1867.29","112500","100","20230807","1200","20230404","731"
"3321","ミタチ産業","東証ST","卸売","9076","7961140","3.51","40","8.1","0.69","140.69","1643.99","114000","100","20230323","1510","20230105","1005"
"3322","アルファグループ","東証ST","卸売","4595","6962400","1.82","12","9.35","0.72","70.59","915.33","66000","100","20230111","779","20230822","650"
"3323","レカム","東証ST","卸売","7189","82630255","1.84","1.6","15.7","1.59","5.54","54.85","8700","100","20230614","113","20230516","71"
"3326","ランシステム","東証ST","サービス","1551","4380900","0","0","50.14","47.84","7.06","7.4","35400","100","20230525","503","20230112","314"
"3328","BEENOS","東証PR","小売","21992","13176995","-","-","8.01","1.46","208.29","1140.82","166900","100","20230308","2590","20230823","1537"
"3329","東和フードサービス","東証ST","小売","15882","8186400","-","-","34.79","2.6","55.76","745.52","194000","100","20230828","1940","20230104","1470"
"3333","あさひ","東証PR","小売","33693","26240800","3.5","45","9.86","0.91","130.2","1414.17","128400","100","20230123","1409","20230531","1237"
"3341","日本調剤","東証PR","小売","42880","32048000","1.87","25","12.51","0.71","106.97","1897.72","133800","100","20230802","1412","20230601","1080"
"3347","トラスト","東証ST","小売","7206","28150000","2.34","6","7.59","0.75","33.74","341.97","25600","100","20230213","318","20230821","243"
"3349","コスモス薬品","東証PR","小売","674613","40000800","0.71","120","28.06","3.16","601.03","5330.26","1686500","100","20230814","17440","20230316","11430"
"3350","メタプラネット","東証ST","卸売","2638","114692187","0","0","-","1.56","-","14.73","2300","100","20230104","48","20230531","21"
"3352","バッファロー","東証ST","小売","3104","2345874","3.78","50","7.75","0.52","170.69","2555.23","132300","100","20230727","1540","20230111","1085"
"3353","メディカル一光グループ","東証ST","小売","8934","4070000","1.82","40","9.94","0.68","220.92","3228.62","219500","100","20230704","2830","20230817","2131"
"3355","クリヤマホールディングス","東証ST","卸売","19334","22300200","3.46","30","5.15","0.44","168.47","1960.96","86700","100","20230703","965","20230106","776"
"3358","ワイエスフード","東証ST","小売","2824","6112200","0","0","942.86","1.95","0.49","237.23","46200","100","20230323","713","20230131","332"
"3359","cotta","東証GR","卸売","5467","11134413","1.63","8","9.54","1.36","51.46","362.19","49100","100","20230517","680","20230119","302"
"3360","シップヘルスケアホールディングス","東証PR","卸売","250005","101669400","1.95","48","17.19","1.8","143.08","1367.96","245900","100","20230104","2696","20230807","2158"
"3361","トーエル","東証ST","小売","15827","20715540","2.62","20","10.73","0.8","71.19","953.93","76400","100","20230310","848","20230117","707"
"3370","フジタコーポレーション","東証ST","小売","1041","3413300","0","0","47.29","11.07","6.45","27.54","30500","100","20230817","381","20230327","236"
"3371","ソフトクリエイトホールディングス","東証PR","情報通信","48957","27550278","1.69","30","15.11","2.8","117.64","635.58","177700","100","20230802","1984","20230105","1494"
"3372","関門海","東証ST","小売","4550","14000900","0","0","24.73","7.6","13.14","42.78","32500","100","20230817","336","20230104","207"
"3374","内外テック","東証ST","卸売","7895","3553098","2.75","61","9.24","0.73","240.51","3040.13","222200","100","20230310","2793","20230516","2031"
"3375","ZOA","東証ST","小売","2488","1454000","3.39","58","5.71","0.85","299.86","2007.04","171100","100","20230808","1815","20230331","1263"
"3377","バイク王＆カンパニー","東証ST","卸売","10797","15315600","4.26","30","18.94","1.4","37.23","505.15","70500","100","20230127","1109","20230818","670"
"3382","セブン＆アイ・ホールディングス","東証PR","小売","5342586","886441983","1.87","113","18.68","1.53","322.68","3939.73","602700","100","20230309","6619","20230407","5430"
"3386","コスモ・バイオ","東証ST","卸売","5764","6048000","3.15","30","12.33","0.65","77.3","1457.82","95300","100","20230110","1019","20230524","937"
"3387","クリエイト・レストランツ・ホールディングス","東証PR","小売","241331","212814284","0.53","6","56.76","8.22","19.98","137.89","113400","100","20230814","1198","20230113","875"
"3388","明治電機工業","東証PR","卸売","18872","12717120","3.57","53","8.53","0.64","173.89","2333.11","148400","100","20230731","1556","20230104","1047"
"3391","ツルハホールディングス","東証PR","小売","521856","49488468","2.53","267","19.79","1.85","532.86","5690.49","1054500","100","20230814","11075","20230324","8340"
"3392","デリカフーズホールディングス","東証ST","卸売","10216","16372000","1.6","10","13.54","1.28","46.09","486.09","62400","100","20230810","679","20230104","471"
"3393","スターティアホールディングス","東証PR","卸売","18504","10240400","2.6","47","13.5","2.91","133.88","620.45","180700","100","20230828","1845","20230106","888"
"3395","サンマルクホールディングス","東証PR","小売","42548","22777370","2.68","50","76.53","1.29","24.41","1447.69","186800","100","20230516","1978","20230106","1660"
"3396","フェリシモ","東証ST","小売","10184","10043500","1.48","15","22.09","0.36","45.91","2779.47","101400","100","20230706","1049","20230119","980"
"3397","トリドールホールディングス","東証PR","小売","344455","87983352","0.19","7.5","131.07","4.48","29.87","873.05","391500","100","20230816","4080","20230105","2628"
"3399","丸千代山岡家","東証ST","小売","17372","2514100","0.23","16","53.38","6.59","129.44","1048.17","691000","100","20230828","7600","20230130","2341"
"3401","帝人","東証PR","繊維製品","291388","197953707","2.04","30","21.78","0.64","67.6","2315.3","147200","100","20230501","1538","20230113","1251"
"3402","東レ","東証PR","繊維製品","1274024","1631481403","2.31","18","16.45","0.76","47.46","1026.01","78090","100","20230221","835","20230113","720"
"3405","クラレ","東証PR","化学","584460","354863603","3.04","50","11.73","0.77","140.41","2125.76","164700","100","20230828","1648.5","20230116","1007"
"3407","旭化成","東証PR","化学","1297890","1393932032","3.87","36","12.91","0.74","72.15","1263.45","93110","100","20230510","1017","20230323","894"
"3409","北日本紡績","東証ST","繊維製品","2391","19440694","0","0","157.69","2.45","0.78","50.27","12300","100","20230622","140","20230207","75"
"3415","TOKYO_BASE","東証PR","小売","15033","48493800","1.29","4","14.22","2.72","21.8","114.16","31000","100","20230317","569","20230817","274"
"3416","ピクスタ","東証GR","小売","1829","2278140","0","0","8.61","1.73","93.27","463.01","80300","100","20230215","883","20230116","672"
"3417","大木ヘルスケアホールディングス","東証ST","卸売","13833","14072100","-","-","-","0.54","-","1827.64","98300","100","20230814","1024","20230104","741"
"3418","バルニバービ","東証GR","小売","13391","9023880","0.67","10","25.28","4.66","58.71","318.53","148400","100","20230706","1760","20230130","965"
"3420","ケー・エフ・シー","東証ST","金属製品","9813","7378050","3.76","50","10.3","0.51","129.08","2627.9","133000","100","20230704","1410","20230105","1182"
"3421","稲葉製作所","東証ST","金属製品","27583","17922429","1.69","26","11.86","0.61","129.81","2543.6","153900","100","20230606","1700","20230130","1360"
"3422","J-MAX","東証ST","金属製品","7340","11857200","2.91","18","-","0.35","-63.09","1777.24","61900","100","20230508","794","20230531","568"
"3423","エスイー","東証ST","金属製品","9283","31256600","4.38","13","19.5","0.89","15.23","332.47","29700","100","20230127","351","20230531","280"
"3426","アトムリビンテック","東証ST","金属製品","4856","4105000","2.96","35","14.75","0.47","80.2","2518.12","118300","100","20230110","1305","20230629","1105"
"3431","宮地エンジニアリンググループ","東証PR","金属製品","40548","6919454","5.46","320","11.39","1.11","514.33","5298.56","586000","100","20230828","5910","20230105","3465"
"3433","トーカロ","東証PR","金属製品","86108","61200000","3.55","50","14.73","1.6","95.51","881.23","140700","100","20230703","1537","20230105","1128"
"3434","アルファ","東証ST","金属製品","15045","10200000","3.05","45","11.78","0.46","125.23","3212.15","147500","100","20230824","1488","20230117","904"
"3435","サンコーテクノ","東証ST","金属製品","10005","8745408","2.88","33","5.44","0.57","210.25","2013.77","114400","100","20230808","1177","20230106","903"
"3436","SUMCO","東証PR","金属製品","686693","350175139","-","-","-","1.19","-","1641.45","196100","100","20230529","2184","20230104","1727"
"3437","特殊電極","東証ST","金属製品","3366","1602000","1.71","36","19.09","0.47","110.06","4429.14","210100","100","20230403","2880","20230822","2100"
"3439","三ツ知","東証ST","金属製品","4747","5304040","1.28","11.5","23.23","0.49","38.52","1823.44","89500","100","20230118","1161","20230801","860"
"3440","日創プロニティ","東証ST","金属製品","7110","7360000","3.11","30","3.3","0.55","292.76","1761.78","96600","100","20230731","1011","20230104","541"
"3441","山王","東証ST","金属製品","5080","5000000","0.98","10","11.72","0.76","86.66","1331.09","101600","100","20230607","1458","20230323","891"
"3443","川田テクノロジーズ","東証PR","金属製品","35741","5917370","3.31","200","9.1","0.47","663.5","12769.75","604000","100","20230828","6050","20230105","3225"
"3444","菊池製作所","東証ST","金属製品","4701","12337700","2.62","10","270.21","1","1.41","380.25","38100","100","20230110","459","20230601","360"
"3445","RSTechnologies","東証PR","金属製品","73875","26327406","0","0","9.97","1.41","281.54","1985.42","280600","100","20230124","4140","20230817","2655"
"3446","ジェイテックコーポレーション","東証PR","金属製品","14189","5873000","0","0","39.63","5.72","60.97","422.15","241600","100","20230130","3410","20230712","2116"
"3447","信和","東証ST","金属製品","10789","14103000","4.18","32","11.73","0.7","65.2","1094.21","76500","100","20230214","826","20230407","709"
"3449","テクノフレックス","東証ST","金属製品","23453","21360000","4.92","54","14.9","0.89","73.71","1230.97","109800","100","20230502","1218","20230106","976"
"3452","ビーロット","東証PR","不動産","18350","20032400","-","-","7.27","1.34","125.94","682.57","91600","100","20230828","923","20230106","503"
"3454","ファーストブラザーズ","東証PR","不動産","15355","14445000","3.01","32","7.45","0.64","142.62","1664.29","106300","100","20230728","1125","20230320","820"
"3457","And_Doホールディングス","東証PR","不動産","19961","19570000","4.22","43","8.4","1.3","121.42","784.67","102000","100","20230623","1292","20230106","765"
"3458","シーアールイー","東証PR","不動産","43011","29259200","1.63","24","12.01","1.12","122.43","1316.02","147000","100","20230621","1482","20230209","1015"
"3461","パルマ","東証GR","不動産","2195","6752793","1.23","4","24.38","1.01","13.33","322.11","32500","100","20230724","460","20230515","285"
"3464","プロパティエージェント","東証PR","不動産","10033","7313000","3.28","45","7.61","0.96","180.2","1435.29","137200","100","20230810","1484","20230516","1022"
"3465","ケイアイスター不動産","東証PR","不動産","73680","15862200","5.08","236","6.1","1.42","761.57","3273.81","464500","100","20230802","5350","20230407","3955"
"3467","アグレ都市デザイン","東証PR","不動産","8844","5754000","5.07","78","6.04","1.77","254.45","870.22","153700","100","20230309","1694","20230817","1482"
"3469","デュアルタップ","東証ST","不動産","1404","3433500","3.06","12.5","46.8","0.64","8.74","639.47","40900","100","20230404","585","20230823","399"
"3474","G-FACTORY","東証GR","不動産","2719","6780000","0","0","21.48","1.45","18.67","276.85","40100","100","20230131","520","20230314","389"
"3475","グッドコムアセット","東証PR","不動産","28790","30530400","3.71","35","8.28","2.38","113.87","396.24","94300","100","20230828","945","20230427","755"
"3477","フォーライフ","東証GR","不動産","2408","4000000","2.91","17.5","10.03","0.73","60.01","826.91","60200","100","20230228","664","20230718","590"
"3479","ティーケーピー","東証GR","不動産","111564","42339185","0","0","16.44","2.93","160.31","900.66","263500","100","20230125","3240","20230511","2445"
"3480","ジェイ・エス・ビー","東証PR","不動産","61812","10863300","0.7","40","13.51","1.96","421.28","2908.25","569000","100","20230824","5830","20230220","3750"
"3482","ロードスターキャピタル","東証PR","不動産","36069","21444000","3.12","52.5","5.46","1.67","308.29","1004.31","168200","100","20230801","1795","20230320","1301"
"3484","テンポイノベーション","東証PR","不動産","21633","17674400","1.63","20","23.24","7.23","52.67","169.25","122400","100","20230310","1340","20230608","1006"
"3486","グローバル・リンク・マネジメント","東証PR","不動産","14906","7988304","2.81","52.5","7.08","1.9","263.52","980.82","186600","100","20230828","1887","20230106","1034"
"3489","フェイスネットワーク","東証PR","不動産","13476","9960000","5.25","71","6.67","2.16","202.89","625.73","135300","100","20230623","1656","20230116","676"
"3490","アズ企画設計","東証ST","不動産","2566","1066000","-","-","3.53","1.41","681.3","1707.36","240700","100","20230710","2600","20230104","1366"
"3491","GA_technologies","東証GR","不動産","46595","36746535","-","-","108.19","2.36","11.72","538.1","126800","100","20230614","1747","20230421","1001"
"3494","マリオン","東証ST","不動産","1612","1602200","1.09","11","22.5","0.39","44.71","2552.16","100600","100","20230515","1086","20230106","914"
"3495","香陵住販","東証ST","不動産","4005","2707800","2.77","41","6.98","0.88","212.02","1682.81","147900","100","20230816","1599","20230104","1027"
"3496","アズーム","東証GR","不動産","45144","6011200","0.27","20","54.93","19.3","136.71","389.11","751000","100","20230825","7820","20230106","4650"
"3497","LeTech","東証GR","不動産","5141","4864138","3.03","32","4","1.31","264.13","807.18","105700","100","20230725","1490","20230105","666"
"3498","霞ヶ関キャピタル","東証GR","不動産","43260","8193220","1.14","60","21.32","4.51","247.6","1169.89","528000","100","20230801","5640","20230519","3475"
"3501","住江織物","東証PR","繊維製品","16993","7682162","3.16","70","10.79","0.49","204.93","4549.75","221200","100","20230714","2584","20230116","1786"
"3512","日本フエルト","東証ST","繊維製品","8334","19842089","3.1","13","13.39","0.43","31.36","969.95","42000","100","20230307","432","20230104","398"
"3513","イチカワ","東証ST","繊維製品","6949","4967151","4.29","60","15.62","0.32","89.56","4368.76","139900","100","20230801","1409","20230113","1300"
"3521","エコナックホールディングス","東証PR","サービス","4499","52932733","0","0","22.49","0.98","3.78","87.02","8500","100","20230419","127","20230815","83"
"3524","日東製網","東証ST","繊維製品","3749","2605000","3.47","50","18.66","0.59","77.12","2427.38","143900","100","20230426","1692","20230601","1333"
"3526","芦森工業","東証PR","輸送用機器","13071","6056939","3.48","75","8.64","0.69","249.75","3105.97","215800","100","20230824","2244","20230104","1093"
"3529","アツギ","東証PR","繊維製品","7534","17319568","0","0","13.94","0.22","31.2","1979.35","43500","100","20230725","451","20230127","380"
"3536","アクサスホールディングス","東証ST","小売","4306","30325252","2.82","4","17.95","2.03","7.91","70.01","14200","100","20230726","145","20230214","114"
"3537","昭栄薬品","東証ST","卸売","3468","3579105","3.72","36","9.47","0.44","102.27","2192.54","96900","100","20230206","1030","20230609","967"
"3538","ウイルプラスホールディングス","東証PR","小売","11504","10108960","3.82","43.51","6.52","1.13","174.56","1005.48","113800","100","20230626","1356","20230104","1025"
"3539","JMホールディングス","東証PR","小売","49704","26679500","2.15","40","11.51","1.32","161.92","1415.68","186300","100","20230523","2106","20230106","1636"
"3540","歯愛メディカル","東証ST","卸売","42100","10000000","-","-","16.54","2.19","254.6","1921.43","421000","100","20230126","5360","20230620","3845"
"3541","農業総合研究所","東証GR","卸売","7379","22025900","-","-","-","8.12","-","41.28","33500","100","20230308","519","20230105","312"
"3542","ベガコーポレーション","東証GR","小売","6610","10644800","1.61","10","17.24","1.23","36.02","504.76","62100","100","20230814","745","20230104","455"
"3543","コメダホールディングス","東証PR","卸売","129762","46227900","1.89","53","22.01","3.21","127.52","875.13","280700","100","20230816","2883","20230323","2306"
"3544","サツドラホールディングス","東証PR","小売","11105","14236564","1.28","10","35.9","1.23","21.73","632.18","78000","100","20230425","903","20230602","732"
"3546","アレンザホールディングス","東証PR","小売","30556","30193386","3.75","38","8.35","1.05","121.17","959.89","101200","100","20230125","1051","20230320","941"
"3547","串カツ田中ホールディングス","東証ST","小売","14623","9428280","-","-","39.59","7.03","39.18","220.56","155100","100","20230417","1783","20230227","1479"
"3548","バロックジャパンリミテッド","東証PR","小売","31212","36676300","4.47","38","11.15","1.62","76.34","523.98","85100","100","20230718","960","20230227","776"
"3549","クスリのアオキホールディングス","東証PR","小売","289122","31532560","0.35","32","22.24","2.94","412.28","3123.6","916900","100","20230824","9474","20230407","6180"
"3550","スタジオアタオ","東証GR","小売","3018","14037000","2.33","5","60.22","1.2","3.57","179.4","21500","100","20230320","263","20230116","202"
"3551","ダイニック","東証ST","繊維製品","6710","8504747","3.17","25","8.25","0.29","95.63","2759.13","78900","100","20230810","841","20230106","606"
"3553","共和レザー","東証ST","化学","14798","24500000","3.31","20","17.13","0.43","35.27","1399.38","60400","100","20230727","628","20230116","487"
"3556","リネットジャパングループ","東証GR","小売","8643","12562000","0","0","-","4.03","-16.17","170.67","68800","100","20230731","730","20230106","408"
"3557","ユナイテッド＆コレクティブ","東証GR","小売","4564","3557300","-","-","-","-","-18.04","-190.56","128300","100","20230828","1286","20230317","1172"
"3558","ジェイドグループ","東証GR","小売","19529","11487360","-","-","13.46","3.14","126.28","542.14","170000","100","20230419","1929","20230120","951"
"3559","ピーバンドットコム","東証PR","卸売","2273","4985206","-","-","21.13","1.74","21.58","261.41","45600","100","20230324","574","20230821","450"
"3560","ほぼ日","東証ST","小売","8933","2320200","1.17","45","37.21","2.11","103.46","1824.66","385000","100","20230801","3950","20230123","2910"
"3561","力の源ホールディングス","東証PR","小売","67618","30119200","0.62","14","36.98","8.81","60.71","254.78","224500","100","20230815","2372","20230104","873"
"3562","No.1","東証ST","卸売","7907","6942440","2.9","33","10.04","2.22","113.48","512.17","113900","100","20230703","1337","20230316","1040"
"3563","FOOD＆LIFE_COMPANIES","東証PR","小売","295628","116069184","0.88","22.5","49.1","4.29","51.87","593.99","254700","100","20230310","3710","20230818","2415"
"3565","アセンテック","東証PR","卸売","8569","13536800","1.11","7","16.79","3.13","37.69","202.25","63300","100","20230612","769","20230106","419"
"3566","ユニフォームネクスト","東証GR","小売","6495","9991848","0.46","3","19.21","2.27","33.83","286.65","65000","100","20230613","828","20230119","334"
"3569","セーレン","東証PR","繊維製品","154345","64633646","1.93","46","12.54","1.18","190.39","2021.49","238800","100","20230210","2570","20230524","2113"
"3571","ソトー","東証ST","繊維製品","11008","13933757","2.78","22","4.28","0.92","184.66","854.29","79000","100","20230510","883","20230601","711"
"3577","東海染工","東証ST","繊維製品","3687","3614252","-","-","16.1","0.51","63.35","2008.6","102000","100","20230508","1446","20230818","1007"
"3580","小松マテーレ","東証PR","繊維製品","31881","43140999","2.98","22","16.89","0.82","43.75","904.98","73900","100","20230110","775","20230531","635"
"3583","オーベクス","東証ST","繊維製品","2728","3092623","2.27","20","6.28","0.42","140.36","2118.48","88200","100","20230331","1028","20230705","825"
"3591","ワコールホールディングス","東証PR","繊維製品","190625","61000000","3.2","100","37.77","0.82","82.74","3808.07","312500","100","20230814","3166","20230214","2220"
"3593","ホギメディカル","東証PR","繊維製品","80443","25256963","2.51","80","22.52","0.91","141.4","3512","318500","100","20230117","3675","20230713","3010"
"3597","自重堂","東証ST","繊維製品","28108","2882848","5.13","500","14.05","0.76","693.81","12870.61","975000","100","20230628","10090","20230104","6340"
"3598","山喜","東証ST","繊維製品","2586","14950074","-","-","13.62","0.58","12.7","298.7","17300","100","20230815","203","20230104","132"
"3600","フジックス","東証ST","繊維製品","2261","1468093","3.25","50","-","0.24","-5.08","6430.11","154000","100","20230315","1583","20230104","1408"
"3604","川本産業","東証ST","繊維製品","5466","6000000","1.98","18","9.17","0.8","99.39","1145.19","91100","100","20230104","1155","20230320","885"
"3607","クラウディアホールディングス","東証ST","繊維製品","8090","9689200","0.84","7","16.5","1.95","50.61","428.11","83500","100","20230808","1009","20230104","293"
"3608","TSIホールディングス","東証PR","繊維製品","64273","90144093","2.1","15","17.04","0.6","41.85","1187.57","71300","100","20230712","881","20230113","403"
"3611","マツオカコーポレーション","東証PR","繊維製品","14165","10081900","2.85","40","17.54","0.46","80.1","3034.44","140500","100","20230418","1521","20230104","1010"
"3612","ワールド","東証PR","繊維製品","54441","34390965","3.22","51","9.27","0.64","170.74","2487.88","158300","100","20230712","1815","20230116","1260"
"3622","ネットイヤーグループ","東証GR","情報通信","4332","6999000","0.97","6","20.73","1.68","29.86","367.49","61900","100","20230724","743","20230104","455"
"3623","ビリングシステム","東証GR","情報通信","6387","6564400","1.03","10","24.88","2.67","39.11","364.1","97300","100","20230113","1665","20230817","939"
"3624","アクセルマーク","東証GR","情報通信","2800","10646300","0","0","-","3.11","-19.19","84.54","26300","100","20230605","349","20230818","230"
"3625","テックファームホールディングス","東証GR","情報通信","4351","7515000","0.86","5","37.31","1.89","15.52","305.71","57900","100","20230417","886","20230530","523"
"3626","TIS","東証PR","情報通信","834048","244445411","1.55","53","19.65","2.76","173.6","1236.81","341200","100","20230523","4095","20230224","3220"
"3627","JNSホールディングス","東証PR","情報通信","5669","12459800","1.32","6","14.77","0.97","30.81","471.01","45500","100","20230620","739","20230119","298"
"3628","データホライゾン","東証GR","情報通信","28665","12711780","-","-","-","7.35","-","306.94","225500","100","20230406","3035","20230510","2132"
"3632","グリー","東証PR","情報通信","111625","179749700","-","-","-","1.15","-","539.35","62100","100","20230222","765","20230707","601"
"3633","GMOペパボ","東証PR","情報通信","7432","5468700","0","0","-","4.71","-164.3","288.42","135900","100","20230111","1951","20230818","1308"
"3634","ソケッツ","東証ST","情報通信","2388","2477400","0.31","3","-","3.14","-0.82","306.6","96400","100","20230327","1106","20230106","761"
"3635","コーエーテクモホールディングス","東証PR","情報通信","765293","336096924","2.2","50","23.17","5","98.29","455.43","227700","100","20230501","2540","20230818","2182"
"3636","三菱総合研究所","東証PR","情報通信","81463","16424080","3.02","150","12.26","1.21","404.45","4107.29","496000","100","20230622","5770","20230106","4635"
"3639","ボルテージ","東証ST","情報通信","1948","6513675","-","-","-","0.89","-","335.95","29900","100","20230627","395","20230821","277"
"3640","電算","東証ST","情報通信","9083","5837200","2.38","37","9","0.88","172.85","1759.4","155600","100","20230217","2140","20230113","1502"
"3641","パピレス","東証ST","情報通信","9005","10326880","1.15","10","19.27","0.86","45.25","1009.22","87200","100","20230428","1177","20230818","825"
"3645","メディカルネット","東証GR","情報通信","3631","10773000","0.89","3","14.24","1.59","23.66","211.94","33700","100","20230630","424","20230817","314"
"3646","駅探","東証GR","情報通信","2402","6018800","3.51","14","50.89","0.81","7.84","491.8","39900","100","20230208","506","20230818","387"
"3647","ジー・スリーホールディングス","東証ST","情報通信","2929","17860720","-","-","137.82","1.49","1.19","109.81","16400","100","20230522","268","20230123","142"
"3648","AGS","東証ST","情報通信","12903","17845932","1.52","11","20.85","0.94","34.68","773.24","72300","100","20230703","775","20230106","664"
"3649","ファインデックス","東証PR","情報通信","17056","26608800","1.72","11","17.8","3.94","36.01","162.61","64100","100","20230403","715","20230106","472"
"3652","ディジタルメディアプロフェッショナル","東証GR","情報通信","8029","3152400","0","0","66.76","2.54","38.15","1001.52","254700","100","20230530","4385","20230512","2180"
"3653","モルフォ","東証GR","情報通信","5457","5414000","0","0","-","1.71","-64.14","590.97","100800","100","20230613","1545","20230116","867"
"3655","ブレインパッド","東証PR","情報通信","21007","22300596","0.85","8","26.97","4.13","34.93","227.98","94200","100","20230619","1065","20230316","600"
"3656","KLab","東証PR","情報通信","11177","41092200","0","0","-","0.86","-","317.18","27200","100","20230123","465","20230821","265"
"3657","ポールトゥウィンホールディングス","東証PR","情報通信","26786","38156000","2.28","16","13.37","1.52","52.49","460.41","70200","100","20230523","993","20230804","642"
"3659","ネクソン","東証PR","情報通信","2413481","854480768","0.35","10","-","2.51","-","1124.77","282450","100","20230419","3275","20230807","2444"
"3660","アイスタイル","東証PR","情報通信","38668","79563593","0","0","53.35","3.7","9.11","131.37","48600","100","20230616","765","20230224","416"
"3661","エムアップホールディングス","東証PR","情報通信","53467","36496388","0.82","12","35.31","9.1","41.49","161.02","146500","100","20230828","1479","20230316","968"
"3662","エイチーム","東証PR","情報通信","13318","19789200","2.38","16","-","1.31","0","513.45","67300","100","20230124","818","20230818","637"
"3663","セルシス","東証ST","情報通信","26333","36271180","1.24","9","124.74","3.55","5.82","204.78","72600","100","20230510","910","20230314","590"
"3664","モブキャストホールディングス","東証GR","情報通信","3482","44638408","-","-","8.29","5.56","9.41","14.02","7800","100","20230116","107","20230213","68"
"3665","エニグモ","東証PR","情報通信","15905","42642000","-","-","-","1.51","-","246.49","37300","100","20230105","685","20230817","353"
"3666","テクノスジャパン","東証PR","情報通信","13770","20400000","2.37","16","13.57","1.99","49.75","339.7","67500","100","20230802","783","20230116","453"
"3667","enish","東証ST","情報通信","4345","17243560","-","-","-","14.86","-","16.96","25200","100","20230615","945","20230817","242"
"3668","コロプラ","東証PR","情報通信","82195","130055005","-","-","-","1.07","-","588.35","63200","100","20230519","691","20230316","576"
"3670","協立情報通信","東証ST","情報通信","1829","1205600","3.63","55","10.95","0.99","138.58","1530.27","151700","100","20230328","1678","20230330","1479"
"3671","ソフトマックス","東証GR","情報通信","4488","5999364","2.67","20","11.46","1.55","65.28","482.25","74800","100","20230126","1004","20230601","688"
"3672","オルトプラス","東証ST","情報通信","4392","19435533","-","-","-","4.53","-","49.88","22600","100","20230228","286","20230213","178"
"3673","ブロードリーフ","東証PR","情報通信","51787","97896800","0.19","1","-","2.04","-21.44","259.87","52900","100","20230828","529","20230328","389"
"3674","オークファン","東証GR","情報通信","5212","10813700","0","0","339.44","1.05","1.42","458.35","48200","100","20230808","860","20230105","351"
"3675","クロス・マーケティンググループ","東証PR","情報通信","14339","19970464","1.81","13","7.65","2.29","93.86","312.99","71800","100","20230704","866","20230516","597"
"3676","デジタルハーツホールディングス","東証PR","情報通信","29864","23890800","1.68","21","13.25","3.21","94.35","389.56","125000","100","20230201","1950","20230817","1112"
"3677","システム情報","東証PR","情報通信","17659","23672000","2.55","19","14.69","2.91","50.78","256.32","74600","100","20230104","869","20230601","692"
"3678","メディアドゥ","東証PR","情報通信","17370","15130911","1.92","22","15.93","1.05","72.06","1090.69","114800","100","20230117","1838","20230825","1106"
"3679","じげん","東証PR","情報通信","66238","111700000","0.84","5","16.89","3.74","35.1","158.74","59300","100","20230719","827","20230117","357"
"3680","ホットリンク","東証GR","情報通信","6003","15965800","0","0","85.26","0.94","4.41","398.77","37600","100","20230202","394","20230426","307"
"3681","ブイキューブ","東証PR","情報通信","10390","24737400","0","0","-","1.58","-","266.21","42000","100","20230112","772","20230814","354"
"3682","エンカレッジ・テクノロジ","東証ST","情報通信","3441","6924200","4.02","20","18.92","1.03","26.27","484.21","49700","100","20230411","546","20230529","474"
"3683","サイバーリンクス","東証PR","情報通信","8070","11366712","1.83","13","28.31","1.12","25.08","632.61","71000","100","20230131","1026","20230810","638"
"3686","ディー・エル・イー","東証ST","情報通信","11394","42514200","0","0","71.28","2.58","3.76","104.06","26800","100","20230621","371","20230316","225"
"3687","フィックスターズ","東証PR","情報通信","41371","33635000","0.98","12","30.43","7.81","40.42","157.5","123000","100","20230620","1690","20230117","1135"
"3688","CARTAホールディングス","東証PR","情報通信","30524","25163971","4.45","54","-","1.19","-63.58","1020.38","121300","100","20230206","1722","20230818","1125"
"3690","イルグルム","東証GR","情報通信","3607","6372415","1.31","7.4","20.89","1.87","27.1","303.22","56600","100","20230508","725","20230817","549"
"3691","デジタルプラス","東証GR","情報通信","2506","3690900","0","0","-","3.88","-","175.17","67900","100","20230310","1064","20230818","576"
"3692","FFRIセキュリティ","東証GR","情報通信","9558","8190000","0","0","59.54","5.38","19.6","216.95","116700","100","20230619","1733","20230316","903"
"3694","オプティム","東証PR","情報通信","49468","55148480","-","-","44.65","7.89","20.09","113.62","89700","100","20230130","1188","20230818","853"
"3695","GMOリサーチ","東証GR","情報通信","4754","1677000","4.05","114.84","12.34","2.43","229.69","1165.01","283500","100","20230206","3650","20230816","2644"
"3696","セレス","東証PR","情報通信","11805","11984500","2.03","20","14.03","1.23","70.23","800.56","98500","100","20230419","1485","20230104","871"
"3697","SHIFT","東証PR","情報通信","534055","17822614","0","0","83.84","19.18","357.4","1562.27","2996500","100","20230801","34460","20230222","21450"
"3698","CRI・ミドルウェア","東証GR","情報通信","6080","5578150","0","0","21.73","1.64","50.16","664.73","109000","100","20230713","1224","20230105","868"
"3708","特種東海製紙","東証PR","パルプ・紙","43292","13300000","3.07","100","9.68","0.53","336.3","6160.07","325500","100","20230731","3420","20230113","2782"
"3710","ジョルダン","東証ST","情報通信","3700","5255000","0.85","6","-","0.77","-17.64","914.97","70400","100","20230412","716","20230106","601"
"3712","情報企画","東証ST","情報通信","11571","4090000","3.18","90","10.89","1.57","259.73","1796.94","282900","100","20230120","3045","20230531","2761"
"3719","ジェクシード","東証ST","情報通信","5781","24291132","0","0","-","6.97","-2.86","34.16","23800","100","20230703","320","20230215","148"
"3723","日本ファルコム","東証GR","情報通信","13220","10280000","0.78","10","14.37","1.45","89.5","889.53","128600","100","20230822","1314","20230213","1142"
"3726","フォーシーズHD","東証ST","小売","4031","8077670","-","-","-","6.39","-0.53","78.1","49900","100","20230802","518","20230118","432"
"3727","アプリックス","東証GR","情報通信","3880","22172630","0","0","-","1.63","-","107.52","17500","100","20230727","195","20230104","126"
"3733","ソフトウェア・サービス","東証ST","情報通信","54441","5488000","1.11","110","13.59","1.77","729.73","5591.34","992000","100","20230719","11790","20230213","8350"
"3738","ティーガイア","東証PR","情報通信","96728","56074000","4.35","75","12.03","1.31","143.39","1317.49","172500","100","20230731","1817","20230112","1605"
"3741","セック","東証PR","情報通信","17357","5120000","2.09","71","19.29","2.32","175.73","1461.78","339000","100","20230306","3760","20230106","2517"
"3744","サイオス","東証ST","情報通信","3568","8874400","-","-","-","3.68","-","109.25","40200","100","20230803","442","20230419","361"
"3747","インタートレード","東証ST","情報通信","3023","7444800","0","0","83.37","2.31","4.87","176.05","40600","100","20230612","640","20230427","318"
"3750","サイトリ細胞研究所","東証ST","情報通信","9278","8929419","-","-","-","4.07","-3.36","255.35","103900","100","20230512","1320","20230516","730"
"3753","フライトホールディングス","東証ST","情報通信","3650","9456500","0","0","45.63","7.02","8.46","55.02","38600","100","20230126","512","20230817","365"
"3758","アエリア","東証ST","情報通信","8750","23649428","-","-","11.73","0.87","31.55","424.32","37000","100","20230619","429","20230817","355"
"3760","ケイブ","東証ST","情報通信","11340","6682500","0","0","-","3.13","-","542.61","169700","100","20230418","2911","20230112","1548"
"3762","テクマトリックス","東証PR","情報通信","69983","44518400","1.53","24","19.55","3.3","80.41","476.11","157200","100","20230607","1905","20230316","1341"
"3763","プロシップ","東証PR","情報通信","19965","15609800","3.91","50","11.34","2.64","112.76","483.93","127900","100","20230125","1575","20230815","1197"
"3765","ガンホー・オンライン・エンターテイメント","東証PR","情報通信","207844","87255916","-","-","-","1.17","-","2027.98","238200","100","20230621","3011","20230116","2036"
"3766","システムズ・デザイン","東証ST","情報通信","2629","3500000","3.46","26","11.08","0.62","67.8","1220.82","75100","100","20230105","885","20230615","702"
"3768","リスクモンスター","東証ST","情報通信","4193","7636922","2.73","15","10.53","0.7","52.16","784.19","54900","100","20230112","716","20230821","527"
"3769","GMOペイメントゲートウェイ","東証PR","情報通信","725077","76557545","0.87","82","58.08","8.16","163.07","1160.63","947100","100","20230203","12360","20230814","9065"
"3770","ザッパラス","東証ST","情報通信","6880","13651000","1.98","10","-","1.06","-","473.32","50400","100","20230828","520","20230117","316"
"3771","システムリサーチ","東証PR","情報通信","21435","8360000","2.73","70","11.79","2.41","217.4","1065.57","256400","100","20230704","2807","20230330","2026"
"3772","ウェルス・マネジメント","東証ST","不動産","28543","18753300","-","-","6.24","1.8","244.02","843.69","152200","100","20230508","1708","20230323","1195"
"3773","アドバンスト・メディア","東証GR","情報通信","30495","18392724","-","-","28.47","2.65","58.23","624.94","165800","100","20230615","2129","20230116","1140"
"3774","インターネットイニシアティブ","東証PR","情報通信","471497","183141100","1.33","34.36","22.24","4.14","115.74","621.95","257450","100","20230517","3040","20230118","2247"
"3776","ブロードバンドタワー","東証ST","情報通信","8987","61557500","1.37","2","-","1.08","-5.56","135.47","14600","100","20230209","174","20230526","129"
"3777","FHTホールディングス","東証GR","情報通信","12163","282860380","0","0","-","3.94","-","10.92","4300","100","20230301","67","20230104","26"
"3778","さくらインターネット","東証PR","情報通信","45935","37620700","0.29","3.5","51.24","5.04","23.83","242.19","122100","100","20230620","1750","20230110","483"
"3779","ジェイ・エスコムホールディングス","東証ST","情報通信","1758","11567990","0","0","-","3.65","-","41.67","15200","100","20230809","222","20230216","104"
"3784","ヴィンクス","東証ST","情報通信","23671","17718000","3.29","44","10.64","1.75","125.61","762.08","133600","100","20230213","1499","20230728","1252"
"3787","テクノマセマティカル","東証ST","情報通信","1711","2593100","0","0","106.97","0.8","6.17","821.46","66000","100","20230224","939","20230113","555"
"3788","GMOグローバルサイン・ホールディングス","東証PR","情報通信","35547","11693000","1.27","38.46","39.53","4.2","76.91","724.26","304000","100","20230214","4600","20230818","2602"
"3791","IGポート","東証ST","情報通信","18528","5055400","0.9","33","26.75","2.82","137.03","1299.97","366500","100","20230703","3940","20230116","1936"
"3793","ドリコム","東証GR","情報通信","14612","29224108","-","-","-","2.85","0","175.19","50000","100","20230113","868","20230801","457"
"3796","いい生活","東証ST","情報通信","4252","7280700","0.86","5","19.76","2.21","29.56","264.76","58400","100","20230727","745","20230220","426"
"3798","ULSグループ","東証ST","情報通信","24821","6220800","1.13","45","17.76","2.87","224.64","1388.27","399000","100","20230815","4155","20230602","2899"
"3799","キーウェアソリューションズ","東証ST","情報通信","6341","9110000","2.87","20","7.99","0.72","87.07","963.69","69600","100","20230623","700","20230201","519"
"3800","ユニリタ","東証ST","情報通信","15072","8000000","3.61","68","17.77","1.25","106","1506.77","188400","100","20230626","1900","20230413","1781"
"3802","エコミック","東証ST","情報通信","2073","3831200","1.48","8","11.79","1.66","45.87","326.24","54100","100","20230203","575","20230210","499"
"3803","イメージ情報開発","東証GR","情報通信","911","2080000","0","0","442.42","2.56","0.99","171.37","43800","100","20230207","477","20230817","420"
"3804","システムディ","東証ST","情報通信","8343","6498000","1.71","22","13.24","2.15","96.99","598.16","128400","100","20230104","1461","20230822","1250"
"3807","フィスコ","東証GR","情報通信","5050","45908222","2.73","3","32.07","4.23","3.43","26.02","11000","100","20230220","151","20230817","97"
"3810","サイバーステップ","東証ST","情報通信","4965","11682982","-","-","-","2.31","-","184.13","42500","100","20230420","934","20230721","388"
"3814","アルファクス・フード・システム","東証GR","情報通信","2893","3979100","0","0","15.81","-","45.99","-59.73","72700","100","20230727","1000","20230104","272"
"3815","メディア工房","東証GR","情報通信","3040","11300000","-","-","90.27","2.05","2.98","131.26","26900","100","20230622","334","20230818","258"
"3816","大和コンピューター","東証ST","情報通信","3954","3949762","1.7","17","11.57","0.83","86.48","1205.59","100100","100","20230828","1007","20230207","877"
"3817","SRAホールディングス","東証PR","情報通信","51740","15240000","4.12","140","11.71","1.64","289.88","2065.18","339500","100","20230828","3395","20230320","2879"
"3823","THE_WHY_HOW_DO_COMPANY","東証ST","情報通信","3017","34680693","0","0","-","3.72","-8.28","23.41","8700","100","20230210","145","20230825","85"
"3825","リミックスポイント","東証ST","情報通信","27243","122717800","-","-","-","1.57","-","141.85","22200","100","20230323","383","20230215","206"
"3826","システムインテグレータ","東証ST","情報通信","4708","11078400","2.35","10","13.81","1.65","30.78","258.2","42500","100","20230327","481","20230118","410"
"3834","朝日ネット","東証PR","情報通信","19904","32000000","3.7","23","12.37","1.47","50.28","422.55","62200","100","20230719","685","20230116","565"
"3835","eBASE","東証PR","情報通信","32780","47164800","1.04","7.2","31.5","5.14","22.06","135.27","69500","100","20230621","842","20230106","541"
"3836","アバントグループ","東証PR","情報通信","54436","37645851","1.31","19","21.77","4.42","66.41","327.51","144600","100","20230623","1565","20230105","1255"
"3837","アドソル日進","東証PR","情報通信","16394","9394965","2.23","39","18.12","2.48","96.31","702.22","174500","100","20230509","1910","20230106","1296"
"3839","ODKソリューションズ","東証PR","情報通信","4715","8200000","1.74","10","19.4","0.82","29.64","702.29","57500","100","20230509","632","20230714","548"
"3840","パス","東証ST","情報通信","5929","52009516","0","0","-","5.55","-1.75","20.54","11400","100","20230627","132","20230106","53"
"3841","ジーダット","東証ST","情報通信","3839","3909800","3.05","30","14","1.14","70.14","858.85","98200","100","20230828","1088","20230106","815"
"3842","ネクストジェン","東証GR","情報通信","2208","3041800","0.41","3","27.6","1.25","26.3","579.95","72600","100","20230627","1060","20230316","628"
"3843","フリービット","東証PR","情報通信","27441","23414000","-","-","9.36","2.84","125.25","412.94","117200","100","20230612","1917","20230104","972"
"3844","コムチュア","東証PR","情報通信","76767","32241600","1.93","46","24.09","4.96","98.83","480.18","238100","100","20230130","2515","20230707","1891"
"3845","アイフリークモバイル","東証ST","情報通信","2052","17839641","-","-","25","2.66","4.6","43.16","11500","100","20230524","158","20230818","112"
"3847","パシフィックシステム","東証ST","情報通信","4566","1480000","4.28","132","8.5","0.81","362.93","3808.43","308500","100","20230328","3165","20230106","2950"
"3848","データ・アプリケーション","東証ST","情報通信","7236","7414000","2.31","22.5","17.67","1.44","55.25","677.94","97600","100","20230111","1082","20230630","853"
"3850","エヌ・ティ・ティ・データ・イントラマート","東証ST","情報通信","8597","4955000","2.02","35","60.03","1.85","28.9","935.95","173500","100","20230724","1920","20230518","1520"
"3851","日本一ソフトウェア","東証ST","情報通信","5829","5131400","0.44","5","-","0.8","-","1427.23","113600","100","20230120","1251","20230105","1110"
"3852","サイバーコム","東証ST","情報通信","10757","8021600","2.24","30","13.28","1.54","100.99","869.5","134100","100","20230510","1620","20230821","1281"
"3853","アステリア","東証PR","情報通信","13223","17491265","-","-","-","2.15","-","351.82","75600","100","20230711","890","20230427","609"
"3854","アイル","東証PR","情報通信","66112","25042528","0.95","25","32.33","9.56","81.65","276.12","264000","100","20230608","3190","20230106","1658"
"3856","Abalance","東証ST","電気機器","83854","17469533","-","-","11.88","6.33","403.97","758.02","480000","100","20230516","13620","20230105","2265"
"3857","ラック","東証ST","情報通信","23094","31293120","3.52","26","17.81","1.53","41.43","481.6","73800","100","20230104","825","20230530","680"
"3858","ユビキタスAI","東証ST","情報通信","4288","10459000","0","0","854.17","1.87","0.48","219.05","41000","100","20230619","500","20230105","352"
"3861","王子ホールディングス","東証PR","パルプ・紙","606397","1014381817","2.68","16","9.12","0.62","65.58","967.82","59779","100","20230814","605","20230203","513"
"3863","日本製紙","東証PR","パルプ・紙","147644","116254892","-","-","9.78","0.37","129.92","3454.91","127000","100","20230804","1415","20230119","911"
"3864","三菱製紙","東証PR","パルプ・紙","23445","44741433","0.95","5","5.73","0.31","91.43","1679.1","52400","100","20230804","633","20230118","272"
"3865","北越コーポレーション","東証PR","パルプ・紙","169436","188053114","2","18","16.83","0.65","53.54","1383.62","90100","100","20230523","965","20230216","739"
"3877","中越パルプ工業","東証PR","パルプ・紙","17308","13354688","3.86","50","6.46","0.32","200.77","4049.34","129600","100","20230704","1424","20230213","949"
"3878","巴川製紙所","東証ST","パルプ・紙","7158","10389406","2.18","15","11.91","0.53","57.85","1296.72","68900","100","20230310","789","20230601","640"
"3880","大王製紙","東証PR","パルプ・紙","208646","169012926","1.3","16","51.31","0.86","24.06","1437.78","123450","100","20230814","1274","20230118","952"
"3891","ニッポン高度紙工業","東証ST","パルプ・紙","22463","10804582","2.41","50","10.1","1.03","205.9","2024.12","207900","100","20230816","2240","20230106","1828"
"3892","岡山製紙","東証ST","パルプ・紙","4895","5500000","2.02","18","7.34","0.39","121.25","2280.99","89000","100","20230529","951","20230104","808"
"3895","ハビックス","東証ST","パルプ・紙","3229","8175280","3.04","12","12.23","0.5","32.3","795.29","39500","100","20230710","426","20230316","338"
"3896","阿波製紙","東証ST","パルプ・紙","5432","10172676","-","-","20.49","1.05","26.06","506.68","53400","100","20230126","940","20230104","321"
"3900","クラウドワークス","東証GR","情報通信","21463","15507660","0","0","-","4.07","-","339.87","138400","100","20230216","2050","20230627","1173"
"3901","マークラインズ","東証PR","情報通信","39910","13215200","1.13","34","30.7","8.31","98.37","363.23","302000","100","20230828","3035","20230512","2284"
"3902","メディカル・データ・ビジョン","東証PR","情報通信","29100","40027526","0.89","6.5","23.14","7.44","31.42","97.73","72700","100","20230202","1011","20230818","590"
"3903","gumi","東証PR","情報通信","25130","39512234","-","-","-","1.38","-","459.4","63600","100","20230104","1040","20230630","628"
"3904","カヤック","東証GR","情報通信","12291","15983200","0.51","3.9","14.44","2.29","53.26","335.69","76900","100","20230309","1379","20230817","704"
"3905","データセクション","東証GR","情報通信","4472","14757851","0","0","891.18","1.87","0.34","162.08","30300","100","20230621","437","20230116","237"
"3907","シリコンスタジオ","東証GR","情報通信","4627","2973900","0","0","30.54","2.57","50.95","605.45","155600","100","20230712","1940","20230116","981"
"3908","コラボス","東証GR","情報通信","1672","4792200","-","-","-","0.84","-41.88","414.99","34900","100","20230609","435","20230519","328"
"3909","ショーケース","東証ST","情報通信","3480","8571100","0","0","151.49","2.24","2.68","180.96","40600","100","20230607","483","20230530","288"
"3910","エムケイシステム","東証ST","情報通信","1987","5428000","1.09","4","-","1.87","-81.25","195.85","36600","100","20230202","435","20230817","334"
"3911","Aiming","東証GR","情報通信","16025","40163500","-","-","-","2.45","-8.46","162.78","39900","100","20230508","613","20230215","330"
"3912","モバイルファクトリー","東証PR","情報通信","7221","8925495","0.99","8","10.14","1.91","79.77","424.67","80900","100","20230130","1000","20230817","768"
"3913","sMedio","東証GR","情報通信","1407","2348521","0","0","134.91","1.1","4.44","543.47","59900","100","20230707","695","20230803","571"
"3914","JIG-SAW","東証GR","情報通信","27207","6751000","-","-","-","10.75","-","374.72","403000","100","20230619","6850","20230817","3880"
"3915","テラスカイ","東証PR","情報通信","25170","12855180","0","0","33.85","2.72","57.85","719.36","195800","100","20230619","3175","20230407","1751"
"3916","デジタル・インフォメーション・テクノロジー","東証PR","情報通信","28275","15501820","2.52","46","15.81","4.56","115.36","399.61","182400","100","20230209","1938","20230518","1412"
"3917","アイリッジ","東証GR","情報通信","4539","7126054","0","0","-","1.45","-","437.92","63700","100","20230215","769","20230426","626"
"3918","PCIホールディングス","東証PR","情報通信","11086","10322400","3.07","33","10.11","1.33","106.24","807.08","107400","100","20230706","1250","20230316","955"
"3920","アイビーシー","東証ST","情報通信","3217","5723600","-","-","21.14","1.6","26.58","351.03","56200","100","20230410","859","20230106","375"
"3921","ネオジャパン","東証PR","情報通信","16570","14914800","2.07","23","26.31","2.92","42.23","380.77","111100","100","20230623","1172","20230316","805"
"3922","PR_TIMES","東証PR","情報通信","22393","13457200","0","0","22.19","4.78","74.98","348.03","166400","100","20230112","2483","20230502","1318"
"3923","ラクス","東証PR","情報通信","411995","181216000","0.09","2","-","41.51","-","54.77","227350","100","20230623","2676","20230104","1522"
"3924","ランドコンピュータ","東証PR","情報通信","11005","8983950","3.27","40","12.22","2.28","100.26","538.03","122500","100","20230619","1430","20230105","893"
"3925","ダブルスタンダード","東証PR","情報通信","18890","13580000","3.95","55","10.91","4.46","127.48","311.58","139100","100","20230621","2718","20230818","1292"
"3926","オープンドア","東証PR","情報通信","35480","31260000","0","0","-","6.05","-","187.56","113500","100","20230130","1934","20230822","1103"
"3927","フーバーブレイン","東証GR","情報通信","3579","5600200","0","0","-","2.53","-","252.54","63900","100","20230621","965","20230413","587"
"3928","マイネット","東証PR","情報通信","3092","8710334","0","0","29.93","2.64","11.86","134.54","35500","100","20230310","394","20230421","316"
"3929","ソーシャルワイヤー","東証GR","情報通信","1869","6108600","0","0","456.72","12.84","0.67","23.83","30600","100","20230704","463","20230515","229"
"3930","はてな","東証GR","情報通信","2757","3066600","-","-","18.34","1.07","49.03","843.26","89900","100","20230606","999","20230519","793"
"3931","バリューゴルフ","東証GR","情報通信","2132","1807000","1.69","20","10.66","1.88","110.69","628.73","118000","100","20230724","1596","20230828","1175"
"3932","アカツキ","東証PR","情報通信","27594","14143600","-","-","-","0.68","-","2870.69","195100","100","20230208","2383","20230817","1826"
"3933","チエル","東証ST","情報通信","5666","7869000","0.69","5","11.98","2.09","60.11","345.28","72000","100","20230208","898","20230818","680"
"3934","ベネフィットジャパン","東証PR","情報通信","7189","5971148","0.75","9","13.23","1.06","90.98","1133.07","120400","100","20230608","1316","20230512","1120"
"3935","エディア","東証GR","情報通信","2739","6128000","1.12","5","15.48","2.65","28.88","168.9","44700","100","20230228","948","20230817","422"
"3936","グローバルウェイ","東証GR","情報通信","7645","36403200","0","0","-","6.62","-4.23","31.73","21000","100","20230307","319","20230816","201"
"3937","Ubicomホールディングス","東証PR","情報通信","15051","11879440","-","-","15.46","3.59","81.97","352.67","126700","100","20230511","2459","20230825","1244"
"3939","カナミックネットワーク","東証PR","情報通信","23970","48132000","1.1","5.5","29.55","7.98","16.85","62.44","49800","100","20230120","619","20230427","431"
"3940","ノムラシステムコーポレーション","東証PR","情報通信","5434","46444800","2.78","3.25","28.82","1.93","4.06","60.63","11700","100","20230714","132","20230227","110"
"3941","レンゴー","東証PR","パルプ・紙","272140","271056029","2.39","24","7.77","0.64","129.19","1576.68","100400","100","20230828","1007","20230531","825"
"3943","大石産業","東証ST","パルプ・紙","9636","4664000","3.1","64","6.44","0.48","320.99","4312.03","206600","100","20230802","2263","20230105","1741"
"3944","古林紙工","東証ST","パルプ・紙","4087","1776820","2.17","50","7.26","0.31","316.83","7447.12","230000","100","20230814","2465","20230104","1840"
"3945","スーパーバッグ","東証ST","パルプ・紙","2976","1686154","3.4","60","4.57","0.85","386.08","2085.65","176500","100","20230215","2287","20230206","751"
"3946","トーモク","東証PR","パルプ・紙","44079","19341568","3.07","70","4.86","0.46","468.7","4950.45","227900","100","20230828","2282","20230203","1510"
"3947","ダイナパック","東証ST","パルプ・紙","14503","10322591","4.27","60","8.62","0.33","163.03","4224.64","140500","100","20230816","1429","20230207","1225"
"3948","光ビジネスフォーム","東証ST","パルプ・紙","5042","5815294","4.04","35","5.86","0.53","147.98","1633.75","86700","100","20230823","894","20230213","710"
"3950","ザ・パック","東証PR","パルプ・紙","60994","19900000","2.54","78","11.9","0.86","257.58","3555.05","306500","100","20230731","3370","20230105","2355"
"3951","朝日印刷","東証ST","パルプ・紙","20188","23284929","4.04","35","11.32","0.58","76.57","1503.31","86700","100","20230310","928","20230616","825"
"3953","大村紙業","東証ST","パルプ・紙","2012","3561676","1.77","10","9.58","0.41","58.96","1369.3","56500","100","20230718","598","20230116","505"
"3954","昭和パックス","東証ST","パルプ・紙","8010","4450000","2.22","40","10.38","0.38","173.42","4733.88","180000","100","20230828","1802","20230104","1500"
"3955","イムラ","東証ST","パルプ・紙","12103","10729370","3.1","35","7.78","0.74","144.93","1523.95","112800","100","20230612","1277","20230130","855"
"3961","シルバーエッグ・テクノロジー","東証GR","情報通信","2676","2966942","0","0","78.71","1.97","11.46","457.72","90200","100","20230330","1393","20230112","693"
"3962","チェンジホールディングス","東証PR","情報通信","141214","72978762","0.62","12","19.42","3.82","99.66","506.02","193500","100","20230216","2717","20230721","1809"
"3963","シンクロ・フード","東証PR","情報通信","15410","26893800","0","0","21.85","4.19","26.23","136.78","57300","100","20230623","763","20230316","395"
"3964","オークネット","東証PR","情報通信","45914","26463200","2.77","48","11.47","1.94","151.27","892.33","173500","100","20230207","1917","20230406","1472"
"3965","キャピタル・アセット・プランニング","東証ST","情報通信","4662","5727007","1.35","11","38.82","1.58","20.97","514.54","81400","100","20230731","871","20230105","570"
"3967","エルテス","東証GR","情報通信","5682","6070880","0","0","37.67","2.48","24.85","376.96","93600","100","20230703","1142","20230316","750"
"3968","セグエグループ","東証PR","情報通信","10708","11715191","3.28","30","15.09","2.66","60.56","343.52","91400","100","20230620","1188","20230316","734"
"3969","エイトレッド","東証ST","情報通信","10782","7487400","1.81","26","14.41","2.65","99.9","544.13","144000","100","20230308","1588","20230608","1365"
"3970","イノベーション","東証GR","情報通信","3585","2607500","2.91","40","6.84","1.1","201.01","1251.99","137500","100","20230209","1968","20230817","1275"
"3974","SCAT","東証ST","情報通信","2735","5240000","1.82","9.5","9.91","0.8","52.67","650.07","52200","100","20230525","559","20230110","397"
"3976","シャノン","東証GR","情報通信","2073","3173900","0","0","36.6","7.94","17.84","82.26","65300","100","20230208","1454","20230815","605"
"3978","マクロミル","東証PR","情報通信","29510","40480500","3.43","25","8.7","0.74","83.78","985.95","72900","100","20230130","1168","20230818","718"
"3979","うるる","東証GR","情報通信","13521","6923400","0","0","16.87","6.01","115.75","324.83","195300","100","20230517","2443","20230213","1328"
"3981","ビーグリー","東証PR","情報通信","6868","6243986","1.36","15","7.33","1","149.99","1097.3","110000","100","20230216","1308","20230817","1009"
"3983","オロ","東証PR","情報通信","34365","16156453","0.94","20","20.7","4.34","102.73","489.7","212700","100","20230414","2574","20230220","1741"
"3984","ユーザーローカル","東証PR","情報通信","33794","16115600","0.24","5","31.19","5.28","67.24","396.97","209700","100","20230614","3375","20230106","1169"
"3985","テモナ","東証PR","情報通信","3262","11405592","0","0","-","2.66","-5.63","107.5","28600","100","20230307","342","20230605","248"
"3986","ビーブレイクシステムズ","東証GR","情報通信","2261","1536960","1.02","15","13.17","1.47","111.72","1003.66","147100","100","20230412","1779","20230110","1359"
"3987","エコモット","東証GR","情報通信","3208","5276800","0","0","150.12","3.08","4.05","197.29","60800","100","20230210","753","20230118","385"
"3988","SYSホールディングス","東証ST","情報通信","4017","5229928","1.04","8","13.3","1.45","57.73","528.36","76800","100","20230301","807","20230523","665"
"3989","シェアリングテクノロジー","東証GR","情報通信","17250","22228800","0","0","-","8.99","-","86.28","77600","100","20230822","810","20230106","230"
"3990","UUUM","東証GR","情報通信","14344","19978140","0","0","95.1","4.32","7.55","166.29","71800","100","20230111","879","20230418","596"
"3991","ウォンテッドリー","東証GR","情報通信","15814","9497600","1.2","20","17.73","5.44","93.89","305.87","166500","100","20230111","2944","20230818","1307"
"3992","ニーズウェル","東証PR","情報通信","14000","20348800","1.67","11.5","19.99","3.51","34.41","196.18","68800","100","20230619","924","20230106","368"
"3993","PKSHA_Technology","東証ST","情報通信","81467","31948000","0","0","119.89","2.78","21.27","917.53","255000","100","20230622","3545","20230117","1576"
"3994","マネーフォワード","東証PR","情報通信","284667","54211910","0","0","-","9.43","-","556.94","525100","100","20230619","6487","20230104","3950"
"3995","SKIYAKI","東証GR","情報通信","3872","10815500","0","0","17.3","3.07","20.69","116.54","35800","100","20230606","388","20230117","311"
"3996","サインポスト","東証PR","情報通信","5601","12786995","0","0","329.32","4.08","1.33","107.32","43800","100","20230104","651","20230817","417"
"3997","トレードワークス","東証ST","情報通信","3070","3441900","1.68","15","13.28","2.08","67.16","428.35","89200","100","20230125","1137","20230818","780"
"3998","すららネット","東証GR","情報通信","4097","6694764","0","0","15.15","1.96","40.39","312.71","61200","100","20230106","920","20230817","590"
"4004","レゾナック・ホールディングス","東証PR","化学","429341","184901292","2.8","65","-","0.77","-204.28","3028.75","232200","100","20230703","2418","20230104","1975"
"4005","住友化学","東証PR","化学","651481","1656449145","3.05","12","64.26","0.53","6.12","748.94","39330","100","20230127","501","20230817","379"
"4008","住友精化","東証PR","化学","62143","13980470","4.5","200","9.23","0.67","481.77","6606.23","444500","100","20230802","4720","20230106","3850"
"4011","ヘッドウォータース","東証GR","情報通信","18115","1875298","0","0","210.37","19.84","45.92","486.84","966000","100","20230703","16630","20230106","1672"
"4012","アクシス","東証ST","情報通信","5813","4200200","1.08","15","12.22","2.06","113.23","671.35","138400","100","20230818","1525","20230116","1212"
"4013","勤次郎","東証GR","情報通信","13932","10420000","1.27","17","35.44","1.48","37.73","903.14","133700","100","20230403","1425","20230118","1026"
"4014","カラダノート","東証GR","情報通信","4876","6332400","0","0","-","9.9","-25.41","77.74","77000","100","20230125","1010","20230104","697"
"4015","アララ","東証GR","情報通信","9488","11845563","0","0","-","4.74","-","168.85","80100","100","20230825","840","20230104","283"
"4016","MITホールディングス","東証ST","情報通信","1521","2109400","1.11","8","25.94","2.83","27.79","255.13","72100","100","20230221","1146","20230105","555"
"4017","クリーマ","東証GR","情報通信","2471","6732100","-","-","412.36","2.62","0.89","140.28","36700","100","20230308","569","20230817","336"
"4019","スタメン","東証GR","情報通信","6519","8567000","0.53","4","53.44","5.95","14.24","127.82","76100","100","20230622","1179","20230105","578"
"4020","ビートレンド","東証GR","情報通信","1942","2196600","0","0","15.88","2.37","55.65","372.39","88400","100","20230511","1185","20230815","839"
"4021","日産化学","東証PR","化学","876922","140600000","2.63","164","21.04","4.05","296.41","1538.52","623700","100","20230815","6499","20230106","5610"
"4022","ラサ工業","東証PR","化学","16190","7944203","4.02","82","6.2","0.7","328.57","2915.67","203800","100","20230509","2275","20230104","1797"
"4023","クレハ","東証PR","化学","164794","19525407","3.08","260","10.54","0.74","800.76","11341.59","844000","100","20230515","8990","20230209","7870"
"4025","多木化学","東証PR","化学","35518","9458768","1.33","50","23.23","0.97","161.62","3874.05","375500","100","20230403","4820","20230822","3595"
"4026","神島化学工業","東証ST","ガラス土石","15301","9240000","2.54","42","9.36","1.43","176.96","1161.2","165600","100","20230306","1969","20230106","1432"
"4027","テイカ","東証PR","化学","34149","25714414","2.86","38","9.05","0.56","146.71","2365.62","132800","100","20230731","1502","20230314","1134"
"4028","石原産業","東証PR","化学","58436","40383943","3.46","50","7.36","0.54","196.64","2658.35","144700","100","20230823","1471","20230213","1013"
"4031","片倉コープアグリ","東証ST","化学","12001","10161686","2.88","34","17.64","0.44","66.96","2656.39","118100","100","20230302","2102","20230817","1118"
"4040","南海化学","東証ST","化学","7993","2330330","-","-","11.14","1.02","307.91","3363.33","343000","100","20230824","3925","20230601","2123"
"4041","日本曹達","東証PR","化学","153800","28747667","4.49","240","9.62","0.86","555.89","6234.77","535000","100","20230801","5380","20230117","3935"
"4042","東ソー","東証PR","化学","607414","325080956","4.28","80","9.91","0.8","188.51","2336.24","186850","100","20230306","1898","20230116","1533"
"4043","トクヤマ","東証PR","化学","167858","72088327","3.01","70","7.62","0.72","305.77","3239.04","232850","100","20230801","2498","20230116","1717"
"4044","セントラル硝子","東証PR","化学","75582","26000000","3.96","115","5.15","0.68","564.97","4258.98","290700","100","20230228","3445","20230106","2679"
"4045","東亞合成","東証PR","化学","168437","122100000","2.9","40","16.03","0.78","86.07","1768.67","137950","100","20230801","1396","20230105","1091"
"4046","大阪ソーダ","東証PR","化学","202361","26732017","1.19","90","25.68","1.87","294.81","4046.16","757000","100","20230816","7700","20230105","3680"
"4047","関東電化工業","東証PR","化学","47706","57546050","1.69","14","15.12","0.72","54.83","1149.93","82900","100","20230309","1069","20230822","766"
"4051","GMOフィナンシャルゲート","東証GR","情報通信","87206","8305340","0.37","39","137.54","18.2","76.34","576.87","1050000","100","20230621","12700","20230117","7200"
"4052","フィーチャ","東証GR","情報通信","6500","5856107","0","0","342.59","11.23","3.24","98.86","111000","100","20230608","1648","20230511","581"
"4053","Sun_Asterisk","東証PR","情報通信","49891","38055900","0","0","34.13","5.63","38.41","232.83","131100","100","20230208","1551","20230427","928"
"4054","日本情報クリエイト","東証GR","情報通信","13436","14339440","0.53","5","34.74","4.23","26.97","221.54","93700","100","20230825","994","20230316","619"
"4055","ティアンドエス","東証GR","情報通信","18320","7633200","0.27","6.55","36.66","9.5","65.47","252.72","240000","100","20230719","3680","20230104","1278"
"4056","ニューラルグループ","東証GR","情報通信","17900","15144199","0","0","-","24.42","-6.83","48.4","118200","100","20230622","1943","20230104","936"
"4057","インターファクトリー","東証GR","情報通信","2784","4124400","0","0","61.87","2.49","10.91","271.27","67500","100","20230127","896","20230817","654"
"4058","トヨクモ","東証GR","情報通信","17740","10944000","0.62","10","34.19","8.85","47.41","183.23","162100","100","20230515","1969","20230116","1071"
"4059","まぐまぐ","東証ST","情報通信","1447","2814800","0","0","-","1.12","-21.32","459.37","51400","100","20230626","561","20230112","485"
"4060","rakumo","東証GR","情報通信","7339","5765100","0","0","37.18","5.81","34.24","219.24","127300","100","20230824","1317","20230105","853"
"4061","デンカ","東証PR","化学","236798","88555840","4.49","120","10.48","0.77","255.13","3489.75","267400","100","20230112","3060","20230117","2510"
"4062","イビデン","東証PR","電気機器","1214922","140860557","0.46","40","36.5","2.72","236.29","3174.95","862500","100","20230824","9030","20230222","4350"
"4063","信越化学工業","東証PR","化学","9177374","2024122965","2.21","100","17.6","2.32","257.67","1950.53","453400","100","20230703","4964","20230104","3158"
"4064","日本カーバイド工業","東証PR","化学","14968","9419659","4.09","65","10.67","0.47","148.94","3393.63","158900","100","20230809","1622","20230104","1247"
"4068","ベイシス","東証GR","情報通信","3140","1860370","-","-","34.44","1.6","49.01","1052.84","168800","100","20230228","2462","20230816","1600"
"4069","BlueMeme","東証GR","情報通信","7008","3561146","-","-","30.09","2.71","65.41","725.02","196800","100","20230616","2350","20230307","1359"
"4071","プラスアルファ・コンサルティング","東証PR","情報通信","117005","41461800","0.46","13","43.48","14.02","64.91","201.32","282200","100","20230619","3650","20230816","2411"
"4072","電算システムホールディングス","東証PR","情報通信","30900","10792973","1.29","37","11.64","1.51","245.99","1898.72","286300","100","20230605","3690","20230106","2070"
"4073","ジィ・シィ企画","東証GR","情報通信","1260","2495760","0","0","420.83","3.7","1.2","136.38","50500","100","20230124","740","20230522","482"
"4074","ラキール","東証GR","情報通信","13616","7653500","0","0","23.96","3.94","74.26","451.96","177900","100","20230613","2941","20230106","1100"
"4075","ブレインズテクノロジー","東証GR","情報通信","6336","5509900","0","0","46.96","4.46","24.49","258.11","115000","100","20230613","1676","20230106","878"
"4076","シイエヌエス","東証GR","情報通信","5667","2906000","2.36","46","11.64","1.7","167.58","1149.73","195000","100","20230731","2174","20230117","1270"
"4078","堺化学工業","東証PR","化学","32793","17000000","3.63","70","8.68","0.39","222.3","5008.05","192900","100","20230720","1998","20230320","1708"
"4080","田中化学研究所","東証ST","化学","43432","32533000","0","0","52.33","2.75","25.51","485.06","133500","100","20230130","1740","20230519","1187"
"4082","第一稀元素化学工業","東証PR","化学","23351","24400000","2.72","26","13.3","0.67","71.97","1426.58","95700","100","20230209","1120","20230601","875"
"4088","エア・ウォーター","東証PR","化学","409998","229755057","3.36","60","9.23","0.91","193.43","1951.19","178450","100","20230802","2026","20230118","1504"
"4091","日本酸素ホールディングス","東証PR","化学","1444365","433092837","1.2","40","20.48","1.78","162.87","1878.35","333500","100","20230802","3484","20230104","1915"
"4092","日本化学工業","東証PR","化学","16587","8922775","3.77","70","16.38","0.39","113.47","4812.68","185900","100","20230309","2088","20230106","1692"
"4093","東邦アセチレン","東証PR","化学","10632","7004000","3.95","60","9.59","0.64","158.34","2368.79","151800","100","20230801","1549","20230113","1100"
"4094","日本化学産業","東証ST","化学","21355","20280000","3.04","32","10.18","0.47","103.39","2223.7","105300","100","20230509","1188","20230106","954"
"4095","日本パーカライジング","東証PR","化学","147589","132604524","3.59","40","12.22","0.76","91.06","1466.72","111300","100","20230731","1119","20230105","908"
"4097","高圧ガス工業","東証PR","化学","42072","55577526","2.38","18","10.19","0.6","74.27","1270.02","75700","100","20230802","792","20230104","629"
"4098","チタン工業","東証PR","化学","4187","3027626","1.45","20","27.31","0.61","50.64","2255.31","138300","100","20230307","1526","20230823","1365"
"4099","四国化成ホールディングス","東証PR","化学","74169","50870663","1.92","28","11.25","0.89","129.58","1636.98","145800","100","20230703","1532","20230130","1231"
"4100","戸田工業","東証PR","化学","11930","6099192","0","0","11.29","0.66","173.23","2947.53","195600","100","20230315","2734","20230822","1882"
"4102","丸尾カルシウム","東証ST","化学","3097","2355200","2.28","30","29.51","0.32","44.56","4142.04","131500","100","20230302","1441","20230616","1251"
"4107","伊勢化学工業","東証ST","化学","38051","5135135","2.97","220","12.59","1.23","588.51","6018.92","741000","100","20230614","10140","20230105","5010"
"4109","ステラケミファ","東証PR","化学","41225","13213248","-","-","22.72","0.86","137.33","3610.69","312000","100","20230704","3235","20230104","2415"
"4112","保土谷化学工業","東証PR","化学","27597","8413726","2.29","75","10.84","0.59","302.63","5557.74","328000","100","20230208","3590","20230104","2750"
"4113","田岡化学工業","東証ST","化学","10310","14440000","2.52","18","25.57","0.62","27.92","1151.24","71400","100","20230327","830","20230818","693"
"4114","日本触媒","東証PR","化学","221830","40800000","3.31","180","14.74","0.57","368.82","9491.81","543700","100","20230309","5990","20230323","4995"
"4116","大日精化工業","東証PR","化学","43015","18613110","3.46","80","9.94","0.38","232.55","6154.51","231100","100","20230828","2311","20230116","1660"
"4118","カネカ","東証PR","化学","272816","68000000","2.74","110","9.64","0.61","416.02","6624.9","401200","100","20230802","4197","20230116","3180"
"4119","日本ピグメント","東証ST","化学","3639","1575899","4.33","100","10.36","0.25","222.96","9143.38","230900","100","20230810","2429","20230111","2016"
"4120","スガイ化学工業","東証ST","化学","3236","1373000","1.91","45","11.84","0.45","199","5269.84","235700","100","20230808","2559","20230113","1853"
"4124","大阪油化工業","東証ST","化学","1842","1073500","2.04","35","55.5","0.98","30.92","1756.19","171600","100","20230531","2451","20230105","1401"
"4125","三和油化工業","東証ST","化学","14681","4318000","-","-","10.2","1.31","333.49","2597.99","340000","100","20230123","4595","20230427","2920"
"4151","協和キリン","東証PR","医薬品","1422630","540000000","2.05","54","20.23","1.78","130.22","1478.38","263450","100","20230418","3150","20230804","2530"
"4165","プレイド","東証GR","情報通信","25025","39347617","0","0","-","6.17","-","103.08","63600","100","20230629","955","20230502","555"
"4166","かっこ","東証GR","情報通信","2627","2655970","0","0","-","1.87","-71.95","528.74","98900","100","20230413","1967","20230324","853"
"4167","ココペリ","東証GR","情報通信","3831","7916230","0","0","99.38","2.11","4.87","229.87","48400","100","20230208","706","20230817","433"
"4168","ヤプリ","東証GR","情報通信","17244","12679700","0","0","1142.86","12.27","1.19","110.83","136000","100","20230622","1665","20230407","742"
"4169","ENECHANGE","東証GR","情報通信","37549","30652412","-","-","-","16.3","-","75.15","122500","100","20230309","1590","20230207","941"
"4170","Kaizen_Platform","東証GR","情報通信","5194","16864679","0","0","-","1.68","0","183.22","30800","100","20230306","451","20230817","284"
"4171","グローバルインフォメーション","東証ST","情報通信","4955","2947500","3.09","52","9.95","2.25","168.96","747.43","168100","100","20230509","1950","20230104","1645"
"4172","東和ハイシステム","東証ST","情報通信","4097","2228000","2.72","50","11.84","1.1","155.3","1675.98","183900","100","20230207","2330","20230104","1454"
"4173","WACUL","東証GR","情報通信","7103","7138840","0","0","35.56","6.66","27.98","149.46","99500","100","20230824","1066","20230117","510"
"4174","アピリッツ","東証ST","情報通信","4326","4151400","1.15","12","13.01","1.97","80.08","528.45","104200","100","20230613","1281","20230323","928"
"4175","coly","東証GR","情報通信","5668","5502900","0","0","-","0.91","-","1126.15","103000","100","20230201","1233","20230817","975"
"4176","ココナラ","東証GR","情報通信","7387","23827700","0","0","-","3.99","-6.32","77.6","31000","100","20230203","565","20230817","282"
"4177","i-plug","東証GR","情報通信","6170","3947404","0","0","685.53","10.88","2.28","143.68","156300","100","20230714","1930","20230323","1040"
"4178","Sharing_Innovations","東証GR","情報通信","3437","3793300","0","0","30.81","2.43","29.41","372.9","90600","100","20230126","1127","20230821","742"
"4179","ジーネクスト","東証GR","情報通信","1394","4212616","0","0","-","12.34","-","26.82","33100","100","20230613","426","20230120","302"
"4180","Appier_Group","東証PR","情報通信","177300","101721130","0","0","246.53","6.16","7.07","283.17","174300","100","20230214","2175","20230105","1285"
"4182","三菱瓦斯化学","東証PR","化学","433922","222239199","4.1","80","8.5","0.63","229.74","3078.29","195250","100","20230711","2208","20230116","1766"
"4183","三井化学","東証PR","化学","799358","200843815","3.52","140","9.01","0.93","441.95","4258.22","398000","100","20230703","4327","20230116","2867"
"4185","JSR","東証PR","化学","845270","208400000","0","0","33.68","2.33","120.43","1740.08","405600","100","20230627","4322","20230104","2533"
"4186","東京応化工業","東証PR","化学","417480","42600000","1.67","164","29.25","2.22","335","4420.47","980000","100","20230828","9802","20230104","5770"
"4187","大阪有機化学工業","東証PR","化学","59163","22410038","2.12","56","20.26","1.35","130.3","1952.65","264000","100","20230704","3035","20230104","1860"
"4188","三菱ケミカルグループ","東証PR","化学","1289835","1506288107","3.74","32","12.56","0.73","68.2","1177.41","85630","100","20230802","890","20230104","670"
"4189","KHネオケム","東証PR","化学","82509","37149400","4.05","90","9.25","1.34","240.15","1654.57","222100","100","20230124","2803","20230821","2145"
"4192","スパイダープラス","東証GR","情報通信","24279","35035200","0","0","-","6.86","-21.39","100.95","69300","100","20230621","954","20230501","503"
"4193","ファブリカコミュニケーションズ","東証ST","情報通信","12036","5327800","1.59","36","13.48","3.76","167.61","601.57","225900","100","20230112","3980","20230818","2170"
"4194","ビジョナル","東証GR","情報通信","290876","39096200","0","0","34.42","7.99","216.18","930.85","744000","100","20230124","9950","20230412","6410"
"4196","ネオマーケティング","東証ST","情報通信","3145","2522000","0","0","15.37","5.05","81.13","246.72","124700","100","20230720","1956","20230606","1101"
"4198","テンダ","東証ST","情報通信","4056","2184200","2.42","45","12.21","1.76","152.11","1055.4","185700","100","20230712","2191","20230105","1611"
"4199","ワンダープラネット","東証GR","情報通信","2935","2590412","0","0","-","4.39","-","258.14","113300","100","20230105","1367","20230116","1000"
"4200","HCSホールディングス","東証ST","情報通信","2601","2661900","2.81","27.5","1302.67","0.73","0.75","1339.27","97700","100","20230127","1125","20230516","901"
"4202","ダイセル","東証PR","化学","337014","286942682","3.75","44","7.62","1.05","154.04","1120.05","117450","100","20230705","1346","20230203","860"
"4203","住友ベークライト","東証PR","化学","333050","49590478","2.08","140","14.68","1.16","457.58","5773.43","671600","100","20230815","6894","20230105","3830"
"4204","積水化学工業","東証PR","化学","1013616","452507285","2.95","66","12.78","1.32","175.3","1698.17","224000","100","20230814","2270","20230203","1782"
"4205","日本ゼオン","東証PR","化学","358730","229513656","2.56","40","14.05","0.96","111.23","1633.76","156300","100","20230802","1572","20230206","1196"
"4206","アイカ工業","東証PR","化学","227240","67590664","3.27","110","16.29","1.46","206.37","2307.28","336200","100","20230731","3410","20230531","2950"
"4208","UBE","東証PR","化学","261465","106200107","4.06","100","8.69","0.64","283.39","3833.14","246200","100","20230801","2629","20230116","1906"
"4212","積水樹脂","東証PR","化学","103780","41313598","2.59","65","15.08","0.92","166.61","2737.5","251200","100","20230821","2515","20230106","1799"
"4215","タキロンシーアイ","東証PR","化学","60608","97597530","3.54","22","12.08","0.65","51.4","949.57","62100","100","20230824","623","20230410","487"
"4216","旭有機材","東証PR","化学","84053","19800400","1.88","80","10.17","1.3","417.58","3275.6","424500","100","20230801","5040","20230106","2602"
"4218","ニチバン","東証PR","化学","39112","20738006","1.86","35","18.51","0.97","101.88","1951.04","188600","100","20230808","2128","20230209","1751"
"4220","リケンテクノス","東証PR","化学","44751","64113819","3.58","25","9.81","0.68","71.13","1025.51","69800","100","20230828","698","20230106","471"
"4221","大倉工業","東証PR","化学","30702","12414870","3.44","85","8.44","0.51","293.16","4855.09","247300","100","20230828","2473","20230104","1781"
"4222","児玉化学工業","東証ST","化学","2499","7859191","-","-","6.52","0.65","48.78","488.23","31800","100","20230302","446","20230105","286"
"4224","ロンシール工業","東証ST","化学","6790","4625309","4.09","60","15.03","0.37","97.64","3959.93","146800","100","20230828","1468","20230106","1220"
"4228","積水化成品工業","東証PR","化学","21192","46988109","2.66","12","37.12","0.36","12.15","1237.78","45100","100","20230731","490","20230105","376"
"4229","群栄化学工業","東証PR","化学","30819","8998308","2.63","90","16.21","0.5","211.24","6881.18","342500","100","20230824","3445","20230106","2334"
"4231","タイガースポリマー","東証ST","化学","15586","20111598","2.58","20","11.02","0.43","70.33","1805.16","77500","100","20230818","780","20230120","395"
"4234","サンエー化研","東証ST","化学","6011","11320000","3.39","18","27.02","0.29","19.65","1847.35","53100","100","20230411","554","20230104","442"
"4235","ウルトラファブリックス・ホールディングス","東証ST","化学","28888","16923200","1.82","31","12.61","1.88","135.41","908.18","170700","100","20230726","2475","20230104","1578"
"4237","フジプレアム","東証ST","化学","11021","29786400","1.62","6","22.98","1.12","16.1","331.69","37000","100","20230126","472","20230817","352"
"4238","ミライアル","東証ST","化学","15291","10120000","-","-","-","0.64","-","2374.98","151100","100","20230526","1757","20230104","1399"
"4240","クラスターテクノロジー","東証GR","化学","2260","5692800","0","0","38.21","1.5","10.39","265.33","39700","100","20230815","414","20230413","342"
"4241","アテクト","東証ST","化学","3274","4436800","1.36","10","32.63","1.57","22.62","469.36","73800","100","20230814","949","20230118","503"
"4242","タカギセイコー","東証ST","化学","5151","2822472","1.97","36","5.15","0.44","354.49","4107.71","182500","100","20230810","1879","20230106","1375"
"4243","ニックス","東証ST","化学","1905","2323000","2.44","20","12.37","0.46","66.3","1779.35","82000","100","20230619","1128","20230120","733"
"4245","ダイキアクシス","東証PR","化学","9926","13672100","4.13","30","29.54","1.04","24.58","699.08","72600","100","20230509","756","20230105","641"
"4246","ダイキョーニシカワ","東証PR","化学","58822","73896400","3.77","30","11.31","0.75","70.35","1065.55","79600","100","20230809","848","20230106","541"
"4247","ポバール興業","東証ST","化学","3207","2634800","3.04","37","13.47","0.58","90.34","2098.58","121700","100","20230801","1224","20230105","1021"
"4248","竹本容器","東証PR","化学","9986","12529200","4.52","36","35.8","0.87","22.26","919.63","79700","100","20230428","877","20230105","726"
"4249","森六ホールディングス","東証PR","化学","37516","16960000","4.52","100","17.68","0.47","125.13","4703.27","221200","100","20230828","2214","20230104","1676"
"4251","恵和","東証PR","化学","22816","19270448","2.11","25","11.7","1.2","101.23","983.77","118400","100","20230308","1696","20230809","976"
"4255","THECOO","東証GR","情報通信","1307","2074655","0","0","-","1.73","-419.45","364.4","63000","100","20230127","1124","20230818","586"
"4256","サインド","東証GR","情報通信","4791","5800000","0","0","4858.82","1.52","0.17","542.59","82600","100","20230406","1327","20230823","815"
"4258","網屋","東証GR","情報通信","7685","4269600","0","0","27.69","4.5","65.01","400.19","180000","100","20230719","2457","20230105","988"
"4259","エクサウィザーズ","東証GR","情報通信","34375","83842400","0","0","-","6.35","-","64.57","41000","100","20230622","690","20230227","271"
"4260","ハイブリッドテクノロジーズ","東証GR","情報通信","7120","11248048","0","0","48.06","3.14","13.17","201.33","63300","100","20230110","1187","20230816","583"
"4261","アジアクエスト","東証GR","情報通信","2807","1468800","0","0","10.21","2.17","187.23","878.98","191100","100","20230620","3130","20230828","1880"
"4262","ニフティライフスタイル","東証GR","情報通信","5243","6355700","1.58","13","11.46","1.09","72.01","753.65","82500","100","20230116","904","20230208","779"
"4263","サスメド","東証GR","情報通信","26824","16640000","0","0","-","5.51","-","292.47","161200","100","20230703","1823","20230104","1074"
"4264","セキュア","東証GR","情報通信","7445","4738920","0","0","78.08","7.24","20.12","216.92","157100","100","20230621","3990","20230106","585"
"4265","Institution_for_a_Global_Society","東証GR","情報通信","1905","4492800","0","0","135.9","2.13","3.12","198.99","42400","100","20230111","546","20230824","421"
"4267","ライトワークス","東証GR","情報通信","4845","4943600","3.27","32","30.66","6.13","31.96","160","98000","100","20230317","1136","20230816","925"
"4268","エッジテクノロジー","東証GR","情報通信","9786","10730640","0","0","69.57","16.07","13.11","56.76","91200","100","20230209","1306","20230106","765"
"4270","BeeX","東証GR","情報通信","7508","2224600","0","0","24.11","4.28","139.99","789.07","337500","100","20230721","4220","20230104","2018"
"4272","日本化薬","東証PR","化学","219438","170503570","3.5","45","20.32","0.81","63.34","1583.84","128700","100","20230802","1318","20230105","1117"
"4274","細谷火工","東証ST","化学","6169","4032000","0.46","7","51.03","2.11","29.98","725.05","153000","100","20230621","2043","20230322","1333"
"4275","カーリットホールディングス","東証PR","化学","21380","24050000","2.25","20","9.14","0.62","97.24","1427.49","88900","100","20230828","891","20230323","658"
"4284","ソルクシーズ","東証PR","情報通信","10943","26820594","2.94","12","13.23","1.35","30.84","302.27","40800","100","20230606","463","20230316","331"
"4286","CLホールディングス","東証PR","サービス","8954","10840000","1.82","15","16.75","1.07","49.3","774.94","82600","100","20230424","956","20230106","763"
"4287","ジャストプランニング","東証ST","情報通信","3936","12736338","2.59","8","11.41","1.17","27.09","264.84","30900","100","20230615","331","20230320","294"
"4288","アズジェント","東証ST","情報通信","2038","3815734","-","-","-","1.69","-","315.81","53400","100","20230613","709","20230815","512"
"4290","プレステージ・インターナショナル","東証PR","サービス","73474","128676300","2.1","12","14.05","1.82","40.63","314.24","57100","100","20230126","769","20230817","537"
"4293","セプテーニ・ホールディングス","東証ST","サービス","88020","211079654","-","-","23.88","1.37","17.46","305.06","41700","100","20230710","440","20230316","314"
"4295","フェイス","東証PR","情報通信","6722","13831091","2.06","10","52.65","0.35","9.23","1373.77","48600","100","20230209","550","20230821","481"
"4298","プロトコーポレーション","東証PR","情報通信","49346","41925300","2.97","35","8.86","1.06","132.77","1109.79","117700","100","20230808","1313","20230525","1087"
"4299","ハイマックス","東証PR","情報通信","17440","12412992","3.06","43","14.21","1.59","98.85","881.98","140500","100","20230124","1505","20230320","1365"
"4301","アミューズ","東証PR","サービス","29500","18623520","2.53","40","15.9","0.79","99.6","2016.5","158400","100","20230419","1882","20230822","1538"
"4304","Eストアー","東証ST","情報通信","7790","5636636","-","-","-","2.68","-","515.03","138200","100","20230124","1513","20230518","1066"
"4307","野村総合研究所","東証PR","情報通信","2470547","594167042","1.15","48","31.47","6.23","132.13","667.11","415800","100","20230828","4172","20230316","2908"
"4308","Jストリーム","東証GR","情報通信","13945","28057400","3.22","16","11.88","1.21","41.82","410.78","49700","100","20230209","635","20230817","477"
"4310","ドリームインキュベータ","東証PR","サービス","30255","10465100","-","-","-","1.46","-","1984.68","289100","100","20230308","3330","20230104","2180"
"4312","サイバネットシステム","東証ST","情報通信","23929","32076000","3.89","29","21.95","1.58","33.99","472.99","74600","100","20230214","1064","20230818","712"
"4316","ビーマップ","東証GR","情報通信","1462","3235000","0","0","146.28","3.36","3.09","134.51","45200","100","20230203","545","20230817","436"
"4317","レイ","東証ST","サービス","5732","14328976","2.5","10","11.46","0.97","34.89","412.73","40000","100","20230221","533","20230818","374"
"4318","クイック","東証PR","サービス","40069","19098576","3.43","72","11.7","2.58","179.24","813.13","209800","100","20230731","2445","20230316","1641"
"4319","TAC","東証ST","サービス","3701","18504000","3","6","17.27","0.58","11.58","343.67","20000","100","20230524","209","20230807","196"
"4320","CEホールディングス","東証PR","情報通信","8687","15347600","2.3","13","12.29","1.43","46.05","395.73","56600","100","20230705","704","20230118","488"
"4323","日本システム技術","東証PR","情報通信","26588","12418460","1.87","40","13.97","2.51","153.29","852.79","214100","100","20230620","2690","20230316","1570"
"4324","電通グループ","東証PR","サービス","1171437","270165354","3.62","157","16.57","1.25","261.74","3478.83","433600","100","20230515","4960","20230116","4020"
"4326","インテージホールディングス","東証PR","情報通信","69897","40426000","2.49","43","21.94","2.14","78.8","808.17","172900","100","20230621","1740","20230104","1333"
"4331","テイクアンドギヴ・ニーズ","東証PR","サービス","15716","14619330","1.86","20","9.2","0.99","116.9","1090.89","107500","100","20230217","1535","20230823","1029"
"4333","東邦システムサイエンス","東証PR","情報通信","26595","13865992","3.13","60","21.96","2.64","87.35","727.25","191800","100","20230828","1957","20230117","976"
"4334","ユークス","東証ST","情報通信","20994","11096000","2.22","42","13.35","4.17","141.72","453.2","189200","100","20230621","2617","20230118","1170"
"4335","アイ・ピー・エス","東証ST","情報通信","2473","2466000","2.99","30","10.2","1.77","98.33","568.05","100300","100","20230623","1619","20230105","620"
"4337","ぴあ","東証PR","サービス","55215","15358813","-","-","60.98","10.44","58.95","344.41","359500","100","20230810","3785","20230105","3030"
"4341","西菱電機","東証ST","サービス","3049","3500000","-","-","21.76","0.62","40.02","1407.59","87100","100","20230726","905","20230821","833"
"4343","イオンファンタジー","東証PR","サービス","63264","19769925","0.31","10","105.44","8.41","30.35","380.59","320000","100","20230517","3890","20230116","2356"
"4344","ソースネクスト","東証PR","情報通信","25770","136349600","0","0","410.87","3.03","0.46","62.41","18900","100","20230124","319","20230818","175"
"4345","シーティーエス","東証PR","サービス","30423","43400000","2.85","20","15.39","2.79","45.54","251.18","70100","100","20230202","833","20230822","688"
"4346","ネクシィーズグループ","東証PR","サービス","9807","13471240","2.75","20","23.67","7.4","30.75","98.39","72800","100","20230828","730","20230320","582"
"4347","ブロードメディア","東証ST","サービス","13368","7914732","1.95","33","12.28","2.82","137.56","599.59","168900","100","20230801","1836","20230106","987"
"4348","インフォコム","東証PR","情報通信","168595","57600000","1.54","45","23.94","3.61","122.28","811","292700","100","20230828","2946","20230117","2035"
"4350","メディカルシステムネットワーク","東証PR","小売","11981","30642600","2.56","10","11.8","0.82","33.14","478.07","39100","100","20230508","464","20230609","360"
"4351","山田債権回収管理総合事務所","東証ST","その他金融","4110","4268000","1.04","10","21.7","1.28","44.37","755.24","96300","100","20230628","1047","20230106","848"
"4355","ロングライフホールディング","東証ST","サービス","2070","11190400","0","0","38.22","25.69","4.84","7.2","18500","100","20230615","204","20230105","141"
"4356","応用技術","東証ST","情報通信","9942","5716800","1.73","30","17.12","2.15","101.58","807.57","173900","100","20230228","2105","20230516","1695"
"4360","マナック・ケミカル・パートナーズ","東証ST","化学","5304","8625000","2.44","15","9.25","0.44","66.48","1400.72","61500","100","20230322","896","20230105","587"
"4361","川口化学工業","東証ST","化学","1621","1220000","3.76","50","8.99","0.65","147.85","2037.01","132900","100","20230113","1460","20230118","1095"
"4362","日本精化","東証PR","化学","64979","25372447","2.73","70","16.23","1.27","157.83","2020.87","256100","100","20230711","3160","20230106","2127"
"4365","松本油脂製薬","東証ST","化学","62726","4512651","2.52","350","8.23","0.61","1688.65","22950.46","1390000","100","20230214","15280","20230104","12100"
"4366","ダイトーケミックス","東証ST","化学","6597","11200000","1.7","10","21.08","0.41","27.94","1427.6","58900","100","20230307","750","20230522","494"
"4367","広栄化学","東証ST","化学","11446","4900000","4.28","100","18.14","0.52","128.8","4492.02","233600","100","20230306","2500","20230331","2241"
"4368","扶桑化学工業","東証PR","化学","150389","35511000","1.56","66","15.79","1.67","268.13","2542.48","423500","100","20230704","4765","20230116","3320"
"4369","トリケミカル研究所","東証PR","化学","88721","32498640","1.1","30","20.87","3.44","130.78","794.38","273000","100","20230705","2917","20230106","1913"
"4370","モビルス","東証GR","情報通信","3106","5973674","0","0","-","1.56","-38.56","333.93","52000","100","20230310","848","20230105","492"
"4371","コアコンセプト・テクノロジー","東証GR","情報通信","54993","17375200","0","0","48.15","15.76","65.73","200.84","316500","100","20230508","3845","20230106","2342"
"4372","ユミルリンク","東証GR","情報通信","4854","3892600","0","0","12.01","2.22","103.83","561.39","124700","100","20230210","1395","20230105","1073"
"4373","シンプレクス・ホールディングス","東証PR","情報通信","156330","57453175","1.1","30","26.34","3.75","103.29","726.12","272100","100","20230731","2884","20230106","1986"
"4374","ROBOT_PAYMENT","東証GR","情報通信","8652","3761566","0","0","90.13","11.15","25.52","206.3","230000","100","20230824","2440","20230117","1234"
"4375","セーフィー","東証GR","情報通信","47072","54862695","0","0","-","4.29","-","199.98","85800","100","20230216","1020","20230406","712"
"4376","くふうカンパニー","東証GR","情報通信","20929","58299259","0","0","-","2.05","-","175.52","35900","100","20230105","620","20230822","331"
"4377","ワンキャリア","東証GR","情報通信","19633","5766000","0","0","33.88","6.9","100.49","493.42","340500","100","20230302","4885","20230816","3135"
"4378","CINC","東証GR","情報通信","2540","3377560","0","0","-","1.68","-19.91","447.12","75200","100","20230123","1125","20230720","677"
"4379","Photosynth","東証GR","情報通信","8509","15498500","0","0","-","4.2","-23.31","130.6","54900","100","20230828","569","20230106","288"
"4380","Mマート","東証GR","情報通信","7175","4890800","1.09","16","25.8","5.5","56.85","266.64","146700","100","20230614","1669","20230104","990"
"4381","ビープラッツ","東証GR","情報通信","4523","2408353","0","0","22.3","6.82","84.2","275.49","187800","100","20230726","3475","20230105","1115"
"4382","HEROZ","東証PR","情報通信","25772","15027181","0","0","857.5","4.41","2","388.97","171500","100","20230614","2550","20230106","931"
"4384","ラクスル","東証PR","情報通信","79644","58476092","-","-","87.98","8.24","15.48","165.34","136200","100","20230313","1785","20230601","1241"
"4385","メルカリ","東証PR","情報通信","520078","162575252","-","-","-","9.7","-","329.8","319900","100","20230802","3755","20230413","2160"
"4386","SIGグループ","東証ST","情報通信","3078","5929980","2.7","14","13.32","1.51","38.97","344.36","51900","100","20230222","590","20230609","472"
"4387","ZUU","東証GR","情報通信","3230","4749860","0","0","-","2.7","-35.79","252.23","68000","100","20230224","1266","20230817","596"
"4388","エーアイ","東証GR","情報通信","5333","5168000","0","0","392.4","4.28","2.63","241.31","103200","100","20230313","1780","20230215","580"
"4389","プロパティデータバンク","東証GR","情報通信","11408","5932500","1.04","20","19.95","3.77","96.37","510.51","192300","100","20230124","2227","20230817","1657"
"4390","IPS","東証PR","情報通信","27271","12446800","1.6","35","12.39","2.91","176.84","752.79","219100","100","20230124","2951","20230817","2120"
"4391","ロジザード","東証GR","情報通信","3148","3279000","1.56","15","13.54","1.81","70.88","531.26","96000","100","20230621","1026","20230104","807"
"4392","FIG","東証PR","情報通信","9230","31393015","1.7","5","16.54","0.92","17.77","320.5","29400","100","20230104","392","20230627","273"
"4393","バンク・オブ・イノベーション","東証GR","情報通信","21056","4003000","0","0","-","5.72","-","918.82","526000","100","20230215","9770","20230814","4900"
"4394","エクスモーション","東証GR","情報通信","2636","2984800","1.93","17","33.63","1.65","26.26","535.46","88300","100","20230707","1325","20230821","818"
"4395","アクリート","東証GR","情報通信","7291","5971500","0.82","10","9.45","3.76","129.24","324.89","122100","100","20230111","3375","20230602","990"
"4396","システムサポート","東証PR","情報通信","18269","10380000","2.05","36","15.62","4.42","112.7","398.32","176000","100","20230619","2276","20230106","1329"
"4397","チームスピリット","東証GR","情報通信","7679","16408100","0","0","-","5.17","-12.24","90.59","46800","100","20230705","678","20230116","296"
"4398","ブロードバンドセキュリティ","東証ST","情報通信","7531","4569524","0.61","10","16.46","4.45","100.11","370.42","164800","100","20230711","1850","20230530","1187"
"4401","ADEKA","東証PR","化学","287075","103768142","2.89","80","13.48","1.06","205.18","2616.7","276650","100","20230802","2895","20230213","2053"
"4403","日油","東証PR","化学","531427","82841376","1.68","108","18.2","2.11","352.48","3039.61","641500","100","20230516","6420","20230106","5110"
"4404","ミヨシ油脂","東証ST","食料品","11709","10306895","3.52","40","19.03","0.46","59.7","2491.85","113600","100","20230807","1159","20230116","896"
"4406","新日本理化","東証ST","化学","8651","37286906","2.16","5","14.42","0.53","16.09","438.39","23200","100","20230619","258","20230213","204"
"4409","東邦化学工業","東証ST","化学","10675","21350000","3.4","17","19.84","0.59","25.2","849.15","50000","100","20230807","545","20230331","482"
"4410","ハリマ化成グループ","東証PR","化学","21568","26080396","5.08","42","-","0.54","-59.91","1526.59","82700","100","20230309","940","20230117","786"
"4412","サイエンスアーツ","東証GR","情報通信","4775","6716400","0","0","-","8.48","-14.6","83.86","71100","100","20230411","1020","20230817","667"
"4413","ボードルア","東証GR","情報通信","49377","7925700","0","0","49.71","12.62","125.33","493.54","623000","100","20230719","7330","20230106","3080"
"4414","フレクト","東証GR","情報通信","11786","2995160","0","0","30.5","7.55","129.01","521.09","393500","100","20230711","4510","20230320","1630"
"4415","ブロードエンタープライズ","東証GR","情報通信","5724","2920500","0","0","19.08","8.45","102.73","231.82","196000","100","20230828","1970","20230316","969"
"4416","True_Data","東証GR","情報通信","2212","4726400","0","0","35.67","2.38","13.12","196.34","46800","100","20230424","730","20230818","437"
"4417","グローバルセキュリティエキスパート","東証GR","情報通信","36223","7578000","-","-","50.28","20.31","95.07","235.31","478000","100","20230619","7800","20230106","3610"
"4418","JDSC","東証GR","情報通信","12978","13270200","0","0","-","3.62","-","270.46","97800","100","20230606","1303","20230106","697"
"4419","Finatextホールディングス","東証GR","情報通信","33523","49516556","0","0","-","4.15","-3.32","163.18","67700","100","20230629","905","20230104","408"
"4420","イーソル","東証PR","情報通信","16289","21460800","0.72","5.5","-","2.83","0","268.37","75900","100","20230515","1033","20230217","685"
"4421","ディ・アイ・システム","東証ST","情報通信","3052","3058000","2.2","22","12.84","2.39","77.74","417.51","99800","100","20230606","1088","20230104","781"
"4422","VALUENEX","東証GR","情報通信","3287","2893300","0","0","268.56","4","4.23","284.22","113600","100","20230328","1950","20230531","1002"
"4423","アルテリア・ネットワークス","東証PR","情報通信","98800","50000000","0","0","15.85","3.45","124.69","572.06","197600","100","20230810","1982","20230117","1218"
"4424","Amazia","東証GR","情報通信","3296","6754600","0","0","152.98","1.68","3.19","290.23","48800","100","20230210","670","20230822","480"
"4425","Kudan","東証GR","情報通信","13960","8670967","0","0","-","15.7","-63.55","102.55","161000","100","20230126","3225","20230818","1496"
"4427","EduLab","東証GR","情報通信","3897","10228470","-","-","-","1.47","-300.07","259.55","38100","100","20230323","636","20230428","328"
"4428","シノプス","東証GR","情報通信","7168","6249000","0.87","10","44.05","4.32","26.04","265.44","114700","100","20230817","1249","20230516","845"
"4429","リックソフト","東証GR","情報通信","7745","4550300","0","0","17.35","2.99","98.09","568.55","170200","100","20230704","2167","20230116","1420"
"4430","東海ソフト","東証ST","情報通信","5206","4920300","3.31","35","8.47","1.07","124.97","986.51","105800","100","20230703","1175","20230316","882"
"4431","スマレジ","東証GR","情報通信","41238","19637000","0","0","63.23","8.59","33.21","244.44","210000","100","20230317","3280","20230106","1957"
"4432","ウイングアーク1st","東証PR","情報通信","87533","34625270","1.78","45","18.75","2.41","134.83","1048.67","252800","100","20230718","3035","20230227","1718"
"4433","ヒト・コミュニケーションズ・ホールディングス","東証PR","情報通信","25149","17899333","2.21","31","9.46","1.39","148.52","1008.78","140500","100","20230130","1691","20230823","1391"
"4434","サーバーワークス","東証PR","情報通信","25972","7811089","0","0","95.08","2.58","34.97","1287.37","332500","100","20230718","3785","20230426","1834"
"4435","カオナビ","東証GR","情報通信","27826","11594200","0","0","-","18.26","-","131.42","240000","100","20230214","2903","20230628","1929"
"4436","ミンカブ・ジ・インフォノイド","東証GR","情報通信","23621","14978200","1.65","26","26.24","3.28","60.1","481.14","157700","100","20230106","2742","20230818","1440"
"4437","gooddaysホールディングス","東証GR","情報通信","3543","6735120","0.48","2.5","11.65","1.46","45.14","361.39","52600","100","20230207","712","20230817","500"
"4438","Welby","東証GR","情報通信","3768","7832800","0","0","-","3.86","-","124.48","48100","100","20230509","749","20230106","345"
"4439","東名","東証PR","情報通信","16500","7432500","0.59","13","18.5","2.84","120.02","782.95","222000","100","20230622","3815","20230106","1550"
"4440","ヴィッツ","東証ST","情報通信","4569","4176000","0.73","8","36.08","1.96","30.32","559.56","109400","100","20230619","1598","20230322","847"
"4441","トビラシステムズ","東証PR","情報通信","9949","10629600","1.38","12.9","25.03","5.35","37.39","175.09","93600","100","20230314","1168","20230117","766"
"4442","バルテス","東証GR","情報通信","25454","7150000","0.34","12","29.17","9.88","122.06","360.49","356000","100","20230704","4085","20230116","2640"
"4443","Sansan","東証PR","情報通信","169094","125487476","0","0","-","12.81","-","105.18","134750","100","20230619","1985","20230106","1190"
"4444","インフォネット","東証GR","情報通信","2920","2037543","0","0","32.27","3.16","44.41","453.49","143300","100","20230621","2870","20230105","740"
"4445","リビン・テクノロジーズ","東証GR","情報通信","3125","1343588","0","0","11.49","2.33","202.46","996.6","232600","100","20230120","2684","20230516","1900"
"4446","Link-U","東証PR","情報通信","12471","14171700","0","0","85.77","5.68","10.26","154.96","88000","100","20230615","1349","20230821","851"
"4447","ピー・ビーシステムズ","東証GR","情報通信","4260","6583500","0","0","20.29","3.64","31.89","177.55","64700","100","20230327","948","20230817","615"
"4448","Chatwork","東証GR","情報通信","34130","40200318","0","0","-","13.48","-14.37","62.96","84900","100","20230606","1349","20230106","596"
"4449","ギフティ","東証PR","情報通信","47507","29235302","0","0","-","5.85","-","277.71","162500","100","20230303","2827","20230810","1493"
"4450","パワーソリューションズ","東証GR","情報通信","3316","1432418","0","0","9.99","1.29","231.73","1789.69","231500","100","20230207","2633","20230515","2200"
"4452","花王","東証PR","化学","2590870","465900000","2.7","150","63.05","2.58","88.2","2154.97","556100","100","20230814","5828","20230531","4877"
"4461","第一工業製薬","東証PR","化学","17597","10684321","3.04","50","13.12","0.46","125.55","3544.83","164700","100","20230208","2095","20230818","1592"
"4462","石原ケミカル","東証PR","化学","26077","16308280","2.25","36","11.94","1.1","133.92","1455.16","159900","100","20230619","1793","20230110","1206"
"4463","日華化学","東証PR","化学","15195","17710000","3.73","32","10.42","0.47","82.34","1842.86","85800","100","20230414","894","20230117","777"
"4464","ソフト99コーポレーション","東証ST","化学","28601","22274688","3.19","41","11.62","0.52","110.52","2449.61","128400","100","20230601","1407","20230104","1114"
"4465","ニイタカ","東証PR","化学","11708","5943052","2.23","44","17.1","0.9","115.19","2179.33","197000","100","20230511","2250","20230116","1890"
"4471","三洋化成工業","東証PR","化学","96610","23534752","4.14","170","22.65","0.61","181.21","6697.14","410500","100","20230309","4645","20230104","3985"
"4475","HENNGE","東証GR","情報通信","32728","32500600","0","0","92.13","14.69","10.93","68.55","100700","100","20230815","1137","20230407","701"
"4476","AI_CROSS","東証GR","情報通信","5900","4016350","0","0","36.35","3.42","40.41","428.95","146900","100","20230606","1948","20230104","909"
"4477","BASE","東証GR","情報通信","38869","114321823","0","0","-","2.94","-16.66","115.8","34000","100","20230810","382","20230106","228"
"4478","フリー","東証GR","情報通信","159947","57930999","0","0","-","6.21","-","444.66","276100","100","20230516","4250","20230816","2657"
"4479","マクアケ","東証GR","情報通信","12624","12636700","0","0","-","2.48","-70.72","402.09","99900","100","20230125","1653","20230817","861"
"4480","メドレー","東証PR","情報通信","177116","32738600","0","0","87.16","10.2","62.07","530.64","541000","100","20230816","6040","20230427","3420"
"4481","ベース","東証PR","情報通信","80254","18322800","2.01","88","24.8","7.35","176.59","595.52","438000","100","20230508","6240","20230104","3265"
"4482","ウィルズ","東証GR","情報通信","12296","21054400","1.2","7","24.48","6.9","23.86","84.68","58400","100","20230105","710","20230405","535"
"4483","JMDC","東証PR","情報通信","270633","63306008","-","-","41.4","4.09","103.27","1045.72","427500","100","20230620","6460","20230106","3505"
"4484","ランサーズ","東証GR","情報通信","4203","15859128","0","0","110.42","4.62","2.4","57.39","26500","100","20230419","396","20230106","222"
"4485","JTOWER","東証GR","情報通信","153023","22049418","0","0","-","11.92","-31.79","582.11","694000","100","20230621","7910","20230323","4720"
"4486","ユナイトアンドグロウ","東証GR","情報通信","3958","3942200","1.99","20","14.22","2.39","70.61","420.27","100400","100","20230124","1271","20230516","940"
"4487","スペースマーケット","東証GR","情報通信","4282","11961700","0","0","852.38","6.45","0.42","55.51","35800","100","20230710","579","20230227","257"
"4488","AI_inside","東証GR","情報通信","17914","3998750","0","0","1756.86","4.03","2.55","1111.65","448000","100","20230614","8780","20230515","3920"
"4489","ペイロール","東証GR","情報通信","18165","18002500","1.49","15","15.91","1.38","63.42","732.4","100900","100","20230814","1194","20230316","679"
"4490","ビザスク","東証GR","情報通信","10568","9189700","0","0","-","0.88","-","1307.93","115000","100","20230125","1948","20230816","1028"
"4491","コンピューターマネージメント","東証ST","情報通信","2909","2034400","2.45","35","10.03","1.02","142.61","1405.48","143000","100","20230609","1718","20230510","1402"
"4492","ゼネテック","東証ST","情報通信","4369","3886900","2.22","25","22.04","2.35","50.99","477.44","112400","100","20230606","1755","20230306","468"
"4493","サイバーセキュリティクラウド","東証GR","情報通信","22521","9446644","0","0","64.92","14.18","36.72","168.1","238400","100","20230619","3450","20230106","1648"
"4494","バリオセキュア","東証ST","情報通信","3585","4515613","0","0","11.64","0.68","68.21","1172.5","79400","100","20230224","1182","20230823","764"
"4495","アイキューブドシステムズ","東証GR","情報通信","6923","5292750","2.29","30","15.63","2.7","83.71","484.7","130800","100","20230606","1575","20230815","1280"
"4496","コマースOneホールディングス","東証GR","情報通信","4642","7523400","0","0","13.34","1.71","46.25","360.75","61700","100","20230215","874","20230821","594"
"4498","サイバートラスト","東証GR","情報通信","18292","8068600","0.77","17.5","19.23","3.26","117.91","695.54","226700","100","20230606","3770","20230316","1500"
"4499","Speee","東証ST","情報通信","28823","10466000","0","0","76.46","4.43","36.02","621.16","275400","100","20230720","3120","20230324","1251"
"4502","武田薬品工業","東証PR","医薬品","7076252","1582346225","4.2","188","48.95","1","91.35","4452.06","447200","100","20230619","4645","20230110","4004"
"4503","アステラス製薬","東証PR","医薬品","3988497","1809663075","3.18","70","19.38","2.5","113.7","880.4","220400","100","20230525","2360","20230316","1824"
"4506","住友ファーマ","東証PR","医薬品","209892","397900154","0","0","-","0.5","-201.36","1049.57","52750","100","20230104","1001","20230807","456"
"4507","塩野義製薬","東証PR","医薬品","1974649","307386165","2.33","150","12.2","1.62","526.66","3976.89","642400","100","20230104","6500","20230711","5718"
"4512","わかもと製薬","東証ST","医薬品","8048","34838325","-","-","-","0.67","-","345.83","23100","100","20230404","254","20230105","213"
"4516","日本新薬","東証PR","医薬品","439353","70251484","1.92","120","16.85","2.08","371.18","3006.39","625400","100","20230104","7330","20230316","5260"
"4519","中外製薬","東証PR","医薬品","7409681","1679057667","1.81","80","-","4.8","-","919.8","441300","100","20230828","4422","20230117","3191"
"4521","科研製薬","東証PR","医薬品","163270","45939730","4.22","150","19.88","0.97","178.8","3662.79","355400","100","20230510","3890","20230728","3454"
"4523","エーザイ","東証PR","医薬品","2691938","296566949","1.76","160","68.51","3.08","132.5","2945.85","907700","100","20230612","11250","20230324","7067"
"4524","森下仁丹","東証ST","医薬品","8528","4150000","2.07","42.5","16.78","0.71","122.48","2906.54","205500","100","20230421","2398","20230104","1893"
"4526","理研ビタミン","東証PR","食料品","77758","33705100","2.56","59","13.52","1.01","170.66","2277.47","230700","100","20230823","2370","20230113","1810"
"4527","ロート製薬","東証PR","医薬品","903146","236178310","0.63","24","31.72","3.97","120.54","963.95","382400","100","20230828","3853","20230117","2115"
"4528","小野薬品工業","東証PR","医薬品","1443875","517425200","2.87","80","11.85","1.79","235.5","1561.4","279050","100","20230104","2986","20230711","2495"
"4530","久光製薬","東証PR","医薬品","419437","85164895","1.73","85","36.12","1.48","136.34","3333.22","492500","100","20230828","4955","20230615","3541"
"4531","有機合成薬品工業","東証ST","化学","6416","21974000","2.4","7","10.62","0.55","27.49","534.74","29200","100","20230619","320","20230316","280"
"4534","持田製薬","東証PR","医薬品","128783","38500000","2.39","80","19.39","0.96","172.55","3496.75","334500","100","20230516","3745","20230713","3150"
"4536","参天製薬","東証PR","医薬品","504633","375890854","2.38","32","22.34","1.65","60.09","813.94","134250","100","20230816","1402","20230208","983"
"4538","扶桑薬品工業","東証PR","医薬品","19876","9451169","3.33","70","14.19","0.51","148.23","4105.07","210300","100","20230824","2112","20230117","1879"
"4539","日本ケミファ","東証PR","医薬品","8190","4261420","2.6","50","115.64","0.38","16.62","5091.84","192200","100","20230626","2112","20230105","1640"
"4540","ツムラ","東証PR","医薬品","210778","76758362","2.33","64","16.09","0.81","170.67","3375.74","274600","100","20230104","2885","20230301","2536"
"4543","テルモ","東証PR","精密機器","3211297","747682540","1.02","44","31.66","2.66","135.64","1615.08","429500","100","20230621","4772","20230324","3416"
"4544","H.U.グループホールディングス","東証PR","サービス","150782","57473522","4.76","125","24.91","1","105.34","2623.9","262350","100","20230104","2867","20230818","2465"
"4547","キッセイ薬品工業","東証PR","医薬品","168891","49311185","2.39","82","14.87","0.8","230.33","4269.96","342500","100","20230814","3600","20230301","2416"
"4548","生化学工業","東証PR","医薬品","46133","56814093","3.2","26","30.54","0.64","26.59","1275.28","81200","100","20230104","887","20230713","732"
"4549","栄研化学","東証PR","医薬品","60871","43541438","3.65","51","12.18","1.06","114.78","1322.02","139800","100","20230104","1704","20230823","1370"
"4551","鳥居薬品","東証PR","医薬品","109008","28800000","2.64","100","34.31","0.9","110.32","4222.18","378500","100","20230828","3810","20230106","2813"
"4552","JCRファーマ","東証PR","医薬品","160422","129686308","1.62","20","40.62","2.97","30.45","416.46","123700","100","20230206","1748","20230517","1108"
"4553","東和薬品","東証PR","医薬品","141514","51516000","2.18","60","19.6","0.94","140.18","2925.47","274700","100","20230828","2800","20230712","1703"
"4554","富士製薬工業","東証PR","医薬品","29234","24753800","3.13","37","9.65","0.71","122.38","1664.01","118100","100","20230509","1295","20230104","992"
"4556","カイノス","東証ST","医薬品","4773","4558860","2.39","25","7.67","0.76","136.56","1369.17","104700","100","20230125","1187","20230331","1000"
"4558","中京医薬品","東証ST","医薬品","2577","11660734","2.26","5","71.29","0.9","3.1","246.04","22100","100","20230525","246","20230523","215"
"4559","ゼリア新薬工業","東証PR","医薬品","127805","53119190","1.83","44","15.15","1.58","158.8","1522.29","240600","100","20230613","2600","20230203","2050"
"4563","アンジェス","東証GR","医薬品","19487","189193400","0","0","-","0.69","-40.52","148.31","10300","100","20230131","154","20230426","95"
"4564","オンコセラピー・サイエンス","東証GR","医薬品","6747","217643700","0","0","-","7.56","-","4.1","3100","100","20230217","59","20230815","28"
"4565","そーせいグループ","東証PR","医薬品","135609","82336777","0","0","-","2.16","-","761.05","164700","100","20230531","3185","20230713","1371"
"4568","第一三共","東証PR","医薬品","8315782","1947034029","0.8","34","71.21","5.35","59.98","797.91","427100","100","20230613","5162","20230712","3767"
"4569","杏林製薬","東証PR","医薬品","112999","64607936","2.97","52","20.45","0.8","85.51","2177.04","174900","100","20230802","1813","20230116","1639"
"4570","免疫生物研究所","東証GR","医薬品","7424","9314590","0","0","92.78","6.82","8.59","116.93","79700","100","20230815","961","20230104","301"
"4571","NANO_MRNA","東証GR","医薬品","13375","70393158","0","0","-","3.35","-19.52","56.8","19000","100","20230217","291","20230116","165"
"4572","カルナバイオサイエンス","東証GR","医薬品","14571","17101900","0","0","-","3.55","-117.63","240.01","85200","100","20230710","1060","20230314","447"
"4574","大幸薬品","東証PR","医薬品","16842","48536900","-","-","315.45","1.81","1.1","192.08","34700","100","20230221","437","20230804","322"
"4575","キャンバス","東証GR","医薬品","16777","17295655","0","0","-","8.38","-","115.77","97000","100","20230217","2975","20230817","896"
"4576","デ・ウエスタン・セラピテクス研究所","東証GR","医薬品","6329","32128012","0","0","-","3.48","-44.2","56.67","19700","100","20230125","305","20230814","181"
"4577","ダイト","東証PR","医薬品","36200","14416764","2.63","66","10.93","0.71","229.7","3527.15","251100","100","20230131","2655","20230714","2105"
"4578","大塚ホールディングス","東証PR","医薬品","3062518","557835617","1.82","100","15.85","1.23","346.45","4472.36","549000","100","20230616","5676","20230303","3827"
"4579","ラクオリア創薬","東証GR","医薬品","16386","21616781","0","0","89.49","2.53","8.47","299.31","75800","100","20230104","1239","20230807","663"
"4581","大正製薬ホールディングス","東証ST","医薬品","515776","85139653","1.65","100","38.2","0.62","158.58","9770.77","605800","100","20230816","6286","20230531","5150"
"4582","シンバイオ製薬","東証GR","医薬品","15341","39846106","0","0","-","1.89","-9.34","204.06","38500","100","20230209","681","20230517","356"
"4583","カイオム・バイオサイエンス","東証GR","医薬品","8040","49323800","0","0","-","6.98","-","23.34","16300","100","20230417","261","20230817","148"
"4584","キッズウェル・バイオ","東証GR","医薬品","5994","32576013","0","0","-","10.33","-48.35","17.81","18400","100","20230113","336","20230817","158"
"4586","メドレックス","東証GR","医薬品","7992","35205100","0","0","-","4.95","-24.42","45.87","22700","100","20230828","295","20230117","91"
"4587","ペプチドリーム","東証PR","医薬品","238439","130010400","0","0","88.17","7.66","20.8","239.34","183400","100","20230607","2549","20230809","1710"
"4588","オンコリスバイオファーマ","東証GR","医薬品","11627","17431800","0","0","-","9.01","-","74.03","66700","100","20230221","880","20230712","504"
"4591","リボミック","東証GR","医薬品","5354","35694340","0","0","-","1.32","-35.03","113.46","15000","100","20230214","233","20230818","129"
"4592","サンバイオ","東証GR","医薬品","37480","64956902","0","0","-","10.84","-71.12","53.23","57700","100","20230201","808","20230818","527"
"4593","ヘリオス","東証GR","医薬品","17667","74543600","0","0","-","4.65","-","50.96","23700","100","20230307","398","20230818","210"
"4594","ブライトパス・バイオ","東証GR","医薬品","7484","62891200","0","0","-","5.98","-21.58","19.89","11900","100","20230217","247","20230105","94"
"4595","ミズホメディー","東証ST","医薬品","25576","9525600","5.66","152","8.81","1.84","304.69","1462.97","268500","100","20230104","3715","20230810","2010"
"4596","窪田製薬ホールディングス","東証GR","医薬品","5400","55671188","0","0","-","1.61","-","60.43","9700","100","20230125","133","20230818","95"
"4597","ソレイジア・ファーマ","東証GR","医薬品","7425","168743910","0","0","-","3.31","-6.85","13.29","4400","100","20230125","55","20230817","42"
"4598","Delta-Fly_Pharma","東証GR","医薬品","6355","6544600","0","0","-","8.81","-203.01","110.17","97100","100","20230405","1560","20230627","857"
"4599","ステムリム","東証GR","医薬品","50955","60877600","0","0","289.62","5.23","2.89","159.91","83700","100","20230413","1518","20230821","823"
"4611","大日本塗料","東証PR","化学","28701","29710678","3.11","30","8.08","0.52","119.56","1871.15","96600","100","20230808","987","20230105","743"
"4612","日本ペイントホールディングス","東証PR","化学","2606378","2370512215","1.18","13","23.47","1.94","46.84","568.04","109950","100","20230801","1313","20230104","1010"
"4613","関西ペイント","東証PR","化学","556469","238623270","1.54","36","9.68","1.75","240.82","1329.71","233200","100","20230810","2477","20230104","1580"
"4615","神東塗料","東証ST","化学","4030","31000000","0","0","-","0.3","-9.04","435.1","13000","100","20230508","140","20230104","121"
"4616","川上塗料","東証ST","化学","1650","1000000","1.82","30","7.47","0.58","220.96","2845.43","165000","100","20230112","2096","20230817","1631"
"4617","中国塗料","東証PR","化学","75845","55000000","4.93","68","8.13","1.14","169.52","1211.72","137900","100","20230801","1417","20230116","920"
"4619","日本特殊塗料","東証PR","化学","29254","23611200","3.55","44","9.13","0.56","135.71","2194.32","123900","100","20230810","1276","20230116","836"
"4620","藤倉化成","東証PR","化学","14886","32716878","3.52","16","12.75","0.38","35.68","1196.98","45500","100","20230210","490","20230104","403"
"4621","ロックペイント","東証ST","化学","31064","22000000","0","0","20.88","0.65","67.64","2162.45","141200","100","20230810","1424","20230106","682"
"4623","アサヒペン","東証ST","化学","8164","4623000","3.4","60","9.85","0.47","179.36","3793.18","176600","100","20230123","1977","20230605","1719"
"4624","イサム塗料","東証ST","化学","5836","2000000","1.71","50","12.09","0.34","241.32","8577.81","291800","100","20230804","3000","20230110","2619"
"4625","アトミクス","東証ST","化学","5077","7242000","2.43","17","33.88","0.38","20.69","1859.5","70100","100","20230713","768","20230127","630"
"4626","太陽ホールディングス","東証PR","化学","153249","58291559","2.89","76","14.66","1.55","179.35","1695.45","262900","100","20230801","2911","20230106","2178"
"4627","ナトコ","東証ST","化学","12111","8144400","3.36","50","9.35","0.51","158.99","2904.89","148700","100","20230302","1686","20230110","1420"
"4628","エスケー化研","東証ST","化学","110814","15673885","1.13","80","12.22","0.66","578.57","10678.9","707000","100","20230113","9000","20230824","7020"
"4629","大伸化学","東証ST","化学","5359","4592000","3","35","6.36","0.35","183.6","3355.04","116700","100","20230510","1247","20230330","1150"
"4631","DIC","東証PR","化学","237702","95156904","3.2","80","59.11","0.56","42.26","4438.24","249800","100","20230802","2820","20230316","2245"
"4633","サカタインクス","東証PR","化学","72212","54172361","2.33","31","8.44","0.69","157.89","1931.91","133300","100","20230816","1380","20230316","929"
"4634","東洋インキSCホールディングス","東証PR","化学","128230","58286544","4.09","90","19.43","0.49","113.21","4458.65","220000","100","20230628","2259","20230116","1765"
"4635","東京インキ","東証ST","化学","7553","2725758","3.61","100","8.35","0.26","331.8","10498.89","277100","100","20230110","3170","20230606","2615"
"4636","T＆K　TOKA","東証PR","化学","32066","22806240","0","0","23.17","0.65","60.67","2161.15","140600","100","20230821","1412","20230406","1017"
"4641","アルプス技研","東証PR","サービス","55541","21746675","3.72","95","14.98","3.18","170.53","802.15","255400","100","20230622","3140","20230106","2030"
"4642","オリジナル設計","東証ST","サービス","6830","7796800","3.65","32","12.87","0.79","68.07","1107.18","87600","100","20230822","898","20230117","775"
"4644","イマジニア","東証ST","情報通信","10628","10649000","4.01","40","18.81","0.81","53.07","1230.71","99800","100","20230425","1099","20230112","900"
"4645","市進ホールディングス","東証ST","サービス","5186","10604888","2.04","10","12.75","2.45","38.36","199.64","48900","100","20230127","515","20230315","446"
"4650","SDエンターテイメント","東証ST","サービス","2492","8997000","-","-","247.32","1.83","1.12","151.69","27700","100","20230126","358","20230406","270"
"4651","サニックス","東証PR","サービス","14187","48919396","0","0","5.56","2.26","52.19","128.58","29000","100","20230621","372","20230106","202"
"4657","環境管理センター","東証ST","サービス","3372","4722305","0.7","5","28.1","1.58","25.41","451.81","71400","100","20230828","714","20230104","393"
"4658","日本空調サービス","東証PR","サービス","27876","35784000","3.85","30","13.35","1.23","58.35","631.69","77900","100","20230731","794","20230110","675"
"4659","エイジス","東証ST","サービス","24914","10771200","3.46","80","9.92","0.9","233.11","2564.93","231300","100","20230720","2441","20230105","2119"
"4661","オリエンタルランド","東証PR","サービス","9299557","1818450800","0.18","9","96.31","9.74","53.1","524.79","511400","100","20230629","5756","20230105","3723"
"4662","フォーカスシステムズ","東証PR","情報通信","15886","16292942","3.9","38","10.15","1.17","96.07","832.08","97500","100","20230209","1118","20230817","934"
"4664","アール・エス・シー","東証ST","サービス","2073","2940000","2.13","15","12.25","1.04","57.54","680.26","70500","100","20230817","780","20230105","434"
"4665","ダスキン","東証PR","サービス","164917","50994823","2.41","78","35.51","1.03","91.08","3128.36","323400","100","20230515","3445","20230210","2872"
"4666","パーク24","東証PR","不動産","347827","171048369","0","0","23.92","7","85.03","290.46","203350","100","20230615","2310","20230718","1724"
"4667","アイサンテクノロジー","東証ST","情報通信","10626","5548979","1.04","20","31.38","1.78","61.02","1075.59","191500","100","20230410","2685","20230106","1485"
"4668","明光ネットワークジャパン","東証PR","サービス","18573","27803600","3.59","24","20.99","1.59","31.83","421.23","66800","100","20230801","688","20230112","587"
"4671","ファルコホールディングス","東証PR","サービス","23034","11280177","3.92","80","17.63","0.89","115.84","2305.97","204200","100","20230512","2107","20230106","1676"
"4673","川崎地質","東証ST","サービス","2508","1057980","2.11","50","6.44","0.49","368.15","4820.35","237100","100","20230412","3360","20230116","2110"
"4674","クレスコ","東証PR","情報通信","43171","23000000","2.66","50","11","1.59","170.7","1180.81","187700","100","20230629","2184","20230316","1563"
"4676","フジ・メディア・ホールディングス","東証PR","情報通信","352463","234194500","3.19","48","12.84","0.39","117.17","3817.05","150500","100","20230801","1608","20230118","1030"
"4678","秀英予備校","東証ST","サービス","2711","6710000","2.48","10","8.34","0.65","48.44","621.75","40400","100","20230207","440","20230818","399"
"4679","田谷","東証ST","サービス","2433","5100000","-","-","-","4.42","-11.01","107.9","47700","100","20230322","599","20230601","457"
"4680","ラウンドワン","東証PR","サービス","166668","287358642","1.72","10","13.53","2.69","42.87","215.27","58000","100","20230510","678","20230119","429"
"4681","リゾートトラスト","東証PR","サービス","249164","108520799","2.18","50","17.46","2.06","131.52","1113.63","229600","100","20230814","2400","20230601","2028"
"4684","オービック","東証PR","情報通信","2505438","99600000","1.03","260","40.93","6.4","614.57","3932.7","2515500","100","20230828","25260","20230104","19030"
"4685","菱友システムズ","東証ST","情報通信","15708","6377518","3.65","90","8.95","1.09","275.32","2252.54","246300","100","20230817","2735","20230203","2073"
"4686","ジャストシステム","東証PR","情報通信","192996","64224800","0.67","20","-","2.24","-","1339.49","300500","100","20230619","4783","20230104","2752"
"4687","TDCソフト","東証PR","情報通信","41387","25113600","2.43","40","15.65","2.4","105.29","685.72","164800","100","20230720","1980","20230316","1377"
"4689","Zホールディングス","東証PR","情報通信","3152745","7633766061","1.35","5.56","-","1.05","-","392.53","41300","100","20230807","444","20230104","328"
"4690","日本パレットプール","東証ST","サービス","3548","1700000","1.92","40","5.02","0.58","415.96","3589.81","208700","100","20230417","2676","20230106","1399"
"4691","ワシントンホテル","東証ST","サービス","12024","12170000","1.01","10","9.59","1.7","103","579.53","98800","100","20230425","1082","20230116","801"
"4694","ビー・エム・エル","東証PR","サービス","119609","42294426","2.83","80","14.5","0.91","194.99","3123.23","282800","100","20230126","3390","20230815","2594"
"4704","トレンドマイクロ","東証PR","情報通信","864957","140826604","-","-","33.79","3.96","181.77","1551","614200","100","20230619","7595","20230818","5805"
"4705","クリップコーポレーション","東証ST","サービス","3833","4536000","5.33","45","18.72","0.64","45.15","1325.49","84500","100","20230808","861","20230330","773"
"4707","キタック","東証ST","サービス","2101","5969024","1.42","5","13.5","0.68","26.07","518.89","35200","100","20230706","479","20230120","266"
"4709","IDホールディングス","東証PR","情報通信","24859","18066453","3.63","50","15.03","2.13","91.55","646.41","137600","100","20230731","1381","20230106","899"
"4712","KeyHolder","東証ST","サービス","16312","18967410","1.16","10","8.05","0.83","106.79","1032.07","86000","100","20230612","1215","20230117","690"
"4714","リソー教育","東証PR","サービス","39209","156209829","3.98","10","18.8","5.94","13.35","42.28","25100","100","20230105","373","20230818","241"
"4716","日本オラクル","東証ST","情報通信","1314860","128279071","-","-","-","8.42","-","1217.05","1025000","100","20230623","12020","20230110","8210"
"4718","早稲田アカデミー","東証PR","サービス","26180","19012452","2.18","30","15.63","2.14","88.11","644.79","137700","100","20230512","1528","20230106","1101"
"4719","アルファシステムズ","東証PR","情報通信","41806","14052400","2.35","70","14.21","1.05","209.41","2839.77","297500","100","20230309","4420","20230817","2810"
"4720","城南進学研究社","東証ST","サービス","3468","8937840","1.29","5","29.39","1.7","13.2","228.1","38800","100","20230316","402","20230725","384"
"4722","フューチャー","東証PR","情報通信","143659","95328000","2.65","40","13.82","2.76","109.07","546.05","150700","100","20230420","1913","20230821","1433"
"4725","CACホールディングス","東証PR","情報通信","34715","20541400","4.73","80","13.07","0.96","129.27","1766.37","169000","100","20230628","1778","20230213","1368"
"4726","SBテクノロジー","東証PR","情報通信","54687","22757800","2.5","60","5.82","2.14","412.79","1121.75","240300","100","20230705","2764","20230105","1815"
"4728","トーセ","東証ST","情報通信","5830","7763040","3.33","25","13.88","0.88","54.09","851.86","75100","100","20230706","844","20230106","712"
"4732","ユー・エス・エス","東証PR","サービス","654708","257000000","2.72","69.4","20.13","3.41","126.57","746.75","254750","100","20230814","2566","20230111","1995"
"4733","オービックビジネスコンサルタント","東証PR","情報通信","450162","75404000","1.17","70","38.62","3.19","154.58","1870.97","597000","100","20230822","6060","20230106","4145"
"4735","京進","東証ST","サービス","3392","8396000","1.91","7.72","15.73","0.93","25.69","433.32","40400","100","20230112","418","20230323","350"
"4736","日本ラッド","東証ST","情報通信","4338","5355390","1.23","10","16.86","1.55","48.03","521.23","81000","100","20230828","831","20230110","435"
"4739","伊藤忠テクノソリューションズ","東証PR","情報通信","1036320","240000000","0","0","24.95","3.36","173.1","1286.65","431800","100","20230803","4354","20230302","2990"
"4743","アイティフォー","東証PR","情報通信","30872","29430000","3.81","40","12.24","1.72","85.7","608.84","104900","100","20230614","1160","20230105","815"
"4745","東京個別指導学院","東証PR","サービス","26386","54291435","3.29","16","28.81","3.69","16.87","131.68","48600","100","20230124","547","20230718","463"
"4746","東計電算","東証ST","情報通信","60121","9350000","2.95","190","14.94","1.81","430.27","3550.45","643000","100","20230315","6860","20230116","5000"
"4748","構造計画研究所","東証ST","情報通信","17930","5500000","-","-","-","1.85","-","1762.85","326000","100","20230622","3485","20230104","2798"
"4750","ダイサン","東証ST","サービス","4533","7618000","3.7","22","20.52","0.71","29","838.82","59500","100","20230228","620","20230608","560"
"4751","サイバーエージェント","東証PR","サービス","456030","506137600","1.66","15","75.97","3.19","11.86","282.24","90100","100","20230126","1268","20230817","863"
"4752","昭和システムエンジニアリング","東証ST","情報通信","5767","4810000","3.34","40","9.79","1.18","122.52","1013.52","119900","100","20230810","1270","20230509","889"
"4754","トスネット","東証ST","サービス","5348","4732600","2.04","23","10.48","0.77","107.82","1476.93","113000","100","20230816","1226","20230111","820"
"4755","楽天グループ","東証PR","サービス","1179075","2139104900","-","-","-","1.16","-","476.12","55120","100","20230515","749","20230628","466"
"4760","アルファ","東証ST","サービス","956","915444","2.87","30","-","1","-341.99","1049.06","104400","100","20230314","1265","20230713","1003"
"4761","さくらケーシーエス","東証ST","情報通信","9162","11200000","2.2","18","14.78","0.51","55.36","1604.49","81800","100","20230511","845","20230104","786"
"4762","エックスネット","東証ST","情報通信","8617","8261600","2.88","30","14.13","1.07","73.84","975.48","104300","100","20230609","1140","20230110","991"
"4763","クリーク・アンド・リバー社","東証PR","サービス","49446","23009000","1.91","41","15.79","3.27","136.12","656.49","214900","100","20230407","2420","20230105","1842"
"4765","SBIグローバルアセットマネジメント","東証PR","サービス","48424","89673600","-","-","-","3.1","-","173.96","54000","100","20230816","560","20230104","446"
"4766","ピーエイ","東証ST","サービス","1819","11229800","0","0","34.84","4.55","4.65","35.57","16200","100","20230123","185","20230316","157"
"4767","テー・オー・ダブリュー","東証PR","サービス","14936","48969096","4.59","14","13.42","1.46","22.72","208.86","30500","100","20230515","338","20230116","278"
"4768","大塚商会","東証PR","情報通信","1203853","190002120","2.05","130","28.13","3.74","225.21","1694.46","633600","100","20230828","6346","20230116","4035"
"4769","IC","東証ST","情報通信","6688","7732270","3.58","31","31.85","1.13","27.16","766.32","86500","100","20230106","1010","20230330","830"
"4770","図研エルミック","東証ST","情報通信","1747","6284944","1.08","3","12.48","2.24","22.28","124.06","27800","100","20230210","440","20230815","269"
"4771","エフアンドエム","東証ST","サービス","39003","15714400","1.53","38","18.66","3.38","133.01","733.32","248200","100","20230726","2997","20230410","1881"
"4772","ストリームメディアコーポレーション","東証GR","情報通信","25731","115904831","0","0","370","3.9","0.6","56.93","22200","100","20230616","369","20230105","120"
"4776","サイボウズ","東証PR","情報通信","108734","52757800","0.68","14","63.63","9.3","32.39","221.51","206100","100","20230320","3270","20230818","1970"
"4777","ガーラ","東証ST","情報通信","8662","25035700","0","0","-","4.71","-","73.53","34600","100","20230224","569","20230823","325"
"4781","日本ハウズイング","東証ST","サービス","70430","64320000","2.19","24","14.08","1.64","77.75","667.79","109500","100","20230106","1329","20230818","1029"
"4783","日本コンピュータ・ダイナミクス","東証ST","情報通信","8237","8800000","3.42","32","8.89","1.49","105.31","629.41","93600","100","20230712","1030","20230116","665"
"4784","GMOアドパートナーズ","東証ST","サービス","6870","16757200","3.32","13.6","15.36","1.25","26.7","328.63","41000","100","20230202","460","20230817","409"
"4792","山田コンサルティンググループ","東証PR","サービス","30859","19896000","4.32","67","11.58","1.99","133.92","778.94","155100","100","20230511","2067","20230105","1136"
"4800","オリコン","東証ST","情報通信","12477","15123200","3.27","27","9.29","2.41","88.77","342.67","82500","100","20230417","1135","20230821","775"
"4801","セントラルスポーツ","東証PR","サービス","27760","11466300","1.49","36","24.21","1.13","99.99","2146.12","242100","100","20230516","2596","20230718","2322"
"4809","パラカ","東証PR","不動産","21230","10305600","3.11","64","12.12","1.17","170","1760.95","206000","100","20230308","2121","20230106","1800"
"4812","電通国際情報サービス","東証PR","情報通信","373496","65182480","1.59","91","25.36","4.75","225.91","1207","573000","100","20230828","5780","20230105","3765"
"4813","ACCESS","東証PR","情報通信","37298","39806000","0","0","129.78","1.56","7.22","599.67","93700","100","20230602","1174","20230105","797"
"4814","ネクストウェア","東証ST","情報通信","2473","13015222","-","-","121.79","1.74","1.56","109.08","19000","100","20230307","223","20230104","159"
"4816","東映アニメーション","東証ST","情報通信","508620","42000000","0.74","90","41.26","4.35","293.49","2781.21","1211000","100","20230620","15340","20230117","11590"
"4819","デジタルガレージ","東証PR","情報通信","179721","47608300","-","-","-","2.1","-","1794.51","377500","100","20230511","4930","20230627","3550"
"4820","イーエムシステムズ","東証PR","情報通信","53427","74514800","1.95","14","22.86","2.56","31.37","279.75","71700","100","20230208","955","20230818","691"
"4824","メディアシーク","東証GR","情報通信","3096","9766800","0.32","1","96.65","0.99","3.28","318.85","31700","100","20230602","384","20230817","274"
"4825","ウェザーニューズ","東証PR","情報通信","75802","11844000","1.88","120","28.22","3.85","226.75","1661.26","640000","100","20230201","7170","20230818","6170"
"4826","CIJ","東証PR","情報通信","24359","44532192","2.93","16","17.97","1.5","30.44","364.73","54700","100","20230608","721","20230105","420"
"4828","ビジネスエンジニアリング","東証PR","情報通信","38520","12000000","1.99","64","16.53","4.04","194.17","794.85","321000","100","20230512","3680","20230116","2229"
"4829","日本エンタープライズ","東証ST","情報通信","5125","38534900","1.5","2","46.67","1.07","2.85","124.18","13300","100","20230705","151","20230113","120"
"4832","JFEシステムズ","東証ST","情報通信","45940","15706000","3.49","102","11.07","1.75","264.25","1671.32","292500","100","20230803","3025","20230104","2291"
"4833","Success_Holders","東証GR","サービス","3340","29302015","0","0","-","3.6","-","31.64","11400","100","20230310","155","20230106","102"
"4837","シダックス","東証ST","サービス","29700","55722121","2.25","12","10.81","2.35","49.32","226.61","53300","100","20230215","824","20230818","512"
"4838","スペースシャワーネットワーク","東証ST","情報通信","5437","8811354","1.62","10","13.79","1.34","44.73","460.09","61700","100","20230815","670","20230104","414"
"4839","WOWOW","東証PR","情報通信","32536","28844400","2.66","30","19.81","0.48","56.93","2356.06","112800","100","20230227","1323","20230602","1051"
"4840","トライアイズ","東証GR","サービス","3328","8300000","-","-","28.44","0.64","14.1","626.8","40100","100","20230627","484","20230803","379"
"4845","スカラ","東証PR","情報通信","12964","17734259","5.13","37.5","30.17","1.62","24.23","451.84","73100","100","20230607","814","20230104","694"
"4847","インテリジェントウェイブ","東証PR","情報通信","23601","26340000","4.46","40","14.81","2.68","60.5","334.84","89600","100","20230804","952","20230316","675"
"4848","フルキャストホールディングス","東証PR","サービス","76397","37486400","2.89","59","10.97","2.96","185.84","689.4","203800","100","20230201","2888","20230814","2000"
"4849","エン・ジャパン","東証PR","サービス","128416","49716000","2.71","70.1","32.76","3.74","78.84","689.91","258300","100","20230801","2833","20230406","2181"
"4875","メディシノバ・インク（外国株）","東証ST","医薬品","-","49046246","-","-","-","-","-","-","33700","100","20230803","384","20230316","282"
"4880","セルソース","東証GR","医薬品","41429","19056600","0","0","39.68","9.78","54.79","222.3","217400","100","20230104","3940","20230816","1851"
"4881","ファンペップ","東証GR","医薬品","4191","24086500","0","0","-","1.6","-","108.86","17400","100","20230216","286","20230116","148"
"4882","ペルセウスプロテオミクス","東証GR","医薬品","3199","11759400","0","0","-","1.65","-100.77","165.23","27200","100","20230217","364","20230818","255"
"4883","モダリス","東証GR","医薬品","5210","31577500","0","0","-","2.07","-","79.55","16500","100","20230217","351","20230817","130"
"4884","クリングルファーマ","東証GR","医薬品","3506","5410700","0","0","-","1.58","-177.34","409.79","64800","100","20230306","1404","20230106","511"
"4885","室町ケミカル","東証ST","医薬品","3285","4095500","2.37","19","10.17","1.65","78.88","487.25","80200","100","20230609","905","20230118","721"
"4886","あすか製薬ホールディングス","東証PR","医薬品","51071","30563199","1.2","20","10.74","0.83","155.55","2010.5","167100","100","20230816","1727","20230316","1104"
"4887","サワイグループホールディングス","東証PR","医薬品","194399","43803339","2.93","130","17.2","0.94","258.04","4736.11","443800","100","20230822","4503","20230601","3255"
"4888","ステラファーマ","東証GR","医薬品","10087","30942500","0","0","-","3.54","-43.63","92.18","32600","100","20230221","472","20230627","296"
"4889","レナサイエンス","東証GR","医薬品","6763","12711700","0","0","-","3.62","-19.19","146.87","53200","100","20230626","650","20230117","319"
"4890","坪田ラボ","東証GR","医薬品","13275","25480000","0","0","659.49","7.21","0.79","72.28","52100","100","20230324","953","20230817","472"
"4891","ティムス","東証GR","医薬品","9368","36594880","0","0","-","2.63","-","97.47","25600","100","20230217","750","20230601","196"
"4892","サイフューズ","東証GR","医薬品","7114","7817300","0","0","-","2.09","-87.41","436.28","91000","100","20230410","1797","20230815","705"
"4893","ノイルイミューン・バイオテック","東証GR","医薬品","20556","43276765","0","0","-","3.46","-46.27","137.17","47500","100","20230628","775","20230818","440"
"4894","クオリプス","東証GR","医薬品","17664","7868116","0","0","-","2.87","-212.34","782.55","224500","100","20230705","2800","20230627","1287"
"4901","富士フイルムホールディングス","東証PR","化学","3549611","414625728","1.75","150","15.25","1.18","561.32","7242.52","856100","100","20230607","8879","20230301","6260"
"4902","コニカミノルタ","東証PR","電気機器","228159","502664337","1.1","5","56.04","0.44","8.1","1025.95","45390","100","20230228","604","20230825","442"
"4911","資生堂","東証PR","化学","2325600","400000000","1.03","60","82.97","3.74","70.07","1554.15","581400","100","20230621","7160","20230316","5736"
"4912","ライオン","東証PR","化学","458843","292536446","1.66","26","25.49","1.63","61.54","959.58","156850","100","20230825","1602","20230714","1325"
"4914","高砂香料工業","東証PR","化学","57072","20152397","1.94","55","14.89","0.45","190.18","6301.01","283200","100","20230802","2878","20230105","2463"
"4917","マンダム","東証PR","化学","67770","48269212","2.85","40","38.03","0.95","36.92","1476.6","140400","100","20230515","1655","20230116","1334"
"4918","アイビー化粧品","東証ST","化学","2912","5164000","0","0","9.16","1.6","61.56","352.96","56400","100","20230718","660","20230529","437"
"4919","ミルボン","東証PR","化学","144358","33117234","2.02","88","27.27","3.13","159.84","1393.69","435900","100","20230220","5870","20230821","4223"
"4920","日本色材工業研究所","東証ST","化学","3886","2099376","0.54","10","27.71","1.22","66.8","1522.54","185100","100","20230719","2589","20230106","1171"
"4921","ファンケル","東証PR","化学","327382","130353200","1.35","34","37.96","4.04","66.16","621.82","251150","100","20230814","2795","20230524","2221"
"4922","コーセー","東証PR","化学","695602","60592541","1.22","140","49.25","2.45","233.11","4678.43","1148000","100","20230414","16440","20230828","11440"
"4923","コタ","東証PR","化学","48414","29940603","1.24","20","29.78","4.25","54.29","380.14","161700","100","20230501","1691","20230113","1482"
"4925","ハーバー研究所","東証ST","化学","9397","3935000","1.68","40","36.12","0.87","66.11","2752.33","238800","100","20230210","2500","20230330","2285"
"4926","シーボン","東証ST","化学","6606","4281200","0.97","15","89.24","1.16","17.29","1330.9","154300","100","20230214","1629","20230807","1531"
"4927","ポーラ・オルビスホールディングス","東証PR","化学","418403","229136156","2.85","52","34.83","2.37","52.43","770.6","182600","100","20230621","2216","20230316","1617"
"4928","ノエビアホールディングス","東証PR","化学","190252","34156623","3.86","215","24.71","3.8","225.43","1464.85","557000","100","20230104","5790","20230531","5150"
"4929","アジュバンホールディングス","東証PR","化学","7505","8043600","2.57","24","98","1.75","9.52","532.69","93300","100","20230307","1054","20230525","915"
"4930","グラフィコ","東証ST","化学","2010","938540","0","0","8.38","0.87","255.74","2466.93","214200","100","20230214","2540","20230314","2005"
"4931","新日本製薬","東証PR","化学","33919","21855200","2.13","33","14.02","1.76","110.71","880.39","155200","100","20230814","1610","20230117","1330"
"4932","アルマード","東証ST","化学","13148","10394000","5.14","65","18.79","7.3","67.33","173.23","126500","100","20230710","1384","20230214","1043"
"4933","I-ne","東証GR","化学","49818","17622240","0","0","12.58","3.73","224.81","758.2","282700","100","20230217","4060","20230807","2466"
"4934","プレミアアンチエイジング","東証GR","化学","10953","8720534","0","0","-","1.34","-82.57","938.26","125600","100","20230818","1957","20230809","996"
"4935","リベルタ","東証ST","化学","2354","2987000","2.79","22","11.77","1.48","66.97","532.68","78800","100","20230720","875","20230207","514"
"4936","アクシージア","東証PR","化学","28253","25896000","1.28","14","24.05","3.07","45.37","354.97","109100","100","20230111","1566","20230407","984"
"4937","Waqoo","東証GR","化学","4940","3008678","0","0","-","6.13","-18.96","267.89","164200","100","20230629","2848","20230320","895"
"4951","エステー","東証PR","化学","35006","23000000","2.76","42","17.82","1.05","85.43","1455.52","152200","100","20230518","1638","20230106","1475"
"4955","アグロカネショウ","東証PR","化学","18727","13404862","2.15","30","21.44","0.85","65.16","1634.5","139700","100","20230517","1866","20230817","1333"
"4956","コニシ","東証PR","化学","99733","40707440","2.2","54","13.84","1.1","177.05","2219.57","245000","100","20230621","2499","20230105","1651"
"4957","ヤスハラケミカル","東証ST","化学","6027","10839663","2.16","12","20.13","0.27","27.62","2078.58","55600","100","20230718","567","20230104","498"
"4958","長谷川香料","東証PR","化学","144994","42708154","1.8","61","21.16","1.23","160.41","2750.66","339500","100","20230629","3630","20230116","2750"
"4960","ケミプロ化成","東証ST","化学","4555","16623613","1.09","3","36.83","0.97","7.44","282.56","27400","100","20230301","322","20230814","261"
"4963","星光PMC","東証PR","化学","17041","30321283","2.85","16","10.99","0.53","51.12","1059.06","56200","100","20230622","607","20230105","525"
"4966","上村工業","東証ST","化学","186102","19756080","1.91","180","22.01","1.85","428.04","5091.39","942000","100","20230801","9650","20230104","5870"
"4967","小林製薬","東証PR","化学","563287","78050000","1.33","96","27.19","2.64","265.45","2735.31","721700","100","20230201","9410","20230818","7115"
"4968","荒川化学工業","東証PR","化学","20900","20652400","4.74","48","-","0.37","-90.73","2735.74","101200","100","20230309","1050","20230111","943"
"4970","東洋合成工業","東証ST","化学","61564","8143390","0.53","40","37.5","2.99","201.59","2524.79","756000","100","20230703","10560","20230515","7010"
"4971","メック","東証PR","化学","74464","20071093","1.21","45","40.64","2.91","91.28","1273.81","371000","100","20230814","4050","20230104","2010"
"4972","綜研化学","東証ST","化学","14940","8300000","4.72","85","7.09","0.5","254.04","3631.99","180000","100","20230720","1946","20230206","1700"
"4973","日本高純度化学","東証PR","化学","15259","6067200","3.18","80","24.11","1.04","104.33","2409.45","251500","100","20230606","2740","20230208","2307"
"4974","タカラバイオ","東証PR","化学","172315","120415600","1.19","17","31.33","1.6","45.68","896.53","143100","100","20230216","1826","20230818","1364"
"4975","JCU","東証PR","化学","89082","27242106","2.14","70","17.46","2.18","187.3","1501.51","327000","100","20230607","3670","20230222","3005"
"4976","東洋ドライルーブ","東証ST","化学","3134","1355000","2.08","48","8.95","0.34","258.3","6717.28","231300","100","20230510","2430","20230104","2218"
"4977","新田ゼラチン","東証PR","化学","13193","18373974","2.23","16","10.85","0.65","66.18","1101.08","71800","100","20230509","915","20230817","698"
"4978","リプロセル","東証GR","化学","21711","85141191","0","0","146.55","2.8","1.74","90.97","25500","100","20230523","329","20230406","224"
"4979","OATアグリオ","東証PR","化学","19188","11072000","2.89","50","6.92","1.29","250.34","1348.07","173300","100","20230703","2153","20230407","1298"
"4980","デクセリアルズ","東証PR","化学","220856","61077400","2.07","75","11.65","2.85","310.41","1267.9","361600","100","20230828","3650","20230406","2421"
"4985","アース製薬","東証PR","化学","108934","22141100","2.4","118","20.13","1.59","244.47","3098.66","492000","100","20230622","5250","20230316","4575"
"4987","寺岡製作所","東証ST","化学","8754","26687955","3.05","10","14.08","0.32","23.29","1040.43","32800","100","20230714","357","20230605","296"
"4990","昭和化学工業","東証ST","化学","5426","11979000","1.1","5","10.66","0.69","42.49","655.37","45300","100","20230418","496","20230124","391"
"4992","北興化学工業","東証ST","化学","26807","29985531","2.68","24","6.37","0.58","140.32","1531.55","89400","100","20230703","1042","20230116","771"
"4994","大成ラミック","東証ST","化学","21742","7047500","2.27","70","13.38","0.84","230.63","3661.58","308500","100","20230828","3085","20230316","2785"
"4996","クミアイ化学工業","東証PR","化学","146903","133184612","3.81","42","7.94","1.04","138.96","1057.57","110300","100","20230623","1154","20230316","818"
"4997","日本農薬","東証PR","化学","55000","81967082","2.68","18","11.2","0.71","59.93","939.3","67100","100","20230731","746","20230601","595"
"4998","フマキラー","東証ST","化学","18419","16490000","1.97","22","10.23","0.86","109.22","1303.66","111700","100","20230807","1190","20230213","1045"
"5009","富士興産","東証ST","卸売","15835","8743907","5.3","96","18.91","1.3","95.79","1396.67","181100","100","20230815","1825","20230407","1149"
"5010","日本精蝋","東証ST","石油・石炭","2464","22400000","0","0","-","0.54","-71.4","202.13","11000","100","20230329","154","20230821","107"
"5011","ニチレキ","東証PR","石油・石炭","68822","31685955","3.22","70","11.79","0.91","184.15","2395.88","217200","100","20230828","2199","20230105","1246"
"5013","ユシロ化学工業","東証ST","石油・石炭","19933","13900065","3.84","55","7.87","0.54","182.22","2644.38","143400","100","20230808","1570","20230110","763"
"5015","ビーピー・カストロール","東証ST","石油・石炭","20195","22975189","4.1","36","24.55","2.02","35.8","434.15","87900","100","20230508","929","20230116","838"
"5017","富士石油","東証PR","石油・石炭","23221","78183677","3.37","10","4.09","0.31","72.57","952.77","29700","100","20230815","314","20230105","245"
"5018","MORESCO","東証PR","石油・石炭","11665","9696500","3.74","45","15.86","0.59","75.86","2031.26","120300","100","20230201","1225","20230601","1111"
"5019","出光興産","東証PR","石油・石炭","911764","297864718","3.92","120","8.88","0.54","344.65","5709.99","306100","100","20230125","3375","20230531","2708"
"5020","ENEOSホールディングス","東証PR","石油・石炭","1628944","3032850649","4.1","22","9","0.55","59.71","971.29","53710","100","20230810","550","20230105","436"
"5021","コスモエネルギーホールディングス","東証PR","石油・石炭","468187","88353761","4.72","250","8.41","0.89","630.23","5920.93","529900","100","20230828","5350","20230105","3310"
"5025","マーキュリーリアルテックイノベーター","東証GR","情報通信","1784","2744000","0","0","49.17","2.39","13.22","271.65","65000","100","20230621","1115","20230516","519"
"5026","トリプルアイズ","東証GR","情報通信","5536","6972600","0","0","-","8.04","-96.13","98.7","79400","100","20230208","1065","20230417","591"
"5027","AnyMind_Group","東証GR","情報通信","65181","57938600","0","0","760.14","5","1.48","225.16","112500","100","20230703","1587","20230404","861"
"5028","セカンドサイトアナリティカ","東証GR","情報通信","3440","2787981","0","0","36.97","3.81","33.38","324.23","123400","100","20230202","2150","20230516","1118"
"5029","サークレイス","東証GR","情報通信","2837","4266550","0","0","18.54","3.65","35.87","182.19","66500","100","20230608","967","20230313","555"
"5031","モイ","東証GR","情報通信","4818","13966000","0","0","-","2.85","-","121.08","34500","100","20230616","463","20230316","309"
"5032","ANYCOLOR","東証PR","情報通信","203167","62321170","0","0","22.38","15.2","145.64","214.54","326000","100","20230621","4460","20230315","1965"
"5033","ヌーラボ","東証GR","情報通信","5567","6450916","0","0","33.54","5.18","25.73","166.64","86300","100","20230511","1165","20230110","631"
"5034","unerry","東証GR","情報通信","14096","3564200","0","0","214.36","12.74","18.45","310.53","395500","100","20230718","5700","20230105","2110"
"5035","HOUSEI","東証GR","情報通信","4008","7094200","0.53","3","16.43","1.3","34.39","436.13","56500","100","20230323","897","20230822","542"
"5036","日本ビジネスシステムズ","東証ST","情報通信","52526","48366400","1.84","20","17.05","2.39","63.69","454.37","108600","100","20230206","1970","20230818","1017"
"5038","eWeLL","東証GR","情報通信","31212","7101756","0.41","18","51.04","23.08","86.11","190.46","439500","100","20230621","5730","20230105","3310"
"5070","ドラフト","東証GR","建設","5091","10040700","1.18","6","11.31","1.8","44.82","281.95","50700","100","20230817","558","20230215","356"
"5071","ヴィス","東証ST","建設","7246","8225050","2.5","22","8.04","1.45","109.54","606.45","88100","100","20230203","1284","20230601","787"
"5074","テスホールディングス","東証PR","建設","28367","51859946","2.93","16","5.21","0.68","105.07","802.16","54700","100","20230630","938","20230818","477"
"5076","インフロニア・ホールディングス","東証PR","建設","412680","274845024","3.66","55","15.03","1.08","99.87","1391.32","150150","100","20230828","1514","20230105","986"
"5078","セレコーポレーション","東証ST","建設","9295","3491900","3.01","80","13.9","0.49","191.52","5465.19","266200","100","20230123","2800","20230317","2253"
"5079","ノバック","東証ST","建設","15764","5202800","5.28","160","12.59","0.83","240.75","3651.89","303000","100","20230824","3035","20230104","2389"
"5101","横浜ゴム","東証PR","ゴム製品","502628","169549081","2.29","68","8.34","0.67","355.49","4439.46","296450","100","20230802","3243","20230116","1948"
"5103","昭和ホールディングス","東証ST","ゴム製品","3509","76293426","0","0","-","1.74","-","26.37","4600","100","20230209","62","20230411","41"
"5105","TOYO_TIRE","東証PR","ゴム製品","335577","154111029","3.58","78","6.1","0.93","357.23","2349.99","217750","100","20230828","2181.5","20230320","1429"
"5108","ブリヂストン","東証PR","ゴム製品","4013839","713698221","3.56","200","11.49","1.16","489.45","4854.77","562400","100","20230615","6067","20230104","4548"
"5110","住友ゴム工業","東証PR","ゴム製品","391014","263043057","2.69","40","17","0.66","87.45","2242.81","148650","100","20230807","1500","20230320","1095"
"5121","藤倉コンポジット","東証PR","ゴム製品","26611","23446209","3.52","40","7.73","0.77","146.85","1465.77","113500","100","20230828","1144","20230105","801"
"5122","オカモト","東証PR","ゴム製品","85067","18099367","2.34","110","13.56","1.02","346.51","4610.15","470000","100","20230828","4725","20230105","3625"
"5125","ファインズ","東証GR","情報通信","3142","4547600","0","0","11.62","1.8","59.47","384.91","69100","100","20230220","1644","20230817","656"
"5126","ポーターズ","東証GR","情報通信","3992","1571600","0","0","17.35","4.37","146.42","581.68","254000","100","20230821","2678","20230214","1748"
"5127","グッピーズ","東証GR","情報通信","9329","3632800","0","0","21.21","4.61","121.05","556.89","256800","100","20230414","4090","20230106","1373"
"5129","FIXER","東証GR","情報通信","23709","14753400","0","0","18","4.3","89.27","373.98","160700","100","20230116","3095","20230828","1605"
"5131","リンカーズ","東証GR","情報通信","4514","13638000","0","0","35.98","2.46","9.2","134.7","33100","100","20230523","414","20230316","244"
"5132","pluszero","東証GR","情報通信","13899","2504400","0","0","128.18","15.87","43.3","349.61","555000","100","20230306","10300","20230105","3250"
"5133","テリロジーホールディングス","東証ST","情報通信","5339","17111742","1.6","5","30.29","2.19","10.3","142.21","31200","100","20230302","390","20230116","296"
"5134","POPER","東証GR","情報通信","2575","3901553","0","0","44.96","4.22","14.68","156.49","66000","100","20230209","833","20230517","589"
"5136","tripla","東証GR","情報通信","12490","5499900","0","0","64.06","13.79","35.45","164.69","227100","100","20230308","3225","20230106","1819"
"5137","スマートドライブ","東証GR","情報通信","16157","6200010","0","0","-","35.42","-9.73","73.57","260600","100","20230630","3720","20230105","1284"
"5138","Rebase","東証GR","情報通信","5261","4606600","0","0","27.23","6.73","41.94","169.62","114200","100","20230704","1556","20230407","886"
"5139","オープンワーク","東証GR","情報通信","23022","5323010","0","0","40.53","4.16","106.71","1038.81","432500","100","20230217","7190","20230106","3630"
"5142","アキレス","東証PR","化学","22506","15362714","2.73","40","54.85","0.48","26.71","3056.04","146500","100","20230731","1525","20230117","1218"
"5161","西川ゴム工業","東証ST","ゴム製品","25954","19995387","3.08","40","10.39","0.32","124.92","3998.56","129800","100","20230731","1448","20230117","1060"
"5162","朝日ラバー","東証ST","ゴム製品","2485","4618520","3.72","20","17.31","0.5","31.08","1075.28","53800","100","20230424","638","20230214","508"
"5184","ニチリン","東証ST","ゴム製品","43186","14371500","3.46","104","8.96","0.81","335.5","3696.45","300500","100","20230814","3030","20230104","1730"
"5185","フコク","東証PR","ゴム製品","25181","17609130","3.85","55","7.94","0.64","180.02","2230.91","143000","100","20230724","1664","20230320","991"
"5186","ニッタ","東証PR","ゴム製品","100505","30272503","3.31","110","9.23","0.71","359.57","4702.4","332000","100","20230810","3340","20230106","2720"
"5187","クリエートメディック","東証ST","精密機器","8920","9664327","4.01","37","14.21","0.55","64.94","1673.78","92300","100","20230824","937","20230116","862"
"5189","櫻護謨","東証ST","ゴム製品","3820","1012000","1.32","50","19.22","0.47","196.39","7989.2","377500","100","20230403","9030","20230322","2621"
"5191","住友理工","東証PR","ゴム製品","111222","104042806","1.4","15","9.41","0.64","113.65","1680.61","106900","100","20230828","1072","20230105","591"
"5192","三ツ星ベルト","東証PR","ゴム製品","151936","32604198","5.36","250","18.61","1.44","250.4","3226.78","466000","100","20230828","4660","20230105","3330"
"5194","相模ゴム工業","東証ST","ゴム製品","8181","10937449","1.34","10","19.33","0.85","38.69","885.15","74800","100","20230310","911","20230126","727"
"5195","バンドー化学","東証PR","ゴム製品","66939","44213536","4.49","68","10.98","0.82","137.93","1855.05","151400","100","20230815","1527","20230105","924"
"5199","不二ラテックス","東証ST","ゴム製品","2455","1286199","2.62","50","6.13","0.67","311.48","2839.65","190900","100","20230220","2063","20230106","1850"
"5201","AGC","東証PR","ガラス土石","1144940","227441381","4.17","210","18.69","0.74","269.29","6818","503400","100","20230628","5360","20230104","4310"
"5202","日本板硝子","東証PR","ガラス土石","67093","91283099","0","0","6.07","0.54","120.99","1365.85","73500","100","20230814","858","20230104","556"
"5204","石塚硝子","東証ST","ガラス土石","9983","4219554","1.69","40","8.25","0.37","286.72","6342.09","236600","100","20230828","2395","20230118","1402"
"5208","有沢製作所","東証PR","化学","34320","33547924","4.4","45","18.81","0.76","54.4","1338.33","102300","100","20230227","1438","20230804","995"
"5210","日本山村硝子","東証ST","ガラス土石","23405","11145249","1.43","30","2.38","0.46","881.33","4561.47","210000","100","20230828","2100","20230117","509"
"5212","不二硝子","東証ST","ガラス土石","2208","2142000","0.73","7.5","22.31","0.61","46.21","1685.22","103100","100","20230315","1582","20230613","991"
"5214","日本電気硝子","東証PR","ガラス土石","252889","99523246","4.72","120","-","0.46","-214.94","5520.69","254100","100","20230529","2678","20230104","2295"
"5216","倉元製作所","東証ST","ガラス土石","3620","33831519","0","0","-","6.53","-11.95","16.39","10700","100","20230509","144","20230814","102"
"5217","テクノクオーツ","東証ST","ガラス土石","15366","3900000","2.92","115","5.93","0.9","664.65","4362.88","394000","100","20230208","4775","20230116","3715"
"5218","オハラ","東証ST","ガラス土石","34307","25450000","1.48","20","14.92","0.74","90.33","1829.59","134800","100","20230619","1720","20230104","1045"
"5232","住友大阪セメント","東証PR","ガラス土石","139378","34329517","2.96","120","14.64","0.75","277.35","5392.51","406000","100","20230809","4377","20230112","3115"
"5233","太平洋セメント","東証PR","ガラス土石","343266","121985078","2.49","70","8.24","0.66","341.63","4235.05","281400","100","20230810","3038","20230112","2006"
"5237","ノザワ","東証ST","ガラス土石","9986","12075000","4.23","35","10.18","0.52","81.24","1595.6","82700","100","20230804","867","20230113","631"
"5240","monoAI_technology","東証GR","情報通信","7465","10354100","0","0","74.72","5.81","9.65","124.2","72100","100","20230307","2390","20230828","718"
"5242","アイズ","東証GR","情報通信","3134","1007800","0","0","25.54","4.74","121.77","655.88","311000","100","20230703","4535","20230815","2728"
"5243","note","東証GR","情報通信","7225","15146900","0","0","-","4.48","-43.37","106.46","47700","100","20230307","927","20230104","401"
"5244","jig.jp","東証GR","情報通信","18041","42054000","0.76","3.28","26.19","7.41","16.38","57.88","42900","100","20230821","550","20230426","254"
"5246","ELEMENTS","東証GR","情報通信","12027","21062800","0","0","-","49.27","-32.44","11.59","57100","100","20230303","1385","20230118","444"
"5247","BTM","東証GR","情報通信","5214","1409200","0","0","52.88","10.3","69.97","359.33","370000","100","20230309","7120","20230104","2042"
"5248","テクノロジーズ","東証GR","情報通信","6529","2820400","0","0","73.7","8.33","31.41","277.97","231500","100","20230127","4000","20230427","1420"
"5250","プライム・ストラテジー","東証ST","情報通信","8838","3459000","0","0","34.81","7.31","73.4","349.53","255500","100","20230705","4690","20230421","2072"
"5252","日本ナレッジ","東証GR","情報通信","2380","1376000","1.16","20","15.87","2.69","109.01","643.17","173000","100","20230324","3935","20230817","1650"
"5253","カバー","東証GR","情報通信","129155","61124200","0","0","39.91","16.94","52.94","124.71","211300","100","20230620","3170","20230331","1300"
"5254","Arent","東証GR","情報通信","38246","6198780","0","0","74.27","11.06","83.08","557.98","617000","100","20230606","7540","20230328","1453"
"5255","モンスターラボホールディングス","東証GR","情報通信","11656","34280950","0","0","-","1.95","-28.65","174.44","34000","100","20230502","1145","20230818","315"
"5256","Fusic","東証GR","情報通信","6181","1245000","-","-","47.19","7.74","105.22","641.19","496500","100","20230405","6760","20230428","3515"
"5257","ノバシステム","東証ST","情報通信","3311","1402500","0","0","11.69","2.02","201.9","1169.34","236100","100","20230404","3610","20230424","2053"
"5258","トランザクション・メディア・ネットワークス","東証GR","情報通信","39284","36920900","0","0","55.71","3.82","19.1","278.49","106400","100","20230704","1978","20230821","1030"
"5259","BBDイニシアティブ","東証GR","情報通信","3255","5276221","0","0","-","2.86","-","215.88","61700","100","20230403","893","20230824","605"
"5261","リソルホールディングス","東証PR","サービス","26653","5564200","1.04","50","33.26","1.92","144.01","2501.23","479000","100","20230329","5290","20230116","4500"
"5262","日本ヒューム","東証PR","ガラス土石","25092","29347500","2.92","25","12.45","0.53","68.65","1604.6","85500","100","20230828","863","20230213","630"
"5268","旭コンクリート工業","東証ST","ガラス土石","9250","13233000","2.58","18","29.17","0.89","23.96","788.67","69900","100","20230626","712","20230329","670"
"5269","日本コンクリート工業","東証PR","ガラス土石","18951","57777432","3.96","13","22.27","0.51","14.73","643.71","32800","100","20230616","350","20230105","212"
"5271","トーヨーアサノ","東証ST","ガラス土石","2457","1440840","3.52","60","16.99","0.62","100.34","2730.77","170500","100","20230710","1900","20230629","1498"
"5273","三谷セキサン","東証ST","ガラス土石","125183","24986599","1.26","63","16.74","1.28","299.33","3903.17","501000","100","20230622","5290","20230106","3595"
"5277","スパンクリートコーポレーション","東証ST","ガラス土石","2146","9332400","-","-","-","0.3","-30.25","768.31","23000","100","20230424","293","20230111","215"
"5279","日本興業","東証ST","ガラス土石","2375","3064200","3.23","25","9.35","0.31","82.88","2513.61","77500","100","20230731","810","20230104","697"
"5280","ヨシコン","東証ST","不動産","9195","8030248","4.45","51","5.25","0.35","218.19","3253.59","114500","100","20230703","1288","20230113","1035"
"5282","ジオスター","東証ST","ガラス土石","8986","31530000","-","-","22.28","0.41","12.79","701.52","28500","100","20230508","324","20230816","284"
"5283","高見澤","東証ST","卸売","4704","1758400","1.87","50","3.73","0.34","716.25","7877.37","267500","100","20230816","2715","20230116","1855"
"5284","ヤマウホールディングス","東証ST","ガラス土石","10027","6306000","4.28","68","7.1","1.09","223.9","1462.68","159000","100","20230828","1627","20230125","791"
"5285","ヤマックス","東証ST","ガラス土石","7990","11580000","2.9","20","9.92","1.15","69.55","598.44","69000","100","20230802","844","20230117","360"
"5287","イトーヨーギョー","東証ST","ガラス土石","2173","3568000","1.64","10","25.95","0.56","23.47","1095.77","60900","100","20230512","711","20230105","550"
"5288","アジアパイルホールディングス","東証PR","ガラス土石","24606","38089792","3.87","25","8.2","0.58","78.76","1107.37","64600","100","20230309","783","20230104","530"
"5290","ベルテクスコーポレーション","東証ST","ガラス土石","46624","30553350","2.62","40","9.56","1.3","159.68","1177.51","152600","100","20230706","1593","20230216","1250"
"5301","東海カーボン","東証PR","ガラス土石","255873","224943104","3.16","36","9.33","0.76","121.95","1499.17","113750","100","20230307","1387","20230116","1027"
"5302","日本カーボン","東証PR","ガラス土石","51945","11832504","4.56","200","19.39","1.01","226.36","4329.74","439000","100","20230623","4535","20230320","3900"
"5304","SECカーボン","東証ST","ガラス土石","48094","4138868","2.93","340","10.05","0.73","1156.24","15974.66","1162000","100","20230814","12170","20230104","6680"
"5310","東洋炭素","東証PR","ガラス土石","121757","20992588","1.55","90","17.38","1.5","333.77","3865.88","580000","100","20230810","6390","20230106","3525"
"5331","ノリタケカンパニーリミテド","東証PR","ガラス土石","88909","14842849","3.84","230","8.65","0.65","692.42","9170.31","599000","100","20230810","6180","20230104","3940"
"5332","TOTO","東証PR","ガラス土石","696598","176981297","2.54","100","17.12","1.46","229.96","2690.02","393600","100","20230112","5130","20230817","3762"
"5333","日本碍子","東証PR","ガラス土石","602233","311956996","2.59","50","15.36","0.89","125.7","2169.26","193050","100","20230814","2008","20230707","1642"
"5334","日本特殊陶業","東証PR","ガラス土石","685621","204175320","3.96","133","10.11","1.15","332.02","2911.61","335800","100","20230828","3358","20230104","2395"
"5337","ダントーホールディングス","東証ST","ガラス土石","28941","33000000","0","0","-","3.23","-21.71","271.85","87700","100","20230824","930","20230111","206"
"5341","ASAHI_EITOホールディングス","東証ST","ガラス土石","3277","4312069","0","0","-","2.75","-43.36","276.32","76000","100","20230707","840","20230530","510"
"5344","MARUWA","東証PR","ガラス土石","325755","12372000","0.33","86","-","3.35","-","7860.76","2633000","100","20230810","26960","20230104","15410"
"5351","品川リフラクトリーズ","東証PR","ガラス土石","67326","9429366","-","-","4.77","0.88","1496.22","8074.19","714000","100","20230807","7440","20230105","3790"
"5352","黒崎播磨","東証PR","ガラス土石","91054","9114528","3.6","360","8.41","1.08","1187.55","9276.62","999000","100","20230731","11010","20230104","5000"
"5355","日本坩堝","東証ST","ガラス土石","3868","7045200","2.19","12","13.09","0.71","41.94","777.41","54900","100","20230710","565","20230207","528"
"5357","ヨータイ","東証PR","ガラス土石","30893","20664000","3.34","50","9.67","0.93","154.59","1604.31","149500","100","20230309","1617","20230105","1250"
"5363","東京窯業","東証ST","ガラス土石","15644","45477000","3.34","11.5","7.43","0.43","46.29","805.97","34400","100","20230519","371","20230104","262"
"5367","ニッカトー","東証PR","ガラス土石","7427","12135695","3.92","24","8.7","0.59","70.38","1045.04","61200","100","20230704","696","20230104","462"
"5368","日本インシュレーション","東証ST","ガラス土石","7601","8707200","4.24","37","8.59","0.61","101.61","1429.55","87300","100","20230711","929","20230501","807"
"5380","新東","東証ST","ガラス土石","1081","831682","2.88","37.5","14.15","0.28","91.86","4682.66","130000","100","20230315","2146","20230804","1287"
"5381","Mipox","東証ST","ガラス土石","7717","14451920","-","-","15.21","0.99","35.11","537.88","53400","100","20230203","771","20230323","464"
"5384","フジミインコーポレーテッド","東証PR","ガラス土石","266328","80098500","2.21","73.34","25.69","3.55","129.41","937.44","332500","100","20230704","3785","20230104","2017"
"5386","鶴弥","東証ST","ガラス土石","2944","7767800","1.32","5","24.17","0.25","15.68","1526.74","37900","100","20230523","402","20230111","310"
"5388","クニミネ工業","東証ST","ガラス土石","14696","14450000","3.93","40","10.58","0.62","96.16","1644.25","101700","100","20230807","1064","20230105","798"
"5391","エーアンドエーマテリアル","東証ST","ガラス土石","9092","7778000","4.28","50","4.26","0.51","274.47","2279.14","116900","100","20230804","1201","20230106","860"
"5393","ニチアス","東証PR","ガラス土石","201944","67811917","3.22","96","8.78","1.11","339.2","2691","297800","100","20230703","3030","20230105","2292"
"5395","理研コランダム","東証ST","ガラス土石","2232","922128","2.48","60","19.36","0.45","125.08","5356.13","242100","100","20230111","2548","20230601","2300"
"5401","日本製鉄","東証PR","鉄鋼","3238695","950321402","4.4","150","7.85","0.72","434.39","4717.33","340800","100","20230809","3430","20230105","2228"
"5406","神戸製鋼所","東証PR","鉄鋼","715603","396345963","4.98","90","5.94","0.76","303.87","2365.08","180550","100","20230809","1825","20230105","629"
"5408","中山製鋼所","東証PR","鉄鋼","56014","63079256","4.28","38","7.07","0.49","125.61","1824.17","88800","100","20230228","1205","20230601","755"
"5410","合同製鐵","東証PR","鉄鋼","72010","17145211","4.76","200","5.85","0.53","717.88","7927.08","420000","100","20230807","4315","20230106","2080"
"5411","JFEホールディングス","東証PR","鉄鋼","1403685","614438399","4.38","100","6.98","0.6","327.06","3776.83","228450","100","20230801","2354","20230105","1496"
"5423","東京製鐵","東証PR","鉄鋼","250119","155064249","2.48","40","7.45","0.95","216.65","1699.15","161300","100","20230801","1799","20230104","1174"
"5440","共英製鋼","東証PR","鉄鋼","87463","44898730","3.59","70","7.05","0.47","276.12","4166.99","194800","100","20230731","2234","20230105","1234"
"5444","大和工業","東証PR","鉄鋼","454545","65000000","4.29","300","7.68","0.98","910.56","7127.8","699300","100","20230809","7226","20230105","4355"
"5445","東京鐵鋼","東証PR","鉄鋼","30859","9365305","4.55","150","6.59","0.63","499.98","5239.67","329500","100","20230731","3595","20230104","1422"
"5446","北越メタル","東証ST","鉄鋼","6247","3994000","-","-","7.51","0.37","208.17","4250.57","156400","100","20230314","1996","20230105","1320"
"5449","大阪製鐵","東証ST","鉄鋼","70819","42279982","-","-","16.3","0.43","102.78","3886.6","167500","100","20230804","1709","20230106","1132"
"5451","淀川製鋼所","東証PR","鉄鋼","118795","34837230","-","-","-","0.54","-","6327.74","341000","100","20230808","3575","20230105","2462"
"5458","高砂鐵工","東証ST","鉄鋼","2352","3008000","-","-","-","0.55","-","1417.15","78200","100","20230306","892","20230825","763"
"5461","中部鋼鈑","東証PR","鉄鋼","63450","30200000","3.95","83","8.94","0.79","235.11","2652.01","210100","100","20230310","2820","20230104","1428"
"5463","丸一鋼管","東証PR","鉄鋼","312900","84000000","2.95","110","13.18","0.92","282.55","4050.35","372500","100","20230828","3729","20230105","2638"
"5464","モリ工業","東証ST","鉄鋼","26716","7766380","3.78","130","7.86","0.52","437.87","6602.95","344000","100","20230510","3735","20230105","2698"
"5471","大同特殊鋼","東証PR","鉄鋼","258433","43448769","3.87","230","7.92","0.67","750.72","8894.4","594800","100","20230727","6430","20230105","4160"
"5476","日本高周波鋼業","東証ST","鉄鋼","7197","14687617","-","-","0.96","0.45","511.77","1085.51","49000","100","20230809","500","20230106","307"
"5480","日本冶金工業","東証PR","鉄鋼","68653","15497333","4.51","200","5.01","0.79","883.71","5581.79","443000","100","20230309","4770","20230426","3820"
"5481","山陽特殊製鋼","東証PR","鉄鋼","150713","54507307","3.62","100","10.76","0.69","256.95","3992.94","276500","100","20230801","2988","20230105","2043"
"5482","愛知製鋼","東証PR","鉄鋼","71393","19886675","2.23","80","14.16","0.34","253.45","10569.61","359000","100","20230801","3860","20230203","2107"
"5484","東北特殊鋼","東証ST","鉄鋼","13492","7550000","1.12","20","17.94","0.5","99.62","3546.73","178700","100","20230130","1919","20230522","1676"
"5491","日本金属","東証PR","鉄鋼","6064","6700000","1.1","10","-","0.25","0","3664.59","90500","100","20230309","1010","20230531","853"
"5527","property_technologies","東証GR","不動産","6909","4154251","0","0","4.24","1.01","391.76","1650.11","166300","100","20230116","3650","20230817","1490"
"5532","リアルゲイト","東証GR","不動産","5092","2780800","-","-","12.7","2.33","144.23","786.89","183100","100","20230622","3825","20230816","1626"
"5533","エリッツホールディングス","東証ST","不動産","8803","3342200","2.13","56","14.09","2.11","186.91","1248.58","263400","100","20230713","4760","20230627","1980"
"5541","大平洋金属","東証PR","鉄鋼","31715","19577071","0","0","-","0.45","-166.44","3601.58","162000","100","20230210","2156","20230817","1427"
"5542","新報国マテリアル","東証ST","鉄鋼","4180","3510000","2.52","30","8.71","0.81","136.76","1478.79","119100","100","20230621","1400","20230314","1113"
"5563","新日本電工","東証PR","鉄鋼","38147","137217772","2.52","7","12.76","0.57","21.78","489.48","27800","100","20230127","394","20230817","259"
"5570","ジェノバ","東証GR","情報通信","16324","14195000","0.26","3","36.02","5.26","31.93","218.8","115000","100","20230419","2300","20230602","964"
"5571","エキサイトホールディングス","東証ST","情報通信","4844","4932650","0","0","10.13","1.47","96.9","665.77","98200","100","20230420","1949","20230814","888"
"5572","Ridge-i","東証GR","情報通信","7626","3794130","0","0","166.12","3.8","12.1","529.5","201000","100","20230427","4620","20230817","1800"
"5574","ABEJA","東証GR","情報通信","40286","8598900","0","0","112.89","16.7","41.5","280.49","468500","100","20230622","10300","20230817","4190"
"5575","Globee","東証GR","情報通信","11708","4996800","0","0","54.77","41.99","42.78","55.8","234300","100","20230622","4495","20230817","1565"
"5576","オービーシステム","東証ST","情報通信","4675","2367000","3.04","60","10.5","1.08","188.06","1827.84","197500","100","20230622","4410","20230817","1755"
"5577","アイデミー","東証GR","情報通信","9415","3967600","0","0","51.64","10.29","45.95","230.69","237300","100","20230623","5760","20230817","1874"
"5578","ARアドバンストテクノロジ","東証GR","情報通信","8935","3273000","0.73","20","27.34","6.02","99.87","453.57","273000","100","20230628","4990","20230818","2312"
"5580","プロディライト","東証GR","情報通信","2441","1632850","0","0","20.89","6.03","71.55","247.94","149500","100","20230628","3285","20230817","1435"
"5582","グリッド","東証GR","情報通信","16980","4684200","0","0","46.41","11.32","78.11","320.34","362500","100","20230710","6400","20230816","3275"
"5585","エコナビスタ","東証GR","情報通信","15119","6091630","0","0","58.15","11.6","42.68","213.9","248200","100","20230801","3725","20230817","2128"
"5586","Laboro.AI","東証GR","情報通信","17817","15837628","0","0","142.77","12.36","7.88","90.99","112500","100","20230801","1545","20230814","874"
"5602","栗本鐵工所","東証PR","鉄鋼","39557","13098490","2.98","90","9.22","0.5","327.6","6046.73","302000","100","20230828","3035","20230106","1690"
"5603","虹技","東証ST","鉄鋼","4979","3362163","3.38","50","8.97","0.39","165.14","3773.97","148100","100","20230828","1495","20230116","881"
"5609","日本鋳造","東証ST","鉄鋼","4786","4825050","3.02","30","7.36","0.42","134.82","2364.54","99200","100","20230726","1059","20230113","815"
"5610","大和重工","東証ST","鉄鋼","1897","1358000","-","-","20.44","0.64","68.36","2176.32","139700","100","20230828","1399","20230130","763"
"5612","日本鋳鉄管","東証ST","鉄鋼","3543","3293074","2.04","22","14.41","0.42","74.69","2588.67","107600","100","20230726","1203","20230111","933"
"5631","日本製鋼所","東証PR","機械","217545","74399910","1.98","58","15.37","1.35","190.26","2172.86","292400","100","20230622","3178","20230320","2322"
"5632","三菱製鋼","東証PR","鉄鋼","22292","15709968","4.23","60","7.26","0.52","195.37","2706.08","141900","100","20230801","1799","20230105","959"
"5644","メタルアート","東証ST","鉄鋼","11146","3157382","2.55","90","5.75","0.5","614.09","7038.67","353000","100","20230815","3805","20230111","2156"
"5658","日亜鋼業","東証ST","鉄鋼","16199","51755478","3.19","10","11.92","0.31","26.26","1010.14","31300","100","20230509","337","20230105","242"
"5659","日本精線","東証PR","鉄鋼","29358","6253038","4.47","210","10.82","0.77","433.73","6082.24","469500","100","20230630","4990","20230105","4150"
"5660","神鋼鋼線工業","東証ST","鉄鋼","5854","5912999","1.52","15","20.9","0.27","47.37","3675.57","99000","100","20230308","1133","20230113","900"
"5695","パウダーテック","東証ST","鉄鋼","7089","2970000","3.77","90","9.74","0.55","245.07","4327.81","238700","100","20230726","2600","20230330","2130"
"5697","サンユウ","東証ST","鉄鋼","3472","6091000","2.46","14","12.31","0.37","46.32","1524.41","57000","100","20230306","802","20230630","504"
"5698","エンビプロ・ホールディングス","東証PR","鉄鋼","17851","30102454","2.7","16","10.55","1.07","56.22","551.66","59300","100","20230125","778","20230713","514"
"5699","イボキン","東証ST","鉄鋼","4013","3427200","1.92","22.5","11.16","1.02","104.95","1151.02","117100","100","20230104","1418","20230822","1153"
"5702","大紀アルミニウム工業所","東証PR","非鉄金属","61866","43629235","4.23","60","7.89","0.84","179.7","1696.55","141800","100","20230726","1584","20230104","1214"
"5703","日本軽金属ホールディングス","東証PR","非鉄金属","96586","61993750","3.21","50","12.86","0.46","121.12","3354.98","155800","100","20230127","1624","20230601","1322"
"5704","JMC","東証GR","非鉄金属","4898","5330000","0","0","18.82","1.85","48.83","497.47","91900","100","20230828","950","20230601","609"
"5706","三井金属鉱業","東証PR","非鉄金属","211762","57356856","3.79","140","22.2","0.84","166.27","4399.8","369200","100","20230828","3751","20230105","3045"
"5707","東邦亜鉛","東証PR","非鉄金属","23218","13585521","2.93","50","46.41","0.48","36.82","3532.43","170900","100","20230307","2271","20230817","1623"
"5711","三菱マテリアル","東証PR","非鉄金属","317153","131489535","3.9","94","7.68","0.52","313.86","4656.38","241200","100","20230802","2668","20230105","2010"
"5713","住友金属鉱山","東証PR","非鉄金属","1314770","290814015","1.19","54","23.44","0.75","192.89","6002.82","452100","100","20230302","5515","20230817","4220"
"5714","DOWAホールディングス","東証PR","非鉄金属","284282","61989206","2.4","110","13.65","0.78","336.02","5910.42","458600","100","20230705","4773","20230104","3945"
"5715","古河機械金属","東証PR","非鉄金属","70699","40445568","2.86","50","4.35","0.63","401.41","2781.09","174800","100","20230823","1770","20230106","1236"
"5721","エス・サイエンス","東証ST","非鉄金属","3398","141593749","0","0","23.53","1.21","1.02","19.76","2400","100","20230208","28","20230531","23"
"5724","アサカ理研","東証ST","非鉄金属","6575","5144600","0.63","8","27.3","1.53","46.82","834.22","127800","100","20230308","1533","20230719","1227"
"5726","大阪チタニウムテクノロジーズ","東証PR","非鉄金属","118128","36800000","1.25","40","22.29","3.73","144.03","859.46","321000","100","20230125","4025","20230509","2580"
"5727","東邦チタニウム","東証PR","非鉄金属","142827","71270910","0.6","12","49.18","2.71","40.75","740.67","200400","100","20230124","2829","20230509","1592"
"5729","日本精鉱","東証ST","非鉄金属","6796","2605900","3.07","80","12.24","0.69","213.09","3806.08","260800","100","20230308","3190","20230825","2582"
"5741","UACJ","東証PR","非鉄金属","151509","48328193","2.71","85","10.08","0.58","311.07","5361.88","313500","100","20230804","3265","20230104","2171"
"5742","エヌアイシ・オートテック","東証ST","非鉄金属","4510","5500000","5","41","56.55","1.09","14.5","755.61","82000","100","20230712","860","20230120","775"
"5753","日本伸銅","東証ST","非鉄金属","4685","2370000","0.51","10","6.51","0.4","303.55","4942.26","197700","100","20230206","2105","20230113","1906"
"5757","CKサンエツ","東証PR","非鉄金属","32631","8867000","1.9","70","7.43","0.69","495.02","5351.57","368000","100","20230703","4490","20230823","3590"
"5759","日本電解","東証GR","非鉄金属","15349","9050000","0","0","-","2.06","-121.55","822","169600","100","20230227","2480","20230110","1479"
"5781","東邦金属","東証ST","非鉄金属","3551","2338001","0","0","23.48","0.98","64.7","1552.02","151900","100","20230314","2411","20230117","820"
"5801","古河電気工業","東証PR","非鉄金属","174901","70666917","2.42","60","13.4","0.57","184.67","4352.15","247500","100","20230802","2845","20230208","2263"
"5802","住友電気工業","東証PR","非鉄金属","1398129","793940571","2.84","50","13.73","0.7","128.23","2502.14","176100","100","20230802","1944","20230116","1456"
"5803","フジクラ","東証PR","非鉄金属","350450","295863421","3.8","45","7.97","1.12","148.66","1062.15","118450","100","20230814","1304","20230407","863"
"5805","SWCC","東証PR","非鉄金属","59588","30826861","3.88","75","8.25","0.85","234.17","2265.28","193300","100","20230802","2047","20230106","1689"
"5809","タツタ電線","東証PR","非鉄金属","49671","70156394","-","-","-","0.9","-","784.66","70800","100","20230111","717","20230707","705"
"5816","オーナンバ","東証ST","非鉄金属","11152","12558251","2.7","24","6.37","0.48","139.5","1852.1","88800","100","20230726","1050","20230206","686"
"5817","JMACS","東証ST","非鉄金属","2745","4691555","1.71","10","19.58","0.6","29.88","981.65","58500","100","20230828","593","20230106","429"
"5819","カナレ電気","東証ST","非鉄金属","9888","7028060","3.62","51","10.45","0.58","134.58","2422.2","140700","100","20230725","1500","20230320","1217"
"5820","三ッ星","東証ST","非鉄金属","7976","3799965","0.81","17","42.48","1.18","49.41","1776.97","209900","100","20230707","3140","20230306","827"
"5821","平河ヒューテック","東証PR","非鉄金属","26424","17627800","2.4","36","10.03","0.59","149.49","2546.31","149900","100","20230731","1780","20230106","1091"
"5830","いよぎんホールディングス","東証PR","銀行","311528","313408831","2.01","20","11.98","0.39","82.95","2575.88","99400","100","20230801","1009","20230118","681"
"5831","しずおかフィナンシャルグループ","東証PR","銀行","689867","585129069","2.88","34","11.7","0.56","100.79","2112.34","117900","100","20230731","1192","20230316","904"
"5832","ちゅうぎんフィナンシャルグループ","東証PR","銀行","177066","184771461","3.13","30","11.74","0.32","81.65","2970.71","95830","100","20230113","1003","20230608","845"
"5834","SBIリーシングサービス","東証GR","証券・先物","17163","7776800","1.36","30","6.13","0.94","360.05","2347.88","220700","100","20230126","3130","20230601","2025"
"5838","楽天銀行","東証PR","銀行","327852","174482380","0","0","10.17","1.38","184.8","1361.43","187900","100","20230814","2162","20230426","1785"
"5851","リョービ","東証PR","非鉄金属","91736","32646143","2.49","70","10.83","0.62","259.51","4506.67","281000","100","20230801","3070","20230105","1115"
"5852","アーレスティ","東証PR","非鉄金属","19479","26076717","2.01","15","17.6","0.33","42.45","2247.03","74700","100","20230802","793","20230116","413"
"5856","エルアイイーエイチ","東証ST","小売","3595","74903800","-","-","-","1.27","-","37.7","4800","100","20230303","66","20230818","47"
"5857","AREホールディングス","東証PR","非鉄金属","149693","79708688","4.79","90","10.9","1.26","172.23","1490.74","187800","100","20230310","2096","20230817","1816"
"5884","クラダシ","東証GR","小売","5059","10763358","0","0","63.26","4.94","7.43","95.17","47000","100","20230630","879","20230817","413"
"5885","ジーデップ・アドバンス","東証ST","卸売","14379","1322800","0.57","62","32.69","8.57","332.5","1268.93","1087000","100","20230705","18600","20230817","7800"
"5900","ダイケン","東証ST","金属製品","4657","5970480","1.92","15","13.16","0.34","59.27","2300.37","78000","100","20230707","900","20230104","695"
"5901","東洋製罐グループホールディングス","東証PR","金属製品","459533","182862162","3.58","90","27.66","0.7","90.86","3570.36","251300","100","20230828","2517","20230113","1551"
"5902","ホッカンホールディングス","東証PR","金属製品","21039","13469387","-","-","14.69","0.36","106.32","4342.61","156200","100","20230828","1570","20230601","1315"
"5903","シンポ","東証ST","金属製品","7308","6140850","2.94","35","9.21","1.07","129.16","1111.25","119000","100","20230502","1344","20230104","1125"
"5905","日本製罐","東証ST","金属製品","2387","1392000","4.08","70","8.76","0.45","195.71","3777.54","171500","100","20230801","1894","20230113","1108"
"5906","エムケー精工","東証ST","金属製品","5911","15595050","2.11","8","9.24","0.4","41.02","951.75","37900","100","20230418","438","20230104","339"
"5909","コロナ","東証ST","金属製品","26496","29342454","3.1","28","21.96","0.36","41.12","2488.65","90300","100","20230510","974","20230531","860"
"5911","横河ブリッジホールディングス","東証PR","金属製品","118013","43164802","3.29","90","10.55","0.96","259.15","2845.28","273400","100","20230802","2806","20230110","1822"
"5915","駒井ハルテック","東証PR","金属製品","9200","4972709","3.78","70","14.37","0.29","128.71","6389.77","185000","100","20230725","1991","20230106","1452"
"5918","瀧上工業","東証ST","金属製品","20772","2697600","1.3","100","42.21","0.42","182.4","18519.75","770000","100","20230707","8260","20230522","6700"
"5921","川岸工業","東証ST","金属製品","9600","3000000","3.13","100","7.77","0.35","411.92","9044.66","320000","100","20230725","3460","20230316","2601"
"5922","那須電機鉄工","東証ST","金属製品","10716","1200000","1.12","100","9.56","0.42","934.56","21321.64","893000","100","20230403","9900","20230123","7270"
"5923","高田機工","東証ST","金属製品","6677","2237586","3.35","100","7.85","0.31","380.02","9667.33","298400","100","20230511","3190","20230104","2420"
"5928","アルメタックス","東証ST","金属製品","3586","11912515","2.66","8","15.62","0.34","19.27","872.86","30100","100","20230306","490","20230104","263"
"5929","三和ホールディングス","東証PR","金属製品","496881","231000000","2.7","58","14.95","1.96","143.86","1095.25","215100","100","20230828","2157","20230105","1186"
"5930","文化シヤッター","東証PR","金属製品","78333","72196487","3.87","42","9.5","0.81","114.27","1338.24","108500","100","20230310","1186","20230807","1041"
"5932","三協立山","東証PR","金属製品","27137","31554629","2.33","20","8.99","0.3","95.69","2854.68","86000","100","20230801","998","20230105","518"
"5933","アルインコ","東証PR","金属製品","22407","21039326","3.76","40","12.29","0.72","86.68","1475.16","106500","100","20230203","1115","20230531","957"
"5935","元旦ビューティ工業","東証ST","金属製品","7874","3858030","1.22","25","21.24","1.57","96.08","1301.4","204100","100","20230407","6490","20230221","1068"
"5936","東洋シヤッター","東証ST","金属製品","4081","6387123","2.82","18","7.23","0.51","88.4","1263.86","63900","100","20230731","665","20230112","490"
"5938","LIXIL","東証PR","金属製品","515545","287211790","5.01","90","46.85","0.8","38.31","2255.31","179500","100","20230309","2368","20230807","1702"
"5939","大谷工業","東証ST","金属製品","6045","780000","0.39","30","40.26","1.75","192.51","4431.49","775000","100","20230316","16050","20230105","4125"
"5940","不二サッシ","東証ST","金属製品","9975","126267824","1.27","1","10.6","0.57","7.45","138.1","7900","100","20230727","95","20230314","65"
"5941","中西製作所","東証ST","金属製品","10228","6306000","2.03","33","15.03","0.59","107.92","2733.75","162200","100","20230207","1956","20230828","1606"
"5942","日本フイルコン","東証ST","金属製品","10507","22167211","3.38","16","8.12","0.44","58.36","1089.1","47400","100","20230308","496","20230117","434"
"5943","ノーリツ","東証PR","金属製品","81276","50797651","4","64","12.5","0.6","127.99","2645.54","160000","100","20230508","1890","20230105","1412"
"5945","天龍製鋸","東証ST","金属製品","17725","5573817","-","-","14.01","0.46","226.91","6973.85","318000","100","20230629","3305","20230330","3000"
"5946","長府製作所","東証PR","金属製品","73786","34239312","1.86","40","18.93","0.56","113.85","3855.58","215500","100","20230620","2653","20230105","1885"
"5947","リンナイ","東証PR","金属製品","428280","150063171","2.1","60","16.69","1.14","170.96","2494.56","285400","100","20230209","3497","20230817","2688"
"5949","ユニプレス","東証PR","輸送用機器","58454","47991873","2.46","30","18.68","0.39","65.22","3134.74","121800","100","20230810","1241","20230214","712"
"5950","日本パワーファスニング","東証ST","金属製品","2112","18688540","-","-","-","0.53","-9.44","214.63","11300","100","20230713","140","20230817","111"
"5951","ダイニチ工業","東証ST","金属製品","13951","19058587","3.01","22","9.48","0.46","77.23","1577.18","73200","100","20230727","761","20230116","635"
"5952","アマテイ","東証ST","金属製品","1872","12317000","0.99","1.5","22.52","1.41","6.75","108.05","15200","100","20230713","176","20230104","111"
"5955","ヤマシナ","東証ST","金属製品","11345","143611765","1.27","1","23.72","0.94","3.33","83.61","7900","100","20230530","160","20230104","63"
"5956","トーソー","東証ST","金属製品","5320","10000000","1.88","10","13.64","0.35","38.99","1520.94","53200","100","20230727","548","20230104","485"
"5957","日東精工","東証PR","金属製品","22232","39985017","3.24","18","9.34","0.65","59.54","861","55600","100","20230705","694","20230105","480"
"5958","三洋工業","東証ST","金属製品","7315","3520000","4.09","85","8.22","0.38","252.89","5507.69","207800","100","20230804","2131","20230104","1721"
"5959","岡部","東証PR","金属製品","36278","49290632","3.4","25","35.96","0.52","20.47","1405.69","73600","100","20230428","843","20230104","686"
"5962","浅香工業","東証ST","その他製品","1477","1037080","2.11","30","8.55","0.37","166.56","3840.66","142400","100","20230124","1599","20230525","1363"
"5965","フジマック","東証ST","金属製品","10290","14272000","3.33","24","7.5","0.46","96.14","1582.07","72100","100","20230810","749","20230123","653"
"5966","京都機械工具","東証ST","金属製品","5131","2477435","3.38","70","8.01","0.44","258.59","4676.06","207100","100","20230726","2200","20230215","1920"
"5967","TONE","東証ST","金属製品","15203","11713000","1.58","20.5","15.12","1.49","85.83","873.94","129800","100","20230418","1460","20230105","717"
"5969","ロブテックス","東証ST","金属製品","2440","2000000","2.87","35","7.23","0.5","168.68","2416.18","122000","100","20230511","1510","20230512","1137"
"5970","ジーテクト","東証PR","金属製品","80262","43931260","3.28","60","11.07","0.45","165.08","4081.33","182700","100","20230808","1870","20230602","1312"
"5971","共和工業所","東証ST","金属製品","5732","1360000","1.9","80","4.24","0.4","994.37","10648.4","421500","100","20230426","4510","20230203","3900"
"5973","トーアミ","東証ST","金属製品","3302","6400000","2.91","15","31.08","0.29","16.6","1802.22","51600","100","20230810","520","20230110","463"
"5974","中国工業","東証ST","金属製品","2428","3420000","2.11","15","11.53","0.51","61.56","1393.26","71000","100","20230607","914","20230124","611"
"5975","東プレ","東証PR","金属製品","92377","54021824","2.34","40","9.97","0.44","171.45","3883.13","171000","100","20230828","1722","20230316","1098"
"5976","高周波熱錬","東証PR","金属製品","38833","38678700","4.78","48","18.84","0.63","53.3","1587.41","100400","100","20230731","1069","20230105","637"
"5981","東京製綱","東証PR","金属製品","18985","16268242","3.43","40","6.89","0.58","169.42","1997.11","116700","100","20230303","1342","20230106","834"
"5982","マルゼン","東証ST","金属製品","41123","19780000","3.37","70","11.95","0.77","173.99","2693.69","207900","100","20230502","2280","20230110","1754"
"5983","イワブチ","東証ST","金属製品","5731","1100000","3.84","200","20.27","0.31","256.99","16684.85","521000","100","20230414","6740","20230105","4425"
"5984","兼房","東証ST","金属製品","10260","14310000","2.09","15","19.93","0.36","35.97","1970.69","71700","100","20230209","816","20230406","703"
"5985","サンコール","東証PR","金属製品","16893","34057923","4.03","20","-","0.39","-","1274.36","49600","100","20230201","669","20230807","452"
"5986","モリテックスチール","東証ST","金属製品","7196","22558063","0.94","3","59.51","0.54","5.36","587.02","31900","100","20230308","388","20230116","250"
"5987","オーネックス","東証ST","金属製品","1990","1660000","1.67","20","4.89","0.35","245.18","3414.14","119900","100","20230824","1209","20230324","835"
"5988","パイオラックス","東証PR","金属製品","85698","38054100","4.53","102","24.73","0.75","91.06","3016.53","225200","100","20230828","2260","20230104","1679"
"5989","エイチワン","東証PR","金属製品","21550","28392830","3.16","24","11.16","0.29","68.03","2584.5","75900","100","20230710","850","20230213","594"
"5990","スーパーツール","東証ST","金属製品","4614","2366078","3.59","70","11.29","0.43","172.77","4491.61","195000","100","20230119","2090","20230420","1900"
"5991","日本発條","東証PR","金属製品","273720","244066144","3.03","34","10.16","0.69","110.37","1614.86","112150","100","20230801","1162","20230104","819"
"5992","中央発條","東証PR","金属製品","18442","25542396","-","-","91.16","0.26","7.92","2725.52","72200","100","20230202","792","20230602","675"
"5994","ファインシンター","東証ST","金属製品","5012","4420000","1.76","20","49.91","0.31","22.72","3683.88","113400","100","20230615","1650","20230316","1010"
"5997","協立エアテック","東証ST","金属製品","3660","6000000","2.46","15","6.82","0.36","89.48","1674.49","61000","100","20230810","700","20230106","455"
"5998","アドバネクス","東証ST","金属製品","4232","4153370","1.96","20","83.73","0.52","12.17","1972.43","101900","100","20230322","1223","20230531","952"
"6005","三浦工業","東証PR","機械","420352","125291112","1.43","48","20.78","2.2","161.48","1526.01","335500","100","20230516","4160","20230105","2908"
"6013","タクマ","東証PR","機械","129480","83000000","3.08","48","15.03","1.23","103.81","1267.91","156000","100","20230731","1574","20230105","1191"
"6016","ジャパンエンジンコーポレーション","東証ST","輸送用機器","12278","2800000","1.25","55","11.14","1.63","393.57","2689.56","438500","100","20230809","5740","20230104","1206"
"6018","阪神内燃機工業","東証ST","輸送用機器","5890","3245028","2.2","40","24.42","0.42","74.32","4277.64","181500","100","20230807","2267","20230130","1258"
"6022","赤阪鐵工所","東証ST","機械","3399","1540000","-","-","97.44","0.36","22.65","6206.79","220700","100","20230410","4640","20230328","1409"
"6023","ダイハツディーゼル","東証ST","輸送用機器","25162","31850000","2.41","19","8.04","0.55","98.2","1434.6","79000","100","20230810","834","20230203","495"
"6026","GMOTECH","東証GR","サービス","4215","1100620","4.32","165.59","11.13","6.4","344.02","598.52","383000","100","20230807","4110","20230105","1572"
"6027","弁護士ドットコム","東証GR","サービス","107146","22368700","0","0","-","32.26","-","148.49","479000","100","20230808","5320","20230316","2222"
"6028","テクノプロ・ホールディングス","東証PR","サービス","382618","108421164","2.27","80","22.66","5.01","155.71","704.24","352900","100","20230201","4140","20230531","2971"
"6029","アトラグループ","東証ST","サービス","2664","9867000","0","0","31.51","2.13","8.57","127.05","27000","100","20230823","412","20230719","171"
"6030","アドベンチャー","東証GR","サービス","54251","7524400","-","-","-","4.77","-","1510.32","721000","100","20230130","10970","20230823","7030"
"6031","サイジニア","東証GR","サービス","7479","6392646","0.64","7.5","22.23","7.56","52.62","154.73","117000","100","20230814","1226","20230517","776"
"6033","エクストリーム","東証GR","サービス","7351","5502376","1.72","23","11.48","1.65","116.33","810.87","133600","100","20230309","1500","20230106","1172"
"6034","MRT","東証GR","サービス","6835","5715200","0","0","12.32","1.42","97.1","841.27","119600","100","20230112","1709","20230602","1132"
"6035","アイ・アールジャパンホールディングス","東証PR","サービス","40799","17839710","-","-","-","7.41","-","308.61","228700","100","20230308","2454","20230608","1568"
"6036","KeePer技研","東証PR","サービス","190896","28280840","0.74","50","40.07","16.51","168.44","408.77","675000","100","20230828","6750","20230116","3245"
"6037","ファーストロジック","東証ST","サービス","13432","23688800","1.23","7","17.09","2.61","33.17","217.28","56700","100","20230816","575","20230322","394"
"6038","イード","東証GR","サービス","3853","5062600","1.71","13","9.08","0.92","83.8","829.59","76100","100","20230130","912","20230518","724"
"6039","日本動物高度医療センター","東証GR","サービス","5134","2836200","1.1","20","12.87","1.33","140.68","1359.56","181000","100","20230209","2021","20230315","1752"
"6040","日本スキー場開発","東証GR","サービス","17347","16002900","0.65","7","18.27","2.81","59.34","385.25","108400","100","20230306","1208","20230117","882"
"6042","ニッキ","東証ST","輸送用機器","5218","2000000","3.07","80","8.02","0.47","325.46","5598.03","260900","100","20230828","2609","20230110","1772"
"6044","三機サービス","東証ST","サービス","7038","6583485","1.87","20","14.61","1.79","73.17","596.79","106900","100","20230704","1296","20230119","862"
"6045","レントラックス","東証GR","サービス","4123","7975800","2.32","12","8.27","1.48","62.5","349.03","51700","100","20230124","979","20230825","507"
"6046","リンクバル","東証GR","サービス","3861","19500000","0","0","-","3.07","-15.77","64.44","19800","100","20230725","297","20230817","187"
"6047","Gunosy","東証PR","サービス","14664","24237774","-","-","-","1.35","-44.55","449.24","60500","100","20230209","673","20230818","531"
"6048","デザインワン・ジャパン","東証ST","サービス","2504","15173900","0","0","19.78","0.77","8.34","213.56","16500","100","20230110","219","20230821","161"
"6049","イトクロ","東証GR","サービス","8369","22680000","0","0","33.27","0.85","11.09","433.57","36900","100","20230828","380","20230106","259"
"6050","イー・ガーディアン","東証PR","サービス","27305","10405800","0.99","26","17.54","3.71","149.62","708.2","262400","100","20230201","2780","20230602","1848"
"6054","リブセンス","東証PR","サービス","9124","28160000","0","0","19.31","2.44","16.78","133.01","32400","100","20230824","343","20230314","227"
"6055","ジャパンマテリアル","東証PR","サービス","270024","105149520","0.78","20","54.92","6.18","46.76","415.47","256800","100","20230824","2620","20230515","1701"
"6058","ベクトル","東証PR","サービス","61858","48176100","1.95","25","15.04","4.39","85.37","292.6","128400","100","20230403","1572","20230116","1121"
"6059","ウチヤマホールディングス","東証ST","サービス","7610","21618800","2.84","10","8.97","0.56","39.26","634.11","35200","100","20230705","364","20230117","260"
"6060","こころネット","東証ST","サービス","3689","3843100","3.13","30","8.59","0.44","111.79","2159.69","96000","100","20230508","1150","20230206","875"
"6061","ユニバーサル園芸社","東証ST","サービス","18668","5025000","0.65","24","10.22","1.66","363.5","2244.17","371500","100","20230815","3945","20230322","2925"
"6062","チャーム・ケア・コーポレーション","東証PR","サービス","38240","32712000","2.22","26","10.31","2.53","113.39","462.34","116900","100","20230724","1388","20230316","1015"
"6063","日本エマージェンシーアシスタンス","東証ST","サービス","2187","2519600","-","-","-","1.26","-","686.72","86800","100","20230119","1114","20230817","813"
"6069","トレンダーズ","東証GR","サービス","9303","7632000","2.13","26","11.24","2.76","108.42","441.88","121900","100","20230203","1964","20230710","1053"
"6070","キャリアリンク","東証PR","サービス","29941","12596200","5.05","120","5.88","2.23","404.57","1065.35","237700","100","20230621","3150","20230314","2102"
"6071","IBJ","東証PR","サービス","26040","42000000","0.97","6","16.75","3.15","37.02","196.87","62000","100","20230209","1049","20230818","608"
"6072","地盤ネットホールディングス","東証GR","サービス","2917","23148000","0.79","1","31.98","2.22","3.94","56.88","12600","100","20230615","154","20230817","119"
"6073","アサンテ","東証PR","サービス","20029","12348500","3.82","62","19.37","1.5","83.73","1078.11","162200","100","20230719","1738","20230531","1588"
"6074","ジェイエスエス","東証ST","サービス","2130","4026056","2.74","14.5","7.36","0.76","71.88","692.41","52900","100","20230710","639","20230126","500"
"6078","バリューHR","東証PR","サービス","33214","26678200","1.77","22","35.82","5.85","34.76","212.98","124500","100","20230131","1754","20230817","1155"
"6080","M＆Aキャピタルパートナーズ","東証PR","サービス","86766","31759000","1.46","40","14.5","2.44","188.47","1119.43","273200","100","20230130","5410","20230822","2494"
"6081","アライドアーキテクツ","東証GR","サービス","5101","14248282","-","-","19.86","1.62","18.03","221.03","35800","100","20230209","1460","20230818","330"
"6082","ライドオンエクスプレスホールディングス","東証PR","サービス","11037","10894935","0.99","10","26.71","1.44","37.92","704.72","101300","100","20230329","1166","20230602","997"
"6083","ERIホールディングス","東証ST","サービス","16934","7832400","2.78","60","10.83","3.31","199.64","653.01","216200","100","20230825","2166","20230104","1152"
"6085","アーキテクツ・スタジオ・ジャパン","東証GR","サービス","1321","2455399","0","0","-","23.98","-","22.44","53800","100","20230322","570","20230728","445"
"6086","シンメンテホールディングス","東証GR","サービス","15654","10833000","1.59","23","20.18","4.97","71.6","290.74","144500","100","20230222","1597","20230803","1142"
"6087","アビスト","東証PR","サービス","13771","3980000","2.95","102","22.57","2.05","153.28","1689.86","346000","100","20230828","3475","20230116","2880"
"6088","シグマクシス・ホールディングス","東証PR","サービス","72797","46308600","1.4","22","22.69","5.87","69.28","268.02","157200","100","20230823","1624","20230427","1018"
"6089","ウィルグループ","東証PR","サービス","25101","22944100","4.02","44","8.86","1.64","123.54","665.15","109400","100","20230124","1260","20230531","1002"
"6090","ヒューマン・メタボローム・テクノロジーズ","東証GR","サービス","4300","5907175","2.06","15","15.36","2.53","47.4","287.37","72800","100","20230615","794","20230105","655"
"6091","ウエスコホールディングス","東証ST","サービス","8490","17724297","3.34","16","10.22","0.45","46.89","1054.33","47900","100","20230705","549","20230106","451"
"6092","エンバイオ・ホールディングス","東証GR","サービス","5240","8175200","1.25","8","23.9","0.66","26.82","970.2","64100","100","20230208","799","20230530","565"
"6093","エスクロー・エージェント・ジャパン","東証PR","サービス","6433","45950238","2.86","4","23.77","1.91","5.89","73.37","14000","100","20230224","158","20230803","137"
"6094","フリークアウト・ホールディングス","東証GR","サービス","16833","18022924","0","0","2.09","1","447.48","937.98","93400","100","20230306","1715","20230817","886"
"6095","メドピア","東証PR","サービス","22283","21953590","0.44","4.5","26.09","2.73","38.91","372.41","101500","100","20230208","1548","20230818","924"
"6096","レアジョブ","東証PR","サービス","10629","9823200","1.2","13","25.58","4.33","42.3","249.84","108200","100","20230511","1585","20230104","880"
"6098","リクルートホールディングス","東証PR","サービス","8452665","1695960030","0.46","23","-","4.24","-","1176.11","498400","100","20230814","5051","20230316","3284"
"6099","エラン","東証PR","サービス","49631","60600000","1.47","12","19.81","5.18","41.35","158.22","81900","100","20230302","1088","20230818","747"
"6101","ツガミ","東証PR","機械","58700","50000000","4.09","48","8.53","1.08","137.6","1091.38","117400","100","20230309","1560","20230821","1128"
"6103","オークマ","東証PR","機械","229231","33755154","2.95","200","10.74","0.99","632.23","6841.09","679100","100","20230703","7849","20230116","4555"
"6104","芝浦機械","東証PR","機械","112495","26977106","3.36","140","5.6","1.09","744.96","3825.89","417000","100","20230703","5020","20230106","2555"
"6113","アマダ","東証PR","機械","547651","359115217","3.28","50","15.36","1.02","99.28","1495.62","152500","100","20230828","1530","20230105","1018"
"6118","アイダエンジニアリング","東証PR","機械","69101","69448421","3.02","30","16.51","0.76","60.28","1315.31","99500","100","20230809","1033","20230116","760"
"6121","TAKISAWA","東証ST","機械","16787","6578122","0.98","25","40.75","0.93","62.62","2739.63","255200","100","20230719","2588","20230104","1043"
"6125","岡本工作機械製作所","東証ST","機械","25618","4717895","3.68","200","6.07","0.98","893.92","5547.69","543000","100","20230703","6480","20230106","4170"
"6131","浜井産業","東証ST","機械","5557","3462400","1.87","30","9.55","1.9","168.04","846.94","160500","100","20230825","1632","20230213","940"
"6134","FUJI","東証PR","機械","236782","97823748","3.31","80","21.56","1.02","112.29","2373.63","242050","100","20230720","2689","20230104","1914"
"6135","牧野フライス製作所","東証PR","機械","160565","24893841","2.33","150","12.16","0.74","530.54","8721.61","645000","100","20230801","6510","20230105","4190"
"6136","オーエスジー","東証PR","機械","181454","99182517","3.28","60","10.82","1.03","169.16","1777.67","182950","100","20230703","2117","20230105","1762"
"6137","小池酸素工業","東証ST","機械","18092","4522933","2.5","100","7.98","0.49","501.11","8123.16","400000","100","20230809","4280","20230120","2018"
"6138","ダイジェット工業","東証ST","機械","2760","2992999","2.71","25","9.13","0.36","100.95","2561.44","92200","100","20230725","984","20230206","795"
"6140","旭ダイヤモンド工業","東証PR","機械","48123","53888600","3.36","30","20.65","0.78","43.24","1144.98","89300","100","20230327","979","20230104","661"
"6141","DMG森精機","東証PR","機械","333273","125953683","3.02","80","9.91","1.25","267.1","2116.32","264600","100","20230828","2646","20230104","1723"
"6143","ソディック","東証PR","機械","37423","54792239","4.25","29","-","0.42","0","1620.02","68300","100","20230309","805","20230822","645"
"6144","西部電機","東証ST","機械","21072","15160000","2.88","40","11.04","0.73","125.86","1904.54","139000","100","20230317","1674","20230809","1344"
"6145","NITTOKU","東証ST","機械","41555","18098923","1.48","34","17.65","1.15","130.07","1996.5","229600","100","20230303","3140","20230821","2195"
"6146","ディスコ","東証PR","機械","2975783","108348183","-","-","-","8.8","-","3120.33","2746500","100","20230824","28460","20230104","12233"
"6147","ヤマザキ","東証ST","機械","1598","4579000","4.3","15","51.63","1.14","6.76","306.72","34900","100","20230522","647","20230410","323"
"6149","小田原エンジニアリング","東証ST","機械","14563","6392736","1.76","40","11.06","0.86","205.9","2662.45","227800","100","20230815","2440","20230106","1390"
"6150","タケダ機械","東証ST","機械","2606","1020000","2.74","70","7.58","0.51","337.16","4994.98","255500","100","20230529","2955","20230104","2322"
"6151","日東工器","東証PR","機械","43607","21803295","3.1","62","13.48","0.68","148.33","2924.67","200000","100","20230519","2147","20230110","1467"
"6155","高松機械工業","東証ST","機械","5797","11020000","1.9","10","-","0.34","-26.77","1549.48","52600","100","20230714","610","20230814","505"
"6156","エーワン精密","東証ST","機械","11580","6000000","5.18","100","48.79","1.15","39.56","1684.36","193000","100","20230620","2164","20230104","1631"
"6157","日進工具","東証PR","機械","29091","25035034","2.37","27.5","23.78","1.72","48.86","676.2","116200","100","20230619","1181","20230106","966"
"6158","和井田製作所","東証ST","機械","7169","7028000","3.92","40","9.62","0.7","106.03","1462.11","102000","100","20230508","1078","20230105","936"
"6159","ミクロン精密","東証ST","機械","11644","7706100","0.5","7.5","21.12","0.67","71.55","2241.96","151100","100","20230719","1702","20230403","1301"
"6161","エスティック","東証ST","機械","10956","11768000","2.58","24","8.33","1.12","111.81","830.81","93100","100","20230710","1199","20230317","836"
"6164","太陽工機","東証ST","機械","7416","5956400","4.02","50","10.45","1.06","119.18","1173.91","124500","100","20230620","1330","20230104","1081"
"6165","パンチ工業","東証PR","機械","10858","24622400","4.6","20.3","107.82","0.56","4.09","785.97","44100","100","20230510","596","20230104","381"
"6166","中村超硬","東証GR","機械","5885","11020900","0","0","5.35","10.01","99.81","53.35","53400","100","20230330","690","20230217","460"
"6167","冨士ダイス","東証PR","機械","13200","20000000","3.33","22","14.71","0.65","44.87","1010.18","66000","100","20230317","1255","20230105","561"
"6171","土木管理総合試験所","東証PR","サービス","4779","14221995","3.57","12","12.5","1.02","26.89","328.07","33600","100","20230626","348","20230117","302"
"6173","アクアライン","東証GR","サービス","1938","2636600","0","0","14.48","190.91","50.76","3.85","73500","100","20230523","840","20230116","407"
"6176","ブランジスタ","東証GR","サービス","14298","14575300","-","-","34.15","7.02","28.73","139.72","98100","100","20230816","1005","20230105","402"
"6177","AppBank","東証GR","サービス","1313","10760500","0","0","-","5.56","-","21.96","12200","100","20230412","216","20230602","116"
"6178","日本郵政","東証PR","サービス","3850418","3461049500","4.49","50","16.04","0.37","69.37","3000.78","111250","100","20230310","1268","20230601","978"
"6180","GMOメディア","東証GR","サービス","4964","1868839","2.75","73","18.3","2.07","145.14","1283.6","265600","100","20230614","3025","20230110","1532"
"6181","タメニー","東証GR","サービス","3414","26265100","0","0","171.05","51.79","0.76","2.51","13000","100","20230413","171","20230105","91"
"6182","メタリアル","東証GR","サービス","15327","10688460","0","0","-","13.32","-","107.69","143400","100","20230623","2279","20230117","1065"
"6183","ベルシステム24ホールディングス","東証PR","サービス","113522","73715734","3.9","60","12.87","1.76","119.63","876.99","154000","100","20230825","1553","20230106","1327"
"6184","鎌倉新書","東証PR","サービス","25366","39025200","-","-","42.35","7.92","15.35","82.07","65000","100","20230308","1197","20230817","628"
"6185","SMN","東証PR","サービス","5750","14706548","0","0","126.13","1.25","3.1","312.26","39100","100","20230131","500","20230823","369"
"6186","一蔵","東証ST","サービス","3073","5516335","5.03","28","4.83","0.85","115.35","658.74","55700","100","20230410","641","20230116","424"
"6188","富士ソフトサービスビューロ","東証ST","サービス","6035","13500000","1.79","8","11.79","1.71","37.9","261.52","44700","100","20230627","474","20230316","378"
"6189","グローバルキッズCOMPANY","東証PR","サービス","6044","9429141","4.68","30","-","0.75","-15.94","849.12","64100","100","20230203","856","20230104","568"
"6190","フェニックスバイオ","東証GR","サービス","2097","3697815","0","0","8.77","1.3","64.65","434.91","56700","100","20230208","810","20230815","530"
"6191","エアトリ","東証PR","サービス","52452","22367765","-","-","26.02","4.65","90.14","504.4","234500","100","20230623","3040","20230821","2272"
"6192","ハイアス・アンド・カンパニー","東証GR","サービス","3337","37493580","0","0","-","1.33","-","67.09","8900","100","20230322","143","20230817","87"
"6193","バーチャレクス・ホールディングス","東証GR","サービス","3088","2989753","1.45","15","6.88","1.87","150.08","551.11","103300","100","20230327","1860","20230817","988"
"6194","アトラエ","東証PR","サービス","28264","27021200","0","0","54.59","5.1","19.16","205.22","104600","100","20230202","1311","20230627","700"
"6195","ホープ","東証GR","サービス","4311","16454200","-","-","26.9","5.34","9.74","49.06","26200","100","20230104","427","20230526","243"
"6196","ストライク","東証PR","サービス","58837","19354200","1.58","48","16.17","4.62","188","657.5","304000","100","20230130","4940","20230802","2814"
"6197","ソラスト","東証PR","サービス","62231","94719592","3.04","20","10.91","2.59","60.22","253.65","65700","100","20230104","723","20230531","585"
"6198","キャリア","東証GR","サービス","3096","8624320","0","0","11.31","1.74","31.74","206.33","35900","100","20230814","399","20230105","278"
"6199","セラク","東証PR","サービス","18171","13988400","0.66","8.6","13.35","2.76","97.33","470.89","129900","100","20230412","1794","20230106","1087"
"6200","インソース","東証PR","サービス","94194","85243000","1.13","12.5","35.78","13","30.88","85","110500","100","20230125","1653","20230821","1064"
"6201","豊田自動織機","東証PR","輸送用機器","3302395","325840640","1.97","200","16.14","0.7","628.06","14527.28","1013500","100","20230622","10650","20230328","6540"
"6203","豊和工業","東証PR","機械","10177","12548134","2.47","20","46.53","0.55","17.43","1463.03","81100","100","20230224","1041","20230601","749"
"6208","石川製作所","東証ST","機械","8538","6385972","0","0","65.6","1.9","20.38","705.3","133700","100","20230104","1564","20230602","1275"
"6210","東洋機械金属","東証PR","機械","13933","20703000","5.2","35","106.32","0.72","6.33","940.35","67300","100","20230706","705","20230105","544"
"6217","津田駒工業","東証ST","機械","2743","6807555","0","0","-","1.62","-180.02","249.53","40300","100","20230111","609","20230818","390"
"6218","エンシュウ","東証PR","機械","4822","6353454","2.37","18","9.57","0.42","79.31","1790.11","75900","100","20230726","865","20230320","641"
"6222","島精機製作所","東証PR","機械","65765","35800000","-","-","52.83","0.71","34.77","2588.48","183700","100","20230731","2017","20230601","1686"
"6224","JRC","東証GR","機械","9898","12672860","2.69","21","10.88","2.84","71.81","274.52","78100","100","20230809","1056","20230823","752"
"6226","守谷輸送機工業","東証ST","機械","21865","17436500","1.28","16","16.53","2.8","75.85","447.94","125400","100","20230817","1374","20230104","711"
"6227","AIメカテック","東証ST","機械","16068","5630000","1.58","45","18.18","1.74","157.02","1642.64","285400","100","20230824","3030","20230316","1290"
"6229","オーケーエム","東証ST","機械","6126","4520700","2.58","35","12.25","0.66","110.6","2043.29","135500","100","20230814","1400","20230104","1081"
"6230","SANEI","東証ST","機械","7004","2289000","3.2","98","7.61","0.58","401.93","5247.44","306000","100","20230720","3460","20230116","2666"
"6231","木村工機","東証ST","機械","12298","3849000","1.25","40","10.71","1.42","298.27","2249.28","319500","100","20230823","3395","20230110","1261"
"6232","ACSL","東証GR","機械","16735","12813865","0","0","-","7.11","-","183.79","130600","100","20230104","1811","20230427","1105"
"6233","極東産機","東証ST","機械","2900","5391000","1.86","10","14.5","1","37.1","540.35","53800","100","20230620","710","20230216","483"
"6235","オプトラン","東証PR","機械","82949","44358000","2.67","50","13.14","1.48","142.33","1267","187000","100","20230124","2644","20230818","1827"
"6236","NCホールディングス","東証ST","機械","9039","4685745","-","-","23.94","1.14","80.59","1689.48","192900","100","20230612","2317","20230320","1715"
"6237","イワキ","東証PR","機械","42103","22490910","2.3","43","13.2","1.4","141.77","1339.83","187200","100","20230828","1887","20230106","1177"
"6238","フリュー","東証PR","機械","48330","28296000","2.22","38","26.03","2.24","65.62","761.31","170800","100","20230814","1762","20230116","1025"
"6239","ナガオカ","東証ST","機械","6583","7078400","2.47","23","7.21","1.16","128.95","798.75","93000","100","20230814","939","20230214","673"
"6240","ヤマシンフィルタ","東証PR","機械","22909","72041298","1.89","6","50.56","1.09","6.29","292.97","31800","100","20230202","578","20230627","292"
"6245","ヒラノテクシード","東証ST","機械","33560","15394379","2.57","56","15.65","0.9","139.34","2417.06","218000","100","20230113","2410","20230519","1854"
"6246","テクノスマート","東証ST","機械","19905","12401720","4.74","76","13.24","1.08","121.19","1492.34","160500","100","20230328","1698","20230209","1257"
"6247","日阪製作所","東証PR","機械","30638","32732800","4.27","40","17.58","0.46","53.23","2042.85","93600","100","20230307","997","20230104","809"
"6248","横田製作所","東証ST","機械","2143","1873500","3.76","43","11.97","0.87","95.55","1313.7","114400","100","20230324","1160","20230110","1045"
"6249","ゲームカード・ジョイコホールディングス","東証ST","機械","52630","14263000","1.08","40","17.51","1.1","210.68","3357.39","369000","100","20230808","5450","20230112","1895"
"6250","やまびこ","東証PR","機械","62502","44108428","3.67","52","7.76","0.68","182.54","2088.35","141700","100","20230810","1628","20230105","1055"
"6254","野村マイクロ・サイエンス","東証PR","機械","58476","10152000","2.78","160","10.2","2.45","564.68","2348.06","576000","100","20230615","6840","20230426","3725"
"6255","エヌ・ピー・シー","東証GR","機械","13408","22052426","0.33","2","24.54","1.76","24.78","346.22","60800","100","20230418","690","20230111","436"
"6257","藤商事","東証ST","機械","35154","24395500","3.82","55","8.6","0.72","167.5","2012.89","144100","100","20230414","1724","20230106","1125"
"6258","平田機工","東証PR","機械","81208","10756090","1.19","90","20.1","1.32","375.57","5731.96","755000","100","20230619","8910","20230104","5260"
"6262","PEGASUS","東証PR","機械","14227","24828600","-","-","20.02","0.49","28.62","1160.11","57300","100","20230124","838","20230602","524"
"6264","マルマエ","東証PR","機械","23535","13053000","2","36","37.22","3.13","48.44","575.61","180300","100","20230309","2023","20230104","1489"
"6265","コンバム","東証ST","機械","3024","1657000","2.74","50","15.52","0.5","117.57","3621.47","182500","100","20230119","2363","20230824","1764"
"6266","タツモ","東証PR","機械","41335","14836691","0.75","21","19.25","2.29","144.69","1216.69","278600","100","20230824","3065","20230104","1501"
"6267","ゼネラルパッカー","東証ST","機械","4769","1798800","3.02","80","7.58","0.8","349.8","3327.05","265100","100","20230117","2746","20230605","2500"
"6268","ナブテスコ","東証PR","機械","329113","121064099","2.94","80","18.33","1.26","148.29","2165.65","271850","100","20230130","3795","20230818","2590"
"6269","三井海洋開発","東証PR","機械","109352","68345300","-","-","15.12","0.8","105.8","1992.18","160000","100","20230814","1682","20230316","1275"
"6272","レオン自動機","東証PR","機械","38386","28392000","2.29","31","13.42","1.12","100.72","1204.87","135200","100","20230523","1637","20230106","1000"
"6273","SMC","東証PR","機械","4702381","67369359","1.29","900","24.6","2.53","2837.18","27579.39","6980000","100","20230621","83570","20230104","54370"
"6276","シリウスビジョン","東証ST","電気機器","2449","5722500","2.34","10","39.37","0.75","10.87","573.29","42800","100","20230824","472","20230113","276"
"6277","ホソカワミクロン","東証PR","機械","61270","15730538","1.93","75","13.67","1.04","285","3740.68","389500","100","20230828","3895","20230213","2560"
"6278","ユニオンツール","東証PR","機械","72395","19780000","2.3","84","20.4","0.95","179.45","3839.64","366000","100","20230828","3670","20230316","3105"
"6279","瑞光","東証PR","機械","40118","28800000","1.44","20","18.35","1.12","75.91","1241.7","139300","100","20230810","1467","20230104","748"
"6282","オイレス工業","東証PR","機械","69150","34300505","3.47","70","14.54","0.9","138.68","2247.23","201600","100","20230703","2051","20230106","1434"
"6284","日精エー・エス・ビー機械","東証PR","機械","62393","15348720","2.95","120","12.19","1.26","333.53","3220.8","406500","100","20230124","4720","20230406","3760"
"6286","靜甲","東証ST","機械","4247","6483323","2.44","16","28.27","0.3","23.17","2206.56","65500","100","20230206","949","20230113","583"
"6287","サトーホールディングス","東証PR","機械","71239","34921242","3.53","72","13.22","0.98","154.37","2074.53","204000","100","20230308","2396","20230106","1846"
"6289","技研製作所","東証PR","機械","55741","28194728","2.02","40","81.16","1.38","24.36","1432.53","197700","100","20230201","2955","20230601","1889"
"6291","日本エアーテック","東証PR","機械","12963","10496450","4.86","60","15.91","0.92","77.6","1344.89","123500","100","20230808","1280","20230105","1007"
"6292","カワタ","東証ST","機械","7434","7210000","3.98","41","7.74","0.63","133.27","1637.62","103100","100","20230616","1281","20230116","805"
"6293","日精樹脂工業","東証PR","機械","23542","22272000","3.31","35","22.85","0.51","46.26","2089.8","105700","100","20230828","1058","20230105","912"
"6294","オカダアイヨン","東証PR","機械","18157","8378700","2.58","56","11.59","1.24","186.94","1751.65","216700","100","20230703","2429","20230105","1465"
"6297","鉱研工業","東証ST","機械","4431","8970111","2.43","12","11.92","0.9","41.46","547.81","49400","100","20230712","564","20230315","412"
"6298","ワイエイシイホールディングス","東証PR","機械","25871","9758947","2.83","75","10.58","1.55","250.68","1709.32","265100","100","20230530","3610","20230106","1463"
"6301","小松製作所","東証PR","機械","3958051","973450930","3.42","139","12.85","1.41","316.46","2875.3","406600","100","20230802","4147","20230105","2792"
"6302","住友重機械工業","東証PR","機械","431767","122905481","3.42","120","11.32","0.7","310.22","4994.53","351300","100","20230802","3546","20230105","2577"
"6305","日立建機","東証PR","機械","931018","215115038","-","-","11.22","1.31","385.59","3308.94","432800","100","20230802","4529","20230116","2865"
"6306","日工","東証PR","機械","26440","40000000","4.54","30","21.08","0.79","31.35","831.51","66100","100","20230731","690","20230110","608"
"6307","サンセイ","東証ST","機械","3388","8987700","3.71","14","9.77","0.71","38.6","529.39","37700","100","20230705","408","20230104","300"
"6309","巴工業","東証PR","機械","30736","10533200","2.74","80","11.98","0.82","243.53","3542.6","291800","100","20230621","3085","20230106","2250"
"6310","井関農機","東証PR","機械","27513","22984993","2.51","30","10.41","0.38","114.96","3116.22","119700","100","20230615","1299","20230320","1130"
"6312","フロイント産業","東証ST","機械","12475","18400000","2.95","20","25.23","0.82","26.87","827.39","67800","100","20230125","691","20230707","635"
"6315","TOWA","東証PR","機械","85525","25043888","1.17","40","14.96","1.76","228.22","1945.57","341500","100","20230824","3490","20230104","1655"
"6316","丸山製作所","東証ST","機械","10959","5029332","2.52","55","8.03","0.51","271.38","4263.57","217900","100","20230810","2210","20230119","1506"
"6317","北川鉄工所","東証PR","機械","13164","9650803","2.2","30","12.59","0.34","108.32","4049.72","136400","100","20230814","1429","20230320","1046"
"6319","シンニッタン","東証ST","鉄鋼","13475","55000000","4.49","11","8.17","0.36","30","677.88","24500","100","20230308","273","20230104","218"
"6322","タクミナ","東証ST","機械","12690","7728540","3.05","50","14.47","1.32","113.46","1242.16","164200","100","20230622","1894","20230210","1173"
"6323","ローツェ","東証PR","機械","202860","17640000","1.17","135","12.89","2.75","892.23","4174.98","1150000","100","20230705","12840","20230104","7000"
"6324","ハーモニック・ドライブ・システムズ","東証ST","機械","353478","96315400","-","-","-","3.31","-","1108.13","367000","100","20230523","5160","20230821","3495"
"6325","タカキタ","東証ST","機械","6804","14000000","2.06","10","12.54","0.76","38.76","641.8","48600","100","20230417","521","20230106","390"
"6326","クボタ","東証PR","機械","2616085","1181076846","-","-","13.14","1.23","168.54","1803.77","221500","100","20230808","2268","20230104","1777"
"6327","北川精機","東証ST","機械","5584","7649600","1.1","8","9.42","1.48","77.48","493.37","73000","100","20230703","842","20230215","412"
"6328","荏原実業","東証PR","機械","36488","12930000","3.01","85","12.97","1.7","217.53","1658.11","282200","100","20230613","3305","20230106","2144"
"6330","東洋エンジニアリング","東証PR","建設","24061","38558507","0","0","7.97","0.46","78.27","1358.71","62400","100","20230725","668","20230320","497"
"6331","三菱化工機","東証PR","機械","21937","7913950","2.89","80","8.45","0.68","328.24","4055.05","277200","100","20230619","2926","20230105","2009"
"6332","月島ホールディングス","東証PR","機械","61458","45625800","3.12","42","13.12","0.7","102.68","1924.81","134700","100","20230828","1347","20230105","927"
"6333","帝国電機製作所","東証PR","機械","47057","18990038","3.71","92","13.69","1.44","180.96","1726.06","247800","100","20230308","2869","20230105","2152"
"6334","明治機械","東証ST","機械","3968","11402636","0.57","2","16.72","1.11","20.81","314.27","34800","100","20230414","655","20230104","270"
"6335","東京機械製作所","東証ST","機械","3361","8728920","0","0","-","0.45","-36.68","862.67","38500","100","20230125","618","20230823","380"
"6336","石井表記","東証ST","機械","7064","8176452","1.16","10","4.47","0.9","193.18","961.26","86400","100","20230614","944","20230106","650"
"6337","テセック","東証ST","機械","19908","5778695","-","-","17.02","1.47","202.4","2351.37","344500","100","20230824","3615","20230515","2112"
"6338","タカトリ","東証ST","機械","28830","5491490","0.76","40","17.92","3.88","293.03","1353.81","525000","100","20230112","8930","20230502","3905"
"6339","新東工業","東証PR","機械","58020","54580928","3.76","40","11.36","0.51","93.59","2077.01","106300","100","20230530","1142","20230104","645"
"6340","澁谷工業","東証PR","機械","69924","28149877","2.82","70","10.74","0.76","231.32","3259.24","248400","100","20230619","2769","20230105","2231"
"6342","太平製作所","東証ST","機械","3695","1500000","3.25","80","4.04","0.58","608.98","4230.02","246300","100","20230810","2799","20230119","1640"
"6343","フリージア・マクロス","東証ST","機械","4916","45099320","0.46","0.5","8.18","0.51","13.33","214.72","10900","100","20230706","117","20230111","108"
"6345","アイチコーポレーション","東証PR","機械","71601","75211400","3.99","38","11.93","0.91","79.78","1049.09","95200","100","20230828","955","20230105","750"
"6346","キクカワエンタープライズ","東証ST","機械","5214","1320000","3.54","140","11.21","0.44","352.48","9063.58","395000","100","20230620","4195","20230106","3470"
"6347","プラコー","東証ST","機械","2260","9417525","2.5","6","12.78","1.14","18.78","211.03","24000","100","20230123","352","20230606","222"
"6349","小森コーポレーション","東証PR","機械","64230","56890740","2.66","30","23.58","0.57","47.87","1971.07","112900","100","20230810","1187","20230106","780"
"6351","鶴見製作所","東証PR","機械","80548","27500000","1.57","46","12.81","0.88","228.58","3312.17","292900","100","20230828","2933","20230116","1903"
"6356","日本ギア工業","東証ST","機械","6126","14280000","0.93","4","12.73","0.63","33.71","683.86","42900","100","20230303","575","20230104","335"
"6357","三精テクノロジーズ","東証ST","機械","22329","19332057","3.46","40","10.73","0.59","107.64","1958.47","115500","100","20230704","1515","20230106","777"
"6358","酒井重工業","東証PR","機械","22083","4407817","4.29","215","11.6","0.82","432.04","6125.37","501000","100","20230630","5500","20230104","3380"
"6360","東京自働機械製作所","東証ST","機械","4070","1452000","2.14","60","5.53","0.57","507.02","4950.32","280300","100","20230726","3420","20230104","1750"
"6361","荏原製作所","東証PR","機械","670210","92340882","2.69","195","12.79","1.75","567.57","4141.6","725800","100","20230615","7350","20230104","4620"
"6362","石井鐵工所","東証ST","機械","10940","3784000","2.42","70","11.3","0.9","255.76","3212.2","289100","100","20230530","2956","20230113","2153"
"6363","酉島製作所","東証PR","機械","53735","29045679","3.03","56","10.65","1.07","173.76","1735.56","185000","100","20230703","1972","20230105","1367"
"6364","北越工業","東証PR","機械","56771","30165418","2.13","40","11.69","1.53","160.96","1233.49","188200","100","20230807","1939","20230601","1206"
"6365","電業社機械製作所","東証ST","機械","16671","4776900","3.65","127.5","8.21","0.62","424.98","5638.8","349000","100","20230629","3700","20230104","3060"
"6366","千代田化工建設","東証ST","建設","97101","260324529","-","-","6.44","3.06","57.92","121.85","37300","100","20230302","432","20230601","340"
"6367","ダイキン工業","東証PR","機械","7280951","293113973","0.97","240","27.54","3.03","901.87","8207.46","2484000","100","20230703","31330","20230104","19655"
"6368","オルガノ","東証PR","機械","192856","46359700","1.59","66","17.04","2.2","244.07","1888.42","416000","100","20230703","4340","20230105","2795"
"6369","トーヨーカネツ","東証PR","機械","30766","9323074","4.55","150","10.94","0.73","301.66","4514.97","330000","100","20230731","3765","20230105","2506"
"6370","栗田工業","東証PR","機械","653164","116200694","1.49","84","23.4","2.07","240.21","2720.32","562100","100","20230309","6310","20230104","5240"
"6371","椿本チエイン","東証PR","機械","145278","38281393","3.43","130","9.73","0.6","389.87","6374.97","379500","100","20230726","3865","20230105","2927"
"6373","大同工業","東証ST","機械","8029","10924201","3.4","25","6","0.27","122.5","2720.63","73500","100","20230404","800","20230818","702"
"6376","日機装","東証PR","精密機器","69867","69175664","2.48","25","13.1","0.55","77.08","1845.28","101000","100","20230210","1074","20230601","858"
"6378","木村化工機","東証ST","機械","15182","20600000","2.04","15","15.14","0.93","48.68","789.92","73700","100","20230607","770","20230320","641"
"6379","レイズネクスト","東証PR","建設","76431","54168053","4.61","65","10.75","0.96","131.24","1467.9","141100","100","20230309","1523","20230105","1248"
"6380","オリエンタルチエン工業","東証ST","機械","2149","1467233","2.05","30","20.3","1.29","72.15","1139.56","146500","100","20230713","1522","20230112","824"
"6381","アネスト岩田","東証PR","機械","50011","41745505","3.34","40","11","1.19","108.9","1009.12","119800","100","20230810","1240","20230105","821"
"6382","トリニティ工業","東証ST","機械","16562","18220000","3.3","30","10.42","0.53","87.2","1724.72","90900","100","20230726","998","20230106","643"
"6383","ダイフク","東証PR","機械","1018515","379830231","1.38","37","25.03","3.05","107.13","879.15","268150","100","20230727","3116","20230104","2040"
"6384","昭和真空","東証ST","機械","8923","6499000","5.1","70","93.98","0.77","14.61","1784.58","137300","100","20230309","1473","20230824","1350"
"6387","サムコ","東証PR","機械","40456","8042881","0.7","35","37.41","3.77","134.45","1334.84","503000","100","20230613","6930","20230106","3200"
"6390","加藤製作所","東証PR","機械","15220","11743587","3.09","40","7.59","0.33","170.69","3902.44","129600","100","20230509","1359","20230120","690"
"6391","加地テック","東証ST","機械","7628","1718000","0.9","40","17.49","1.1","253.82","4034.06","444000","100","20230612","6100","20230104","3190"
"6392","ヤマダコーポレーション","東証ST","機械","9504","2400000","3.28","130","7.29","0.68","543.03","5862.6","396000","100","20230804","4010","20230119","2661"
"6393","油研工業","東証ST","機械","9824","4510676","4.59","100","13.46","0.41","161.87","5251.11","217800","100","20230828","2187","20230105","1774"
"6395","タダノ","東証PR","機械","148343","129500355","0.87","10","26.42","0.83","43.36","1381.95","114550","100","20230814","1197","20230105","888"
"6396","宇野澤組鐵工所","東証ST","機械","3016","1120000","1.86","50","11.02","1.14","244.45","2363.03","269300","100","20230807","2700","20230110","2471"
"6400","不二精機","東証ST","機械","3241","9054000","1.96","7","8.22","1.02","43.55","349.86","35800","100","20230823","372","20230605","317"
"6402","兼松エンジニアリング","東証ST","機械","6621","5564000","3.19","38","10.37","0.95","114.72","1258.67","119000","100","20230327","1359","20230104","1140"
"6403","水道機工","東証ST","機械","5963","4295968","3.96","55","99","0.65","14.02","2125.45","138800","100","20230324","1501","20230104","1251"
"6405","鈴茂器工","東証ST","機械","13401","12960000","3","31","13.1","0.98","78.91","1054.28","103400","100","20230424","1179","20230821","992"
"6406","フジテック","東証PR","機械","295717","78900000","2","75","18.74","2.24","200.05","1669.68","374800","100","20230808","3893","20230105","2921"
"6407","CKD","東証PR","機械","134868","67909449","3.02","60","13.25","1.1","149.87","1805.88","198600","100","20230623","2450","20230104","1826"
"6408","小倉クラッチ","東証ST","機械","4738","1553323","-","-","13.04","0.3","233.87","10190.21","305000","100","20230404","3915","20230117","2337"
"6411","中野冷機","東証ST","機械","32790","5068000","4.81","311","20.85","1.33","310.31","4868.72","647000","100","20230815","6970","20230315","5330"
"6412","平和","東証PR","機械","221776","99809060","3.6","80","10.44","0.94","212.92","2354.32","222200","100","20230329","2720","20230818","2162"
"6413","理想科学工業","東証PR","機械","82152","36000000","4.16","95","23.82","1.22","95.8","1870.15","228200","100","20230309","2566","20230106","1976"
"6416","桂川電機","東証ST","機械","1040","1552500","0","0","-","0.24","-","2802.88","67000","100","20230714","779","20230220","517"
"6417","SANKYO","東証PR","機械","425366","66339100","2.34","150","8.97","1.17","714.43","5470.07","641200","100","20230808","6673","20230112","4850"
"6418","日本金銭機械","東証PR","機械","30207","29672651","1.18","12","27.15","1.09","37.49","935.31","101800","100","20230413","1474","20230817","936"
"6419","マースグループホールディングス","東証PR","機械","63321","22720000","3.05","85","10.17","0.77","274.08","3601.15","278700","100","20230517","3650","20230106","2139"
"6420","フクシマガリレイ","東証PR","機械","114744","22066160","1.4","73","14.66","1.28","354.63","4056.7","520000","100","20230615","5700","20230106","4025"
"6424","高見沢サイバネティックス","東証ST","機械","4620","4525000","1.37","14","11.52","1.11","88.66","921.88","102100","100","20230309","2038","20230215","867"
"6425","ユニバーサルエンターテインメント","東証ST","機械","191345","80195000","-","-","9.24","0.48","258.12","5017.94","238600","100","20230414","3235","20230320","2006"
"6428","オーイズミ","東証PR","機械","9495","22500000","2.84","12","15.31","0.52","27.56","804.21","42200","100","20230508","598","20230818","400"
"6430","ダイコク電機","東証PR","機械","69706","14783900","1.06","50","23.23","1.94","202.94","2427.29","471500","100","20230815","5340","20230106","1786"
"6432","竹内製作所","東証PR","機械","216821","48999000","2.6","115","12.26","1.7","360.83","2598.06","442500","100","20230802","4745","20230118","2606"
"6433","ヒーハイスト","東証ST","機械","1453","6316700","0.43","1","239.58","0.45","0.96","508.72","23000","100","20230524","292","20230821","227"
"6436","アマノ","東証PR","機械","241396","76657829","3.65","115","18.31","1.96","172.01","1608.03","314900","100","20230728","3263","20230117","2282"
"6440","JUKI","東証PR","機械","18462","29874179","4.05","25","9.58","0.49","64.52","1256.07","61800","100","20230306","673","20230804","533"
"6444","サンデン","東証PR","機械","21110","111693313","0","0","-","0.96","-14.36","197.76","18900","100","20230130","232","20230818","182"
"6445","ジャノメ","東証PR","機械","12494","19521444","3.91","25","8.25","0.37","77.59","1715.98","64000","100","20230308","665","20230105","565"
"6448","ブラザー工業","東証PR","電気機器","638075","257755930","2.75","68","12.65","0.99","195.63","2512.9","247550","100","20230815","2597","20230316","1881"
"6454","マックス","東証PR","機械","126640","47537426","2.93","78","14.82","1.4","179.7","1901.19","266400","100","20230801","2960","20230106","1852"
"6455","モリタホールディングス","東証PR","輸送用機器","76712","46918542","2.94","48","13.02","0.86","125.55","1896.16","163500","100","20230828","1639","20230106","1125"
"6457","グローリー","東証PR","機械","179349","58938210","2.37","72","7.36","0.83","413.68","3663.11","304300","100","20230807","3221","20230116","2113"
"6458","新晃工業","東証PR","機械","54071","27212263","3.02","60","10.8","0.89","183.9","2235.14","198700","100","20230621","2185","20230106","1423"
"6459","大和冷機工業","東証PR","機械","72818","51717215","2.13","30","13.33","1.12","105.64","1258.93","140800","100","20230519","1496","20230105","1098"
"6460","セガサミーホールディングス","東証PR","機械","706320","241229476","1.61","47","16.16","1.86","181.2","1577.63","292800","100","20230801","3219","20230116","1881"
"6461","日本ピストンリング","東証PR","機械","13491","8374157","-","-","5.98","0.33","269.43","4820.12","161100","100","20230706","1780","20230106","1204"
"6462","リケン","東証PR","機械","33510","10688866","-","-","7.32","0.34","428.07","9097.84","313500","100","20230706","3475","20230105","2225"
"6463","TPR","東証PR","機械","61843","34300099","3.33","60","8.94","0.44","201.77","4071.89","180300","100","20230801","1831","20230105","1198"
"6464","ツバキ・ナカシマ","東証PR","機械","32656","41599600","3.82","30","18.35","0.55","42.79","1440.22","78500","100","20230208","1189","20230803","765"
"6465","ホシザキ","東証PR","機械","791747","144875900","1.28","70","27.3","2.47","200.19","2211.13","546500","100","20230816","5543","20230116","4345"
"6466","TVE","東証ST","機械","4556","2461600","1.62","30","41.19","0.44","44.94","4237.19","185100","100","20230330","1970","20230720","1777"
"6467","ニチダイ","東証ST","機械","3377","9053300","2.14","8","29.35","0.33","12.71","1121.62","37300","100","20230308","412","20230105","335"
"6469","放電精密加工研究所","東証ST","機械","4015","7407800","1.29","7","65.3","0.96","8.3","565.21","54200","100","20230704","640","20230828","535"
"6470","大豊工業","東証PR","機械","24330","29172457","2.4","20","20.02","0.36","41.65","2339.03","83400","100","20230703","958","20230317","596"
"6471","日本精工","東証PR","機械","452701","551268104","3.65","30","16.14","0.65","50.89","1273.02","82120","100","20230703","932","20230116","681"
"6472","NTN","東証PR","機械","150687","532463527","3.53","10","13.66","0.63","20.72","451.65","28300","100","20230309","378","20230116","252"
"6473","ジェイテクト","東証PR","機械","436317","343286307","2.52","32","12.45","0.62","102.05","2060.74","127100","100","20230802","1374","20230116","873"
"6474","不二越","東証PR","機械","96687","24919343","2.84","110","8.26","0.6","469.75","6517.97","388000","100","20230704","4245","20230116","3505"
"6479","ミネベアミツミ","東証PR","電気機器","1052754","427080606","-","-","14.38","1.54","171.41","1603.95","246500","100","20230615","2829","20230104","1928"
"6480","日本トムソン","東証PR","機械","41234","73501425","3.39","19","8.89","0.54","63.07","1046.15","56100","100","20230214","648","20230105","502"
"6481","THK","東証PR","機械","348925","129856903","-","-","20.59","0.91","130.52","2944.76","268700","100","20230309","3295","20230104","2454"
"6482","ユーシン精機","東証PR","機械","24911","35638066","2.86","20","14.87","0.74","47.01","947.97","69900","100","20230510","806","20230106","656"
"6484","KVK","東証ST","機械","14440","8347078","3.18","55","7.63","0.55","226.64","3162.39","173000","100","20230704","1841","20230420","1474"
"6485","前澤給装工業","東証PR","機械","27807","23000000","2.98","36","16.78","0.69","72.06","1751.88","120900","100","20230515","1222","20230113","897"
"6486","イーグル工業","東証PR","機械","84787","49757821","4.11","70","11.24","0.74","151.62","2298.2","170400","100","20230802","1825","20230105","1051"
"6488","ヨシタケ","東証ST","機械","12179","13934946","3.09","27","10.13","0.76","86.31","1154.32","87400","100","20230714","977","20230105","640"
"6489","前澤工業","東証ST","機械","20526","21425548","2.92","28","6.95","0.71","137.78","1357.68","95800","100","20230809","987","20230117","585"
"6490","日本ピラー工業","東証PR","機械","104427","25042406","2.88","120","11.43","1.6","364.83","2611.4","417000","100","20230704","4840","20230104","2677"
"6492","岡野バルブ製造","東証ST","機械","4640","1793000","0.77","20","12.51","0.44","206.83","5945.43","258800","100","20230110","3395","20230828","2581"
"6493","NITTAN","東証ST","輸送用機器","8810","28978860","3.29","10","8.08","0.33","37.64","911.79","30400","100","20230619","344","20230202","243"
"6494","NFKホールディングス","東証ST","機械","4493","44051274","0","0","9.98","1.02","10.22","99.59","10200","100","20230419","124","20230322","91"
"6495","宮入バルブ製作所","東証ST","機械","6644","48849935","1.47","2","32.69","1.62","4.16","83.79","13600","100","20230607","159","20230106","133"
"6496","中北製作所","東証ST","機械","11498","3832800","2.33","70","13.91","0.46","215.62","6523.47","300000","100","20230822","3050","20230116","2063"
"6497","ハマイ","東証ST","機械","7276","7424140","3.06","30","6.89","0.44","142.27","2250.86","98000","100","20230607","1084","20230406","950"
"6498","キッツ","東証PR","機械","94645","90396511","3.53","37","9.68","0.97","108.17","1084.7","104700","100","20230704","1118","20230105","762"
"6501","日立製作所","東証PR","電気機器","8925489","938241277","-","-","17.81","1.69","534.04","5614.71","951300","100","20230802","9633","20230104","6295"
"6502","東芝","東証PR","電気機器","1993194","433397301","-","-","-","1.6","-","2882.34","459900","100","20230208","4728","20230314","4023"
"6503","三菱電機","東証PR","電気機器","4008825","2147201551","-","-","15.15","1.18","123.23","1588.65","186700","100","20230725","2105","20230112","1273"
"6504","富士電機","東証PR","電気機器","1000141","149296991","-","-","14.83","1.81","451.57","3706.07","669900","100","20230802","6923","20230316","4870"
"6505","東洋電機製造","東証ST","電気機器","10076","9735000","2.9","30","12.2","0.4","84.81","2605.99","103500","100","20230509","1081","20230116","825"
"6506","安川電機","東証PR","電気機器","1501734","266690497","1.14","64","28.7","4.14","196.2","1359.33","563100","100","20230623","6859","20230106","4065"
"6507","シンフォニアテクノロジー","東証PR","電気機器","46531","29789122","3.2","50","7.86","0.7","198.62","2222.55","156200","100","20230308","1804","20230106","1424"
"6508","明電舎","東証PR","電気機器","100206","45527540","-","-","14.27","0.92","154.29","2385.45","220100","100","20230810","2249","20230427","1784"
"6513","オリジン","東証ST","電気機器","8536","6699986","3.14","40","75.03","0.3","16.98","4213.89","127400","100","20230309","1345","20230105","1192"
"6516","山洋電気","東証PR","電気機器","91454","12972187","1.99","140","6.83","0.85","1032.85","8269.97","705000","100","20230622","7990","20230206","5510"
"6517","デンヨー","東証PR","電気機器","46497","22859660","2.51","51","11.34","0.63","179.33","3230.47","203400","100","20230802","2211","20230116","1470"
"6518","三相電機","東証ST","電気機器","5311","4650500","2.36","27","10.36","0.46","110.23","2492.92","114200","100","20230706","1190","20230112","1002"
"6521","オキサイド","東証GR","電気機器","33562","9988800","0","0","77.87","6.78","43.15","495.27","336000","100","20230203","5000","20230817","3080"
"6522","アスタリスク","東証GR","電気機器","6196","7105400","0","0","-","3.16","-20.35","275.57","87200","100","20230309","1355","20230721","775"
"6523","PHCホールディングス","東証PR","電気機器","178318","126019530","5.09","72","11.38","1.23","124.3","1146.42","141500","100","20230530","1650","20230316","1362"
"6524","湖北工業","東証ST","電気機器","53100","9000000","1.02","60","24.61","2.71","239.76","2177.06","590000","100","20230119","7010","20230515","4575"
"6526","ソシオネクスト","東証PR","電気機器","599948","35291041","1.24","210","33.24","5.14","511.49","3310.32","1700000","100","20230621","28330","20230104","5720"
"6532","ベイカレント・コンサルティング","東証PR","サービス","763692","155411410","0.81","40","29.51","13.2","166.53","372.31","491400","100","20230622","5939","20230106","4010"
"6533","Orchestraホールディングス","東証PR","サービス","10505","9817800","0.93","10","14.9","1.93","71.83","553.8","107000","100","20230124","2116","20230815","960"
"6535","アイモバイル","東証PR","サービス","25111","20382396","3.25","40","9.17","1.67","134.39","739.71","123200","100","20230403","1354","20230106","1127"
"6537","WASHハウス","東証GR","サービス","2076","6919400","0","0","44.18","1.22","6.79","245.98","30000","100","20230608","380","20230105","221"
"6538","キャリアインデックス","東証PR","サービス","5515","20968800","0.95","2.5","13.22","1.45","19.9","181.89","26300","100","20230303","358","20230817","231"
"6539","MS-Japan","東証PR","サービス","28871","24996600","4.85","56","20.65","3","55.93","385.3","115500","100","20230801","1208","20230406","951"
"6540","船場","東証ST","サービス","8545","10433647","4.27","35","12.06","0.74","67.91","1112.76","81900","100","20230816","839","20230105","691"
"6542","FCホールディングス","東証ST","サービス","5899","6859483","2.91","25","6.66","0.8","129.04","1079.95","86000","100","20230828","863","20230118","704"
"6543","日宣","東証ST","サービス","2320","4070080","3.68","21","8.75","0.7","65.15","818.97","57000","100","20230224","597","20230116","536"
"6544","ジャパンエレベーターサービスホールディングス","東証PR","サービス","208150","89067200","-","-","50.76","16.2","46.04","144.25","233700","100","20230825","2362","20230116","1531"
"6545","インターネットインフィニティー","東証GR","サービス","2367","5427771","0.92","4","21.96","1.85","19.85","236.03","43600","100","20230626","598","20230116","341"
"6546","フルテック","東証ST","サービス","6044","5367800","2.49","28","35.55","0.97","31.67","1162.33","112600","100","20230104","1195","20230123","1045"
"6547","グリーンズ","東証ST","サービス","22074","12886200","1.17","20","6.68","-","256.28","-108.12","171300","100","20230816","1888","20230104","972"
"6548","旅工房","東証GR","サービス","3352","9799800","0","0","-","-","-","-83.71","34200","100","20230421","545","20230329","320"
"6549","ディーエムソリューションズ","東証ST","サービス","3380","2810000","0","0","10.1","1.33","119.15","903.71","120300","100","20230125","1361","20230519","1035"
"6550","Unipos","東証GR","サービス","2525","13014600","0","0","-","3.17","-47.99","61.14","19400","100","20230309","284","20230104","137"
"6551","ツナググループ・ホールディングス","東証ST","サービス","6835","8575622","1","8","-","4.15","-","192.26","79700","100","20230816","843","20230116","432"
"6552","GameWith","東証ST","サービス","6147","18348200","0","0","31.43","1.78","10.66","188.48","33500","100","20230607","420","20230106","301"
"6554","エスユーエス","東証GR","サービス","7559","9009200","2.98","25","12.17","2.36","68.96","355.45","83900","100","20230621","1116","20230817","803"
"6555","MS＆Consulting","東証ST","サービス","3003","4530100","2.71","18","14.04","0.98","47.22","676.99","66300","100","20230731","760","20230217","553"
"6556","ウェルビー","東証PR","サービス","16064","28788000","1.47","8.2","16.99","4.26","32.84","130.87","55800","100","20230124","757","20230721","405"
"6557","AIAIグループ","東証GR","サービス","2576","3074381","0","0","12.84","1.9","65.29","440.87","83800","100","20230207","1383","20230105","566"
"6558","クックビズ","東証GR","サービス","3309","2773691","-","-","18.26","2.44","65.34","488.67","119300","100","20230718","1480","20230118","993"
"6560","エル・ティー・エス","東証PR","サービス","15691","4515375","0","0","27.95","4.43","124.33","783.99","347500","100","20230711","3815","20230215","2321"
"6561","HANATOUR_JAPAN","東証GR","サービス","27077","12664700","0","0","27.96","21.58","76.47","99.09","213800","100","20230817","2743","20230105","1481"
"6562","ジーニー","東証GR","サービス","19785","18051700","0","0","12.92","3.34","84.82","327.77","109600","100","20230323","2320","20230818","897"
"6563","みらいワークス","東証GR","サービス","3917","5181000","0","0","25.14","3.69","30.07","204.9","75600","100","20230724","1165","20230105","655"
"6564","ミダックホールディングス","東証PR","サービス","46882","27773500","0.3","5","26.92","4.11","62.71","410.42","168800","100","20230209","3025","20230627","1499"
"6565","ABホテル","東証ST","サービス","40472","14176000","0.42","12","22.48","4.67","126.98","610.77","285500","100","20230817","3420","20230116","1771"
"6566","要興業","東証ST","サービス","12570","15871400","-","-","10.36","0.72","76.43","1096.25","79200","100","20230731","883","20230116","742"
"6567","SERIOホールディングス","東証GR","サービス","4165","6329400","1.29","8.5","15.75","1.93","41.78","341","65800","100","20230222","803","20230104","390"
"6568","神戸天然物化学","東証GR","サービス","12627","7779900","1.85","30","10.6","1.05","153.05","1545.19","162300","100","20230706","2167","20230106","1004"
"6569","日総工産","東証PR","サービス","28651","34353200","2.46","20.5","12.34","1.98","67.6","421.49","83400","100","20230623","957","20230116","555"
"6570","共和コーポレーション","東証ST","サービス","4986","6080130","2.13","17.5","11.04","1.4","74.25","587.12","82000","100","20230817","887","20230405","583"
"6571","キュービーネットホールディングス","東証PR","サービス","20541","13050100","1.4","22","12.83","1.59","122.65","986.96","157400","100","20230516","1710","20230106","1300"
"6572","RPAホールディングス","東証PR","サービス","22521","62040000","-","-","115.61","1.85","3.14","196.3","36300","100","20230620","487","20230106","262"
"6573","アジャイルメディア・ネットワーク","東証GR","サービス","7756","5504440","0","0","-","-","-55.98","-23.07","140900","100","20230823","2100","20230329","184"
"6574","コンヴァノ","東証GR","サービス","1472","2271560","0","0","42.05","1.79","15.41","362.76","64800","100","20230524","869","20230104","464"
"6577","ベストワンドットコム","東証GR","サービス","6791","1407560","0","0","-","12.96","-","372.27","482500","100","20230801","4960","20230116","1616"
"6578","エヌリンクス","東証ST","サービス","2622","7302960","0","0","30.48","2.49","11.78","144.05","35900","100","20230720","463","20230104","175"
"6579","ログリー","東証GR","サービス","2677","3803000","0","0","-","4.58","-21.05","153.65","70400","100","20230411","1231","20230529","634"
"6580","ライトアップ","東証GR","サービス","5225","5806000","0","0","10.92","1.89","82.42","476.18","90000","100","20230620","1437","20230816","762"
"6584","三櫻工業","東証PR","輸送用機器","33364","37112000","2.78","25","23.16","0.86","38.81","1041.12","89900","100","20230822","911","20230104","602"
"6586","マキタ","東証PR","機械","1104669","280017520","-","-","32.09","1.31","122.95","3006.95","394500","100","20230801","4687","20230104","3025"
"6588","東芝テック","東証PR","電気機器","204007","57629140","1.27","45","27.99","2.01","126.47","1758.65","354000","100","20230605","4420","20230105","3470"
"6590","芝浦メカトロニクス","東証PR","電気機器","109447","4657300","1.53","360","19.98","3.21","1176.31","7323.31","2350000","100","20230804","26300","20230106","9720"
"6592","マブチモーター","東証PR","電気機器","290843","67076362","3.46","150","17.3","0.92","250.59","4717.4","433600","100","20230814","4597","20230120","3575"
"6594","ニデック","東証PR","電気機器","4439934","596284468","0.94","70","25.93","2.82","287.16","2643.93","744600","100","20230724","8706","20230316","6145"
"6597","HPCシステムズ","東証GR","電気機器","8010","4358000","1.36","25","16.17","3.42","113.7","537.1","183800","100","20230714","2360","20230817","1739"
"6599","エブレン","東証ST","電気機器","3650","1536000","1.39","33","8.32","0.84","285.62","2818.47","237600","100","20230309","2695","20230104","2221"
"6612","バルミューダ","東証GR","電気機器","14730","8436700","0","0","-","2.97","-148.3","587.15","174600","100","20230105","2614","20230807","1682"
"6613","QDレーザ","東証GR","電気機器","29721","41567503","0","0","-","4.87","-14.02","146.68","71500","100","20230711","984","20230215","494"
"6614","シキノハイテック","東証ST","電気機器","12144","4424000","0.55","15","28.21","5.74","97.29","477.81","274500","100","20230421","4500","20230818","2425"
"6615","ユー・エム・シー・エレクトロニクス","東証PR","電気機器","13828","28277620","-","-","9.22","0.77","53.05","636.37","48900","100","20230615","635","20230323","460"
"6616","トレックス・セミコンダクター","東証PR","電気機器","26690","11554200","2.42","56","24.2","1.03","95.47","2234.53","231000","100","20230210","2843","20230515","1912"
"6617","東光高岳","東証PR","電気機器","36280","16276305","2.24","50","10.59","0.66","210.47","3358.61","222900","100","20230308","2641","20230106","1776"
"6618","大泉製作所","東証GR","電気機器","7398","9258968","1","8","35.23","1.68","22.68","474.48","79900","100","20230309","997","20230712","744"
"6619","ダブル・スコープ","東証PR","電気機器","62957","55225600","0","0","36.98","1.16","30.83","982.33","114000","100","20230731","1555","20230526","1009"
"6620","宮越ホールディングス","東証PR","不動産","43616","40014943","0","0","96.89","1.77","11.25","614.32","109000","100","20230825","1135","20230106","700"
"6622","ダイヘン","東証PR","電気機器","140666","27103291","3.18","165","9.43","1.11","550.15","4681.15","519000","100","20230614","5750","20230104","3805"
"6625","JALCOホールディングス","東証ST","不動産","23422","112604118","2.88","6","17.84","1.4","11.66","148.63","20800","100","20230214","310","20230515","184"
"6626","SEMITEC","東証ST","電気機器","21720","11371600","1.05","20","12.63","1.1","151.28","1740.31","191000","100","20230227","2570","20230525","1822"
"6627","テラプローブ","東証ST","電気機器","40843","9282500","-","-","11.97","1.25","367.7","3525.07","440000","100","20230824","4520","20230104","1568"
"6629","テクノホライゾン","東証ST","電気機器","10805","21063300","1.95","10","13.83","0.84","37.1","612.3","51300","100","20230622","628","20230316","408"
"6630","ヤーマン","東証PR","電気機器","59866","58348880","0.83","8.5","12.98","2.22","79.06","462.29","102600","100","20230228","1590","20230316","968"
"6632","JVCケンウッド","東証PR","電気機器","95120","164000201","1.38","8","11.54","0.86","50.24","675.41","58000","100","20230809","669","20230106","342"
"6633","C＆Gシステムズ","東証ST","電気機器","3205","9801549","3.06","10","14.94","1.01","21.89","324.58","32700","100","20230130","368","20230316","295"
"6634","ネクスグループ","東証ST","電気機器","4341","27301871","0","0","30.4","1.35","5.23","118.08","15900","100","20230406","206","20230328","156"
"6635","大日光・エンジニアリング","東証ST","電気機器","3550","6800600","2.3","12","19.51","0.61","26.75","852.91","52200","100","20230412","810","20230104","475"
"6637","寺崎電気産業","東証ST","電気機器","19232","13030000","2.03","30","11.31","0.46","130.48","3226.3","147600","100","20230810","1585","20230104","957"
"6638","ミマキエンジニアリング","東証PR","電気機器","23389","32040000","2.74","20","7.37","0.91","99.03","802.25","73000","100","20230809","1011","20230213","543"
"6640","I-PEX","東証PR","電気機器","30986","18722800","2.42","40","-","0.53","-40.43","3146.42","165500","100","20230824","1753","20230106","1084"
"6643","戸上電機製作所","東証ST","電気機器","10520","5028658","4.06","85","6.91","0.55","302.76","3813.98","209200","100","20230801","2224","20230330","1699"
"6644","大崎電気工業","東証PR","電気機器","30940","49267180","3.18","20","18.37","0.64","34.19","987.43","62800","100","20230801","667","20230110","506"
"6645","オムロン","東証PR","電気機器","1415252","206244872","1.52","104","18.13","1.76","378.48","3898.81","686200","100","20230616","9329","20230104","6321"
"6647","森尾電機","東証ST","電気機器","2361","1425000","1.81","30","17.53","0.51","94.52","3254.54","165700","100","20230206","1881","20230615","1620"
"6648","かわでん","東証ST","電気機器","7558","4192000","4.44","80","14.44","0.38","124.87","4789.44","180300","100","20230322","1879","20230421","1740"
"6651","日東工業","東証PR","電気機器","152324","40458000","4.99","188","20.11","1.41","187.18","2669.73","376500","100","20230828","3765","20230110","2240"
"6652","IDEC","東証PR","電気機器","100504","33224485","4.3","130","9.32","1.42","324.63","2122.97","302500","100","20230309","3630","20230106","2766"
"6653","正興電機製作所","東証PR","電気機器","13826","12603595","3.19","35","9.73","1.08","112.77","1015.43","109700","100","20230801","1165","20230118","910"
"6654","不二電機工業","東証ST","電気機器","7696","6669000","2.77","32","26.57","0.63","43.44","1836.35","115400","100","20230607","1266","20230206","1070"
"6656","インスペック","東証ST","電気機器","6046","4006800","0.2","3","200.4","4.87","7.53","309.68","150900","100","20230529","2280","20230104","901"
"6658","シライ電子工業","東証ST","電気機器","7910","13976000","3","17","6.55","1.3","86.43","435.37","56600","100","20230309","888","20230104","450"
"6659","メディアリンクス","東証ST","電気機器","1380","27595300","0","0","-","0.78","-5.29","64.4","5000","100","20230120","90","20230731","43"
"6662","ユビテック","東証ST","電気機器","3787","14791600","-","-","-","1.63","-","156.87","25600","100","20230417","305","20230410","220"
"6663","太洋工業","東証ST","電気機器","2172","5951600","0.82","3","94.32","0.84","3.87","435.13","36500","100","20230523","429","20230816","350"
"6664","オプトエレクトロニクス","東証ST","電気機器","2460","6578000","0","0","6.55","0.41","57.14","919.4","37400","100","20230322","447","20230116","338"
"6666","リバーエレテック","東証ST","電気機器","5233","8692652","1.66","10","14.47","1.09","41.6","550.29","60200","100","20230125","778","20230602","526"
"6668","アドテックプラズマテクノロジー","東証ST","電気機器","14459","8586000","0.95","16","12.04","1.44","139.88","1171.33","168400","100","20230113","1794","20230420","1269"
"6670","MCJ","東証ST","電気機器","119076","101774700","2.91","34","11.38","1.68","102.79","695.24","117000","100","20230807","1193","20230330","912"
"6674","ジーエス・ユアサコーポレーション","東証PR","電気機器","216611","80599442","1.86","50","15.44","0.91","174.02","2939.06","268750","100","20230802","2932","20230104","2081"
"6675","サクサホールディングス","東証PR","電気機器","14495","6244962","2.59","60","12.32","0.52","188.37","4449.82","232100","100","20230809","2410","20230113","1171"
"6676","メルコホールディングス","東証PR","電気機器","53185","16937873","3.82","120","17.63","0.85","178.08","3705.89","314000","100","20230301","3535","20230105","2910"
"6677","エスケーエレクトロニクス","東証ST","電気機器","31763","11368400","5.15","144","9.67","0.95","288.9","2954.57","279400","100","20230828","2870","20230104","1104"
"6678","テクノメディカ","東証PR","電気機器","19027","8760000","2.53","55","19.91","1.15","109.11","1886.19","217200","100","20230825","2228","20230203","1651"
"6694","ズーム","東証ST","電気機器","4999","4594824","2.76","30","11.69","0.71","93.09","1539.22","108800","100","20230214","1158","20230215","978"
"6696","トラース・オン・プロダクト","東証GR","電気機器","1835","4815491","0","0","203.74","4.77","1.87","79.95","38100","100","20230301","842","20230106","261"
"6697","テックポイント・インク（外国株）","東証GR","電気機器","-","-","-","-","-","-","-","-","98500","100","20230125","1105","20230106","895"
"6698","ヴィスコ・テクノロジーズ","東証ST","電気機器","4365","6448000","1.48","10","12.16","1.26","55.67","538.77","67700","100","20230726","838","20230120","570"
"6699","ダイヤモンドエレクトリックホールディングス","東証PR","電気機器","8115","9128001","2.81","25","35.45","0.65","25.08","1367.62","88900","100","20230201","1419","20230818","740"
"6701","日本電気","東証PR","電気機器","2049648","272849863","1.6","120","-","1.2","-","6257.84","751200","100","20230828","7550","20230120","4405"
"6702","富士通","東証PR","電気機器","3776666","207110845","1.43","260","15.75","2.09","1157.49","8718.69","1823500","100","20230614","19780","20230410","16945"
"6703","沖電気工業","東証PR","電気機器","77449","87217602","3.38","30","9.62","0.77","92.31","1158.02","88800","100","20230814","922","20230210","687"
"6704","岩崎通信機","東証PR","電気機器","8316","10080344","3.03","25","6.33","0.33","130.31","2496.65","82500","100","20230524","884","20230126","728"
"6706","電気興業","東証PR","電気機器","30105","12100000","2.41","60","51.11","0.63","48.68","3968.27","248800","100","20230824","2530","20230117","1863"
"6707","サンケン電気","東証PR","電気機器","273569","25098060","0.28","30","18.8","2.12","579.89","5143.06","1090000","100","20230801","14770","20230104","6410"
"6715","ナカヨ","東証ST","電気機器","6090","4794963","3.15","40","14.51","0.34","87.5","3765.88","127000","100","20230823","1295","20230117","1034"
"6718","アイホン","東証PR","電気機器","54842","18220000","2.66","80","10.69","0.81","281.62","3723.99","301000","100","20230824","3035","20230105","1783"
"6721","ウインテスト","東証ST","電気機器","4437","39972000","0","0","84.73","2.83","1.31","39.23","11100","100","20230221","174","20230818","97"
"6723","ルネサスエレクトロニクス","東証PR","電気機器","4873613","1958454023","-","-","-","2.32","-","1071.52","248850","100","20230705","2900","20230104","1166"
"6724","セイコーエプソン","東証PR","電気機器","883049","385022278","3.23","74","10.56","0.99","217.18","2319.05","229350","100","20230801","2396","20230316","1781"
"6727","ワコム","東証PR","電気機器","93852","158000000","3.37","20","28.13","2.31","21.12","257.57","59400","100","20230509","751","20230822","559"
"6728","アルバック","東証PR","電気機器","277134","49355938","2.03","114","17.28","1.4","324.88","4024.72","561500","100","20230210","6330","20230316","4975"
"6730","アクセル","東証ST","電気機器","19318","11211989","2.96","51","17.05","1.65","101.06","1042.51","172300","100","20230324","2020","20230525","1306"
"6731","ピクセラ","東証ST","電気機器","1154","577027658","0","0","-","1.63","-","1.23","200","100","20230104","8","20230815","1"
"6734","ニューテック","東証ST","電気機器","3194","2081000","2.61","40","9.22","1.3","166.43","1180.13","153500","100","20230705","1648","20230425","1338"
"6736","サン電子","東証ST","電気機器","47559","24007728","-","-","-","1.36","-","1459.33","198100","100","20230207","2490","20230531","1694"
"6737","EIZO","東証PR","電気機器","107488","21981160","4.09","200","16.77","0.81","291.65","6066.46","489000","100","20230801","5140","20230105","3330"
"6740","ジャパンディスプレイ","東証PR","電気機器","147455","3880388022","0","0","-","1.3","-7.72","29.18","3800","100","20230411","56","20230817","36"
"6741","日本信号","東証PR","電気機器","66016","68339704","2.8","27","12.82","0.68","75.36","1422.99","96600","100","20230510","1179","20230822","945"
"6742","京三製作所","東証PR","電気機器","29034","62844251","3.9","18","10.35","0.63","44.64","729.61","46200","100","20230727","535","20230105","396"
"6743","大同信号","東証ST","電気機器","7640","18018000","2.36","10","10.78","0.32","39.35","1306.5","42400","100","20230518","470","20230125","402"
"6744","能美防災","東証PR","電気機器","107005","60832771","2.62","46","14.68","0.93","119.84","1891.12","175900","100","20230524","1890","20230110","1525"
"6745","ホーチキ","東証PR","電気機器","48347","28812000","3.04","51","9.27","0.9","180.98","1862.59","167800","100","20230630","1836","20230105","1360"
"6748","星和電機","東証ST","電気機器","6381","13238700","3.11","15","5.51","0.44","87.47","1102.07","48200","100","20230728","566","20230104","426"
"6750","エレコム","東証PR","電気機器","157053","92221420","2.58","44","17.06","1.69","99.85","1007.19","170300","100","20230810","1745","20230410","1225"
"6752","パナソニックホールディングス","東証PR","電気機器","4104752","2454261297","-","-","8.49","0.95","197.08","1759.16","167250","100","20230706","1796","20230105","1074"
"6753","シャープ","東証PR","電気機器","587447","650406538","-","-","58.65","2.27","15.4","397.97","90320","100","20230207","1093","20230602","756"
"6754","アンリツ","東証PR","電気機器","142662","135868594","3.81","40","13.82","1.17","75.95","896.82","105000","100","20230125","1293","20230817","1000"
"6755","富士通ゼネラル","東証PR","電気機器","305631","109368914","1.29","36","22.51","2.12","124.15","1320.09","279450","100","20230412","4005","20230825","2673"
"6757","OSGコーポレーション","東証ST","電気機器","4499","5500000","4.89","40","16.34","1.57","50.05","520.59","81800","100","20230106","952","20230426","749"
"6758","ソニーグループ","東証PR","電気機器","15132981","1261081781","-","-","17.22","2.11","696.78","5674","1200000","100","20230615","14100","20230104","10035"
"6762","TDK","東証PR","電気機器","2022781","388771977","2.23","116","18.79","1.28","276.83","4079.56","520300","100","20230704","5786","20230106","4180"
"6763","帝国通信工業","東証PR","電気機器","18205","10141833","3.9","70","14.64","0.68","122.58","2634.02","179500","100","20230822","1820","20230106","1346"
"6768","タムラ製作所","東証PR","電気機器","47842","82771473","1.73","10","36.31","0.89","15.92","647.49","57800","100","20230404","850","20230821","553"
"6769","ザインエレクトロニクス","東証ST","電気機器","10329","12340100","1.79","15","18.96","0.95","44.15","881.94","83700","100","20230719","1000","20230320","793"
"6770","アルプスアルパイン","東証PR","電気機器","263796","219281450","3.33","40","12.36","0.61","97.33","1979.62","120300","100","20230216","1450","20230817","1157"
"6771","池上通信機","東証ST","電気機器","5348","7285746","4.09","30","11.74","0.37","62.52","1994.6","73400","100","20230828","738","20230106","520"
"6772","東京コスモス電機","東証ST","電気機器","4666","1581250","2.03","60","11.7","0.64","252.29","4575.74","295100","100","20230620","3035","20230106","1835"
"6775","TBグループ","東証ST","電気機器","3345","13996942","0","0","162.59","3.39","1.47","70.55","23900","100","20230419","393","20230105","148"
"6776","天昇電気工業","東証ST","化学","6125","17014000","0.83","3","12.25","0.75","29.39","480.17","36000","100","20230515","390","20230105","299"
"6777","santec_Holdings","東証ST","電気機器","30106","11961100","3.18","80","10.96","1.98","229.58","1269.8","251700","100","20230703","3240","20230426","2221"
"6778","アルチザネットワークス","東証ST","電気機器","8587","9562000","3.34","30","12.46","1.06","72.06","849.89","89800","100","20230410","1029","20230817","871"
"6779","日本電波工業","東証PR","電気機器","35364","23128605","1.31","20","9.07","1.45","168.63","1056.22","152900","100","20230207","1621","20230427","1133"
"6785","鈴木","東証PR","電気機器","16133","14404400","4.11","46","7.28","0.7","153.75","1598.35","112000","100","20230823","1139","20230105","812"
"6786","RVH","東証ST","サービス","1469","25321760","0","0","-","0.84","-","69.03","5800","100","20230113","77","20230517","54"
"6787","メイコー","東証PR","電気機器","90729","26803320","1.48","50","14","1.03","241.77","3283.53","338500","100","20230824","3525","20230104","2315"
"6788","日本トリム","東証PR","電気機器","25572","8656780","2.88","85","12.11","1.1","243.96","2677.38","295400","100","20230703","3560","20230106","2571"
"6789","ローランドディー.ジー.","東証PR","電気機器","42072","12319911","3.95","135","7.68","1.22","444.66","2808.22","341500","100","20230703","3795","20230104","2701"
"6794","フォスター電機","東証PR","電気機器","22625","25000000","2.21","20","15.45","0.37","58.58","2413.43","90500","100","20230509","1271","20230104","824"
"6798","SMK","東証PR","電気機器","17863","7200000","4.03","100","20.29","0.5","122.27","5009.23","248100","100","20230802","2681","20230106","2230"
"6800","ヨコオ","東証PR","電気機器","40259","23849878","2.61","44","87.46","0.81","19.3","2082.97","168800","100","20230206","2305","20230823","1587"
"6803","ティアック","東証ST","電気機器","3327","28931713","0.87","1","10.35","1.11","11.11","103.61","11500","100","20230607","130","20230323","112"
"6804","ホシデン","東証PR","電気機器","112473","63010084","2.69","48","11.01","0.73","162.15","2449.08","178500","100","20230515","1920","20230213","1476"
"6806","ヒロセ電機","東証PR","電気機器","640364","36250438","2.83","500","20.97","1.71","842.31","10358.07","1766500","100","20230614","19830","20230116","15980"
"6807","日本航空電子工業","東証PR","電気機器","279677","92302608","1.65","50","20.45","1.57","148.15","1926.72","303000","100","20230705","3130","20230130","2062"
"6809","TOA","東証PR","電気機器","36082","34136635","3.78","40","21.93","0.73","48.19","1442.65","105700","100","20230828","1058","20230106","750"
"6810","マクセル","東証PR","電気機器","76730","49695800","2.59","40","13.61","0.82","113.48","1883.03","154400","100","20230320","1691","20230106","1322"
"6814","古野電気","東証PR","電気機器","40889","31894554","1.95","25","16.19","0.76","79.2","1680.95","128200","100","20230718","1347","20230119","897"
"6817","スミダコーポレーション","東証PR","電気機器","55402","32879317","2.79","47","9.19","0.92","183.32","1837.42","168500","100","20230802","1797","20230608","1271"
"6819","伊豆シャボテンリゾート","東証ST","サービス","9526","36496537","0","0","31.41","2.16","8.31","120.86","26100","100","20230628","372","20230105","139"
"6820","アイコム","東証PR","電気機器","46629","14850000","2.61","82","15.49","0.73","202.75","4325.38","314000","100","20230817","3185","20230320","2462"
"6822","大井電気","東証ST","電気機器","2834","1470000","0","0","12.54","0.56","153.69","3457.36","192800","100","20230331","2688","20230825","1825"
"6823","リオン","東証PR","電気機器","25691","12327900","2.16","45","11.65","0.95","178.84","2196.11","208400","100","20230802","2314","20230106","1718"
"6824","新コスモス電機","東証ST","電気機器","27571","12561000","2.14","47","9.47","0.67","231.82","3273.7","219500","100","20230710","2690","20230106","1858"
"6832","アオイ電子","東証ST","電気機器","21516","12000000","3.01","54","61.47","0.43","29.17","4157.24","179300","100","20230404","1980","20230217","1729"
"6834","精工技研","東証ST","電気機器","12750","9333654","4.03","55","24.92","0.48","54.81","2867.07","136600","100","20230310","1889","20230822","1321"
"6835","アライドテレシスホールディングス","東証ST","電気機器","11632","109731545","-","-","-","0.68","-","155.79","10600","100","20230809","138","20230329","101"
"6836","ぷらっとホーム","東証ST","電気機器","1267","1529900","0","0","157.12","2.93","5.27","282.82","82800","100","20230725","1370","20230515","543"
"6837","京写","東証ST","電気機器","6420","14624000","2.05","9","11.28","0.85","38.91","514.43","43900","100","20230828","445","20230105","256"
"6838","多摩川ホールディングス","東証ST","電気機器","4950","6353900","0.64","5","1180.3","0.98","0.66","791.24","77900","100","20230705","956","20230518","627"
"6840","AKIBAホールディングス","東証ST","電気機器","4762","9192560","0","0","7.93","1.45","65.33","356.89","51800","100","20230607","605","20230105","373"
"6841","横河電機","東証PR","電気機器","737912","268624510","1.24","34","16.64","1.77","165.11","1548.98","274700","100","20230809","2905","20230224","2011"
"6844","新電元工業","東証PR","電気機器","32102","10338884","4.19","130","45.73","0.49","67.9","6287.56","310500","100","20230308","3900","20230817","2881"
"6845","アズビル","東証PR","電気機器","684447","143700884","1.53","73","26.7","3.13","178.39","1519.65","476300","100","20230815","4797","20230105","3190"
"6848","東亜ディーケーケー","東証ST","電気機器","17435","19880620","2.28","20","13.29","0.86","65.99","1016.11","87700","100","20230801","914","20230127","751"
"6849","日本光電工業","東証PR","電気機器","339160","88230980","1.59","61","22.3","1.91","172.36","2015.87","384400","100","20230615","3961","20230106","3010"
"6850","チノー","東証PR","電気機器","18715","9260116","2.72","55","11.06","0.91","182.71","2209.25","202100","100","20230705","2584","20230105","1700"
"6853","共和電業","東証PR","電気機器","9833","27775900","3.67","13","12.91","0.56","27.41","630.92","35400","100","20230704","376","20230116","325"
"6855","日本電子材料","東証ST","電気機器","19764","12644938","2.56","40","14.08","0.81","111.03","1925.69","156300","100","20230707","1885","20230104","1304"
"6856","堀場製作所","東証PR","電気機器","317294","42532752","3.42","255","8.88","1.19","840.28","6294.98","746000","100","20230703","8428","20230104","5650"
"6857","アドバンテスト","東証PR","電気機器","3459253","191542265","-","-","42.66","8.69","423.39","2079.12","1806000","100","20230718","22375","20230104","8190"
"6858","小野測器","東証ST","電気機器","5514","12200000","2.21","10","23.65","0.37","19.11","1226.32","45200","100","20230425","531","20230116","372"
"6859","エスペック","東証PR","電気機器","53746","23781394","3.1","70","13.52","1.03","167.18","2187.49","226000","100","20230810","2445","20230106","1797"
"6861","キーエンス","東証PR","電気機器","14988890","243207684","0.49","300","-","5.87","-","10498.91","6163000","100","20230605","71890","20230104","49950"
"6862","ミナトホールディングス","東証ST","電気機器","4969","7861714","1.9","12","3.25","0.9","194.23","701.61","63200","100","20230529","699","20230105","410"
"6863","ニレコ","東証ST","電気機器","9987","7735849","3.72","48","10.88","0.65","118.7","1987.28","129100","100","20230824","1338","20230213","960"
"6864","エヌエフホールディングス","東証ST","電気機器","8039","7070000","2.81","32","16.63","0.65","68.39","1761.28","113700","100","20230620","1335","20230104","880"
"6866","日置電機","東証PR","電気機器","107286","14024365","2.35","180","17.18","2.95","445.27","2597.54","765000","100","20230418","9870","20230106","5970"
"6867","リーダー電子","東証ST","電気機器","2606","4493301","1.72","10","21.67","0.64","26.76","905.58","58000","100","20230809","614","20230105","441"
"6869","シスメックス","東証PR","電気機器","1602879","209745992","1.1","84","30.75","3.98","248.49","1921.11","764200","100","20230622","10440","20230823","7373"
"6870","日本フェンオール","東証ST","電気機器","9152","5893000","4.64","72","12.23","0.7","127","2212.14","155300","100","20230726","1558","20230124","1292"
"6871","日本マイクロニクス","東証PR","電気機器","84013","40025316","0.86","18","35.2","2.12","59.63","990.1","209900","100","20230824","2333","20230427","1201"
"6874","協立電機","東証ST","電気機器","12103","4369200","2.89","80","6.97","0.69","397.6","4023.22","277000","100","20230619","3195","20230112","1921"
"6875","メガチップス","東証PR","電気機器","92484","21967700","-","-","24.21","1.07","173.93","3934.34","421000","100","20230802","4345","20230116","2410"
"6877","OBARA　GROUP","東証ST","電気機器","82225","20869380","3.81","150","9.68","0.93","407.08","4256.42","394000","100","20230501","4335","20230116","3480"
"6879","IMAGICA_GROUP","東証PR","情報通信","27471","44741467","2.44","15","12.44","0.76","49.34","804.3","61400","100","20230802","729","20230602","542"
"6881","キョウデン","東証ST","電気機器","31263","52279051","0","0","10.24","1.13","58.37","530.81","59800","100","20230815","600","20230601","417"
"6882","三社電機製作所","東証ST","電気機器","20168","14950000","2.97","40","12.82","0.83","105.26","1615.82","134900","100","20230731","1539","20230104","844"
"6888","アクモス","東証ST","情報通信","4147","10215400","3.45","14","8.64","1.4","46.99","289.75","40600","100","20230613","421","20230106","340"
"6890","フェローテックホールディングス","東証ST","電気機器","144479","47061667","3.26","100","8","0.76","383.66","4026.68","307000","100","20230704","3925","20230104","2743"
"6894","パルステック工業","東証ST","電気機器","2154","1393459","3.56","55","8.93","0.64","173.21","2429.31","154600","100","20230809","1640","20230330","1444"
"6897","ツインバード","東証ST","電気機器","5606","10906300","2.53","13","30.32","0.68","16.95","754.22","51400","100","20230412","550","20230804","501"
"6898","トミタ電機","東証ST","電気機器","1650","816979","0","0","13.88","0.37","145.58","5397.18","202000","100","20230314","4055","20230817","1870"
"6899","ASTI","東証ST","電気機器","10900","3417006","-","-","6.65","0.44","479.83","7190.76","319000","100","20230511","3460","20230117","2510"
"6901","澤藤電機","東証ST","電気機器","5558","4322000","2.18","28","15.41","0.5","83.43","2554.21","128600","100","20230612","1375","20230116","1060"
"6902","デンソー","東証PR","輸送用機器","7679311","787944951","2.05","200","16.44","1.51","592.93","6473.65","974600","100","20230801","10090","20230104","6389"
"6904","原田工業","東証PR","電気機器","17755","21758000","0.92","7.5","11.83","1.43","68.96","570.36","81600","100","20230306","895","20230531","786"
"6905","コーセル","東証PR","電気機器","45783","35712000","2.96","38","11.05","1.01","116.05","1273.83","128200","100","20230620","1395","20230110","980"
"6907","ジオマテック","東証ST","電気機器","4869","9152400","0","0","161.7","0.42","3.29","1267.46","53200","100","20230509","628","20230523","482"
"6908","イリソ電子工業","東証PR","電気機器","101899","24583698","2.17","90","15.73","1.4","263.56","2953.81","414500","100","20230403","5200","20230822","3685"
"6912","菊水ホールディングス","東証ST","電気機器","13137","9900000","2.86","38","10.28","0.92","129.07","1441.4","132700","100","20230310","1417","20230106","1001"
"6914","オプテックスグループ","東証PR","電気機器","64264","37735784","2.35","40","12.1","1.44","140.75","1185.68","170300","100","20230202","2150","20230823","1613"
"6915","千代田インテグレ","東証ST","電気機器","31933","11628929","4.01","110","13.46","0.79","204.04","3488.87","274600","100","20230828","2746","20230106","2090"
"6918","アバールデータ","東証ST","電気機器","31823","7417842","2.59","111","13.54","1.32","316.8","3260.16","429000","100","20230301","5200","20230517","3625"
"6919","ケル","東証ST","電気機器","14611","7743000","5.03","95","10.08","0.91","187.16","2082.83","188700","100","20230131","1949","20230105","1632"
"6920","レーザーテック","東証PR","電気機器","2094101","94286400","0.82","183","42.62","18.36","521.16","1209.99","2221000","100","20230124","27000","20230502","17485"
"6923","スタンレー電気","東証PR","電気機器","439128","171200000","2.03","52","16.55","0.85","154.98","3016.2","256500","100","20230501","3075","20230104","2441"
"6925","ウシオ電機","東証PR","電気機器","224338","123500000","2.75","50","21.22","0.84","85.59","2166.07","181650","100","20230512","1997","20230213","1517"
"6926","岡谷電機産業","東証ST","電気機器","7129","22921562","1.29","4","19.87","0.78","15.65","401.04","31100","100","20230310","348","20230104","242"
"6927","ヘリオステクノホールディング","東証ST","電気機器","10172","22806900","1.79","8","4.73","0.54","94.24","826.81","44600","100","20230705","1375","20230316","330"
"6928","エノモト","東証PR","電気機器","11925","6865360","4.03","70","9.28","0.56","187.16","3074.41","173700","100","20230221","1961","20230817","1603"
"6929","日本セラミック","東証PR","電気機器","69794","27231257","3.9","100","16.13","1.24","158.94","2059.35","256300","100","20230309","2830","20230106","2229"
"6930","日本アンテナ","東証ST","電気機器","7222","14300000","4.16","21","-","0.38","-229.98","1325.81","50500","100","20230323","585","20230104","491"
"6932","遠藤照明","東証PR","電気機器","18131","14776321","2.85","35","5.67","0.55","216.56","2234.27","122700","100","20230510","1435","20230104","709"
"6937","古河電池","東証PR","電気機器","31160","32800000","2.21","21","14.15","0.92","67.12","1036.46","95000","100","20230309","1180","20230818","913"
"6938","双信電機","東証ST","電気機器","5849","17102504","2.34","8","53.19","0.5","6.43","682.31","34200","100","20230307","407","20230817","333"
"6941","山一電機","東証PR","電気機器","38202","21829775","3.77","66","-","0.99","-","1769.62","175000","100","20230703","2444","20230104","1670"
"6942","ソフィアホールディングス","東証ST","情報通信","2133","2737720","0","0","-","1.02","-1.86","762.81","77900","100","20230418","920","20230110","574"
"6943","NKKスイッチズ","東証ST","電気機器","4221","842520","2","100","8.25","0.32","607.61","15628.72","501000","100","20230404","6880","20230810","4780"
"6946","日本アビオニクス","東証ST","電気機器","19530","3191162","0.49","30","10.25","1.6","597.23","3817.7","612000","100","20230828","6130","20230106","3370"
"6947","図研","東証PR","電気機器","94697","23267169","1.23","50","28.19","2.29","144.39","1777.7","407000","100","20230620","4290","20230105","2852"
"6951","日本電子","東証PR","電気機器","238597","51532800","1.43","66","15.25","2.29","303.53","2025.32","463000","100","20230615","5383","20230106","3410"
"6952","カシオ計算機","東証PR","電気機器","320739","249020914","-","-","29.21","1.37","44.1","941.48","128800","100","20230127","1374","20230531","1151"
"6954","ファナック","東証PR","電気機器","4150720","1003073989","-","-","34.86","2.42","118.69","1709.9","413800","100","20230619","5334","20230104","3931"
"6955","FDK","東証ST","電気機器","29943","34536302","0","0","298.97","2.18","2.9","397.84","86700","100","20230116","1033","20230817","798"
"6957","芝浦電子","東証ST","電気機器","50958","7779865","3.36","220","12.76","1.58","513.21","4139.35","655000","100","20230808","7350","20230104","4775"
"6958","日本シイエムケイ","東証PR","電気機器","37721","63077770","1.67","10","18.64","0.62","32.09","966.24","59800","100","20230821","605","20230406","431"
"6960","フクダ電子","東証ST","電気機器","195880","39176000","2.8","140","10.8","0.92","462.81","5431.12","500000","100","20230816","5270","20230414","4050"
"6961","エンプラス","東証PR","電気機器","105505","9732897","0.55","60","19.13","1.97","566.74","5506.48","1084000","100","20230824","11500","20230116","3460"
"6962","大真空","東証PR","電気機器","28306","36196968","3.58","28","38.83","0.69","20.14","1138.78","78200","100","20230828","785","20230804","590"
"6963","ローム","東証PR","電気機器","1252995","103000000","1.64","200","17.06","1.25","713.25","9738.8","1216500","100","20230705","14255","20230104","9310"
"6964","サンコー","東証ST","電気機器","4410","9000000","2.65","13","10.35","0.3","47.33","1640.4","49000","100","20230313","549","20230104","437"
"6965","浜松ホトニクス","東証PR","電気機器","1115186","165065948","1.12","76","26.42","3.44","255.74","1961.55","675600","100","20230508","7590","20230104","6170"
"6966","三井ハイテック","東証PR","電気機器","376119","39466865","0.76","72","20.98","4.2","454.15","2267.23","953000","100","20230623","10160","20230104","6030"
"6967","新光電気工業","東証PR","電気機器","807652","135171942","0.84","50","33.64","3.2","177.64","1864.71","597500","100","20230705","6350","20230104","3290"
"6969","松尾電機","東証ST","電気機器","2314","3210000","0","0","4.01","0.94","179.59","763.25","72100","100","20230412","959","20230331","665"
"6971","京セラ","東証PR","電気機器","2771343","377618580","2.73","200","17.97","0.82","408.4","8901.91","733900","100","20230615","8045","20230116","6355"
"6973","協栄産業","東証ST","卸売","6936","3193545","3.68","80","8.71","0.41","249.51","5358.57","217200","100","20230228","2380","20230104","1564"
"6976","太陽誘電","東証PR","電気機器","525822","130218481","2.23","90","62.9","1.57","64.2","2575.52","403800","100","20230124","4625","20230104","3735"
"6977","日本抵抗器製作所","東証ST","電気機器","1326","1240000","2.81","30","13.23","0.76","80.82","1399.83","106900","100","20230213","1278","20230104","1019"
"6981","村田製作所","東証PR","電気機器","5465310","675814281","1.85","150","31.05","2.1","260.43","3846.31","808700","100","20230801","8736","20230104","6438"
"6982","リード","東証ST","輸送用機器","1614","2632960","1.63","10","15.77","0.59","38.87","1044.08","61300","100","20230510","975","20230104","567"
"6986","双葉電子工業","東証PR","電気機器","22826","42426739","-","-","-","0.3","-89.59","1771.15","53800","100","20230130","569","20230626","476"
"6988","日東電工","東証PR","化学","1476019","149758428","2.64","260","12.88","1.56","765.23","6337.06","985600","100","20230619","10955","20230105","7500"
"6989","北陸電気工業","東証PR","電気機器","13117","9250099","3.88","55","6.98","0.66","203.08","2134.46","141800","100","20230309","1488","20230531","1157"
"6993","大黒屋ホールディングス","東証ST","小売","6317","116982866","0","0","1800","13.64","0.03","3.96","5400","100","20230221","67","20230605","52"
"6994","指月電機製作所","東証ST","電気機器","15770","33061003","1.78","8.5","17.35","0.56","27.49","854.28","47700","100","20230724","550","20230106","446"
"6995","東海理化電機製作所","東証PR","輸送用機器","212687","94234171","2.84","64","15.86","0.7","142.35","3240.99","225700","100","20230814","2325","20230116","1378"
"6996","ニチコン","東証PR","電気機器","109668","78000000","2.28","32","11.73","0.91","119.85","1537.39","140600","100","20230705","1549","20230105","1197"
"6997","日本ケミコン","東証PR","電気機器","28867","20314833","0","0","-","0.76","-468.5","1857.53","142100","100","20230310","2354","20230601","1196"
"6998","日本タングステン","東証ST","電気機器","6344","2577760","4.06","100","10.82","0.52","227.43","4720.34","246100","100","20230127","2810","20230522","2350"
"6999","KOA","東証PR","電気機器","74280","40479724","2.72","50","12.15","0.9","151.04","2035.87","183500","100","20230127","1996","20230426","1542"
"7003","三井E＆S","東証PR","機械","45220","93236617","0.62","3","14.34","0.41","33.81","1182.56","48500","100","20230510","570","20230116","364"
"7004","日立造船","東証PR","機械","144342","170214843","2.12","18","11.91","1.06","71.21","799.46","84800","100","20230307","974","20230116","775"
"7011","三菱重工業","東証PR","機械","2686773","337364781","2.01","160","14.08","1.44","565.55","5511.66","796400","100","20230828","7965","20230316","4439"
"7012","川崎重工業","東証PR","輸送用機器","608884","167921800","2.21","80","12.92","1.04","280.63","3491.55","362600","100","20230808","3942","20230316","2671"
"7013","IHI","東証PR","機械","545711","154679954","2.83","100","10.7","1.21","329.64","2918.23","352800","100","20230703","4088","20230316","3065"
"7014","名村造船所","東証ST","輸送用機器","60954","69345051","-","-","11.07","1.09","79.39","806.69","87900","100","20230823","959","20230327","308"
"7018","内海造船","東証ST","輸送用機器","11986","2253000","0.75","40","30.06","0.99","176.99","5373.32","532000","100","20230816","7390","20230117","1150"
"7021","ニッチツ","東証ST","機械","3404","2130000","1.88","30","110.97","0.32","14.4","4952.36","159800","100","20230810","1721","20230116","1200"
"7022","サノヤスホールディングス","東証ST","機械","4725","33752682","3.57","5","15.61","0.63","8.97","223.06","14000","100","20230104","144","20230112","122"
"7030","スプリックス","東証PR","サービス","14177","17633250","4.73","38","20.61","1.53","39.01","525.21","80400","100","20230509","955","20230817","763"
"7031","インバウンドテック","東証GR","サービス","3323","2616600","0","0","15.82","1.54","80.3","824.01","127000","100","20230424","1770","20230106","1120"
"7033","マネジメントソリューションズ","東証PR","サービス","62895","16816800","0.05","2","48.06","19.84","77.82","188.47","374000","100","20230619","4700","20230316","2632"
"7034","プロレド・パートナーズ","東証PR","サービス","5620","11195600","0","0","-","0.9","-","556.62","50200","100","20230216","567","20230407","441"
"7035","and_factory","東証PR","サービス","3897","11261970","0","0","51.64","3.59","6.7","96.43","34600","100","20230713","442","20230817","318"
"7036","イーエムネットジャパン","東証GR","サービス","3243","3878800","3.83","32","57.1","2.16","14.64","386.95","83600","100","20230210","1947","20230821","804"
"7037","テノ.ホールディングス","東証PR","サービス","2875","4690500","1.47","9","23.28","1.26","26.33","487.3","61300","100","20230203","1268","20230104","500"
"7038","フロンティア・マネジメント","東証PR","サービス","14838","11501997","-","-","21.16","4.89","60.97","263.96","129000","100","20230210","1593","20230407","904"
"7039","ブリッジインターナショナル","東証GR","サービス","7013","3768600","0","0","11.14","1.81","167.13","1026.75","186100","100","20230201","2929","20230818","1730"
"7040","サン・ライフホールディング","東証ST","サービス","5933","6820000","3.79","33","10.65","1.05","81.66","825.39","87000","100","20230310","915","20230104","808"
"7041","CRGホールディングス","東証GR","サービス","3098","5484000","0","0","68.82","0.98","8.21","574.41","56500","100","20230808","652","20230110","456"
"7042","アクセスグループ・ホールディングス","東証ST","サービス","1262","1310800","1.56","15","11.57","1.94","83.25","496.77","96300","100","20230609","1530","20230104","654"
"7043","アルー","東証GR","サービス","2805","2554400","0.64","7","16.01","2.24","68.59","489.97","109800","100","20230308","1577","20230203","900"
"7044","ピアラ","東証PR","サービス","3078","7124160","-","-","43.33","2.1","9.97","205.45","43200","100","20230330","764","20230816","376"
"7046","TDSE","東証GR","サービス","5060","2200000","0.43","10","24.4","2.53","94.28","907.99","230000","100","20230613","3925","20230119","1480"
"7047","ポート","東証GR","サービス","34112","12657490","-","-","20.8","7.86","129.55","342.85","269500","100","20230824","2830","20230106","1031"
"7048","ベルトラ","東証GR","サービス","21524","35577100","0","0","-","18.6","-5.32","32.52","60500","100","20230714","780","20230105","565"
"7049","識学","東証GR","サービス","6533","9136600","0","0","179.65","2.78","3.98","257.29","71500","100","20230822","779","20230714","465"
"7050","フロンティアインターナショナル","東証GR","サービス","9617","4619000","-","-","8.42","1.16","247.2","1791.44","208200","100","20230313","2448","20230616","1953"
"7057","エヌ・シー・エヌ","東証ST","サービス","3082","3217500","2.3","22","17.23","1.48","55.6","645.66","95800","100","20230105","1349","20230515","866"
"7058","共栄セキュリティーサービス","東証ST","サービス","4373","1506500","3.1","90","8.73","0.93","332.62","3135.06","290300","100","20230814","3120","20230104","2602"
"7059","コプロ・ホールディングス","東証PR","サービス","24860","10000000","3.22","80","19.82","3.38","125.43","735.88","248600","100","20230824","2614","20230106","979"
"7060","ギークス","東証PR","サービス","7505","10322629","2.06","15","20.83","1.75","34.9","415.01","72700","100","20230322","1280","20230817","625"
"7061","日本ホスピスホールディングス","東証GR","サービス","20867","8038000","0","0","29.39","8.89","88.33","292","259600","100","20230414","3830","20230119","2213"
"7062","フレアス","東証GR","サービス","2124","2352600","1.17","10.57","41.65","1.23","21.68","734.53","90300","100","20230509","1125","20230116","745"
"7063","Birdman","東証GR","サービス","6107","5119300","0","0","29.08","11.97","41.02","99.69","119300","100","20230412","1965","20230529","1052"
"7064","ハウテレビジョン","東証GR","サービス","4554","1359400","0","0","15.82","6.27","211.7","534.64","335000","100","20230307","4930","20230609","2920"
"7065","ユーピーアール","東証ST","サービス","17725","7660000","0.56","13","23.63","2.13","97.92","1085.19","231400","100","20230804","2734","20230104","1021"
"7066","ピアズ","東証GR","サービス","6884","9876000","1.82","12.72","13.22","2.84","52.72","245.69","69700","100","20230620","1416","20230127","260"
"7067","ブランディングテクノロジー","東証GR","サービス","1558","1599415","1.64","16","14.16","1.32","68.78","735.89","97400","100","20230331","1498","20230818","930"
"7068","フィードフォースグループ","東証GR","サービス","26827","26223658","0","0","29.83","9.47","34.29","108.01","102300","100","20230703","1131","20230106","345"
"7069","サイバー・バズ","東証GR","サービス","6093","3987600","0","0","30.07","2.92","50.81","523.64","152800","100","20230201","1649","20230516","1150"
"7071","アンビスホールディングス","東証PR","サービス","285371","97998200","0.1","3","52.77","11.49","55.18","253.4","291200","100","20230213","3840","20230807","2640"
"7072","インティメート・マージャー","東証GR","サービス","4480","3289350","0","0","46.47","3","29.31","454.08","136200","100","20230324","2560","20230105","1190"
"7073","ジェイック","東証GR","サービス","2246","931000","2.36","57","12.7","2.5","189.85","966.68","241200","100","20230614","3125","20230725","2349"
"7074","トゥエンティーフォーセブン","東証GR","サービス","1961","4560400","0","0","-","22.8","-","18.86","43000","100","20230524","600","20230427","283"
"7077","ALiNKインターネット","東証GR","サービス","2851","2136900","0","0","24.43","1.55","54.6","860.25","133400","100","20230602","1514","20230428","893"
"7078","INCLUSIVE","東証GR","サービス","9927","9987189","0","0","-","4.14","-24.75","240.03","99400","100","20230411","1136","20230316","897"
"7079","WDBココ","東証GR","サービス","13331","2402000","1.35","75","17.18","4.65","323.08","1193.23","555000","100","20230807","6580","20230510","4555"
"7080","スポーツフィールド","東証GR","サービス","5483","3633760","0","0","12.43","4.61","121.44","327.35","150900","100","20230719","1894","20230105","876"
"7081","コーユーレンティア","東証ST","サービス","10045","5412300","2.69","50","6.83","1.14","271.61","1633.94","185600","100","20230802","1879","20230112","1460"
"7082","ジモティー","東証GR","サービス","10745","5996365","0","0","22.02","9.01","81.37","198.94","179200","100","20230619","2126","20230106","1539"
"7083","AHCグループ","東証GR","サービス","1310","2102844","0","0","108.92","1.28","5.72","487.69","62300","100","20230117","758","20230821","606"
"7084","Kids_Smile_Holdings","東証GR","サービス","3155","3242950","0","0","39.44","0.52","24.67","1882.55","97300","100","20230110","1301","20230104","886"
"7085","カーブスホールディングス","東証PR","サービス","67014","93857493","1.4","10","27.14","5.03","26.31","141.98","71400","100","20230112","872","20230601","678"
"7086","きずなホールディングス","東証GR","サービス","11267","6899426","0","0","12.52","2.14","130.45","761.88","163300","100","20230718","1969","20230116","947"
"7087","ウイルテック","東証ST","サービス","5737","6461000","4.5","40","8.83","0.8","100.61","1109.84","88800","100","20230209","1104","20230105","838"
"7088","フォーラムエンジニアリング","東証PR","サービス","33414","26709600","4.8","60","18.04","2.91","69.34","430.4","125100","100","20230731","1303","20230406","820"
"7089","フォースタートアップス","東証GR","サービス","5760","3555800","0","0","23.94","3.13","67.66","517.89","162000","100","20230113","2355","20230511","1417"
"7090","リグア","東証GR","サービス","2227","1494400","0","0","23.21","7.82","64.19","190.44","149000","100","20230704","2152","20230105","1086"
"7091","リビングプラットフォーム","東証GR","サービス","6033","4492200","0","0","32.83","3.98","40.91","337.6","134300","100","20230214","1850","20230519","921"
"7092","Fast_Fitness_Japan","東証PR","サービス","27565","18739180","1.7","25","19.66","2.36","74.84","623.62","147100","100","20230511","1830","20230116","1101"
"7093","アディッシュ","東証GR","サービス","2139","1802160","0","0","64.06","3.62","18.53","327.62","118700","100","20230201","1910","20230816","1008"
"7094","NexTone","東証GR","サービス","17914","9816000","0","0","25.33","4.76","72.06","383.04","182500","100","20230208","4950","20230818","1709"
"7095","Macbee_Planet","東証GR","サービス","60934","3578068","-","-","33.35","7.41","510.57","2296.88","1703000","100","20230711","23450","20230106","9910"
"7096","ステムセル研究所","東証GR","サービス","27000","10246600","0","0","89.99","11.29","29.28","233.44","263500","100","20230630","3285","20230512","2052"
"7097","さくらさくプラス","東証GR","サービス","3033","4513900","1.79","12","10.74","0.63","62.57","1065.6","67200","100","20230206","985","20230316","642"
"7102","日本車輌製造","東証PR","輸送用機器","29908","14675012","0.98","20","9.19","0.54","221.74","3757.26","203800","100","20230425","2122","20230106","1910"
"7105","三菱ロジスネクスト","東証ST","輸送用機器","142674","106712013","1.2","16","10.97","1.6","121.89","838.12","133700","100","20230814","1439","20230116","635"
"7110","クラシコム","東証GR","小売","11793","7370400","2.5","40","18.45","2.85","86.72","560.76","160000","100","20230626","1801","20230316","1109"
"7111","INEST","東証ST","卸売","3547","68217085","-","-","-","1.32","-2.2","39.46","5200","100","20230203","65","20230822","51"
"7112","キューブ","東証GR","小売","4865","6074000","0","0","16.27","1.28","49.23","625.95","80100","100","20230116","1415","20230817","706"
"7114","フーディソン","東証GR","卸売","7925","4432540","0","0","45.82","3.99","39.02","448.07","178800","100","20230210","3440","20230516","1550"
"7115","アルファパーチェス","東証ST","卸売","11463","9497500","1.66","20","15.01","2.34","80.43","515.31","120700","100","20230816","1429","20230106","646"
"7116","ダイワ通信","東証ST","卸売","4331","2707000","0","0","14.83","1.76","107.87","906.55","160000","100","20230308","2515","20230201","1170"
"7119","ハルメクホールディングス","東証GR","小売","17463","10860230","0","0","12.24","2.35","131.34","683.66","160800","100","20230327","3020","20230602","1544"
"7120","SHINKO","東証ST","卸売","4345","1834000","3.38","80","8.71","2.81","271.95","844.06","236900","100","20230329","3200","20230601","1907"
"7122","近畿車輛","東証ST","輸送用機器","12767","6908359","2.71","50","8.48","0.45","217.99","4132.4","184800","100","20230828","1876","20230104","1038"
"7126","グローバルスタイル","東証ST","小売","6025","3502744","1.51","26","12.78","2.74","134.63","627.3","172000","100","20230707","2200","20230104","1066"
"7127","一家ホールディングス","東証ST","小売","5006","7100500","0","0","27.74","5.25","25.41","134.25","70500","100","20230814","750","20230330","572"
"7128","フルサト・マルカホールディングス","東証PR","卸売","70735","25563814","2.35","65","14.92","0.98","185.5","2819.43","276700","100","20230202","3595","20230627","2251"
"7129","ミアヘルサホールディングス","東証ST","小売","2688","2488700","2.78","30","20.67","0.83","52.24","1307.95","108000","100","20230523","1140","20230330","989"
"7130","ヤマエグループホールディングス","東証PR","卸売","106117","23686752","1.12","50","12.06","1.6","371.52","2802.05","448000","100","20230825","4590","20230125","1367"
"7131","のむら産業","東証ST","卸売","2139","1391575","2.41","37","10.21","1.35","150.49","1141.92","153700","100","20230810","1594","20230210","1000"
"7133","HYUGA_PRIMARY_CARE","東証GR","小売","12374","7156600","0","0","24.94","8.13","69.34","212.67","172900","100","20230126","2895","20230816","1330"
"7134","アップガレージグループ","東証ST","小売","6156","7892700","2.82","22","10.54","1.77","73.99","439.46","78000","100","20230725","850","20230104","518"
"7135","ジャパンクラフトホールディングス","東証PR","小売","6802","30501680","-","-","-","1.35","-60.69","164.92","22300","100","20230104","318","20230822","220"
"7138","TORICO","東証GR","小売","1399","1258100","0","0","39.69","1.21","28.02","915.88","111200","100","20230315","2299","20230106","975"
"7140","ペットゴー","東証GR","小売","2827","1847800","0","0","15.49","2.8","98.79","546.08","153000","100","20230329","1768","20230106","1020"
"7148","FPG","東証PR","証券・先物","131027","89073600","4.46","65.6","11.22","2.97","131.14","495.55","147100","100","20230828","1475","20230131","1017"
"7150","島根銀行","東証ST","銀行","4250","8416000","1.98","10","13.05","0.24","38.69","2070.77","50500","100","20230309","567","20230104","459"
"7157","ライフネット生命保険","東証GR","保険","73129","69779827","0","0","12.6","0.94","83.17","1118.29","104800","100","20230215","1447","20230530","867"
"7161","じもとホールディングス","東証ST","銀行","8745","21540263","2.46","10","5.12","0.11","79.3","3659.82","40600","100","20230113","475","20230531","358"
"7162","アストマックス","東証ST","証券・先物","2922","13160300","-","-","-","0.56","-","398.33","22200","100","20230123","260","20230816","216"
"7163","住信SBIネット銀行","東証ST","銀行","227699","150793800","1.03","15.5","9.73","1.65","155.18","914.67","151000","100","20230515","1860","20230329","1172"
"7164","全国保証","東証PR","その他金融","344221","68871790","3.4","170","11.66","1.7","428.53","2940.21","499800","100","20230307","5620","20230117","4725"
"7167","めぶきフィナンシャルグループ","東証PR","銀行","439978","1089055218","2.72","11","10.75","0.46","37.58","885.01","40400","100","20230828","405.6","20230327","310"
"7172","ジャパンインベストメントアドバイザー","東証PR","証券・先物","49907","30731200","1.97","32","20.43","1.02","79.49","1593.9","162400","100","20230828","1624","20230320","1007"
"7173","東京きらぼしフィナンシャルグループ","東証PR","銀行","115091","30650115","3.46","130","5.14","0.34","730.6","11135.73","375500","100","20230731","3880","20230316","2400"
"7175","今村証券","東証ST","証券・先物","5171","5320000","-","-","-","0.46","-","2129.95","97200","100","20230731","1047","20230106","730"
"7177","GMOフィナンシャルホールディングス","東証ST","証券・先物","88639","122091903","-","-","-","1.94","-","374.08","72600","100","20230725","742","20230104","510"
"7180","九州フィナンシャルグループ","東証PR","銀行","319683","463375978","2.61","18","11.48","0.44","60.1","1560.95","68990","100","20230731","699","20230110","432"
"7181","かんぽ生命保険","東証PR","保険","889581","383192300","4.05","94","12.34","0.32","188.13","7320.08","232150","100","20230309","2526","20230324","2030"
"7182","ゆうちょ銀行","東証PR","銀行","4234404","3617602420","4.27","50","12.66","0.44","92.44","2666.52","117050","100","20230302","1246","20230601","1031"
"7183","あんしん保証","東証ST","その他金融","5033","17976600","1.07","3","8.99","2.44","31.13","114.67","28000","100","20230512","339","20230818","250"
"7184","富山第一銀行","東証PR","銀行","53634","64309700","2.88","24","10.66","0.4","78.22","2062.58","83400","100","20230808","860","20230316","555"
"7185","ヒロセ通商","東証ST","証券・先物","20868","6830900","-","-","-","1.19","-","2577.64","305500","100","20230802","3170","20230106","2432"
"7186","コンコルディア・フィナンシャルグループ","東証PR","銀行","750377","1177616065","3.45","22","11.88","0.62","53.65","1022.68","63720","100","20230731","655","20230327","465"
"7187","ジェイリース","東証PR","その他金融","18896","8938400","3.31","70","10.85","5.37","194.75","393.55","211400","100","20230104","2861","20230601","1906"
"7189","西日本フィナンシャルホールディングス","東証PR","銀行","219181","148596955","3.39","50","8.7","0.38","169.62","3855.16","147500","100","20230731","1528","20230106","943"
"7191","イントラスト","東証PR","その他金融","20325","22360122","1.98","18","15.88","3.79","57.25","239.89","90900","100","20230515","1079","20230104","799"
"7192","日本モーゲージサービス","東証ST","その他金融","8293","14704000","3.55","20","10.91","1.11","51.69","507.75","56400","100","20230209","901","20230531","510"
"7196","Casa","東証PR","その他金融","9650","11300100","3.51","30","15.71","1.33","54.37","641.26","85400","100","20230804","1084","20230314","793"
"7198","アルヒ","東証PR","その他金融","33411","36080600","4.32","40","16.07","1.02","57.64","906.04","92600","100","20230221","1137","20230818","900"
"7199","プレミアグループ","東証PR","その他金融","67388","40327770","1.56","26","15.47","4.6","108","363","167100","100","20230731","1908","20230823","1475"
"7201","日産自動車","東証PR","輸送用機器","2561552","4220715112","2.47","15","6.99","0.43","86.81","1402.98","60690","100","20230725","665","20230104","408"
"7202","いすゞ自動車","東証PR","輸送用機器","1419220","777442069","4.38","80","9.13","1.04","199.95","1757.3","182550","100","20230801","1865","20230116","1461"
"7203","トヨタ自動車","東証PR","輸送用機器","39751467","16314987460","-","-","12.8","1.09","190.33","2238.68","243650","100","20230802","2549","20230320","1764"
"7205","日野自動車","東証PR","輸送用機器","322282","574580850","-","-","32.2","0.87","17.42","644","56090","100","20230614","645","20230116","478"
"7208","カネミツ","東証ST","輸送用機器","3996","5129577","3.72","29","18.1","0.4","43.03","1954.74","77900","100","20230512","873","20230112","723"
"7211","三菱自動車工業","東証PR","輸送用機器","837092","1490282496","1.78","10","7.6","0.96","73.91","582.97","56170","100","20230801","600","20230601","443"
"7212","エフテック","東証PR","輸送用機器","14165","18712244","2.64","20","9.38","0.27","80.69","2795.26","75700","100","20230613","1020","20230105","498"
"7213","レシップホールディングス","東証PR","輸送用機器","7642","14178200","1.39","7.5","16.2","1.63","33.27","331.5","53900","100","20230512","555","20230112","450"
"7214","GMB","東証ST","輸送用機器","9554","5298835","1.66","30","13.63","0.43","132.33","4234.03","180300","100","20230612","3350","20230105","683"
"7215","ファルテック","東証ST","輸送用機器","5543","9378600","0","0","18.47","0.36","31.99","1659.62","59100","100","20230515","749","20230316","580"
"7217","テイン","東証ST","輸送用機器","5238","5400000","3.92","38","9","0.85","107.83","1146.94","97000","100","20230824","1004","20230104","822"
"7218","田中精密工業","東証ST","輸送用機器","7323","9763600","1.33","10","6.65","0.37","112.7","2035.46","75000","100","20230731","868","20230123","608"
"7219","エッチ・ケー・エス","東証ST","輸送用機器","4288","1600000","2.99","80","9.72","0.39","275.63","6880.25","268000","100","20230828","2740","20230320","1801"
"7220","武蔵精密工業","東証PR","輸送用機器","112825","65367901","2.03","35","16.1","0.99","107.19","1751.37","172600","100","20230404","1904","20230104","1508"
"7222","日産車体","東証PR","輸送用機器","141673","157239691","1.44","13","21.79","0.71","41.34","1270.91","90100","100","20230726","1005","20230110","804"
"7224","新明和工業","東証PR","輸送用機器","95620","70000000","3.29","45","12.33","0.91","110.75","1497.06","136600","100","20230801","1470","20230105","1008"
"7226","極東開発工業","東証PR","輸送用機器","72993","40150000","3.19","58","31.61","0.62","57.52","2935.02","181800","100","20230724","1862","20230210","1412"
"7228","デイトナ","東証ST","輸送用機器","10832","3604600","4.03","121","6.17","1.02","486.68","2945.11","300500","100","20230104","3575","20230810","2885"
"7229","ユタカ技研","東証ST","輸送用機器","29047","14820000","3.67","72","14.52","0.32","134.97","6206.62","196000","100","20230801","2045","20230113","1660"
"7231","トピー工業","東証PR","輸送用機器","52730","24077510","4.02","88","7.69","0.4","284.77","5422.3","219000","100","20230802","2528","20230106","1520"
"7235","東京ラヂエーター製造","東証ST","輸送用機器","7992","14400000","3.24","18","9.47","0.29","58.59","1890.84","55500","100","20230119","771","20230316","497"
"7236","ティラド","東証PR","輸送用機器","13734","6712411","0.98","20","26.69","0.31","76.65","6671.52","204600","100","20230131","2766","20230608","1720"
"7238","曙ブレーキ工業","東証PR","輸送用機器","17951","135992343","0","0","-","0.38","0","343.67","13200","100","20230126","155","20230531","128"
"7239","タチエス","東証PR","輸送用機器","59596","35242846","5.49","92.8","-","0.71","-","2392.59","169100","100","20230828","1692","20230104","1095"
"7240","NOK","東証PR","輸送用機器","350606","173138537","3.7","75","18.26","0.63","110.92","3204.97","202500","100","20230802","2183","20230116","1139"
"7241","フタバ産業","東証PR","輸送用機器","56526","89580827","2.85","18","8.06","0.56","78.28","1135.32","63100","100","20230728","652","20230105","342"
"7242","KYB","東証PR","輸送用機器","121146","25748431","4.25","200","6.01","0.67","782.79","6995.96","470500","100","20230706","5270","20230104","3290"
"7244","市光工業","東証PR","電気機器","50286","96334226","2.11","11","9.47","0.87","55.13","599.51","52200","100","20230619","618","20230116","350"
"7245","大同メタル工業","東証PR","輸送用機器","24853","47520253","1.53","8","41.08","0.4","12.73","1321.7","52300","100","20230707","584","20230531","461"
"7246","プレス工業","東証PR","輸送用機器","71672","108594270","3.94","26","8.67","0.66","76.16","1001.59","66000","100","20230828","664","20230116","410"
"7247","ミクニ","東証PR","輸送用機器","15356","34049423","4.43","20","9.46","0.46","47.65","982.63","45100","100","20230706","540","20230316","309"
"7250","太平洋工業","東証PR","輸送用機器","85348","61312896","3.02","42","8.62","0.55","161.51","2523.41","139200","100","20230814","1443","20230116","980"
"7254","ユニバンス","東証ST","輸送用機器","9101","23396787","1.8","7","9","0.37","43.21","1046.71","38900","100","20230308","486","20230213","345"
"7255","桜井製作所","東証ST","輸送用機器","2040","4000000","1.18","6","14.8","0.4","34.45","1264.49","51000","100","20230822","519","20230105","474"
"7256","河西工業","東証PR","輸送用機器","13157","39511728","0","0","-","1.06","-","314.14","33300","100","20230823","358","20230116","125"
"7259","アイシン","東証PR","輸送用機器","1383792","294674634","3.62","170","10.13","0.67","463.77","6961.75","469600","100","20230802","4770","20230320","3400"
"7261","マツダ","東証PR","輸送用機器","960026","631803979","2.96","45","7.36","0.64","206.35","2375.95","151950","100","20230828","1519.5","20230116","932"
"7264","ムロコーポレーション","東証ST","輸送用機器","8235","6546200","3.5","44","10.34","0.37","121.65","3356.64","125800","100","20230810","1330","20230110","1037"
"7265","エイケン工業","東証ST","輸送用機器","3515","1240000","3.88","110","29.22","0.51","97.03","5535.59","283500","100","20230706","3010","20230104","2481"
"7266","今仙電機製作所","東証PR","輸送用機器","15259","23475352","-","-","-","0.3","-88.5","2181.31","65000","100","20230307","864","20230718","585"
"7267","本田技研工業","東証PR","輸送用機器","8410462","1811428430","3.23","150","9.62","0.64","482.67","7273.59","464300","100","20230810","4707","20230116","2990"
"7268","タツミ","東証ST","輸送用機器","1506","6000000","-","-","37.63","0.58","6.67","435.18","25100","100","20230410","297","20230303","236"
"7269","スズキ","東証PR","輸送用機器","2697377","491146600","1.82","100","12.7","1.17","432.3","4675.82","549200","100","20230731","5748","20230116","4094"
"7270","SUBARU","東証PR","輸送用機器","2122541","769175873","2.75","76","10.04","0.95","274.94","2910.62","275950","100","20230802","2806","20230116","1938"
"7271","安永","東証PR","輸送用機器","10299","12938639","1.51","12","19.05","0.89","41.79","894.4","79600","100","20230307","1329","20230117","637"
"7272","ヤマハ発動機","東証PR","輸送用機器","1352890","350217467","3.75","145","7.24","1.14","533.29","3399.85","386300","100","20230802","4279","20230104","2913"
"7273","イクヨ","東証ST","輸送用機器","2154","1538500","1.43","20","9.56","0.4","146.4","3518.82","140000","100","20230221","1895","20230814","1311"
"7276","小糸製作所","東証PR","電気機器","778221","321578872","-","-","15.81","1.18","153.09","2054.07","242000","100","20230615","2866","20230104","1952"
"7277","TBK","東証PR","輸送用機器","11740","29424635","2.51","10","16.21","0.41","24.62","969.02","39900","100","20230801","439","20230105","228"
"7278","エクセディ","東証PR","輸送用機器","125906","48593736","4.63","120","17.38","0.53","149.08","4923.4","259100","100","20230828","2592","20230105","1585"
"7279","ハイレックスコーポレーション","東証ST","輸送用機器","45707","38216759","2.84","34","34.52","0.27","34.65","4419.91","119600","100","20230306","1356","20230106","1041"
"7280","ミツバ","東証PR","電気機器","34323","45581809","0.4","3","4.21","0.44","178.75","1730.79","75300","100","20230801","876","20230316","447"
"7282","豊田合成","東証PR","輸送用機器","395984","130086647","1.97","60","15.77","0.83","193.07","3669.55","304400","100","20230808","3139","20230116","1969"
"7283","愛三工業","東証PR","輸送用機器","80487","63176379","3.14","40","9.22","0.69","138.25","1846.18","127400","100","20230828","1285","20230116","669"
"7284","盟和産業","東証ST","輸送用機器","3604","3502859","4.86","50","22.51","0.33","45.72","3117.34","102900","100","20230706","1038","20230113","915"
"7287","日本精機","東証ST","輸送用機器","62126","60907599","3.92","40","34.19","0.29","29.83","3567.25","102000","100","20230814","1029","20230105","777"
"7291","日本プラスト","東証ST","輸送用機器","8987","19410000","2.7","12.5","22.14","0.32","20.91","1435.47","46300","100","20230814","484","20230215","388"
"7292","村上開明堂","東証ST","輸送用機器","37794","13100000","3.47","100","7.79","0.45","370.15","6420.24","288500","100","20230322","3150","20230106","2335"
"7294","ヨロズ","東証PR","輸送用機器","22400","25055636","2.91","26","14.39","0.33","62.13","2739.05","89400","100","20230703","962","20230104","676"
"7296","エフ・シー・シー","東証PR","輸送用機器","99234","52644030","3.18","60","9.76","0.55","193.05","3441.2","188500","100","20230814","1953","20230113","1316"
"7297","カーメイト","東証ST","輸送用機器","6898","7928885","3.45","30","12.32","0.42","70.6","2049.18","87000","100","20230309","1318","20230106","840"
"7298","八千代工業","東証ST","輸送用機器","33227","24042700","0","0","10.03","0.44","137.77","3111.84","138200","100","20230705","1447","20230207","924"
"7299","フジオーゼックス","東証ST","輸送用機器","7946","2055950","3.88","150","5.79","0.28","667.04","13598.75","386500","100","20230728","4220","20230105","2995"
"7305","新家工業","東証ST","鉄鋼","16993","6045326","4.27","120","12.03","0.48","233.6","5850.71","281100","100","20230810","2882","20230105","1915"
"7309","シマノ","東証PR","輸送用機器","1930869","90460000","1.34","285","27.99","2.36","762.62","9034.19","2134500","100","20230711","24840","20230426","19960"
"7313","テイ・エステック","東証PR","輸送用機器","235280","136000000","4.22","73","22.06","0.72","78.43","2417.22","173000","100","20230615","1943","20230105","1473"
"7314","小田原機器","東証ST","輸送用機器","2703","3146700","2.79","24","26.69","0.77","32.19","1109.37","85900","100","20230828","860","20230104","481"
"7315","IJTT","東証ST","輸送用機器","28264","49154282","4.35","25","11.73","0.33","49.03","1741.7","57500","100","20230705","635","20230105","497"
"7317","松屋アールアンドディ","東証GR","輸送用機器","11738","21149600","0.23","1.25","22.13","2.88","25.08","192.44","55500","100","20230821","570","20230104","265"
"7318","セレンディップ・ホールディングス","東証GR","輸送用機器","6359","4561441","0","0","26.19","1.23","53.22","1133.52","139400","100","20230330","1466","20230106","683"
"7320","日本リビング保証","東証GR","その他金融","13031","5118300","0.39","10","16.4","6.56","155.29","387.95","254600","100","20230817","2760","20230105","1886"
"7322","三十三フィナンシャルグループ","東証PR","銀行","44851","26167585","4.2","72","8.41","0.22","203.82","7807.18","171400","100","20230309","1811","20230601","1500"
"7325","アイリックコーポレーション","東証GR","保険","6505","8708000","2.01","15","41.85","1.76","17.85","423.83","74700","100","20230221","810","20230104","690"
"7326","SBIインシュアランスグループ","東証GR","保険","27178","24820530","1.37","15","19.84","0.67","55.2","1646.19","109500","100","20230808","1247","20230323","865"
"7327","第四北越フィナンシャルグループ","東証PR","銀行","165165","45942978","3.89","140","8.04","0.37","447.33","9797.46","359500","100","20230828","3595","20230111","2759"
"7330","レオス・キャピタルワークス","東証GR","証券・先物","14800","12374300","-","-","-","2.41","-","495.38","119600","100","20230425","1745","20230817","1124"
"7337","ひろぎんホールディングス","東証PR","銀行","273543","312370921","4.11","36","9.88","0.53","88.59","1659.23","87570","100","20230731","888","20230331","619"
"7338","インヴァスト","東証ST","証券・先物","4601","5876331","4.85","38","-","0.4","-","1980.5","78300","100","20230801","790","20230531","727"
"7342","ウェルスナビ","東証GR","証券・先物","58549","49077396","0","0","-","5.03","-","237.31","119300","100","20230814","1570","20230316","1096"
"7343","ブロードマインド","東証GR","保険","6096","5491516","2.16","24","12.92","1.69","85.93","657.16","111000","100","20230125","1249","20230110","927"
"7345","アイ・パートナーズフィナンシャル","東証GR","その他金融","1505","3452500","-","-","-","2.34","-24.23","186.28","43600","100","20230308","554","20230515","390"
"7347","マーキュリアホールディングス","東証PR","証券・先物","16563","21482700","2.72","21","8.95","0.91","86.13","845.83","77100","100","20230213","849","20230106","555"
"7350","おきなわフィナンシャルグループ","東証PR","銀行","49946","23016564","3.69","80","7.9","0.3","274.71","7161.26","217000","100","20230113","2493","20230512","2007"
"7351","グッドパッチ","東証GR","サービス","7774","9146380","0","0","38.17","1.99","22.27","427.18","85000","100","20230719","1165","20230106","546"
"7352","TWOSTONE＆Sons","東証GR","サービス","30787","20986080","0.07","1","183.15","33.5","8.01","43.79","146700","100","20230719","1611","20230320","785"
"7353","KIYOラーニング","東証GR","サービス","7530","6802000","0","0","93.97","8.98","11.78","123.21","110700","100","20230517","1321","20230106","556"
"7354","ダイレクトマーケティングミックス","東証PR","サービス","25190","47172800","3.37","18","6.57","1.76","81.24","302.96","53400","100","20230216","1800","20230825","493"
"7356","Retty","東証GR","サービス","2758","14910374","0","0","-","6.15","-44.04","30.07","18500","100","20230425","296","20230818","177"
"7357","ジオコード","東証ST","サービス","2243","2731700","-","-","-","1.89","-","433.55","82100","100","20230522","1293","20230113","515"
"7358","ポピンズ","東証PR","サービス","12793","10177300","3.18","40","18.75","1.62","67.03","776.41","125700","100","20230202","2150","20230828","1256"
"7359","東京通信グループ","東証GR","サービス","11882","10069890","0","0","-","11.17","-11.05","105.66","118000","100","20230309","2170","20230106","552"
"7360","オンデック","東証GR","サービス","2720","2863500","0","0","17.78","2.37","53.43","400.93","95000","100","20230113","1530","20230510","920"
"7361","ヒューマンクリエイションホールディングス","東証GR","サービス","5377","1926550","1.83","51","13.53","4.62","206.35","604.27","279100","100","20230626","2966","20230117","1832"
"7362","T.S.I","東証GR","サービス","1875","1533100","0","0","14.84","1.64","82.39","745.58","122300","100","20230213","2228","20230818","1115"
"7363","ベビーカレンダー","東証GR","サービス","1878","941700","0","0","35.25","2.26","56.56","881.7","199400","100","20230613","2884","20230104","1980"
"7366","LITALICO","東証PR","サービス","76744","35678512","-","-","22.23","9.37","96.75","229.45","215100","100","20230202","2856","20230817","1944"
"7367","セルム","東証ST","サービス","11774","13722800","1.98","17","16.17","3.79","53.06","226.09","85800","100","20230621","1370","20230106","560"
"7368","表示灯","東証ST","サービス","6632","4720245","4.27","60","16.06","0.92","87.5","1530.23","140500","100","20230725","1446","20230206","1222"
"7369","メイホーホールディングス","東証GR","サービス","4114","1564100","0","0","13.71","1.94","191.82","1358.78","263000","100","20230725","4520","20230214","1103"
"7370","Enjin","東証GR","サービス","8958","7253800","2.98","36.8","13.14","2.15","94.02","573.24","123500","100","20230113","1925","20230602","1054"
"7371","全研本社","東証GR","サービス","6839","12233700","3.04","17","13.67","0.55","40.89","1010.43","55900","100","20230124","763","20230821","540"
"7372","デコルテ・ホールディングス","東証GR","サービス","4309","5670000","0","0","7.27","0.82","104.55","926.82","76000","100","20230306","1348","20230803","652"
"7373","アイドマ・ホールディングス","東証GR","サービス","31443","15226840","0","0","24.16","6.02","85.47","342.97","206500","100","20230201","5100","20230818","1911"
"7374","コンフィデンス・インターワークス","東証GR","サービス","10776","6606977","3.37","55","10.4","3.68","156.76","443.39","163100","100","20230209","2100","20230817","1550"
"7375","リファインバースグループ","東証GR","サービス","5408","3338221","0","0","16.16","8.13","100.26","199.21","162000","100","20230126","2381","20230821","1401"
"7376","BCC","東証GR","サービス","2564","1113920","0","0","63.71","4.03","36.13","570.75","230200","100","20230621","2649","20230113","1450"
"7377","DNホールディングス","東証ST","サービス","11594","8420000","4.72","65","6.52","0.94","211.27","1471.35","137700","100","20230512","1548","20230106","1253"
"7378","アシロ","東証GR","サービス","6329","7350568","1.58","13.61","193.92","2.72","4.44","316.52","86100","100","20230704","980","20230112","628"
"7379","サーキュレーション","東証GR","サービス","7731","8349000","0","0","22.09","2.93","41.91","315.82","92600","100","20230118","1525","20230508","621"
"7380","十六フィナンシャルグループ","東証PR","銀行","136148","37924134","3.62","130","7.68","0.31","467.39","11426.21","359000","100","20230828","3600","20230327","2726"
"7381","北國フィナンシャルホールディングス","東証PR","銀行","123522","25208582","2.24","110","11.06","0.49","443.22","9909.22","490000","100","20230825","5020","20230323","3750"
"7383","ネットプロテクションズホールディングス","東証PR","その他金融","33998","96861285","0","0","-","1.87","-8.98","187.9","35100","100","20230216","630","20230728","311"
"7384","プロクレアホールディングス","東証PR","銀行","56802","28658957","2.52","50","26.79","0.3","73.98","6522.31","198200","100","20230201","2387","20230817","1897"
"7386","ジャパンワランティサポート","東証GR","その他金融","11011","2291600","0.62","30","20.6","5.42","233.21","885.97","480500","100","20230824","4995","20230105","2490"
"7388","FPパートナー","東証GR","保険","83490","23000000","2.48","90","22.09","8.06","164.31","450.35","363000","100","20230619","4955","20230106","1875"
"7389","あいちフィナンシャルグループ","東証PR","銀行","119324","49124671","4.12","100","21.22","0.35","114.45","6999.44","242900","100","20230302","2686","20230413","2042"
"7399","ナンシン","東証ST","輸送用機器","3877","7708000","3.98","20","13.51","0.3","37.22","1692.81","50300","100","20230509","588","20230120","461"
"7408","ジャムコ","東証PR","輸送用機器","39302","26863974","1.03","15","17.21","2.9","85","504.79","146300","100","20230220","1855","20230105","1273"
"7409","AeroEdge","東証GR","輸送用機器","17467","3822130","0","0","27.65","9.42","165.26","485.2","457000","100","20230710","7400","20230816","3790"
"7412","アトム","東証ST","小売","178075","193559297","-","-","467.01","23.47","1.97","39.2","92000","100","20230814","933","20230104","777"
"7413","創健社","東証ST","卸売","1429","705500","0.49","10","141.71","1.31","14.29","1550.19","202500","100","20230322","2300","20230713","1891"
"7414","小野建","東証PR","卸売","42099","25254114","4.86","81","6.21","0.46","268.33","3607.59","166700","100","20230731","1714","20230105","1439"
"7416","はるやまホールディングス","東証ST","小売","8407","16485078","3.04","15.5","33.38","0.36","15.28","1420.93","51000","100","20230515","536","20230118","430"
"7417","南陽","東証ST","卸売","13997","6615070","4.02","85","7.5","0.59","282.19","3599.6","211600","100","20230308","2378","20230105","1901"
"7419","ノジマ","東証PR","小売","129968","102579232","2.37","30","4.61","0.78","275.09","1621.26","126700","100","20230516","1557","20230807","1232"
"7420","佐鳥電機","東証PR","卸売","27943","17946826","4.5","70","12.81","0.76","121.55","2052.73","155700","100","20230307","1868","20230106","1219"
"7421","カッパ・クリエイト","東証PR","小売","79162","49414578","-","-","69.32","9.05","23.11","176.98","160200","100","20230814","1646","20230104","1363"
"7422","東邦レマック","東証ST","卸売","1496","512070","3.63","106","34.58","0.32","84.47","9032.8","292100","100","20230614","3300","20230329","2563"
"7425","初穂商事","東証ST","卸売","5157","1740330","3.37","100","5.45","0.6","543.27","4951.82","296300","100","20230731","3340","20230202","2050"
"7426","山大","東証ST","卸売","1143","1187368","3.12","30","267.5","0.29","3.6","3374.03","96300","100","20230609","1241","20230420","898"
"7427","エコートレーディング","東証ST","卸売","7932","6036546","1.83","24","12.65","0.81","103.88","1631.74","131400","100","20230828","1360","20230104","648"
"7433","伯東","東証PR","卸売","116380","23137213","5.57","280","17.42","1.5","288.74","3354.39","503000","100","20230704","5960","20230105","3845"
"7434","オータケ","東証ST","卸売","7498","4284500","1.89","33","9.72","0.5","180.01","3494.52","175000","100","20230627","1850","20230317","1514"
"7435","ナ・デックス","東証ST","卸売","10672","9605800","3.15","35","9.59","0.55","115.82","2013.22","111100","100","20230703","1195","20230206","830"
"7438","コンドーテック","東証PR","卸売","30770","26344400","3.42","40","10.26","0.94","113.82","1238.92","116800","100","20230711","1233","20230330","954"
"7442","中山福","東証ST","卸売","6974","20214480","2.9","10","16.25","0.31","21.23","1127.98","34500","100","20230329","355","20230119","319"
"7443","横浜魚類","東証ST","卸売","3346","6290000","0.56","3","66.58","1.51","7.99","351.59","53200","100","20230329","564","20230331","520"
"7444","ハリマ共和物産","東証ST","卸売","9038","5441568","2.47","41","6.07","0.4","273.53","4166","166100","100","20230512","1728","20230523","1527"
"7445","ライトオン","東証PR","小売","16416","29631500","0","0","-","1.12","-18.59","496.73","55400","100","20230711","632","20230118","550"
"7446","東北化学薬品","東証ST","卸売","3504","960000","2.47","90","7.83","0.46","466.14","7936.38","365000","100","20230501","3755","20230106","3220"
"7447","ナガイレーベン","東証PR","卸売","81371","35736000","2.64","60","23.22","1.72","98.06","1326.01","227700","100","20230731","2377","20230113","1830"
"7450","サンデー","東証ST","小売","14593","10770100","1.11","15","29.15","1.23","46.48","1099.26","135500","100","20230731","1370","20230117","1196"
"7451","三菱食品","東証ST","卸売","172407","43537200","3.28","130","9.83","0.92","402.88","4300.16","396000","100","20230815","4055","20230117","2962"
"7453","良品計画","東証PR","小売","523935","280780000","2.14","40","26.49","1.98","70.45","944.34","186600","100","20230814","2000","20230302","1310"
"7455","パリミキホールディングス","東証PR","小売","20461","56057474","1.64","6","30.39","0.66","12.01","553.06","36500","100","20230828","366","20230116","252"
"7456","松田産業","東証PR","卸売","59145","26908581","2.73","60","8.82","0.66","249.18","3320.41","219800","100","20230308","2449","20230601","2050"
"7458","第一興商","東証PR","卸売","305472","109468400","2.04","57","23.85","2.89","117","964.5","279050","100","20230731","2882","20230116","1850"
"7459","メディパルホールディングス","東証PR","卸売","554865","225463242","2.44","60","14.95","0.9","164.61","2725.69","246100","100","20230816","2512","20230113","1663"
"7460","ヤギ","東証ST","卸売","12138","9140000","3.61","48","7.34","0.29","180.83","4520.48","132800","100","20230804","1372","20230104","1110"
"7461","キムラ","東証ST","卸売","8334","15180000","2.55","14","6.7","0.56","81.98","978.1","54900","100","20230104","606","20230331","500"
"7462","CAPITA","東証ST","小売","1394","4111000","0.59","2","34.91","0.82","9.71","412.05","33900","100","20230202","468","20230815","309"
"7463","アドヴァングループ","東証ST","小売","53006","53812692","4.06","40","10.78","0.81","91.35","1215.19","98500","100","20230706","1073","20230110","808"
"7464","セフテック","東証ST","卸売","4210","500000","4.04","340","6.67","0.57","1262.38","14742.4","842000","100","20230726","9140","20230104","7660"
"7466","SPK","東証PR","卸売","20437","10453800","2.56","50","9.13","0.86","214.1","2268.95","195500","100","20230801","2026","20230105","1365"
"7467","萩原電気ホールディングス","東証PR","卸売","36540","9666600","3.84","145","8.73","0.81","432.84","4691.47","378000","100","20230814","3990","20230105","2381"
"7472","鳥羽洋行","東証ST","卸売","15275","4700000","3.69","120","10.32","0.67","314.85","4824.22","325000","100","20230718","3350","20230104","2782"
"7475","アルビス","東証PR","小売","22696","9255926","2.85","70","16.93","0.7","144.79","3527.19","245200","100","20230425","2580","20230531","2344"
"7476","アズワン","東証PR","卸売","231991","40276270","1.75","101","28.36","3.31","203.11","1738.71","576000","100","20230209","6150","20230320","5150"
"7477","ムラキ","東証ST","卸売","2887","1470000","1.02","20","23.23","1.09","84.53","1796.21","196400","100","20230823","2170","20230515","1278"
"7480","スズデン","東証ST","卸売","32177","14652600","5.19","114","15.52","1.74","141.48","1261.45","219600","100","20230309","2877","20230803","2086"
"7481","尾家産業","東証ST","卸売","17982","9255000","2.06","40","11.06","1.53","175.73","1270.69","194300","100","20230824","1979","20230105","896"
"7482","シモジマ","東証PR","卸売","27727","24257826","1.92","22","16.65","0.81","68.66","1418.79","114300","100","20230814","1240","20230116","905"
"7483","ドウシシャ","東証PR","卸売","86824","37375636","3.01","70","13","1","178.67","2328.54","232300","100","20230825","2377","20230116","1590"
"7486","サンリン","東証ST","卸売","8278","12300000","3.27","22","10.33","0.44","65.14","1523.08","67300","100","20230206","719","20230519","653"
"7487","小津産業","東証PR","卸売","13235","8435225","1.59","25","34.66","0.73","45.27","2145.03","156900","100","20230404","1812","20230116","1480"
"7490","日新商事","東証ST","卸売","6908","7600000","1.98","18","20.23","0.3","44.93","3045.78","90900","100","20230307","975","20230330","889"
"7494","コナカ","東証PR","小売","13424","31146685","4.64","20","-","0.63","-8.5","679.13","43100","100","20230814","434","20230104","335"
"7500","西川計測","東証ST","卸売","20320","3432475","3.21","190","12.49","1.32","473.83","4495.73","592000","100","20230404","6240","20230116","4785"
"7501","ティムコ","東証ST","卸売","2532","3339995","1.58","12","14.66","0.4","51.69","1886.57","75800","100","20230120","983","20230316","720"
"7502","プラザホールディングス","東証ST","サービス","5535","13836258","2.5","10","96.62","2.51","4.14","159.11","40000","100","20230328","437","20230104","388"
"7504","高速","東証PR","卸売","43577","20990920","2.31","48","13.02","1.16","159.48","1793.17","207600","100","20230510","2192","20230106","1655"
"7505","扶桑電通","東証ST","卸売","10156","6960980","3.91","57","10.98","0.78","132.87","1862.71","145900","100","20230810","1496","20230412","1025"
"7506","ハウスオブローゼ","東証ST","小売","7548","4703063","1.56","25","30.55","1.36","52.53","1183.86","160500","100","20230329","1681","20230530","1600"
"7508","G-7ホールディングス","東証PR","小売","54463","44063754","3.24","40","9.9","2.02","124.82","612.28","123600","100","20230104","1649","20230801","1175"
"7509","アイエーグループ","東証ST","小売","5767","1645360","3.42","120","5.09","0.38","688.51","9157.93","350500","100","20230727","3700","20230105","3270"
"7510","たけびし","東証PR","卸売","29847","15961000","3.1","58","10.77","0.81","173.56","2294.92","187000","100","20230828","1870","20230116","1512"
"7512","イオン北海道","東証ST","小売","118647","139420284","1.41","12","24.67","1.78","34.49","477.55","85100","100","20230110","1121","20230407","772"
"7513","コジマ","東証PR","小売","51422","77912716","2.12","14","16.43","0.81","40.17","815.5","66000","100","20230814","673","20230111","526"
"7514","ヒマラヤ","東証PR","小売","11865","12320787","2.7","26","7.99","0.7","120.56","1376.58","96300","100","20230704","975","20230320","909"
"7515","マルヨシセンター","東証ST","小売","2655","934999","1.06","30","17.58","0.91","161.58","3133.5","284000","100","20230614","3080","20230330","2770"
"7516","コーナン商事","東証PR","小売","123295","34682113","2.67","95","8.02","0.7","443.46","5071.59","355500","100","20230519","3795","20230314","3080"
"7518","ネットワンシステムズ","東証PR","情報通信","231525","83267300","3.09","86","13.44","3.06","206.83","908.72","278050","100","20230127","3580","20230804","2520"
"7520","エコス","東証PR","小売","24102","11648917","2.66","55","10.48","1.14","197.43","1821.74","206900","100","20230810","2088","20230320","1795"
"7521","ムサシ","東証ST","卸売","13595","7950000","1.4","24","38.58","0.4","44.32","4280.06","171000","100","20230615","1905","20230106","1438"
"7522","ワタミ","東証PR","小売","44093","42684880","-","-","18.36","6.61","56.27","156.39","103300","100","20230828","1033","20230316","873"
"7523","アールビバン","東証ST","小売","14701","12963816","5.29","60","10.35","0.77","109.56","1465.84","113400","100","20230814","1195","20230106","577"
"7524","マルシェ","東証ST","小売","2822","8550400","-","-","-","38.42","-","8.59","33000","100","20230511","440","20230822","242"
"7525","リックス","東証PR","卸売","26222","8640000","3.95","120","10.09","1.14","300.68","2666.94","303500","100","20230703","3350","20230105","2093"
"7527","システムソフト","東証PR","情報通信","6956","84834140","-","-","63.08","1.23","1.3","66.63","8200","100","20230104","94","20230523","73"
"7531","清和中央ホールディングス","東証ST","卸売","5484","3945100","1.8","25","12.44","0.35","111.75","3986.95","139000","100","20230330","1789","20230821","1380"
"7532","パン・パシフィック・インターナショナルホールディングス","東証PR","小売","1772642","634673040","0.75","21","24.98","3.68","111.8","759.75","279300","100","20230817","3099","20230116","2241"
"7537","丸文","東証PR","卸売","32652","28051200","4.3","50","10.14","0.66","114.79","1771.24","116400","100","20230309","1572","20230106","891"
"7538","大水","東証ST","卸売","4105","13774819","1.68","5","6.66","0.46","44.72","645.45","29800","100","20230519","457","20230330","248"
"7539","アイナボホールディングス","東証ST","卸売","13861","11647820","3.87","46","8.34","0.58","142.66","2067.05","119000","100","20230705","1235","20230131","974"
"7544","スリーエフ","東証ST","小売","2890","7707095","2.67","10","94.7","0.81","3.96","460.9","37500","100","20230828","392","20230330","279"
"7545","西松屋チェーン","東証PR","小売","118927","69588856","1.52","26","11.06","1.29","154.58","1324.72","170900","100","20230724","1771","20230113","1473"
"7550","ゼンショーホールディングス","東証PR","小売","1081097","154862825","0.57","40","46.08","8.39","151.51","832.18","698100","100","20230815","7950","20230104","3215"
"7551","ウェッズ","東証ST","輸送用機器","10106","16118166","4.31","27","7.03","0.67","89.16","939.91","62700","100","20230227","789","20230104","497"
"7552","ハピネット","東証PR","卸売","60293","24050000","1.99","50","15.04","1.22","166.65","2063.17","250700","100","20230828","2513","20230406","1790"
"7554","幸楽苑ホールディングス","東証PR","小売","17793","17443841","-","-","766.92","44.25","1.33","23.05","102000","100","20230518","1110","20230821","971"
"7555","大田花き","東証ST","卸売","4340","5500000","1.52","12","27.31","0.82","28.89","961.53","78900","100","20230512","1060","20230601","737"
"7559","ジーエフシー","東証ST","卸売","8365","5769040","1.59","23","21.96","0.49","66.02","2940.96","145000","100","20230710","1689","20230207","1350"
"7561","ハークスレイ","東証PR","小売","15589","22050064","2.55","18","9.29","0.57","76.08","1241.83","70700","100","20230130","849","20230601","605"
"7562","安楽亭","東証ST","小売","16003","2139434","0","0","43.45","3.24","172.15","2310.15","748000","100","20230817","7580","20230105","6920"
"7564","ワークマン","東証ST","小売","413326","81846816","1.35","68","23.47","3.6","215.21","1401.36","505000","100","20230301","5900","20230707","4730"
"7565","萬世電機","東証ST","卸売","7015","2300000","-","-","13.17","0.55","231.67","5552.32","305000","100","20230419","3835","20230518","2897"
"7567","栄電子","東証ST","卸売","2123","5090000","1.92","8","13.57","0.5","30.72","834.46","41700","100","20230308","600","20230815","399"
"7570","橋本総業ホールディングス","東証PR","卸売","24082","21293052","3.71","42","8.19","0.8","138.08","1421.12","113100","100","20230622","1307","20230105","1004"
"7571","ヤマノホールディングス","東証ST","小売","2472","35830058","2.17","1.5","17.21","2.09","4.01","33.01","6900","100","20230207","88","20230517","63"
"7575","日本ライフライン","東証PR","卸売","93534","82919976","3.37","38","12.77","1.59","88.32","711.57","112800","100","20230808","1143","20230116","885"
"7578","ニチリョク","東証ST","小売","9137","16030005","0","0","33.26","1.91","17.14","297.93","57000","100","20230824","665","20230316","109"
"7581","サイゼリヤ","東証PR","小売","229476","52272342","0.41","18","51.02","2.28","86.05","1924.29","439000","100","20230815","4735","20230106","2906"
"7585","かんなん丸","東証ST","小売","1958","4351308","0","0","-","2.01","-36.73","224.26","45000","100","20230510","464","20230117","360"
"7590","タカショー","東証PR","卸売","11152","17590114","2.52","16","16.69","0.82","37.98","769.16","63400","100","20230523","753","20230828","633"
"7593","VTホールディングス","東証PR","小売","59929","119381034","4.78","24","7.78","0.89","64.49","565.92","50200","100","20230629","553","20230104","464"
"7595","アルゴグラフィックス","東証PR","情報通信","74215","22354000","2.41","80","12.82","1.62","258.9","2045.57","332000","100","20230605","4230","20230823","3250"
"7596","魚力","東証PR","小売","31696","14620000","2.21","48","35.17","1.85","61.64","1168.95","216800","100","20230703","2248","20230314","2070"
"7599","IDOM","東証PR","卸売","85190","106888000","4.49","35.8","6.67","1.31","119.51","610.48","79700","100","20230712","984","20230104","647"
"7600","日本エム・ディ・エム","東証PR","精密機器","20254","26475880","1.83","14","13.41","0.84","57.03","912.86","76500","100","20230501","1153","20230823","734"
"7601","ポプラ","東証ST","小売","2417","11787822","0","0","9.05","15.59","22.65","13.15","20500","100","20230502","399","20230316","129"
"7602","カーチスホールディングス","東証ST","卸売","4890","24087009","-","-","24.02","0.9","8.45","225.53","20300","100","20230417","264","20230327","184"
"7603","マックハウス","東証ST","小売","5958","15597638","0","0","-","1.58","-48.51","242.02","38200","100","20230714","393","20230227","372"
"7604","梅の花","東証ST","小売","7873","8209200","1.04","10","23.87","18.06","40.18","53.1","95900","100","20230316","990","20230328","894"
"7605","フジ・コーポレーション","東証PR","小売","37144","19970000","1.34","25","9.7","1.46","191.72","1275.22","186000","100","20230824","1913","20230222","1216"
"7606","ユナイテッドアローズ","東証PR","小売","63267","30213676","2.63","55","12.28","1.76","170.48","1187.38","209400","100","20230705","2560","20230117","1631"
"7607","進和","東証PR","卸売","32406","14415319","3.2","72","9.11","0.8","246.78","2825.85","224800","100","20230710","2426","20230106","1951"
"7608","エスケイジャパン","東証ST","卸売","5884","8490103","2.02","14","13.67","1.35","50.71","513.3","69300","100","20230719","720","20230314","504"
"7609","ダイトロン","東証PR","卸売","34249","11155979","3.75","115","8.74","1.21","351.33","2530.49","307000","100","20230704","3265","20230105","2177"
"7610","テイツー","東証ST","小売","12840","68664338","2.14","4","10.98","2.13","17.03","87.91","18700","100","20230614","245","20230119","123"
"7611","ハイデイ日高","東証PR","小売","106736","38147116","1.04","29","36.64","4.54","76.37","616.73","279800","100","20230822","2877","20230110","1870"
"7613","シークス","東証PR","卸売","76003","50400000","2.12","32","9.25","0.82","163","1839.7","150800","100","20230622","1638","20230106","1220"
"7614","オーエムツーネットワーク","東証ST","小売","8788","7335634","2","24","9.83","0.52","121.84","2301.58","119800","100","20230512","1252","20230316","1060"
"7615","YU-WA_Creation_Holdings","東証ST","小売","2287","12498200","3.28","6","55.45","0.53","3.3","346.51","18300","100","20230310","209","20230809","181"
"7616","コロワイド","東証PR","小売","205179","86903541","0.21","5","181.06","7.21","13.04","327.59","236100","100","20230814","2448","20230105","1724"
"7618","ピーシーデポコーポレーション","東証PR","小売","25259","52622400","-","-","-","0.93","-","517.02","48000","100","20230620","480","20230105","267"
"7619","田中商事","東証ST","卸売","5970","8832000","-","-","6.26","0.42","108.03","1625.22","67600","100","20230809","717","20230106","546"
"7621","うかい","東証ST","小売","22062","5606540","0.38","15","41.69","5.45","94.38","722.36","393500","100","20230816","3990","20230116","3060"
"7623","サンオータス","東証ST","小売","2006","3230500","3.06","19","7.16","0.64","86.74","972.23","62100","100","20230302","1024","20230104","417"
"7624","NaITO","東証ST","卸売","8054","54789510","2.72","4","16.1","0.64","9.13","228.94","14700","100","20230127","163","20230824","145"
"7625","グローバルダイニング","東証ST","小売","4682","10380800","0","0","7.83","1.16","57.57","390.16","45100","100","20230731","484","20230519","340"
"7628","オーハシテクニカ","東証PR","卸売","21927","13678960","3.74","60","14.39","0.61","111.41","2615.51","160300","100","20230523","1645","20230104","1377"
"7630","壱番屋","東証PR","小売","178147","31926000","1.43","80","61.83","5.91","90.25","944.78","558000","100","20230627","5810","20230110","4545"
"7634","星医療酸器","東証ST","卸売","14176","3420000","1.69","70","9.78","0.82","423.65","5043.66","414500","100","20230718","4280","20230310","3810"
"7635","杉田エース","東証ST","卸売","5578","5374000","3.85","40","8.63","0.52","120.22","1994.95","103800","100","20230511","1050","20230331","983"
"7636","ハンズマン","東証ST","小売","15366","14509800","2.83","30","13.08","0.86","80.95","1230.5","105900","100","20230207","1377","20230106","942"
"7637","白銅","東証PR","卸売","26135","11343300","3.34","77","12.15","1.23","189.56","1871.49","230400","100","20230508","2752","20230817","2202"
"7638","NEW_ARTホールディングス","東証ST","小売","27882","16626375","5.96","100","12.89","3.28","130.14","510.69","167700","100","20230323","1895","20230616","1486"
"7640","トップカルチャー","東証ST","小売","2398","12688000","3.17","6","-","2.53","-82.5","74.59","18900","100","20230214","208","20230106","178"
"7643","ダイイチ","東証ST","小売","9917","11438640","2.88","25","8.43","0.64","102.83","1364.37","86700","100","20230502","949","20230120","753"
"7646","PLANT","東証ST","小売","6375","8090000","2.79","22","6.18","0.36","127.51","2166.83","78800","100","20230724","817","20230112","639"
"7647","音通","東証ST","小売","5777","206312645","0.86","0.24","28.57","1.9","0.98","14.72","2800","100","20230602","34","20230124","25"
"7649","スギホールディングス","東証PR","小売","411777","63330838","1.23","80","19.61","1.78","331.58","3642.58","650200","100","20230814","6763","20230302","5410"
"7670","オーウエル","東証ST","卸売","8400","10500000","4","32","10.21","0.42","78.38","1915.42","80000","100","20230307","1014","20230116","510"
"7671","AmidAホールディングス","東証GR","小売","3989","4208200","0","0","-","1.67","-","568.58","94800","100","20230816","949","20230123","435"
"7673","ダイコー通産","東証ST","卸売","6143","5332780","4.25","49","9.31","0.82","123.77","1408.53","115200","100","20230525","1358","20230116","1050"
"7674","NATTY_SWANKYホールディングス","東証GR","小売","8225","2187460","-","-","29.29","5.17","128.38","727.24","376000","100","20230614","4230","20230130","3000"
"7676","グッドスピード","東証GR","小売","4034","3780800","0.94","10","14.71","1.28","72.54","832.37","106700","100","20230111","2333","20230824","935"
"7677","ヤシマキザイ","東証ST","卸売","6132","2880000","1.17","25","13.18","0.67","161.59","3196.86","212900","100","20230627","2174","20230331","1977"
"7678","あさくま","東証ST","小売","8862","5384070","0","0","82.51","3.63","19.95","453.19","164600","100","20230828","1652","20230410","1560"
"7679","薬王堂ホールディングス","東証PR","小売","50535","19740219","1.02","26","15.04","1.65","170.25","1551.01","256000","100","20230111","2919","20230407","2274"
"7681","レオクラン","東証ST","卸売","5314","1960800","1.85","50","14.76","0.97","183.61","2801.01","271000","100","20230711","2848","20230309","2339"
"7682","浜木綿","東証ST","小売","6907","2155000","0.31","10","627.2","4.55","5.11","704.63","320500","100","20230713","3740","20230111","2218"
"7683","ダブルエー","東証GR","小売","22683","9530680","0.74","17.5","23.52","2.59","101.17","920.14","238000","100","20230802","2510","20230105","1354"
"7685","BuySell_Technologies","東証GR","卸売","62927","14583240","0.58","25","22.44","7.31","192.29","590.2","431500","100","20230214","6840","20230817","3335"
"7686","カクヤスグループ","東証ST","卸売","23585","9603200","2.04","50","13.53","7.66","181.46","320.66","245600","100","20230823","2500","20230417","1283"
"7687","ミクリード","東証GR","卸売","4171","2179000","0.77","14.7","26.07","4.04","73.43","473.63","191400","100","20230828","1950","20230316","855"
"7689","コパ・コーポレーション","東証GR","卸売","1861","2963000","0","0","266.1","0.69","2.36","904.52","62800","100","20230127","733","20230816","618"
"7692","アースインフィニティ","東証ST","小売","17621","110131200","0.52","0.84","44.44","20.81","3.6","7.69","16000","100","20230414","890","20230130","121"
"7694","いつも","東証GR","小売","5141","5848395","0","0","20.53","2.29","42.82","384.04","87900","100","20230508","1310","20230206","663"
"7695","交換できるくん","東証GR","小売","6232","2274400","0","0","32.73","5.61","83.71","488.52","274000","100","20230104","4540","20230825","2650"
"7698","アイスコ","東証ST","卸売","3116","1931500","1.86","30","15.16","0.94","106.38","1707.11","161300","100","20230815","1695","20230111","1303"
"7699","オムニ・プラス・システム・リミテッド（外国株）","東証GR","卸売","-","-","-","-","-","-","-","-","54700","100","20230725","644","20230320","482"
"7701","島津製作所","東証PR","精密機器","1263924","296070227","1.31","56","23.74","2.89","179.86","1475.72","426900","100","20230616","4637","20230105","3570"
"7702","JMS","東証PR","精密機器","13158","24733466","3.2","17","16.26","0.33","32.72","1614.7","53200","100","20230704","608","20230106","483"
"7705","ジーエルサイエンス","東証ST","精密機器","25860","11190000","2.6","60","7.53","0.78","307.02","2944.7","231100","100","20230517","2490","20230815","2200"
"7707","プレシジョン・システム・サイエンス","東証GR","精密機器","9241","27666900","-","-","1855.56","1.77","0.18","188.99","33400","100","20230124","425","20230821","300"
"7709","クボテック","東証ST","精密機器","4038","13830000","0","0","-","6.27","-20.34","46.54","29200","100","20230711","466","20230112","199"
"7711","助川電気工業","東証ST","精密機器","7467","5870000","2.28","29","20.68","2.06","61.5","618.87","127200","100","20230111","1712","20230407","1212"
"7713","シグマ光機","東証ST","精密機器","11646","7552628","2.72","42","11.38","0.67","135.55","2293.4","154200","100","20230705","1735","20230120","1470"
"7715","長野計器","東証PR","精密機器","46289","19432984","1.51","36","11.34","1.33","210.06","1791.86","238200","100","20230810","2521","20230106","1067"
"7716","ナカニシ","東証ST","精密機器","337449","94259400","1.4","50","21.91","3.07","163.37","1166.63","358000","100","20230809","3645","20230104","2441"
"7717","ブイ・テクノロジー","東証PR","精密機器","23887","10057600","2.53","60","41.75","0.69","56.88","3441.4","237500","100","20230411","3170","20230817","2079"
"7718","スター精密","東証PR","機械","78985","42465134","3.23","60","8.32","0.87","223.45","2132.94","186000","100","20230523","1906","20230106","1560"
"7719","東京衡機","東証ST","精密機器","1227","7133791","0","0","15.33","0.87","11.22","198.71","17200","100","20230425","370","20230403","132"
"7721","東京計器","東証PR","精密機器","24658","17076439","2.25","32.5","19.59","0.73","73.72","1974.75","144400","100","20230816","1465","20230427","1183"
"7722","国際計測器","東証ST","精密機器","7327","14200000","3.88","20","88.66","0.66","5.82","780.46","51600","100","20230306","543","20230104","480"
"7723","愛知時計電機","東証PR","精密機器","24641","15420000","3.25","52","8.43","0.62","189.62","2556.98","159800","100","20230615","1687","20230110","1315"
"7725","インターアクション","東証PR","精密機器","12316","11510200","2.34","25","17.7","1.14","60.44","934.91","107000","100","20230112","1610","20230817","1000"
"7726","黒田精工","東証ST","機械","7916","5706942","2.52","35","14.08","0.74","98.5","1868.05","138700","100","20230207","2015","20230825","1350"
"7727","オーバル","東証PR","精密機器","11100","26180000","3.3","14","11.73","0.68","36.15","619.04","42400","100","20230224","515","20230810","366"
"7729","東京精密","東証PR","精密機器","334662","41990181","2.13","170","18.87","2.25","422.28","3536.85","797000","100","20230804","8590","20230104","4215"
"7730","マニー","東証PR","精密機器","198986","106981502","1.77","33","36.63","3.9","50.78","477.12","186000","100","20230104","2013","20230707","1602"
"7731","ニコン","東証PR","精密機器","548128","351476686","3.21","50","15.43","0.84","101.09","1848.81","155950","100","20230703","1944","20230105","1154"
"7732","トプコン","東証PR","精密機器","182902","108322242","2.49","42","16.16","1.77","104.47","951.29","168850","100","20230703","2164","20230104","1460"
"7733","オリンパス","東証PR","精密機器","2391178","1266178700","0.95","18","7.05","2.61","268.04","722.65","188850","100","20230418","2532","20230822","1782"
"7734","理研計器","東証PR","精密機器","120671","23661000","1.57","80","13.65","1.8","373.66","2828.05","510000","100","20230704","6050","20230106","4035"
"7735","SCREENホールディングス","東証PR","電気機器","753796","50794866","2.48","368","12.13","2.35","1223.33","6307.48","1484000","100","20230704","16865","20230104","8250"
"7739","キヤノン電子","東証PR","電気機器","77576","42206540","-","-","10.72","0.68","171.49","2708.23","183800","100","20230628","2095","20230106","1489"
"7740","タムロン","東証PR","精密機器","103896","23400000","2.82","125","9.87","1.41","449.78","3157.39","444000","100","20230815","4855","20230105","2855"
"7741","HOYA","東証PR","精密機器","5644171","354088520","-","-","-","6.49","-","2454.94","1594000","100","20230605","18350","20230106","12265"
"7743","シード","東証PR","精密機器","20377","25033422","1.47","12","29.11","1.7","27.96","478.91","81400","100","20230828","814","20230105","491"
"7744","ノーリツ鋼機","東証PR","精密機器","102637","36190872","1.73","49","15.1","0.49","187.83","5778.66","283600","100","20230823","3005","20230217","2068"
"7745","A＆Dホロンホールディングス","東証PR","精密機器","46418","27845208","2.1","35","8.96","1.38","186.15","1210.85","166700","100","20230725","1943","20230105","974"
"7746","岡本硝子","東証ST","精密機器","3473","23305543","0","0","34.65","2.29","4.3","65.18","14900","100","20230721","174","20230601","129"
"7747","朝日インテック","東証PR","精密機器","802813","271633600","0.56","16.43","53.98","6.07","54.75","487.12","295550","100","20230801","2960","20230106","2019"
"7749","メディキット","東証ST","精密機器","49522","18880000","2.67","70","17.08","0.94","153.57","2782.71","262300","100","20230807","2713","20230424","2363"
"7751","キヤノン","東証PR","電気機器","4804216","1333763464","3.89","140","12.48","1.09","288.52","3304.23","360200","100","20230622","3912","20230116","2754"
"7752","リコー","東証PR","電気機器","725636","609521978","3.02","36","14.5","0.74","82.09","1617.7","119050","100","20230802","1278","20230116","937"
"7760","IMV","東証ST","精密機器","9055","16957016","1.87","10","12.61","1","42.34","533.83","53400","100","20230712","602","20230106","414"
"7762","シチズン時計","東証PR","精密機器","213774","246000000","4.6","40","10.85","0.94","80.12","928.86","86900","100","20230814","977","20230106","561"
"7769","リズム","東証PR","精密機器","13760","8385093","2.96","48.5","16.94","0.46","96.89","3576.18","164100","100","20230515","2087","20230116","1499"
"7771","日本精密","東証ST","精密機器","1846","22238299","0","0","21.28","1.46","3.9","56.7","8300","100","20230202","118","20230106","77"
"7774","ジャパン・ティッシュエンジニアリング","東証GR","精密機器","23919","40610200","0","0","219.78","4.02","2.68","146.54","58900","100","20230424","684","20230104","456"
"7775","大研医器","東証PR","精密機器","17194","31840000","3.7","20","17.24","2.38","31.33","226.43","54000","100","20230814","547","20230116","442"
"7776","セルシード","東証GR","精密機器","7295","28385419","0","0","-","4.4","-30.86","58.38","25700","100","20230324","984","20230104","158"
"7777","スリー・ディー・マトリックス","東証GR","精密機器","9403","66684509","0","0","-","613.04","-29.9","0.23","14100","100","20230113","346","20230817","128"
"7779","CYBERDYNE","東証GR","精密機器","40684","137445809","-","-","-","1.47","-","201.36","29600","100","20230621","357","20230517","255"
"7780","メニコン","東証PR","精密機器","158259","76564388","1.21","25","20.67","2.12","99.99","975.28","206700","100","20230216","3060","20230818","1995"
"7781","平山ホールディングス","東証ST","精密機器","6424","7852800","3.67","30","8.68","1.52","94.28","536.87","81800","100","20230609","978","20230106","666"
"7782","シンシア","東証ST","精密機器","4021","6862200","1.71","10","18.06","1.57","32.45","372.08","58600","100","20230814","668","20230118","487"
"7791","ドリームベッド","東証ST","その他製品","3613","4152820","3.68","32","7.93","0.88","109.72","983.83","87000","100","20230815","880","20230214","706"
"7792","コラントッテ","東証GR","その他製品","9306","8990900","1.93","20","13.65","2.88","75.8","359.11","103500","100","20230224","1345","20230110","801"
"7793","イメージ・マジック","東証GR","その他製品","2470","2312741","0","0","57.42","1.88","18.6","567.99","106800","100","20230406","2105","20230105","698"
"7794","イーディーピー","東証GR","その他製品","27913","13135400","0","0","-","5.66","-","375.4","212500","100","20230208","6050","20230602","1828"
"7795","KYORITSU","東証ST","その他製品","8567","49235000","3.45","6","8.07","0.47","21.56","372.93","17400","100","20230721","197","20230116","117"
"7800","アミファ","東証ST","その他製品","2096","3235000","3.7","24","20.29","0.81","31.93","802.35","64800","100","20230808","709","20230123","611"
"7803","ブシロード","東証GR","その他製品","32065","71256550","1","4.5","25.98","1.49","17.32","302.92","45000","100","20230517","969","20230818","433"
"7804","ビーアンドピー","東証ST","その他製品","3335","2300000","2.62","38","12.71","1.11","114.1","1301.47","145000","100","20230615","1547","20230104","1087"
"7805","プリントネット","東証ST","その他製品","4336","5460400","1.51","12","10.48","1.06","75.79","745.71","79400","100","20230821","879","20230111","496"
"7806","MTG","東証GR","その他製品","62745","40092368","0.64","10","38.54","1.48","40.61","1053.95","156500","100","20230815","1667","20230301","1288"
"7807","幸和製作所","東証ST","その他製品","4737","4986790","1.16","11","10.04","1.78","94.65","533.52","95000","100","20230718","1055","20230104","656"
"7808","シー・エス・ランバー","東証ST","その他製品","5606","1850100","2.64","80","3.34","0.62","908.18","4860.17","303000","100","20230501","3300","20230106","2606"
"7809","壽屋","東証ST","その他製品","17429","8440200","1.69","35","10.41","2.58","198.31","801.84","206500","100","20230207","4627","20230828","2036"
"7810","クロスフォー","東証ST","その他製品","3691","17745000","0.36","0.75","-","1.92","-18.26","108.16","20800","100","20230711","249","20230116","191"
"7811","中本パックス","東証PR","その他製品","13412","8173320","3.78","62","10.7","0.87","153.32","1895.23","164100","100","20230623","1708","20230411","1510"
"7812","クレステック","東証ST","その他製品","6488","3248900","4.31","86","7.04","0.9","283.56","2225.52","199700","100","20230627","2175","20230111","1189"
"7813","プラッツ","東証GR","その他製品","2403","3726000","2.17","14","19.03","0.73","33.89","888.15","64500","100","20230622","738","20230222","604"
"7814","日本創発グループ","東証ST","その他製品","34932","55271736","1.9","12","13.97","2.14","45.25","295.13","63200","100","20230801","725","20230110","483"
"7815","東京ボード工業","東証ST","その他製品","2193","3660369","0","0","-","0.8","-123.85","749.65","59900","100","20230403","770","20230619","499"
"7816","スノーピーク","東証PR","その他製品","61711","38140000","0.74","12","99.57","3.71","16.25","435.89","161800","100","20230110","2433","20230818","1426"
"7817","パラマウントベッドホールディングス","東証PR","その他製品","146421","61754974","2.61","62","14.1","1.05","168.13","2249.22","237100","100","20230104","2568","20230804","2173"
"7818","トランザクション","東証PR","その他製品","57282","29375400","1.64","32","18.57","3.78","104.99","515.75","195000","100","20230703","2080","20230104","1156"
"7819","粧美堂","東証PR","その他製品","6705","13410000","3","15","13.48","1.06","37.09","469.5","50000","100","20230823","529","20230116","341"
"7820","ニホンフラッシュ","東証PR","その他製品","22905","25060000","3.94","36","9.96","0.72","91.79","1274.96","91400","100","20230515","1100","20230105","852"
"7821","前田工繊","東証PR","その他製品","99845","32260200","0.97","30","15.93","2.16","194.34","1430.55","309500","100","20230214","3430","20230526","2971"
"7822","永大産業","東証ST","その他製品","10246","46783800","4.57","10","-","0.24","-24.89","900.28","21900","100","20230309","239","20230601","205"
"7823","アートネイチャー","東証PR","その他製品","26999","34393200","3.57","28","11.91","0.98","65.89","798.4","78500","100","20230509","800","20230116","727"
"7826","フルヤ金属","東証ST","その他製品","66113","7265212","2.81","256","8.36","1.44","1088.56","6321.5","910000","100","20230622","12670","20230106","8670"
"7827","オービス","東証ST","その他製品","2317","1760787","3.8","50","4.02","0.49","327.15","2704.26","131600","100","20230803","1389","20230113","1055"
"7829","サマンサタバサジャパンリミテッド","東証GR","その他製品","9417","65851417","0","0","33.26","6.07","4.3","23.54","14300","100","20230711","168","20230405","87"
"7831","ウイルコホールディングス","東証ST","その他製品","3574","24650800","1.38","2","35.63","0.59","4.07","246.73","14500","100","20230726","171","20230322","125"
"7832","バンダイナムコホールディングス","東証PR","その他製品","2275722","666000000","0.59","20","24.78","3.45","137.87","989.13","341700","100","20230619","3521","20230116","2620"
"7833","アイフィスジャパン","東証ST","その他製品","6063","10242000","3.13","18.5","13.18","1.09","44.93","545.26","59200","100","20230519","632","20230821","581"
"7836","アビックス","東証ST","その他製品","3583","35129566","0","0","364.29","2.45","0.28","41.59","10200","100","20230518","150","20230104","81"
"7837","アールシーコア","東証ST","その他製品","2314","4536400","0","0","0.77","0.57","660.25","900.91","51000","100","20230823","537","20230105","368"
"7839","SHOEI","東証PR","その他製品","129289","53713716","3.16","76","15.74","5.03","152.96","478.14","240700","100","20230404","2874","20230823","2285"
"7840","フランスベッドホールディングス","東証PR","その他製品","46115","38397500","3.16","38","14.18","1.14","84.68","1053.51","120100","100","20230814","1250","20230105","934"
"7841","遠藤製作所","東証ST","その他製品","7034","9441800","2.42","18","6.52","0.34","114.27","2219.91","74500","100","20230105","840","20230817","700"
"7844","マーベラス","東証PR","情報通信","42494","62216400","4.83","33","16.39","1.46","41.67","466.54","68300","100","20230227","729","20230406","656"
"7846","パイロットコーポレーション","東証PR","その他製品","192137","41814400","2.18","100","11.33","1.42","405.58","3245.4","459500","100","20230523","4785","20230320","3935"
"7847","グラファイトデザイン","東証ST","その他製品","5682","6945600","4.89","40","8.85","1.09","92.48","748.94","81800","100","20230221","999","20230419","774"
"7849","スターツ出版","東証ST","情報通信","15264","3840000","0.82","32.5","9.85","2.1","403.68","1889.67","397500","100","20230512","4800","20230105","2830"
"7850","総合商研","東証ST","その他製品","2512","3060110","2.44","20","16.42","0.87","50.01","939.18","82100","100","20230705","932","20230104","780"
"7851","カワセコンピュータサプライ","東証ST","その他製品","1078","5160000","0","0","486.05","0.41","0.43","511.89","20900","100","20230818","218","20230106","198"
"7856","萩原工業","東証PR","その他製品","24507","14897600","3.04","50","8.52","0.83","193.07","1974.75","164500","100","20230828","1647","20230119","1146"
"7857","セキ","東証ST","その他製品","6072","4508000","1.78","24","16.41","0.39","82.1","3478.54","134700","100","20230116","1480","20230602","1300"
"7859","アルメディオ","東証ST","その他製品","8642","18706316","0","0","21.01","2.42","21.99","191.02","46200","100","20230203","639","20230512","334"
"7860","エイベックス","東証PR","情報通信","64157","45663400","3.56","50","28.83","1.09","48.73","1291.41","140500","100","20230208","1800","20230822","1366"
"7863","平賀","東証ST","その他製品","3975","4015585","3.03","30","7.73","0.84","128.13","1182.35","99000","100","20230623","1120","20230606","884"
"7864","フジシールインターナショナル","東証PR","その他製品","104261","60161956","2.02","35","15.31","0.77","113.2","2244.5","173300","100","20230828","1739","20230323","1436"
"7865","ピープル","東証ST","その他製品","4779","4437500","-","-","-","2.26","-","476.79","107700","100","20230105","1379","20230602","953"
"7867","タカラトミー","東証PR","その他製品","215880","93616650","1.52","35","23.47","2.3","98.27","1003.97","230600","100","20230815","2336","20230118","1207"
"7868","広済堂ホールディングス","東証PR","その他製品","81351","28554369","1.85","52.6","17.14","2.01","166.23","1417.51","284900","100","20230414","3025","20230118","1690"
"7871","フクビ化学工業","東証ST","化学","14875","20688425","3.76","27","9.58","0.42","75.04","1721.92","71900","100","20230801","730","20230120","557"
"7872","エステールホールディングス","東証ST","その他製品","7219","11459223","4.29","27","10.24","0.5","61.52","1251.28","63000","100","20230309","645","20230330","602"
"7874","レック","東証PR","化学","35723","38165340","2.14","20","46.36","0.93","20.19","1009.67","93600","100","20230208","1020","20230330","787"
"7875","竹田iPホールディングス","東証ST","その他製品","6208","8781000","2.83","20","12.93","0.37","54.7","1916.98","70700","100","20230329","764","20230113","640"
"7877","永大化工","東証ST","化学","2256","1460000","3.24","50","22.83","0.31","67.66","5062.68","154500","100","20230308","1595","20230419","1432"
"7878","光・彩","東証ST","その他製品","2178","396000","0.73","40","29.4","1.59","187.1","3463.93","550000","100","20230329","9480","20230303","3930"
"7879","ノダ","東証ST","その他製品","21032","17339200","4.95","60","5.41","0.52","224.22","2340.14","121300","100","20230524","1316","20230118","1028"
"7883","サンメッセ","東証ST","その他製品","6524","17825050","1.91","7","28.35","0.49","12.91","742.6","36600","100","20230227","391","20230330","350"
"7885","タカノ","東証ST","その他製品","12986","15721000","2.42","20","12.57","0.41","65.7","2002.85","82600","100","20230704","870","20230113","652"
"7886","ヤマト・インダストリー","東証ST","化学","1399","1332179","-","-","23.09","0.89","45.47","1176.7","105000","100","20230619","1519","20230106","845"
"7887","南海プライウッド","東証ST","その他製品","5462","1009580","2.77","150","8.73","0.23","619.85","23917.62","541000","100","20230407","6480","20230104","4810"
"7888","三光合成","東証PR","化学","19825","30688569","2.79","18","8.56","0.77","75.45","835.82","64600","100","20230703","734","20230106","391"
"7893","プロネクサス","東証PR","その他製品","29823","27716688","3.35","36","16.64","1.02","64.68","1055.27","107600","100","20230802","1090","20230106","937"
"7896","セブン工業","東証ST","その他製品","2355","4673250","3.97","20","11.25","0.32","44.8","1571.33","50400","100","20230414","545","20230112","485"
"7897","ホクシン","東証ST","その他製品","3717","28373005","-","-","26.52","0.66","4.94","198.75","13100","100","20230629","160","20230821","122"
"7898","ウッドワン","東証ST","その他製品","10403","9841969","2.27","24","12.3","0.22","85.93","4762.01","105700","100","20230331","1473","20230105","881"
"7899","MICS化学","東証ST","化学","2410","5850000","2.67","11","19.21","0.68","21.45","603.42","41200","100","20230614","472","20230106","307"
"7901","マツモト","東証ST","その他製品","3794","381300","0","0","134.1","2.48","74.2","4012.98","995000","100","20230614","15170","20230307","4200"
"7902","ソノコム","東証ST","その他製品","4125","5000000","1.45","12","26.89","0.34","30.68","2405.62","82500","100","20230306","858","20230104","800"
"7905","大建工業","東証PR","その他製品","82323","27080043","1.97","60","13.21","0.92","230.13","3306.17","304000","100","20230818","3045","20230106","2052"
"7906","ヨネックス","東証ST","その他製品","129478","93620800","1.01","14","15.45","2.19","89.5","631.16","138300","100","20230509","1645","20230106","1115"
"7908","きもと","東証ST","化学","10078","54772564","3.26","6","84.79","0.48","2.17","380.5","18400","100","20230126","235","20230817","178"
"7911","凸版印刷","東証PR","その他製品","1108726","328706240","1.42","48","25.59","0.8","131.83","4229.23","337300","100","20230815","3431","20230117","1847"
"7912","大日本印刷","東証PR","その他製品","1137692","292240346","1.64","64","11.41","0.91","341.23","4263.42","389300","100","20230310","4160","20230117","2497"
"7914","共同印刷","東証PR","その他製品","27119","8370000","3.09","100","16.46","0.42","196.86","7734.45","324000","100","20230801","3315","20230320","2634"
"7915","NISSHA","東証PR","その他製品","87777","50855638","2.9","50","42.26","0.72","40.84","2386.06","172600","100","20230201","1947","20230616","1543"
"7916","光村印刷","東証ST","その他製品","3901","3103420","3.98","50","25.67","0.22","48.97","5816.05","125700","100","20230310","1332","20230112","1150"
"7917","藤森工業","東証PR","化学","70135","19267760","2.31","84","14.73","0.82","247.15","4454.76","364000","100","20230809","3730","20230106","3000"
"7918","ヴィア・ホールディングス","東証PR","小売","3914","40770933","0","0","15.51","-","6.19","-110.78","9600","100","20230120","103","20230616","81"
"7919","野崎印刷紙業","東証ST","その他製品","3176","21460000","2.03","3","9.78","0.69","15.14","215.27","14800","100","20230731","175","20230110","112"
"7921","TAKARA＆COMPANY","東証PR","その他製品","30687","13153293","3.43","80","11.72","1.23","199.06","1895.87","233300","100","20230509","2482","20230105","1988"
"7922","三光産業","東証ST","その他製品","3505","7378800","2.11","10","23.73","0.36","20.02","1304.39","47500","100","20230403","730","20230106","319"
"7923","トーイン","東証ST","その他製品","3253","6377500","2.94","15","64.15","0.27","7.95","1862.04","51000","100","20230725","559","20230113","450"
"7925","前澤化成工業","東証PR","化学","23865","15732000","3.3","50","18.74","0.58","80.96","2607.45","151700","100","20230425","1658","20230105","1292"
"7927","ムトー精工","東証ST","化学","13498","7739548","4.53","79","8.83","0.77","197.4","2265.14","174400","100","20230828","1744","20230104","631"
"7928","旭化学工業","東証ST","化学","2369","3896000","2.14","13","23.77","0.37","25.58","1640.83","60800","100","20230228","712","20230601","590"
"7931","未来工業","東証PR","化学","75490","25607086","3.87","114","13.02","1.01","226.42","2913.61","294800","100","20230727","3080","20230106","1430"
"7932","ニッピ","東証ST","その他製品","11585","2889000","1.75","70","11.53","0.33","347.71","12193.02","401000","100","20230705","4100","20230113","3425"
"7936","アシックス","東証PR","その他製品","961125","189870559","1.09","55","37.09","4.44","136.47","1139.75","506200","100","20230815","5340","20230105","2802"
"7937","ツツミ","東証ST","その他製品","37496","15630000","2.08","50","64.63","0.57","37.12","4239.69","239900","100","20230801","2449","20230112","1827"
"7938","リーガルコーポレーション","東証ST","その他製品","6464","3250000","2.51","50","21.18","0.58","93.9","3400.21","198900","100","20230725","2112","20230105","1850"
"7939","研創","東証ST","その他製品","2048","4022774","3.14","16","10.63","0.64","47.89","795.21","50900","100","20230320","525","20230104","445"
"7940","ウェーブロックホールディングス","東証ST","化学","7106","11120538","4.69","30","19.96","0.34","32.01","1895.13","63900","100","20230828","641","20230601","552"
"7942","JSP","東証PR","化学","61413","31413473","2.56","50","13.55","0.63","144.26","3121.36","195500","100","20230801","2003","20230105","1463"
"7943","ニチハ","東証PR","ガラス土石","117198","37324264","3.63","114","11.08","0.95","283.43","3312.59","314000","100","20230731","3455","20230203","2500"
"7944","ローランド","東証PR","その他製品","108850","28163038","4.4","170","11.35","2.86","340.44","1353.74","386500","100","20230615","4425","20230106","3210"
"7946","光陽社","東証ST","その他製品","2023","1400100","0","0","5.82","0.54","248.46","2665.52","144500","100","20230424","2070","20230104","1351"
"7947","エフピコ","東証PR","化学","231760","84568424","1.72","47","19","1.61","144.27","1705.67","274050","100","20230201","3875","20230821","2591"
"7949","小松ウオール工業","東証PR","その他製品","31390","10903240","4.17","120","13.5","0.74","213.19","3880.8","287900","100","20230807","2925","20230106","1800"
"7951","ヤマハ","東証PR","その他製品","848282","187300000","1.63","74","19.95","1.61","227.03","2809.74","452900","100","20230615","5876","20230818","4402"
"7952","河合楽器製作所","東証PR","その他製品","30459","9011560","2.51","85","8.07","0.75","418.86","4532.09","338000","100","20230705","3815","20230106","2502"
"7953","菊水化学工業","東証ST","その他製品","5021","12744054","4.06","16","13","0.54","30.31","727.2","39400","100","20230117","454","20230314","367"
"7955","クリナップ","東証PR","その他製品","26210","37442374","3.71","26","7.83","0.46","89.45","1518.27","70000","100","20230501","760","20230116","617"
"7956","ピジョン","東証PR","その他製品","203648","121653486","4.54","76","24.73","2.52","67.7","665.22","167400","100","20230516","2237","20230828","1664"
"7957","フジコピアン","東証ST","その他製品","3069","1789487","2.33","40","-","0.24","-274.38","7009.29","171500","100","20230327","1959","20230517","1661"
"7958","天馬","東証PR","化学","61852","24313026","3.22","82","17.81","0.69","142.88","3680.74","254400","100","20230614","2750","20230105","1992"
"7962","キングジム","東証PR","その他製品","27433","31459692","1.61","14","41.46","1.01","21.03","867.29","87200","100","20230517","933","20230818","856"
"7963","興研","東証ST","その他製品","8371","5104003","1.52","25","15.58","0.68","105.24","2427.67","164000","100","20230127","1780","20230605","1600"
"7965","象印マホービン","東証PR","電気機器","126687","72600000","1.95","34","27.78","1.44","62.81","1216.01","174500","100","20230713","2180","20230116","1391"
"7966","リンテック","東証PR","その他製品","179222","76688740","3.77","88","16.82","0.71","138.93","3300.21","233700","100","20230810","2370","20230316","2092"
"7970","信越ポリマー","東証PR","化学","110385","82623376","3.29","44","12.02","1.02","111.17","1310.22","133600","100","20230704","1569","20230104","1110"
"7971","東リ","東証PR","化学","24460","66829249","3.01","11","8.31","0.54","44.03","680.74","36600","100","20230821","377","20230118","220"
"7972","イトーキ","東証PR","その他製品","60871","45664437","2.4","32","12.58","1.13","105.95","1176.1","133300","100","20230816","1399","20230105","570"
"7974","任天堂","東証PR","その他製品","8019411","1298690000","2.38","147","21.14","3.05","292.04","2027.58","617500","100","20230629","6640","20230316","4996"
"7975","リヒトラブ","東証ST","その他製品","3678","3815700","2.59","25","14.87","0.32","64.83","2989.21","96400","100","20230516","999","20230113","847"
"7976","三菱鉛筆","東証PR","その他製品","120434","63286292","1.89","36","14.61","0.95","130.24","2008.21","190300","100","20230814","1938","20230113","1359"
"7979","松風","東証PR","精密機器","37327","17894089","2.25","47","13.34","1.01","156.39","2071.6","208600","100","20230802","2386","20230320","1942"
"7980","重松製作所","東証ST","その他製品","5710","7200000","1.26","10","11.28","0.77","70.31","1030.93","79300","100","20230313","868","20230516","777"
"7981","タカラスタンダード","東証PR","その他製品","135388","70368194","2.81","54","14.25","0.74","135.02","2592.72","192400","100","20230828","1924","20230201","1338"
"7983","ミロク","東証ST","その他製品","5079","3005441","2.66","45","8.04","0.33","210.15","5160.88","169000","100","20230825","1694","20230106","1401"
"7984","コクヨ","東証PR","その他製品","287289","128742463","2.91","65","13.92","1.02","160.29","2192.52","223150","100","20230801","2323","20230112","1753"
"7985","ネポン","東証ST","金属製品","1358","962948","2.13","30","45","0.56","31.33","2510.96","141000","100","20230612","2024","20230823","1340"
"7986","日本アイ・エス・ケイ","東証ST","その他製品","2277","1776000","2.34","30","16.07","0.55","79.77","2339.44","128200","100","20230202","1302","20230220","1171"
"7987","ナカバヤシ","東証PR","その他製品","15117","28794294","4.19","22","8.46","0.55","62.03","948.7","52500","100","20230731","535","20230110","470"
"7988","ニフコ","東証PR","化学","455838","107508954","1.51","64","18","1.83","235.52","2311.19","424000","100","20230801","4345","20230105","2989"
"7989","立川ブラインド工業","東証PR","金属製品","28758","20763600","2.6","36","9.76","0.58","141.87","2381.92","138500","100","20230425","1392","20230104","1108"
"7990","グローブライド","東証PR","その他製品","45576","24000000","3.69","70","8.39","0.86","226.37","2209.35","189900","100","20230210","2714","20230825","1879"
"7991","マミヤ・オーピー","東証ST","機械","15779","9358670","2.97","50","8.15","0.85","206.8","1982.38","168600","100","20230809","1832","20230619","1305"
"7992","セーラー万年筆","東証ST","その他製品","4716","29659554","0","0","-","1.27","-9.31","125.69","15900","100","20230509","208","20230316","151"
"7994","オカムラ","東証PR","その他製品","219454","100621021","3.03","66","11.34","1.32","192.29","1655.89","218100","100","20230815","2248","20230206","1272"
"7995","バルカー","東証PR","化学","77745","18688733","3.61","150","13.78","1.61","301.98","2588.15","416000","100","20230828","4175","20230105","2583"
"7997","くろがね工作所","東証ST","その他製品","1634","1857113","0","0","1.34","0.46","657.48","1924.9","88000","100","20230414","1159","20230213","408"
"7999","MUTOHホールディングス","東証ST","電気機器","10110","5054818","2.75","55","13.42","0.42","148.98","4761.54","200000","100","20230815","2048","20230104","1517"
"8001","伊藤忠商事","東証PR","卸売","8739081","1584889504","2.9","160","10.29","1.57","535.98","3511.06","551400","100","20230622","5900","20230106","3947"
"8002","丸紅","東証PR","卸売","3990871","1698604207","3.32","78","9.46","1.3","248.33","1809.25","234950","100","20230623","2705","20230105","1476"
"8005","スクロール","東証PR","小売","34572","35098550","4.87","48","8.2","1.06","120.09","929.17","98500","100","20230731","991","20230105","693"
"8006","ユアサ・フナショク","東証ST","卸売","14561","4897723","-","-","9.54","0.4","311.57","7427.48","297300","100","20230711","3165","20230119","2540"
"8007","高島","東証PR","卸売","16213","4466273","4.68","170","10.09","0.82","359.69","4425.59","363000","100","20230810","3750","20230316","2768"
"8008","ヨンドシーホールディングス","東証PR","小売","46570","24331356","4.34","83","31.57","1.09","60.63","1761.67","191400","100","20230707","1969","20230110","1690"
"8011","三陽商会","東証PR","繊維製品","24400","12622934","3.05","59","9.01","0.61","214.46","3193.57","193300","100","20230712","2153","20230117","1264"
"8012","長瀬産業","東証PR","卸売","294948","117908285","3.2","80","12.16","0.77","205.75","3232.75","250150","100","20230828","2504","20230116","1929"
"8013","ナイガイ","東証ST","繊維製品","2358","8217281","0","0","10.44","0.4","27.49","708.86","28700","100","20230127","335","20230428","256"
"8014","蝶理","東証PR","卸売","71685","25303478","4.09","116","7.42","0.94","382.01","3022.16","283300","100","20230711","3070","20230104","2119"
"8015","豊田通商","東証PR","卸売","3048427","354056516","2.49","214","10.1","1.44","852.6","5988.03","861000","100","20230801","8655","20230105","4770"
"8016","オンワードホールディングス","東証PR","繊維製品","81646","157921669","3.09","16","14.03","0.93","36.84","558.09","51700","100","20230720","584","20230116","301"
"8018","三共生興","東証ST","卸売","39480","56000000","3.55","25","12.48","0.68","56.49","1031.7","70500","100","20230824","707","20230106","455"
"8020","兼松","東証PR","卸売","172634","84500202","4.41","90","7.26","1.25","281.29","1639.86","204300","100","20230622","2105","20230116","1447"
"8022","美津濃","東証PR","その他製品","123190","26578243","1.51","70","10.77","0.92","430.31","5053.72","463500","100","20230823","4725","20230116","2634"
"8023","大興電子通信","東証ST","情報通信","8307","13868408","3.34","20","6.87","0.8","87.13","746.16","59900","100","20230809","614","20230104","455"
"8025","ツカモトコーポレーション","東証ST","卸売","5246","4069747","2.33","30","43.17","0.43","29.86","3025.46","128900","100","20230331","1660","20230531","1230"
"8029","ルックホールディングス","東証ST","繊維製品","15379","7755313","3.53","70","5.21","0.44","380.36","4467.09","198300","100","20230720","2770","20230818","1942"
"8030","中央魚類","東証ST","卸売","13054","4315300","2.31","70","8.95","0.47","337.96","6408.93","302500","100","20230228","3200","20230124","2910"
"8031","三井物産","東証PR","卸売","8340843","1544886668","2.78","150","9.32","1.2","579.25","4488.86","539900","100","20230622","5928","20230324","3700"
"8032","日本紙パルプ商事","東証PR","卸売","70226","15021551","2.78","130","5.83","0.52","801.87","8919","467500","100","20230309","5740","20230803","4485"
"8035","東京エレクトロン","東証PR","電気機器","9883064","471632733","1.53","320","32.68","6.42","641.2","3263.33","2095500","100","20230801","21885","20230104","12740"
"8037","カメイ","東証PR","卸売","54433","37591969","2.76","40","5.29","0.35","273.81","4170.46","144800","100","20230510","1672","20230106","1168"
"8038","東都水産","東証ST","卸売","25283","4026000","2.15","135","16.43","1.06","382.3","5943.44","628000","100","20230330","6990","20230130","4905"
"8039","築地魚市場","東証ST","卸売","6817","2253520","1.16","35","19.32","1.1","156.54","2754.79","302500","100","20230622","3545","20230110","2595"
"8040","東京ソワール","東証ST","繊維製品","3312","3860000","2.33","20","4.88","0.31","175.72","2740.92","85800","100","20230201","1043","20230112","773"
"8041","OUGホールディングス","東証ST","卸売","13800","5562292","2.42","60","6.07","0.5","408.68","4957.61","248100","100","20230509","2550","20230117","2321"
"8043","スターゼン","東証PR","卸売","50349","19522552","2.91","75","8.22","0.7","313.91","3703.36","257900","100","20230828","2580","20230116","2029"
"8045","横浜丸魚","東証ST","卸売","5882","7261706","2.72","22","15.17","0.38","53.4","2128.68","81000","100","20230724","910","20230117","727"
"8046","丸藤シートパイル","東証ST","卸売","9332","4000000","3.86","90","6.9","0.3","338.05","7879.67","233300","100","20230731","2391","20230117","1906"
"8050","セイコーグループ","東証PR","精密機器","110963","41404261","2.8","75","13.83","0.81","193.82","3320.75","268000","100","20230106","3085","20230526","2485"
"8051","山善","東証PR","卸売","107600","95305435","3.99","45","10.03","0.79","112.56","1426.44","112900","100","20230801","1215","20230105","975"
"8052","椿本興業","東証PR","卸売","32620","6497969","2.79","140","10.31","0.9","486.9","5601.43","502000","100","20230824","5070","20230105","3765"
"8053","住友商事","東証PR","卸売","3600756","1223082867","4.08","120","7.51","0.88","391.79","3339.7","294400","100","20230622","3202","20230105","2134"
"8056","BIPROGY","東証PR","情報通信","409813","109663524","2.41","90","17.07","2.63","218.9","1420.13","373700","100","20230828","3744","20230220","2903"
"8057","内田洋行","東証PR","卸売","67518","10419371","2.31","150","12.02","1.26","538.96","5140.6","648000","100","20230828","6490","20230106","4435"
"8058","三菱商事","東証PR","卸売","10061020","1437493951","2.86","200","10.81","1.16","647.32","6017.54","699900","100","20230622","7455","20230104","4194"
"8059","第一実業","東証PR","卸売","58647","11086400","3.4","180","10.35","0.86","511.34","6125.01","529000","100","20230531","6070","20230105","4270"
"8060","キヤノンマーケティングジャパン","東証PR","卸売","493385","131079972","2.66","100","13.56","1.18","277.61","3185.97","376400","100","20230814","3850","20230116","2839"
"8061","西華産業","東証PR","卸売","25738","12320650","3.83","80","8.69","0.7","240.43","2991.32","208900","100","20230510","2339","20230106","1515"
"8065","佐藤商事","東証PR","卸売","31696","21799050","4.47","65","6.81","0.53","213.39","2747.51","145400","100","20230731","1548","20230106","1190"
"8066","三谷商事","東証ST","卸売","161291","120008548","2.46","33","9.92","0.8","135.51","1678.82","134400","100","20230214","1499","20230118","1270"
"8068","菱洋エレクトロ","東証PR","卸売","89914","26800000","4.77","160","9.03","1.38","371.45","2422.69","335500","100","20230704","3770","20230130","2285"
"8070","東京産業","東証PR","卸売","23746","28678486","4.35","36","8.95","0.77","92.5","1077.06","82800","100","20230623","929","20230324","700"
"8072","日本出版貿易","東証ST","卸売","1476","700000","1.42","30","7.35","0.67","286.78","3146.19","210800","100","20230315","2848","20230104","1472"
"8074","ユアサ商事","東証PR","卸売","93815","22100000","4.05","172","7.64","0.94","555.75","4516.66","424500","100","20230731","4645","20230203","3460"
"8075","神鋼商事","東証PR","卸売","49885","8860562","4.35","245","6.98","0.66","806.83","8483.07","563000","100","20230307","6380","20230105","4985"
"8076","カノークス","東証ST","卸売","22451","11103500","4.75","96","10.6","0.72","190.82","2813.2","202200","100","20230814","2025","20230117","1412"
"8077","トルク","東証PR","卸売","6890","28007448","2.44","6","10.17","0.5","24.18","494.82","24600","100","20230614","302","20230106","199"
"8078","阪和興業","東証PR","卸売","195788","42332640","3.68","170","5.22","0.6","885.89","7711.69","462500","100","20230801","4970","20230105","3500"
"8079","正栄食品工業","東証PR","卸売","77121","17100000","1.06","48","47.46","1.58","95.02","2863.05","451000","100","20230815","4515","20230105","3825"
"8081","カナデン","東証PR","卸売","30562","23600000","3.55","46","10.11","0.68","128.03","1907.01","129500","100","20230301","1372","20230106","1064"
"8084","RYODEN","東証PR","卸売","52771","22824977","3.46","80","10.52","0.63","219.78","3684.6","231200","100","20230816","2327","20230105","1651"
"8085","ナラサキ産業","東証ST","卸売","12867","5325600","3.1","75","6.04","0.58","399.86","4131.68","241600","100","20230807","2600","20230105","1714"
"8086","ニプロ","東証PR","精密機器","197178","171459479","2.17","25","16.75","0.88","68.67","1306.23","115000","100","20230810","1155","20230531","987"
"8088","岩谷産業","東証PR","卸売","437690","58561649","1.27","95","12.83","1.38","582.36","5416.73","747400","100","20230608","7890","20230110","5360"
"8089","ナイス","東証ST","卸売","18599","12180419","3.27","50","4.74","0.36","322.22","4232.92","152700","100","20230801","1573","20230123","1252"
"8091","ニチモウ","東証PR","卸売","17680","4504400","4.59","180","6.42","0.63","611.38","6252.88","392500","100","20230802","4135","20230106","2780"
"8093","極東貿易","東証PR","卸売","23905","12991836","4.86","89.5","20.6","0.94","89.31","1948.98","184000","100","20230815","1860","20230105","1324"
"8095","アステナホールディングス","東証PR","卸売","18562","40884504","3.96","18","1816","0.68","0.25","671.4","45400","100","20230612","461","20230116","400"
"8097","三愛オブリ","東証PR","卸売","112880","68000000","3.61","60","11.09","0.98","149.74","1690.05","166000","100","20230828","1662","20230105","1200"
"8098","稲畑産業","東証PR","卸売","178086","55914127","3.77","120","8.38","0.93","379.87","3412.11","318500","100","20230622","3375","20230105","2323"
"8101","GSIクレオス","東証PR","卸売","27129","12629942","3.72","80","13.51","1.02","159.02","2107.04","214800","100","20230815","2194","20230106","1420"
"8103","明和産業","東証PR","卸売","27658","41780000","4.08","27","12.57","0.78","52.68","846.92","66200","100","20230309","719","20230804","639"
"8104","クワザワホールディングス","東証ST","卸売","8514","16694496","1.96","10","11.79","0.53","43.25","962.54","51000","100","20230705","620","20230105","410"
"8105","堀田丸正","東証ST","卸売","3101","59640348","0","0","75.36","0.96","0.69","54.28","5200","100","20230209","68","20230105","51"
"8107","キムラタン","東証ST","繊維製品","4691","234531410","0","0","222.22","5.88","0.09","3.4","2000","100","20230407","24","20230809","18"
"8111","ゴールドウイン","東証PR","繊維製品","480413","47448172","1.14","115","21.02","5.76","481.66","1758.52","1012500","100","20230619","13735","20230106","8980"
"8113","ユニ・チャーム","東証PR","化学","3538756","620834319","0.7","40","41.77","5.1","136.45","1117.94","570000","100","20230809","5958","20230105","4730"
"8114","デサント","東証PR","繊維製品","276927","76924176","1.22","44","24.71","2.73","145.69","1320.99","360000","100","20230515","4450","20230120","3045"
"8115","ムーンバット","東証ST","卸売","3089","4774719","3.09","20","9.89","0.6","65.41","1071.53","64700","100","20230808","750","20230105","457"
"8117","中央自動車工業","東証ST","卸売","72272","20020000","2.66","96","10.21","1.53","353.61","2355.94","361000","100","20230815","3845","20230210","2363"
"8118","キング","東証ST","繊維製品","16052","24771561","2.78","18","13.47","0.5","48.09","1308.49","64800","100","20230621","670","20230412","480"
"8119","三栄コーポレーション","東証ST","卸売","4930","2552946","1.04","20","154.11","0.45","12.53","4310.82","193100","100","20230802","1931","20230105","1347"
"8123","川辺","東証ST","卸売","2027","1861000","1.84","20","19.88","0.32","54.78","3425.34","108900","100","20230511","1279","20230106","902"
"8125","ワキタ","東証PR","卸売","69240","52021297","3.23","43","15.88","0.68","83.79","1952.26","133100","100","20230523","1427","20230320","1116"
"8127","ヤマトインターナショナル","東証ST","繊維製品","6327","21302936","2.02","6","16.95","0.37","17.52","808.15","29700","100","20230707","314","20230106","233"
"8129","東邦ホールディングス","東証PR","卸売","225222","78270142","1.25","36","15.51","0.77","185.54","3728.08","287750","100","20230817","2920","20230116","2000"
"8130","サンゲツ","東証PR","卸売","172805","59200000","4.45","130","16.31","1.78","178.93","1635.63","291900","100","20230814","2930","20230105","2082"
"8131","ミツウロコグループホールディングス","東証ST","卸売","77453","60134401","3.03","39","10.64","0.82","121.07","1578.17","128800","100","20230629","1460","20230112","1047"
"8132","シナネンホールディングス","東証PR","卸売","52447","13046591","1.87","75","33.72","0.83","119.22","4835.08","402000","100","20230810","4075","20230320","3060"
"8133","伊藤忠エネクス","東証PR","卸売","171348","116881106","3.55","52","12.26","1.06","119.62","1379.25","146600","100","20230814","1494","20230106","1025"
"8135","ゼット","東証ST","卸売","5910","20102000","2.72","8","9.59","0.44","30.65","665.76","29400","100","20230310","420","20230512","265"
"8136","サンリオ","東証PR","卸売","660155","89089701","0.61","45","49.8","10.15","148.8","729.91","741000","100","20230814","8290","20230216","3820"
"8137","サンワテクノス","東証PR","卸売","35184","16044000","4.1","90","8.53","0.74","257","2968.33","219300","100","20230704","2542","20230106","1530"
"8138","三京化成","東証ST","卸売","4836","1560000","2.9","90","11.82","0.43","262.35","7130.3","310000","100","20230203","4000","20230106","3035"
"8139","ナガホリ","東証ST","卸売","19289","16773376","0.7","8","58.79","1.46","19.56","787.7","115000","100","20230227","1221","20230426","842"
"8140","リョーサン","東証PR","卸売","100750","25000000","2.48","100","18.89","0.9","213.33","4468.96","403000","100","20230705","4590","20230106","2744"
"8141","新光商事","東証PR","卸売","43446","38010566","4.64","53","10.8","0.71","105.79","1599.88","114300","100","20230302","1353","20230516","1042"
"8142","トーホー","東証PR","卸売","33807","11012166","1.95","60","15.01","1.43","204.53","2153.37","307000","100","20230622","3145","20230116","1535"
"8143","ラピーヌ","東証ST","繊維製品","775","2567064","0","0","-","0.63","0","480.9","30200","100","20230118","460","20230823","297"
"8144","デンキョーグループホールディングス","東証ST","卸売","8485","6665021","3.14","40","9.67","0.29","131.62","4374.69","127300","100","20230726","1321","20230510","1127"
"8147","トミタ","東証ST","卸売","6213","6158000","1.88","19","10.46","0.47","96.43","2165.59","100900","100","20230814","1300","20230508","994"
"8150","三信電気","東証PR","卸売","35200","16281373","4.63","100","10.14","0.76","213.25","2853.2","216200","100","20230203","2669","20230531","1998"
"8151","東陽テクニカ","東証PR","卸売","34797","26085000","4.05","54","15.25","1.07","87.5","1241.54","133400","100","20230703","1469","20230106","1260"
"8152","ソマール","東証ST","卸売","4503","1958734","2.17","50","16.21","0.29","141.81","7818.57","229900","100","20230815","2350","20230104","1800"
"8153","モスフードサービス","東証PR","卸売","106913","32009910","0.84","28","73.58","2.11","45.39","1581.83","334000","100","20230814","3425","20230330","3000"
"8154","加賀電子","東証PR","卸売","188286","28702118","3.35","220","9.57","1.27","685.43","5173.09","656000","100","20230703","6660","20230105","3900"
"8155","三益半導体工業","東証PR","金属製品","101131","35497183","-","-","-","1.2","-","2378.18","284900","100","20230703","3225","20230106","2253"
"8157","都築電気","東証PR","情報通信","46914","20177894","3.27","76","9.37","1.19","248.1","1961.25","232500","100","20230828","2332","20230106","1270"
"8158","ソーダニッカ","東証PR","卸売","20625","22968000","3.12","28","12.89","0.76","69.69","1182.83","89800","100","20230306","920","20230116","687"
"8159","立花エレテック","東証PR","卸売","65491","25025242","3.82","100","9.28","0.75","282.04","3505.79","261700","100","20230622","3200","20230106","1713"
"8160","木曽路","東証PR","小売","74899","28543889","0.61","16","80.32","2.75","32.67","952.47","262400","100","20230814","2690","20230110","2050"
"8163","SRSホールディングス","東証PR","小売","43544","41470184","0.48","5","54.26","3.1","19.35","339.05","105000","100","20230814","1063","20230105","865"
"8165","千趣会","東証PR","小売","20927","52056993","0","0","-","0.98","-89.72","408.87","40200","100","20230518","431","20230106","379"
"8166","タカキュー","東証ST","小売","2178","24470822","0","0","54.27","-","1.64","-72.7","8900","100","20230712","117","20230104","73"
"8167","リテールパートナーズ","東証PR","小売","67170","46646059","1.67","24","17.68","0.81","81.43","1767.11","144000","100","20230614","1739","20230110","1195"
"8168","ケーヨー","東証PR","小売","56086","65140184","1.68","14.5","13.39","1.08","64.31","794.31","86100","100","20230220","899","20230531","772"
"8173","上新電機","東証PR","小売","62384","28000000","3.37","75","9.81","0.59","227.1","3796.13","222800","100","20230828","2230","20230601","1877"
"8174","日本瓦斯","東証PR","小売","261136","115317098","3.31","75","23.44","3.55","96.6","637.16","226450","100","20230828","2273","20230420","1689"
"8179","ロイヤルホールディングス","東証PR","小売","131236","49861862","0.68","18","36","2.86","73.12","919","263200","100","20230516","2968","20230104","2252"
"8181","東天紅","東証ST","小売","2164","2572871","-","-","-","0.35","-159.64","2395.72","84100","100","20230817","875","20230328","733"
"8182","いなげや","東証PR","小売","78415","52381447","1","15","385.82","1.26","3.88","1184.41","149700","100","20230427","2000","20230106","1197"
"8185","チヨダ","東証PR","小売","38340","38609996","2.82","28","91.69","0.69","10.83","1439.99","99300","100","20230724","1054","20230104","756"
"8194","ライフコーポレーション","東証PR","小売","180001","49450800","2.2","80","12.65","1.37","287.67","2657.64","364000","100","20230814","3730","20230316","2453"
"8198","マックスバリュ東海","東証ST","小売","89175","31973848","2.15","60","15.58","1.21","179.03","2306.83","278900","100","20230106","2890","20230314","2622"
"8200","リンガーハット","東証PR","小売","61781","26067972","0.42","10","153.5","5.15","15.44","460.46","237000","100","20230628","2545","20230104","2165"
"8202","ラオックスホールディングス","東証ST","小売","24827","93335103","0","0","-","1.09","-","244.21","26600","100","20230817","372","20230106","206"
"8203","ミスターマックス・ホールディングス","東証PR","小売","23846","39611134","3.49","21","8","0.63","75.25","963.1","60200","100","20230309","693","20230804","587"
"8207","テンアライド","東証ST","小売","10396","33321727","0","0","528.81","5.5","0.59","56.73","31200","100","20230809","323","20230330","244"
"8208","エンチョー","東証ST","小売","6912","6857497","1.98","20","68.95","0.73","14.62","1381.13","100800","100","20230130","1080","20230424","970"
"8209","フレンドリー","東証ST","小売","1445","2855699","0","0","28.86","20.92","17.53","24.19","50600","100","20230113","817","20230331","400"
"8214","AOKIホールディングス","東証PR","小売","87516","86649504","2.67","27","14.7","0.64","68.72","1569.07","101000","100","20230828","1018","20230118","648"
"8215","銀座山形屋","東証ST","小売","1786","1804471","4.04","40","8.54","0.75","115.95","1321.23","99000","100","20230801","1008","20230104","780"
"8217","オークワ","東証PR","小売","39492","45237297","2.98","26","31.92","0.5","27.35","1755.16","87300","100","20230124","932","20230316","804"
"8218","コメリ","東証PR","小売","164588","54409168","1.72","52","8.44","0.63","358.24","4801.53","302500","100","20230426","3185","20230203","2567"
"8219","青山商事","東証PR","小売","75994","50394016","2.79","42","10.74","0.45","140.44","3360.17","150800","100","20230824","1536","20230118","812"
"8225","タカチホ","東証ST","卸売","1484","727500","0","0","5.64","0.87","361.58","2334.16","204000","100","20230814","2219","20230215","1615"
"8226","理経","東証ST","卸売","3553","15514721","1.31","3","34.64","0.8","6.61","285.59","22900","100","20230104","276","20230529","221"
"8227","しまむら","東証PR","小売","578431","36913299","1.72","270","14.57","1.29","1075.38","12118.33","1567000","100","20230824","15825","20230116","12000"
"8230","はせがわ","東証ST","小売","6414","18646376","4.36","15","8.34","0.57","41.23","604.43","34400","100","20230403","401","20230113","316"
"8233","高島屋","東証PR","小売","385205","177759481","1.29","28","13.95","0.81","155.33","2670.26","216700","100","20230817","2286","20230118","1665"
"8237","松屋","東証PR","小売","56913","53289640","0.47","5","94.43","2.51","11.31","426.16","106800","100","20230712","1286","20230113","966"
"8242","エイチ・ツー・オーリテイリング","東証PR","小売","210213","125201396","1.49","25","20.47","0.76","82.04","2214.58","167900","100","20230817","1801","20230118","1154"
"8244","近鉄百貨店","東証ST","小売","107808","40437940","0.38","10","41.24","3.09","64.65","863.33","266600","100","20230825","2810","20230320","2328"
"8247","大和","東証ST","小売","2822","6003400","0","0","32.96","0.71","14.26","659.29","47000","100","20230712","531","20230104","397"
"8252","丸井グループ","東証PR","小売","521547","208660417","4.04","101","18.2","1.92","137.31","1299.19","249950","100","20230510","2616","20230324","1956"
"8253","クレディセゾン","東証PR","その他金融","409184","185444772","3.63","80","7.04","0.57","313.44","3902.58","220650","100","20230706","2326","20230116","1599"
"8254","さいか屋","東証ST","小売","1849","4970314","0","0","368.32","3.65","1.01","101.93","37200","100","20230307","407","20230117","300"
"8255","アクシアルリテイリング","東証PR","小売","86068","23388039","2.31","85","12.11","1.07","303.94","3446.52","368000","100","20230802","4105","20230531","3250"
"8256","プロルート丸光","東証ST","卸売","1517","45964725","-","-","150","-","0.22","-1.68","3300","100","20230110","77","20230825","30"
"8260","井筒屋","東証ST","小売","4363","11480495","1.32","5","7.26","0.42","52.37","905.17","38000","100","20230816","444","20230531","302"
"8267","イオン","東証PR","小売","2683784","871924572","1.17","36","105.27","2.62","29.24","1174.11","307800","100","20230814","3143","20230316","2468"
"8273","イズミ","東証PR","小売","257995","71665200","2.44","88","13.48","0.96","267.15","3742.58","360000","100","20230814","3715","20230111","2796"
"8275","フォーバル","東証PR","卸売","33945","27732622","2.29","28","16.56","2.21","73.9","554.06","122400","100","20230731","1239","20230118","961"
"8276","平和堂","東証PR","小売","126847","52546470","1.74","42","27.52","0.7","87.71","3449.83","241400","100","20230814","2462","20230405","1942"
"8278","フジ","東証PR","小売","157906","86856954","1.65","30","30.9","0.75","58.84","2419.81","181800","100","20230814","1865","20230316","1627"
"8279","ヤオコー","東証PR","小売","304865","40013722","1.12","85","18.5","2.02","411.81","3770.28","761900","100","20230815","7846","20230116","6560"
"8281","ゼビオホールディングス","東証PR","小売","48246","47911023","2.98","30","7.89","0.36","127.64","2784.15","100700","100","20230512","1291","20230116","889"
"8282","ケーズホールディングス","東証PR","小売","270000","200000000","3.26","44","11.39","0.88","118.52","1528.02","135000","100","20230828","1350","20230111","1107"
"8283","PALTAC","東証PR","卸売","299909","63553485","1.91","90","14.61","1.12","323.01","4199.48","471900","100","20230425","5330","20230816","4461"
"8285","三谷産業","東証PR","卸売","19829","61772500","2.8","9","19.77","0.45","16.24","709.18","32100","100","20230329","333","20230110","303"
"8289","Olympicグループ","東証ST","小売","12238","23354223","3.82","20","12.04","0.46","43.53","1139.29","52400","100","20230713","575","20230118","494"
"8291","日産東京販売ホールディングス","東証PR","小売","29319","66635063","3.41","15","8.85","0.59","49.73","745.57","44000","100","20230810","446","20230116","281"
"8301","日本銀行（優先出資証券）","東証","銀行","29790","1000000","-","-","-","-","-","-","2979000","100","20230721","39900","20230330","24200"
"8303","SBI新生銀行","東証ST","銀行","579838","205034689","-","-","12.83","0.59","220.43","4761.05","282800","100","20230801","2867","20230104","2130"
"8304","あおぞら銀行","東証PR","銀行","335705","118289418","5.43","154","13.81","0.77","205.51","3707.57","283800","100","20230731","2954","20230316","2302"
"8306","三菱UFJフィナンシャル・グループ","東証PR","銀行","14660650","12687710920","3.55","41","-","0.77","-","1503.17","115550","100","20230731","1163","20230316","805"
"8308","りそなホールディングス","東証PR","銀行","1799375","2362314589","2.89","22","11.97","0.69","63.63","1104.44","76170","100","20230310","795","20230324","586"
"8309","三井住友トラスト・ホールディングス","東証PR","銀行","1977752","364025840","4.05","220","9.86","0.69","550.81","7847.99","543300","100","20230731","5638","20230316","4427"
"8316","三井住友フィナンシャルグループ","東証PR","銀行","8800941","1337529084","3.8","250","10.72","0.66","613.95","9983.14","658000","100","20230731","6771","20230316","4997"
"8331","千葉銀行","東証PR","銀行","837132","815521087","2.92","30","12.19","0.67","84.19","1521.33","102650","100","20230309","1038","20230327","814"
"8334","群馬銀行","東証PR","銀行","279255","425888177","3.05","20","9.44","0.49","69.47","1338.15","65570","100","20230828","656.2","20230316","428"
"8336","武蔵野銀行","東証PR","銀行","87286","33805456","3.87","100","7.91","0.33","326.54","7744.38","258200","100","20230309","2654","20230104","2046"
"8337","千葉興業銀行","東証PR","銀行","46542","62222045","0.67","5","6.79","0.25","110.09","3001.99","74800","100","20230828","765","20230110","436"
"8338","筑波銀行","東証PR","銀行","18987","82553721","2.17","5","5.74","0.2","40.04","1138.25","23000","100","20230113","255","20230526","193"
"8341","七十七銀行","東証PR","銀行","235716","76655746","3.41","105","8.92","0.42","344.64","7360.66","307500","100","20230828","3090","20230316","2058"
"8343","秋田銀行","東証PR","銀行","32912","18093643","3.85","70","9.12","0.2","199.35","9018.86","181900","100","20230302","2039","20230531","1620"
"8344","山形銀行","東証PR","銀行","35165","32500000","3.23","35","9.89","0.25","109.4","4301.96","108200","100","20230224","1330","20230330","998"
"8345","岩手銀行","東証PR","銀行","44469","18497786","3.33","80","10.43","0.22","230.54","11073.48","240400","100","20230309","2569","20230110","1907"
"8346","東邦銀行","東証PR","銀行","67923","252500000","2.6","7","12.79","0.35","21.03","779.25","26900","100","20230828","270","20230316","213"
"8349","東北銀行","東証ST","銀行","10204","9509963","4.66","50","7.27","0.26","147.5","4178.16","107300","100","20230731","1092","20230316","960"
"8354","ふくおかフィナンシャルグループ","東証PR","銀行","648341","191138265","3.39","115","10.44","0.68","324.98","5009.3","339200","100","20230731","3464","20230327","2467"
"8358","スルガ銀行","東証PR","銀行","137891","232139248","2.36","14","13.16","0.41","45.12","1455.34","59400","100","20230705","615","20230118","403"
"8359","八十二銀行","東証PR","銀行","400790","513767424","2.56","20","16.24","0.39","48.03","2020.52","78010","100","20230828","785","20230118","528"
"8360","山梨中央銀行","東証PR","銀行","48191","32783000","3.4","50","8.51","0.22","172.68","6637.31","147000","100","20230828","1491","20230106","1070"
"8361","大垣共立銀行","東証PR","銀行","82911","41831897","3.53","70","11.96","0.27","165.77","7349.82","198200","100","20230309","2124","20230330","1757"
"8362","福井銀行","東証PR","銀行","36965","24144669","3.27","50","23.52","0.27","65.09","5615.96","153100","100","20230208","1779","20230601","1397"
"8364","清水銀行","東証PR","銀行","17951","11641318","3.89","60","14.8","0.24","104.16","6418.65","154200","100","20230113","1629","20230531","1402"
"8365","富山銀行","東証ST","銀行","9539","5444400","2.85","50","12.65","0.31","138.54","5693.27","175200","100","20230130","1887","20230316","1596"
"8366","滋賀銀行","東証PR","銀行","168561","53090081","2.83","90","9.85","0.32","322.26","9927.15","317500","100","20230828","3200","20230106","2561"
"8367","南都銀行","東証PR","銀行","86065","33025656","3.99","104","7.52","0.3","346.44","8681.36","260600","100","20230309","2818","20230316","2265"
"8368","百五銀行","東証PR","銀行","125535","254119000","2.83","14","8.64","0.3","57.18","1668.54","49400","100","20230814","505","20230316","356"
"8369","京都銀行","東証PR","銀行","647528","75840688","1.87","160","22.67","0.57","376.62","14899.74","853800","100","20230828","8570","20230106","5710"
"8370","紀陽銀行","東証PR","銀行","99873","67300000","2.7","40","6.77","0.43","219.12","3439.88","148400","100","20230309","1726","20230316","1438"
"8377","ほくほくフィナンシャルグループ","東証PR","銀行","166372","128770814","2.86","37","9.66","0.26","133.7","4908.79","129200","100","20230828","1294","20230330","908"
"8381","山陰合同銀行","東証PR","銀行","141437","156977472","4","36","8.69","0.44","103.7","2068.76","90100","100","20230731","933","20230316","718"
"8383","鳥取銀行","東証ST","銀行","12150","9619938","3.96","50","11.82","0.24","106.83","5225.67","126300","100","20230221","1294","20230118","1122"
"8386","百十四銀行","東証PR","銀行","63875","29100000","3.19","70","9.77","0.21","224.77","10256.73","219500","100","20230814","2255","20230608","1733"
"8387","四国銀行","東証PR","銀行","39425","42900000","3.81","35","7.51","0.25","122.43","3734.57","91900","100","20230113","1053","20230601","825"
"8388","阿波銀行","東証PR","銀行","91068","41040000","3.15","70","8.53","0.3","260.02","7392.29","221900","100","20230224","2290","20230316","1872"
"8392","大分銀行","東証PR","銀行","38855","16243634","3.76","90","7.26","0.19","329.43","12484.27","239200","100","20230731","2470","20230111","1955"
"8393","宮崎銀行","東証PR","銀行","45723","17633400","3.86","100","7.22","0.26","359.01","9819.16","259300","100","20230224","2838","20230601","2243"
"8395","佐賀銀行","東証PR","銀行","30776","17135909","3.9","70","5.8","0.27","309.7","6607.24","179600","100","20230302","1936","20230411","1582"
"8399","琉球銀行","東証PR","銀行","44617","43108470","3.57","37","8.44","0.31","122.67","3331.11","103500","100","20230224","1159","20230105","858"
"8410","セブン銀行","東証PR","銀行","360986","1179308000","3.59","11","9.4","1.44","32.58","212.99","30610","100","20230731","313","20230106","257"
"8411","みずほフィナンシャルグループ","東証PR","銀行","6057381","2539249894","3.98","95","9.91","0.64","240.7","3743.86","238550","100","20230801","2452","20230316","1744"
"8416","高知銀行","東証ST","銀行","9896","10244800","2.59","25","6.97","0.13","138.57","7462.59","96600","100","20230808","1108","20230531","646"
"8418","山口フィナンシャルグループ","東証PR","銀行","266931","234767616","3.78","43","10.64","0.4","106.91","2812.06","113700","100","20230828","1140.5","20230316","787"
"8421","信金中央金庫（優先出資証券）","東証","銀行","194194","708222","-","-","-","-","-","-","274200","1","20230104","290700","20230316","265200"
"8424","芙蓉総合リース","東証PR","その他金融","355882","30287810","3.32","390","8.2","0.93","1432.49","12576.55","1175000","100","20230814","12230","20230106","8360"
"8425","みずほリース","東証PR","その他金融","229339","49004000","3.55","166","7.31","0.84","640.35","5562.99","468000","100","20230731","4890","20230106","3255"
"8439","東京センチュリー","東証PR","その他金融","674195","123028320","3.65","200","9.58","0.86","571.83","6335.64","548000","100","20230731","5614","20230116","4265"
"8462","フューチャーベンチャーキャピタル","東証ST","証券・先物","5404","8902600","-","-","-","1.12","-","541.38","60700","100","20230328","1200","20230106","562"
"8473","SBIホールディングス","東証PR","証券・先物","802589","272711290","-","-","-","0.75","-","3910.75","294300","100","20230804","3030","20230104","2505"
"8508","Jトラスト","東証ST","その他金融","65873","147038315","3.13","14","3.63","0.4","123.47","1116.76","44800","100","20230126","590","20230316","371"
"8511","日本証券金融","東証PR","その他金融","107712","88000000","2.78","34","15.75","0.76","77.72","1613.04","122400","100","20230828","1225","20230320","943"
"8515","アイフル","東証PR","その他金融","166225","484620136","0.29","1","7.34","0.93","46.72","369.27","34300","100","20230104","399","20230817","320"
"8518","日本アジア投資","東証ST","証券・先物","4847","17884392","0","0","-","0.65","-","414","27100","100","20230308","289","20230213","215"
"8522","名古屋銀行","東証PR","銀行","73500","17355487","2.83","120","8.51","0.28","497.87","15211.51","423500","100","20230828","4250","20230316","3040"
"8524","北洋銀行","東証PR","銀行","118521","399060179","3.37","10","10.31","0.27","28.82","1080.12","29700","100","20230309","334","20230104","253"
"8537","大光銀行","東証ST","銀行","11731","9671400","4.12","50","10.73","0.16","113.07","7780.74","121300","100","20230302","1299","20230601","1022"
"8541","愛媛銀行","東証PR","銀行","34183","39426777","3.46","30","7.21","0.26","120.27","3362.48","86700","100","20230309","1014","20230601","784"
"8542","トマト銀行","東証ST","銀行","12940","11679030","4.51","50","7.49","0.23","147.92","4789.12","110800","100","20230301","1147","20230118","1000"
"8544","京葉銀行","東証PR","銀行","78080","133927858","3.77","22","8.04","0.24","72.47","2396.47","58300","100","20230309","688","20230601","505"
"8550","栃木銀行","東証PR","銀行","31129","109608000","2.11","6","14.7","0.19","19.32","1491.57","28400","100","20230309","365","20230525","233"
"8551","北日本銀行","東証PR","銀行","18827","8793776","2.8","60","7.82","0.23","273.68","9453.87","214100","100","20230113","2348","20230601","1918"
"8558","東和銀行","東証PR","銀行","20858","37180273","4.46","25","10.36","0.18","54.16","3172.27","56100","100","20230130","635","20230601","509"
"8562","福島銀行","東証ST","銀行","6272","28000000","2.23","5","12.53","0.26","17.87","870.23","22400","100","20230113","279","20230531","203"
"8563","大東銀行","東証ST","銀行","8510","12701462","4.48","30","7.07","0.23","94.78","2932.78","67000","100","20230131","774","20230531","613"
"8566","リコーリース","東証PR","その他金融","132159","31243223","3.55","150","9.05","0.61","467.16","6891.77","423000","100","20230801","4420","20230120","3715"
"8570","イオンフィナンシャルサービス","東証PR","その他金融","275737","216010128","4.15","53","10.21","0.63","125.08","2031.26","127650","100","20230110","1431","20230316","1165"
"8572","アコム","東証ST","その他金融","536565","1566614098","3.5","12","9.27","0.91","36.96","376.47","34250","100","20230719","365","20230117","301"
"8584","ジャックス","東証PR","その他金融","177150","35079161","3.96","200","7.61","0.83","663.2","6085.1","505000","100","20230807","5350","20230106","3875"
"8585","オリエントコーポレーション","東証PR","その他金融","188727","171882370","3.64","40","9.42","0.84","116.61","1300.16","109800","100","20230309","1203","20230601","1054"
"8591","オリックス","東証PR","その他金融","3280995","1234849342","3.54","94","9.41","0.85","282.31","3116.78","265700","100","20230731","2751","20230110","2092"
"8593","三菱HCキャピタル","東証PR","その他金融","1358654","1466912244","3.99","37","11.09","0.84","83.55","1107.43","92620","100","20230801","947","20230106","635"
"8595","ジャフコグループ","東証PR","証券・先物","101385","56060000","-","-","-","0.77","-","2344.06","180850","100","20230127","2507","20230817","1676"
"8596","九州リースサービス","東証ST","その他金融","21592","25952374","3.06","25.5","7.28","0.5","114.35","1673.01","83200","100","20230308","1024","20230106","695"
"8600","トモニホールディングス","東証PR","銀行","65983","163728911","2.48","10","6.05","0.26","66.64","1542.56","40300","100","20230309","416","20230324","337"
"8601","大和証券グループ本社","東証PR","証券・先物","1265704","1569378772","-","-","-","0.8","-","1010.78","80650","100","20230828","808","20230105","578"
"8604","野村ホールディングス","東証PR","証券・先物","1767799","3163562601","-","-","-","0.52","-","1071.38","55879","100","20230801","592","20230508","477"
"8609","岡三証券グループ","東証PR","証券・先物","133181","231217073","-","-","-","0.66","-","867.44","57600","100","20230828","579","20230104","377"
"8613","丸三証券","東証PR","証券・先物","35182","67398262","-","-","-","0.72","-","725.55","52200","100","20230731","528","20230531","396"
"8614","東洋証券","東証PR","証券・先物","28303","87355253","-","-","-","0.73","-","441.16","32400","100","20230328","371","20230531","258"
"8616","東海東京フィナンシャル・ホールディングス","東証PR","証券・先物","116741","260582115","-","-","-","0.66","-","682.38","44800","100","20230828","448","20230428","349"
"8617","光世証券","東証ST","証券・先物","5559","9486400","-","-","-","0.35","-","1662.52","58600","100","20230725","648","20230106","353"
"8622","水戸証券","東証PR","証券・先物","29689","70689033","-","-","-","0.69","-","604.77","42000","100","20230828","420","20230105","208"
"8624","いちよし証券","東証PR","証券・先物","27898","40431386","-","-","-","0.84","-","820.96","69000","100","20230828","697","20230601","566"
"8628","松井証券","東証PR","証券・先物","212079","259264702","-","-","-","2.87","-","285.19","81800","100","20230824","827","20230511","766"
"8630","SOMPOホールディングス","東証PR","保険","2189806","347698689","4.76","300","9.12","0.91","690.85","6899.81","629800","100","20230706","6685","20230406","5177"
"8697","日本取引所グループ","東証PR","その他金融","1352104","528578441","2.23","57","27.17","4.32","94.16","592.06","255800","100","20230814","2682","20230111","1828"
"8698","マネックスグループ","東証PR","証券・先物","134648","257947100","-","-","-","1.32","-","394.86","52200","100","20230623","579","20230104","415"
"8699","HSホールディングス","東証ST","証券・先物","41404","40953500","-","-","-","0.51","-","1974.6","101100","100","20230127","1271","20230320","925"
"8700","丸八証券","東証ST","証券・先物","5531","4042970","-","-","-","0.74","-","1850.27","136800","100","20230731","1444","20230523","1261"
"8704","トレイダーズホールディングス","東証ST","証券・先物","21888","29538647","-","-","7.09","1.66","104.45","446.14","74100","100","20230817","806","20230105","370"
"8705","日産証券グループ","東証ST","証券・先物","9504","59033867","-","-","-","0.72","-","223.63","16100","100","20230601","190","20230531","145"
"8706","極東証券","東証PR","証券・先物","25699","32779000","-","-","-","0.51","-","1532.95","78400","100","20230828","789","20230106","565"
"8707","岩井コスモホールディングス","東証PR","証券・先物","43297","25012800","-","-","-","0.69","-","2497.61","173100","100","20230828","1748","20230106","1279"
"8708","アイザワ証券グループ","東証PR","証券・先物","40254","47525649","-","-","-","0.6","-","1407.23","84700","100","20230828","849","20230105","674"
"8713","フィデアホールディングス","東証PR","銀行","27068","18142122","5.03","75","14.97","0.29","99.67","5083.35","149200","100","20230301","1573","20230601","1294"
"8714","池田泉州ホールディングス","東証PR","銀行","72219","281008632","3.89","10","8.38","0.31","30.68","821.86","25700","100","20230309","274","20230601","224"
"8715","アニコムホールディングス","東証PR","保険","53583","81309160","0.83","5.5","21.42","1.86","30.77","354.29","65900","100","20230808","707","20230323","482"
"8725","MS＆ADインシュアランスグループホールディングス","東証PR","保険","2798829","536071400","4.6","240","9.29","0.78","561.91","6668.36","522100","100","20230705","5328","20230407","4033"
"8732","マネーパートナーズグループ","東証PR","証券・先物","9667","33801900","-","-","-","0.67","-","424.21","28600","100","20230104","291","20230314","238"
"8737","あかつき本社","東証ST","証券・先物","14054","34029544","4.6","19","7.95","0.86","51.98","479.24","41300","100","20230828","415","20230104","306"
"8739","スパークス・グループ","東証PR","証券・先物","62747","41915480","-","-","-","2.19","-","683.54","149700","100","20230201","1818","20230512","1340"
"8742","小林洋行","東証ST","証券・先物","2913","12554379","-","-","-","0.32","-","724.03","23200","100","20230502","247","20230106","218"
"8746","第一商品","東証ST","証券・先物","2917","30070543","-","-","-","0.6","-","160.99","9700","100","20230314","165","20230817","92"
"8747","豊トラスティ証券","東証ST","証券・先物","9004","8897472","-","-","-","0.5","-","2004.35","101200","100","20230327","1060","20230110","838"
"8750","第一生命ホールディングス","東証PR","保険","2630630","989888900","3.24","86","9.57","0.84","277.65","3171.18","265750","100","20230131","3130","20230316","2295"
"8766","東京海上ホールディングス","東証PR","保険","6444045","2002500000","3.76","121","12.07","1.6","266.67","2005.9","321800","100","20230619","3421","20230330","2511"
"8769","アドバンテッジリスクマネジメント","東証PR","サービス","7949","17280200","2.61","12","13.7","2.23","33.57","206.71","46000","100","20230621","665","20230105","357"
"8771","イー・ギャランティ","東証PR","その他金融","93000","47570100","1.79","35","29.02","4.75","67.37","411.17","195500","100","20230131","2463","20230619","1868"
"8772","アサックス","東証ST","その他金融","21701","32980500","2.74","18","7.25","0.49","90.73","1329.33","65800","100","20230301","678","20230106","584"
"8783","GFA","東証ST","その他金融","3698","53588700","0","0","-","7.32","-7.52","9.43","6900","100","20230301","164","20230817","59"
"8789","フィンテックグローバル","東証ST","その他金融","12481","201305200","-","-","8.32","1.67","7.45","37.02","6200","100","20230509","81","20230120","54"
"8793","NECキャピタルソリューション","東証PR","その他金融","67310","21539071","4.16","130","8.97","0.61","348.37","5118.83","312500","100","20230705","3295","20230104","2128"
"8795","T＆Dホールディングス","東証PR","保険","1372665","589000000","3","70","14.65","1.09","159.04","2134.87","233050","100","20230731","2376","20230327","1518"
"8798","アドバンスクリエイト","東証PR","保険","25196","22557200","3.13","35","-","4.26","-21.93","262.03","111700","100","20230810","1261","20230324","1007"
"8801","三井不動産","東証PR","不動産","2932428","936877907","2.17","68","13.91","0.96","224.96","3253.72","313000","100","20230828","3130","20230116","2224"
"8802","三菱地所","東証PR","不動産","2397624","1324288306","2.21","40","14.07","1.07","128.64","1694.61","181050","100","20230828","1813","20230324","1539"
"8803","平和不動産","東証PR","不動産","149611","38859996","3.01","116","16.8","1.13","229.13","3409.18","385000","100","20230522","4010","20230203","3450"
"8804","東京建物","東証PR","不動産","394281","209167674","3.82","72","8.85","0.83","213.02","2273.07","188500","100","20230623","1982","20230116","1484"
"8818","京阪神ビルディング","東証PR","不動産","63237","49211498","2.8","36","19.67","0.87","65.34","1480.47","128500","100","20230118","1390","20230516","1135"
"8830","住友不動産","東証PR","不動産","1743427","476085978","1.61","59","9.92","0.92","369.25","3988.27","366200","100","20230801","3839","20230324","2854"
"8835","太平洋興発","東証ST","卸売","5931","7783448","5.12","39","10.22","0.39","74.56","1940.7","76200","100","20230227","1054","20230601","710"
"8836","RISE","東証ST","不動産","1920","96013277","0","0","-","0.94","-0.51","21.26","2000","100","20230215","23","20230209","19"
"8841","テーオーシー","東証ST","不動産","59359","95279352","1.61","10","83.96","0.58","7.42","1070.35","62300","100","20230131","692","20230803","591"
"8842","東京楽天地","東証PR","不動産","25817","6191218","1.44","60","35.64","0.76","117","5494.81","417000","100","20230308","4595","20230323","4005"
"8844","コスモスイニシア","東証ST","不動産","23263","33911219","2.33","16","7.04","0.58","97.44","1189.86","68600","100","20230825","738","20230320","462"
"8848","レオパレス21","東証PR","不動産","121215","329389515","0","0","16.36","3.94","22.49","93.46","36800","100","20230510","394","20230628","261"
"8850","スターツコーポレーション","東証PR","不動産","163885","53998205","3.46","105","7.18","1.04","422.81","2916.22","303500","100","20230828","3045","20230407","2393"
"8854","日住サービス","東証ST","不動産","2768","1989845","3.59","50","51.81","0.5","26.85","2805.4","139100","100","20230331","1471","20230808","1376"
"8860","フジ住宅","東証PR","不動産","26569","36849912","3.74","27","6.46","0.55","111.67","1321.4","72100","100","20230501","728","20230110","640"
"8864","空港施設","東証PR","不動産","30993","52979350","2.39","14","22.6","0.52","25.88","1130.63","58500","100","20230828","586","20230116","510"
"8869","明和地所","東証PR","不動産","24362","23447684","4.81","50","6.41","0.82","162.06","1273.19","103900","100","20230801","1156","20230105","700"
"8871","ゴールドクレスト","東証PR","不動産","68669","35784000","4.17","80","21.29","0.5","90.14","3868.73","191900","100","20230809","1963","20230118","1605"
"8876","リログループ","東証PR","サービス","258597","153016200","2.19","37","13.6","3.82","124.3","442.34","169000","100","20230125","2242","20230821","1622"
"8877","エスリード","東証PR","不動産","45593","15465600","3.39","100","6.41","0.73","460.15","4042.71","294800","100","20230801","3065","20230105","1828"
"8881","日神グループホールディングス","東証PR","不動産","24180","46951260","4.27","22","11.46","0.37","44.93","1379.01","51500","100","20230621","544","20230105","425"
"8886","ウッドフレンズ","東証ST","不動産","2510","1480000","0","0","274.88","0.36","6.17","4685.05","169600","100","20230113","2382","20230825","1600"
"8887","リベレステ","東証ST","不動産","8157","10789800","5.29","40","16.82","0.7","44.95","1080.93","75600","100","20230427","835","20230530","646"
"8889","APAMAN","東証ST","不動産","8500","18438060","4.34","20","27.54","2.04","16.74","226.27","46100","100","20230210","471","20230626","453"
"8890","レーサム","東証ST","不動産","92479","29081400","5.5","175","8.27","1.69","384.63","1876.84","318000","100","20230823","3415","20230320","1244"
"8891","AMGホールディングス","東証ST","不動産","4932","2906048","3.24","55","5.15","0.52","329.73","3288.93","169700","100","20230308","1938","20230117","1298"
"8892","日本エスコン","東証PR","不動産","80836","98580887","4.63","38","8.31","1.18","98.65","697.73","82000","100","20230309","889","20230112","750"
"8893","新日本建物","東証ST","不動産","11690","19914617","5.11","30","6.95","1.26","84.42","464.16","58700","100","20230808","599","20230105","449"
"8894","REVOLUTION","東証ST","不動産","6000","400000510","0","0","-","3.93","-0.21","3.82","1500","100","20230417","17","20230214","12"
"8897","MIRARTHホールディングス","東証PR","不動産","56507","121000000","5.14","24","6.03","0.87","77.41","538.52","46700","100","20230731","491","20230207","354"
"8898","センチュリー21・ジャパン","東証ST","不動産","12140","11325000","4.2","45","16.93","1.78","63.33","600.63","107200","100","20230828","1072","20230119","1000"
"8903","サンウッド","東証ST","不動産","3925","4894000","4.99","40","5.35","0.69","149.89","1159.47","80200","100","20230418","850","20230413","674"
"8904","AVANTIA","東証PR","不動産","13262","14884300","4.26","38","9.79","0.47","91.01","1877.14","89100","100","20230801","919","20230116","778"
"8905","イオンモール","東証PR","不動産","400506","227560139","2.84","50","14.83","0.89","118.65","1975.43","176000","100","20230629","1904","20230106","1652"
"8908","毎日コムネット","東証ST","不動産","13446","18000000","3.75","28","9.47","1.19","78.88","625.73","74700","100","20230509","847","20230113","644"
"8912","エリアクエスト","東証ST","不動産","2309","20250000","1.75","2","17.7","1.31","6.44","87.03","11400","100","20230724","131","20230213","95"
"8914","エリアリンク","東証ST","不動産","35135","12940900","2.28","62","13.24","1.45","205.09","1871.76","271500","100","20230802","2867","20230106","1754"
"8917","ファースト住建","東証PR","不動産","19403","16901900","3.75","43","6.79","0.43","169.12","2680.46","114800","100","20230426","1172","20230106","1001"
"8918","ランド","東証ST","不動産","11528","1440974000","1.25","0.1","9.52","1.61","0.84","4.96","800","100","20230104","10","20230511","8"
"8919","カチタス","東証PR","不動産","177279","78650640","2.4","54","19.76","4.89","114.06","460.97","225400","100","20230201","3220","20230816","2193"
"8920","東祥","東証ST","サービス","46170","38315000","0.33","4","28.85","1.22","41.77","987.7","120500","100","20230731","1445","20230116","1020"
"8923","トーセイ","東証PR","不動産","86073","48683800","3.39","60","8.92","1.07","198.18","1645.52","176800","100","20230706","1949","20230106","1334"
"8925","アルデプロ","東証ST","不動産","11297","33723415","4.48","15","4.43","1.5","75.59","223.13","33500","100","20230704","460","20230817","307"
"8927","明豊エンタープライズ","東証ST","不動産","6627","30539900","4.15","9","8.76","0.94","24.77","230.63","21700","100","20230619","263","20230118","182"
"8928","穴吹興産","東証ST","不動産","23175","11535600","2.89","58","6.7","0.59","300","3389.9","200900","100","20230511","2395","20230104","1921"
"8929","青山財産ネットワークス","東証ST","不動産","26311","24520859","3.82","41","13.17","3.04","81.45","353.5","107300","100","20230215","1208","20230512","918"
"8931","和田興産","東証ST","不動産","13487","11100000","4.28","52","6.13","0.46","198.2","2645.01","121500","100","20230801","1279","20230105","915"
"8934","サンフロンティア不動産","東証PR","不動産","69915","48755500","3.63","52","6.32","0.84","226.72","1703.58","143400","100","20230802","1555","20230116","1059"
"8935","FJネクストホールディングス","東証PR","不動産","36310","34646500","4.58","48","6.85","0.54","152.97","1929.74","104800","100","20230814","1064","20230105","948"
"8938","グローム・ホールディングス","東証GR","不動産","12355","9051000","0","0","232.94","1.59","5.86","860.07","136500","100","20230728","1527","20230313","938"
"8940","インテリックス","東証PR","不動産","4511","8932100","3.56","18","17.12","0.36","29.5","1403.89","50500","100","20230404","597","20230116","493"
"8944","ランドビジネス","東証ST","不動産","7365","26780800","2.18","6","16.39","0.29","16.78","948.4","27500","100","20230621","310","20230105","221"
"8945","サンネクスタグループ","東証PR","不動産","10320","10749700","3.96","38","18.23","1.2","52.65","798.94","96000","100","20230628","1035","20230120","896"
"8946","ASIANSTAR","東証ST","不動産","2167","23808200","0","0","54.82","1.07","1.66","85.35","9100","100","20230222","158","20230104","81"
"8995","誠建設工業","東証ST","不動産","1449","2012000","3.47","25","8.05","0.38","89.47","1879.19","72000","100","20230622","755","20230113","613"
"8996","ハウスフリーダム","東証ST","不動産","3115","4110000","5.28","40","8.26","1.03","91.74","733.67","75800","100","20230714","765","20230118","645"
"8999","グランディハウス","東証PR","不動産","18525","30823200","5.32","32","8.05","0.7","74.69","859.24","60100","100","20230810","618","20230330","532"
"9001","東武鉄道","東証PR","陸運","815972","209815421","0.77","30","28.21","1.62","137.87","2396.15","388900","100","20230814","4048","20230118","2919"
"9003","相鉄ホールディングス","東証PR","陸運","272746","98145499","1.08","30","21.61","1.82","128.6","1525.24","277900","100","20230814","2884","20230117","2139"
"9005","東急","東証PR","陸運","1110706","624869876","0.84","15","24.12","1.46","73.7","1219.17","177750","100","20230518","2036","20230112","1571"
"9006","京浜急行電鉄","東証PR","陸運","361384","275760547","0.92","12","21.22","1.31","61.76","1002.48","131050","100","20230518","1412","20230316","1220"
"9007","小田急電鉄","東証PR","陸運","772740","368497717","1.05","22","12.13","1.94","172.82","1082.56","209700","100","20230814","2205","20230316","1580"
"9008","京王電鉄","東証PR","陸運","629899","128550830","0.92","45","23.74","1.64","206.37","2996.13","490000","100","20230518","5350","20230710","4234"
"9009","京成電鉄","東証PR","陸運","931882","172411185","0.37","20","27.18","2.23","198.83","2418.43","540500","100","20230629","6152","20230117","3460"
"9010","富士急行","東証PR","陸運","290340","54884738","0.34","18","88.61","10.68","59.7","495.54","529000","100","20230802","5820","20230222","4040"
"9012","秩父鉄道","東証ST","陸運","3300","1500000","0","0","163.45","0.62","13.46","3554.56","220000","100","20230105","2530","20230822","2176"
"9017","新潟交通","東証ST","陸運","7863","3864000","-","-","22.34","0.45","91.11","4493.24","203500","100","20230419","2210","20230330","2001"
"9020","東日本旅客鉄道","東証PR","陸運","3044245","377932400","1.37","110","22.14","1.2","363.75","6696.86","805500","100","20230518","8325","20230222","6706"
"9021","西日本旅客鉄道","東証PR","陸運","1469378","244001600","1.66","100","22.07","1.4","272.89","4313.96","602200","100","20230518","6350","20230222","5115"
"9022","東海旅客鉄道","東証PR","陸運","3751260","206000000","0.77","140","14.33","0.93","1270.33","19575.63","1821000","100","20230731","18570","20230224","14920"
"9024","西武ホールディングス","東証PR","陸運","494575","323462920","1.64","25","19.18","1.21","79.73","1264.49","152900","100","20230802","1635","20230316","1278"
"9025","鴻池運輸","東証PR","陸運","115727","56952442","2.36","48","12.67","0.87","160.41","2331.54","203200","100","20230825","2069","20230320","1403"
"9028","ゼロ","東証ST","陸運","24918","17560242","3.66","51.9","6.73","0.72","210.8","1971.95","141900","100","20230815","1526","20230105","1144"
"9029","ヒガシトゥエンティワン","東証ST","陸運","12760","13264000","3.33","32","9.56","1.16","100.6","830.42","96200","100","20230731","1011","20230105","716"
"9031","西日本鉄道","東証PR","陸運","214034","79360186","1.3","35","19.69","1.03","137","2606.84","269700","100","20230828","2699.5","20230324","2306"
"9033","広島電鉄","東証ST","陸運","24509","30445500","0.75","6","40.74","0.63","19.76","1280.33","80500","100","20230324","835","20230216","800"
"9034","南総通運","東証ST","陸運","7200","5000000","4.17","60","6.49","0.35","221.72","4140.94","144000","100","20230809","1454","20230216","1235"
"9036","東部ネットワーク","東証ST","陸運","5398","5749000","1.6","15","11.64","0.25","80.64","3717.02","93900","100","20230725","994","20230105","803"
"9037","ハマキョウレックス","東証PR","陸運","79280","19012000","2.4","100","10.17","1","409.85","4175.4","417000","100","20230828","4170","20230113","2947"
"9039","サカイ引越センター","東証PR","陸運","100731","21162000","2.21","105","10.88","1.14","437.63","4187.14","476000","100","20230808","5380","20230105","4180"
"9041","近鉄グループホールディングス","東証PR","陸運","858170","190662061","1.11","50","19.45","1.87","231.36","2405.26","450100","100","20230629","5157","20230222","4000"
"9042","阪急阪神ホールディングス","東証PR","陸運","1300395","254281385","0.98","50","23.68","1.32","215.98","3873.24","511400","100","20230828","5118","20230112","3710"
"9044","南海電気鉄道","東証PR","陸運","339414","113402446","0.84","25","18.62","1.27","160.74","2351.54","299300","100","20230518","3400","20230222","2691"
"9045","京阪ホールディングス","東証PR","陸運","458164","113182703","0.74","30","23.46","1.58","172.57","2568.86","404800","100","20230814","4235","20230224","3250"
"9046","神戸電鉄","東証PR","陸運","24628","8061566","0","0","39.6","1.13","77.15","2712.89","305500","100","20230509","3260","20230706","2950"
"9048","名古屋鉄道","東証PR","陸運","452018","196700692","1.09","25","21.5","1.09","106.86","2109.21","229800","100","20230522","2472","20230316","1980"
"9049","京福電気鉄道","東証ST","陸運","8700","2000000","0.46","20","6.18","0.94","704.42","4624.03","435000","100","20230825","4465","20230116","3200"
"9051","センコン物流","東証ST","陸運","4532","5651000","1.87","15","9.15","0.77","87.61","1045.33","80200","100","20230327","810","20230407","758"
"9052","山陽電気鉄道","東証PR","陸運","49753","22330598","1.35","30","19.38","0.97","114.99","2306.29","222800","100","20230518","2465","20230105","2095"
"9055","アルプス物流","東証PR","陸運","56072","35488600","2.78","44","14.73","0.96","107.26","1637.92","158000","100","20230629","1651","20230106","1101"
"9057","遠州トラック","東証ST","陸運","18216","7546000","3.89","94","8.01","0.89","301.42","2714.96","241400","100","20230309","2549","20230531","2356"
"9058","トランコム","東証PR","倉庫・運輸","79186","10324150","1.72","132","14.56","1.49","526.9","5151.68","767000","100","20230125","7740","20230627","6420"
"9059","カンダホールディングス","東証ST","陸運","16503","23308720","2.54","18","7.43","0.68","95.24","1042.85","70800","100","20230705","740","20230118","561"
"9060","日本ロジテム","東証ST","陸運","4911","1383310","2.25","80","8.83","0.35","401.96","10116.29","355000","100","20230821","3550","20230330","3315"
"9063","岡山県貨物運送","東証ST","陸運","6367","2200000","2.42","70","2.22","0.29","1302.42","9859.84","289400","100","20230809","3190","20230119","2642"
"9064","ヤマトホールディングス","東証PR","陸運","1012043","379824892","1.73","46","16.57","1.6","160.81","1660.4","266450","100","20230814","2750","20230116","2008"
"9065","山九","東証PR","陸運","310396","61757978","3.34","168","11.94","1.07","420.79","4675.64","502600","100","20230130","5350","20230106","4540"
"9066","日新","東証PR","倉庫・運輸","52486","20272769","3.86","100","7.74","0.58","334.47","4431.26","258900","100","20230731","2657","20230323","1984"
"9067","丸運","東証ST","陸運","7212","28965449","3.21","8","14.98","0.3","16.62","837.95","24900","100","20230511","255","20230104","215"
"9068","丸全昭和運輸","東証PR","陸運","80927","20618244","2.8","110","7.96","0.68","493.01","5778.79","392500","100","20230731","4225","20230117","2882"
"9069","センコーグループホールディングス","東証PR","陸運","160212","157070496","3.53","36","9.12","0.93","111.84","1095.75","102000","100","20230703","1050","20230601","911"
"9070","トナミホールディングス","東証PR","陸運","45974","9761011","2.97","140","7.36","0.48","640.11","9746.27","471000","100","20230731","5190","20230116","3475"
"9072","ニッコンホールディングス","東証PR","陸運","217402","65739892","3.02","100","13.27","0.9","249.17","3654.92","330700","100","20230828","3314","20230105","2283"
"9073","京極運輸商事","東証ST","陸運","2048","3200000","1.56","10","13.03","0.48","49.13","1325.53","64000","100","20230825","640","20230111","544"
"9074","日本石油輸送","東証ST","陸運","8454","3322935","3.93","100","7.01","0.37","362.79","6844.45","254400","100","20230703","2922","20230117","2114"
"9075","福山通運","東証PR","陸運","183789","50770363","1.93","70","10.54","0.53","343.43","6791.93","362000","100","20230704","4155","20230106","2960"
"9076","セイノーホールディングス","東証PR","陸運","394597","187679783","4.52","95","21.45","0.85","98.01","2466.54","210250","100","20230802","2274","20230116","1136"
"9078","エスライングループ本社","東証ST","陸運","9586","11095203","2.55","22","8.92","0.35","96.81","2471.64","86400","100","20230706","898","20230113","770"
"9081","神奈川中央交通","東証PR","陸運","41391","12600000","1.22","40","13.26","0.79","247.73","4137.68","328500","100","20230308","3365","20230531","3085"
"9082","大和自動車交通","東証ST","陸運","4352","5250000","0.97","8","22.35","0.38","37.09","2201.33","82900","100","20230427","960","20230320","769"
"9083","神姫バス","東証ST","陸運","21417","6172000","1.01","35","14.02","0.47","247.47","7447.88","347000","100","20230328","3600","20230411","3300"
"9087","タカセ","東証ST","陸運","3090","1054513","2.39","70","14.62","0.43","200.38","6891.69","293000","100","20230407","3150","20230104","2125"
"9090","AZ-COM丸和ホールディングス","東証PR","陸運","292851","128952320","1.23","28","32.66","7.63","69.53","297.73","227100","100","20230828","2293","20230120","1530"
"9099","C＆Fロジホールディングス","東証PR","陸運","34580","25690766","2.08","28","13.19","0.69","102.08","1950.13","134600","100","20230309","1363","20230116","1107"
"9101","日本郵船","東証PR","海運","1983012","510165294","3.34","130","8.98","0.76","432.92","5098.51","388700","100","20230809","3940","20230105","2858"
"9104","商船三井","東証PR","海運","1461131","362114258","4.46","180","6.79","0.73","594.32","5534.2","403500","100","20230814","4110","20230105","3045"
"9107","川崎汽船","東証PR","海運","1231499","250712389","4.07","200","10.12","0.77","485.29","6349.83","491200","100","20230814","5045","20230105","2555"
"9110","NSユナイテッド海運","東証PR","海運","97081","23970679","3.95","160","7.76","0.69","521.94","5896.85","405000","100","20230310","4775","20230602","3180"
"9115","明治海運","東証ST","海運","27396","36000000","-","-","12.29","0.7","61.92","1084.89","76100","100","20230815","800","20230531","517"
"9119","飯野海運","東証PR","海運","111514","108900000","3.42","35","8.81","0.95","116.25","1079.24","102400","100","20230309","1166","20230516","786"
"9127","玉井商船","東証ST","海運","3371","1932000","4.58","80","4.43","0.51","393.72","3426.89","174500","100","20230815","1870","20230515","1280"
"9130","共栄タンカー","東証ST","海運","6434","7650000","2.38","20","91.91","0.36","9.15","2330.75","84100","100","20230309","992","20230807","810"
"9142","九州旅客鉄道","東証PR","陸運","494242","157301600","2.96","93","12.13","1.19","259.04","2632.04","314200","100","20230518","3225","20230112","2768"
"9143","SGホールディングス","東証PR","陸運","1341946","640394400","2.48","52","19.4","2.39","108.01","877.19","209550","100","20230726","2196","20230106","1744"
"9145","ビーイングホールディングス","東証ST","陸運","12296","5877500","1.39","29","13.66","2.37","153.13","883.72","209200","100","20230718","2355","20230105","1682"
"9147","NIPPON_EXPRESSホールディングス","東証PR","陸運","675689","90599225","4.02","300","12.07","0.83","617.72","8974.92","745800","100","20230622","8499","20230117","7040"
"9158","シーユーシー","東証GR","サービス","89371","29990400","0","0","33.21","3.57","89.72","834.62","298000","100","20230621","5130","20230726","2582"
"9159","W_TOKYO","東証GR","サービス","8295","2588000","0","0","19.02","6.53","168.47","490.93","320500","100","20230630","7700","20230817","2900"
"9160","ノバレーゼ","東証ST","サービス","9450","25000000","0","0","5.08","1.3","74.4","291.84","37800","100","20230630","590","20230817","338"
"9161","ID＆Eホールディングス","東証PR","サービス","51422","15079625","-","-","-","-","-","-","341000","100","20230703","3680","20230710","3100"
"9162","ブリーチ","東証GR","サービス","21150","25359600","0","0","12.4","5.15","67.28","162.02","83400","100","20230705","1658","20230817","810"
"9163","ナレルグループ","東証GR","サービス","20805","8402630","3.63","90","14.01","1.94","176.73","1274.01","247600","100","20230721","2690","20230725","2340"
"9164","トライト","東証GR","サービス","82000","100000000","0","0","19.03","3.19","43.09","256.99","82000","100","20230724","1133","20230824","740"
"9165","クオルテック","東証GR","サービス","5001","2350000","1.97","42","10.79","1.88","197.14","1133.51","212800","100","20230814","2686","20230807","1990"
"9166","GENDA","東証GR","サービス","97402","33973600","0","0","27.83","7.6","103.02","377.15","286700","100","20230828","2995","20230728","1606"
"9171","栗林商船","東証ST","海運","9771","12739696","1.3","10","8.88","0.44","86.35","1753.92","76700","100","20230510","1084","20230111","453"
"9173","東海汽船","東証ST","海運","5535","2200000","-","-","-","1.29","-111.63","1954.25","251600","100","20230628","2525","20230104","2350"
"9193","東京汽船","東証ST","倉庫・運輸","6256","10010000","3.2","20","9.22","0.3","67.76","2072.98","62500","100","20230809","742","20230117","451"
"9201","日本航空","東証PR","空運","1288699","437143500","1.36","40","23.42","1.54","125.86","1909.61","294800","100","20230629","3205","20230316","2461"
"9202","ANAホールディングス","東証PR","空運","1573954","484293561","-","-","19.03","1.66","170.79","1952.28","325000","100","20230629","3510","20230316","2681"
"9204","スカイマーク","東証GR","空運","70344","60329400","-","-","12.13","2.93","96.14","397.82","116600","100","20230203","1487","20230421","1058"
"9206","スターフライヤー","東証ST","空運","10162","3508840","-","-","8.26","23.3","350.58","124.27","289600","100","20230731","3235","20230113","2410"
"9211","エフ・コード","東証GR","サービス","9097","5243300","0","0","33.4","3.24","51.94","534.79","173500","100","20230111","2747","20230428","1526"
"9212","Green_Earth_Institute","東証GR","サービス","7308","11277700","0","0","-","3.73","-17.34","173.79","64800","100","20230609","945","20230105","415"
"9213","セイファート","東証ST","サービス","1391","1320800","3.99","42","7.81","1.28","134.77","825.26","105300","100","20230407","1180","20230731","969"
"9214","Recovery_International","東証GR","サービス","3706","1414000","0","0","29.89","6.28","87.7","417.29","262100","100","20230712","3335","20230104","1800"
"9215","CaSy","東証GR","サービス","1722","1892000","0","0","-","7.49","0","121.56","91000","100","20230426","975","20230123","718"
"9216","ビーウィズ","東証PR","サービス","34314","13926000","2.03","50","17.38","4.37","141.8","564.24","246400","100","20230802","2620","20230111","1061"
"9218","メンタルヘルステクノロジーズ","東証GR","サービス","8238","9901300","0","0","23.43","10.02","35.51","83.02","83200","100","20230203","1520","20230818","694"
"9219","ギックス","東証GR","サービス","10214","5581300","0","0","38.69","5.4","47.3","338.76","183000","100","20230502","3330","20230105","1177"
"9220","エフビー介護サービス","東証ST","サービス","2890","2676000","3.06","33","7.21","0.92","149.85","1171.9","108000","100","20230124","1226","20230530","1000"
"9221","フルハシEPO","東証ST","サービス","9879","11760800","2.38","20","13.03","1.91","64.45","440.64","84000","100","20230224","1233","20230529","721"
"9225","ブリッジコンサルティンググループ","東証GR","サービス","5884","2035900","0","0","54.8","6.67","52.74","433.51","289000","100","20230630","6800","20230817","2651"
"9227","マイクロ波化学","東証GR","サービス","25071","15428200","0","0","280.66","16.34","5.79","99.46","162500","100","20230112","2745","20230821","1419"
"9229","サンウェルズ","東証GR","サービス","98616","35220000","0.36","10","54.89","14.89","51.01","188","280000","100","20230622","3880","20230118","2157"
"9232","パスコ","東証ST","空運","23948","14418025","4.52","75","5.31","0.87","312.53","1914.03","166100","100","20230705","1902","20230105","1310"
"9233","アジア航測","東証ST","空運","16566","18614000","3.37","30","8.7","0.82","102.27","1081.89","89000","100","20230807","978","20230105","768"
"9240","デリバリーコンサルティング","東証GR","サービス","2350","4680600","0","0","35.55","2.49","14.12","201.27","50200","100","20230822","544","20230424","430"
"9241","フューチャーリンクネットワーク","東証GR","サービス","1134","832250","0","0","140.85","4.18","9.67","326.21","136200","100","20230613","2120","20230116","1050"
"9242","メディア総研","東証GR","サービス","1809","1198700","0","0","12.68","1.45","118.99","1040.39","150900","100","20230704","1897","20230104","1150"
"9244","デジタリフト","東証GR","サービス","1441","1556000","0","0","25.98","1.82","35.64","509.1","92600","100","20230713","1368","20230817","898"
"9245","リベロ","東証GR","サービス","5550","5316550","0","0","80.68","2.8","12.94","372.88","104400","100","20230306","1328","20230106","696"
"9246","プロジェクトカンパニー","東証GR","サービス","13098","5815950","0","0","30.19","4.2","74.6","536.76","225200","100","20230215","7070","20230816","1753"
"9247","TREホールディングス","東証PR","サービス","60292","52610712","3.49","40","10.9","0.9","105.14","1273.92","114600","100","20230307","1608","20230602","1026"
"9248","人・夢・技術グループ","東証PR","サービス","16092","9416000","3.51","60","12.74","0.72","134.17","2367.41","170900","100","20230802","1835","20230206","1360"
"9249","日本エコシステム","東証ST","サービス","4773","2696600","2.88","51","7.84","1.08","225.9","1633.54","177000","100","20230602","2320","20230517","1590"
"9250","GRCS","東証GR","サービス","3555","1313700","0","0","692.07","12.2","3.91","221.84","270600","100","20230710","4330","20230515","2306"
"9251","AB＆Company","東証GR","サービス","18575","15101914","2.28","28.07","18.16","2.3","67.73","534.34","123000","100","20230828","1285","20230130","896"
"9252","ラストワンマイル","東証GR","サービス","9529","2798418","0","0","56.46","6.9","60.31","493.3","340500","100","20230621","4840","20230116","736"
"9253","スローガン","東証GR","サービス","1930","2745375","1.14","8","123.99","1.29","5.67","545.33","70300","100","20230404","864","20230821","671"
"9254","ラバブルマーケティンググループ","東証GR","サービス","2228","1446775","0","0","-","4.33","-12.44","355.96","154000","100","20230324","2588","20230214","1250"
"9256","サクシード","東証GR","サービス","3432","3501850","0","0","11.51","1.65","85.13","592.54","98000","100","20230815","1030","20230516","860"
"9257","YCPホールディングス（グローバル）リミテッド（外国株）","東証GR","サービス","-","-","-","-","-","-","-","-","75000","100","20230215","844","20230309","663"
"9258","CS-C","東証GR","サービス","2741","6572800","0","0","27.69","1.21","15.06","344.75","41700","100","20230605","748","20230818","392"
"9259","タカヨシ","東証GR","サービス","6626","5559080","0","0","13.41","2.99","88.87","398.09","119200","100","20230727","1550","20230316","1070"
"9260","西本Wismettacホールディングス","東証PR","卸売","64589","14353140","3.56","160","8.61","0.8","522.54","5642.21","450000","100","20230731","4760","20230323","3330"
"9262","シルバーライフ","東証PR","小売","12675","10842800","1.28","15","22.97","2.2","50.9","530.98","116900","100","20230306","2010","20230821","1155"
"9263","ビジョナリーホールディングス","東証ST","小売","3831","37931415","0","0","-","1.04","-","97.08","10100","100","20230302","213","20230602","96"
"9264","ポエック","東証ST","卸売","3973","4707000","-","-","20.93","1.07","40.32","789.51","84400","100","20230726","1424","20230818","711"
"9265","ヤマシタヘルスケアホールディングス","東証ST","卸売","5050","2553000","2.78","55","10.88","0.64","181.76","3097.34","197800","100","20230425","2285","20230113","1535"
"9267","Genky_DrugStores","東証PR","小売","80997","15487084","0.48","25","16.21","1.96","322.71","2674.34","523000","100","20230824","5370","20230105","3510"
"9268","オプティマスグループ","東証ST","卸売","22818","16160250","3.9","55","7.6","1.11","185.82","1273.1","141200","100","20230808","1443","20230104","821"
"9270","バリュエンスホールディングス","東証GR","卸売","34321","13427550","1.17","30","26.57","4.1","96.19","622.84","255600","100","20230817","3130","20230406","1586"
"9271","和心","東証GR","小売","2807","6115700","-","-","-","33.82","-23.54","13.57","45900","100","20230824","655","20230330","335"
"9272","ブティックス","東証GR","サービス","26773","10160400","0","0","41.12","17.31","64.08","152.23","263500","100","20230704","3090","20230215","1486"
"9273","コーア商事ホールディングス","東証PR","卸売","27417","39619980","1.73","12","9.9","1.31","69.92","528.12","69200","100","20230404","760","20230105","591"
"9274","KPPグループホールディングス","東証PR","卸売","46437","73244408","3.47","22","4.33","0.64","146.44","993.3","63400","100","20230202","926","20230601","566"
"9275","ナルミヤ・インターナショナル","東証ST","小売","11489","10122830","2.73","31","10.53","2.12","107.75","536.48","113500","100","20230828","1150","20230104","868"
"9278","ブックオフグループホールディングス","東証PR","小売","24842","20547413","2.07","25","14.94","1.27","80.95","954.2","120900","100","20230414","1475","20230118","1091"
"9279","ギフトホールディングス","東証PR","小売","50480","19944584","0.59","15","36.55","8.43","69.24","300.39","253100","100","20230616","2730","20230317","1892"
"9301","三菱倉庫","東証PR","倉庫・運輸","316368","81960739","2.59","100","12.57","0.81","307.12","4758.1","386000","100","20230828","3871","20230116","2792"
"9302","三井倉庫ホールディングス","東証PR","倉庫・運輸","104947","24957602","3.38","142","8.86","1.08","474.37","3909.11","420500","100","20230828","4215","20230601","3340"
"9303","住友倉庫","東証PR","倉庫・運輸","194953","79997315","4.14","101","15.6","0.83","156.17","2920.44","243700","100","20230804","2568","20230105","1894"
"9304","澁澤倉庫","東証PR","倉庫・運輸","50523","15217747","2.86","95","13.97","0.87","237.59","3830.54","332000","100","20230814","3435","20230112","2028"
"9305","ヤマタネ","東証PR","卸売","21486","11344181","3.01","57","8.89","0.41","213.12","4599.44","189400","100","20230828","1894","20230531","1596"
"9306","東陽倉庫","東証ST","倉庫・運輸","10893","39324953","3.61","10","9.09","0.44","30.47","627.59","27700","100","20230307","307","20230105","246"
"9307","杉村倉庫","東証ST","倉庫・運輸","10278","16419110","1.28","8","12.77","0.67","49.02","939.05","62600","100","20230414","899","20230728","596"
"9308","乾汽船","東証ST","海運","33608","26072960","0.47","6","107.6","1.07","11.98","1199.45","128900","100","20230228","2244","20230814","1104"
"9310","日本トランスシティ","東証PR","倉庫・運輸","42501","67142417","1.9","12","9.02","0.51","70.19","1230.6","63300","100","20230502","689","20230110","483"
"9311","アサガミ","東証ST","倉庫・運輸","6424","1418000","-","-","8.04","0.34","563.36","13312.21","453000","100","20230425","4550","20230106","4085"
"9312","ケイヒン","東証ST","倉庫・運輸","11380","6536445","3.62","63","4.74","0.45","367.6","3860.38","174100","100","20230630","1837","20230116","1415"
"9313","丸八倉庫","東証ST","倉庫・運輸","4957","7300000","2.36","16","11.17","0.37","60.8","1813.82","67900","100","20230313","733","20230215","632"
"9319","中央倉庫","東証PR","倉庫・運輸","21143","19064897","2.71","30","12.38","0.49","89.55","2265.46","110900","100","20230310","1130","20230106","926"
"9322","川西倉庫","東証ST","倉庫・運輸","8663","8258322","1.91","20","13.6","0.41","77.16","2568.17","104900","100","20230510","1057","20230118","979"
"9324","安田倉庫","東証PR","倉庫・運輸","30633","30360000","2.68","27","13.59","0.36","74.23","2823.26","100900","100","20230502","1075","20230105","916"
"9325","ファイズホールディングス","東証PR","倉庫・運輸","11786","10822800","2.94","32","12.7","4.17","85.75","261.27","108900","100","20230509","1582","20230105","768"
"9326","関通","東証GR","倉庫・運輸","6845","10308150","1.51","10","17.43","2.2","38.1","301.16","66400","100","20230719","696","20230316","382"
"9327","イー・ロジット","東証ST","倉庫・運輸","1474","3509400","-","-","-","1.29","-156.93","324.46","42000","100","20230404","749","20230828","420"
"9336","大栄環境","東証PR","サービス","223161","99892900","1.52","34","21.42","2.85","104.29","784.43","223400","100","20230623","2630","20230207","1620"
"9337","トリドリ","東証GR","サービス","10063","3096400","0","0","125.77","9.22","25.84","352.34","325000","100","20230823","3620","20230106","1703"
"9338","INFORICH","東証GR","サービス","29492","9303600","-","-","683.19","12.05","4.64","263","317000","100","20230823","3975","20230502","1157"
"9339","コーチ・エィ","東証ST","サービス","3268","2320953","1.42","20","23.08","1.09","61","1297.31","140800","100","20230207","2192","20230529","1201"
"9340","アソインターナショナル","東証ST","サービス","3161","4855600","-","-","9.27","1.28","70.23","507.78","65100","100","20230213","846","20230815","583"
"9341","GENOVA","東証GR","サービス","28265","17732100","0","0","18.71","6.51","85.2","245.01","159400","100","20230619","2478","20230512","1168"
"9342","スマサポ","東証GR","サービス","4373","2405200","0","0","-","11.36","-","160.07","181800","100","20230104","3195","20230519","1158"
"9343","アイビス","東証GR","サービス","5234","3622160","0.69","10","23.09","4.64","62.58","311.14","144500","100","20230327","3125","20230821","1328"
"9344","アクシスコンサルティング","東証GR","サービス","7426","4920840","0","0","15.24","2.8","99","539.61","150900","100","20230413","4475","20230818","1413"
"9345","ビズメイツ","東証GR","サービス","3871","1580000","0","0","20.09","2.82","121.98","867.72","245000","100","20230330","5750","20230815","1995"
"9346","ココルポート","東証GR","サービス","9351","3577450","0","0","19.32","5.17","135.29","506.02","261400","100","20230426","6780","20230817","2411"
"9347","日本管財ホールディングス","東証PR","サービス","109540","41180306","2.03","54","16.57","1.53","160.5","1740.15","266000","100","20230523","2759","20230410","2403"
"9348","ispace","東証GR","サービス","122281","81902840","0","0","-","50.61","-100.72","29.5","149300","100","20230419","2373","20230512","793"
"9351","東洋埠頭","東証PR","倉庫・運輸","10836","7740000","3.93","55","8.79","0.43","159.32","3256.26","140000","100","20230427","1509","20230113","1215"
"9353","櫻島埠頭","東証ST","倉庫・運輸","3790","1540000","1.22","30","26.49","0.7","92.9","3510.38","246100","100","20230418","3585","20230117","1260"
"9355","リンコーコーポレーション","東証ST","倉庫・運輸","4585","2700000","1.77","30","13.09","0.28","129.75","6100.97","169800","100","20230828","1821","20230113","1359"
"9360","鈴与シンワート","東証ST","情報通信","5070","3000000","2.37","40","10.81","1.66","156.36","1020.08","169000","100","20230616","1949","20230417","1469"
"9361","伏木海陸運送","東証ST","倉庫・運輸","4054","2615400","3.23","50","7.43","0.38","208.58","4082.74","155000","100","20230303","2202","20230104","1300"
"9362","兵機海運","東証ST","倉庫・運輸","2519","1224000","4.86","100","6.07","0.59","338.81","3507.67","205800","100","20230303","2638","20230601","1856"
"9363","大運","東証ST","倉庫・運輸","2572","6228039","2.42","10","13.44","0.71","30.72","580.87","41300","100","20230418","685","20230111","288"
"9364","上組","東証PR","倉庫・運輸","381716","116376837","2.74","90","15.29","0.96","214.53","3421.91","328000","100","20230629","3366","20230113","2566"
"9365","トレーディア","東証ST","倉庫・運輸","1877","1470000","3.92","50","6.24","0.48","204.79","2655.58","127700","100","20230413","2054","20230106","1180"
"9366","サンリツ","東証ST","倉庫・運輸","4367","6006373","3.99","29","7.15","0.4","101.68","1805.62","72700","100","20230703","780","20230531","692"
"9367","大東港運","東証ST","倉庫・運輸","6666","9389000","2.96","21","7.18","0.72","98.88","990.94","71000","100","20230718","740","20230413","671"
"9368","キムラユニティー","東証ST","倉庫・運輸","33479","23543800","2.95","42","11.27","0.93","126.18","1537.05","142200","100","20230828","1426","20230113","762"
"9369","キユーソー流通システム","東証ST","倉庫・運輸","23885","25355800","2.44","23","14.63","0.57","64.37","1655.13","94200","100","20230501","1035","20230116","877"
"9376","ユーラシア旅行社","東証ST","サービス","1672","3690000","0","0","-","1.01","-","447.16","45300","100","20230508","496","20230111","419"
"9377","エージーピー","東証ST","倉庫・運輸","11902","13510000","3.41","30","27.41","1.29","32.14","685.04","88100","100","20230509","980","20230120","678"
"9380","東海運","東証ST","倉庫・運輸","8243","28923000","1.75","5","15.25","0.49","18.69","584.84","28500","100","20230417","381","20230530","276"
"9381","エーアイテイー","東証PR","倉庫・運輸","46775","23913600","4.09","80","12.42","2.87","157.49","681.59","195600","100","20230814","1967","20230105","1339"
"9384","内外トランスライン","東証PR","倉庫・運輸","28713","10698000","3.17","85","6.49","1.41","413.49","1897.6","268400","100","20230731","2922","20230106","2002"
"9385","ショーエイコーポレーション","東証PR","化学","4679","7850000","3.36","20","5.73","1.42","103.96","419.2","59600","100","20230703","612","20230407","550"
"9386","日本コンセプト","東証PR","倉庫・運輸","24006","13868500","2.89","50","13.89","1.36","124.61","1276.7","173100","100","20230714","2129","20230217","1291"
"9399","ビート・ホールディングス・リミテッド（外国株）","東証ST","情報通信","-","119359957","-","-","-","-","-","-","3","1","20230106","30","20230823","3"
"9401","TBSホールディングス","東証PR","情報通信","433096","171591065","1.74","44","16.99","0.48","148.56","5249.12","252400","100","20230704","2772","20230117","1456"
"9404","日本テレビホールディングス","東証PR","情報通信","353258","263822080","2.76","37","9.23","0.4","145.05","3367.9","133900","100","20230704","1408","20230117","1003"
"9405","朝日放送グループホールディングス","東証PR","情報通信","28237","41833000","2.07","14","16.57","0.4","40.74","1671","67500","100","20230310","695","20230106","630"
"9408","BSNメディアホールディングス","東証ST","情報通信","8736","6000000","0.69","10","16.8","0.45","86.68","3225.06","145600","100","20230623","1503","20230222","1322"
"9409","テレビ朝日ホールディングス","東証PR","情報通信","179833","108529000","3.02","50","11.22","0.42","147.63","3945.65","165700","100","20230720","1829","20230117","1278"
"9412","スカパーJSATホールディングス","東証PR","情報通信","192533","297578423","3.09","20","12.53","0.73","51.64","882.42","64700","100","20230814","686","20230202","465"
"9413","テレビ東京ホールディングス","東証PR","情報通信","82214","27579500","2.68","80","11.43","0.87","260.85","3421.09","298100","100","20230720","3565","20230105","1818"
"9414","日本BS放送","東証ST","情報通信","16403","17809632","2.82","26","13.07","0.74","70.47","1251.86","92100","100","20230704","956","20230110","869"
"9416","ビジョン","東証PR","情報通信","85017","50485200","0","0","30.84","6.01","54.61","280.21","168400","100","20230619","1952","20230117","1351"
"9417","スマートバリュー","東証ST","情報通信","4069","10679800","2.1","8","264.58","1.87","1.44","204.16","38100","100","20230222","512","20230815","351"
"9418","U-NEXT","東証PR","情報通信","207924","60093611","0.61","21","19.69","4.21","175.74","820.89","346000","100","20230711","3730","20230120","2057"
"9419","ワイヤレスゲート","東証PR","情報通信","2221","10779774","0","0","15.14","2.66","13.61","77.47","20600","100","20230215","287","20230818","199"
"9421","エヌジェイホールディングス","東証ST","情報通信","2857","5350400","-","-","23.56","2.17","22.67","246.65","53400","100","20230626","750","20230213","481"
"9423","フォーバル・リアルストレート","東証ST","情報通信","2368","24159800","2.45","2.4","23.56","4.82","4.16","20.33","9800","100","20230213","113","20230120","95"
"9424","日本通信","東証PR","情報通信","36962","165009239","0","0","-","18.54","-","12.08","22400","100","20230512","312","20230117","213"
"9425","日本テレホン","東証ST","情報通信","2096","5741500","0","0","29.46","1.74","12.39","210.3","36500","100","20230731","485","20230215","245"
"9428","クロップス","東証ST","情報通信","9693","9597400","1.98","20","9.3","0.92","108.61","1098.22","101000","100","20230330","1460","20230105","922"
"9432","日本電信電話","東証PR","情報通信","15076628","90550316400","3","5","11.31","1.59","14.72","104.97","16650","100","20230629","179","20230110","148"
"9433","KDDI","東証PR","情報通信","9853306","2302712308","3.27","140","13.57","1.78","315.22","2408.22","427900","100","20230515","4560","20230117","3825"
"9434","ソフトバンク","東証PR","情報通信","7875215","4790276770","5.23","86","18.53","3.57","88.7","460.4","164400","100","20230828","1665","20230112","1454"
"9435","光通信","東証PR","情報通信","1063172","45049642","2.42","572","13.87","1.69","1701.73","13985.96","2360000","100","20230828","23795","20230406","17380"
"9436","沖縄セルラー電話","東証ST","情報通信","161156","52323400","2.92","90","13.9","1.66","221.59","1860.21","308000","100","20230301","3240","20230117","2879"
"9438","エムティーアイ","東証PR","情報通信","35349","61263000","2.77","16","68.77","2.29","8.39","252.24","57700","100","20230615","669","20230213","481"
"9439","エム・エイチ・グループ","東証ST","サービス","2367","11492100","0.49","1","59.2","4.6","3.48","44.74","20600","100","20230529","350","20230104","158"
"9441","ベルパーク","東証ST","情報通信","33124","20197800","2.62","43","14.34","1","114.34","1645.62","164000","100","20230104","1900","20230316","1601"
"9444","トーシンホールディングス","東証ST","情報通信","4288","6536800","3.66","24","-","1.24","-","530.38","65600","100","20230426","668","20230524","630"
"9445","フォーバルテレコム","東証ST","情報通信","5932","16757700","4.8","17","11.63","2.5","30.43","141.61","35400","100","20230807","369","20230104","318"
"9446","サカイホールディングス","東証ST","情報通信","6344","10956500","4.32","25","7.55","1.49","76.67","388.36","57900","100","20230712","580","20230117","531"
"9449","GMOインターネットグループ","東証PR","情報通信","256729","110113337","-","-","-","3.12","-","746.34","233150","100","20230622","2995","20230815","2216"
"9450","ファイバーゲート","東証PR","情報通信","29672","20591200","0.69","10","17.51","6.26","82.31","230.12","144100","100","20230613","1608","20230316","826"
"9466","アイドママーケティングコミュニケーション","東証ST","情報通信","3529","13520000","3.45","9","16.25","1.21","16.06","216.22","26100","100","20230414","300","20230818","252"
"9467","アルファポリス","東証GR","情報通信","23686","9687400","0","0","16.61","2.23","147.21","1095.37","244500","100","20230508","3510","20230106","2259"
"9468","KADOKAWA","東証PR","情報通信","486603","141784120","0.87","30","43.86","2.36","78.25","1453.74","343200","100","20230621","3587","20230105","2287"
"9470","学研ホールディングス","東証PR","情報通信","37269","44633232","2.99","25","11.14","0.74","74.94","1126.34","83500","100","20230201","985","20230815","814"
"9474","ゼンリン","東証PR","情報通信","51399","57301365","3.01","27","26.6","1.06","33.72","847.21","89700","100","20230720","953","20230116","781"
"9475","昭文社ホールディングス","東証ST","情報通信","5544","18178173","-","-","277.27","0.53","1.1","578.75","30500","100","20230714","333","20230104","281"
"9476","中央経済社ホールディングス","東証ST","情報通信","1957","4398464","2.25","10","415.89","0.39","1.07","1131.68","44500","100","20230125","483","20230530","436"
"9478","SEホールディングス・アンド・インキュベーションズ","東証ST","情報通信","5444","21184226","1.17","3","5.77","0.66","44.54","388.86","25700","100","20230828","260","20230112","222"
"9479","インプレスホールディングス","東証ST","情報通信","6839","37371500","2.19","4","61.82","0.68","2.96","270.76","18300","100","20230705","248","20230821","170"
"9501","東京電力ホールディングス","東証PR","電気・ガス","992976","1607017531","0","0","-","0.3","-","2054.12","61790","100","20230823","624","20230113","416"
"9502","中部電力","東証PR","電気・ガス","1455739","758000000","2.6","50","5.59","0.62","343.85","3075.9","192050","100","20230828","1925.5","20230112","1252"
"9503","関西電力","東証PR","電気・ガス","1884976","938733028","2.49","50","5.88","0.9","341.74","2241.06","200800","100","20230828","2012.5","20230112","1181"
"9504","中国電力","東証PR","電気・ガス","369926","387154692","1.05","10","4.92","0.67","194.31","1416.76","95550","100","20230731","1046","20230303","645"
"9505","北陸電力","東証PR","電気・ガス","174829","210333694","-","-","8.68","0.64","95.81","1291.94","83120","100","20230801","932","20230124","498"
"9506","東北電力","東証PR","電気・ガス","505900","502882585","1.49","15","3.59","0.79","279.98","1272.36","100600","100","20230801","1020","20230302","617"
"9507","四国電力","東証PR","電気・ガス","216348","207528202","2.88","30","7.52","0.7","138.59","1495.85","104250","100","20230612","1053","20230120","705"
"9508","九州電力","東証PR","電気・ガス","449289","474183951","2.11","20","4.98","0.68","190.37","1396.58","94750","100","20230801","995","20230120","702"
"9509","北海道電力","東証PR","電気・ガス","139875","215291912","-","-","4.94","0.48","131.51","1365.74","64970","100","20230801","688","20230120","440"
"9511","沖縄電力","東証PR","電気・ガス","64386","56927965","-","-","21.18","0.57","53.4","1969.52","113100","100","20230613","1239","20230303","1002"
"9513","電源開発","東証PR","電気・ガス","415892","183051100","3.96","90","5.47","0.38","415.61","6007.64","227200","100","20230801","2353","20230110","1990"
"9514","エフオン","東証PR","電気・ガス","11380","21635439","1.52","8","10.09","0.62","52.12","846.57","52600","100","20230418","699","20230106","466"
"9517","イーレックス","東証PR","電気・ガス","55117","59457808","2.37","22","12.48","0.9","74.27","1027.66","92700","100","20230201","2488","20230817","914"
"9519","レノバ","東証PR","電気・ガス","110206","79171200","0","0","9.13","2.01","152.46","694.12","139200","100","20230124","2451","20230817","1312"
"9522","リニューアブル・ジャパン","東証GR","電気・ガス","33350","29697570","0","0","43.97","3.17","25.54","354.3","112300","100","20230823","1277","20230316","302"
"9531","東京瓦斯","東証PR","電気・ガス","1466399","434875059","1.93","65","14.33","0.88","235.25","3814.83","337200","100","20230727","3400","20230104","2429"
"9532","大阪瓦斯","東証PR","電気・ガス","962322","416680000","2.81","65","8.28","0.65","279.06","3534.52","230950","100","20230517","2335","20230112","1996"
"9533","東邦瓦斯","東証PR","電気・ガス","272087","105256285","2.32","60","15.1","0.64","171.23","4052.67","258500","100","20230727","2774","20230117","2314"
"9534","北海道瓦斯","東証PR","電気・ガス","41152","17737806","3.02","70","4.21","0.59","550.57","3925.78","232000","100","20230731","2537","20230110","1610"
"9535","広島ガス","東証PR","電気・ガス","25958","68490018","3.17","12","8.93","0.39","42.42","963.88","37900","100","20230727","389","20230106","334"
"9536","西部ガスホールディングス","東証PR","電気・ガス","74152","37187567","3.51","70","10.55","0.82","189.06","2424.37","199400","100","20230614","2184","20230106","1659"
"9537","北陸瓦斯","東証ST","電気・ガス","15600","4800000","2.46","80","29.41","0.32","110.5","10308.75","325000","100","20230529","3370","20230407","2852"
"9539","京葉瓦斯","東証ST","電気・ガス","27119","10935000","2.42","60","8.31","0.29","298.56","8541.92","248000","100","20230621","2660","20230112","2301"
"9543","静岡ガス","東証PR","電気・ガス","78707","76192950","1.94","20","7","0.72","147.65","1435.96","103300","100","20230619","1278","20230822","998"
"9551","メタウォーター","東証PR","電気・ガス","86621","45758500","2.32","44","12.89","1.32","146.82","1438.28","189300","100","20230814","1919","20230117","1581"
"9552","M＆A総研ホールディングス","東証GR","サービス","205550","57983115","0","0","77.38","38.08","45.81","93.1","354500","100","20230621","4690","20230106","1820"
"9553","マイクロアド","東証GR","サービス","27372","9145200","0","0","38.42","8.91","77.9","336.09","299300","100","20230623","6790","20230106","1361"
"9554","AViC","東証GR","サービス","4349","5775300","0","0","22.27","4.77","33.81","157.74","75300","100","20230206","1500","20230818","652"
"9556","INTLOOP","東証GR","サービス","26267","4624400","0","0","32.68","7.27","173.81","781.08","568000","100","20230420","8880","20230718","4770"
"9557","エアークローゼット","東証GR","サービス","3271","8197000","0","0","-","5.86","-14.52","68.06","39900","100","20230728","627","20230818","363"
"9558","ジャパニアス","東証GR","サービス","11200","4000000","2.54","71","19.42","4.44","144.19","631.07","280000","100","20230404","3880","20230104","2201"
"9560","プログリット","東証GR","サービス","13086","11907192","0","0","41.8","12.82","26.29","85.75","109900","100","20230620","2500","20230104","234"
"9561","グラッドキューブ","東証GR","サービス","4114","8162400","0","0","18.31","2.9","27.53","173.67","50400","100","20230209","1069","20230815","464"
"9562","ビジネスコーチ","東証GR","サービス","1411","1104000","3.91","50","11.86","2.17","107.76","588.79","127800","100","20230710","1917","20230817","1203"
"9563","Atlas_Technologies","東証GR","サービス","4977","7110000","0","0","11.15","1.97","62.8","354.71","70000","100","20230209","2315","20230818","678"
"9564","FCE_Holdings","東証ST","サービス","6395","3110400","0","0","16.82","3.65","122.22","563.7","205600","100","20230822","2069","20230314","1510"
"9565","ウェルプレイド・ライゼスト","東証GR","サービス","6594","2724998","0","0","39.3","13.61","61.58","177.79","242000","100","20230127","4790","20230515","2118"
"9600","アイネット","東証PR","情報通信","28002","16242424","3.02","52","13.64","1.54","126.37","1117.87","172400","100","20230801","1769","20230316","1237"
"9601","松竹","東証PR","情報通信","151086","13937857","0.28","30","148.9","1.65","72.8","6563.93","1084000","100","20230517","12660","20230116","10070"
"9602","東宝","東証PR","情報通信","1027936","186490633","1.09","60","31.04","2.29","177.57","2409.94","551200","100","20230714","5933","20230117","4500"
"9603","エイチ・アイ・エス","東証PR","サービス","157246","79860936","-","-","-","3.58","-","550.12","196900","100","20230130","2230","20230608","1889"
"9605","東映","東証PR","情報通信","255354","14768909","0.35","60","18.14","0.97","953.03","17900.86","1729000","100","20230620","19260","20230116","16100"
"9610","ウィルソン・ラーニングワールドワイド","東証ST","サービス","999","6404580","-","-","-","0.82","-18.05","190.45","15600","100","20230224","205","20230602","138"
"9612","ラックランド","東証PR","サービス","30966","10394600","0.5","15","67.84","3.07","43.91","970.33","297900","100","20230621","3555","20230104","2754"
"9613","NTTデータグループ","東証PR","情報通信","2682281","1402500000","1.2","23","18.62","1.73","102.71","1108.41","191250","100","20230619","2146","20230316","1656"
"9616","共立メンテナンス","東証PR","サービス","239359","39219818","0.52","32","39.02","3.14","156.41","1943.1","610300","100","20230810","6499","20230601","4800"
"9619","イチネンホールディングス","東証PR","サービス","32487","24262227","3.73","50","5.88","0.65","227.83","2062.73","133900","100","20230629","1386","20230330","1221"
"9621","建設技術研究所","東証PR","サービス","62300","14159086","2.27","100","9.73","1.18","452.21","3726.99","440000","100","20230828","4400","20230410","2930"
"9622","スペース","東証PR","サービス","24153","26600319","3.96","36","15.14","0.75","59.97","1216.8","90800","100","20230511","1105","20230105","866"
"9625","セレスポ","東証ST","サービス","5088","5703500","2.58","23","24.92","0.49","35.8","1832.48","89200","100","20230309","978","20230105","823"
"9627","アインホールディングス","東証PR","小売","179869","35428212","1.18","60","21.62","1.41","234.84","3599.47","507700","100","20230523","6100","20230607","4796"
"9628","燦ホールディングス","東証PR","サービス","25366","11700000","2.12","46","9.93","0.71","218.22","3051.78","216800","100","20230414","2404","20230104","1695"
"9629","ピー・シー・エー","東証PR","情報通信","26708","22000000","1.4","17","26.25","1.4","46.25","867.22","121400","100","20230725","1660","20230428","1068"
"9632","スバル興業","東証ST","サービス","28750","2662000","2.41","260","9.6","0.88","1124.42","12276.3","1080000","100","20230822","10950","20230130","8800"
"9633","東京テアトル","東証ST","サービス","9047","8013000","0.89","10","54.17","0.66","20.84","1697.83","112900","100","20230329","1168","20230117","1096"
"9635","武蔵野興業","東証ST","サービス","2165","1050000","0","0","71.92","0.6","28.67","3413.81","206200","100","20230703","2078","20230330","1954"
"9636","きんえい","東証ST","サービス","9761","2821000","0.29","10","96.49","4.11","35.86","840.99","346000","100","20230727","3700","20230202","3195"
"9637","オーエス","東証ST","サービス","10640","3200000","0.75","25","66.08","0.96","50.32","3472.59","332500","100","20230713","3460","20230130","3080"
"9639","三協フロンテア","東証ST","サービス","49458","11678400","3.78","160","9.8","1.14","431.94","3726.98","423500","100","20230807","4455","20230110","3080"
"9640","セゾン情報システムズ","東証ST","情報通信","31023","16200000","4.7","90","23.86","2.14","80.25","893.49","191500","100","20230828","1925","20230104","1767"
"9644","タナベコンサルティンググループ","東証PR","サービス","20222","17508400","3.81","44","25.83","1.81","44.71","639.38","115500","100","20230828","1155","20230105","623"
"9647","協和コンサルタンツ","東証ST","サービス","2268","586100","0.78","30","6.66","0.7","581.39","5492.46","387000","100","20230419","4100","20230116","3180"
"9651","日本プロセス","東証ST","情報通信","9730","10645020","3.94","36","12.8","0.88","71.43","1043.28","91400","100","20230403","1040","20230105","829"
"9656","グリーンランドリゾート","東証ST","サービス","6467","10346683","1.92","12","15.38","0.67","40.63","936.26","62500","100","20230809","659","20230317","500"
"9658","ビジネスブレイン太田昭和","東証PR","情報通信","26570","12725000","3.45","72","1.68","0.87","1240.47","2389.84","208800","100","20230619","2574","20230106","1786"
"9661","歌舞伎座","東証ST","サービス","59450","12170000","0.1","5","432.3","5.45","11.3","896.22","488500","100","20230124","4950","20230301","4700"
"9663","ナガワ","東証PR","サービス","114500","16357214","0.86","60","29.75","2.03","235.33","3442.92","700000","100","20230201","8140","20230531","5980"
"9672","東京都競馬","東証PR","サービス","112614","28764854","1.92","75","13.23","1.3","295.87","3013.26","391500","100","20230420","4360","20230320","3285"
"9675","常磐興産","東証ST","サービス","11689","8808778","-","-","23.31","1.25","56.93","1060.34","132700","100","20230828","1327","20230118","1176"
"9678","カナモト","東証PR","サービス","95887","38742241","3.03","75","10.74","0.68","230.45","3625.5","247500","100","20230801","2510","20230320","2065"
"9679","ホウライ","東証ST","サービス","4619","1404000","1.67","55","10.94","0.51","300.83","6397.11","329000","100","20230628","3500","20230105","2822"
"9682","DTS","東証PR","情報通信","153242","47590832","2.95","95","17.3","2.34","186.12","1375.54","322000","100","20230605","3605","20230116","2851"
"9684","スクウェア・エニックス・ホールディングス","東証PR","情報通信","661548","122531596","1.8","97","16.79","2.09","321.49","2580.97","539900","100","20230621","7566","20230810","5287"
"9685","KYCOMホールディングス","東証ST","情報通信","2711","5115492","0.94","5","7.28","0.74","72.84","714.18","53000","100","20230807","554","20230315","415"
"9686","東洋テック","東証ST","サービス","11806","11440000","3.49","36","14.07","0.51","73.33","2018.79","103200","100","20230509","1140","20230105","921"
"9687","KSK","東証ST","情報通信","18556","7636368","3.54","86","8.49","1.01","286.28","2416.66","243000","100","20230726","2599","20230104","2170"
"9691","両毛システムズ","東証ST","情報通信","8357","3510000","1.55","37","6.94","0.74","342.98","3223.45","238100","100","20230726","2539","20230104","1769"
"9692","シーイーシー","東証PR","情報通信","62529","37600000","3.01","50","14.54","1.47","114.39","1130.04","166300","100","20230615","1882","20230406","1256"
"9696","ウィザス","東証ST","サービス","14318","10140000","2.12","30","11.54","2.31","122.36","611.35","141200","100","20230828","1423","20230316","805"
"9697","カプコン","東証PR","情報通信","1598767","266505623","0.9","54","31.36","7.2","191.28","832.92","599900","100","20230727","6578","20230116","3975"
"9698","クレオ","東証ST","情報通信","7985","8585688","4.3","40","10.26","1.1","90.62","841.74","93000","100","20230727","1003","20230428","873"
"9699","ニシオホールディングス","東証PR","サービス","101074","28391464","2.81","100","10.74","0.83","331.44","4289.63","356000","100","20230814","3670","20230323","2918"
"9701","東京會舘","東証ST","サービス","12280","3463943","0.28","10","28.88","1.49","122.75","2383.12","354500","100","20230825","3725","20230104","2990"
"9702","アイ・エス・ビー","東証PR","情報通信","15506","11417900","3.09","42","9.74","1.4","139.49","972.25","135800","100","20230629","1715","20230105","1109"
"9704","アゴーラホスピタリティーグループ","東証ST","サービス","7324","281708934","-","-","66.67","1.89","0.39","13.74","2600","100","20230301","28","20230131","21"
"9706","日本空港ビルデング","東証PR","不動産","629570","93145400","0.47","32","54.74","4.12","123.47","1642.24","675900","100","20230814","7488","20230215","6100"
"9708","帝国ホテル","東証ST","サービス","119394","59400000","0.6","12","59.63","2.94","33.71","682.61","201000","100","20230728","2126","20230118","1870"
"9709","NCS＆A","東証ST","情報通信","12186","18000000","4.14","28","9.88","1.03","68.53","654.93","67700","100","20230301","707","20230104","576"
"9713","ロイヤルホテル","東証ST","サービス","20476","15303369","0","0","204.27","1.08","6.55","1240.56","133800","100","20230425","1500","20230803","1271"
"9715","トランス・コスモス","東証PR","サービス","155897","48794046","-","-","-","1.2","-","2655.95","319500","100","20230616","3635","20230406","3015"
"9716","乃村工藝社","東証PR","サービス","101672","119896588","2.95","25","34.47","2.04","24.6","415.33","84800","100","20230619","1010","20230821","819"
"9717","ジャステック","東証PR","情報通信","26242","18287000","3.48","50","11.84","1.25","121.18","1148.03","143500","100","20230828","1439","20230106","1121"
"9719","SCSK","東証PR","情報通信","785868","312783158","2.23","56","20.65","2.87","121.66","875.29","251250","100","20230828","2521.5","20230316","1894"
"9720","ホテル、ニューグランド","東証ST","サービス","5151","1181448","0","0","30.83","1.74","141.4","2511.08","436000","100","20230712","4500","20230116","3700"
"9722","藤田観光","東証PR","サービス","57985","12207424","-","-","9.65","2.22","492.26","2136.59","475000","100","20230824","5030","20230105","2842"
"9723","京都ホテル","東証ST","サービス","9134","12065400","0.4","3","91.31","6.85","8.29","110.57","75700","100","20230425","836","20230111","661"
"9726","KNT-CTホールディングス","東証ST","サービス","41079","27331013","-","-","13.69","-","109.8","-114.12","150300","100","20230309","1816","20230602","1329"
"9729","トーカイ","東証PR","サービス","67974","36041346","2.7","51","12.97","0.81","145.46","2325.64","188600","100","20230501","2090","20230608","1808"
"9731","白洋舎","東証ST","サービス","10620","3900000","1.47","40","15.83","1.56","172.06","1750.1","272300","100","20230622","3045","20230301","1538"
"9733","ナガセ","東証ST","サービス","60464","30445227","5.04","100","14.36","2.16","138.27","918.63","198600","100","20230327","2620","20230104","1827"
"9735","セコム","東証PR","サービス","2388991","233299898","1.86","190","25.36","1.87","403.76","5474.66","1024000","100","20230824","10395","20230110","7301"
"9739","NSW","東証PR","情報通信","40319","14900000","2.03","55","10.21","1.34","265.11","2014.1","270600","100","20230828","2710","20230104","1980"
"9740","セントラル警備保障","東証PR","サービス","43457","14816692","2.05","60","7.64","1.2","383.89","2441.7","293300","100","20230713","3125","20230113","2177"
"9742","アイネス","東証PR","情報通信","34151","20900000","3.06","50","13.07","0.94","125.01","1743.71","163400","100","20230822","1649","20230116","1292"
"9743","丹青社","東証PR","サービス","37287","48424071","3.9","30","17.54","1.25","43.89","615.53","77000","100","20230510","840","20230116","695"
"9744","メイテック","東証PR","サービス","209880","82500000","3.5","89","17.35","4.49","146.64","566.77","254400","100","20230817","2614","20230410","2201"
"9746","TKC","東証PR","情報通信","193265","53462066","2.32","84","19.64","2","184.05","1805.77","361500","100","20230623","3970","20230116","3375"
"9749","富士ソフト","東証PR","情報通信","303300","67400000","1.52","68.5","22.99","2.03","195.7","2214.08","450000","100","20230731","4830","20230105","3665"
"9753","アイエックス・ナレッジ","東証ST","情報通信","10886","10800000","2.98","30","8.89","1.27","113.39","795.88","100800","100","20230509","1089","20230111","790"
"9755","応用地質","東証PR","サービス","70962","25664373","1.81","50","22.08","0.92","125.21","3010.16","276500","100","20230824","2845","20230609","1847"
"9757","船井総研ホールディングス","東証PR","サービス","138320","52000000","2.44","65","23.87","4.81","111.46","553.25","266000","100","20230309","2939","20230817","2292"
"9759","NSD","東証PR","情報通信","220545","87000000","2.68","68","22.4","3.73","113.18","679.38","253500","100","20230629","2960","20230106","2187"
"9760","進学会ホールディングス","東証ST","サービス","5829","20031000","1.72","5","172.19","0.49","1.69","593.87","29100","100","20230329","315","20230822","288"
"9761","東海リース","東証ST","サービス","4560","3494322","3.07","40","19.57","0.29","66.7","4448.98","130500","100","20230217","1440","20230606","1282"
"9763","丸紅建材リース","東証ST","卸売","8838","3429440","3.88","100","7.43","0.55","346.64","4691.04","257700","100","20230628","2628","20230112","1712"
"9765","オオバ","東証PR","サービス","15266","17250000","3.84","34","12.33","1.35","71.75","657.93","88500","100","20230731","910","20230106","644"
"9766","コナミグループ","東証PR","情報通信","1205113","143500000","1.48","124","27.77","2.94","302.45","2854.48","839800","100","20230824","8455","20230116","5580"
"9767","日建工学","東証ST","サービス","3328","1862254","1.68","30","8.14","0.8","219.4","2222.05","178700","100","20230623","1869","20230404","1281"
"9768","いであ","東証ST","サービス","12448","7499025","3.01","50","7.14","0.46","232.52","3605.72","166000","100","20230206","1758","20230220","1521"
"9769","学究社","東証PR","サービス","21597","10968356","4.42","87","10.59","4.24","185.93","464.01","196900","100","20230515","2257","20230106","1792"
"9776","札幌臨床検査センター","東証ST","サービス","4224","4216000","2.3","23","10.87","0.32","92.18","3159.01","100200","100","20230411","1347","20230817","995"
"9778","昴","東証ST","サービス","4161","693576","2","120","15.41","1.03","389.32","5843.4","600000","100","20230726","6180","20230227","5050"
"9780","ハリマビステム","東証ST","サービス","4905","1924898","2.35","60","6.74","0.58","378.07","4368.36","254800","100","20230809","2710","20230306","2026"
"9782","ディーエムエス","東証ST","サービス","10879","7262020","3.34","50","4.95","0.56","302.89","2687.2","149800","100","20230302","1642","20230125","1163"
"9783","ベネッセホールディングス","東証PR","サービス","190156","102648129","3.24","60","15.54","1.18","119.24","1572.67","185250","100","20230309","2053","20230531","1762"
"9787","イオンディライト","東証PR","サービス","162143","50669633","2.69","86","15.12","1.61","211.58","1992.53","320000","100","20230828","3200","20230720","2845"
"9788","ナック","東証PR","サービス","22724","23306750","4.31","42","9.73","0.98","100.16","991.17","97500","100","20230801","999","20230110","926"
"9790","福井コンピュータホールディングス","東証PR","情報通信","55766","20700000","2.41","65","15.73","2.59","171.27","1038.34","269400","100","20230621","3125","20230804","2480"
"9791","ビケンテクノ","東証ST","サービス","8622","7718722","2.51","28","4.96","0.42","225.35","2629","111700","100","20230703","1245","20230220","981"
"9793","ダイセキ","東証PR","サービス","222360","51000000","1.38","60","25.6","2.81","170.33","1553.91","436000","100","20230801","4870","20230602","3495"
"9795","ステップ","東証PR","サービス","29673","16670000","3.93","70","12.68","1.15","140.35","1542.05","178000","100","20230404","1936","20230113","1737"
"9799","旭情報サービス","東証ST","情報通信","10207","8264850","3.56","44","10.24","0.94","120.55","1308.51","123500","100","20230725","1263","20230118","1140"
"9812","テーオーホールディングス","東証ST","卸売","2741","8926896","0","0","12.29","5.96","24.97","51.47","30700","100","20230710","310","20230606","212"
"9816","ストライダーズ","東証ST","不動産","2023","8912089","2.2","5","34.6","0.77","6.56","293.46","22700","100","20230531","310","20230330","209"
"9818","大丸エナウィン","東証ST","卸売","10275","8046500","1.88","24","12.64","0.72","101.05","1780.65","127700","100","20230628","1343","20230125","1159"
"9820","エムティジェネックス","東証ST","不動産","2578","1079600","1.68","40","12.24","0.69","195.09","3454.12","238800","100","20230308","2640","20230116","2270"
"9823","マミーマート","東証ST","小売","30490","10796793","2.12","60","10.02","0.88","281.83","3226.14","282400","100","20230828","2943","20230116","2237"
"9824","泉州電業","東証PR","卸売","80640","21000000","2.6","100","12","1.42","320.02","2707.88","384000","100","20230801","4100","20230110","2970"
"9827","リリカラ","東証ST","卸売","8939","12662100","1.7","12","12.4","1.05","56.93","673.2","70600","100","20230808","760","20230216","396"
"9828","元気寿司","東証ST","小売","38729","8882908","0.46","20","47.52","3.5","91.76","1245.9","436000","100","20230814","5060","20230117","2866"
"9830","トラスコ中山","東証PR","卸売","165220","66008744","1.86","46.5","13.54","1.06","184.86","2368.06","250300","100","20230828","2515","20230116","1925"
"9831","ヤマダホールディングス","東証PR","小売","450848","966863199","-","-","10.15","0.54","45.93","867.92","46630","100","20230309","495","20230601","412"
"9832","オートバックスセブン","東証PR","卸売","132101","82050105","3.73","60","12.68","1","127.01","1612.91","161000","100","20230828","1618","20230118","1392"
"9835","ジュンテンドー","東証ST","小売","4824","8331164","2.59","15","15.65","0.37","36.99","1572.44","57900","100","20230412","618","20230316","545"
"9837","モリト","東証PR","卸売","36600","30000000","4.43","54","18.13","0.88","67.3","1380.3","122000","100","20230814","1238","20230110","714"
"9842","アークランズ","東証PR","小売","68197","41381686","2.43","40","5.1","0.62","323","2677.66","164800","100","20230823","1707","20230120","1381"
"9843","ニトリホールディングス","東証PR","小売","1888890","114443496","0.91","150","18.65","2.23","884.86","7402.67","1650500","100","20230518","19410","20230302","14920"
"9845","パーカーコーポレーション","東証ST","化学","21039","26801452","2.8","22","5.95","0.51","131.95","1542.36","78500","100","20230808","812","20230106","516"
"9846","天満屋ストア","東証ST","小売","12682","11550000","0.91","10","11.49","0.53","95.57","2082.41","109800","100","20230705","1184","20230227","1004"
"9849","共同紙販ホールディングス","東証ST","卸売","3375","735344","1.09","50","29.27","0.8","156.83","5751.76","459000","100","20230301","4740","20230330","4315"
"9850","グルメ杵屋","東証PR","小売","26347","22910275","-","-","64.32","3.51","17.88","327.59","115000","100","20230824","1153","20230105","981"
"9852","CBグループマネジメント","東証ST","卸売","9921","2461848","2.48","100","5.27","0.38","765.4","10591.82","403000","100","20230728","4585","20230113","2940"
"9853","銀座ルノアール","東証ST","小売","5327","6252004","0.35","3","62.69","1.6","13.59","534.09","85200","100","20230329","873","20230330","821"
"9854","愛眼","東証ST","小売","3815","21076154","0","0","27.22","0.29","6.65","621.2","18100","100","20230616","198","20230120","164"
"9856","ケーユーホールディングス","東証ST","小売","52951","44126024","4.42","53","6.89","0.67","174.23","1802.03","120000","100","20230309","1640","20230817","1134"
"9857","英和","東証ST","卸売","10320","6470000","3.45","55","7.62","0.72","209.36","2217.96","159500","100","20230804","1770","20230110","1231"
"9861","吉野家ホールディングス","東証PR","小売","180474","65129558","0.36","10","74.67","3.2","37.11","864.69","277100","100","20230814","2915","20230105","2238"
"9867","ソレキア","東証ST","卸売","4422","865301","0.98","50","6.69","0.49","763.71","10337.85","511000","100","20230315","7070","20230105","4535"
"9869","加藤産業","東証PR","卸売","143675","35000000","2.36","97","12.22","0.95","336.06","4332.9","410500","100","20230824","4130","20230411","3300"
"9872","北恵","東証ST","卸売","8210","10011841","3.72","30.5","11.85","0.59","69.2","1396.54","82000","100","20230828","826","20230104","660"
"9873","日本KFCホールディングス","東証ST","小売","66756","22423761","1.68","50","33.16","2.39","89.77","1246.6","297700","100","20230814","3040","20230104","2727"
"9876","コックス","東証ST","小売","4711","27711028","0","0","13.05","0.7","13.03","242.32","17000","100","20230111","199","20230217","145"
"9878","セキド","東証ST","小売","1388","2040928","1.47","10","32.99","1.62","20.61","420.64","68000","100","20230705","872","20230609","611"
"9880","イノテック","東証PR","電気機器","21167","13700000","4.53","70","10.15","0.88","152.21","1763.95","154500","100","20230704","1710","20230105","1263"
"9882","イエローハット","東証PR","卸売","93556","49923146","3.52","66","8.09","0.8","231.66","2342.24","187400","100","20230428","1944","20230116","1687"
"9885","シャルレ","東証ST","卸売","6081","16086250","2.12","8","-","0.33","-3.79","1131.83","37800","100","20230510","409","20230621","338"
"9887","松屋フーズホールディングス","東証PR","小売","79497","19063968","0.58","24","198.76","1.94","20.98","2152.56","417000","100","20230509","4355","20230110","3860"
"9888","UEX","東証ST","卸売","14940","12000000","-","-","6.86","0.84","181.5","1477.21","124500","100","20230309","1680","20230105","969"
"9889","JBCCホールディングス","東証PR","情報通信","46034","17773743","3.09","80","14.3","2.02","181.1","1282.44","259000","100","20230731","2655","20230106","1738"
"9890","マキヤ","東証ST","小売","9307","10540200","2.27","20","7.42","0.49","119","1815.2","88300","100","20230815","898","20230105","695"
"9895","コンセック","東証ST","卸売","2145","1864011","2.17","25","20.64","0.27","55.77","4190.83","115100","100","20230824","1166","20230113","1055"
"9896","JKホールディングス","東証PR","卸売","30264","31040016","4.1","40","5.64","0.5","172.89","1957.91","97500","100","20230308","1220","20230817","933"
"9900","サガミホールディングス","東証PR","小売","41029","30301784","0.37","5","102.03","2.56","13.27","528.93","135400","100","20230814","1392","20230105","1176"
"9902","日伝","東証PR","卸売","80289","31886000","2.58","65","18.34","0.91","137.3","2765.27","251800","100","20230828","2530","20230106","1671"
"9903","カンセキ","東証ST","小売","11624","8050000","1.66","24","11.88","0.96","121.51","1497.17","144400","100","20230113","1598","20230403","1386"
"9904","ベリテ","東証ST","小売","10647","27230825","5.14","20.1","18.68","2.35","20.93","166.24","39100","100","20230814","403","20230110","346"
"9906","藤井産業","東証ST","卸売","20911","10010000","3.11","65","6.32","0.57","330.79","3684.74","208900","100","20230810","2247","20230104","1328"
"9908","日本電計","東証ST","卸売","24571","11818507","3.85","80","8.59","0.95","242.05","2193.79","207900","100","20230725","2197","20230106","1447"
"9913","日邦産業","東証ST","卸売","10989","9127338","3.32","40","8.46","0.83","142.33","1457.02","120400","100","20230828","1205","20230113","690"
"9914","植松商会","東証ST","卸売","1790","2340000","3.27","25","22.47","0.61","34.04","1257.54","76500","100","20230309","915","20230330","625"
"9919","関西フードマーケット","東証ST","小売","91446","63858804","1.26","18","18.29","1.23","78.3","1163.96","143200","100","20230515","1753","20230106","1228"
"9927","ワットマン","東証ST","小売","7230","9094832","1.89","15","15.29","2.45","52.01","323.96","79500","100","20230703","1090","20230213","560"
"9928","ミロク情報サービス","東証PR","情報通信","53288","34806286","2.94","45","11.17","1.93","137.1","795.12","153100","100","20230209","1881","20230116","1409"
"9929","平和紙業","東証ST","卸売","4209","10116917","2.88","12","28.73","0.41","14.48","1008.3","41600","100","20230213","446","20230330","402"
"9930","北沢産業","東証ST","卸売","7574","23818257","1.57","5","14.78","0.62","21.52","509.36","31800","100","20230508","503","20230112","189"
"9932","杉本商事","東証PR","卸売","25489","11399237","3.13","70","12.35","0.66","181.08","3391.75","223600","100","20230629","2257","20230110","1895"
"9934","因幡電機産業","東証PR","卸売","177438","56419000","3.82","120","12.26","1.15","256.56","2729.59","314500","100","20230622","3400","20230116","2632"
"9936","王将フードサービス","東証PR","小売","160442","23286230","1.96","135","24.05","2.03","286.52","3386.01","689000","100","20230815","7080","20230116","5870"
"9941","太洋物産","東証ST","卸売","1955","1934019","0","0","-","3.17","-","318.6","101100","100","20230707","1100","20230104","965"
"9946","ミニストップ","東証PR","小売","43090","29372774","1.36","20","457.01","1.06","3.21","1379.47","146700","100","20230814","1509","20230320","1370"
"9948","アークス","東証PR","小売","148275","57649868","2.26","58","14.45","0.83","177.98","3102.94","257200","100","20230705","2616","20230116","2069"
"9950","ハチバン","東証ST","小売","9879","3068111","0.62","20","49.08","2.79","65.61","1155.63","322000","100","20230828","3225","20230317","3055"
"9955","ヨンキュウ","東証ST","卸売","27599","12266022","-","-","19.64","0.78","114.58","2882.76","225000","100","20230118","3110","20230626","2205"
"9956","バローホールディングス","東証PR","小売","113050","53987499","2.87","60","12.06","0.72","173.64","2903.78","209400","100","20230809","2183","20230110","1757"
"9959","アシードホールディングス","東証ST","小売","7746","13495248","2.79","16","10.78","1.15","53.26","497.17","57400","100","20230419","660","20230406","536"
"9960","東テク","東証PR","卸売","73157","13988000","3.48","182","11.55","1.56","452.72","3356.55","523000","100","20230801","5630","20230105","3210"
"9962","ミスミグループ本社","東証PR","卸売","709377","284718997","1.09","27.1","23.16","2.21","107.56","1126.57","249150","100","20230519","3590","20230804","2384"
"9969","ショクブン","東証ST","小売","4458","17691669","1.98","5","19.03","1.5","13.24","168.01","25200","100","20230418","274","20230113","219"
"9972","アルテック","東証ST","卸売","3819","15153000","2.78","7","11.54","0.29","21.83","877.21","25200","100","20230308","332","20230821","234"
"9973","小僧寿し","東証ST","小売","3911","205821340","0","0","-","6.76","-0.3","2.81","1900","100","20230622","28","20230328","17"
"9974","ベルク","東証PR","小売","139606","20867800","1.41","94","15.12","1.49","442.38","4475.23","669000","100","20230711","7010","20230118","5320"
"9976","セキチュー","東証ST","小売","6871","5586150","1.63","20","14.72","0.61","83.55","2001.32","123000","100","20230330","1325","20230110","1170"
"9977","アオキスーパー","東証ST","小売","16825","6250000","2.23","60","38.82","0.73","69.34","3693.42","269200","100","20230706","2915","20230116","2115"
"9978","文教堂グループホールディングス","東証ST","小売","1674","42912340","0","0","16.74","-","2.33","-9.46","3900","100","20230125","48","20230803","38"
"9979","大庄","東証ST","小売","23722","21198962","-","-","-","2.59","-43.22","432.72","111900","100","20230510","1197","20230117","1001"
"9980","MRKホールディングス","東証ST","小売","10940","101295071","0.93","1","20.65","0.79","5.23","136.87","10800","100","20230310","124","20230104","105"
"9982","タキヒヨー","東証ST","卸売","10574","9500000","1.8","20","25.65","0.36","43.4","3123.85","111300","100","20230711","1390","20230106","812"
"9983","ファーストリテイリング","東証PR","小売","10529932","318220968","0.85","280","39.02","5.99","847.96","5527.11","3309000","100","20230619","37550","20230116","23690"
"9984","ソフトバンクグループ","東証PR","情報通信","9660809","1469995230","0.67","44","-","0.98","-","6683.9","657200","100","20230731","7297","20230316","4766"
"9986","蔵王産業","東証ST","卸売","16254","6266000","3.86","100","14.11","1.16","183.83","2240.71","259400","100","20230828","2699","20230106","1720"
"9987","スズケン","東証PR","卸売","347066","82831904","1.91","80","26.67","0.83","157.13","5049.38","419000","100","20230816","4232","20230323","3210"
"9989","サンドラッグ","東証PR","小売","507396","119331184","2.68","114","18.9","2.09","224.93","2030.16","425200","100","20230814","4455","20230316","3430"
"9990","サックスバーホールディングス","東証PR","小売","27740","29859900","3.23","30","12.46","1.05","74.54","887.65","92900","100","20230525","1066","20230105","725"
"9991","ジェコス","東証PR","卸売","31869","33795746","3.71","35","9.66","0.54","97.65","1756.84","94300","100","20230808","961","20230104","821"
"9993","ヤマザワ","東証ST","小売","14129","10960825","2.09","27","86.74","0.48","14.86","2706.07","128900","100","20230217","1477","20230316","1210"
"9994","やまや","東証ST","小売","32164","10847870","1.75","52","14.29","1.09","207.53","2708.28","296500","100","20230828","2970","20230113","2468"
"9995","グローセル","東証PR","卸売","12490","29526800","2.84","12","17.11","0.47","24.72","892.52","42300","100","20230731","444","20230601","395"
"9996","サトー商会","東証ST","卸売","11889","9152640","2.62","34","12.51","0.44","103.83","2935.35","129900","100","20230828","1302","20230104","1132"
"9997","ベルーナ","東証PR","小売","70016","97244472","2.85","20.5","7.41","0.54","97.22","1340.57","72000","100","20230515","769","20230113","661"
