"SC","名称","市場","業種","時価総額（百万円）","発行済株式数","配当利回り（予想）","1株配当（予想）","PER（予想）","PBR（実績）","EPS（予想）","BPS（実績）","最低購入額","単元株","高値日付","年初来高値","安値日付","年初来安値"
"0001","日経平均株価（日経225）","東証","株価指数","-","-","-","-","-","-","-","-","-","-","-","-","-","-"
"0002","TOPIX（東証株価指数）","東証","株価指数","-","-","-","-","-","-","-","-","-","-","-","-","-","-"
"1301","極洋","東証PR","水産・農林","44096","10928283","2.48","100","7.87","0.82","512.87","4947.28","403500","100","20240207","4120","20230320","3370"
"130A","Veritas_In_Silico","東証GR","医薬品","18935","6301314","-","-","-","-","-","-","300500","100","20240209","3005","20240208","2001"
"1332","ニッスイ","東証PR","水産・農林","283718","312430277","2.64","24","12.02","1.14","75.52","794.96","90810","100","20240207","917","20230113","517"
"1333","マルハニチロ","東証PR","水産・農林","149258","50578837","2.37","70","6.77","0.72","436.2","4086.84","295100","100","20240207","3042","20230320","2333"
"1375","雪国まいたけ","東証PR","水産・農林","37516","39910700","0.21","2","48.06","3.49","19.56","269.23","94000","100","20230307","1057","20230821","867"
"1376","カネコ種苗","東証ST","水産・農林","16741","11772626","2.18","31","11.23","0.69","126.64","2057.93","142200","100","20230404","1709","20240112","1366"
"1377","サカタのタネ","東証PR","水産・農林","166886","47410750","1.56","55","19.51","1.06","180.39","3324.76","352000","100","20230926","4495","20240208","3470"
"1379","ホクト","東証PR","水産・農林","59312","33359040","-","-","80.49","1.12","22.09","1581.13","177800","100","20230131","1902","20231213","1708"
"1380","秋川牧園","東証ST","水産・農林","4371","4179000","0.96","10","43.6","2","23.99","522.33","104600","100","20230928","1094","20231220","1024"
"1381","アクシーズ","東証ST","水産・農林","16701","5617500","3.2","95","16.7","0.83","178.07","3562.15","297300","100","20230627","3270","20230217","2828"
"1382","ホーブ","東証ST","水産・農林","1660","762000","2.3","50","25.14","2.16","86.65","1009.66","217800","100","20230912","4635","20230111","1664"
"1383","ベルグアース","東証ST","水産・農林","5411","1610500","0.3","10","69.7","2.64","48.21","1273.11","336000","100","20230403","3475","20230104","2886"
"1384","ホクリヨウ","東証ST","水産・農林","8857","8459000","3.82","40","5.69","0.74","183.95","1409.75","104700","100","20230925","1205","20230104","702"
"1401","エムビーエス","東証GR","建設","5637","7732000","1.1","8","14.62","1.62","49.86","450.14","72900","100","20240208","835","20230113","466"
"1407","ウエストホールディングス","東証ST","建設","142685","46027488","1.77","55","16.95","4.2","182.93","738.05","310000","100","20230113","4730","20230818","2324"
"1414","ショーボンドホールディングス","東証PR","建設","361410","56745180","2.01","128","25.17","3.48","253","1829.4","636900","100","20240117","6929","20230217","5170"
"1417","ミライト・ワン","東証PR","建設","199160","103325329","3.37","65","10.17","0.74","189.62","2591.99","192750","100","20230919","2058","20230213","1468"
"1418","インターライフホールディングス","東証ST","建設","4282","20010529","2.34","5","11.06","0.96","19.35","222.7","21400","100","20230417","318","20230316","159"
"1419","タマホーム","東証PR","建設","118854","29455800","4.58","185","12.71","3.71","317.37","1086.99","403500","100","20240111","4325","20230110","2422"
"1420","サンヨーホームズ","東証ST","建設","9490","12620000","3.32","25","17.42","0.61","43.18","1223.92","75200","100","20230127","790","20230412","701"
"1429","日本アクア","東証PR","建設","35108","34760000","2.97","30","17.35","3.6","58.23","280.5","101000","100","20230914","1125","20230117","774"
"1430","ファーストコーポレーション","東証ST","建設","10504","13363540","3.94","31","7.62","1.18","103.11","666.52","78600","100","20230509","963","20230718","690"
"1431","Lib_Work","東証GR","建設","18517","23292040","0.81","6.4","47.41","5.77","16.77","137.79","79500","100","20230417","839","20230106","748"
"1433","ベステラ","東証PR","建設","8738","8990200","2.06","20","44.16","2.27","22.01","427.26","97200","100","20230613","1341","20230314","851"
"1434","JESCOホールディングス","東証ST","建設","6456","6934100","3.22","30","5.32","1.18","175.02","791.79","93100","100","20240202","1021","20230104","439"
"1435","Robot_Home","東証ST","不動産","15309","91127000","1.19","2","18.88","1.81","8.9","93.06","16800","100","20230414","258","20230106","158"
"1436","フィット","東証GR","建設","3779","4284200","1.36","12","9.99","0.75","88.33","1180.86","88200","100","20230411","1286","20230104","656"
"1438","岐阜造園","東証ST","建設","5249","3204600","1.83","30","17.44","1.49","93.94","1100.08","163800","100","20230921","1870","20230112","994"
"1439","安江工務店","東証ST","建設","1858","1351560","2.91","40","8.9","1.09","154.55","1261.56","137500","100","20230203","1796","20230314","942"
"1443","技研ホールディングス","東証ST","建設","3491","16237977","0.47","1","10.91","0.34","19.71","626.73","21500","100","20230130","313","20230105","203"
"1444","ニッソウ","東証GR","建設","2808","1088700","0","0","19.09","1.84","135.12","1401.8","257900","100","20240129","3000","20230130","1954"
"1446","キャンディル","東証ST","建設","6269","10734200","1.37","8","23.37","1.99","24.99","293.98","58400","100","20230904","649","20230130","492"
"1447","ITbookホールディングス","東証GR","建設","7656","24152701","0","0","15.3","3.23","20.72","98.08","31700","100","20230221","436","20231228","233"
"1450","田中建設工業","東証ST","建設","9765","4349800","3.25","73","10.33","1.57","217.27","1432.13","224500","100","20230329","2780","20231225","1905"
"1451","KHC","東証ST","建設","3020","4005350","4.64","35","9.78","0.48","77.08","1574.79","75400","100","20240111","780","20230106","603"
"1491","中外鉱業","東証ST","非鉄金属","8692","289747982","-","-","19.23","1.19","1.56","25.17","3000","100","20230512","36","20230104","28"
"1514","住石ホールディングス","東証ST","鉱業","124794","58892853","0.94","20","19.36","4.41","109.43","480.74","211900","100","20240209","2171","20230403","303"
"1515","日鉄鉱業","東証PR","鉱業","80516","16704638","3.51","169","11.46","0.58","420.76","8306.76","482000","100","20231129","5730","20230105","3130"
"1518","三井松島ホールディングス","東証PR","鉱業","36384","13064400","2.87","80","2.97","0.55","937.52","5043.25","278500","100","20230221","4105","20230619","2475"
"1605","INPEX","東証PR","鉱業","2512606","1259136067","3.71","74","7.65","0.6","260.88","3351.88","199550","100","20230928","2368","20230105","1301"
"1662","石油資源開発","東証PR","鉱業","313311","54300076","4.33","250","6.95","0.65","829.81","8890.78","577000","100","20240129","6300","20230105","3590"
"1663","K＆Oエナジーグループ","東証PR","鉱業","69225","28336061","1.56","38","11.41","0.73","214.12","3325.1","244300","100","20230929","2737","20230106","1887"
"1711","SDSホールディングス","東証ST","建設","3781","8732773","0","0","-","7.3","-13.74","59.32","43300","100","20240205","490","20231016","215"
"1712","ダイセキ環境ソリューション","東証ST","建設","17399","16827120","1.16","12","9.79","1.07","105.58","963.06","103400","100","20230714","1445","20230407","793"
"1716","第一カッター興業","東証ST","建設","17532","12000000","2.4","35","8.83","0.98","165.52","1489.85","146100","100","20240209","1481","20230116","1000"
"1717","明豊ファシリティワークス","東証ST","サービス","12048","12775900","3.76","35.5","14.65","2.24","64.38","420.31","94300","100","20240209","954","20230116","690"
"1718","美樹工業","東証ST","建設","5737","1153263","3.22","160","7.77","0.36","640.34","13828.84","497500","100","20240202","5030","20230117","3800"
"1719","安藤・間","東証PR","建設","217406","181021197","5","60","13.82","1.31","86.89","913.98","120100","100","20240208","1280","20230106","819"
"1720","東急建設","東証PR","建設","85729","106761205","4.48","36","14.82","0.88","54.17","914.5","80300","100","20230920","850","20230105","624"
"1721","コムシスホールディングス","東証PR","建設","414694","133000000","3.37","105","16.34","1.08","190.86","2874.07","311800","100","20240112","3393","20230104","2277"
"1723","日本電技","東証ST","建設","42135","8197500","3.11","160","12.43","1.27","413.44","4055.33","514000","100","20240130","5750","20230104","3090"
"1724","シンクレイヤ","東証ST","建設","3391","4943780","2.48","17","10.1","0.59","67.9","1172.35","68600","100","20230125","740","20230106","578"
"1726","ビーアールホールディングス","東証PR","建設","17265","45795000","3.71","14","13.21","1.21","28.54","312.86","37700","100","20230621","404","20230118","324"
"1730","麻生フオームクリート","東証ST","建設","2220","3420000","0.46","3","221.5","1.73","2.93","374.66","64900","100","20231214","1039","20230330","391"
"1736","オーテック","東証ST","建設","19950","5700000","3.23","113","11.18","0.98","313","3557.21","350000","100","20240208","3850","20230208","2052"
"1739","メルディアDC","東証GR","建設","7048","6454400","0","0","6.65","0.76","164.3","1440.77","109200","100","20240208","1095","20230816","663"
"1743","コーアツ工業","東証ST","建設","2893","2280000","1.97","25","9.99","0.34","127.07","3692.7","126900","100","20230403","1538","20230106","1003"
"1757","創建エース","東証ST","建設","9635","267651756","-","-","-","12.16","-","2.96","3600","100","20230525","59","20231005","27"
"1758","太洋基礎工業","東証ST","建設","4898","2458800","1.76","35","6.66","0.45","298.95","4410.78","199200","100","20230501","3110","20230206","1720"
"1762","高松コンストラクショングループ","東証PR","建設","96308","34818578","2.78","77","12.67","0.75","218.27","3707.11","276600","100","20240202","3000","20230106","1895"
"1764","工藤建設","東証ST","建設","3415","1331220","3.9","100","19.91","0.69","128.84","3702.26","256500","100","20230628","2720","20230823","2300"
"1766","東建コーポレーション","東証PR","建設","127715","13472000","2.64","250","19.17","1.1","494.57","8614.11","948000","100","20240205","9660","20230620","7140"
"1768","ソネック","東証ST","建設","6990","7500000","3.22","30","13.62","0.78","68.44","1188.85","93200","100","20230914","1025","20230130","928"
"1770","藤田エンジニアリング","東証ST","建設","15690","11700000","2.98","40","10.23","0.73","131.14","1839.97","134100","100","20240209","1390","20230216","864"
"1773","ワイ・ティー・エル・コーポレーション・バーハッド（外国株）","東証PR","建設","-","-","-","-","-","-","-","-","73000","1000","20231226","85","20230119","16"
"1775","富士古河E＆C","東証ST","建設","49104","9026561","3.13","170","9.98","1.29","544.88","4226.07","544000","100","20240205","5720","20230104","3380"
"1776","三井住建道路","東証ST","建設","10595","9277500","3.5","40","15.39","0.79","74.19","1453.41","114200","100","20240207","1224","20230104","813"
"1780","ヤマウラ","東証PR","建設","31866","21103514","0.33","5","10.59","1.49","142.65","1011.98","151000","100","20240122","1718","20230105","993"
"1783","fantasista","東証ST","建設","7652","170042851","0","0","7.65","1.21","5.88","37.19","4500","100","20230215","75","20231201","43"
"1786","オリエンタル白石","東証PR","建設","49000","138809400","3.82","13.5","12.46","0.99","28.33","357.1","35300","100","20240130","373","20230104","279"
"1787","ナカボーテック","東証ST","建設","13091","2602500","3.58","180","19.66","1.68","255.85","2996.54","503000","100","20230713","5840","20230120","4330"
"1788","三東工業社","東証ST","建設","2332","686000","2.06","70","10.44","0.68","325.63","5034.83","340000","100","20230627","4460","20230105","2640"
"1789","ETSホールディングス","東証ST","建設","3462","6375284","1.47","8","15.24","1.28","35.64","424.51","54300","100","20231024","725","20231218","515"
"1793","大本組","東証ST","建設","38323","15397140","2.61","65","35.58","0.54","69.96","4609.1","248900","100","20240207","2943","20230203","2077"
"1795","マサル","東証ST","建設","3150","901151","3.15","110","10.44","0.65","334.76","5394.8","349500","100","20230809","3890","20230118","3110"
"1798","守谷商会","東証ST","建設","8294","2260000","2.18","80","7.82","0.58","469.37","6356.55","367000","100","20240130","4270","20230104","2173"
"1799","第一建設工業","東証ST","建設","35814","20858491","2.91","50","12.88","0.49","133.29","3501.08","171700","100","20240207","1926","20230120","1333"
"1801","大成建設","東証PR","建設","940649","188771572","2.61","130","19.91","1.09","250.3","4591.45","498300","100","20231114","5645","20230320","3965"
"1802","大林組","東証PR","建設","1003259","721509646","3.02","42","16.9","0.93","82.29","1491.93","139050","100","20240206","1468","20230116","935"
"1803","清水建設","東証PR","建設","663657","743676313","3.03","27","13.13","0.75","67.99","1195.62","89240","100","20231107","1122","20230116","661"
"1805","飛島建設","東証PR","建設","27826","19310436","4.16","60","10.21","0.6","141.1","2390.49","144100","100","20240131","1530","20230105","997"
"1807","佐藤渡辺","東証ST","建設","11345","3195700","4.23","150","8.03","0.56","442.1","6383.91","355000","100","20240207","3605","20230209","2153"
"1808","長谷工コーポレーション","東証PR","建設","562937","300794397","4.27","80","9.2","1.05","203.5","1776.49","187150","100","20240117","2018","20230116","1427"
"1810","松井建設","東証ST","建設","25198","30580000","3.16","26","13.37","0.52","61.63","1576.11","82400","100","20240111","884","20230110","544"
"1811","錢高組","東証ST","建設","30626","7353140","-","-","6.69","0.34","622.74","12380.22","416500","100","20240207","4650","20230116","2610"
"1812","鹿島建設","東証PR","建設","1418648","528656011","2.61","70","12.1","1.14","221.81","2347.04","268350","100","20240207","2775","20230116","1451"
"1813","不動テトラ","東証PR","建設","36970","16489522","2.68","60","14.84","1.07","151.11","2098.18","224200","100","20240104","2761","20230106","1454"
"1814","大末建設","東証PR","建設","17142","10614225","4.33","70","19.67","0.79","82.1","2040.66","161500","100","20240209","1620","20230206","1125"
"1815","鉄建建設","東証PR","建設","33955","15668956","3.69","80","9.4","0.47","230.57","4627.56","216700","100","20230919","2247","20230106","1740"
"1820","西松建設","東証PR","建設","239822","55591502","4.01","173","14.94","1.06","288.81","4057.55","431400","100","20240208","4488","20230511","3265"
"1821","三井住友建設","東証PR","建設","64093","162673321","3.55","14","15.43","0.87","25.54","453.92","39400","100","20230309","443","20230601","347"
"1822","大豊建設","東証ST","建設","67812","18083163","4.13","155","16.95","0.96","221.27","3891.24","375000","100","20230920","4205","20230118","3370"
"1826","佐田建設","東証ST","建設","10679","15521233","3.78","26","47.88","0.69","14.37","991.56","68800","100","20240206","761","20230104","424"
"1827","ナカノフドー建設","東証ST","建設","16973","34498097","2.64","13","8.45","0.45","58.2","1088.97","49200","100","20240117","534","20230104","311"
"1828","田辺工業","東証ST","建設","14064","10728000","3.43","45","10.67","0.64","122.9","2053.49","131100","100","20230928","1641","20230105","905"
"1833","奥村組","東証PR","建設","195259","38665226","4.46","225","15.62","1.04","323.27","4853.97","505000","100","20240205","5320","20230113","2932"
"1835","東鉄工業","東証PR","建設","108661","36100000","3.12","94","14.8","0.99","203.34","3027.09","301000","100","20240104","3225","20230601","2519"
"1840","土屋ホールディングス","東証ST","建設","5748","25775118","3.14","7","10.14","0.45","22","493.61","22300","100","20230725","270","20230201","180"
"1841","サンユー建設","東証ST","建設","3704","4000000","2.7","25","12.37","0.3","74.84","3083.95","92600","100","20230519","1110","20230111","836"
"1844","大盛工業","東証ST","建設","3441","17922849","3.65","7","10.41","0.67","18.45","285.79","19200","100","20230724","222","20230104","173"
"1847","イチケン","東証ST","建設","18007","7284400","4.45","110","7.18","0.63","344.38","3946.67","247200","100","20240209","2494","20230110","1764"
"1848","富士ピー・エス","東証ST","建設","8259","18602244","2.03","9","15.77","0.81","28.16","544.86","44400","100","20230919","484","20230104","430"
"1850","南海辰村建設","東証ST","建設","9343","28835730","0.93","3","7.98","0.63","40.59","516.55","32400","100","20230418","370","20230104","303"
"1852","淺沼組","東証PR","建設","66487","16157258","4.8","197.5","14.61","1.55","281.62","2657.74","411500","100","20240131","4440","20230105","2956"
"1853","森組","東証ST","建設","11218","32800000","4.09","14","16.47","0.79","20.76","434.47","34200","100","20230925","350","20230214","279"
"1860","戸田建設","東証PR","建設","300071","322656796","3.01","28","14.78","0.86","62.92","1084.46","93000","100","20240206","972","20230406","668"
"1861","熊谷組","東証PR","建設","166866","43285560","3.37","130","16.1","0.98","239.4","3951.64","385500","100","20240208","3970","20230106","2536"
"1866","北野建設","東証ST","建設","20852","6836853","3.28","100","8.91","0.44","342.17","6893.16","305000","100","20230403","3390","20230116","2370"
"1867","植木組","東証ST","建設","12139","6873528","3.11","55","9.55","0.45","184.87","3962.83","176600","100","20240209","1824","20230531","1262"
"1870","矢作建設工業","東証PR","建設","64859","44607457","4.13","60","9.93","1.03","146.47","1417.15","145400","100","20240209","1508","20230105","739"
"1871","ピーエス三菱","東証PR","建設","49101","47486029","3.29","34","12.48","0.99","82.82","1047.06","103400","100","20240209","1038","20230105","595"
"1873","日本ハウスホールディングス","東証PR","建設","12000","40000000","-","-","-","0.54","-41.25","558.78","30000","100","20230302","410","20231226","275"
"1878","大東建託","東証PR","不動産","1179893","68918979","3.13","535","15.92","2.87","1075.29","5958.45","1712000","100","20240205","17425","20230210","12150"
"1879","新日本建設","東証PR","建設","76087","61360720","2.74","34","5.94","0.68","208.58","1815.46","124000","100","20230629","1304","20230104","734"
"1882","東亜道路工業","東証PR","建設","68069","10440046","3.22","210","15.52","1.21","420.11","5392.46","652000","100","20240109","7190","20230105","2805"
"1884","日本道路","東証PR","建設","88816","43946340","2.97","60","13.66","0.9","147.92","2233.6","202100","100","20240104","2410","20230110","1144"
"1885","東亜建設工業","東証PR","建設","101226","22494629","2.44","110","12.86","1.05","349.98","4301.97","450000","100","20240209","4500","20230112","2296"
"1887","日本国土開発","東証PR","建設","48493","93255000","4.23","22","-","0.6","-45.6","863.17","52000","100","20230929","686","20240209","520"
"1888","若築建設","東証PR","建設","42136","12964993","3.08","100","11.52","0.98","282.24","3306.34","325000","100","20230509","4585","20230106","2651"
"1890","東洋建設","東証PR","建設","118719","94371183","5.01","63","19.75","1.64","63.69","765.9","125800","100","20231122","1372","20230110","837"
"1893","五洋建設","東証PR","建設","219172","286013910","3.13","24","9.93","1.36","77.17","562.5","76630","100","20230919","952","20230106","604"
"1897","金下建設","東証ST","建設","10746","3806660","1.77","50","22.54","0.34","125.24","8190.65","282300","100","20240202","3270","20230420","2705"
"1898","世紀東急工業","東証PR","建設","72042","37424507","4.68","90","21.6","1.8","89.14","1071.05","192500","100","20240207","2042","20230209","767"
"1899","福田組","東証PR","建設","46738","8988111","2.12","110","14.7","0.56","353.74","9359.01","520000","100","20240104","5930","20230314","4300"
"1904","大成温調","東証ST","建設","37441","6882487","2.32","126","26.39","1.21","206.16","4484.32","544000","100","20240131","5940","20230330","1895"
"1905","テノックス","東証ST","建設","9170","7347680","3.04","38","14.57","0.67","85.67","1860.83","124800","100","20240208","1280","20230106","853"
"1909","日本ドライケミカル","東証ST","機械","22228","7181812","1.13","35","8.89","1.03","348.31","2992.5","309500","100","20240209","3105","20230120","1409"
"1911","住友林業","東証PR","建設","874100","206058468","2.95","125","9.32","1.16","455.28","3668.59","424200","100","20240123","4688","20230105","2274"
"1914","日本基礎技術","東証ST","建設","14468","29346400","2.64","13","17.95","0.46","27.47","1064.84","49300","100","20230222","558","20231225","419"
"1921","巴コーポレーション","東証ST","建設","24539","40763046","1.99","12","10.45","0.52","57.6","1154.21","60200","100","20240205","625","20230112","384"
"1925","大和ハウス工業","東証PR","建設","2858290","659351820","3.23","140","10.84","1.18","399.78","3679.93","433500","100","20240112","4718","20230116","2933"
"1926","ライト工業","東証PR","建設","103959","53948450","3.32","64","9.89","1.08","194.87","1792.39","192700","100","20240117","2240","20230106","1802"
"1928","積水ハウス","東証PR","建設","2160269","662862666","3.62","118","11.08","1.22","294.2","2669.53","325900","100","20240122","3495","20230106","2310"
"1929","日特建設","東証PR","建設","47741","41731951","4.11","47","14.24","1.47","80.31","776.01","114400","100","20240207","1214","20230116","901"
"1930","北陸電気工事","東証PR","建設","37155","29963991","2.9","36","14.46","0.86","85.74","1434.91","124000","100","20240109","1328","20230104","653"
"1934","ユアテック","東証PR","建設","91581","72224462","2.37","30","12.98","0.66","97.72","1911.86","126800","100","20240208","1412","20230106","709"
"1938","日本リーテック","東証PR","建設","32432","25617717","2.37","30","13.73","0.56","92.18","2275.52","126600","100","20230524","1510","20230210","833"
"1939","四電工","東証PR","建設","61771","16255470","3.68","140","14.26","1.03","266.53","3705.31","380000","100","20240207","3925","20230105","1701"
"1941","中電工","東証PR","建設","162787","58138117","3.71","104","20.17","0.76","138.85","3683.08","280000","100","20240208","2898","20230113","2051"
"1942","関電工","東証PR","建設","320045","205288338","2.25","35","13.67","1","114.01","1553.75","155900","100","20240202","1639","20230110","828"
"1944","きんでん","東証PR","建設","533880","205141080","2.31","60","18.57","0.96","140.17","2708.92","260250","100","20240201","2900","20230117","1376"
"1945","東京エネシス","東証PR","建設","41249","37261752","3.61","40","15.17","0.56","72.96","1980.8","110700","100","20240205","1250","20230316","865"
"1946","トーエネック","東証PR","建設","98583","19329990","3.53","180","11.63","0.78","438.57","6570.18","510000","100","20240208","5490","20230203","3290"
"1948","弘電社","東証ST","建設","11051","1794000","-","-","14.95","0.59","412.01","10386.28","616000","100","20240129","6600","20230110","4030"
"1949","住友電設","東証PR","建設","107086","35635879","3.13","94","11.2","1.09","268.26","2768.42","300500","100","20230703","3220","20230202","2222"
"1950","日本電設工業","東証PR","建設","126459","61537219","2.04","42","13.41","0.7","153.24","2937.15","205500","100","20230919","2342","20230210","1463"
"1951","エクシオグループ","東証PR","建設","347568","106812419","3.69","120","14.65","1.12","222.05","2892.59","325400","100","20231113","3338","20230106","2200"
"1952","新日本空調","東証PR","建設","66048","24282225","2.94","80","11.13","1.07","244.49","2536.24","272000","100","20240209","2920","20230330","1819"
"1959","九電工","東証PR","建設","394364","70864961","1.98","110","14.87","1.44","374.36","3857.15","556500","100","20240207","5922","20230113","3090"
"1960","サンテック","東証ST","建設","13141","17000000","3.88","30","-","0.41","-1.87","1883.22","77300","100","20240202","925","20230207","591"
"1961","三機工業","東証PR","建設","109016","56661156","3.64","70","15.64","1.11","123.01","1732.31","192400","100","20240209","1929","20230406","1431"
"1963","日揮ホールディングス","東証PR","建設","447476","259481819","2.32","40","12.97","1.03","132.93","1671.84","172450","100","20230915","2292","20230317","1533"
"1964","中外炉工業","東証PR","建設","20498","7800000","3.04","80","9.12","0.8","288.29","3301.6","262800","100","20240129","2731","20230106","1586"
"1965","テクノ菱和","東証ST","建設","40833","22888604","2.69","48","9.66","0.84","184.59","2129.23","178400","100","20240207","1892","20230330","859"
"1966","高田工業所","東証ST","建設","12564","7220950","0.57","10","7.34","0.63","237.03","2759.63","174000","100","20240208","1850","20230807","912"
"1967","ヤマト","東証ST","建設","25904","26927652","2.81","27","12.14","0.69","79.27","1399.1","96200","100","20230510","1012","20230116","661"
"1968","太平電業","東証PR","建設","87267","20341980","2.8","120","9.72","0.9","441.5","4762.55","429000","100","20230622","4615","20230104","3165"
"1969","高砂熱学工業","東証PR","建設","273582","70239402","2.44","95","18.45","1.74","211.16","2240.4","389500","100","20240208","4010","20230110","1713"
"1971","中央ビルト工業","東証ST","金属製品","1779","2378740","0","0","36.63","0.69","20.42","1086.73","74800","100","20231219","755","20230118","509"
"1972","三晃金属工業","東証ST","建設","19444","3960000","4.07","200","7.31","0.79","671.72","6249.47","491000","100","20240126","5160","20230105","3025"
"1973","NECネッツエスアイ","東証PR","情報通信","354190","149321421","2.07","49","25.24","2.5","93.98","948.63","237200","100","20240202","2471","20230316","1551"
"1975","朝日工業社","東証PR","建設","40678","13600000","2.67","80","15.38","1.03","194.48","2896.63","299100","100","20240205","3255","20230106","1900"
"1976","明星工業","東証PR","建設","62815","56386718","3.23","36","11.86","0.9","93.89","1237.95","111400","100","20240205","1193","20230324","752"
"1979","大氣社","東証PR","建設","150447","33582009","2.83","127","14.17","1.11","316.1","4053.21","448000","100","20230907","4825","20230105","3255"
"1980","ダイダン","東証PR","建設","83700","45963802","3.16","57.5","12","0.92","151.74","1979.89","182100","100","20240209","1936","20230106","1052"
"1981","協和日成","東証ST","建設","15045","11800000","2.35","30","15.61","0.79","81.66","1603.82","127500","100","20230310","1559","20240109","1250"
"1982","日比谷総合設備","東証PR","建設","58654","23756321","3.48","86","14.85","0.87","166.28","2844.62","246900","100","20240205","2700","20230116","1876"
"1992","神田通信機","東証ST","建設","5978","2623227","2.68","61","17.82","0.99","127.88","2294.46","227900","100","20240207","2350","20230206","1390"
"1994","高橋カーテンウォール工業","東証ST","建設","5331","9553011","3.58","20","15.69","0.44","35.56","1274.41","55800","100","20240205","572","20230316","461"
"1997","暁飯島工業","東証ST","建設","3419","2200000","3.22","50","7.19","0.5","216.11","3111.13","155400","100","20240201","1629","20230612","1298"
"2001","ニップン","東証PR","食料品","176172","78824009","2.51","56","7.11","0.83","314.26","2696.79","223500","100","20240207","2375","20230116","1568"
"2002","日清製粉グループ本社","東証PR","食料品","623934","304357891","2.05","42","20.32","1.28","100.88","1599.06","205000","100","20231101","2338","20230307","1529"
"2003","日東富士製粉","東証ST","食料品","48801","9384728","3.38","176","11.84","0.98","439.29","5330.51","520000","100","20240206","5310","20230113","4215"
"2004","昭和産業","東証PR","食料品","108753","33985420","2.19","70","11.89","0.89","269.03","3610.38","320000","100","20240201","3405","20230110","2412"
"2009","鳥越製粉","東証ST","食料品","18121","26036374","2.44","17","15.43","0.47","45.11","1483.39","69600","100","20240205","740","20230116","568"
"2053","中部飼料","東証PR","食料品","35869","30371908","2.88","34","13.43","0.56","87.97","2124.09","118100","100","20240205","1247","20230331","1010"
"2055","日和産業","東証ST","食料品","6562","20830825","1.9","6","11.41","0.32","27.61","990.73","31500","100","20240206","326","20230330","235"
"2060","フィード・ワン","東証PR","食料品","37130","38477128","2.8","27","7.68","0.78","125.62","1238.96","96500","100","20240202","1033","20230323","659"
"2107","東洋精糖","東証ST","食料品","13558","5456000","4.02","100","11.99","1.25","207.24","1994.63","248500","100","20240209","2562","20230112","845"
"2108","日本甜菜製糖","東証PR","食料品","32674","15325642","2.35","50","23.48","0.39","90.79","5479.01","213200","100","20240205","2196","20230113","1616"
"2109","DM三井製糖ホールディングス","東証PR","食料品","104937","32639780","3.73","120","13.83","0.94","232.4","3415.05","321500","100","20240202","3445","20230106","1949"
"2112","塩水港精糖","東証ST","食料品","10570","35000000","2.98","9","5.9","0.65","51.21","465.02","30200","100","20240126","335","20230202","190"
"2114","フジ日本精糖","東証ST","食料品","31027","29748200","3.07","32","12.45","1.22","83.79","855.99","104300","100","20230823","1296","20230508","487"
"2117","ウェルネオシュガー","東証PR","食料品","79992","35053483","4.03","92","14.95","1.06","152.62","2150.65","228200","100","20240208","2365","20230206","1635"
"2120","LIFULL","東証PR","サービス","26177","134239870","-","-","18.48","0.77","10.55","254.34","19500","100","20230619","319","20231225","171"
"2121","MIXI","東証PR","サービス","181894","73730850","4.46","110","23.6","1.01","104.52","2453.22","246700","100","20230516","2966","20231030","2208"
"2122","インタースペース","東証ST","サービス","6528","6967200","3.2","30","18.38","1.02","50.98","920.93","93700","100","20230317","1598","20230809","885"
"2124","ジェイエイシーリクルートメント","東証PR","サービス","112413","165557200","3.31","22.5","18.88","6.69","35.97","101.47","67900","100","20230801","710","20230601","549"
"2127","日本M＆Aセンターホールディングス","東証PR","サービス","301995","336934800","2.57","23","26.53","6.15","33.78","145.79","89630","100","20230124","1787","20231114","627"
"2130","メンバーズ","東証PR","サービス","12066","13421700","3.45","31","90.72","2.11","9.91","425.45","89900","100","20230112","2022","20231225","878"
"2134","燦キャピタルマネージメント","東証ST","サービス","2548","141556993","0","0","225","4.8","0.08","3.75","1800","100","20230619","41","20230501","8"
"2136","ヒップ","東証ST","サービス","4731","3975300","4.2","50","11.77","1.24","101.13","958.69","119000","100","20230705","1230","20230104","748"
"2138","クルーズ","東証ST","情報通信","8915","12957600","0","0","-","0.68","-","1015.34","68800","100","20230515","1390","20240209","679"
"2139","中広","東証ST","サービス","2895","7044000","2.43","10","17.47","1.51","23.53","271.91","41100","100","20230927","455","20230130","369"
"2146","UTグループ","東証PR","サービス","117918","39345183","-","-","19.62","4.98","152.74","601.82","299700","100","20230621","3205","20231031","1818"
"2148","アイティメディア","東証PR","サービス","40962","20877500","5.86","115","23.73","4.07","82.69","481.78","196200","100","20240205","2115","20231213","877"
"2150","ケアネット","東証PR","サービス","32389","46872000","0.87","6","15.4","2.84","44.88","243.06","69100","100","20230215","1276","20231117","668"
"2152","幼児活動研究会","東証ST","サービス","14400","11784000","1.8","22","12.57","1.41","97.2","864.24","122200","100","20230613","1486","20230314","1131"
"2153","E・Jホールディングス","東証PR","サービス","26739","16078920","3.31","55","8.13","0.92","204.52","1805.54","166300","100","20230928","1819","20230117","1276"
"2154","オープンアップグループ","東証PR","サービス","214063","91597398","2.35","55","20.23","3.14","115.52","745.2","233700","100","20240205","2426","20230110","1623"
"2156","セーラー広告","東証ST","サービス","1842","6078000","1.65","5","-","0.63","-","477.81","30300","100","20230510","374","20230104","278"
"2157","コシダカホールディングス","東証PR","サービス","77856","82300000","1.48","14","13.32","3.02","71.03","313.46","94600","100","20230904","1415","20230118","803"
"2158","FRONTEO","東証GR","サービス","25227","39355362","0","0","504.72","5.25","1.27","122.2","64100","100","20230126","942","20231031","549"
"2160","ジーエヌアイグループ","東証GR","医薬品","127086","49857243","0","0","13.49","5","188.91","509.84","254900","100","20231130","3555","20230428","998"
"2162","nmsホールディングス","東証ST","サービス","7694","21611000","1.97","7","6.92","1.9","51.47","187.61","35600","100","20230508","610","20230117","238"
"2163","アルトナー","東証PR","サービス","23094","10627920","3.45","75","21.76","5.72","99.85","380.13","217300","100","20240110","2441","20230130","983"
"2164","地域新聞社","東証GR","サービス","816","2159286","0","0","67.99","5.01","5.56","75.51","37800","100","20231201","462","20230622","338"
"2168","パソナグループ","東証PR","サービス","118400","41690300","1.23","35","-","2.11","-","1347.12","284000","100","20231211","3030","20231024","1298"
"2169","CDS","東証ST","サービス","11771","6924400","3.88","66","10.63","1.44","159.97","1184.62","170000","100","20230331","1888","20230822","1650"
"2170","リンクアンドモチベーション","東証PR","サービス","64562","113068000","1.98","11.3","24.23","5.89","23.57","96.92","57100","100","20230201","673","20231024","365"
"2173","博展","東証GR","サービス","7231","8061260","2.23","20","17.64","3.5","50.86","256.23","89700","100","20240130","939","20231107","546"
"2175","エス・エム・エス","東証PR","サービス","227792","87561600","0.77","20","31.84","5.33","81.7","487.95","260150","100","20230202","3630","20231030","2138"
"2179","成学社","東証ST","サービス","4713","5876000","2.24","18","10.96","1.41","73.18","567.24","80200","100","20231229","802","20230821","680"
"2180","サニーサイドアップグループ","東証ST","サービス","8966","15197400","3.39","20","9.46","2.62","62.36","225.55","59000","100","20230922","883","20230116","501"
"2181","パーソルホールディングス","東証PR","サービス","558980","2331998610","3.59","8.6","-","2.96","-","80.86","23970","100","20230519","297","20231024","209"
"2183","リニカル","東証ST","サービス","12741","24740000","2.91","15","11.54","1.46","44.63","353.02","51500","100","20230613","874","20231227","484"
"2185","シイエム・シイ","東証ST","サービス","17510","14364000","3.61","44","8.98","0.85","135.76","1428.67","121900","100","20230706","1580","20230208","1166"
"2186","ソーバル","東証ST","サービス","8118","8167498","3.32","33","17.77","1.96","55.93","507.42","99400","100","20230327","1148","20231018","953"
"2193","クックパッド","東証ST","サービス","12999","107429400","0","0","-","0.86","-","141.13","12100","100","20230124","232","20231023","105"
"2195","アミタホールディングス","東証GR","サービス","10218","17556360","0.69","4","33.16","4.87","17.55","119.41","58200","100","20230106","1206","20231227","485"
"2196","エスクリ","東証ST","サービス","3846","13786500","0","0","9.42","0.69","29.61","404.56","27900","100","20230511","468","20231110","256"
"2198","アイ・ケイ・ケイホールディングス","東証PR","サービス","21779","29956800","3.3","24","15.01","2.13","48.45","341.68","72700","100","20230928","741","20230707","591"
"2201","森永製菓","東証PR","食料品","250812","93919538","1.97","52.5","18.11","1.92","147.5","1390.16","267050","100","20240202","2888","20230210","1815"
"2204","中村屋","東証ST","食料品","18646","5976205","1.6","50","80.85","0.71","38.59","4365.73","312000","100","20230501","3230","20230106","3040"
"2206","江崎グリコ","東証PR","食料品","286883","68468569","1.91","80","19.74","1.01","212.3","4165.22","419000","100","20231102","4550","20230323","3270"
"2207","名糖産業","東証PR","食料品","30167","17277683","1.49","26","36.91","0.61","47.31","2884.57","174600","100","20240207","1764","20231004","1563"
"2208","ブルボン","東証ST","食料品","64319","27700000","1.16","27","25.36","1.02","91.57","2275.88","232200","100","20230921","2415","20230206","2090"
"2209","井村屋グループ","東証PR","食料品","32244","13086200","1.14","28","23.03","1.66","107","1486.38","246400","100","20240209","2505","20230110","2194"
"2211","不二家","東証PR","食料品","63430","25784659","1.22","30","65.44","1.16","37.59","2122.68","246000","100","20230508","2580","20230314","2366"
"2212","山崎製パン","東証PR","食料品","760637","220282860","0.72","25","25.93","1.87","133.18","1850.9","345300","100","20240123","3703","20230112","1471"
"2215","第一屋製パン","東証ST","食料品","5197","6929900","0","0","10.96","0.85","68.46","877.45","75000","100","20240202","855","20230116","360"
"2216","カンロ","東証ST","食料品","36941","15315604","2.07","50","16.35","2.46","147.48","979.01","241200","100","20231108","2538","20230106","1036"
"2217","モロゾフ","東証PR","食料品","28141","7088452","2.14","85","18.88","1.49","210.28","2670.97","397000","100","20240131","4190","20230320","3260"
"2220","亀田製菓","東証PR","食料品","99095","22318650","1.26","56","28.37","1.39","156.52","3188.19","444000","100","20240205","4765","20231205","3810"
"2221","岩塚製菓","東証ST","食料品","30694","5995000","0.76","39","14.35","0.42","356.87","12259.47","512000","100","20230628","5500","20230119","4110"
"2222","寿スピリッツ","東証PR","食料品","301645","155607600","1.29","25","31.55","9.35","61.44","207.37","193850","100","20230929","2518","20230105","1492"
"2224","コモ","東証ST","食料品","10531","3630000","0.24","7","-","5.29","-","547.95","290100","100","20240208","2918","20230330","2680"
"2226","湖池屋","東証ST","食料品","41293","5335000","0.84","65","24.29","2.61","318.71","2960.84","774000","100","20231109","9270","20230119","5300"
"2229","カルビー","東証PR","食料品","413441","133929800","1.75","54","21.42","2.07","144.11","1494.65","308700","100","20240207","3292","20231108","2598"
"2264","森永乳業","東証PR","食料品","272576","91977886","1.69","50","4.28","0.94","692.1","3144.81","296350","100","20240209","3099","20230301","2268"
"2266","六甲バター","東証PR","食料品","28381","21452125","1.89","25","69.67","0.87","18.99","1524.64","132300","100","20230907","1464","20230106","1225"
"2267","ヤクルト本社","東証PR","食料品","1094691","342090836","1.73","55.5","19.21","1.79","166.58","1791.08","320000","100","20230501","5215","20240209","3016"
"2268","B-Rサーティワンアイスクリーム","東証ST","食料品","39109","9644554","0.99","40","34.34","3.13","118.1","1296.72","405500","100","20230628","4230","20230306","3955"
"2269","明治ホールディングス","東証PR","食料品","1001282","293459000","2.78","95","18.66","1.28","182.89","2670.17","341200","100","20230927","3823","20230303","3080"
"2270","雪印メグミルク","東証PR","食料品","155937","70751855","2.72","60","12.2","0.67","180.62","3284.51","220400","100","20231102","2456","20230210","1700"
"2281","プリマハム","東証PR","食料品","115448","50524399","2.84","65","15.11","0.98","151.23","2341.14","228500","100","20230829","2574","20230112","2069"
"2282","日本ハム","東証PR","食料品","537754","102958904","2.14","112","19.84","1.03","263.24","5048.99","522300","100","20240202","5398","20230116","3555"
"2286","林兼産業","東証ST","食料品","5195","8910000","2.57","15","8.27","0.47","70.47","1240.01","58300","100","20231127","610","20230213","448"
"2288","丸大食品","東証PR","食料品","42674","26505581","1.24","20","33.46","0.56","48.11","2883.14","161000","100","20230906","1751","20230110","1393"
"2291","福留ハム","東証ST","食料品","5195","3400000","0","0","28.33","2.14","53.94","714.44","152800","100","20230323","1592","20230330","1461"
"2292","S　Foods","東証PR","食料品","104547","32267721","2.59","84","10.25","0.86","316.16","3776.35","324000","100","20230927","3575","20230116","2626"
"2293","滝沢ハム","東証ST","食料品","7105","2102000","0.59","20","34.71","1.85","97.39","1831.46","338000","100","20240209","3380","20230330","2958"
"2294","柿安本店","東証PR","食料品","32063","12446700","3.3","85","17.99","1.64","143.21","1575.35","257600","100","20240206","2626","20230202","1995"
"2296","伊藤ハム米久ホールディングス","東証PR","食料品","235631","57471011","3.05","125","15.57","0.83","263.36","4949.17","410000","100","20231102","4255","20230112","3365"
"2300","きょくとう","東証ST","サービス","3009","5551230","1.57","8.5","28.51","1.36","19.01","399.91","54200","100","20231206","640","20230329","450"
"2301","学情","東証PR","サービス","27946","15560000","2.9","52","14.17","1.89","126.77","948.81","179600","100","20230926","2117","20230111","1297"
"2303","ドーン","東証ST","情報通信","6537","3300000","0.86","17","17.98","2.67","110.16","742.3","198100","100","20230227","2469","20230106","1780"
"2304","CSSホールディングス","東証ST","サービス","4001","5285600","2.64","20","14","1.61","54.06","469.7","75700","100","20230614","1133","20230105","350"
"2305","スタジオアリス","東証PR","サービス","35918","17185650","3.35","70","35.5","1.2","58.88","1737.99","209000","100","20230703","2255","20230227","1999"
"2307","クロスキャット","東証PR","情報通信","19386","17005674","2.19","25","15.53","3.35","73.4","340.49","114000","100","20230126","1547","20231024","953"
"2309","シミックホールディングス","東証PR","サービス","49958","18923569","-","-","-","1.26","-","2098.78","264000","100","20231227","2657","20231004","1616"
"2311","エプコ","東証ST","サービス","8720","9316000","3.42","32","13.93","1.85","67.18","507.16","93600","100","20240118","1054","20230116","674"
"2315","CAICA_DIGITAL","東証ST","情報通信","5872","136560794","-","-","43","2.7","1","15.95","4300","100","20230104","86","20231226","38"
"2317","システナ","東証PR","情報通信","128050","450880000","3.52","10","15.21","3.09","18.67","91.98","28400","100","20230201","425","20231027","235"
"2321","ソフトフロントホールディングス","東証GR","情報通信","2532","30873299","0","0","-","6.96","-","11.78","8200","100","20230627","133","20231227","76"
"2323","fonfun","東証ST","情報通信","3411","3380920","0","0","27.58","5.33","36.58","189.48","100900","100","20240209","1098","20230104","300"
"2325","NJS","東証PR","サービス","27049","10048000","3.16","85","11.67","1.08","230.58","2493.75","269200","100","20230801","3320","20230104","2033"
"2326","デジタルアーツ","東証PR","情報通信","61267","14133000","1.85","80","17","4.33","255.05","1001.13","433500","100","20230622","6560","20231030","4030"
"2327","日鉄ソリューションズ","東証PR","情報通信","442407","91501000","1.65","80","19.4","1.98","249.21","2442.54","483500","100","20240123","5070","20230105","3140"
"2329","東北新社","東証ST","情報通信","67673","46735334","1.31","19","19.15","0.83","75.6","1744.89","144800","100","20240125","1478","20230120","657"
"2330","フォーサイド","東証ST","情報通信","6784","37687704","-","-","45","4.48","4","40.17","18000","100","20240209","243","20230131","64"
"2331","綜合警備保障","東証PR","サービス","400915","510200210","2.21","17.4","15.52","1.22","50.63","643.18","78580","100","20230907","954","20230113","672"
"2332","クエスト","東証ST","情報通信","6712","5487768","3.76","46","9.95","1.03","122.97","1190.94","122300","100","20230613","1634","20231218","1151"
"2334","イオレ","東証GR","サービス","2638","2648992","0","0","30.54","3.52","32.61","283.22","99600","100","20230703","2576","20230104","919"
"2335","キューブシステム","東証PR","情報通信","17183","15750000","2.75","30","15.32","1.71","71.23","639.73","109100","100","20230613","1288","20230105","1000"
"2337","いちご","東証PR","不動産","195077","505381018","2.07","8","17.46","1.63","22.11","236.11","38600","100","20240131","401","20230526","242"
"2338","クオンタムソリューションズ","東証ST","情報通信","18025","14536531","0","0","135.67","34.64","9.14","35.8","124000","100","20231121","3500","20230427","673"
"2340","極楽湯ホールディングス","東証ST","サービス","12601","30960800","0","0","-","6.49","-","62.75","40700","100","20230907","478","20230105","223"
"2341","アルバイトタイムス","東証ST","サービス","4471","30837249","3.45","5","517.86","0.88","0.28","163.95","14500","100","20230510","165","20230117","120"
"2342","トランスジェニック","東証GR","サービス","4573","16999141","1.12","3","30.26","0.75","8.89","356.43","26900","100","20230126","358","20231214","243"
"2344","平安レイサービス","東証ST","サービス","10645","12306795","3.35","29","9.42","0.51","91.87","1697.63","86500","100","20240209","880","20230104","730"
"2345","クシム","東証ST","情報通信","3674","16042733","-","-","-","0.84","-","271.1","22900","100","20230302","650","20231226","208"
"2349","エヌアイデイ","東証ST","情報通信","25301","13109490","1.4","27","10.79","1.12","178.93","1727.79","193000","100","20240202","2000","20230529","1550"
"2351","ASJ","東証GR","情報通信","3618","7951100","0.44","2","55.69","1.45","8.17","314.3","45500","100","20231016","785","20240209","442"
"2353","日本駐車場開発","東証PR","不動産","61667","348398600","3.11","5.5","11.67","5","15.17","35.37","17700","100","20230104","308","20240208","175"
"2354","YE_DIGITAL","東証ST","情報通信","14527","18135800","1.5","12","16.14","2.69","49.63","297.76","80100","100","20231010","876","20230105","394"
"2359","コア","東証PR","情報通信","26139","14834580","2.84","50","12.01","1.56","146.73","1132.17","176200","100","20240130","1844","20230106","1413"
"2370","メディネット","東証GR","サービス","11416","253690306","0","0","-","2.08","-6.37","21.64","4500","100","20230217","107","20231226","41"
"2371","カカクコム","東証PR","サービス","337953","201763000","2.75","46","19.22","6.93","87.14","241.59","167500","100","20230119","2221","20231016","1352"
"2372","アイロムグループ","東証PR","サービス","22727","12338365","4.34","80","7.69","1.8","239.52","1020.69","184200","100","20230104","2584","20231024","1602"
"2373","ケア21","東証ST","サービス","9426","14844000","2.68","17","57.05","1.56","11.13","407.75","63500","100","20231002","770","20231227","603"
"2374","セントケア・ホールディング","東証PR","サービス","23799","24998733","2.63","25","11.76","1.56","80.95","609.65","95200","100","20240109","1024","20230407","736"
"2375","ギグワークス","東証ST","サービス","12387","22040460","0.89","5","130.39","3.71","4.31","151.44","56200","100","20231012","1149","20230821","239"
"2376","サイネックス","東証ST","サービス","5416","6470660","1.79","15","14.67","0.62","57.06","1343.8","83700","100","20240118","1038","20230213","550"
"2378","ルネサンス","東証PR","サービス","19818","21379000","0.86","8","175.24","1.6","5.29","581.1","92700","100","20230309","961","20231024","834"
"2379","ディップ","東証PR","サービス","163400","60140000","3.24","88","18.14","3.95","149.74","687.65","271700","100","20230207","4075","20240118","2445"
"2384","SBSホールディングス","東証PR","陸運","96833","39718200","2.67","65","9.22","1.24","264.37","1972.26","243800","100","20230731","3425","20231228","2366"
"2385","総医研ホールディングス","東証GR","サービス","4159","26158200","3.14","5","23.11","0.66","6.88","241.22","15900","100","20230621","315","20231226","156"
"2388","ウェッジホールディングス","東証GR","その他金融","4547","42494478","0","0","22.72","1.34","4.71","79.62","10700","100","20230209","196","20230602","93"
"2389","デジタルホールディングス","東証PR","サービス","21633","17459907","-","-","98.41","0.72","12.59","1718.68","123900","100","20231222","1304","20231004","950"
"2391","プラネット","東証ST","サービス","8158","6632800","3.5","43","20.39","1.57","60.32","782.1","123000","100","20230720","1604","20231005","1180"
"2393","日本ケアサプライ","東証ST","サービス","31851","16342400","3.59","70","18.93","1.89","102.97","1032.45","194900","100","20240206","1956","20230112","1512"
"2395","新日本科学","東証PR","サービス","64364","41632400","3.23","50","16.19","2.13","95.48","725.02","154600","100","20230306","3225","20231113","1473"
"2397","DNAチップ研究所","東証ST","サービス","4924","6353064","0","0","-","8.98","-9.13","86.3","77500","100","20230214","1125","20230104","455"
"2404","鉄人化ホールディングス","東証ST","サービス","5172","13647362","0","0","184.88","49.48","2.05","7.66","37900","100","20230526","552","20230113","276"
"2408","KG情報","東証ST","サービス","5201","7398000","4.98","35","22.8","0.86","30.83","821.99","70300","100","20240126","770","20230104","335"
"2410","キャリアデザインセンター","東証PR","サービス","12620","7054400","4.47","80","8.26","2.59","216.58","690.03","178900","100","20230309","2315","20230116","1355"
"2411","ゲンダイエージェンシー","東証ST","情報通信","4502","12300000","4.92","18","25.22","1.09","14.51","334.83","36600","100","20230307","500","20240122","345"
"2412","ベネフィット・ワン","東証PR","サービス","345683","159190900","1.66","36","52.11","15.33","41.67","141.61","217150","100","20230201","2390","20231016","942"
"2413","エムスリー","東証PR","サービス","1339082","679047800","-","-","26.78","3.99","73.64","494.76","197200","100","20230203","3755","20240208","1920"
"2415","ヒューマンホールディングス","東証ST","サービス","14041","10377999","3.14","42.5","9.58","0.98","141.29","1382.15","135300","100","20240207","1403","20230104","839"
"2418","ツカダ・グローバルホールディング","東証ST","サービス","20465","48960000","2.39","10","5.05","0.8","82.81","524.19","41800","100","20230808","544","20230106","339"
"2424","ブラス","東証ST","サービス","4019","5709300","1.14","8","7.55","1.02","93.29","692.58","70400","100","20230606","1300","20231024","598"
"2425","ケアサービス","東証ST","サービス","3377","4200000","1.99","16","8.94","1.22","89.9","657.49","80400","100","20240205","880","20230105","575"
"2427","アウトソーシング","東証PR","サービス","220105","126026200","0","0","12.22","2.37","142.89","735.83","174650","100","20231213","1764","20230116","916"
"2428","ウェルネット","東証ST","サービス","10651","19400000","3.83","21","13.12","1.33","41.84","414.01","54900","100","20230508","716","20231016","522"
"2429","ワールドホールディングス","東証PR","サービス","54567","17687800","3.35","103.5","8.95","1.4","344.61","2203.22","308500","100","20240209","3130","20231024","2227"
"2432","ディー・エヌ・エー","東証PR","サービス","168927","122145545","-","-","-","0.76","-","1811.19","138300","100","20230516","2053","20240208","1312"
"2433","博報堂DYホールディングス","東証PR","サービス","539345","389559436","2.31","32","36.33","1.4","38.11","990.12","138450","100","20230809","1646","20231208","1032"
"2435","シダー","東証ST","サービス","2880","11476000","1.59","4","9.2","2.53","27.27","99.33","25100","100","20230519","388","20230112","165"
"2436","共同ピーアール","東証ST","サービス","4996","8794992","1.76","10","10.11","1.75","56.19","324.33","56800","100","20230621","766","20231024","528"
"2437","Shinwa_Wise_Holdings","東証ST","サービス","5009","10138818","2.53","12.5","12.18","1.41","40.55","349.44","49400","100","20230720","843","20240118","447"
"2438","アスカネット","東証GR","サービス","12050","17464000","1.01","7","32.27","1.89","21.38","364.41","69000","100","20230307","1015","20231016","600"
"2440","ぐるなび","東証PR","サービス","14624","56903800","0","0","-","2.26","-10.2","113.59","25700","100","20230130","410","20231024","244"
"2445","タカミヤ","東証PR","サービス","22315","46585600","2.92","14","9.22","1.07","51.96","445.92","47900","100","20230807","579","20230110","357"
"2449","プラップジャパン","東証ST","サービス","4716","4679010","3.97","40","-","0.9","-","1115.38","100800","100","20230728","1286","20230106","911"
"2453","ジャパンベストレスキューシステム","東証PR","サービス","34059","34127177","-","-","-","3.42","-","291.71","99800","100","20240129","1008","20231031","582"
"2454","オールアバウト","東証ST","サービス","5754","14103600","-","-","-","1.3","-23.23","313.39","40800","100","20230124","636","20231226","345"
"2459","アウンコンサルティング","東証ST","サービス","1538","7502800","0","0","-","2.72","-","75.44","20500","100","20231214","488","20231117","145"
"2461","ファンコミュニケーションズ","東証PR","サービス","30310","76930032","4.82","19","21.05","1.49","18.72","264.99","39400","100","20230509","430","20230818","381"
"2462","ライク","東証PR","サービス","31188","20464800","3.81","58","8.48","1.88","179.78","811.51","152400","100","20230124","2270","20231208","1277"
"2464","Aoba-BBT","東証ST","サービス","5791","14264100","2.71","11","12.65","1.17","32.1","345.59","40600","100","20230322","583","20230117","355"
"2468","フュートレック","東証ST","サービス","2291","9504200","0","0","-","1.45","-20.84","166.07","24100","100","20230705","388","20231226","202"
"2469","ヒビノ","東証ST","サービス","21917","10265480","1.41","30","16.95","2.17","125.97","985.81","213500","100","20240208","2424","20230104","1320"
"2471","エスプール","東証PR","サービス","24097","79007500","3.28","10","13.17","2.73","23.15","111.78","30500","100","20230104","858","20240119","298"
"2475","WDBホールディングス","東証PR","サービス","44694","20060000","3.25","72.5","12.33","1.53","180.76","1453.84","222800","100","20240130","2358","20230316","1902"
"2477","手間いらず","東証ST","情報通信","16408","6480396","1.15","29","19.74","2.67","128.25","948.43","253200","100","20230123","5250","20231024","1917"
"2479","ジェイテック","東証GR","サービス","2100","8572400","-","-","11.5","1.71","21.31","143.05","24500","100","20230724","364","20231101","220"
"2480","システム・ロケーション","東証ST","情報通信","5316","3570000","2.55","38","11.94","1.53","124.71","972.62","148900","100","20240124","1538","20230814","1323"
"2481","タウンニュース社","東証ST","サービス","4126","5575320","2.3","17","8.58","0.92","86.22","806.43","74000","100","20240126","800","20230224","475"
"2483","翻訳センター","東証ST","サービス","6391","3369000","2.64","50","9.05","1.1","209.66","1729.34","189700","100","20231002","2247","20230104","1498"
"2484","出前館","東証ST","情報通信","56411","132421230","0","0","-","1.37","-60.38","311.26","42600","100","20240115","608","20231031","309"
"2485","ティア","東証ST","サービス","10754","22498100","4.18","20","13.61","1.36","35.12","350.26","47800","100","20240206","498","20230105","413"
"2487","CDG","東証ST","サービス","7744","6240000","1.37","17","22.63","1.2","54.84","1031.79","124100","100","20230705","1426","20230118","1020"
"2488","JTP","東証ST","サービス","5474","6015600","2.75","25","14.3","1.69","63.64","537.24","91000","100","20230606","1309","20230118","715"
"2489","アドウェイズ","東証PR","サービス","21129","42006000","0.89","4.5","25.72","1.39","19.56","360.71","50300","100","20230607","740","20231102","477"
"2491","バリューコマース","東証PR","サービス","42330","34471000","3.42","42","14.71","1.77","83.49","694.67","122800","100","20230127","2023","20230818","1146"
"2492","インフォマート","東証PR","サービス","100140","259431200","0.25","0.97","247.44","8.25","1.56","46.76","38600","100","20230913","509","20230316","251"
"2493","イーサポートリンク","東証ST","サービス","4018","4424800","0.55","5","52.85","1.18","17.18","769.49","90800","100","20230529","945","20230116","842"
"2497","ユナイテッド","東証GR","サービス","35199","40412690","5.51","48","12.86","1.35","67.75","644.27","87100","100","20230906","992","20230106","588"
"2498","オリエンタルコンサルタンツホールディングス","東証ST","サービス","18287","6155220","3.37","100","6.93","0.81","428.89","3652.62","297100","100","20230801","3270","20230815","2476"
"2499","日本和装ホールディングス","東証ST","サービス","3060","9134000","4.18","14","23.01","0.89","14.56","377.14","33500","100","20231205","395","20230215","285"
"2501","サッポロホールディングス","東証PR","食料品","525952","78794298","0.67","45","74.28","2.89","89.86","2312.08","667500","100","20240117","7355","20230123","2949"
"2502","アサヒグループホールディングス","東証PR","食料品","2814376","507003362","2.07","115","17.47","1.17","317.75","4741.18","555100","100","20230915","5973","20230105","3993"
"2503","キリンホールディングス","東証PR","食料品","1971955","914000000","3.2","69","15.46","1.57","139.53","1373.81","215750","100","20230426","2245","20230113","1906"
"2531","宝ホールディングス","東証PR","食料品","248227","199699743","2.17","27","16.38","1.12","75.87","1111.2","124300","100","20230809","1324","20230116","994"
"2533","オエノンホールディングス","東証PR","食料品","22758","65586196","2.31","8","5.94","1","58.41","346.74","34700","100","20230919","463","20230110","233"
"2540","養命酒製造","東証PR","食料品","30789","16500000","2.41","45","28.04","0.57","66.54","3261.97","186600","100","20230905","1934","20230111","1780"
"2573","北海道コカ・コーラボトリング","東証ST","食料品","34836","13607996","1.17","30","31.67","0.86","80.84","2985.13","256000","100","20230907","2850","20230106","2028"
"2579","コカ・コーラボトラーズジャパンホールディングス","東証PR","食料品","398202","206268593","2.59","50","230.92","0.73","8.36","2633.22","193050","100","20231211","2186","20230210","1267"
"2585","ライフドリンクカンパニー","東証PR","食料品","73392","13012695","0.62","35","24.58","7.25","229.5","778.28","564000","100","20240208","6040","20230209","2170"
"2586","フルッタフルッタ","東証GR","食料品","1293","34957789","0","0","-","1.63","-7.78","22.7","3700","100","20230703","106","20231226","35"
"2587","サントリー食品インターナショナル","東証PR","食料品","1529550","309000000","1.62","80","19.74","1.41","250.81","3504.89","495000","100","20230522","5510","20230116","4240"
"2588","プレミアムウォーターホールディングス","東証ST","食料品","95481","29652382","2.17","70","19.84","4.78","162.31","673.08","322000","100","20240124","3590","20230201","2360"
"2590","ダイドーグループホールディングス","東証PR","食料品","95898","33137000","1.04","30","113.62","1.03","25.47","2813.15","289400","100","20231127","3160","20230117","2258"
"2593","伊藤園","東証PR","食料品","371034","89212380","1.01","42","24.97","2.02","166.57","2054.38","415900","100","20230915","5063","20230707","3802"
"2594","キーコーヒー","東証PR","食料品","46127","22689000","0.59","12","54.42","1.4","37.36","1454.85","203300","100","20240117","2148","20231004","1971"
"2597","ユニカフェ","東証ST","食料品","12482","13869200","-","-","34.38","2","26.18","450.56","90000","100","20231225","979","20230117","888"
"2599","ジャパンフーズ","東証ST","食料品","7104","5100000","1.94","27","9.59","0.8","145.2","1751.7","139300","100","20240207","1600","20230113","1060"
"2602","日清オイリオグループ","東証PR","食料品","150037","33716257","2.7","120","11.54","0.83","385.66","5359.46","445000","100","20240207","4630","20230116","3030"
"2607","不二製油グループ本社","東証PR","食料品","209948","87569383","2.17","52","31.71","0.89","75.61","2703.9","239750","100","20240111","2520","20230320","1828"
"2612","かどや製油","東証ST","食料品","35156","9400000","2.27","85","17.21","1.03","217.32","3632.94","374000","100","20240206","3860","20230718","3420"
"2613","J-オイルミルズ","東証PR","食料品","65643","33508446","3.06","60","12.96","0.66","151.17","2973.69","195900","100","20240208","2100","20230116","1487"
"2651","ローソン","東証PR","小売","1028577","100300000","1.15","117.5","20.53","3.67","499.61","2791.76","1025500","100","20240207","10355","20230112","4885"
"2652","まんだらけ","東証ST","小売","17801","7236000","0.04","1","12.18","1.69","201.97","1451.59","246000","100","20240122","2594","20230125","937"
"2653","イオン九州","東証ST","小売","112861","34833558","1.54","50","16.36","2.34","198.04","1383.45","324000","100","20240206","3360","20230227","2237"
"2654","アスモ","東証ST","小売","5649","15145175","2.68","10","16.74","0.79","22.28","471.91","37300","100","20230120","419","20230818","314"
"2656","ベクターホールディングス","東証ST","小売","2290","19247000","0","0","-","1.69","-2.74","70.61","11900","100","20230719","422","20240208","117"
"2659","サンエー","東証PR","小売","146636","31981654","2.4","110","13.12","1.02","349.42","4516.77","458500","100","20231006","5200","20230116","3955"
"2664","カワチ薬品","東証PR","小売","67014","24583420","1.83","50","12.68","0.55","214.92","4962.28","272600","100","20240125","2860","20230531","2132"
"2666","オートウェーブ","東証ST","小売","2457","14451000","1.18","2","9.07","0.66","18.75","259.5","17000","100","20230309","244","20231113","148"
"2667","イメージワン","東証ST","卸売","4365","10803600","0","0","-","2.42","-","167.26","40400","100","20230619","922","20231225","299"
"2668","タビオ","東証ST","卸売","8470","6813880","2.41","30","20.11","1.99","61.8","623.94","124300","100","20230712","1250","20230307","1057"
"2669","カネ美食品","東証ST","小売","33250","10000000","1.14","38","17.87","1.18","186.06","2809.68","332500","100","20240130","3400","20230227","2756"
"2670","エービーシー・マート","東証PR","小売","651362","247618938","2.48","65.33","18.35","1.98","143.37","1329.54","263050","100","20230912","2839","20230210","2177"
"2673","夢みつけ隊","東証ST","小売","1119","10458000","0","0","14.25","0.49","7.51","218.33","10700","100","20231220","156","20231215","105"
"2674","ハードオフコーポレーション","東証PR","小売","25578","13954000","3.38","62","14.99","1.6","122.32","1148.71","183300","100","20240209","1900","20230119","1188"
"2676","高千穂交易","東証PR","卸売","39568","10171800","3.52","137","28.25","2.18","137.69","1785.79","389000","100","20240123","4330","20230106","2155"
"2678","アスクル","東証PR","小売","193666","97564700","1.81","36","18.78","2.88","105.67","688.54","198500","100","20230705","2389","20230316","1573"
"2681","ゲオホールディングス","東証PR","小売","92471","39670052","1.24","29","10.24","1.12","227.64","2077.19","233100","100","20230901","2735","20230323","1515"
"2683","魚喜","東証ST","小売","2832","2555856","0.9","10","80.82","3.73","13.71","296.81","110800","100","20230531","1200","20231225","1060"
"2685","アダストリア","東証PR","小売","176168","48800000","2.22","80","13.66","2.39","264.2","1509.23","361000","100","20231201","3915","20230116","2052"
"2686","ジーフット","東証ST","小売","12687","42572700","0","0","-","-","-51.69","-216.2","29800","100","20230912","312","20230329","266"
"2687","シー・ヴイ・エス・ベイエリア","東証ST","小売","3788","5064000","2.67","20","11.29","1.21","66.24","619.08","74800","100","20230825","1082","20230106","399"
"2689","オルバヘルスケアホールディングス","東証ST","卸売","11575","6250000","3.78","70","7.66","1.08","241.82","1716.57","185200","100","20230628","2060","20230120","1488"
"2692","伊藤忠食品","東証PR","卸売","95527","12720000","1.46","110","15.88","0.89","472.92","8424.48","751000","100","20231213","8410","20230113","4700"
"2693","YKT","東証ST","卸売","3262","11906880","3.65","10","10.6","0.4","25.84","692.27","27400","100","20230130","372","20231117","251"
"2694","焼肉坂井ホールディングス","東証ST","小売","18470","239866162","-","-","452.94","2.49","0.17","30.91","7700","100","20240115","78","20230104","69"
"2695","くら寿司","東証PR","小売","159595","41399600","0.52","20","139.27","2.83","27.68","1363.33","385500","100","20240130","4070","20230106","2913"
"2698","キャンドゥ","東証ST","小売","44944","16770200","0.63","17","-","3.71","-43.98","722.58","268000","100","20230829","3020","20230111","2202"
"2700","木徳神糧","東証ST","卸売","9451","1706000","1.44","80","6.65","0.7","833.23","7902.17","554000","100","20230922","6170","20230322","3820"
"2702","日本マクドナルドホールディングス","東証ST","小売","898810","132960000","0.58","39","37.45","4.06","180.51","1666.7","676000","100","20240209","6910","20230104","4985"
"2705","大戸屋ホールディングス","東証ST","小売","38725","7251800","0.09","5","35.78","9.72","149.24","549.2","534000","100","20230901","5700","20230104","3120"
"2708","久世","東証ST","卸売","12408","4626327","0.45","12","7.13","2.11","376.11","1273.16","268200","100","20240206","2974","20230105","745"
"2715","エレマテック","東証PR","卸売","75599","42304946","4.76","85","12.2","1.09","146.53","1638.38","178700","100","20230925","1965","20230105","1482"
"2721","ジェイホールディングス","東証ST","卸売","1426","6728500","0","0","-","4.43","-45.54","47.86","21200","100","20230407","501","20231027","156"
"2722","IKホールディングス","東証ST","小売","3116","8308000","1.33","5","21.38","1.51","17.54","248.48","37500","100","20230331","420","20231227","311"
"2726","パルグループホールディングス","東証PR","小売","217756","92544000","2.12","50","16.51","3.36","142.55","699.81","235300","100","20231214","2668","20230105","1216"
"2730","エディオン","東証PR","小売","173945","112005636","2.83","44","13.38","0.75","116.04","2070.59","155300","100","20240205","1664","20230203","1248"
"2733","あらた","東証PR","卸売","109975","36057424","3.03","92.5","9.92","0.96","307.49","3187","305000","100","20240111","3350","20230410","1952"
"2734","サーラコーポレーション","東証PR","小売","51182","66041147","3.48","27","8.85","0.64","87.57","1206.92","77500","100","20240116","849","20231129","691"
"2735","ワッツ","東証ST","小売","8035","13458800","2.51","15","29.5","0.68","20.24","884.28","59700","100","20230104","725","20231117","529"
"2736","フェスタリアホールディングス","東証ST","小売","1733","1208300","1.39","20","13.04","1.42","109.98","1010.73","143400","100","20230829","1599","20231225","1360"
"2737","トーメンデバイス","東証PR","卸売","34894","6802000","3.12","160","31.72","0.81","161.74","6299.17","513000","100","20230309","7170","20230817","4640"
"2742","ハローズ","東証PR","小売","93408","21423900","1.01","44","14.37","1.58","303.34","2762.04","436000","100","20240129","4565","20230104","2869"
"2743","ピクセルカンパニーズ","東証ST","卸売","2958","73961600","0","0","-","2.6","-","15.37","4000","100","20230724","63","20231006","32"
"2747","北雄ラッキー","東証ST","小売","4395","1264640","1.44","50","22.07","0.79","157.45","4386.89","347500","100","20240205","3500","20230227","2870"
"2749","JPホールディングス","東証PR","サービス","36194","87849400","1.46","6","14.05","2.44","29.32","168.61","41200","100","20240201","483","20230104","290"
"2750","石光商事","東証ST","卸売","6816","8000000","3.29","28","7.32","0.59","116.37","1448.29","85200","100","20230116","888","20230406","676"
"2751","テンポスホールディングス","東証ST","卸売","44591","14314800","0.32","10","21.13","2.7","147.42","1153.65","311500","100","20240124","3280","20230104","2371"
"2752","フジオフードグループ本社","東証PR","小売","65604","45337860","-","-","-","31","-1.31","46.68","144700","100","20230607","1546","20230301","1296"
"2753","あみやき亭","東証PR","小売","30100","6848800","1.82","80","31.03","1.48","141.64","2973.43","439500","100","20240206","4685","20230113","2861"
"2754","東葛ホールディングス","東証ST","小売","2289","4840000","3.17","15","8.51","0.45","55.6","1040.45","47300","100","20231221","515","20230316","331"
"2760","東京エレクトロンデバイス","東証PR","卸売","208074","31336500","1.97","131","20.34","4.76","326.43","1395.03","664000","100","20240209","6840","20230105","2140"
"2762","SANKO_MARKETING_FOODS","東証ST","小売","4443","25681203","0","0","258.21","11.28","0.67","15.34","17300","100","20230518","311","20231024","130"
"2763","エフティグループ","東証ST","卸売","38867","30822268","4.36","55","10.1","1.74","124.8","724.99","126100","100","20231013","1361","20230518","1007"
"2764","ひらまつ","東証ST","小売","19956","74740400","0","0","-","4.41","-1.57","60.53","26700","100","20230510","347","20230117","179"
"2767","円谷フィールズホールディングス","東証PR","卸売","118327","69400000","1.76","30","13.12","2.78","129.93","613.12","170500","100","20230808","3380","20231206","1070"
"2768","双日","東証PR","卸売","835650","225000000","3.63","135","8.34","0.92","445.55","4055.77","371400","100","20240205","3795","20230105","2424"
"2769","ヴィレッジヴァンガードコーポレーション","東証ST","小売","8153","7861700","-","-","64.57","1.22","16.06","846.67","103700","100","20231128","1136","20240125","1027"
"2776","新都ホールディングス","東証ST","卸売","2397","31966100","0","0","-","2.37","-5.55","31.65","7500","100","20230209","108","20231019","58"
"2778","パレモ・ホールディングス","東証ST","小売","2169","12051384","0","0","2.89","1.2","62.36","149.75","18000","100","20230330","243","20240104","169"
"2780","コメ兵ホールディングス","東証ST","小売","54484","11257000","1.82","88","11","2.04","439.93","2377.68","484000","100","20230824","6390","20230213","2191"
"2782","セリア","東証ST","小売","217054","75840000","2.45","70","24.19","2.16","118.29","1324.98","286200","100","20230106","3045","20231101","2005"
"2784","アルフレッサホールディングス","東証PR","卸売","466228","202840000","3","69","18.15","0.93","126.67","2484.42","229850","100","20230919","2644","20230117","1549"
"2788","アップルインターナショナル","東証ST","卸売","5170","13861400","4.02","15","3.86","0.57","96.74","657.85","37300","100","20230905","618","20230316","245"
"2789","カルラ","東証ST","小売","3071","6021112","0.98","5","8.28","1.82","61.59","279.66","51000","100","20240105","539","20230227","378"
"2790","ナフコ","東証ST","小売","67968","29784400","2.54","58","15.82","0.4","144.24","5733.47","228200","100","20240206","2333","20230104","1557"
"2791","大黒天物産","東証PR","小売","129154","14479200","0.33","29","27.08","2.42","329.39","3692.8","892000","100","20240209","9010","20230117","4650"
"2792","ハニーズホールディングス","東証PR","小売","46342","27900000","3.31","55","9.64","1.12","172.26","1489.6","166100","100","20230711","1840","20230104","1350"
"2795","日本プリメックス","東証ST","卸売","4469","5523592","2.47","20","10.64","0.59","76.01","1360.19","80900","100","20230703","875","20230105","689"
"2796","ファーマライズホールディングス","東証ST","小売","7851","12060381","3.07","20","14.04","0.94","46.38","690.25","65100","100","20240112","722","20230320","605"
"2798","ワイズテーブルコーポレーション","東証ST","小売","9559","3298400","0","0","180.34","35.05","16.07","82.69","289800","100","20240123","2933","20230227","1878"
"2801","キッコーマン","東証PR","食料品","1777715","193883202","1.01","93","34.58","3.85","265.17","2384.52","916900","100","20231113","9912","20230224","6170"
"2802","味の素","東証PR","食料品","2990927","521430854","1.29","74","29.95","3.69","191.54","1553.19","573600","100","20240123","6279","20230110","3828"
"2804","ブルドックソース","東証PR","食料品","29319","13954880","1.67","35","561.76","1.35","3.74","1561.84","210100","100","20240111","2281","20230117","1758"
"2805","ヱスビー食品","東証ST","食料品","60142","13622234","1.4","62","9.88","0.77","446.85","5768.43","441500","100","20240202","4575","20230104","3450"
"2806","ユタカフーズ","東証ST","食料品","16516","8832311","2.14","40","24.99","0.59","74.84","3155.19","187000","100","20230330","2054","20231004","1720"
"2809","キユーピー","東証PR","食料品","370872","141500000","1.91","50","26.4","1.29","99.28","2027.9","262100","100","20240205","2658","20230111","2116"
"2810","ハウス食品グループ本社","東証PR","食料品","309808","100750620","1.5","46","16.66","1.02","184.53","3021.39","307500","100","20231120","3442","20230110","2634"
"2811","カゴメ","東証PR","食料品","339344","94366944","1.45","52","17.2","2.34","209.02","1535.9","359600","100","20240201","3861","20230112","2904"
"2812","焼津水産化学工業","東証ST","食料品","15412","11450398","0.74","10","204.25","0.81","6.59","1667.42","134600","100","20230928","1370","20230531","790"
"2813","和弘食品","東証ST","食料品","8216","2847957","0.59","17","10.39","1.11","277.58","2599.48","288500","100","20230417","3487","20230104","1970"
"2814","佐藤食品工業","東証ST","食料品","17254","9326460","2.05","38","13.59","0.38","136.15","4825.42","185000","100","20240123","1910","20230120","1587"
"2815","アリアケジャパン","東証PR","食料品","148131","32808683","2.26","102","20.84","1.25","216.65","3617.28","451500","100","20230501","5640","20230105","4130"
"2816","ダイショー","東証ST","食料品","14122","9868800","1.26","18","26.06","1.4","54.91","1018.57","143100","100","20230927","1456","20230330","1353"
"2818","ピエトロ","東証ST","食料品","12804","7062230","1.32","24","91.66","2.19","19.78","828.78","181300","100","20230329","1905","20230130","1790"
"2819","エバラ食品工業","東証ST","食料品","30234","10468710","1.39","40","20.25","0.86","142.62","3358.11","288800","100","20230309","3240","20231218","2763"
"2820","やまみ","東証ST","食料品","27243","6967500","0.97","38","33.42","3.22","116.98","1216.12","391000","100","20240206","4150","20230301","1292"
"2830","アヲハタ","東証ST","食料品","20738","8292000","0.8","20","71.15","1.54","35.15","1626.68","250100","100","20231128","2642","20230124","2399"
"2831","はごろもフーズ","東証ST","食料品","33506","10325365","1.54","50","23.49","0.82","138.14","3942.06","324500","100","20231106","3550","20230613","2889"
"2871","ニチレイ","東証PR","食料品","489912","134075652","2.03","74","19.44","1.89","187.93","1929","365400","100","20240207","3801","20230203","2599"
"2872","セイヒョー","東証ST","食料品","2957","1620993","0.93","17","56.51","1.82","32.28","1000.45","182400","100","20230323","4685","20231227","1503"
"2874","横浜冷凍","東証PR","卸売","64067","59266684","2.22","24","20.84","0.74","51.86","1460.17","108100","100","20230907","1404","20230320","922"
"2875","東洋水産","東証PR","食料品","887048","110881044","1.5","120","19","1.89","421.04","4235.49","800000","100","20231107","8286","20230113","4760"
"2876","デルソーレ","東証ST","食料品","6665","9105290","1.64","12","8.69","0.98","84.22","745.08","73200","100","20240205","788","20230329","379"
"2877","日東ベスト","東証ST","食料品","10372","12102660","1.4","12","29.62","0.68","28.93","1261.21","85700","100","20230922","900","20230330","740"
"2882","イートアンドホールディングス","東証PR","食料品","24295","11331813","0.47","10","-","2.28","-65.63","942.29","214400","100","20230201","2363","20231018","1924"
"2883","大冷","東証ST","食料品","11662","6008300","3.09","60","14.14","1.2","137.23","1620.06","194100","100","20230926","2082","20230330","1839"
"2884","ヨシムラ・フード・ホールディングス","東証PR","食料品","27936","23876621","0","0","37.01","3.32","31.61","352.08","117000","100","20230914","1459","20230105","626"
"2892","日本食品化工","東証ST","食料品","29216","6400000","4.38","200","8.32","0.94","548.95","4871.07","456500","100","20240131","4840","20230518","2604"
"2894","石井食品","東証ST","食料品","5922","18392000","1.24","4","25.82","1.65","12.47","195.48","32200","100","20240131","373","20230330","241"
"2897","日清食品ホールディングス","東証PR","食料品","1465776","308584500","1.4","66.67","27","2.99","175.95","1586.98","475000","100","20231207","5225","20230130","3303"
"2899","永谷園ホールディングス","東証PR","食料品","42737","19138703","1.39","31","10.84","0.94","206.01","2380.12","223300","100","20230824","2398","20230105","1981"
"2901","石垣食品","東証ST","食料品","2144","14295700","0","0","-","34.56","-","4.34","15000","100","20230519","256","20230828","135"
"2903","シノブフーズ","東証ST","食料品","12636","13000000","2.16","21","7.5","0.81","129.65","1196.13","97200","100","20231018","1167","20230104","639"
"2904","一正蒲鉾","東証ST","食料品","13868","18590000","1.61","12","15.23","1.02","48.97","729.35","74600","100","20230510","802","20230213","698"
"2907","あじかん","東証ST","食料品","9148","7700000","1.68","20","7.86","0.59","151.1","2024.76","118800","100","20240202","1377","20230330","810"
"2908","フジッコ","東証PR","食料品","58839","30050759","2.35","46","38.97","0.81","50.24","2429.45","195800","100","20240131","2025","20230314","1832"
"2910","ロック・フィールド","東証PR","食料品","43157","26788748","1.43","23","29.11","1.45","55.34","1108.03","161100","100","20230914","1696","20230601","1436"
"2911","旭松食品","東証ST","食料品","4226","1876588","1.11","25","20.72","0.53","108.68","4230.69","225200","100","20240207","2282","20230330","2180"
"2914","日本たばこ産業","東証PR","食料品","7876000","2000000000","4.77","188","15.07","1.78","261.4","2207.55","393800","100","20240206","3969","20230116","2538"
"2915","ケンコーマヨネーズ","東証PR","食料品","30382","16476000","1.36","25","52.16","0.79","35.35","2337.93","184400","100","20240209","1849","20230330","1190"
"2916","仙波糖化工業","東証ST","食料品","7980","11400000","2.14","15","18.11","0.72","38.65","976.67","70000","100","20240207","726","20230105","612"
"2917","大森屋","東証ST","食料品","4670","5098096","-","-","17.73","0.4","51.67","2295.01","91600","100","20230911","1020","20230104","806"
"2918","わらべや日洋ホールディングス","東証PR","食料品","49951","17625660","3.18","90","12.37","0.93","229.04","3046.58","283400","100","20231213","3715","20230316","1691"
"2922","なとり","東証PR","食料品","32259","15032209","1.03","22","24.33","1.07","88.22","2007.06","214600","100","20240208","2187","20230601","1907"
"2923","サトウ食品","東証ST","食料品","32128","5075500","0.87","55","18.07","1.68","350.33","3765.46","633000","100","20240105","6700","20230119","4820"
"2924","イフジ産業","東証ST","食料品","11709","8345370","3.28","46","8.04","1.24","174.53","1129.4","140300","100","20230904","1930","20230208","890"
"2926","篠崎屋","東証ST","食料品","1285","14436600","-","-","-","1.2","-","74.33","8900","100","20230307","102","20231024","87"
"2927","AFC-HDアムスライフサイエンス","東証ST","食料品","13280","14387699","3.25","30","11.48","0.98","80.38","944.56","92300","100","20230206","997","20230316","720"
"2929","ファーマフーズ","東証PR","食料品","28178","29079000","2.06","20","10.04","2.89","96.52","335.83","96900","100","20230622","2344","20240209","960"
"2930","北の達人コーポレーション","東証PR","化学","31459","141072000","0.94","2.1","33.09","4.6","6.74","48.53","22300","100","20230308","368","20231024","178"
"2931","ユーグレナ","東証PR","食料品","89689","134668787","0","0","-","3.64","-","183.06","66600","100","20230202","1058","20240208","646"
"2932","STIフードホールディングス","東証ST","食料品","23883","5926300","1.74","70","15.92","3.37","253.11","1196.4","403000","100","20231206","4905","20230215","2600"
"2933","紀文食品","東証PR","食料品","26688","22829781","1.45","17","14.02","2.06","83.36","567.51","116900","100","20240105","1238","20230106","924"
"2934","ジェイフロンティア","東証GR","食料品","18436","5114036","0","0","600.83","6.16","6","585.61","360500","100","20230919","5830","20230117","1980"
"2935","ピックルスホールディングス","東証PR","食料品","16472","12858430","1.87","24","13.9","0.9","92.19","1424.46","128100","100","20230703","1386","20230424","1100"
"2936","ベースフード","東証GR","食料品","21717","53097200","0","0","-","18.11","-22.16","22.58","40900","100","20231016","818","20230119","318"
"2937","サンクゼール","東証GR","食料品","21308","9212200","1.51","35","19.26","4.48","120.1","516.6","231300","100","20230410","4735","20240208","2300"
"2938","オカムラ食品工業","東証ST","食料品","28898","8049614","0.95","34","20.62","2.2","174.14","1631.89","359000","100","20240126","3880","20231024","2031"
"2961","日本調理機","東証ST","金属製品","3361","1135572","3.38","100","11.75","0.52","251.87","5744.63","296000","100","20230920","3315","20230316","2451"
"2962","テクニスコ","東証ST","金属製品","5750","9155895","-","-","82.96","1.1","7.57","569.02","62800","100","20230726","980","20231117","555"
"2970","グッドライフカンパニー","東証ST","不動産","9808","4262700","0","0","14.77","3.03","155.77","759.84","230100","100","20240207","2458","20230113","617"
"2975","スター・マイカ・ホールディングス","東証PR","不動産","17748","34000000","4.02","21","6.23","0.75","83.8","693.58","52200","100","20230112","729","20240209","522"
"2978","ツクルバ","東証GR","不動産","9531","11666400","0","0","52.74","6.26","15.49","130.56","81700","100","20230908","1392","20230323","630"
"2980","SREホールディングス","東証PR","不動産","51237","16188595","0","0","35.8","4.27","88.41","741.4","316500","100","20230619","4405","20231024","2014"
"2981","ランディックス","東証GR","不動産","7096","2832793","2.91","73","8.14","1.04","307.67","2410.82","250500","100","20230621","4290","20231213","2246"
"2982","ADワークスグループ","東証PR","不動産","12562","49455764","3.15","8","-","0.72","-","354.18","25400","100","20231002","284","20230105","139"
"2983","アールプランナー","東証GR","不動産","3518","5379480","2.29","15","27","0.87","24.22","751.81","65400","100","20230907","880","20231218","564"
"2984","ヤマイチ・ユニハイムエステート","東証ST","不動産","7005","7184500","3.38","33","6.62","0.65","147.35","1493.77","97500","100","20240131","1000","20230516","785"
"2986","LAホールディングス","東証GR","不動産","32608","6246775","4.02","210","9.1","2.42","573.91","2156.42","522000","100","20240209","5270","20230113","2965"
"2987","タスキ","東証GR","不動産","18764","14087200","-","-","9.72","2.68","137","497.62","133200","100","20231108","1534","20230516","972"
"2991","ランドネット","東証ST","不動産","5988","5951800","1.84","18.5","5.74","0.84","175.41","1198.12","100600","100","20230609","1500","20230111","991"
"2993","長栄","東証ST","不動産","9689","4473400","3.69","80","8.42","0.98","257.25","2220.6","216600","100","20230925","2230","20230116","1772"
"2997","ストレージ王","東証GR","不動産","1006","1845500","0","0","8.82","1.31","61.77","414.52","54500","100","20230901","703","20230329","463"
"2998","クリアル","東証GR","不動産","35809","5841600","0","0","73.86","10.36","82.99","591.89","613000","100","20230815","9070","20230104","1781"
"2999","ホームポジション","東証ST","不動産","1929","5990000","3.11","10","12.86","0.49","25.04","656.26","32200","100","20230704","632","20240117","317"
"3001","片倉工業","東証ST","繊維製品","61978","35215000","1.14","20","22.44","0.77","78.42","2282.18","176000","100","20230403","1879","20230804","1578"
"3002","グンゼ","東証PR","繊維製品","94941","17293516","2.73","150","19.48","0.78","281.8","7061.8","549000","100","20240207","5690","20230116","4025"
"3003","ヒューリック","東証PR","不動産","1192945","767907735","3.35","52","12.06","1.54","128.79","1006.19","155350","100","20240131","1648","20230117","1007"
"3004","神栄","東証ST","卸売","7095","4168500","2.94","50","4.96","1.07","342.83","1589.37","170200","100","20231219","1978","20230110","772"
"3010","ポラリス・ホールディングス","東証ST","サービス","30779","124110689","0","0","11.28","4.85","21.99","51.15","24800","100","20240129","271","20230201","89"
"3011","バナーズ","東証ST","小売","2813","20236086","2.88","4","13.74","0.9","10.12","153.61","13900","100","20230512","153","20230116","118"
"3020","アプライド","東証ST","小売","7166","2703200","3.02","80","6.51","0.74","406.94","3582.95","265100","100","20240207","2695","20230209","1846"
"3021","パシフィックネット","東証ST","サービス","9618","5382000","2.29","41","23.49","3.36","76.06","531.65","178700","100","20230630","1974","20230106","1005"
"3023","ラサ商事","東証ST","卸売","20073","11983838","4.06","68","9.62","0.92","174.05","1819.8","167500","100","20230926","1760","20230105","1129"
"3024","クリエイト","東証ST","卸売","3473","3969000","2.97","26","10.02","0.68","87.31","1282.25","87500","100","20230124","931","20230106","664"
"3028","アルペン","東証PR","小売","76570","38888000","2.54","50","72.95","0.66","26.99","2998.51","196900","100","20230508","2101","20230818","1857"
"3030","ハブ","東証ST","小売","9186","12830200","0.7","5","40.94","3.66","17.49","195.74","71600","100","20230814","1008","20230116","587"
"3031","ラクーンホールディングス","東証PR","情報通信","15276","22235143","2.62","18","28.02","3.03","24.52","226.52","68700","100","20230201","1219","20231222","592"
"3034","クオールホールディングス","東証PR","小売","62633","38902785","1.86","30","9.66","1.16","166.68","1384.57","161000","100","20230915","1989","20230316","1108"
"3035","ケイティケイ","東証ST","卸売","3343","5725000","2.74","16","10.06","0.81","58.04","722.11","58400","100","20230704","732","20230112","354"
"3036","アルコニックス","東証PR","卸売","42870","31042900","3.91","54","9.86","0.62","139.99","2222.82","138100","100","20230802","1470","20231219","1277"
"3038","神戸物産","東証PR","卸売","1009584","273600000","0.62","23","37.87","7.29","97.45","506.23","369000","100","20231214","4270","20230315","3340"
"3040","ソリトンシステムズ","東証PR","情報通信","27180","19738888","1.74","24","13.22","2.43","104.19","566.03","137700","100","20231212","1540","20230313","981"
"3041","ビューティカダンホールディングス","東証ST","卸売","4959","5076000","1.39","13.58","35.97","8.35","27.16","117.05","97700","100","20230517","2409","20230106","272"
"3042","セキュアヴェイル","東証GR","情報通信","2453","7690000","0","0","10.01","2.16","31.86","147.86","31900","100","20231005","478","20230106","241"
"3045","カワサキ","東証ST","卸売","3989","2901000","3.2","44","10.19","0.55","134.96","2507.05","137500","100","20230421","1465","20231024","1211"
"3046","ジンズホールディングス","東証PR","小売","94122","23980000","1.04","41","29.55","4.21","132.82","932.35","392500","100","20230105","4895","20230428","2909"
"3048","ビックカメラ","東証PR","小売","255691","188146304","1.32","18","30.81","1.7","44.11","801.58","135900","100","20240109","1405","20230526","1033"
"3050","DCMホールディングス","東証PR","小売","208553","149500000","2.87","40","8.35","0.74","167.04","1879.74","139500","100","20230421","1477","20230314","1108"
"3053","ペッパーフードサービス","東証ST","小売","5089","54723300","0","0","-","2.02","-12.58","45.99","9300","100","20230324","194","20231225","86"
"3054","ハイパー","東証ST","卸売","2957","9855300","2.33","7","3000","1.09","0.1","274.54","30000","100","20230130","463","20231031","291"
"3058","三洋堂ホールディングス","東証ST","小売","5180","7400000","0","0","-","2.02","-4.12","347.23","70000","100","20230228","919","20231228","611"
"3059","ヒラキ","東証ST","小売","5233","5155600","1.97","20","49.42","0.67","20.54","1524.01","101500","100","20230329","1048","20230525","993"
"3063","ジェイグループホールディングス","東証GR","小売","8060","12102400","0.45","3","51.91","5.88","12.83","113.33","66600","100","20240131","710","20230105","436"
"3064","MonotaRO","東証PR","小売","688355","501351000","1.38","19","27.19","7.89","50.5","173.94","137300","100","20230428","2124","20231031","1146"
"3065","ライフフーズ","東証ST","小売","6248","3660400","0","0","-","3.93","-245.14","434.38","170700","100","20230829","1755","20230227","1625"
"3067","東京一番フーズ","東証ST","小売","4795","9030100","0","0","28.89","2.8","18.38","189.66","53100","100","20230921","559","20230104","460"
"3068","WDI","東証ST","小売","21972","6331920","0.43","15","27.21","4.13","127.52","839.25","347000","100","20240201","3585","20230104","1972"
"3069","JFLAホールディングス","東証ST","小売","7435","47964636","-","-","-","1.64","-","94.46","15500","100","20230307","350","20231226","133"
"3070","アマガサ","東証GR","卸売","1735","11340000","0","0","-","12.11","-","12.63","15300","100","20230605","270","20231226","111"
"3071","ストリーム","東証ST","小売","3081","28525000","2.78","3","25.59","1.01","4.22","106.42","10800","100","20230703","123","20231215","105"
"3073","DDグループ","東証PR","小売","27424","18442720","-","-","11.46","3.59","129.81","414.77","148700","100","20230929","2051","20230117","660"
"3075","銚子丸","東証ST","小売","23969","14518000","0.36","6","26.73","2.58","61.76","638.84","165100","100","20240118","1787","20230106","1116"
"3076","あいホールディングス","東証PR","卸売","137119","56590410","3.71","90","8.97","1.71","270.27","1420.94","242300","100","20230912","2597","20230105","2025"
"3077","ホリイフードサービス","東証ST","小売","1996","5670000","-","-","86.7","111.04","4.06","3.17","35200","100","20231222","597","20231212","228"
"3079","ディーブイエックス","東証ST","卸売","11341","10780000","4.75","50","65.67","1.2","16.02","875","105200","100","20231013","1114","20230803","810"
"3080","ジェーソン","東証ST","小売","8610","12812000","1.93","13","13.67","1.42","49.17","472.85","67200","100","20240201","833","20230606","468"
"3082","きちりホールディングス","東証ST","小売","10677","10550400","0.49","5","29.27","22.03","34.57","45.93","101200","100","20231212","1194","20230104","523"
"3083","シーズメン","東証ST","小売","1488","2882800","0","0","-","2.02","-79.79","255.97","51600","100","20230316","1406","20230104","367"
"3086","J.フロントリテイリング","東証PR","小売","414371","270565764","2.15","33","14.88","1.08","102.95","1422.66","153150","100","20230814","1634","20230118","1081"
"3087","ドトール・日レスホールディングス","東証PR","小売","97103","45609761","1.88","40","17.36","0.95","122.64","2249.31","212900","100","20230912","2420","20230113","1630"
"3088","マツキヨココカラ＆カンパニー","東証PR","小売","1152669","428900130","1.25","33.67","22.7","2.23","118.37","1203.26","268750","100","20230814","3194","20230301","2037"
"3089","テクノアルファ","東証ST","卸売","2492","2316000","3.25","35","-","1.05","-","1020.72","107600","100","20230630","1309","20230110","1000"
"3091","ブロンコビリー","東証PR","小売","50213","15079000","0.6","20","41.25","2.67","80.73","1248.68","333000","100","20240119","3640","20230117","2355"
"3092","ZOZO","東証PR","小売","1011997","300474181","2.91","98","24.04","13","140.09","259.01","336800","100","20240209","3456","20230807","2593"
"3093","トレジャー・ファクトリー","東証PR","小売","35110","24347800","1.73","25","16.71","4.31","86.29","334.25","144200","100","20230420","1910","20231024","1042"
"3094","スーパーバリュー","東証ST","小売","12902","12673750","0","0","-","2.63","-163.5","387.44","101800","100","20230117","1170","20240116","830"
"3096","オーシャンシステム","東証ST","小売","11656","10833000","1.3","14","9.28","1.04","116","1037.64","107600","100","20230926","1084","20230104","950"
"3097","物語コーポレーション","東証PR","小売","194134","36354750","0.56","30","36.13","7.53","147.78","709.24","534000","100","20240119","5450","20230116","2093"
"3099","三越伊勢丹ホールディングス","東証PR","小売","798337","397083654","1.59","32","19.2","1.32","104.71","1524.19","201050","100","20240209","2024","20230118","1295"
"3101","東洋紡","東証PR","繊維製品","95817","89048792","3.72","40","94.8","0.5","11.35","2160.4","107600","100","20230915","1128","20230116","979"
"3103","ユニチカ","東証PR","繊維製品","8952","57752343","0","0","-","0.22","-38.16","696.53","15500","100","20230619","251","20240209","151"
"3104","富士紡ホールディングス","東証PR","繊維製品","50337","11720000","2.56","110","22.38","1.13","191.95","3812.43","429500","100","20240202","4580","20230601","2975"
"3105","日清紡ホールディングス","東証PR","電気機器","230017","169192654","2.65","36","-","0.84","-120.96","1610.34","135950","100","20240209","1361","20230120","933"
"3106","倉敷紡績","東証PR","繊維製品","57475","19000000","2.64","80","9.81","0.51","308.27","5891.59","302500","100","20240130","3170","20230117","2042"
"3107","ダイワボウホールディングス","東証PR","卸売","260162","96356460","2.37","64","35.55","1.67","75.96","1612.63","270000","100","20240115","3298","20230105","1851"
"3109","シキボウ","東証PR","繊維製品","14291","11810829","4.13","50","17.53","0.42","69.01","2898.49","121000","100","20240116","1239","20230118","937"
"3110","日東紡績","東証PR","ガラス土石","185031","37723012","0.92","45","27.47","1.59","178.53","3080.79","490500","100","20240111","5300","20230517","1790"
"3111","オーミケンシ","東証ST","繊維製品","2047","6602459","-","-","-","1.44","-272.84","216","31000","100","20230309","659","20230116","276"
"3113","UNIVA・Oakホールディングス","東証ST","証券・先物","6535","80676080","-","-","-","1.66","-","48.94","8100","100","20230929","108","20230117","76"
"3116","トヨタ紡織","東証PR","輸送用機器","452650","187665738","3.57","86","7.64","1.03","315.76","2333.37","241200","100","20230920","2964","20230104","1730"
"3121","マーチャント・バンカーズ","東証ST","サービス","8346","29489890","0.71","2","31.87","2.06","8.88","137.64","28300","100","20231220","398","20230614","262"
"3123","サイボー","東証ST","繊維製品","6990","13600000","3.11","16","7.42","0.41","69.31","1258.71","51400","100","20230911","542","20230118","413"
"3131","シンデン・ハイテックス","東証ST","卸売","6307","2110200","2.01","60","15.43","0.89","193.75","3359.36","298900","100","20230530","3370","20230815","2080"
"3132","マクニカホールディングス","東証PR","卸売","507490","60857382","2.28","190","11.97","2.19","696.56","3814.79","833900","100","20240117","8745","20230105","3055"
"3133","海帆","東証GR","小売","46248","50378900","0","0","-","43.63","-16.31","21.04","91800","100","20231213","1036","20230104","241"
"3134","Hamee","東証ST","小売","16915","16280000","2.17","22.5","10.76","1.83","96.56","569.06","103900","100","20230615","1210","20230116","688"
"3135","マーケットエンタープライズ","東証PR","小売","5362","5329600","0","0","14.48","5.49","69.48","183.37","100600","100","20230630","1696","20230106","881"
"3137","ファンデリー","東証GR","小売","1873","6457500","0","0","36.66","5.11","7.91","56.76","29000","100","20230428","553","20230105","245"
"3138","富士山マガジンサービス","東証GR","小売","2294","3315620","2.31","16","8.27","1.03","83.66","671.57","69200","100","20230309","830","20240202","680"
"3139","ラクト・ジャパン","東証PR","卸売","22376","9967200","2.76","62","9.31","0.91","241.06","2476.38","224500","100","20240129","2325","20231020","1809"
"3140","BRUNO","東証GR","卸売","14703","14717350","0.4","4","22.39","2.73","44.62","366.53","99900","100","20230622","1025","20230105","902"
"3141","ウエルシアホールディングス","東証PR","小売","550767","209656076","1.29","34","19.43","2.35","135.22","1118.56","262700","100","20230523","3200","20231219","2290"
"3143","オーウイル","東証ST","卸売","4473","3150000","3.52","50","6.68","1.01","212.72","1405.12","142000","100","20240207","1429","20230406","1073"
"3148","クリエイトSDホールディングス","東証PR","小売","212486","66819342","1.7","54","15.46","1.65","205.64","1923.14","318000","100","20230907","3830","20231218","2961"
"3150","グリムス","東証PR","卸売","48392","23814800","1.82","37","16.49","3.95","123.25","514.41","203200","100","20230607","3185","20231214","1822"
"3151","バイタルケーエスケー・ホールディングス","東証PR","卸売","61557","51902976","3.29","39","11","0.59","107.85","2020.99","118600","100","20240207","1225","20230116","807"
"3153","八洲電機","東証PR","卸売","28078","21782500","2.17","28","12.72","1.1","101.32","1172.65","128900","100","20230629","1435","20230113","1027"
"3154","メディアスホールディングス","東証PR","卸売","15852","21925104","1.94","14","15.85","0.85","45.61","848.56","72300","100","20230615","936","20230110","674"
"3156","レスターホールディングス","東証PR","卸売","88323","30072643","3.92","115","12.62","1.07","232.81","2736.94","293700","100","20240122","3250","20230106","1980"
"3157","ジオリーブグループ","東証ST","卸売","18462","13767052","3.28","44","8.9","0.82","150.69","1625.51","134100","100","20240109","1399","20230531","1104"
"3159","丸善CHIホールディングス","東証ST","小売","30080","92554085","0.62","2","15.04","0.66","21.61","493.18","32500","100","20230310","367","20230117","320"
"3160","大光","東証ST","卸売","9421","14883300","1.74","11","10.33","1.61","61.29","393.31","63300","100","20230926","760","20230602","561"
"3161","アゼアス","東証ST","卸売","4168","6085401","3.36","23","10.09","0.59","67.91","1163.49","68500","100","20230426","718","20230126","617"
"3166","OCHIホールディングス","東証ST","卸売","21641","13610970","3.4","54","10.03","0.91","158.53","1744.99","159000","100","20240130","1628","20230531","1210"
"3167","TOKAIホールディングス","東証PR","卸売","138982","139679977","3.22","32","15.29","1.57","65.08","632.89","99500","100","20240202","1017","20230116","837"
"3168","黒谷","東証ST","卸売","8688","14337200","3.3","20","26.72","0.94","22.68","646.14","60600","100","20230814","632","20230317","560"
"3169","ミサワ","東証ST","小売","4417","7112400","1.61","10","75.92","1.47","8.18","422.44","62100","100","20240129","730","20230921","570"
"3172","ティーライフ","東証ST","小売","5937","4262300","3.73","52","10.68","0.98","130.37","1428.55","139300","100","20230706","1699","20230130","1242"
"3173","Cominix","東証ST","卸売","5811","6868840","4.14","35","7.63","0.74","110.94","1135.76","84600","100","20230801","915","20230116","725"
"3174","ハピネス・アンド・ディ","東証ST","小売","2316","2581600","1.67","15","-","1.86","-58.53","482.18","89700","100","20230112","950","20230830","880"
"3175","エー・ピーホールディングス","東証ST","小売","12473","12766150","-","-","118.28","-","8.26","-2.57","97700","100","20230915","1030","20230117","445"
"3176","三洋貿易","東証PR","卸売","37623","29007708","3.32","43","9.33","0.86","139.03","1509.92","129700","100","20230621","1457","20230110","1081"
"3177","ありがとうサービス","東証ST","小売","3319","953600","3.45","120","10.36","1.26","335.77","2753.46","348000","100","20240205","3490","20230329","2300"
"3178","チムニー","東証ST","小売","28238","19340800","-","-","70.43","6.51","20.73","224.12","146000","100","20230906","1568","20230117","1090"
"3179","シュッピン","東証PR","小売","24206","23207991","3.16","33","10.31","2.86","101.14","364.14","104300","100","20231113","1289","20230406","817"
"3180","ビューティガレージ","東証PR","卸売","27340","12752000","0.56","12","28.74","4.19","74.61","511.52","214400","100","20230914","2810","20230117","1592"
"3181","買取王国","東証ST","小売","3025","3640100","1.2","10","9.91","1.14","83.85","727.35","83100","100","20230705","1513","20230105","713"
"3182","オイシックス・ラ・大地","東証PR","小売","51604","38028092","0","0","13.06","1.88","103.94","721.02","135700","100","20230517","3035","20231024","1093"
"3183","ウイン・パートナーズ","東証PR","卸売","38190","30503310","3.99","50","18.48","1.57","67.76","795.08","125200","100","20240202","1287","20230116","965"
"3184","ICDAホールディングス","東証ST","小売","6195","2100000","1.67","50","6.86","0.71","435.28","4181.36","298700","100","20230711","3135","20230516","2459"
"3185","夢展望","東証GR","小売","2504","14732000","0","0","-","30.91","-9.96","5.5","17000","100","20230509","189","20230529","148"
"3186","ネクステージ","東証PR","小売","188185","80766200","1.42","33","13.3","2.8","175.2","832.24","233000","100","20230710","3820","20230913","1709"
"3187","サンワカンパニー","東証GR","小売","9499","19228800","-","-","10.64","3.04","46.42","162.36","49400","100","20230111","1437","20231215","428"
"3189","ANAP","東証ST","小売","1199","5474800","0","0","-","-","-","-219.73","21900","100","20231023","426","20231017","168"
"3190","ホットマン","東証ST","小売","4387","7275500","1.66","10","21.27","0.57","28.35","1063.54","60300","100","20230508","687","20230111","553"
"3191","ジョイフル本田","東証PR","小売","135112","68584671","2.54","50","15.86","1.04","124.19","1897.33","197000","100","20240206","1992","20230728","1612"
"3192","白鳩","東証ST","小売","2221","6669700","-","-","123.33","1.05","2.7","316.86","33300","100","20230519","574","20230320","261"
"3193","鳥貴族ホールディングス","東証PR","小売","47070","11622300","0.25","10","45.26","6.42","89.48","630.61","405000","100","20240209","4155","20230313","1933"
"3195","ジェネレーションパス","東証GR","小売","1920","8277240","-","-","-","1","-","231.17","23200","100","20230309","343","20231227","221"
"3196","ホットランド","東証PR","小売","43073","21655600","0.5","10","29.7","3.79","66.96","524.88","198900","100","20231113","2092","20230216","1341"
"3197","すかいらーくホールディングス","東証PR","小売","546347","227502200","0.25","6","136.6","3.37","17.58","712.84","240150","100","20240118","2542","20230113","1500"
"3198","SFPホールディングス","東証PR","小売","54491","25788689","1.04","22","43.87","6.99","48.16","302.17","211300","100","20230904","2518","20230302","1681"
"3199","綿半ホールディングス","東証PR","小売","29020","19931196","1.58","23","15.67","1.31","92.89","1115.26","145600","100","20240201","1490","20231024","1281"
"3201","日本毛織","東証PR","繊維製品","104883","76278858","2.62","36","12.33","0.84","111.51","1638.62","137500","100","20240201","1496","20230116","911"
"3202","ダイトウボウ","東証ST","繊維製品","2763","30360000","1.65","1.5","22.92","0.57","3.97","160.84","9100","100","20230511","106","20230104","80"
"3204","トーア紡コーポレーション","東証ST","繊維製品","3827","8940448","2.8","12","12.72","0.31","33.64","1395.76","42800","100","20230727","488","20230111","339"
"3205","ダイドーリミテッド","東証ST","繊維製品","20383","35696897","0.35","2","-","1.19","-9.93","477.95","57100","100","20240209","591","20230602","223"
"3221","ヨシックスホールディングス","東証PR","小売","30886","10361000","0.81","24","25.73","3.24","115.85","918.98","298100","100","20231120","3205","20230316","2046"
"3222","ユナイテッド・スーパーマーケット・ホールディングス","東証ST","小売","132076","131681356","1.6","16","184.04","0.87","5.45","1153.45","100300","100","20230516","1189","20231218","981"
"3223","エスエルディー","東証ST","小売","1594","1560864","0","0","15.94","5.37","64.07","190.29","102100","100","20230724","1373","20230329","590"
"3224","ゼネラル・オイスター","東証GR","小売","7508","4027700","0","0","60.54","7.45","30.79","250.28","186400","100","20230807","2200","20230105","1050"
"3231","野村不動産ホールディングス","東証PR","不動産","697613","183196737","3.41","130","10.19","0.98","373.54","3900.8","380800","100","20240123","4135","20230116","2685"
"3232","三重交通グループホールディングス","東証PR","不動産","62771","107301583","2.05","12","13.29","1.02","44.03","575.52","58500","100","20240123","652","20230112","475"
"3236","プロパスト","東証ST","不動産","5799","35147915","2.42","4","3.69","0.55","44.68","301.89","16500","100","20230705","177","20230817","137"
"3237","イントランス","東証GR","不動産","5235","37131000","0","0","-","7.51","-7.58","18.77","14100","100","20240130","176","20230628","55"
"3238","セントラル総合開発","東証ST","不動産","4889","9681600","3.56","18","5.67","0.55","89.06","920.36","50500","100","20230213","670","20230810","457"
"3241","ウィル","東証ST","不動産","5317","11435000","4.3","20","8.52","1.26","54.58","370","46500","100","20231101","543","20230104","339"
"3242","アーバネットコーポレーション","東証ST","不動産","12678","31774100","5.01","20","7.97","0.92","50.04","431.68","39900","100","20231127","419","20230104","299"
"3244","サムティ","東証PR","不動産","115342","46584085","-","-","10.12","1.09","244.72","2265.72","247600","100","20240111","2572","20230117","1935"
"3245","ディア・ライフ","東証PR","不動産","43101","44896800","4.79","46","8.29","1.78","115.87","540.29","96000","100","20240126","1027","20230105","587"
"3246","コーセーアールイー","東証ST","不動産","9207","10368000","4.05","36","7.91","0.9","112.24","981.44","88800","100","20240129","1152","20230314","710"
"3248","アールエイジ","東証ST","不動産","2577","3181000","4.07","33","7.76","0.62","104.38","1300.33","81000","100","20231003","985","20230110","675"
"3252","地主","東証PR","不動産","41070","18285800","2.45","55","9.18","1.18","244.78","1908.75","224600","100","20231129","2368","20230106","1776"
"3254","プレサンスコーポレーション","東証ST","不動産","114862","69613196","2.55","42","7.3","0.65","225.92","2549.14","165000","100","20230629","2135","20231117","1468"
"3261","グランディーズ","東証GR","不動産","1452","3637874","3.76","15","6.65","0.7","60","568.28","39900","100","20231221","451","20230612","309"
"3264","アスコット","東証ST","不動産","16110","129916662","-","-","13.3","0.63","9.32","196.87","12400","100","20230106","191","20231026","118"
"3266","ファンドクリエーショングループ","東証ST","不動産","3090","37686371","1.22","1","15.44","1.09","5.31","75.53","8200","100","20230222","104","20230105","80"
"3267","フィル・カンパニー","東証ST","建設","4582","5778000","0.63","5","22.41","1.56","35.38","507.74","79300","100","20230308","1240","20231116","493"
"3271","THEグローバル社","東証ST","不動産","10926","28306000","4.66","18","5.46","1.93","70.73","200.06","38600","100","20230905","445","20230316","198"
"3275","ハウスコム","東証ST","不動産","7081","7790000","1.76","16","18.02","1.08","50.43","839.96","90900","100","20230301","1127","20231031","790"
"3276","JPMC","東証PR","不動産","21689","19025600","4.47","51","11.52","2.48","98.98","459.82","114000","100","20230925","1173","20230222","980"
"3277","サンセイランディック","東証ST","不動産","9169","8584900","3.09","33","7.44","0.72","143.52","1482.85","106800","100","20240207","1115","20230116","800"
"3280","エストラスト","東証ST","不動産","3965","6167000","3.42","22","4.64","0.51","138.51","1268.34","64300","100","20230710","725","20230203","566"
"3284","フージャースホールディングス","東証PR","不動産","39021","36916775","5.2","55","7.81","1.06","135.26","1001.53","105700","100","20230920","1182","20230106","730"
"3286","トラストホールディングス","東証GR","不動産","2925","5204500","2.85","16","7.01","2.9","80.13","193.9","56200","100","20230920","667","20230201","295"
"3288","オープンハウスグループ","東証PR","不動産","567488","120588100","3.53","166","6.13","1.36","767.1","3448.66","470600","100","20230509","5800","20231214","3966"
"3289","東急不動産ホールディングス","東証PR","不動産","696868","719830974","2.89","28","10.74","0.94","90.1","1034.26","96810","100","20240122","1038","20230117","596"
"3291","飯田グループホールディングス","東証PR","不動産","594684","280379057","4.24","90","8.51","0.61","249.2","3473.49","212100","100","20230915","2726","20230104","1989"
"3293","アズマハウス","東証ST","不動産","6185","8063400","4.56","35","8.63","0.38","88.89","2038.59","76700","100","20230927","790","20231101","731"
"3294","イーグランド","東証ST","不動産","9983","6379100","5.11","80","7.33","0.9","213.38","1732.56","156500","100","20230913","1613","20231024","1408"
"3297","東武住販","東証ST","不動産","3168","2712400","3.17","37","12.67","0.78","92.22","1488.22","116800","100","20230529","1257","20230104","985"
"3299","ムゲンエステート","東証ST","不動産","27504","24361000","4.69","53","8.59","0.98","131.38","1151.99","112900","100","20231127","1315","20230116","467"
"3300","アンビション_DX_ホールディングス","東証GR","不動産","5457","6872200","3.15","25","4.94","1.28","160.67","619.37","79400","100","20230728","974","20230105","537"
"3302","帝国繊維","東証PR","繊維製品","58621","27444400","2.34","50","23.22","0.89","92","2398.09","213600","100","20240123","2316","20230105","1463"
"3306","日本製麻","東証ST","卸売","2344","3673320","0.47","3","20.34","1.33","31.37","478.44","63800","100","20230124","1078","20231225","632"
"3315","日本コークス工業","東証PR","石油・石炭","37189","302349449","2.44","3","14.32","0.64","8.59","191.65","12300","100","20230915","138","20230316","81"
"3317","フライングガーデン","東証ST","小売","4442","1449168","0.82","25","10.8","1.53","283.69","2009.44","306500","100","20240205","3600","20230120","1732"
"3319","ゴルフダイジェスト・オンライン","東証PR","小売","11403","18274000","1.52","9.5","113.66","-","5.49","-261.63","62400","100","20230123","1595","20240201","602"
"3320","クロスプラス","東証ST","卸売","10081","7718800","2.07","27","5.33","0.62","244.81","2093.3","130600","100","20240118","1419","20230404","731"
"3321","ミタチ産業","東証ST","卸売","9168","7965401","3.48","40","8.18","0.65","140.68","1762.69","115100","100","20230323","1510","20231024","979"
"3322","アルファグループ","東証ST","卸売","4721","6962400","1.77","12","9.36","0.7","72.45","970.41","67800","100","20230111","779","20231116","522"
"3323","レカム","東証ST","卸売","7437","82630255","2.44","2.2","12.18","1.56","7.39","57.75","9000","100","20230614","113","20230516","71"
"3326","ランシステム","東証ST","サービス","1787","4380900","0","0","57.79","20.25","7.06","20.15","40800","100","20230907","606","20230112","314"
"3328","BEENOS","東証PR","小売","16061","12931295","2.17","27","9.6","1.17","129.33","1060.34","124200","100","20230308","2590","20240209","1239"
"3329","東和フードサービス","東証ST","小売","15644","8186400","0.94","18","30.84","2.46","61.96","775.76","191100","100","20230829","2067","20230104","1470"
"3333","あさひ","東証PR","小売","34218","26240800","3.45","45","10.02","0.91","130.2","1427.57","130400","100","20230123","1409","20231004","1225"
"3341","日本調剤","東証PR","小売","46662","32048000","1.72","25","10.13","0.73","143.73","1989.18","145600","100","20230915","1545","20230601","1080"
"3347","トラスト","東証ST","小売","8220","26950000","1.97","6","7.41","0.86","41.16","355.41","30500","100","20240122","353","20231024","227"
"3349","コスモス薬品","東証PR","小売","619412","40000800","0.77","120","25.77","2.78","600.85","5573.94","1548500","100","20230814","17440","20230316","11430"
"3350","メタプラネット","東証ST","卸売","1835","114692187","0","0","-","1.4","-","11.46","1600","100","20230104","48","20231214","14"
"3352","バッファロー","東証ST","小売","3204","2345874","3.66","50","8","0.52","170.69","2613.69","136600","100","20230727","1540","20230111","1085"
"3353","メディカル一光グループ","東証ST","小売","9027","4070000","1.8","40","10.04","0.65","220.89","3408.61","221800","100","20230704","2830","20231128","2025"
"3355","クリヤマホールディングス","東証ST","卸売","21497","22300200","3.11","30","5.72","0.47","168.45","2045.94","96400","100","20231201","990","20230106","776"
"3358","ワイエスフード","東証ST","小売","3923","6129200","0","0","1306.12","2.7","0.49","236.62","64000","100","20240116","739","20231205","329"
"3359","cotta","東証GR","卸売","6341","11223513","1.42","8","10.46","1.55","54.03","365.68","56500","100","20230517","680","20230119","302"
"3360","シップヘルスケアホールディングス","東証PR","卸売","218996","101669400","2.23","48","16.26","1.57","132.49","1371.55","215400","100","20230104","2696","20231128","2021"
"3361","トーエル","東証ST","小売","16158","20715540","2.56","20","10.97","0.8","71.09","978.59","78000","100","20230310","848","20231031","652"
"3370","フジタコーポレーション","東証ST","小売","928","3413300","0","0","42.17","9.57","6.45","28.42","27200","100","20230817","381","20231024","225"
"3371","ソフトクリエイトホールディングス","東証PR","情報通信","48544","27550278","2.72","48","14.25","2.53","123.65","695.79","176200","100","20230802","1984","20230105","1494"
"3372","関門海","東証ST","小売","4564","14000900","0","0","13.53","9.11","24.09","35.77","32600","100","20230904","350","20230104","207"
"3374","内外テック","東証ST","卸売","9412","3553098","2.3","61","11.02","0.87","240.36","3061.63","264900","100","20230310","2793","20230516","2031"
"3375","ZOA","東証ST","小売","2584","1454000","3.26","58","5.93","0.86","299.61","2072.13","177700","100","20230914","1950","20230331","1263"
"3377","バイク王＆カンパニー","東証ST","卸売","8806","15315600","1.91","11","16.06","1.26","35.8","457.84","57500","100","20230127","1109","20231227","551"
"3382","セブン＆アイ・ホールディングス","東証PR","小売","5472006","886441983","1.83","113","23.71","1.42","260.39","4361.31","617300","100","20230309","6619","20231024","5162"
"3386","コスモ・バイオ","東証ST","卸売","5969","6048000","3.04","30","12.78","0.68","77.24","1443.76","98700","100","20240112","1072","20230524","937"
"3387","クリエイト・レストランツ・ホールディングス","東証PR","小売","230052","212814284","0.65","7","45.46","6.57","23.78","164.49","108100","100","20230912","1234","20230113","875"
"3388","明治電機工業","東証PR","卸売","18587","12765820","3.64","53","8.38","0.6","173.75","2437.92","145600","100","20230904","1572","20230104","1047"
"3391","ツルハホールディングス","東証PR","小売","546567","49507868","2.42","267","20.72","1.91","532.83","5788.74","1104000","100","20231115","13485","20230324","8340"
"3392","デリカフーズホールディングス","東証ST","卸売","9676","16372000","1.69","10","12.83","1.2","46.08","493.46","59100","100","20230908","697","20230104","471"
"3393","スターティアホールディングス","東証PR","卸売","15965","10240400","3.14","49","11.2","2.34","139.21","665.37","155900","100","20230830","1870","20230106","888"
"3395","サンマルクホールディングス","東証PR","小売","50315","22777370","2.26","50","64.46","1.5","34.27","1473.97","220900","100","20240202","2298","20230106","1660"
"3396","フェリシモ","東証ST","小売","9240","10043500","1.63","15","-","0.34","-122.57","2686.66","92000","100","20230706","1049","20231117","900"
"3397","トリドールホールディングス","東証PR","小売","396854","88091952","0.17","7.5","81.72","4.86","55.13","927.24","450500","100","20240117","4850","20230105","2628"
"3399","丸千代山岡家","東証ST","小売","26901","5028200","0.19","10","22.79","7.79","234.72","686.34","535000","100","20240119","5670","20230130","1170"
"3401","帝人","東証PR","繊維製品","248036","197953707","2.39","30","18.54","0.54","67.57","2315.01","125300","100","20230915","1635","20240209","1241"
"3402","東レ","東証PR","繊維製品","1100761","1631481403","2.67","18","15.22","0.64","44.34","1057.24","67470","100","20230915","846","20240209","659.5"
"3405","クラレ","東証PR","化学","561039","354863603","3.16","50","11.76","0.72","134.43","2187.31","158100","100","20230928","1808","20230116","1007"
"3407","旭化成","東証PR","化学","1433659","1393932032","3.5","36","17.82","0.82","57.71","1260.1","102850","100","20240123","1128","20230323","894"
"3409","北日本紡績","東証ST","繊維製品","2088","20072694","0","0","133.33","2.04","0.78","51.09","10400","100","20230622","140","20230207","75"
"3415","TOKYO_BASE","東証PR","小売","13760","45866382","1.33","4","45.87","2.68","6.54","111.87","30000","100","20230317","569","20231215","239"
"3416","ピクスタ","東証GR","小売","1920","2296640","0","0","6.93","1.78","120.69","469.16","83600","100","20231113","923","20230116","672"
"3417","大木ヘルスケアホールディングス","東証ST","卸売","15479","14072100","-","-","-","0.57","-","1922.49","110000","100","20240206","1299","20230104","741"
"3418","バルニバービ","東証GR","小売","11370","9023880","0.6","7.5","21.75","3.71","57.92","339.6","126000","100","20230706","1760","20230130","965"
"3420","ケー・エフ・シー","東証ST","金属製品","11097","7378050","3.32","50","11.65","0.56","129.08","2699.42","150400","100","20240125","1589","20230105","1182"
"3421","稲葉製作所","東証ST","金属製品","25568","17022429","2.13","32","10.91","0.58","137.69","2577.07","150200","100","20230606","1700","20230130","1360"
"3422","J-MAX","東証ST","金属製品","6438","11857200","3.31","18","-","0.32","-147.99","1703.77","54300","100","20230508","794","20231225","454"
"3423","エスイー","東証ST","金属製品","11096","31256600","3.66","13","15.61","1.01","22.74","352.1","35500","100","20240206","371","20230531","280"
"3426","アトムリビンテック","東証ST","金属製品","5542","4105000","2.59","35","16.83","0.53","80.2","2535.97","135000","100","20240130","1440","20230629","1105"
"3431","宮地エンジニアリンググループ","東証PR","金属製品","48367","13838908","4.58","160","13.21","1.27","264.52","2747.39","349500","100","20240201","3600","20230105","1732"
"3433","トーカロ","東証PR","金属製品","94187","61200000","3.25","50","15.95","1.71","96.46","900.66","153900","100","20240130","1600","20230105","1128"
"3434","アルファ","東証ST","金属製品","15504","10200000","2.96","45","12.14","0.44","125.23","3490.69","152000","100","20230929","1726","20230117","904"
"3435","サンコーテクノ","東証ST","金属製品","11387","8745408","2.53","33","6.2","0.62","209.99","2084.03","130200","100","20240116","1414","20230106","903"
"3436","SUMCO","東証PR","金属製品","814332","350175139","2.24","52","13.25","1.43","175.46","1630.47","232550","100","20240122","2521","20230104","1727"
"3437","特殊電極","東証ST","金属製品","3965","1602000","3.6","89","22.49","0.54","110.06","4572.16","247500","100","20230403","2880","20230822","2100"
"3439","三ツ知","東証ST","金属製品","4254","5304040","2.12","17","14.1","0.42","56.89","1909.59","80200","100","20230905","1330","20231227","696"
"3440","日創プロニティ","東証ST","金属製品","6990","6800000","2.92","30","8.16","0.6","125.98","1716.34","102800","100","20240118","1116","20230104","541"
"3441","山王","東証ST","金属製品","4205","5000000","1.19","10","24.26","0.62","34.66","1350.4","84100","100","20230607","1458","20240206","840"
"3443","川田テクノロジーズ","東証PR","金属製品","44025","5917370","3.23","240","9.26","0.56","803.42","13382.97","744000","100","20240130","7700","20230105","3225"
"3444","菊池製作所","東証ST","金属製品","4380","12337700","2.82","10","251.77","0.99","1.41","360.12","35500","100","20231023","516","20231226","326"
"3445","RSTechnologies","東証PR","金属製品","75124","26359206","1.05","30","10.13","1.36","281.37","2097.66","285000","100","20230124","4140","20231031","2306"
"3446","ジェイテックコーポレーション","東証PR","金属製品","11778","5880000","0","0","32.85","4.89","60.97","409.4","200300","100","20230130","3410","20231225","1731"
"3447","信和","東証ST","金属製品","10718","14103000","4.21","32","11.65","0.68","65.22","1111.31","76000","100","20230214","826","20230407","709"
"3449","テクノフレックス","東証ST","金属製品","22642","21360000","5.09","54","14.38","0.87","73.71","1218.36","106000","100","20230502","1218","20230106","976"
"3452","ビーロット","東証ST","不動産","20373","20032400","5.01","51","6.07","1.39","167.57","732.81","101700","100","20240131","1097","20230106","503"
"3454","ファーストブラザーズ","東証ST","不動産","18157","14445000","5.33","67","24.48","0.72","51.34","1734.48","125700","100","20240122","1304","20230320","820"
"3457","And_Doホールディングス","東証PR","不動産","22187","19898400","3.86","43","9.25","1.45","120.54","768.54","111500","100","20230623","1292","20230106","765"
"3458","シーアールイー","東証PR","不動産","39623","29350700","3.78","51","10.39","1.07","129.89","1265.97","135000","100","20231012","1691","20230209","1015"
"3461","パルマ","東証GR","不動産","2505","6752793","1.62","6","17.04","1.09","21.77","339.28","37100","100","20230724","460","20230515","285"
"3465","ケイアイスター不動産","東証PR","不動産","53298","15862500","5.36","180","6.62","1.01","507.65","3336.08","336000","100","20230802","5350","20231214","2981"
"3467","アグレ都市デザイン","東証ST","不動産","9172","5754000","4.89","78","6.26","1.77","254.45","898.38","159400","100","20230309","1694","20231024","1431"
"3469","デュアルタップ","東証ST","不動産","1394","3433500","3.08","12.5","46.45","0.7","8.74","579.08","40600","100","20230404","585","20231004","390"
"3474","G-FACTORY","東証GR","不動産","2719","6780000","0","0","-","1.47","-29.32","272.07","40100","100","20230131","520","20231121","320"
"3475","グッドコムアセット","東証PR","不動産","23692","30530400","4.64","36","6.89","1.92","112.7","403.17","77600","100","20231011","1120","20231208","606"
"3477","フォーライフ","東証GR","不動産","2492","4000000","2.81","17.5","10.38","0.75","60.01","827.16","62300","100","20230228","664","20230718","590"
"3479","ティーケーピー","東証GR","不動産","69458","42352485","0","0","10.24","1.77","160.21","928.62","164000","100","20230125","3240","20240119","1606"
"3480","ジェイ・エス・ビー","東証PR","不動産","57965","21791400","2.29","61","7.9","1.8","336.65","1479.57","266000","100","20230915","3000","20230220","1875"
"3482","ロードスターキャピタル","東証PR","不動産","41558","21444000","2.71","52.5","6.3","1.73","307.44","1118.95","193800","100","20231201","2259","20230320","1301"
"3484","テンポイノベーション","東証PR","不動産","16649","17674400","2.12","20","17.78","4.99","52.97","188.93","94200","100","20230310","1340","20240208","917"
"3486","グローバル・リンク・マネジメント","東証PR","不動産","19304","7996544","4.14","100","7.41","2.38","325.99","1014.95","241400","100","20231124","2642","20230106","1034"
"3489","フェイスネットワーク","東証ST","不動産","15468","9960000","4.57","71","7.66","2.55","202.77","609.45","155300","100","20240130","1686","20230116","676"
"3490","アズ企画設計","東証ST","不動産","3394","1192500","0.7","20","4.53","1.78","628.69","1596.27","284600","100","20240206","2904","20230104","1366"
"3491","GA_technologies","東証GR","不動産","52422","36761655","0","0","31.01","2.55","45.99","559.43","142600","100","20230614","1747","20230421","1001"
"3494","マリオン","東証ST","不動産","4334","8011000","0.89","4.8","16.29","1.06","33.22","509.81","54100","100","20240208","624","20230106","183"
"3495","香陵住販","東証ST","不動産","4116","2714800","2.97","45","5.71","0.89","265.53","1709.98","151600","100","20240117","1756","20230104","1027"
"3496","アズーム","東証GR","不動産","43691","6018000","0.34","25","36.92","15.92","196.62","456.12","726000","100","20230922","8470","20230106","4650"
"3497","LeTech","東証GR","不動産","4554","4865138","4.38","41","4.26","1.07","219.51","878.08","93600","100","20230725","1490","20230105","666"
"3498","霞ヶ関キャピタル","東証PR","不動産","108323","9785320","1.54","170","18.1","8.38","611.52","1320.52","1107000","100","20240131","12890","20230519","3475"
"3501","住江織物","東証PR","繊維製品","18276","7682162","2.94","70","9.65","0.51","246.47","4664.83","237900","100","20230714","2584","20230116","1786"
"3512","日本フエルト","東証ST","繊維製品","7942","18342089","3","13","13.62","0.42","31.8","1019.35","43300","100","20230914","442","20230104","398"
"3513","イチカワ","東証ST","繊維製品","8449","4967151","3.82","65","12.75","0.37","133.37","4639.56","170100","100","20240130","1858","20230113","1300"
"3521","エコナックホールディングス","東証ST","サービス","3520","26466366","0","0","58.59","0.76","2.27","174.77","13300","100","20230419","254","20240112","128"
"3524","日東製網","東証ST","繊維製品","4074","2605000","3.2","50","20.28","0.62","77.12","2521.28","156400","100","20230426","1692","20230601","1333"
"3526","芦森工業","東証ST","輸送用機器","14282","6056939","3.18","75","7.87","0.72","299.71","3276.11","235800","100","20230929","2428","20230104","1093"
"3529","アツギ","東証ST","繊維製品","10201","17319568","0","0","10.49","0.29","56.17","2037.48","58900","100","20240209","592","20230127","380"
"3536","アクサスホールディングス","東証ST","小売","4064","30325252","2.99","4","15.64","2.13","8.57","62.81","13400","100","20230726","145","20230214","114"
"3537","昭栄薬品","東証ST","卸売","5358","3579105","2.4","36","11.97","0.63","125.1","2376.92","149700","100","20240209","1517","20230609","967"
"3538","ウイルプラスホールディングス","東証ST","小売","10431","10327580","4.31","43.51","5.8","1.01","174.06","997.87","101000","100","20230626","1356","20231218","961"
"3539","JMホールディングス","東証PR","小売","63737","26679500","1.67","40","13.45","1.61","177.67","1481.01","238900","100","20240209","2415","20230106","1636"
"3540","歯愛メディカル","東証ST","卸売","41650","10000000","-","-","16.36","2.11","254.6","1972.03","416500","100","20230126","5360","20231114","3345"
"3541","農業総合研究所","東証GR","卸売","6123","22025900","-","-","-","6.43","-","43.23","27800","100","20230308","519","20240118","251"
"3542","ベガコーポレーション","東証GR","小売","6781","10644800","1.57","10","17.6","1.26","36.19","507.5","63700","100","20230814","745","20230104","455"
"3543","コメダホールディングス","東証PR","卸売","128236","46227900","1.91","53","21.67","3.05","127.99","908.29","277400","100","20230913","3045","20230323","2306"
"3544","サツドラホールディングス","東証ST","小売","11332","14236564","1.26","10","36.63","1.23","21.73","647.73","79600","100","20230425","903","20231005","726"
"3546","アレンザホールディングス","東証PR","小売","34964","30193386","3.28","38","9.57","1.18","121.04","977.73","115800","100","20240208","1175","20230320","941"
"3547","串カツ田中ホールディングス","東証ST","小売","17716","9428280","-","-","32.58","7.82","57.67","240.14","187900","100","20240131","2028","20230227","1479"
"3548","バロックジャパンリミテッド","東証PR","小売","30075","36676300","4.63","38","29.54","1.5","27.76","548.11","82000","100","20230718","960","20231024","770"
"3549","クスリのアオキホールディングス","東証PR","小売","286536","94597680","0.36","10.83","25.36","2.81","119.46","1076.22","302900","100","20231212","3627","20230407","2060"
"3550","スタジオアタオ","東証GR","小売","3130","14037000","2.24","5","62.12","1.24","3.59","179.15","22300","100","20230320","263","20230116","202"
"3551","ダイニック","東証ST","繊維製品","5987","8504747","3.55","25","7.36","0.25","95.63","2775.75","70400","100","20230928","845","20230106","606"
"3553","共和レザー","東証ST","化学","19894","24500000","3.45","28","11.18","0.56","72.62","1455.83","81200","100","20240207","846","20230116","487"
"3556","リネットジャパングループ","東証GR","小売","5377","12562000","0","0","21.51","2.6","19.9","164.65","42800","100","20230908","777","20231225","373"
"3557","ユナイテッド＆コレクティブ","東証GR","小売","4652","3851300","-","-","-","-","-17.63","-104.37","120800","100","20230829","1318","20231220","1051"
"3558","ジェイドグループ","東証GR","小売","23411","11487360","-","-","15.96","3.57","127.66","570.53","203800","100","20240110","2125","20230120","951"
"3559","ピーバンドットコム","東証ST","卸売","1970","4986406","-","-","18.37","1.49","21.5","264.92","39500","100","20230324","574","20231227","349"
"3560","ほぼ日","東証ST","小売","8087","2320600","1.29","45","17.97","1.76","193.95","1985.17","348500","100","20230801","3950","20230123","2910"
"3561","力の源ホールディングス","東証PR","小売","43200","30146400","0.98","14","19.11","5.15","74.99","278.17","143300","100","20230913","2480","20230104","873"
"3562","No.1","東証ST","卸売","6781","6954440","3.38","33","8.4","1.9","116.1","513.78","97500","100","20230703","1337","20231016","867"
"3563","FOOD＆LIFE_COMPANIES","東証PR","小売","362151","116073984","0.72","22.5","55.53","5.16","56.19","604.36","312000","100","20230310","3710","20231110","2347"
"3565","アセンテック","東証ST","卸売","7960","13536800","1.7","10","15.61","2.61","37.68","225.6","58800","100","20230612","769","20230106","419"
"3566","ユニフォームネクスト","東証GR","小売","6545","9991848","0.53","3.5","14.6","2.14","44.87","305.66","65500","100","20230613","828","20230119","334"
"3569","セーレン","東証PR","繊維製品","156737","64633646","1.9","46","11.71","1.12","207","2158.88","242500","100","20230210","2570","20231024","2110"
"3571","ソトー","東証ST","繊維製品","9740","13933757","3.15","22","3.79","0.77","184.66","907.72","69900","100","20230510","883","20231031","677"
"3577","東海染工","東証ST","繊維製品","2938","3614252","-","-","256.47","0.39","3.17","2088.85","81300","100","20230508","1446","20240209","813"
"3580","小松マテーレ","東証PR","繊維製品","33219","43140999","2.86","22","16.22","0.83","47.46","924.31","77000","100","20240110","930","20230531","635"
"3583","オーベクス","東証ST","繊維製品","3012","3092623","2.05","20","6.95","0.45","140.21","2160.67","97400","100","20230331","1028","20230705","825"
"3591","ワコールホールディングス","東証PR","繊維製品","212280","61000000","2.87","100","-","0.93","-186.6","3731.19","348000","100","20240116","3580","20230214","2220"
"3593","ホギメディカル","東証PR","繊維製品","88147","25256963","2.29","80","30.68","0.97","113.74","3581.69","349000","100","20231226","3685","20230713","3010"
"3597","自重堂","東証ST","繊維製品","30875","2882848","4.67","500","15.44","0.84","693.82","12688.53","1071000","100","20231003","11270","20230104","6340"
"3598","山喜","東証ST","繊維製品","2556","14950074","-","-","13.46","0.57","12.7","298.51","17100","100","20230815","203","20230104","132"
"3600","フジックス","東証ST","繊維製品","2657","1468093","2.76","50","25.69","0.27","70.46","6587.01","181000","100","20240205","1818","20230104","1408"
"3604","川本産業","東証ST","繊維製品","5022","6000000","2.15","18","10.32","0.69","81.1","1208.17","83700","100","20230104","1155","20231120","833"
"3607","クラウディアホールディングス","東証ST","繊維製品","3963","9689200","2.44","10","7.29","0.83","56.11","492.55","40900","100","20230808","1009","20230104","293"
"3608","TSIホールディングス","東証PR","繊維製品","60169","87074993","2.17","15","20.29","0.55","34.06","1254.18","69100","100","20230712","881","20230113","403"
"3611","マツオカコーポレーション","東証ST","繊維製品","15738","10081900","2.56","40","7.79","0.48","200.26","3285.18","156100","100","20230928","1763","20230104","1010"
"3612","ワールド","東証PR","繊維製品","66443","34390965","2.9","56","11.33","0.79","170.54","2447.24","193200","100","20240206","2029","20230116","1260"
"3622","ネットイヤーグループ","東証GR","情報通信","3604","6999000","1.17","6","190.04","1.39","2.71","369.2","51500","100","20230724","743","20230104","455"
"3623","ビリングシステム","東証GR","情報通信","6125","6564400","1.29","12","23.86","2.49","39.11","374.76","93300","100","20230113","1665","20231031","848"
"3624","アクセルマーク","東証GR","情報通信","2725","10646300","0","0","2844.44","3.22","0.09","79.57","25600","100","20230605","349","20231101","213"
"3625","テックファームホールディングス","東証GR","情報通信","3367","7515000","1.12","5","28.87","1.48","15.52","301.86","44800","100","20230417","886","20231227","417"
"3626","TIS","東証PR","情報通信","805203","244445411","1.61","53","18.91","2.51","174.22","1313.6","329400","100","20230523","4095","20231108","2908"
"3627","テクミラホールディングス","東証ST","情報通信","5800","12472200","1.29","6","15.19","0.97","30.62","477.38","46500","100","20230620","739","20230119","298"
"3628","データホライゾン","東証GR","情報通信","10983","12711780","0","0","546.84","3.13","1.58","275.92","86400","100","20230406","3035","20231214","762"
"3632","グリー","東証PR","情報通信","97065","179749700","-","-","-","1.01","-","534.32","54000","100","20230222","765","20231120","518"
"3633","GMOペパボ","東証ST","情報通信","6486","5468700","0","0","-","3.66","-164.3","324.05","118600","100","20230111","1951","20231226","1118"
"3634","ソケッツ","東証ST","情報通信","2383","2477400","0.31","3","-","3.28","-0.82","293.55","96200","100","20240208","1141","20230106","761"
"3635","コーエーテクモホールディングス","東証PR","情報通信","598084","336096924","2.81","50","18.12","3.58","98.23","496.93","177950","100","20230501","2540","20231222","1529"
"3636","三菱総合研究所","東証PR","情報通信","80150","16424080","3.28","160","12.13","1.18","402.4","4144.09","488000","100","20230622","5770","20231218","4530"
"3639","ボルテージ","東証ST","情報通信","1726","6513675","-","-","-","0.83","-","320.77","26500","100","20230627","395","20231225","238"
"3640","電算","東証ST","情報通信","8738","5837200","2.47","37","8.89","0.88","168.41","1707.27","149700","100","20230217","2140","20231101","1482"
"3641","パピレス","東証ST","情報通信","9470","10326880","1.09","10","20.71","0.9","44.27","1019.81","91700","100","20230428","1177","20230818","825"
"3645","メディカルネット","東証GR","情報通信","4342","10773000","0.74","3","17.03","1.81","23.66","222.44","40300","100","20230928","440","20230817","314"
"3646","駅探","東証GR","情報通信","2095","6018800","4.02","14","-","1.03","-","337.24","34800","100","20230208","506","20231225","311"
"3647","ジー・スリーホールディングス","東証ST","情報通信","2393","17860720","-","-","-","1.54","-","87.06","13400","100","20230522","268","20240209","133"
"3648","AGS","東証ST","情報通信","15231","17588132","1.5","13","18.2","1.07","47.58","805.74","86600","100","20240131","1000","20231030","658"
"3649","ファインデックス","東証PR","情報通信","26343","26608800","1.11","11","27.49","5.83","36.01","169.7","99000","100","20240130","1079","20230106","472"
"3652","ディジタルメディアプロフェッショナル","東証GR","情報通信","8764","3152400","0","0","43.72","2.69","63.59","1031.74","278000","100","20230530","4385","20231101","2107"
"3653","モルフォ","東証GR","情報通信","8760","5414000","0","0","59.7","2.64","27.1","613.93","161800","100","20240130","1720","20230116","867"
"3655","ブレインパッド","東証PR","情報通信","28411","22300596","0.63","8","31.81","5.56","40.05","229.32","127400","100","20240209","1300","20230316","600"
"3656","KLab","東証PR","情報通信","13067","41092200","0","0","-","1.02","-","311.96","31800","100","20240130","488","20231016","255"
"3657","ポールトゥウィンホールディングス","東証PR","情報通信","18887","38156000","3.23","16","-","1.13","-14.16","438.12","49500","100","20230523","993","20231214","435"
"3659","ネクソン","東証PR","情報通信","2188221","857453260","0.39","10","17.95","2.2","142.15","1159.27","255200","100","20231207","3278","20240119","2256"
"3660","アイスタイル","東証PR","情報通信","32303","79563593","0","0","44.57","3.39","9.11","119.68","40600","100","20230616","765","20231225","386"
"3661","エムアップホールディングス","東証PR","情報通信","35401","36496388","1.24","12","23.37","5.69","41.51","170.62","97000","100","20230831","1543","20231128","967"
"3662","エイチーム","東証PR","情報通信","10924","19789200","2.9","16","13.13","1.1","42.03","503.56","55200","100","20230124","818","20231226","528"
"3663","セルシス","東証ST","情報通信","24628","36271180","1.77","12","115.28","3.48","5.89","195.14","67900","100","20230510","910","20230314","590"
"3664","モブキャストホールディングス","東証GR","情報通信","2500","44638408","-","-","-","4.62","-12.99","12.12","5600","100","20230116","107","20231226","51"
"3665","エニグモ","東証PR","情報通信","14754","42642000","2.89","10","-","1.37","-","251.86","34600","100","20230105","685","20231016","297"
"3666","テクノスジャパン","東証ST","情報通信","13117","20400000","2.49","16","9.8","1.84","65.63","349.84","64300","100","20231013","815","20230116","453"
"3667","enish","東証ST","情報通信","3813","21543560","-","-","-","7.21","-79.65","24.56","17700","100","20230615","945","20231114","146"
"3668","コロプラ","東証PR","情報通信","74963","130144640","-","-","-","1.02","-","567.06","57600","100","20230519","691","20231004","552"
"3670","協立情報通信","東証ST","情報通信","2134","1205600","3.11","55","12.77","1.12","138.58","1577.02","177000","100","20230912","1905","20230330","1479"
"3671","ソフトマックス","東証GR","情報通信","4578","5999364","3.93","30","11.7","1.55","65.24","491.25","76300","100","20230126","1004","20230601","688"
"3672","オルトプラス","東証ST","情報通信","3069","20735533","-","-","-","3.07","-","48.24","14800","100","20230228","286","20231213","130"
"3673","ブロードリーフ","東証PR","情報通信","61675","97896800","0.16","1","-","2.45","-21.43","257.17","63000","100","20240209","644","20230328","389"
"3674","オークファン","東証GR","情報通信","4336","10813700","0","0","20.69","0.89","19.38","448.12","40100","100","20230808","860","20231226","343"
"3675","クロス・マーケティンググループ","東証PR","情報通信","11463","19970464","2.26","13","6.1","1.91","94.16","301.13","57400","100","20230704","866","20231218","527"
"3676","デジタルハーツホールディングス","東証PR","情報通信","26829","23890800","1.87","21","45.47","3.12","24.7","360.2","112300","100","20230201","1950","20231113","818"
"3678","メディアドゥ","東証PR","情報通信","18989","15130911","1.75","22","17.29","1.08","72.57","1160.28","125500","100","20230117","1838","20231006","1039"
"3679","じげん","東証PR","情報通信","58754","111700000","0.95","5","14.99","3.13","35.1","167.79","52600","100","20230719","827","20230117","357"
"3680","ホットリンク","東証GR","情報通信","6115","15965800","0","0","86.85","0.94","4.41","409.42","38300","100","20240129","440","20231024","278"
"3681","ブイキューブ","東証PR","情報通信","7421","24737400","0","0","-","1.18","-11.37","253.88","30000","100","20230112","772","20231212","288"
"3682","エンカレッジ・テクノロジ","東証ST","情報通信","4335","6924200","3.19","20","23.83","1.26","26.27","496.22","62600","100","20240207","639","20231031","471"
"3683","サイバーリンクス","東証ST","情報通信","9127","11366712","1.62","13","32.04","1.25","25.06","640.14","80300","100","20230131","1026","20230810","638"
"3686","ディー・エル・イー","東証ST","情報通信","8205","42514200","0","0","-","2.46","-5.41","78.42","19300","100","20230621","371","20240205","179"
"3687","フィックスターズ","東証PR","情報通信","54691","33635000","0.86","14","33.76","9.27","48.17","175.32","162600","100","20240209","1752","20231031","949"
"3688","CARTAホールディングス","東証PR","情報通信","39264","25168971","3.46","54","-","1.59","-93.78","983.62","156000","100","20230206","1722","20230818","1125"
"3690","イルグルム","東証GR","情報通信","4187","6372415","1.2","7.9","29.08","2.23","22.59","294.83","65700","100","20240126","755","20231024","469"
"3691","デジタルプラス","東証GR","情報通信","1875","3690900","0","0","-","3.71","-","136.98","50800","100","20230310","1064","20231212","451"
"3692","FFRIセキュリティ","東証GR","情報通信","11679","8190000","0","0","57.85","6.29","24.65","226.68","142600","100","20230619","1733","20230316","903"
"3694","オプティム","東証PR","情報通信","49691","55150848","-","-","44.85","7.65","20.09","117.74","90100","100","20230130","1188","20231227","742"
"3695","GMOリサーチ","東証GR","情報通信","4568","1677000","4.22","114.84","13.01","2.17","209.32","1252.99","272400","100","20230206","3650","20230816","2644"
"3696","セレス","東証PR","情報通信","16107","11984500","1.49","20","34.04","1.74","39.48","774.62","134400","100","20230419","1485","20230104","871"
"3697","SHIFT","東証PR","情報通信","487922","17826878","0","0","65.93","16.05","415.11","1705.43","2737000","100","20231227","36090","20230222","21450"
"3698","CRI・ミドルウェア","東証GR","情報通信","4825","5578150","1.73","15","15.86","1.29","54.55","672.43","86500","100","20230713","1224","20240209","860"
"3708","特種東海製紙","東証PR","パルプ・紙","52402","13300000","2.54","100","11.69","0.62","337.02","6311.5","394000","100","20240111","4135","20230113","2782"
"3710","ジョルダン","東証ST","情報通信","3263","5255000","0.97","6","31.67","0.68","19.61","908.06","62100","100","20230412","716","20231227","576"
"3712","情報企画","東証ST","情報通信","15378","4090000","2.66","100","11.61","2.01","323.97","1872.1","376000","100","20240206","4135","20230531","2761"
"3719","ジェクシード","東証ST","情報通信","3085","24291132","0","0","-","2.81","-2.82","45.16","12700","100","20230703","320","20240208","121"
"3723","日本ファルコム","東証GR","情報通信","13374","10280000","0.77","10","16.72","1.4","77.82","927.32","130100","100","20231004","1441","20231218","1141"
"3726","フォーシーズHD","東証ST","小売","4007","8077670","-","-","210.17","7.76","2.36","63.88","49600","100","20230927","550","20230118","432"
"3727","アプリックス","東証GR","情報通信","3969","22172630","0","0","-","1.63","-","110.14","17900","100","20230928","237","20230104","126"
"3733","ソフトウェア・サービス","東証ST","情報通信","73429","5488000","0.97","130","13.91","2.21","961.57","6052.69","1338000","100","20240209","13550","20230213","8350"
"3738","ティーガイア","東証PR","情報通信","116634","56074000","3.61","75","17.59","1.57","118.26","1328.44","208000","100","20240209","2096","20230112","1605"
"3741","セック","東証PR","情報通信","23834","5120000","1.72","80","23.48","3.07","198.24","1515.96","465500","100","20240122","5700","20230106","2517"
"3744","サイオス","東証ST","情報通信","4002","8874400","-","-","-","4.08","-","110.51","45100","100","20240209","451","20231226","340"
"3747","インタートレード","東証ST","情報通信","3008","7444800","0","0","363.96","2.2","1.11","183.59","40400","100","20230612","640","20230427","318"
"3750","サイトリ細胞研究所","東証ST","情報通信","9688","8929419","-","-","-","4.85","-3.36","223.76","108500","100","20230512","1320","20230516","730"
"3753","フライトソリューションズ","東証ST","情報通信","3281","9456500","0","0","41.02","5.52","8.46","62.91","34700","100","20230126","512","20240118","326"
"3758","アエリア","東証ST","情報通信","7804","23649428","1.52","5","16.29","0.78","20.26","422.12","33000","100","20230619","429","20231208","296"
"3760","ケイブ","東証ST","情報通信","10817","6693500","0","0","-","2.4","-","674.59","161600","100","20230418","2911","20231214","1056"
"3762","テクマトリックス","東証PR","情報通信","84140","44518400","1.32","25","23.58","3.68","80.14","513.07","189000","100","20240202","2067","20230316","1341"
"3763","プロシップ","東証PR","情報通信","21448","15609800","3.64","50","12.19","2.71","112.76","507.08","137400","100","20230125","1575","20230815","1197"
"3765","ガンホー・オンライン・エンターテイメント","東証PR","情報通信","212337","87255916","-","-","-","1.16","-","2089.83","243350","100","20230621","3011","20230116","2036"
"3766","システムズ・デザイン","東証ST","情報通信","3049","3500000","3.44","30","9.37","0.68","92.96","1285.78","87100","100","20240207","964","20230615","702"
"3768","リスクモンスター","東証ST","情報通信","3849","7636922","2.98","15","18.01","0.65","27.98","775.71","50400","100","20230112","716","20231113","456"
"3769","GMOペイメントゲートウェイ","東証PR","情報通信","696674","76557545","1.13","103","44.46","7.48","204.67","1216.66","910000","100","20230203","12360","20231031","5810"
"3770","ザッパラス","東証ST","情報通信","5829","13651000","2.34","10","-","0.92","-","466.05","42700","100","20230828","520","20230117","316"
"3771","システムリサーチ","東証PR","情報通信","28048","8360000","2.38","80","15.43","2.8","217.4","1197.91","335500","100","20231127","3670","20230330","2026"
"3772","ウェルス・マネジメント","東証ST","不動産","17165","19072300","-","-","8.38","1.09","107.41","825.33","90000","100","20230508","1708","20240209","891"
"3773","アドバンスト・メディア","東証GR","情報通信","34578","18392724","-","-","32.34","2.85","58.13","659.7","188000","100","20230615","2129","20230116","1140"
"3774","インターネットイニシアティブ","東証PR","情報通信","521220","183141100","1.21","34.36","24.39","4.3","116.7","661.46","284600","100","20240123","3126","20230118","2247"
"3776","ブロードバンドタワー","東証ST","情報通信","7633","61557500","1.61","2","-","0.94","-5.56","132.29","12400","100","20230209","174","20231114","116"
"3777","FHTホールディングス","東証GR","情報通信","13294","282860380","0","0","-","4.16","-","11.29","4700","100","20230301","67","20230104","26"
"3778","さくらインターネット","東証PR","情報通信","141830","37620700","0.09","3.5","158.34","15.37","23.81","245.21","377000","100","20240118","4550","20230110","483"
"3779","ジェイ・エスコムホールディングス","東証ST","情報通信","2348","11567990","0","0","-","8.16","-","24.89","20300","100","20231110","337","20230216","104"
"3784","ヴィンクス","東証ST","情報通信","35755","17718000","1.09","22","16.07","2.62","125.57","771.57","201800","100","20231222","2025","20231024","1137"
"3787","テクノマセマティカル","東証ST","情報通信","1499","2593100","0","0","-","0.72","-20.05","799.82","57800","100","20230224","939","20231227","525"
"3788","GMOグローバルサイン・ホールディングス","東証PR","情報通信","31980","11693000","1.41","38.46","35.56","3.66","76.91","746.92","273500","100","20230214","4600","20231208","2310"
"3791","IGポート","東証ST","情報通信","24822","5055400","1.06","52","23.18","3.52","211.86","1396.33","491000","100","20231219","5400","20230116","1936"
"3793","ドリコム","東証GR","情報通信","28347","29224108","0","0","277.14","4.95","3.5","195.78","97000","100","20240209","998","20230801","457"
"3796","いい生活","東証ST","情報通信","3509","7280700","1.04","5","16.31","1.8","29.56","267.56","48200","100","20230727","745","20231027","398"
"3798","ULSグループ","東証ST","情報通信","25600","6228800","1.09","45","18.3","2.9","224.63","1417.54","411000","100","20231018","4760","20230602","2899"
"3799","キーウェアソリューションズ","東証ST","情報通信","6924","9110000","2.63","20","8.74","0.74","86.99","1023.73","76000","100","20240205","819","20230201","519"
"3800","ユニリタ","東証ST","情報通信","15968","8000000","3.41","68","18.85","1.31","105.9","1526.66","199600","100","20240208","2020","20230413","1781"
"3802","エコミック","東証ST","情報通信","1923","3831200","1.59","8","10.96","1.64","45.81","306.49","50200","100","20230203","575","20230210","499"
"3803","イメージ情報開発","東証GR","情報通信","874","2080000","0","0","424.24","2.5","0.99","168.14","42000","100","20230912","698","20231214","388"
"3804","システムディ","東証ST","情報通信","8343","6498000","1.87","24","12.99","2.01","98.86","639.33","128400","100","20230104","1461","20240207","1237"
"3807","フィスコ","東証GR","情報通信","3902","45908222","3.53","3","24.78","4.54","3.43","18.71","8500","100","20230220","151","20240202","82"
"3810","サイバーステップ","東証ST","情報通信","3996","11682982","-","-","-","2.98","-","114.64","34200","100","20230420","934","20240118","238"
"3814","アルファクス・フード・システム","東証GR","情報通信","2005","3979100","-","-","22.5","180.65","22.4","2.79","50400","100","20230727","1000","20230104","272"
"3815","メディア工房","東証GR","情報通信","2463","11300000","1.38","3","73.15","1.68","2.98","129.97","21800","100","20230622","334","20231227","215"
"3816","大和コンピューター","東証ST","情報通信","4858","3949762","1.46","18","13.98","0.98","87.98","1253.06","123000","100","20231204","1350","20230207","877"
"3817","SRAホールディングス","東証PR","情報通信","58979","15240000","3.62","140","13.36","1.78","289.59","2168.41","387000","100","20240209","4030","20230320","2879"
"3823","THE_WHY_HOW_DO_COMPANY","東証ST","情報通信","1509","38680693","0","0","-","2.1","-","18.57","3900","100","20230210","145","20231225","32"
"3825","リミックスポイント","東証ST","小売","21476","122717800","-","-","-","1.19","-","147.34","17500","100","20230323","383","20240201","169"
"3826","システムインテグレータ","東証ST","情報通信","4697","11078400","2.83","12","5.04","1.55","84.08","273.59","42400","100","20230327","481","20231227","377"
"3834","朝日ネット","東証PR","情報通信","19968","32000000","3.69","23","12.38","1.44","50.4","434.68","62400","100","20230719","685","20230116","565"
"3835","eBASE","東証PR","情報通信","34147","47164800","0.99","7.2","32.82","5.05","22.06","143.35","72400","100","20230621","842","20230106","541"
"3836","アバントグループ","東証PR","情報通信","50784","37645851","1.41","19","20.2","4","66.78","337.28","134900","100","20230623","1565","20231026","1188"
"3837","アドソル日進","東証PR","情報通信","16009","9394965","2.46","42","16.52","2.28","103.15","748.33","170400","100","20230509","1910","20230106","1296"
"3839","ODKソリューションズ","東証ST","情報通信","4887","8200000","1.68","10","20.11","0.86","29.64","690.52","59600","100","20231205","678","20231030","541"
"3840","パス","東証ST","情報通信","8028","54609516","0","0","-","7.16","-1.73","20.54","14700","100","20231213","177","20230106","53"
"3841","ジーダット","東証ST","情報通信","4183","3909800","2.8","30","15.26","1.21","70.14","885.61","107000","100","20240206","1120","20230106","815"
"3842","ネクストジェン","東証GR","情報通信","2467","3041800","0.37","3","30.84","1.33","26.3","607.57","81100","100","20230627","1060","20230316","628"
"3843","フリービット","東証PR","情報通信","33927","23414000","1.86","27","9.64","2.91","150.27","498.75","144900","100","20230612","1917","20230104","972"
"3844","コムチュア","東証PR","情報通信","57326","32241600","2.59","46","17.99","3.51","98.81","506.82","177800","100","20230130","2515","20231218","1744"
"3845","アイフリークモバイル","東証ST","情報通信","1802","17839641","-","-","21.96","2.49","4.6","40.64","10100","100","20230524","158","20231208","87"
"3847","パシフィックシステム","東証ST","情報通信","5742","1480000","3.4","132","10.69","0.99","362.93","3902.37","388000","100","20231228","3980","20230106","2950"
"3848","データ・アプリケーション","東証ST","情報通信","7785","7414000","2.29","24","15.11","1.39","69.49","753.01","105000","100","20240205","1259","20230630","853"
"3850","エヌ・ティ・ティ・データ・イントラマート","東証ST","情報通信","9771","4955000","1.77","35","54.66","2.04","36.08","964.78","197200","100","20240205","2090","20230518","1520"
"3851","日本一ソフトウェア","東証ST","情報通信","5932","5131400","0.43","5","-","0.77","-","1494.48","115600","100","20230120","1251","20231227","1013"
"3853","アステリア","東証PR","情報通信","11054","17491265","-","-","-","1.96","-","322.46","63200","100","20230711","890","20240118","572"
"3854","アイル","東証PR","情報通信","79385","25042528","1.07","34","29.58","9.95","107.18","318.64","317000","100","20230929","4075","20230106","1658"
"3856","Abalance","東証ST","電気機器","49805","17475333","-","-","7.06","3.33","403.9","855.33","285000","100","20230516","13620","20230105","2265"
"3857","ラック","東証ST","情報通信","22781","31293120","3.57","26","17.57","1.5","41.43","484.4","72800","100","20230104","825","20230530","680"
"3858","ユビキタスAI","東証ST","情報通信","3859","10459000","0","0","768.75","1.72","0.48","213.98","36900","100","20230619","500","20231225","300"
"3861","王子ホールディングス","東証PR","パルプ・紙","587834","1014381817","2.76","16","10.08","0.55","57.5","1050.39","57950","100","20230919","678","20231215","511"
"3863","日本製紙","東証PR","パルプ・紙","164268","116254892","-","-","10.87","0.39","129.95","3584.98","141300","100","20230920","1438","20230119","911"
"3864","三菱製紙","東証PR","パルプ・紙","27740","44741433","0.81","5","6.78","0.36","91.41","1721.27","62000","100","20230922","664","20230118","272"
"3865","北越コーポレーション","東証PR","パルプ・紙","273053","188053114","1.24","18","27.12","1","53.54","1456.46","145200","100","20231225","1728","20230216","739"
"3877","中越パルプ工業","東証PR","パルプ・紙","25614","13354688","3.13","60","6.9","0.46","277.99","4197.94","191800","100","20240209","2072","20230213","949"
"3878","巴川コーポレーション","東証ST","化学","9641","10389406","1.62","15","16.04","0.71","57.85","1312.17","92800","100","20240109","1120","20231024","626"
"3880","大王製紙","東証PR","パルプ・紙","192506","169012926","1.4","16","189.52","0.77","6.01","1476.98","113900","100","20230920","1324","20230118","952"
"3891","ニッポン高度紙工業","東証ST","パルプ・紙","18692","10804582","2.89","50","9.7","0.83","178.41","2076.21","173000","100","20230816","2240","20231226","1661"
"3892","岡山製紙","東証ST","パルプ・紙","7480","5500000","1.32","18","5.68","0.55","239.32","2485.91","136000","100","20240202","1485","20230104","808"
"3895","ハビックス","東証ST","パルプ・紙","4668","8175280","2.1","12","12.65","0.7","45.13","811.94","57100","100","20240205","627","20230316","338"
"3896","阿波製紙","東証ST","パルプ・紙","4812","10172676","-","-","157.14","0.93","3.01","507.18","47300","100","20230126","940","20230104","321"
"3900","クラウドワークス","東証GR","情報通信","21605","15521060","0","0","-","3.73","-","372.95","139200","100","20230216","2050","20231027","1165"
"3901","マークラインズ","東証PR","情報通信","41298","13215200","1.09","34","31.77","8.01","98.37","390.25","312500","100","20230906","3200","20230512","2284"
"3902","メディカル・データ・ビジョン","東証PR","情報通信","24697","40027526","1.05","6.5","19.64","6","31.42","102.84","61700","100","20230202","1011","20230818","590"
"3903","gumi","東証PR","情報通信","15671","39573734","-","-","-","0.93","-","426.27","39600","100","20230104","1040","20231225","355"
"3904","カヤック","東証GR","情報通信","12388","16108800","0.51","3.9","14.45","2.22","53.23","346.4","76900","100","20230309","1379","20231213","617"
"3905","データセクション","東証GR","情報通信","9349","14957851","0","0","1838.24","3.8","0.34","164.42","62500","100","20240119","767","20230116","237"
"3907","シリコンスタジオ","東証GR","情報通信","3016","2973900","0","0","13.43","1.64","75.51","617.09","101400","100","20230712","1940","20231031","895"
"3908","コラボス","東証GR","情報通信","1605","4792200","-","-","-","0.86","-41.87","391.32","33500","100","20231225","473","20231221","306"
"3909","ショーケース","東証ST","情報通信","2837","8571100","0","0","-","2.57","-11.89","128.91","33100","100","20230607","483","20231031","278"
"3910","エムケイシステム","東証ST","情報通信","1889","5428000","1.15","4","-","2.44","-117.37","142.79","34800","100","20230202","435","20231226","276"
"3911","Aiming","東証GR","情報通信","9679","40163500","0","0","-","1.73","-43.87","139.26","24100","100","20230508","613","20231030","225"
"3912","モバイルファクトリー","東証ST","情報通信","6400","8925495","-","-","-","1.88","-","381.09","71700","100","20230130","1000","20231226","583"
"3913","sMedio","東証GR","情報通信","1559","2348521","0","0","-","1.39","-62.1","477.65","66400","100","20240206","854","20231115","530"
"3914","JIG-SAW","東証GR","情報通信","32236","6751000","-","-","-","12.53","-","381.2","477500","100","20230619","6850","20231024","3415"
"3915","テラスカイ","東証PR","情報通信","19300","12866380","0","0","78.37","1.84","19.14","815.51","150000","100","20230619","3175","20231024","1359"
"3916","デジタル・インフォメーション・テクノロジー","東証PR","情報通信","27237","15501820","2.62","46","15.16","4.42","115.9","397.91","175700","100","20230209","1938","20230518","1412"
"3917","アイリッジ","東証GR","情報通信","3762","7166454","0","0","-","1.23","-","426.16","52500","100","20230215","769","20231226","474"
"3918","PCIホールディングス","東証ST","情報通信","9707","10122400","3.65","35","10.91","1.12","87.9","852.78","95900","100","20230706","1250","20231113","924"
"3920","アイビーシー","東証ST","情報通信","2650","5723600","1.73","8","15.42","1.4","30.02","330.45","46300","100","20230410","859","20230106","375"
"3921","ネオジャパン","東証PR","情報通信","15452","14914800","2.22","23","18.49","2.49","56.03","415.46","103600","100","20230623","1172","20230316","805"
"3922","PR_TIMES","東証PR","情報通信","29608","13458249","0","0","29.37","5.4","74.91","407.1","220000","100","20230112","2483","20230502","1318"
"3923","ラクス","東証PR","情報通信","436912","181216000","0.09","2.2","109.19","41.89","22.08","57.56","241100","100","20231130","2722","20230104","1522"
"3924","ランドコンピュータ","東証PR","情報通信","15866","17967900","3.4","30","14.82","3.06","59.6","288.88","88300","100","20240115","959","20230105","446"
"3925","ダブルスタンダード","東証PR","情報通信","22719","13580000","3.29","55","13.12","5","127.48","334.27","167300","100","20230621","2718","20230818","1292"
"3926","オープンドア","東証PR","情報通信","30760","31260000","0","0","-","5.85","-","168.09","98400","100","20230130","1934","20231208","673"
"3927","フーバーブレイン","東証GR","情報通信","3713","5600200","0","0","-","2.69","-","246.16","66300","100","20230621","965","20231116","450"
"3928","マイネット","東証ST","情報通信","2439","8710334","0","0","23.61","2.11","11.86","132.48","28000","100","20230904","451","20231227","268"
"3929","ソーシャルワイヤー","東証GR","情報通信","1613","6108600","0","0","-","-","-","-2.68","26400","100","20230704","463","20231218","228"
"3930","はてな","東証GR","情報通信","2279","3066800","-","-","66.4","0.88","11.19","843.68","74300","100","20230606","999","20231213","685"
"3931","バリューゴルフ","東証GR","情報通信","1821","1807000","2.48","25","60.72","1.6","16.6","630.39","100800","100","20230724","1596","20231220","915"
"3932","アカツキ","東証PR","情報通信","34985","14181100","-","-","-","0.82","-","3023.44","246700","100","20240123","2757","20230817","1826"
"3933","チエル","東証ST","情報通信","4863","7869000","0.81","5","10.25","1.74","60.28","354.61","61800","100","20230208","898","20231228","503"
"3934","ベネフィットジャパン","東証ST","情報通信","7535","5975048","0.71","9","13.84","1.07","91.13","1181.22","126100","100","20230608","1316","20231031","1059"
"3935","エディア","東証GR","情報通信","2347","6128000","1.31","5","13.26","2.22","28.88","172.33","38300","100","20230228","948","20231225","315"
"3936","グローバルウェイ","東証GR","情報通信","5351","36403200","0","0","-","4.3","-4.23","34.18","14700","100","20230307","319","20231117","141"
"3937","Ubicomホールディングス","東証PR","情報通信","16090","11891920","-","-","16.51","3.64","81.94","371.45","135300","100","20230511","2459","20231024","1009"
"3939","カナミックネットワーク","東証PR","情報通信","20167","48132000","1.55","6.5","19.89","6.26","21.07","66.88","41900","100","20230120","619","20231214","370"
"3940","ノムラシステムコーポレーション","東証ST","情報通信","5248","46444800","2.88","3.25","14.43","1.81","7.83","62.47","11300","100","20230714","132","20231026","105"
"3941","レンゴー","東証PR","パルプ・紙","271029","271056029","3","30","7.74","0.59","129.19","1708.84","99990","100","20230915","1068","20230531","825"
"3943","大石産業","東証ST","パルプ・紙","9804","4664000","3.04","64","7.4","0.47","284.06","4465.47","210200","100","20231102","2300","20230105","1741"
"3944","古林紙工","東証ST","パルプ・紙","3708","1776820","2.4","50","6.6","0.27","316.45","7741.18","208700","100","20230919","2777","20230104","1840"
"3945","スーパーバッグ","東証ST","パルプ・紙","4671","1686154","3.25","90","5.72","1.22","484.26","2270.95","277000","100","20240209","2797","20230206","751"
"3946","トーモク","東証PR","パルプ・紙","44099","19341568","3.07","70","7.07","0.45","322.48","5108.58","228000","100","20230920","2540","20230203","1510"
"3947","ダイナパック","東証ST","パルプ・紙","17012","10322591","3.64","60","10.11","0.38","162.99","4312.83","164800","100","20240209","1730","20230207","1225"
"3948","光ビジネスフォーム","東証ST","パルプ・紙","5368","5815294","3.79","35","6.21","0.55","148.52","1673.48","92300","100","20230929","994","20230213","710"
"3950","ザ・パック","東証PR","パルプ・紙","68954","19900000","2.25","78","13.45","0.96","257.54","3595.58","346500","100","20240209","3500","20230105","2355"
"3951","朝日印刷","東証ST","パルプ・紙","21562","23284929","3.78","35","12.06","0.6","76.76","1531.46","92600","100","20240115","948","20230616","825"
"3953","大村紙業","東証ST","パルプ・紙","3049","3561676","3.5","30","14.52","0.62","58.96","1388.11","85600","100","20240126","1080","20230116","505"
"3954","昭和パックス","東証ST","パルプ・紙","7966","4450000","2.23","40","10.32","0.37","173.42","4817.69","179000","100","20230901","1924","20230104","1500"
"3955","イムラ","東証ST","パルプ・紙","12693","10729370","2.96","35","8.17","0.75","144.72","1576.71","118300","100","20240122","1283","20230130","855"
"3958","笹徳印刷","東証ST","パルプ・紙","3773","6185000","2.95","18","8.88","0.39","68.69","1576.13","61000","100","20230922","780","20231024","541"
"3961","シルバーエッグ・テクノロジー","東証GR","情報通信","2374","2966942","0","0","69.81","1.72","11.46","464.46","80000","100","20230330","1393","20230112","693"
"3962","チェンジホールディングス","東証PR","情報通信","98740","72978762","0.92","12.5","13.58","2.52","99.66","537.47","135300","100","20230216","2717","20231212","1305"
"3963","シンクロ・フード","東証PR","情報通信","17669","26893800","1.52","10","25.06","4.54","26.22","144.56","65700","100","20230623","763","20230316","395"
"3964","オークネット","東証PR","情報通信","51433","24763200","2.46","51","12.43","2.28","167.07","909.17","207700","100","20240206","2176","20230406","1472"
"3965","キャピタル・アセット・プランニング","東証ST","情報通信","4296","5735937","2","15","18.65","1.4","40.17","536.42","74900","100","20230926","975","20230105","570"
"3967","エルテス","東証GR","情報通信","5330","6070880","0","0","35.3","2.31","24.87","380.56","87800","100","20230703","1142","20231227","732"
"3968","セグエグループ","東証PR","情報通信","10584","11720791","3.32","30","14.91","2.61","60.55","345.57","90300","100","20230620","1188","20230316","734"
"3969","エイトレッド","東証ST","情報通信","10497","7487400","1.85","26","14.03","2.42","99.9","580.29","140200","100","20230308","1588","20231024","1252"
"3970","イノベーション","東証GR","情報通信","3150","2607500","3.31","40","6.05","0.94","199.58","1283.74","120800","100","20230209","1968","20231031","1144"
"3974","SCAT","東証ST","情報通信","2594","5240000","1.92","9.5","8.54","0.74","57.96","668.18","49500","100","20231002","560","20230110","397"
"3976","シャノン","東証GR","情報通信","1352","3173900","0","0","135.24","35.06","3.15","12.15","42600","100","20230208","1454","20231225","386"
"3978","マクロミル","東証PR","情報通信","31130","40480500","3.25","25","9.18","0.79","83.78","971.86","76900","100","20230130","1168","20231024","631"
"3979","うるる","東証GR","情報通信","11413","6925400","2.12","35","14.24","4.71","115.7","349.74","164800","100","20230517","2443","20230213","1328"
"3981","ビーグリー","東証ST","情報通信","7955","6263986","1.18","15","8.47","1.11","149.91","1143.07","127000","100","20240125","1329","20230817","1009"
"3983","オロ","東証PR","情報通信","45319","16156453","1.07","30","27.31","5.37","102.71","521.95","280500","100","20240129","3060","20230220","1741"
"3984","ユーザーローカル","東証PR","情報通信","35166","16160700","0.37","8","32.44","5.05","67.08","430.77","217600","100","20230614","3375","20230106","1169"
"3985","テモナ","東証ST","情報通信","2879","11425592","0","0","21.88","2.55","11.52","98.71","25200","100","20240112","356","20231226","205"
"3986","ビーブレイクシステムズ","東証GR","情報通信","2236","1536960","1.03","15","13.02","1.42","111.72","1023.85","145500","100","20230412","1779","20230110","1359"
"3987","エコモット","東証GR","情報通信","2206","5276800","0","0","47.88","2.48","8.73","168.61","41800","100","20230913","865","20230118","385"
"3988","SYSホールディングス","東証ST","情報通信","5053","5258084","0.88","8.5","12.21","1.7","78.69","565.02","96100","100","20231212","1180","20230523","665"
"3989","シェアリングテクノロジー","東証GR","情報通信","13847","22662400","0","0","-","6.31","-","96.81","61100","100","20230907","825","20230106","230"
"3990","UUUM","東証GR","情報通信","7958","19994340","0","0","31.61","2.72","12.59","146.45","39800","100","20230111","879","20240209","394"
"3991","ウォンテッドリー","東証GR","情報通信","13107","9497600","1.45","20","13.11","4.1","105.29","336.93","138000","100","20230111","2944","20231027","1245"
"3992","ニーズウェル","東証PR","情報通信","17826","20349600","1.71","15","18.58","4.5","47.15","194.57","87600","100","20230619","924","20230106","368"
"3993","PKSHA_Technology","東証ST","情報通信","133063","31948000","0","0","85.89","4.49","48.49","927.41","416500","100","20240209","4175","20230117","1576"
"3994","マネーフォワード","東証PR","情報通信","322119","54320305","0","0","-","11.53","-87.31","514.09","593000","100","20230619","6487","20231026","3367"
"3995","SKIYAKI","東証GR","情報通信","4014","10820500","1.35","5","20.02","2.89","18.53","128.52","37100","100","20231025","503","20231218","307"
"3996","サインポスト","東証ST","情報通信","6253","12786995","0","0","208.09","4.43","2.35","110.3","48900","100","20230104","651","20231218","343"
"3997","トレードワークス","東証ST","情報通信","3091","3441900","2.23","20","-","2.2","-16.14","407.51","89800","100","20231023","1347","20230818","780"
"3998","すららネット","東証GR","情報通信","2899","6694764","0","0","14.56","1.28","29.73","338.44","43300","100","20230106","920","20231226","420"
"4004","レゾナック・ホールディングス","東証PR","化学","546568","184901292","2.2","65","-","0.94","-237.4","3151.33","295600","100","20240117","3068","20230104","1975"
"4005","住友化学","東証PR","化学","501904","1656449145","2.97","9","-","0.43","-149.82","710.45","30300","100","20230127","501","20240205","297"
"4008","住友精化","東証PR","化学","69064","13980470","4.05","200","13.31","0.73","371.15","6768.99","494000","100","20240115","5340","20230106","3850"
"4011","ヘッドウォータース","東証GR","情報通信","17647","1881298","0","0","204.36","18.75","45.9","500.19","938000","100","20230703","16630","20230106","1672"
"4012","アクシス","東証ST","情報通信","6006","4238200","1.06","15","12.54","2.04","112.96","692.91","141700","100","20240208","1602","20230116","1212"
"4013","勤次郎","東証GR","情報通信","8659","10420000","2.05","17","22.04","0.91","37.7","911","83100","100","20230403","1425","20240209","807"
"4014","カラダノート","東証GR","情報通信","3261","6380900","0","0","93.93","8.21","5.44","62.25","51100","100","20230125","1010","20231227","437"
"4015","アララ","東証GR","情報通信","6181","11955563","0","0","-","2.87","-","180.39","51700","100","20230928","967","20230104","283"
"4016","MITホールディングス","東証ST","情報通信","1502","2109400","2.11","15","14.23","2.55","50.02","278.78","71200","100","20230221","1146","20230105","555"
"4017","クリーマ","東証GR","情報通信","2033","6733100","-","-","339.33","2.21","0.89","136.94","30200","100","20230308","569","20231204","273"
"4019","スタメン","東証GR","情報通信","6807","8671000","0.51","4","55.05","5.97","14.26","131.5","78500","100","20230622","1179","20230105","578"
"4020","ビートレンド","東証GR","情報通信","2268","2197600","0","0","36.52","2.73","28.26","378.31","103200","100","20240208","1324","20231227","718"
"4021","日産化学","東証PR","化学","861587","139800000","2.66","164","22.42","3.87","274.85","1594.54","616300","100","20230915","6849","20231213","4903"
"4022","ラサ工業","東証PR","化学","18025","7944203","3.61","82","8.55","0.75","265.28","3014.55","226900","100","20240125","2365","20230104","1797"
"4023","クレハ","東証PR","化学","161846","58576221","3.14","86.67","14.91","0.7","185.28","3925.21","276300","100","20231013","3120","20230209","2623"
"4025","多木化学","東証PR","化学","29937","9458768","1.58","50","20.16","0.8","156.98","3971.56","316500","100","20230403","4820","20231117","3020"
"4026","神島化学工業","東証ST","ガラス土石","13574","9240000","2.86","42","8.31","1.21","176.86","1217.84","146900","100","20230306","1969","20231214","1205"
"4027","テイカ","東証PR","化学","35152","25714414","2.78","38","18.64","0.56","73.35","2420.87","136700","100","20231027","1734","20230314","1134"
"4028","石原産業","東証PR","化学","62716","40383943","3.86","60","7.41","0.58","209.69","2667.57","155300","100","20230921","1625","20230213","1013"
"4031","片倉コープアグリ","東証ST","化学","11076","10161686","3.12","34","16.28","0.41","66.95","2632.76","109000","100","20230302","2102","20231225","1009"
"4040","南海化学","東証ST","化学","10638","2330330","1.1","50","8.97","1.31","509.11","3473.67","456500","100","20231205","5600","20230601","2123"
"4041","日本曹達","東証PR","化学","164149","28747667","4.2","240","9.77","0.88","584.53","6472.58","571000","100","20240122","5850","20230117","3935"
"4042","東ソー","東証PR","化学","623505","325080956","4.17","80","10.35","0.79","185.34","2414.91","191800","100","20230919","2062","20230116","1533"
"4043","トクヤマ","東証PR","化学","163352","72088327","3.09","70","9.06","0.68","250.17","3338.84","226600","100","20240112","2534","20230116","1717"
"4044","セントラル硝子","東証PR","化学","75608","26000000","3.95","115","7.21","0.64","403.55","4512.92","290800","100","20230228","3445","20231108","2580"
"4045","東亞合成","東証PR","化学","177641","117100000","3.49","53","14.81","0.85","102.46","1786.85","151700","100","20240206","1548","20230105","1091"
"4046","大阪ソーダ","東証PR","化学","289775","26732017","0.83","90","36.77","2.6","294.8","4163.01","1084000","100","20240208","11300","20230105","3680"
"4047","関東電化工業","東証PR","化学","51504","57546050","1.56","14","-","0.76","-27.85","1184.63","89500","100","20230309","1069","20231026","746"
"4051","GMOフィナンシャルゲート","東証GR","情報通信","86957","8305340","0.5","52","100.99","17.66","103.67","592.97","1047000","100","20230621","12700","20230117","7200"
"4052","フィーチャ","東証GR","情報通信","4439","5856107","0","0","246.1","6.21","3.08","122","75800","100","20230608","1648","20230511","581"
"4053","Sun_Asterisk","東証PR","情報通信","36362","38075500","0","0","24.88","3.91","38.39","244.3","95500","100","20230208","1551","20231212","876"
"4054","日本情報クリエイト","東証GR","情報通信","9034","14340440","0.79","5","23.36","2.87","26.97","219.57","63000","100","20230825","994","20230316","619"
"4055","ティアンドエス","東証GR","情報通信","17366","7633200","-","-","43","7.97","52.91","285.45","227500","100","20230719","3680","20230104","1278"
"4056","ニューラルグループ","東証GR","情報通信","16726","15331031","0","0","-","33.18","-42.54","32.88","109100","100","20230622","1943","20231113","912"
"4057","インターファクトリー","東証GR","情報通信","2099","4124400","0","0","46.65","2.1","10.91","242.94","50900","100","20230127","896","20231227","456"
"4058","トヨクモ","東証GR","情報通信","16571","10996000","0.66","10","27.28","7.92","55.24","190.36","150700","100","20230515","1969","20230116","1071"
"4059","まぐまぐ","東証ST","情報通信","1779","2814800","0","0","1755.56","1.99","0.36","317.72","63200","100","20240117","1007","20231101","482"
"4060","rakumo","東証GR","情報通信","7205","5773200","0","0","36.47","5.46","34.22","228.4","124800","100","20230911","1385","20230105","853"
"4061","デンカ","東証PR","化学","217670","88555840","4.07","100","19.26","0.69","127.61","3561.97","245800","100","20230112","3060","20231215","2382"
"4062","イビデン","東証PR","電気機器","1040819","140860557","0.54","40","36.21","2.24","204.04","3303.74","738900","100","20230906","9285","20230222","4350"
"4063","信越化学工業","東証PR","化学","11815986","2001691765","1.69","100","22.8","2.77","258.94","2133.98","590300","100","20240202","6024","20230104","3158"
"4064","日本カーバイド工業","東証PR","化学","17200","9419659","4.38","80","7.16","0.52","255.12","3503.87","182600","100","20240208","1900","20230104","1247"
"4068","ベイシス","東証GR","情報通信","2492","1862411","0","0","27.35","1.29","48.92","1036.61","133800","100","20230228","2462","20231225","1288"
"4069","BlueMeme","東証GR","情報通信","4582","3562946","-","-","19.51","1.81","65.9","711.5","128600","100","20230616","2350","20231226","1029"
"4071","プラスアルファ・コンサルティング","東証PR","情報通信","104332","42239800","0.65","16","32.09","11.04","76.98","223.69","247000","100","20230619","3650","20231031","2262"
"4072","電算システムホールディングス","東証PR","情報通信","32260","10792973","1.24","37","12.1","1.53","247.04","1948.07","298900","100","20230605","3690","20230106","2070"
"4073","ジィ・シィ企画","東証GR","情報通信","1861","2497760","0","0","620.83","4.72","1.2","157.79","74500","100","20240117","1032","20231227","478"
"4074","ラキール","東証GR","情報通信","11159","7653500","0","0","21.85","3.13","66.74","466.2","145800","100","20230613","2941","20230106","1100"
"4075","ブレインズテクノロジー","東証GR","情報通信","5803","5563500","0","0","82.45","3.91","12.65","266.93","104300","100","20230613","1676","20231226","536"
"4076","シイエヌエス","東証GR","情報通信","4995","2906000","2.68","46","10.26","1.46","167.58","1180.32","171900","100","20230731","2174","20230117","1270"
"4078","堺化学工業","東証PR","化学","32504","17000000","3.66","70","-","0.39","-49.38","4911.05","191200","100","20230921","2207","20230320","1708"
"4080","田中化学研究所","東証ST","化学","35786","32533000","0.36","4","17.89","2.18","61.48","504.06","110000","100","20230130","1740","20240201","816"
"4082","第一稀元素化学工業","東証PR","化学","23644","24400000","2.68","26","11.79","0.64","82.22","1506.52","96900","100","20230209","1120","20230601","875"
"4088","エア・ウォーター","東証PR","化学","463416","229755057","2.97","60","10.44","1","193.29","2007.88","201700","100","20240207","2043","20230118","1504"
"4091","日本酸素ホールディングス","東証PR","化学","1755758","433092837","0.99","40","18.09","2.09","224.09","1938.17","405400","100","20231106","4319","20230104","1915"
"4092","日本化学工業","東証PR","化学","18961","8922775","3.29","70","18.74","0.44","113.42","4854.08","212500","100","20240209","2166","20230106","1692"
"4093","東邦アセチレン","東証PR","化学","12922","35020000","3.52","13","10.68","0.77","34.54","480.26","36900","100","20231228","404","20230113","220"
"4094","日本化学産業","東証ST","化学","28575","20280000","2.27","32","13.59","0.62","103.71","2287.72","140900","100","20231222","1452","20230106","954"
"4095","日本パーカライジング","東証PR","化学","162573","132604524","3.26","40","12.29","0.79","99.73","1547.14","122600","100","20240208","1257","20230105","908"
"4097","高圧ガス工業","東証PR","化学","47963","55577526","2.09","18","11.62","0.66","74.27","1298.88","86300","100","20231225","906","20230104","629"
"4098","チタン工業","東証ST","化学","3379","3027626","1.79","20","55.14","0.5","20.24","2210.32","111600","100","20230307","1526","20240209","1115"
"4099","四国化成ホールディングス","東証PR","化学","87816","50760663","1.62","28","15.91","1.02","108.73","1703.25","173000","100","20240130","2046","20230130","1231"
"4100","戸田工業","東証ST","化学","9734","6099192","0","0","13.17","0.53","121.22","3033.4","159600","100","20230315","2734","20231226","1454"
"4102","丸尾カルシウム","東証ST","化学","3533","2355200","2","30","33.77","0.37","44.42","4099.48","150000","100","20240208","1642","20230616","1251"
"4107","伊勢化学工業","東証ST","化学","58027","5135135","2.83","320","12.52","1.81","902.54","6257.43","1130000","100","20240209","11300","20230105","5010"
"4109","ステラケミファ","東証PR","化学","43472","13213248","-","-","23.97","0.9","137.26","3673.57","329000","100","20231108","3410","20230104","2415"
"4112","保土谷化学工業","東証PR","化学","29448","8413726","2.14","75","11.57","0.61","302.52","5723.19","350000","100","20240112","3835","20230104","2750"
"4113","田岡化学工業","東証ST","化学","10960","14440000","2.37","18","16.73","0.64","45.36","1184.39","75900","100","20230327","830","20231004","688"
"4114","日本触媒","東証PR","化学","213837","39000000","3.28","180","20.46","0.57","268.02","9623.24","548300","100","20230309","5990","20230323","4995"
"4116","大日精化工業","東証PR","化学","49548","18613110","3.01","80","11.72","0.4","227.17","6627.74","266200","100","20240201","2793","20230116","1660"
"4118","カネカ","東証PR","化学","245752","68000000","3.04","110","9.02","0.54","400.58","6730.07","361400","100","20230915","4288","20230116","3180"
"4119","日本ピグメント","東証ST","化学","3858","1575899","4.08","100","10.98","0.26","222.97","9266.58","244800","100","20240130","2728","20230111","2016"
"4120","スガイ化学工業","東証ST","化学","3463","1373000","2.18","55","10.98","0.46","229.62","5452.93","252200","100","20240207","2613","20230113","1853"
"4124","大阪油化工業","東証ST","化学","1621","1073500","2.32","35","31.26","0.9","48.3","1679.54","151000","100","20230531","2451","20230105","1401"
"4125","三和油化工業","東証ST","化学","12414","4318000","1.25","36","10.7","1.08","268.65","2667.03","287500","100","20230123","4595","20231226","2710"
"4151","協和キリン","東証PR","医薬品","1492020","540000000","2.1","58","23.58","1.78","117.19","1555.81","276300","100","20230418","3150","20240207","2266"
"4165","プレイド","東証GR","情報通信","24039","39799617","0","0","-","9.17","-","65.89","60400","100","20230629","955","20230502","555"
"4166","かっこ","東証GR","情報通信","2088","2669584","0","0","-","1.52","-71.81","515.07","78200","100","20230413","1967","20231215","755"
"4167","ココペリ","東証GR","情報通信","2850","7916230","0","0","73.92","1.58","4.87","227.81","36000","100","20230208","706","20231226","301"
"4168","ヤプリ","東証GR","情報通信","12957","12956600","0","0","-","14.75","-31.27","67.81","100000","100","20230904","1744","20230407","742"
"4169","ENECHANGE","東証GR","情報通信","36937","30935684","-","-","-","17.17","-","69.54","119400","100","20230309","1590","20231024","818"
"4170","Kaizen_Platform","東証GR","情報通信","4031","16865731","0","0","-","1.28","-5.05","186.43","23900","100","20230306","451","20231204","218"
"4171","グローバルインフォメーション","東証ST","情報通信","4407","2947600","3.48","52","12.21","2.01","122.48","742.01","149500","100","20230509","1950","20231225","1313"
"4172","東和ハイシステム","東証ST","情報通信","3919","2228000","3.41","60","13.38","1.05","131.51","1675.89","175900","100","20230207","2330","20230104","1454"
"4173","WACUL","東証GR","情報通信","3627","7138840","0","0","18.2","3.24","27.91","156.75","50800","100","20230824","1066","20240205","491"
"4174","アピリッツ","東証ST","情報通信","4791","4184400","1.05","12","14.34","2.01","79.84","568.63","114500","100","20240122","1390","20230323","928"
"4175","coly","東証GR","情報通信","4975","5502900","0","0","-","0.87","-","1035.11","90400","100","20230201","1233","20231225","866"
"4176","ココナラ","東証GR","情報通信","11006","23873300","0","0","11525","5.41","0.04","85.28","46100","100","20230203","565","20230817","282"
"4177","i-plug","東証GR","情報通信","4751","3949205","0","0","527.63","8.81","2.28","136.52","120300","100","20230714","1930","20230323","1040"
"4178","Sharing_Innovations","東証GR","情報通信","2940","3793300","0","0","26.36","2.03","29.4","381.99","77500","100","20230126","1127","20231225","702"
"4179","ジーネクスト","東証GR","情報通信","1297","4212616","0","0","-","21.27","-","14.48","30800","100","20230613","426","20231031","287"
"4180","Appier_Group","東証PR","情報通信","181554","101882216","0","0","234.78","6.02","7.59","295.9","178200","100","20230214","2175","20231031","1157"
"4182","三菱瓦斯化学","東証PR","化学","503126","217239199","3.45","80","10.08","0.73","229.73","3182.78","231600","100","20240117","2500","20230116","1766"
"4183","三井化学","東証PR","化学","793735","200843815","3.54","140","15.03","0.91","263","4335.97","395200","100","20240123","4497","20230116","2867"
"4185","JSR","東証PR","化学","829849","208400000","0","0","97.24","2.25","40.95","1769.61","398200","100","20230627","4322","20230104","2533"
"4186","東京応化工業","東証PR","化学","450751","127800000","1.55","54.67","31.6","2.4","111.63","1466.96","352700","100","20240208","3588","20230104","1923"
"4187","大阪有機化学工業","東証PR","化学","66580","22410038","1.95","58","23.4","1.47","126.95","2021.12","297100","100","20240208","3090","20230104","1860"
"4188","三菱ケミカルグループ","東証PR","化学","1261667","1506288107","3.82","32","8.83","0.7","94.91","1196.59","83760","100","20230925","987","20230104","670"
"4189","KHネオケム","東証PR","化学","84663","37149400","3.95","90","10.05","1.32","226.76","1720.81","227900","100","20230124","2803","20231004","2140"
"4192","スパイダープラス","東証GR","情報通信","23441","35090800","0","0","-","6.77","-21.29","98.63","66800","100","20230621","954","20230501","503"
"4193","ファブリカコミュニケーションズ","東証ST","情報通信","10416","5327800","1.84","36","11.66","3.11","167.61","629.54","195500","100","20230112","3980","20231129","1684"
"4194","ビジョナル","東証PR","情報通信","366985","39166000","0","0","33.53","8.63","279.41","1085.78","937000","100","20240116","10100","20230412","6410"
"4196","ネオマーケティング","東証ST","情報通信","2652","2525600","0","0","18.46","3.96","56.88","265.18","105000","100","20230720","1956","20240209","1028"
"4197","アスマーク","東証ST","情報通信","2685","1085000","2.91","72","9.52","2.42","260","1023.48","247500","100","20240118","3015","20231218","1659"
"4198","テンダ","東証ST","情報通信","5046","2184200","2.16","50","15.27","2.11","151.23","1093.78","231000","100","20231221","2666","20230105","1611"
"4199","ワンダープラネット","東証GR","情報通信","3590","2592412","0","0","-","5.45","-","253.95","138500","100","20231204","1650","20230116","1000"
"4202","ダイセル","東証PR","化学","404446","286942682","3.55","50","7.43","1.2","189.83","1178.41","140950","100","20231106","1540","20230203","860"
"4203","住友ベークライト","東証PR","化学","351733","46878978","1.87","140","16.32","1.26","459.79","5974.43","750300","100","20240117","7906","20230105","3830"
"4204","積水化学工業","東証PR","化学","923252","448507285","3.45","71","11.69","1.18","176.13","1747.84","205850","100","20230915","2286","20230203","1782"
"4205","日本ゼオン","東証PR","化学","288269","229513656","3.18","40","10.01","0.74","125.42","1687.45","125600","100","20230915","1750","20230206","1196"
"4206","アイカ工業","東証PR","化学","233593","67590664","3.21","111","15.14","1.39","228.24","2482.44","345600","100","20231101","3582","20230531","2950"
"4208","UBE","東証PR","化学","266562","106200107","3.98","100","11.33","0.63","221.52","3965.66","251000","100","20230920","2724","20230116","1906"
"4212","積水樹脂","東証PR","化学","84883","33313598","2.55","65","19.77","0.88","128.86","2901.48","254800","100","20240130","2656","20230106","1799"
"4215","タキロンシーアイ","東証PR","化学","60608","97597530","3.54","22","12.09","0.65","51.38","956.53","62100","100","20240122","670","20230410","487"
"4216","旭有機材","東証PR","化学","76232","19800400","2.6","100","7.38","1.07","521.86","3600.91","385000","100","20230801","5040","20230106","2602"
"4218","ニチバン","東証PR","化学","37743","20738006","1.92","35","25.01","0.93","72.77","1960.74","182000","100","20230808","2128","20231213","1680"
"4220","リケンテクノス","東証PR","化学","61165","64113819","3.04","29","9.21","0.84","103.57","1132.37","95400","100","20240207","1006","20230106","471"
"4221","大倉工業","東証PR","化学","35953","12414870","3.8","110","8.07","0.59","358.77","4925.21","289600","100","20240207","3015","20230104","1781"
"4222","児玉化学工業","東証ST","化学","2106","7859191","-","-","-","0.54","-21.82","498","26800","100","20230302","446","20231227","248"
"4224","ロンシール工業","東証ST","化学","8090","4625309","3.72","65","10.75","0.43","162.73","4108.52","174900","100","20240206","1861","20230106","1220"
"4228","積水化成品工業","東証PR","化学","21145","46988109","2.67","12","37.1","0.36","12.13","1239.04","45000","100","20231207","512","20230105","376"
"4229","群栄化学工業","東証PR","化学","30954","8998308","2.62","90","12.67","0.49","271.54","7091.47","344000","100","20240131","3715","20230106","2334"
"4231","タイガースポリマー","東証ST","化学","18704","20111598","3.76","35","7.71","0.48","120.57","1936.59","93000","100","20240207","990","20230120","395"
"4234","サンエー化研","東証ST","化学","6124","11320000","3.33","18","6.62","0.29","81.72","1886.95","54100","100","20240126","558","20230104","442"
"4235","ウルトラファブリックス・ホールディングス","東証ST","化学","22186","16923200","2.97","39","7.83","1.37","167.39","958.76","131100","100","20230726","2475","20231215","1119"
"4237","フジプレアム","東証ST","化学","11676","29786400","1.53","6","19.76","1.15","19.84","339.63","39200","100","20230126","472","20231024","334"
"4238","ミライアル","東証ST","化学","15190","10120000","2.66","40","11.18","0.62","134.26","2408.25","150100","100","20230526","1757","20231031","1330"
"4240","クラスターテクノロジー","東証GR","化学","2032","5692800","0","0","36.96","1.34","9.66","267.06","35700","100","20230904","456","20230413","342"
"4241","アテクト","東証ST","化学","3678","4436800","1.21","10","36.65","1.75","22.62","474.79","82900","100","20240109","1379","20230118","503"
"4242","タカギセイコー","東証ST","化学","6331","2822472","1.6","36","6.34","0.51","353.77","4385.8","224300","100","20240105","2299","20230106","1375"
"4243","ニックス","東証ST","化学","1851","2323000","2.51","20","11.22","0.45","71.04","1790.19","79700","100","20230619","1128","20230120","733"
"4245","ダイキアクシス","東証ST","化学","9762","13672100","4.2","30","29.06","1.02","24.57","700.66","71400","100","20231207","782","20230105","641"
"4246","ダイキョーニシカワ","東証PR","化学","53501","73896400","4.14","30","9.9","0.65","73.15","1114.32","72400","100","20230920","880","20230106","541"
"4247","ポバール興業","東証ST","化学","3367","2634800","2.9","37","14.15","0.59","90.34","2148.52","127800","100","20240105","1349","20230105","1021"
"4248","竹本容器","東証ST","化学","9773","12529200","4.62","36","18.77","0.86","41.56","911","78000","100","20230428","877","20230105","726"
"4249","森六ホールディングス","東証PR","化学","42917","15460000","3.6","100","16.16","0.57","171.83","4857.21","277600","100","20231201","2995","20230104","1676"
"4251","恵和","東証PR","化学","27441","19270448","1.76","25","14.07","1.39","101.22","1027.57","142400","100","20230308","1696","20230809","976"
"4255","THECOO","東証GR","情報通信","1040","2076055","0","0","-","1.76","-419.42","284.88","50100","100","20230127","1124","20231226","466"
"4256","サインド","東証GR","情報通信","4547","5800000","0","0","4611.76","1.44","0.17","542.76","78400","100","20230406","1327","20231006","710"
"4258","網屋","東証GR","情報通信","10790","4281600","0","0","34.24","6.04","73.6","416.93","252000","100","20240126","2710","20230105","988"
"4259","エクサウィザーズ","東証GR","情報通信","35196","84809200","0","0","-","7.21","-","57.56","41500","100","20230622","690","20230227","271"
"4260","ハイブリッドテクノロジーズ","東証GR","情報通信","6694","11289048","0","0","31.39","2.87","18.89","206.96","59300","100","20230110","1187","20231226","567"
"4261","アジアクエスト","東証GR","情報通信","2745","1469600","0","0","14.22","2.1","131.4","891.45","186800","100","20230620","3130","20231208","1490"
"4262","ニフティライフスタイル","東証GR","情報通信","5626","6363800","1.7","15","10.46","1.12","84.51","786.32","88400","100","20240205","934","20230208","779"
"4263","サスメド","東証GR","情報通信","10562","16685800","0","0","-","2.23","-","283.85","63300","100","20230703","1823","20240130","594"
"4264","セキュア","東証GR","情報通信","6951","4744920","0","0","47.77","6.79","30.67","215.6","146500","100","20230621","3990","20230106","585"
"4265","Institution_for_a_Global_Society","東証GR","情報通信","1996","4506300","0","0","141.99","2.33","3.12","189.8","44300","100","20230907","558","20231228","333"
"4267","ライトワークス","東証GR","情報通信","4820","4943600","4.1","40","24.1","5.57","40.46","175.18","97500","100","20230317","1136","20230816","925"
"4268","エッジテクノロジー","東証GR","情報通信","7201","10731850","0","0","51.42","11.15","13.05","60.2","67100","100","20230209","1306","20240105","612"
"4270","BeeX","東証GR","情報通信","8042","2224600","0","0","19.88","4.04","181.85","894.4","361500","100","20231011","4280","20230104","2018"
"4272","日本化薬","東証PR","化学","214323","170503570","3.58","45","35.93","0.81","34.98","1561.1","125700","100","20231127","1424","20230105","1117"
"4274","細谷火工","東証ST","化学","5294","4032000","0.53","7","43.8","1.78","29.98","737.05","131300","100","20230621","2043","20231221","1187"
"4275","カーリットホールディングス","東証PR","化学","23136","24050000","2.08","20","8.76","0.63","109.84","1520.56","96200","100","20240202","1033","20230323","658"
"4284","ソルクシーズ","東証ST","情報通信","11077","26820594","2.91","12","13.39","1.36","30.84","303.73","41300","100","20230926","482","20230316","331"
"4286","CLホールディングス","東証ST","サービス","10558","10840000","1.54","15","19.76","1.21","49.28","802.32","97400","100","20240209","978","20230106","763"
"4287","ジャストプランニング","東証ST","情報通信","4178","12736338","2.44","8","12.11","1.18","27.09","278.89","32800","100","20231116","368","20230320","294"
"4288","アズジェント","東証ST","情報通信","1580","3815734","-","-","-","1.44","-","286.98","41400","100","20230613","709","20231226","358"
"4290","プレステージ・インターナショナル","東証PR","サービス","75533","128676300","2.04","12","14.44","1.79","40.66","328.07","58700","100","20230126","769","20230817","537"
"4293","セプテーニ・ホールディングス","東証ST","サービス","108073","211079654","0.9","4.6","29.26","1.66","17.5","309","51200","100","20231229","535","20230316","314"
"4295","フェイス","東証ST","情報通信","6722","13831091","2.06","10","52.65","0.37","9.23","1316.06","48600","100","20230209","550","20231226","461"
"4298","プロトコーポレーション","東証PR","情報通信","55341","41925300","2.65","35","9.02","1.15","146.27","1150.83","132000","100","20231120","1392","20230525","1087"
"4299","ハイマックス","東証ST","情報通信","17291","12412992","3.12","43.5","14.09","1.53","98.83","912.35","139300","100","20230124","1505","20231108","1336"
"4301","アミューズ","東証PR","サービス","29276","18623520","2.54","40","15.79","0.78","99.57","2013.47","157200","100","20230419","1882","20231024","1425"
"4304","Eストアー","東証ST","情報通信","8008","6131780","-","-","-","2.46","-","530.15","130600","100","20230124","1513","20230518","1066"
"4307","野村総合研究所","東証PR","情報通信","2448562","594167042","1.29","53","29.33","6.38","140.5","646.13","412100","100","20240116","4586","20230316","2908"
"4308","Jストリーム","東証GR","情報通信","10774","28057400","4.17","16","43.59","0.92","8.81","418.54","38400","100","20230209","635","20231226","350"
"4310","ドリームインキュベータ","東証PR","サービス","31500","10465100","4.25","128","-","1.67","-","1797.43","301000","100","20240201","3415","20230104","2180"
"4316","ビーマップ","東証GR","情報通信","1229","3235000","0","0","40.95","4.18","9.28","90.91","38000","100","20230203","545","20231226","357"
"4317","レイ","東証ST","サービス","6305","14328976","2.27","10","10.49","0.98","41.94","449.65","44000","100","20230221","533","20231026","343"
"4318","クイック","東証PR","サービス","46486","19098576","3.7","90","13.58","2.86","179.24","849.96","243400","100","20240131","2635","20230316","1641"
"4319","TAC","東証ST","サービス","3534","18504000","3.14","6","-","0.59","-9.43","321.99","19100","100","20230929","240","20240207","189"
"4320","CEホールディングス","東証ST","情報通信","9118","15428400","2.54","15","11.78","1.45","50.17","406.68","59100","100","20230705","704","20230118","488"
"4323","日本システム技術","東証PR","情報通信","39367","12418460","1.26","40","20.68","3.51","153.29","902.61","317000","100","20240129","3500","20230316","1570"
"4324","電通グループ","東証PR","サービス","1089577","270165354","3.4","137","32.02","1.18","125.95","3404.92","403300","100","20230515","4960","20231218","3514"
"4326","インテージホールディングス","東証PR","情報通信","73090","40426000","2.38","43","22.96","2.26","78.76","799.07","180800","100","20230907","2298","20230104","1333"
"4331","テイクアンドギヴ・ニーズ","東証PR","サービス","17470","14619330","1.67","20","10.24","1.08","116.73","1107.33","119500","100","20230217","1535","20231024","870"
"4333","東邦システムサイエンス","東証PR","情報通信","25396","20798988","3.28","40","20.99","2.47","58.18","495.09","122100","100","20230908","1440","20230117","651"
"4334","ユークス","東証ST","情報通信","5437","11096000","2.04","10","-","1.73","-169.67","282.48","49000","100","20230621","2617","20240207","485"
"4335","アイ・ピー・エス","東証ST","情報通信","2676","2466000","2.76","30","11.03","1.99","98.33","543.9","108500","100","20230623","1619","20230105","620"
"4337","ぴあ","東証PR","サービス","50600","15641413","-","-","54.88","9.39","58.95","344.61","323500","100","20230915","3980","20230105","3030"
"4341","西菱電機","東証ST","サービス","2870","3500000","-","-","20.49","0.56","40.02","1461.05","82000","100","20231020","979","20231024","771"
"4343","イオンファンタジー","東証PR","サービス","48537","19770725","0.41","10","80.89","6.44","30.35","381.46","245500","100","20230517","3890","20230116","2356"
"4344","ソースネクスト","東証PR","情報通信","19636","136358300","0","0","685.71","2.41","0.21","59.64","14400","100","20230124","319","20240208","141"
"4345","シーティーエス","東証PR","サービス","32203","43400000","3.03","22.5","16.29","2.75","45.54","269.64","74200","100","20230202","833","20231218","618"
"4346","NEXYZ.Group","東証ST","サービス","9363","13471240","2.88","20","15.07","5.39","46.12","129.01","69500","100","20231012","895","20230320","582"
"4347","ブロードメディア","東証ST","サービス","8706","7914732","3","33","12.7","1.69","86.62","652.49","110000","100","20230929","2017","20230106","987"
"4348","インフォコム","東証PR","情報通信","131674","57600000","1.97","45","18.71","2.7","122.17","848.23","228600","100","20230907","2978","20230117","2035"
"4350","メディカルシステムネットワーク","東証ST","小売","17589","30642600","2.09","12","10.5","1.11","54.67","515.66","57400","100","20240110","683","20230609","360"
"4351","山田債権回収管理総合事務所","東証ST","その他金融","4119","4268000","1.04","10","27.41","1.26","35.21","767.35","96500","100","20230628","1047","20230106","848"
"4356","応用技術","東証ST","情報通信","7952","5716800","2.16","30","13.69","1.67","101.58","835.42","139100","100","20230228","2105","20240209","1387"
"4360","マナック・ケミカル・パートナーズ","東証ST","化学","4563","8625000","2.84","15","70.44","0.38","7.51","1394.94","52900","100","20230322","896","20231226","501"
"4361","川口化学工業","東証ST","化学","1634","1220000","3.73","50","8.15","0.62","164.28","2167.14","133900","100","20231121","1745","20230118","1095"
"4362","日本精化","東証PR","化学","69977","25372447","2.54","70","19.35","1.36","142.55","2034.31","275800","100","20240109","3170","20230106","2127"
"4365","松本油脂製薬","東証ST","化学","78024","4512651","2.02","350","10.24","0.73","1688.7","23832.99","1729000","100","20240201","18200","20230104","12100"
"4366","ダイトーケミックス","東証ST","化学","7918","11200000","1.41","10","-","0.49","0","1437.01","70700","100","20230307","750","20230522","494"
"4367","広栄化学","東証ST","化学","11172","4900000","4.39","100","27.88","0.51","81.78","4437.84","228000","100","20230306","2500","20231127","2240"
"4368","扶桑化学工業","東証PR","化学","159444","35511000","1.47","66","20.03","1.72","224.14","2606.88","449000","100","20230704","4765","20230116","3320"
"4369","トリケミカル研究所","東証PR","化学","123495","32498640","0.79","30","46.08","4.58","82.47","828.88","380000","100","20240122","3985","20230106","1913"
"4370","モビルス","東証GR","情報通信","2670","5973674","0","0","-","1.41","-67.75","316.92","44700","100","20230310","848","20231227","365"
"4371","コアコンセプト・テクノロジー","東証GR","情報通信","42210","17384800","0","0","37.04","11.36","65.55","213.8","242800","100","20230508","3845","20240104","2180"
"4372","ユミルリンク","東証GR","情報通信","4835","3892600","0","0","11.98","2.1","103.68","590.11","124200","100","20230906","1438","20230105","1073"
"4373","シンプレクス・ホールディングス","東証PR","情報通信","143026","57671800","1.21","30","24.08","3.18","103.01","780.14","248000","100","20230906","2967","20230106","1986"
"4374","ROBOT_PAYMENT","東証GR","情報通信","9513","3761566","0","0","66.07","12.77","38.28","198.06","252900","100","20230928","2818","20230117","1234"
"4375","セーフィー","東証GR","情報通信","40061","55256695","0","0","-","3.77","-","192.56","72500","100","20230216","1020","20240118","696"
"4376","くふうカンパニー","東証GR","情報通信","19430","63914375","0","0","-","1.75","-","173.58","30400","100","20230105","620","20231004","297"
"4377","ワンキャリア","東証GR","情報通信","23622","5876240","0","0","40.02","8.17","100.46","492.21","402000","100","20230302","4885","20230912","2952"
"4378","CINC","東証GR","情報通信","2353","3390700","0","0","-","1.58","-27.74","438.3","69400","100","20230123","1125","20240201","672"
"4379","Photosynth","東証GR","情報通信","7574","15551500","0","0","-","3.77","-11.3","129.32","48700","100","20231002","700","20230106","288"
"4380","Mマート","東証GR","情報通信","6510","4890800","1.2","16","20.66","4.42","64.41","301.2","133100","100","20230614","1669","20230104","990"
"4381","ビープラッツ","東証GR","情報通信","3484","2422913","0","0","17.14","5.1","83.92","281.99","143800","100","20230726","3475","20230105","1115"
"4382","HEROZ","東証ST","情報通信","24562","15040737","0","0","816.5","4.21","2","387.62","163300","100","20230614","2550","20230106","931"
"4384","ラクスル","東証PR","情報通信","62047","58756910","0","0","36.24","4.46","29.14","236.92","105600","100","20230313","1785","20240122","1025"
"4385","メルカリ","東証PR","情報通信","397314","163167809","-","-","-","6.67","-","364.95","243500","100","20230802","3755","20230413","2160"
"4386","SIGグループ","東証ST","情報通信","3073","5931540","2.7","14","13.3","1.51","38.95","341.95","51800","100","20230222","590","20231115","438"
"4387","ZUU","東証GR","情報通信","3610","4749860","0","0","-","3.17","-35.79","239.6","76000","100","20230224","1266","20231114","500"
"4388","エーアイ","東証GR","情報通信","4543","5168000","0","0","54.36","3.5","16.17","251.42","87900","100","20230313","1780","20230215","580"
"4389","プロパティデータバンク","東証GR","情報通信","7030","5932500","1.69","20","27.99","2.22","42.34","533.38","118500","100","20230124","2227","20240209","1185"
"4390","IPS","東証PR","情報通信","25714","12857200","1.75","35","11.31","2.38","176.8","842","200000","100","20230124","2951","20231226","1833"
"4391","ロジザード","東証GR","情報通信","5999","3291000","0.82","15","25.72","3.34","70.88","545.39","182300","100","20240125","1984","20230104","807"
"4392","FIG","東証PR","情報通信","9512","31393015","1.65","5","17.06","0.94","17.76","322.29","30300","100","20230104","392","20230627","273"
"4393","バンク・オブ・イノベーション","東証GR","情報通信","15011","4003000","0","0","-","4.08","-","918.93","375000","100","20230215","9770","20231218","3250"
"4394","エクスモーション","東証GR","情報通信","2515","3015700","2.28","19","28.58","1.62","29.18","515.08","83400","100","20230707","1325","20231226","775"
"4395","アクリート","東証GR","情報通信","6189","5973500","0.97","10","8.02","3.21","129.2","322.31","103600","100","20230111","3375","20240123","952"
"4396","システムサポート","東証PR","情報通信","20075","10380000","1.86","36","17.16","4.33","112.7","446.55","193400","100","20230619","2276","20230106","1329"
"4397","チームスピリット","東証GR","情報通信","6762","16451600","0","0","-","4.96","-","82.79","41100","100","20230705","678","20230116","296"
"4398","ブロードバンドセキュリティ","東証ST","情報通信","6393","4569524","0.71","10","13.97","3.72","100.11","376.32","139900","100","20230711","1850","20231117","1180"
"4401","ADEKA","東証PR","化学","298230","103768142","2.78","80","13.99","1.07","205.41","2683.09","287400","100","20240209","3035","20230213","2053"
"4403","日油","東証PR","化学","564596","80841376","1.6","112","17.28","2.17","404.27","3214.03","698400","100","20240209","7364","20230106","5110"
"4404","ミヨシ油脂","東証ST","食料品","13564","10306895","3.04","40","7.91","0.5","166.36","2652.97","131600","100","20231129","1493","20230116","896"
"4406","新日本理化","東証ST","化学","7457","37286906","2.5","5","74.63","0.45","2.68","440.7","20000","100","20230619","258","20231214","173"
"4409","東邦化学工業","東証ST","化学","11230","21350000","3.23","17","28.36","0.59","18.55","890.57","52600","100","20230807","545","20230331","482"
"4410","ハリマ化成グループ","東証PR","化学","23212","26080396","4.72","42","-","0.56","-33.03","1586.4","89000","100","20230309","940","20231215","771"
"4412","サイエンスアーツ","東証GR","情報通信","3566","6716400","0","0","-","7.16","-30.99","74.12","53100","100","20230411","1020","20231024","484"
"4413","ボードルア","東証GR","情報通信","47337","15879600","0","0","47.57","10.98","62.66","271.52","298100","100","20240117","3815","20230106","1540"
"4414","フレクト","東証GR","情報通信","17733","3005520","0","0","39.34","9.28","149.97","635.52","590000","100","20240208","6200","20230320","1630"
"4415","ブロードエンタープライズ","東証GR","情報通信","5416","6064400","0","0","17.39","7.25","51.36","123.1","89300","100","20230907","1120","20230316","484"
"4416","True_Data","東証GR","情報通信","2194","4739400","0","0","35.29","2.31","13.12","200.58","46300","100","20230424","730","20231227","430"
"4417","グローバルセキュリティエキスパート","東証GR","情報通信","38445","7597800","0.47","23.56","53.61","16.93","94.38","298.91","506000","100","20230619","7800","20230106","3610"
"4418","JDSC","東証GR","情報通信","9380","13323400","0","0","-","2.68","-","262.85","70400","100","20230927","1489","20240201","678"
"4419","Finatextホールディングス","東証GR","情報通信","32379","49813784","0","0","-","4.07","-3.32","159.66","65000","100","20230629","905","20230104","408"
"4420","イーソル","東証ST","情報通信","12168","21460800","0.97","5.5","-","2.14","0","264.64","56700","100","20230515","1033","20231226","539"
"4421","ディ・アイ・システム","東証ST","情報通信","2556","3058000","2.75","23","10.61","1.93","78.76","433.61","83600","100","20230606","1088","20231221","780"
"4422","VALUENEX","東証GR","情報通信","2772","2893300","0","0","-","3.74","-","256.05","95800","100","20230328","1950","20231220","765"
"4424","Amazia","東証GR","情報通信","2845","6757800","0","0","-","1.53","-71.04","274.38","42100","100","20230210","670","20231227","291"
"4425","Kudan","東証GR","情報通信","7315","8687567","0","0","-","10.74","-31.17","78.42","84200","100","20230126","3225","20240209","840"
"4427","EduLab","東証GR","情報通信","2936","10228470","-","-","-","1.6","-63.59","179.17","28700","100","20230323","636","20231226","270"
"4428","シノプス","東証GR","情報通信","7568","6249000","0.83","10","46.58","4.54","26","266.5","121100","100","20240209","1350","20230516","845"
"4429","リックソフト","東証GR","情報通信","6948","4550300","0","0","34.7","2.69","44.01","567.9","152700","100","20230704","2167","20231214","1327"
"4430","東海ソフト","東証ST","情報通信","5683","4920300","3.03","35","9.25","1.12","124.88","1033.94","115500","100","20231011","1236","20230316","882"
"4431","スマレジ","東証GR","情報通信","43466","19659000","0","0","47.93","7.99","46.13","276.69","221100","100","20231115","3380","20230106","1957"
"4432","ウイングアーク1st","東証PR","情報通信","101554","34802470","2.59","75.7","19.19","2.61","152.09","1117.43","291800","100","20231201","3320","20230227","1718"
"4433","ヒト・コミュニケーションズ・ホールディングス","東証PR","情報通信","20763","17899333","3.02","35","8.36","1.15","138.83","1011.86","116000","100","20230130","1691","20240209","1146"
"4434","サーバーワークス","東証ST","情報通信","29417","7823617","0","0","82.86","2.79","45.38","1349.6","376000","100","20240122","4410","20230426","1834"
"4435","カオナビ","東証GR","情報通信","22331","11594600","0","0","-","13.72","-","140.33","192600","100","20230214","2903","20240209","1924"
"4436","ミンカブ・ジ・インフォノイド","東証GR","情報通信","20344","14981000","1.91","26","22.6","2.85","60.09","477.28","135800","100","20230106","2742","20231205","1169"
"4437","gooddaysホールディングス","東証GR","情報通信","4011","6751920","0.42","2.5","13.16","1.6","45.14","371.93","59400","100","20230207","712","20231023","471"
"4438","Welby","東証GR","情報通信","4629","7832800","0","0","-","5.41","-64.47","109.28","59100","100","20231120","818","20230106","345"
"4439","東名","東証ST","情報通信","16841","7442100","0.62","14","13.14","2.66","172.21","849.76","226300","100","20230622","3815","20231031","1451"
"4440","ヴィッツ","東証ST","情報通信","3383","4176000","0.99","8","22.81","1.45","35.51","559.07","81000","100","20230619","1598","20240209","808"
"4441","トビラシステムズ","東証ST","情報通信","9152","10629600","1.97","17","18.18","4.25","47.36","202.39","86100","100","20230314","1168","20230117","766"
"4442","バルテス・ホールディングス","東証GR","情報通信","15959","21450000","0.54","4","18.28","5.85","40.69","127.25","74400","100","20230704","1362","20231115","704"
"4443","Sansan","東証PR","情報通信","187203","125639668","0","0","-","14.39","-","103.57","149000","100","20230619","1985","20231024","1070"
"4444","インフォネット","東証GR","情報通信","2971","2037543","0","0","32.92","3.16","44.29","461.83","145800","100","20230621","2870","20230105","740"
"4445","リビン・テクノロジーズ","東証GR","情報通信","3047","1343588","0","0","12.7","2.12","178.63","1068.73","226800","100","20230120","2684","20230516","1900"
"4446","Link-U","東証PR","情報通信","8999","14171700","0","0","48.4","3.84","13.12","165.26","63500","100","20230615","1349","20231212","609"
"4447","ピー・ビーシステムズ","東証GR","情報通信","3911","6583500","0","0","16.22","3.05","36.62","194.88","59400","100","20230327","948","20231227","551"
"4448","Chatwork","東証GR","情報通信","22508","40627295","0","0","-","9.72","-17.74","56.99","55400","100","20230606","1349","20231212","482"
"4449","ギフティ","東証PR","情報通信","46833","29399302","0","0","-","5.64","-","282.55","159300","100","20230303","2827","20231101","1224"
"4450","パワーソリューションズ","東証GR","情報通信","3920","1433292","0","0","8.71","1.47","314.15","1858.66","273500","100","20240208","2789","20230515","2200"
"4452","花王","東証PR","化学","2621153","465900000","2.7","152","26.69","2.66","210.81","2116.01","562600","100","20240112","6000","20230531","4877"
"4461","第一工業製薬","東証PR","化学","32021","10684321","1.67","50","71.66","0.82","41.82","3663.8","299700","100","20240205","3150","20231030","1569"
"4462","石原ケミカル","東証PR","化学","30078","15973680","1.91","36","15.91","1.25","118.33","1506.52","188300","100","20240123","2184","20230110","1206"
"4463","日華化学","東証ST","化学","15921","17710000","3.56","32","10.92","0.48","82.32","1887.83","89900","100","20231130","990","20230117","777"
"4464","ソフト99コーポレーション","東証ST","化学","32231","22274688","2.83","41","13.09","0.59","110.56","2473.33","144700","100","20240208","1457","20230104","1114"
"4465","ニイタカ","東証ST","化学","11363","5943052","2.3","44","22.57","0.88","84.7","2184.66","191200","100","20230511","2250","20231228","1794"
"4471","三洋化成工業","東証PR","化学","98140","23534752","4.08","170","18.42","0.63","226.44","6630.41","417000","100","20230309","4645","20231024","3860"
"4475","HENNGE","東証GR","情報通信","37798","32500600","0","0","59.28","15.68","19.62","74.17","116300","100","20231115","1419","20230407","701"
"4476","AI_CROSS","東証GR","情報通信","4595","4037350","0","0","31.11","2.56","36.58","445.1","113800","100","20230606","1948","20230104","909"
"4477","BASE","東証GR","情報通信","39167","115197823","0","0","-","2.97","-9.64","114.51","34000","100","20230904","386","20231226","222"
"4478","フリー","東証GR","情報通信","160190","58272202","0","0","-","6.79","-","405.07","274900","100","20230516","4250","20231031","2393"
"4479","マクアケ","東証GR","情報通信","9019","12666700","0","0","1825.64","1.79","0.39","398.77","71200","100","20230125","1653","20231225","590"
"4480","メドレー","東証PR","情報通信","146669","32738600","0","0","72.22","8.3","62.03","539.82","448000","100","20230816","6040","20230427","3420"
"4481","ベース","東証PR","情報通信","59784","18770400","2.76","88","18.08","5.31","176.17","600.12","318500","100","20230508","6240","20240207","3145"
"4482","ウィルズ","東証GR","情報通信","15833","21054400","1.26","9.5","31.46","8.35","23.9","90.09","75200","100","20240209","763","20230405","535"
"4483","JMDC","東証PR","情報通信","227237","65316808","-","-","34.16","3.25","101.83","1071.01","347900","100","20230620","6460","20240209","3471"
"4484","ランサーズ","東証GR","情報通信","4108","15859128","0","0","107.92","4.29","2.4","60.41","25900","100","20230419","396","20230106","222"
"4485","JTOWER","東証GR","情報通信","108103","22061818","0","0","-","7.48","-17.25","655.19","490000","100","20230621","7910","20231213","4475"
"4486","ユナイトアンドグロウ","東証GR","情報通信","4465","3951000","1.95","22","16.01","2.57","70.58","440.2","113000","100","20230124","1271","20230516","940"
"4487","スペースマーケット","東証GR","情報通信","4152","11965900","0","0","826.19","5.96","0.42","58.19","34700","100","20230710","579","20230227","257"
"4488","AI_inside","東証GR","情報通信","29239","3999800","0","0","100.15","6.07","72.99","1205.06","731000","100","20230614","8780","20230515","3920"
"4489","ペイロール","東証GR","情報通信","24847","18057300","0.55","7.5","21.72","1.86","63.36","740.84","137600","100","20240126","1377","20230316","679"
"4490","ビザスク","東証GR","情報通信","8088","9201200","0","0","-","0.6","-","1472.02","87900","100","20230125","1948","20231020","800"
"4491","コンピューターマネージメント","東証ST","情報通信","3275","2034400","2.17","35","11.29","1.07","142.58","1498.88","161000","100","20230609","1718","20230510","1402"
"4492","ゼネテック","東証ST","情報通信","7276","11660700","1.58","9.83","32.25","3.63","19.35","171.73","62400","100","20240129","688","20230306","156"
"4493","サイバーセキュリティクラウド","東証GR","情報通信","22861","9450644","0","0","61.49","13.37","39.34","180.91","241900","100","20230619","3450","20230106","1648"
"4494","バリオセキュア","東証ST","情報通信","2997","4520053","0","0","9.72","0.55","68.21","1214.55","66300","100","20230224","1182","20231222","614"
"4495","アイキューブドシステムズ","東証GR","情報通信","6751","5294650","2.35","30","15.23","2.7","83.7","472.3","127500","100","20231201","1660","20240208","1254"
"4496","コマースOneホールディングス","東証GR","情報通信","5319","7523400","4.81","34","15.21","1.86","46.48","379.24","70700","100","20230215","874","20230821","594"
"4498","サイバートラスト","東証GR","情報通信","14819","8084600","0.95","17.5","19.98","2.49","91.72","737.61","183300","100","20230606","3770","20230316","1500"
"4499","Speee","東証ST","情報通信","19870","10619950","0","0","97.91","3.88","19.11","481.73","187100","100","20230915","4425","20230324","1251"
"4502","武田薬品工業","東証PR","医薬品","6739411","1582392825","4.41","188","71.58","0.99","59.5","4297.22","425900","100","20230915","4873","20231218","3900"
"4503","アステラス製薬","東証PR","医薬品","2923511","1809663075","4.33","70","49.95","1.93","32.34","838.41","161550","100","20230525","2360","20240208","1591"
"4506","住友ファーマ","東証PR","医薬品","143642","397900154","0","0","-","0.42","-354.9","864.73","36100","100","20230104","1001","20240205","324"
"4507","塩野義製薬","東証PR","医薬品","2229164","307386165","2.07","150","13.66","1.75","531.06","4149.66","725200","100","20240123","7507","20230711","5718"
"4512","わかもと製薬","東証ST","医薬品","7281","34838325","-","-","-","0.62","-0.58","337.15","20900","100","20231227","261","20231215","189"
"4516","日本新薬","東証PR","医薬品","363130","70251484","2.4","124","13.39","1.65","386.03","3139.68","516900","100","20230104","7330","20231218","4763"
"4519","中外製薬","東証PR","医薬品","9152543","1679057667","1.5","82","-","5.52","-","988.01","545100","100","20240112","6035","20230117","3191"
"4521","科研製薬","東証PR","医薬品","161065","45939730","4.28","150","19.72","0.95","177.75","3700.49","350600","100","20230510","3890","20231218","3161"
"4523","エーザイ","東証PR","医薬品","1959121","296566949","2.42","160","45.65","2.31","144.7","2855.22","660600","100","20230612","11250","20240207","6374"
"4524","森下仁丹","東証ST","医薬品","10039","4150000","2.07","50","12.35","0.79","195.91","3073.27","241900","100","20230914","2596","20230104","1893"
"4526","理研ビタミン","東証PR","食料品","77286","33705100","2.66","61","11.4","0.97","201.11","2355.95","229300","100","20230907","2378","20230113","1810"
"4527","ロート製薬","東証PR","医薬品","700033","236178310","0.91","27","23.32","2.91","127.12","1019.37","296400","100","20230915","4117","20230117","2115"
"4528","小野薬品工業","東証PR","医薬品","1300290","517425200","3.18","80","9.62","1.52","261.11","1652.77","251300","100","20230104","2986","20231221","2439"
"4530","久光製薬","東証PR","医薬品","352838","85164895","2.05","85","21.94","1.17","188.85","3531.39","414300","100","20231002","5497","20230615","3541"
"4531","有機合成薬品工業","東証ST","化学","6416","21974000","2.4","7","10.62","0.54","27.49","542.26","29200","100","20230619","320","20231225","275"
"4534","持田製薬","東証PR","医薬品","124163","38500000","2.48","80","26.38","0.9","122.24","3579.89","322500","100","20230516","3745","20240205","3145"
"4536","参天製薬","東証PR","医薬品","572806","375980354","2.1","32","19.12","1.82","79.67","837.8","152350","100","20240124","1534","20230208","983"
"4538","扶桑薬品工業","東証PR","医薬品","20717","9451169","3.19","70","14.71","0.52","148.98","4239.3","219200","100","20240119","2269","20231218","1841"
"4539","日本ケミファ","東証ST","医薬品","6865","4261420","3.1","50","96.87","0.31","16.63","5194.33","161100","100","20230626","2112","20231226","1550"
"4540","ツムラ","東証PR","医薬品","216152","76758362","2.49","70","13.22","0.79","213.09","3569.48","281600","100","20240207","3009","20230301","2536"
"4543","テルモ","東証PR","精密機器","4066645","747682540","0.81","44","38.56","3.32","141.05","1636.57","543900","100","20240208","5591","20230324","3416"
"4544","H.U.グループホールディングス","東証PR","サービス","154288","57473822","4.66","125","-","1.02","0","2640.89","268450","100","20230104","2867","20231019","2404"
"4547","キッセイ薬品工業","東証PR","医薬品","155330","49311185","2.6","82","14.36","0.71","219.34","4421.71","315000","100","20230814","3600","20230301","2416"
"4548","生化学工業","東証PR","医薬品","43065","56814093","3.43","26","15.9","0.58","47.66","1311.28","75800","100","20230104","887","20231218","726"
"4549","栄研化学","東証PR","医薬品","79744","41041438","2.62","51","23.7","1.44","82","1345.44","194300","100","20240202","1987","20231004","1334"
"4551","鳥居薬品","東証PR","医薬品","104112","28800000","2.77","100","29.88","0.86","120.99","4219.67","361500","100","20230928","3985","20230106","2813"
"4552","JCRファーマ","東証PR","医薬品","129946","129686308","2","20","17.13","2.28","58.5","439.43","100200","100","20230206","1748","20240209","994"
"4553","東和薬品","東証PR","医薬品","135848","51516000","2.28","60","18.81","0.88","140.18","2983.81","263700","100","20230915","2988","20230712","1703"
"4554","富士製薬工業","東証PR","医薬品","41537","24753800","2.53","42.5","6.59","0.99","254.5","1694.23","167800","100","20240117","2060","20230104","992"
"4556","カイノス","東証ST","医薬品","5215","4558860","2.19","25","8.39","0.78","136.29","1466.44","114400","100","20240119","1247","20230331","1000"
"4558","中京医薬品","東証ST","医薬品","2414","11660734","2.42","5","-","0.84","-5.07","247.43","20700","100","20230525","246","20231227","201"
"4559","ゼリア新薬工業","東証PR","医薬品","115003","53119190","2.03","44","13.63","1.22","158.8","1780.16","216500","100","20230613","2600","20231113","1880"
"4563","アンジェス","東証GR","医薬品","14687","198470300","0","0","-","0.5","-40.16","148.56","7400","100","20230131","154","20231226","61"
"4564","オンコセラピー・サイエンス","東証GR","医薬品","4135","217643700","0","0","-","4.83","-","3.93","1900","100","20230217","59","20231226","18"
"4565","そーせいグループ","東証PR","医薬品","123794","89446777","-","-","-","1.97","-","703.87","138400","100","20230531","3185","20231024","1296"
"4568","第一三共","東証PR","医薬品","9030344","1947034029","1.08","50","50.82","5.61","91.27","827.32","463800","100","20230613","5162","20231019","3566"
"4569","杏林製薬","東証PR","医薬品","113710","64607936","2.95","52","20.61","0.8","85.41","2203.28","176000","100","20230927","1864","20230116","1639"
"4570","免疫生物研究所","東証GR","医薬品","3884","9314590","0","0","48.54","3.53","8.59","118","41700","100","20230815","961","20230104","301"
"4571","NANO_MRNA","東証GR","医薬品","12671","70393158","0","0","-","3.36","-19.5","53.65","18000","100","20230217","291","20231024","163"
"4572","カルナバイオサイエンス","東証GR","医薬品","7513","17151900","0","0","-","1.97","-73.66","222.58","43800","100","20230710","1060","20240208","424"
"4574","大幸薬品","東証PR","医薬品","15333","50436900","0","0","-","1.54","-20.42","196.99","30400","100","20230221","437","20231226","263"
"4575","キャンバス","東証GR","医薬品","13518","18023655","0","0","-","4.47","-","167.83","75000","100","20230217","2975","20240208","726"
"4576","デ・ウエスタン・セラピテクス研究所","東証GR","医薬品","4369","32128012","0","0","-","2.65","-27.48","51.26","13600","100","20230125","305","20231225","133"
"4577","ダイト","東証PR","医薬品","30942","15698440","3.04","60","9.44","0.6","208.82","3281.72","197100","100","20230915","2443","20231221","1803"
"4578","大塚ホールディングス","東証PR","医薬品","3148424","557835617","1.77","100","16.29","1.23","346.44","4575.47","564400","100","20240112","5977","20230303","3827"
"4579","ラクオリア創薬","東証GR","医薬品","13601","21623281","0","0","-","2.19","-19.72","287.14","62900","100","20230104","1239","20231219","614"
"4581","大正製薬ホールディングス","東証ST","医薬品","731946","85139653","0.58","50","67.12","0.85","128.08","10132.41","859700","100","20231129","8753","20230531","5150"
"4582","シンバイオ製薬","東証GR","医薬品","8913","43478081","0","0","-","1.1","-32.55","186.31","20500","100","20230209","681","20240209","200"
"4583","カイオム・バイオサイエンス","東証GR","医薬品","7317","52640200","0","0","-","5.92","-","23.49","13900","100","20230417","261","20231024","117"
"4584","キッズウェル・バイオ","東証GR","医薬品","4919","38425813","0","0","-","3.85","-45.2","33.21","12800","100","20230113","336","20231213","122"
"4586","メドレックス","東証GR","医薬品","5486","38365100","0","0","-","2.59","-29.97","55.21","14300","100","20230914","320","20230117","91"
"4587","ペプチドリーム","東証PR","医薬品","166673","130010400","0","0","61.6","4.44","20.81","289.03","128200","100","20230607","2549","20231027","1039"
"4588","オンコリスバイオファーマ","東証GR","医薬品","10233","19717100","0","0","-","7.24","-102.13","71.71","51900","100","20230221","880","20230712","504"
"4591","リボミック","東証GR","医薬品","3677","35694340","0","0","-","0.96","-35.03","107.29","10300","100","20230214","233","20231226","94"
"4592","サンバイオ","東証GR","医薬品","42232","66929202","0","0","-","27.88","-70.79","22.63","63100","100","20230201","808","20231101","408"
"4593","ヘリオス","東証GR","医薬品","9094","74543600","0","0","-","1.62","-","75.11","12200","100","20230307","398","20240209","121"
"4594","ブライトパス・バイオ","東証GR","医薬品","4798","64841300","0","0","-","4.69","-25.31","15.79","7400","100","20230217","247","20240209","71"
"4595","ミズホメディー","東証ST","医薬品","36340","9525600","5.24","200","9.69","2.47","393.51","1546.44","381500","100","20231207","3890","20230810","2010"
"4596","窪田製薬ホールディングス","東証GR","医薬品","4205","56062988","0","0","-","1.34","-25.11","55.99","7500","100","20230125","133","20231030","70"
"4597","ソレイジア・ファーマ","東証GR","医薬品","7498","174373910","0","0","-","3.78","-6.84","11.37","4300","100","20231213","71","20231024","37"
"4598","Delta-Fly_Pharma","東証GR","医薬品","6847","8229900","0","0","-","13.58","-202.58","61.27","83200","100","20231106","1825","20240131","762"
"4599","ステムリム","東証GR","医薬品","32940","61454800","0","0","-","3.72","-","144.21","53600","100","20230413","1518","20240118","503"
"4611","大日本塗料","東証PR","化学","31909","29710678","2.79","30","8.99","0.56","119.53","1921.3","107400","100","20240201","1194","20230105","743"
"4612","日本ペイントホールディングス","東証PR","化学","2779426","2370512215","1.19","14","23.94","2","48.97","586.59","117250","100","20230801","1313","20231024","953"
"4613","関西ペイント","東証PR","化学","554083","238623270","1.55","36","9.27","1.63","250.62","1422.59","232200","100","20240111","2646","20230104","1580"
"4615","神東塗料","東証ST","化学","3937","31000000","0","0","-","0.29","-25.18","431.22","12700","100","20231013","150","20230104","121"
"4616","川上塗料","東証ST","化学","1579","1000000","1.9","30","7.15","0.51","220.97","3068.9","157900","100","20230112","2096","20231129","1430"
"4617","中国塗料","東証PR","化学","107580","55000000","3.48","68","11.54","1.42","169.48","1381.65","195600","100","20240201","2111","20230116","920"
"4619","日本特殊塗料","東証ST","化学","32654","23611200","3.18","44","10.19","0.6","135.69","2293.87","138300","100","20230920","1486","20230116","836"
"4620","藤倉化成","東証ST","化学","13883","30850000","3.56","16","12.61","0.36","35.68","1247.1","45000","100","20230908","510","20230104","403"
"4623","アサヒペン","東証ST","化学","8488","4623000","3.27","60","10.2","0.48","179.92","3847.34","183600","100","20230123","1977","20231106","1710"
"4624","イサム塗料","東証ST","化学","6510","2000000","1.54","50","11.08","0.38","293.8","8657.55","325500","100","20230928","3310","20230110","2619"
"4625","アトミクス","東証ST","化学","5142","7242000","2.39","17","34.32","0.38","20.69","1868.68","71000","100","20230713","768","20230127","630"
"4626","太陽ホールディングス","東証PR","化学","175458","58291559","2.52","76","14.37","1.68","209.46","1795.92","301000","100","20240202","3305","20230106","2178"
"4627","ナトコ","東証ST","化学","12526","8144400","3.25","50","11.61","0.51","132.46","3013.94","153800","100","20230302","1686","20240109","1381"
"4628","エスケー化研","東証ST","化学","115830","15673885","1.08","80","12.77","0.68","578.57","10945.01","739000","100","20230113","9000","20231010","6500"
"4629","大伸化学","東証ST","化学","6521","4592000","2.46","35","7.73","0.41","183.6","3438.34","142000","100","20240207","1600","20230330","1150"
"4631","DIC","東証PR","化学","266439","95156904","2.86","80","-","0.63","-95.08","4420.94","280000","100","20240125","2860","20230316","2245"
"4633","サカタインクス","東証PR","化学","77196","54172361","2.18","31","9.03","0.71","157.88","2014.43","142500","100","20240130","1455","20230316","929"
"4634","artience","東証PR","化学","162037","58286544","3.24","90","18.42","0.6","150.92","4600.45","278000","100","20240205","2806","20230116","1765"
"4635","東京インキ","東証ST","化学","8016","2725758","3.4","100","8.86","0.28","331.8","10632.86","294100","100","20230110","3170","20230606","2615"
"4636","T＆K　TOKA","東証PR","化学","32088","22806240","0","0","16.48","0.61","85.38","2293.26","140700","100","20240115","1494","20230406","1017"
"4641","アルプス技研","東証PR","サービス","63674","21746675","3.24","95","17.12","3.71","171.06","788.17","292800","100","20230622","3140","20230106","2030"
"4642","オリジナル設計","東証ST","サービス","8951","7796800","2.79","32","15.04","1.04","76.35","1101.67","114800","100","20240104","1334","20230117","775"
"4644","イマジニア","東証ST","情報通信","10638","10649000","4","40","18.84","0.82","53.03","1224.91","99900","100","20230425","1099","20230112","900"
"4645","市進ホールディングス","東証ST","サービス","5652","10604888","1.88","10","13.9","2.18","38.35","245.01","53300","100","20240117","561","20230315","446"
"4650","SDエンターテイメント","東証ST","サービス","2708","8997000","-","-","268.75","2","1.12","150.66","30100","100","20230126","358","20230406","270"
"4651","サニックス","東証ST","サービス","13600","48919396","0","0","5.33","1.83","52.19","151.59","27800","100","20231201","391","20230106","202"
"4657","環境管理センター","東証ST","サービス","2597","4722305","0.91","5","21.65","1.25","25.41","441.14","55000","100","20230830","986","20230104","393"
"4658","日本空調サービス","東証PR","サービス","31132","35784000","3.45","30","14.93","1.33","58.28","652.01","87000","100","20240201","948","20230110","675"
"4659","エイジス","東証ST","サービス","26820","10771200","3.21","80","12.44","0.94","200.16","2654.08","249000","100","20240119","2697","20230105","2119"
"4661","オリエンタルランド","東証PR","サービス","9383206","1818450800","0.21","11","80.37","9.11","64.2","566.32","516000","100","20240117","5765","20230105","3723"
"4662","フォーカスシステムズ","東証PR","情報通信","17108","16292942","3.62","38","10.93","1.28","96.04","822.12","105000","100","20230209","1118","20230817","934"
"4664","アール・エス・シー","東証ST","サービス","2032","2940000","2.46","17","8.89","0.99","77.72","697.15","69100","100","20230929","852","20230105","434"
"4665","ダスキン","東証PR","サービス","172413","50994823","2.9","98","37.03","1.07","91.31","3170.37","338100","100","20240116","3487","20230210","2872"
"4666","パーク24","東証PR","不動産","324992","171048369","0.26","5","16.2","5.55","117.29","342.28","190000","100","20230615","2310","20231215","1612"
"4667","アイサンテクノロジー","東証ST","情報通信","8906","5548979","1.25","20","26.32","1.48","60.99","1086.02","160500","100","20230410","2685","20230106","1485"
"4668","明光ネットワークジャパン","東証PR","サービス","19852","27803600","4.76","34","21.95","1.64","32.53","436.63","71400","100","20240109","791","20230112","587"
"4671","ファルコホールディングス","東証ST","サービス","22459","11280177","4.02","80","17.13","0.85","116.26","2355.89","199100","100","20240125","2215","20230106","1676"
"4673","川崎地質","東証ST","サービス","2852","1057980","1.85","50","8.7","0.56","309.89","4837.08","269600","100","20230412","3360","20230116","2110"
"4674","クレスコ","東証PR","情報通信","41360","22000000","2.66","50","10.88","1.52","172.77","1234.15","188000","100","20230629","2184","20231024","1548"
"4676","フジ・メディア・ホールディングス","東証PR","情報通信","450356","234194500","2.5","48","16.27","0.49","118.22","3904.12","192300","100","20240202","2012","20230118","1030"
"4678","秀英予備校","東証ST","サービス","2040","6710000","0","0","-","0.53","-44.71","569.19","30400","100","20230207","440","20231226","291"
"4679","田谷","東証ST","サービス","2152","5100000","-","-","-","3.97","-11.01","106.42","42200","100","20230322","599","20231227","393"
"4680","ラウンドワン","東証PR","サービス","200056","287436942","1.72","12","13.46","2.96","51.7","235.21","69600","100","20240209","712","20230119","429"
"4681","リゾートトラスト","東証PR","サービス","277488","108520799","2.11","54","18.14","2.23","140.96","1148.76","255700","100","20240206","2610","20230601","2028"
"4684","オービック","東証PR","情報通信","2206140","99600000","1.35","300","36.04","5.32","614.55","4162.29","2215000","100","20230906","25550","20230104","19030"
"4685","菱友システムズ","東証ST","情報通信","23629","6377518","3.1","115","10.03","1.54","369.41","2408.14","370500","100","20240201","3990","20230203","2073"
"4686","ジャストシステム","東証PR","情報通信","186380","64224800","0.69","20","-","2.08","-","1393.7","290200","100","20230619","4783","20231024","2574"
"4687","TDCソフト","東証PR","情報通信","52211","25113600","1.92","40","16.49","2.75","126.04","755.64","207900","100","20240124","2342","20230316","1377"
"4689","LINEヤフー","東証PR","情報通信","3345425","7636212411","1.27","5.56","-","1.08","-","404.24","43810","100","20231229","504","20230104","328"
"4690","日本パレットプール","東証ST","サービス","4046","1700000","1.68","40","5.72","0.63","415.97","3786.1","238000","100","20230417","2676","20230106","1399"
"4691","ワシントンホテル","東証ST","サービス","10028","12170000","1.21","10","8","1.37","103","599.84","82400","100","20230425","1082","20231214","698"
"4694","ビー・エム・エル","東証PR","サービス","116267","42294426","2.91","80","14.1","0.87","194.99","3163.95","274900","100","20230126","3390","20230815","2594"
"4704","トレンドマイクロ","東証PR","情報通信","1186484","140879104","-","-","67.99","5.34","123.87","1578.09","842200","100","20240209","8660","20231004","5420"
"4705","クリップコーポレーション","東証ST","サービス","4268","4536000","4.78","45","20.84","0.7","45.15","1345.34","94100","100","20240205","945","20230330","773"
"4707","キタック","東証ST","サービス","2250","5969024","1.33","5","14.36","0.7","26.25","540.47","37700","100","20230706","479","20230120","266"
"4709","IDホールディングス","東証PR","情報通信","30424","18066453","2.97","50","18.48","2.5","91.15","674.82","168400","100","20240117","1794","20230106","899"
"4712","KeyHolder","東証ST","サービス","15838","18967410","2.4","20","7.81","0.79","106.89","1051.61","83500","100","20230612","1215","20230117","690"
"4714","リソー教育","東証PR","サービス","37178","156209829","4.2","10","17.83","4.58","13.35","51.93","23800","100","20230105","373","20231222","208"
"4716","日本オラクル","東証ST","情報通信","1459900","128286471","-","-","-","8.96","-","1270.05","1138000","100","20240123","12095","20230110","8210"
"4718","早稲田アカデミー","東証PR","サービス","32055","19012452","2.37","40","19.18","2.35","87.91","717.36","168600","100","20231220","1878","20230106","1101"
"4719","アルファシステムズ","東証PR","情報通信","49043","14052400","2.01","70","16.67","1.2","209.42","2896.64","349000","100","20230309","4420","20231031","2648"
"4720","城南進学研究社","東証ST","サービス","3450","8937840","1.3","5","29.24","1.54","13.2","251.38","38600","100","20230316","402","20231228","373"
"4722","フューチャー","東証PR","情報通信","162058","95328000","2.47","42","14.84","2.93","114.58","580.1","170000","100","20230420","1913","20231024","1422"
"4725","CACホールディングス","東証PR","情報通信","36666","20541400","4.48","80","13.82","1.01","129.2","1762.09","178500","100","20231011","1813","20230213","1368"
"4726","SBテクノロジー","東証PR","情報通信","49180","22757800","3.24","70","5.18","1.51","417.44","1434.04","216100","100","20230705","2764","20230105","1815"
"4728","トーセ","東証ST","情報通信","5488","7763040","3.54","25","14.48","0.85","48.81","829.05","70700","100","20230706","844","20231226","684"
"4732","ユー・エス・エス","東証PR","サービス","681950","257000000","2.75","73.1","20.06","3.41","132.26","778.91","265350","100","20231205","2994","20230111","1995"
"4733","オービックビジネスコンサルタント","東証PR","情報通信","511993","75404000","1.18","80","41.03","3.52","165.49","1927.56","679000","100","20240202","7229","20230106","4145"
"4735","京進","東証ST","サービス","2964","8396000","2.19","7.72","13.74","0.79","25.69","445.43","35300","100","20230914","430","20231116","328"
"4736","日本ラッド","東証ST","情報通信","4204","5355390","1.27","10","16.34","1.47","48.03","534.67","78500","100","20230915","909","20230110","435"
"4743","アイティフォー","東証PR","情報通信","34563","28611900","3.31","40","13.96","1.92","86.51","628.7","120800","100","20240112","1238","20230105","815"
"4745","東京個別指導学院","東証ST","サービス","24323","54291435","3.57","16","26.56","3.19","16.87","140.35","44800","100","20230124","547","20231226","418"
"4746","東計電算","東証ST","情報通信","66292","18700000","3.1","110","14.24","1.86","248.89","1903.71","354500","100","20240207","3710","20230116","2500"
"4748","構造計画研究所","東証ST","情報通信","21753","5500000","3.54","140","12.33","2.43","320.73","1629.46","395500","100","20240115","4055","20230104","2798"
"4750","ダイサン","東証ST","サービス","4434","7618000","3.78","22","20.07","0.7","29","830.46","58200","100","20231017","639","20231206","549"
"4751","サイバーエージェント","東証PR","サービス","511278","506215600","1.49","15","63.92","3.79","15.8","266.59","101000","100","20230126","1268","20231030","756"
"4752","昭和システムエンジニアリング","東証ST","情報通信","7032","4810000","2.74","40","11.93","1.37","122.52","1066.56","146200","100","20240202","1642","20230509","889"
"4754","トスネット","東証ST","サービス","5779","4732600","2.46","30","9.63","0.8","126.85","1522.98","122100","100","20230905","1445","20230111","820"
"4755","楽天グループ","東証PR","サービス","1322772","2142140300","-","-","-","1.35","-","455.92","61750","100","20230515","749","20230628","466"
"4760","アルファ","東証ST","サービス","1365","915444","0.34","5","19.65","1.15","75.86","1294.21","149100","100","20240122","2615","20230713","1003"
"4761","さくらケーシーエス","東証ST","情報通信","10080","11200000","2","18","13.26","0.54","67.86","1651.9","90000","100","20240131","993","20230104","786"
"4762","エックスネット","東証ST","情報通信","9079","8261600","2.73","30","13.16","1.09","83.52","1009.86","109900","100","20240131","1199","20230110","991"
"4763","クリーク・アンド・リバー社","東証PR","サービス","45029","23009000","2.1","41","14.37","2.76","136.15","709.3","195700","100","20230407","2420","20231024","1784"
"4765","SBIグローバルアセットマネジメント","東証PR","サービス","61426","89673600","-","-","-","3.91","-","174.99","68500","100","20240201","730","20230104","446"
"4766","ピーエイ","東証ST","サービス","3762","11229800","0","0","72.04","9.08","4.65","36.91","33500","100","20231128","432","20230316","157"
"4767","テー・オー・ダブリュー","東証ST","サービス","16845","48969096","4.07","14","15.14","1.67","22.72","206.43","34400","100","20240208","365","20230116","278"
"4768","大塚商会","東証PR","情報通信","1148563","190002120","2.32","140","24.04","3.34","251.42","1809.66","604500","100","20230907","6599","20230116","4035"
"4769","IC","東証ST","情報通信","7067","7732270","3.5","32","23.19","1.15","39.42","796.83","91400","100","20230106","1010","20230330","830"
"4770","図研エルミック","東証ST","情報通信","1980","6284944","0.95","3","14.14","2.42","22.28","129.96","31500","100","20230210","440","20231016","262"
"4771","エフアンドエム","東証ST","サービス","34179","15714400","1.75","38","16.35","2.84","133.01","765.66","217500","100","20230726","2997","20240118","1750"
"4772","ストリームメディアコーポレーション","東証GR","情報通信","20399","115904831","0","0","332.08","3.17","0.53","55.5","17600","100","20230616","369","20230105","120"
"4776","サイボウズ","東証PR","情報通信","121976","52757800","0.61","14","44.82","9.86","51.58","234.41","231200","100","20230320","3270","20231024","1636"
"4777","ガーラ","東証ST","情報通信","6910","25035700","0","0","-","3.91","-","70.64","27600","100","20230224","569","20240122","257"
"4781","日本ハウズイング","東証ST","サービス","67793","64320000","2.28","24","13.56","1.56","77.75","676.29","105400","100","20230106","1329","20231120","950"
"4783","NCD","東証ST","情報通信","12118","8800000","2.32","32","13.14","2","104.79","688.36","137700","100","20240125","1464","20230116","665"
"4784","GMOアドパートナーズ","東証ST","サービス","5647","16757200","2.05","6.9","24.69","1.05","13.65","320.98","33700","100","20230202","460","20240206","331"
"4792","山田コンサルティンググループ","東証PR","サービス","33525","19896000","3.98","67","12.59","2.03","133.85","830.82","168500","100","20230511","2067","20230105","1136"
"4800","オリコン","東証ST","情報通信","12567","15123200","3.25","27","9.33","2.24","89.06","371.48","83100","100","20230417","1135","20231024","718"
"4801","セントラルスポーツ","東証PR","サービス","28070","11466300","1.47","36","24.48","1.1","99.99","2219.01","244800","100","20230516","2596","20230718","2322"
"4809","パラカ","東証PR","不動産","19375","10311100","3.41","64","10.16","1.05","184.87","1788.56","187900","100","20230308","2121","20230106","1800"
"4811","ドリーム・アーツ","東証GR","情報通信","14597","4054600","0.56","20","36.93","10.9","97.49","330.27","360000","100","20240130","3960","20231101","2320"
"4812","電通総研","東証PR","情報通信","361763","65182480","1.64","91","24.57","4.56","225.91","1216.46","555000","100","20231219","6040","20230105","3765"
"4813","ACCESS","東証PR","情報通信","34353","39806000","0","0","-","1.49","-14.66","581.08","86300","100","20230602","1174","20231212","653"
"4814","ネクストウェア","東証ST","情報通信","2239","13015222","-","-","109.55","1.62","1.57","106.17","17200","100","20231120","273","20230104","159"
"4816","東映アニメーション","東証ST","情報通信","764400","42000000","0.63","114","48.02","5.94","379.04","3064.11","1820000","100","20231214","20770","20230117","11590"
"4819","デジタルガレージ","東証PR","情報通信","152139","47617700","-","-","-","1.8","-","1772.73","319500","100","20230511","4930","20231020","2773"
"4820","イーエムシステムズ","東証PR","情報通信","50223","74514800","2.08","14","27","2.4","24.96","280.88","67400","100","20230208","955","20231116","642"
"4824","メディアシーク","東証GR","情報通信","2930","9766800","0.33","1","47.92","0.96","6.26","311.76","30000","100","20230602","384","20230817","274"
"4825","ウェザーニューズ","東証PR","情報通信","60049","11844000","2.37","120","22.37","2.96","226.62","1711.97","507000","100","20230201","7170","20240208","5020"
"4826","CIJ","東証PR","情報通信","30415","44532192","2.34","16","22.44","1.86","30.43","367.63","68300","100","20240131","787","20230105","420"
"4828","ビジネスエンジニアリング","東証PR","情報通信","51600","12000000","1.77","76","20.22","5.05","212.61","851.32","430000","100","20240122","4730","20230116","2229"
"4829","日本エンタープライズ","東証ST","情報通信","4740","38534900","1.63","2","43.16","0.99","2.85","124.52","12300","100","20230705","151","20231031","114"
"4832","JFEシステムズ","東証ST","情報通信","63766","15706000","2.91","118","13.48","2.27","301.18","1786.89","406000","100","20240126","4320","20230104","2291"
"4833","Success_Holders","東証GR","サービス","2549","29302015","0","0","-","2.95","-","29.49","8700","100","20230310","155","20240207","85"
"4837","シダックス","東証ST","サービス","44466","55722121","0","0","16.18","3.32","49.31","240.4","79800","100","20230215","824","20230818","512"
"4838","スペースシャワーネットワーク","東証ST","情報通信","4837","8811354","1.82","10","12.3","1.14","44.64","481.47","54900","100","20230815","670","20230104","414"
"4839","WOWOW","東証PR","情報通信","32623","28844400","2.65","30","45.48","0.47","24.87","2406.69","113100","100","20230227","1323","20231226","1024"
"4840","トライアイズ","東証GR","サービス","2897","8300000","-","-","24.75","0.55","14.1","637.82","34900","100","20230627","484","20231228","287"
"4845","スカラ","東証PR","情報通信","13396","17743659","4.97","37.5","31.16","1.78","24.23","423.88","75500","100","20230607","814","20230104","694"
"4847","インテリジェントウェイブ","東証PR","情報通信","32662","26340000","3.23","40","20.48","3.7","60.56","335.35","124000","100","20240209","1285","20230316","675"
"4848","フルキャストホールディングス","東証PR","サービス","66163","37486400","3.34","59","11.02","2.53","160.21","698.86","176500","100","20230201","2888","20231024","1621"
"4849","エン・ジャパン","東証PR","サービス","140050","49716000","2.49","70.1","35.45","4.02","79.47","700.13","281700","100","20240209","3015","20231026","2078"
"4875","メディシノバ・インク（外国株）","東証ST","医薬品","-","49046246","-","-","-","-","-","-","20400","100","20230928","392","20231225","172"
"4880","セルソース","東証PR","医薬品","25303","19798900","0.39","5","35.12","4.11","36.39","311.25","127800","100","20230104","3940","20240122","1179"
"4881","ファンペップ","東証GR","医薬品","3442","24236500","0","0","-","1.39","-39.96","102.13","14200","100","20230216","286","20231225","122"
"4882","ペルセウスプロテオミクス","東証GR","医薬品","5880","11830000","0","0","-","3.38","-100.77","147.2","49700","100","20231122","879","20230818","255"
"4883","モダリス","東証GR","医薬品","3302","33355272","0","0","-","1.59","-","62.1","9900","100","20230217","351","20240209","98"
"4884","クリングルファーマ","東証GR","医薬品","4680","6298500","0","0","-","2.04","-200.83","363.45","74300","100","20230306","1404","20230106","511"
"4885","室町ケミカル","東証ST","医薬品","2904","4095500","2.68","19","9.02","1.42","78.58","498.6","70900","100","20230609","905","20231227","670"
"4886","あすか製薬ホールディングス","東証PR","医薬品","59598","30563199","2.05","40","8.9","0.91","219.01","2131.75","195000","100","20240129","2024","20230316","1104"
"4887","サワイグループホールディングス","東証PR","医薬品","251694","43803339","2.26","130","22.27","1.18","258.01","4887.09","574600","100","20240117","5968","20230601","3255"
"4888","ステラファーマ","東証GR","医薬品","7900","31225500","0","0","-","2.79","-43.19","90.54","25300","100","20230221","472","20240208","251"
"4889","レナサイエンス","東証GR","医薬品","5072","12711700","0","0","-","2.87","-19.19","139.16","39900","100","20230626","650","20230117","319"
"4890","坪田ラボ","東証GR","医薬品","6906","25577500","0","0","341.77","4.04","0.79","66.91","27000","100","20230324","953","20240209","255"
"4891","ティムス","東証GR","医薬品","11878","40264367","0","0","-","3.43","-","86.11","29500","100","20230217","750","20231225","159"
"4892","サイフューズ","東証GR","医薬品","5597","7894300","0","0","-","1.71","-75.18","414.47","70900","100","20230410","1797","20231024","668"
"4893","ノイルイミューン・バイオテック","東証GR","医薬品","8612","43276765","0","0","-","1.44","-27.66","137.72","19900","100","20230628","775","20240207","182"
"4894","クオリプス","東証GR","医薬品","19271","7898116","0","0","-","3.1","-160.96","786.51","244000","100","20230705","2800","20230627","1287"
"4896","ケイファーマ","東証GR","医薬品","7288","11604600","0","0","34.47","3.58","18.22","175.52","62800","100","20231017","980","20231214","531"
"4901","富士フイルムホールディングス","東証PR","化学","3789679","414625728","1.64","150","16.29","1.23","561.23","7412.35","914000","100","20240208","9923","20230301","6260"
"4902","コニカミノルタ","東証PR","電気機器","237710","502664337","1.06","5","58.45","0.46","8.09","1026.72","47290","100","20230228","604","20240201","398"
"4911","資生堂","東証PR","化学","1698000","400000000","1.41","60","94.25","2.7","45.04","1572.65","424500","100","20230621","7160","20231208","3740"
"4912","ライオン","東証PR","化学","373423","292536446","2.04","26","24.86","1.32","51.34","966.18","127650","100","20230905","1607","20240209","1260"
"4914","高砂香料工業","東証PR","化学","71843","20152397","1.96","70","18.75","0.54","190.12","6637.79","356500","100","20240208","3695","20230105","2463"
"4917","マンダム","東証PR","化学","62847","48269212","3.07","40","35.27","0.86","36.92","1516.55","130200","100","20230515","1655","20231109","1234"
"4918","アイビー化粧品","東証ST","化学","2210","5164000","0","0","7.05","0.95","60.72","450.19","42800","100","20230718","660","20240118","420"
"4919","ミルボン","東証PR","化学","114519","33117234","2.54","88","26.41","2.54","130.94","1363.03","345800","100","20230220","5870","20231213","3247"
"4920","日本色材工業研究所","東証ST","化学","3491","2099376","0.6","10","10.02","1.02","166.05","1622.92","166300","100","20231002","2631","20230106","1171"
"4921","ファンケル","東証PR","化学","288406","130353200","1.54","34","31.48","3.43","70.28","645.41","221250","100","20230814","2795","20231016","2127"
"4922","コーセー","東証PR","化学","581628","60592541","1.46","140","41.18","2.04","233.1","4696.15","959900","100","20230414","16440","20240208","9155"
"4923","コタ","東証PR","化学","47007","29940603","1.27","20","28.91","3.67","54.3","427.39","157000","100","20230501","1691","20230113","1482"
"4925","ハーバー研究所","東証ST","化学","8500","3935000","1.85","40","32.67","0.79","66.11","2718.22","216000","100","20230210","2500","20231227","2068"
"4926","シーボン","東証ST","化学","6366","4281200","1.01","15","86","1.12","17.29","1329.51","148700","100","20230214","1629","20240130","1471"
"4927","ポーラ・オルビスホールディングス","東証PR","化学","349204","229136156","3.41","52","29.07","2.01","52.43","757.03","152400","100","20230621","2216","20231031","1495"
"4928","ノエビアホールディングス","東証PR","化学","176590","34156623","4.26","220","22.64","3.35","228.36","1545.54","517000","100","20230104","5790","20231215","4985"
"4929","アジュバンホールディングス","東証ST","化学","7473","8043600","2.58","24","-","1.73","-7.76","537.48","92900","100","20230307","1054","20231030","908"
"4930","グラフィコ","東証ST","化学","2299","938540","0","0","9.58","0.96","255.74","2549.91","245000","100","20240105","2650","20230314","2005"
"4931","新日本製薬","東証PR","化学","38880","21855200","1.97","35","14.85","1.95","119.82","911.78","177900","100","20240208","1830","20230117","1330"
"4932","アルマード","東証ST","化学","15258","10394000","4.43","65","21.82","7.48","67.29","196.3","146800","100","20240207","1488","20230214","1043"
"4933","I-ne","東証PR","化学","40838","17771240","0.57","13","10.23","2.92","224.59","787.93","229800","100","20230217","4060","20240208","2243"
"4934","プレミアアンチエイジング","東証GR","化学","7936","8720534","0","0","39.69","1.05","22.93","868.43","91000","100","20230818","1957","20231215","844"
"4935","リベルタ","東証ST","化学","2124","2987000","3.09","22","12.65","1.36","56.22","522.91","71100","100","20230720","875","20230207","514"
"4936","アクシージア","東証PR","化学","21266","25167000","2.37","20","13","2.4","64.99","352.37","84500","100","20230111","1566","20240208","820"
"4937","Waqoo","東証GR","化学","7333","3608928","0","0","101.96","7.91","19.93","256.73","203200","100","20230629","2848","20230320","895"
"4951","エステー","東証PR","化学","35351","23000000","2.73","42","18.02","1.02","85.31","1500.52","153700","100","20230518","1638","20231004","1473"
"4955","アグロカネショウ","東証ST","化学","16689","13404862","2.57","32","19.02","0.77","65.46","1614.54","124500","100","20230517","1866","20231024","1239"
"4956","コニシ","東証PR","化学","92314","70414880","2.33","30.5","13.11","1.12","99.97","1173.87","131100","100","20240115","1479","20230105","826"
"4957","ヤスハラケミカル","東証ST","化学","7577","10839663","1.72","12","25.31","0.33","27.62","2121.63","69900","100","20240209","699","20230104","498"
"4958","長谷川香料","東証PR","化学","137307","42708154","1.93","62","19.6","1.14","164.05","2819.86","321500","100","20230629","3630","20230116","2750"
"4960","ケミプロ化成","東証ST","化学","6201","16623613","0.8","3","75.2","1.29","4.96","289.89","37300","100","20240206","395","20230814","261"
"4966","上村工業","東証ST","化学","213168","19756080","1.67","180","20.02","2.03","538.91","5315.89","1079000","100","20231225","11410","20230104","5870"
"4967","小林製薬","東証PR","化学","484066","78050000","1.55","96","23.37","2.2","265.41","2813.77","620200","100","20230201","9410","20231030","6070"
"4968","荒川化学工業","東証PR","化学","22800","20652400","4.35","48","-","0.4","-45.37","2781.86","110400","100","20240206","1140","20230111","943"
"4970","東洋合成工業","東証ST","化学","73779","8143390","0.44","40","44.94","3.52","201.59","2576.59","906000","100","20230703","10560","20231031","5930"
"4971","メック","東証PR","化学","86807","20071093","1.04","45","37.99","3.34","113.85","1293.47","432500","100","20240130","4595","20230104","2010"
"4972","綜研化学","東証ST","化学","23854","8300000","2.96","85","8.81","0.73","326.3","3951.76","287400","100","20240206","3080","20230206","1700"
"4973","日本高純度化学","東証PR","化学","16260","6067200","3.73","100","29.66","1.09","90.36","2457.22","268000","100","20230606","2740","20230208","2307"
"4974","タカラバイオ","東証PR","化学","143295","120415600","1.43","17","71.64","1.28","16.61","928.91","119000","100","20230216","1826","20231212","1114"
"4975","JCU","東証PR","化学","106380","27242106","1.79","70","20.78","2.42","187.92","1612.23","390500","100","20240208","4155","20231011","2940"
"4976","東洋ドライルーブ","東証ST","化学","3997","1355000","1.83","54","11.42","0.43","258.3","6869.79","295000","100","20240131","3070","20230104","2218"
"4977","新田ゼラチン","東証ST","化学","13983","18373974","2.1","16","11.5","0.67","66.15","1132.67","76100","100","20230509","915","20231024","650"
"4978","リプロセル","東証GR","化学","14444","85466191","0","0","97.13","1.86","1.74","91.02","16900","100","20230523","329","20231226","158"
"4979","OATアグリオ","東証ST","化学","20993","11072000","2.9","55","7.57","1.38","250.45","1373.35","189600","100","20230703","2153","20230407","1298"
"4980","デクセリアルズ","東証PR","化学","329893","61170500","1.85","100","15.65","3.69","344.52","1461.68","539300","100","20240207","5450","20230406","2421"
"4985","アース製薬","東証PR","化学","102070","22141100","2.56","118","24.85","1.5","185.51","3080.76","461000","100","20230622","5250","20240125","4410"
"4987","寺岡製作所","東証ST","化学","14972","26687955","0","0","-","0.54","-","1029.6","56100","100","20231208","673","20230605","296"
"4990","昭和化学工業","東証ST","化学","5570","11979000","1.08","5","10.94","0.67","42.49","690.56","46500","100","20230418","496","20230124","391"
"4992","北興化学工業","東証ST","化学","30975","29985531","3.1","32","8.11","0.6","127.4","1727.05","103300","100","20231226","1115","20230116","771"
"4994","大成ラミック","東証ST","化学","21143","7047500","2.33","70","18","0.81","166.68","3699.08","300000","100","20230906","3270","20231218","2740"
"4996","クミアイ化学工業","東証PR","化学","110144","133184612","3.39","28","9.05","0.75","91.42","1105.55","82700","100","20230905","1178","20231226","759"
"4997","日本農薬","東証PR","化学","54344","81967082","2.71","18","13","0.7","51","945.75","66300","100","20230731","746","20231117","587"
"4998","フマキラー","東証ST","化学","19392","16490000","1.87","22","12.92","0.84","91.01","1395.24","117600","100","20231204","1289","20231024","1033"
"5009","富士興産","東証ST","卸売","18284","8743907","4.59","96","21.84","1.44","95.75","1449.43","209100","100","20240207","2183","20230407","1149"
"5010","日本精蝋","東証ST","石油・石炭","2934","22400000","0","0","-","0.69","-71.4","189.12","13100","100","20230927","250","20230821","107"
"5011","ニチレキ","東証PR","石油・石炭","76015","31685955","2.92","70","12.85","0.98","186.63","2455.07","239900","100","20240122","2614","20230105","1246"
"5013","ユシロ化学工業","東証ST","石油・石炭","27800","13900065","3.5","70","8.61","0.67","232.19","2973.07","200000","100","20240207","2120","20230110","763"
"5015","ビーピー・カストロール","東証ST","石油・石炭","19897","22975189","4.16","36","24.19","2.03","35.8","425.83","86600","100","20230929","930","20230116","838"
"5017","富士石油","東証PR","石油・石炭","28928","78183677","2.7","10","2.36","0.34","156.81","1080.25","37000","100","20240117","395","20230105","245"
"5018","MORESCO","東証ST","石油・石炭","13769","9696500","3.17","45","18.72","0.65","75.84","2181.63","142000","100","20240125","1482","20230601","1111"
"5019","出光興産","東証PR","石油・石炭","1223330","1489323590","3.9","32","6.55","0.66","125.37","1253.54","82140","100","20240117","861","20230531","542"
"5020","ENEOSホールディングス","東証PR","石油・石炭","1893409","3032850649","3.52","22","7.84","0.61","79.61","1028.51","62429","100","20230915","642","20230105","436"
"5021","コスモエネルギーホールディングス","東証PR","石油・石炭","542227","88353761","4.89","300","6.87","0.95","892.69","6432.47","613700","100","20240116","6417","20230105","3310"
"5025","マーキュリーリアルテックイノベーター","東証GR","情報通信","1468","2744000","0","0","40.5","1.94","13.21","275.75","53500","100","20230621","1115","20231120","481"
"5026","トリプルアイズ","東証GR","情報通信","5189","7381700","0","0","-","8.55","-11.99","82.23","70300","100","20230208","1065","20230417","591"
"5027","AnyMind_Group","東証GR","情報通信","52841","58323400","0","0","228.21","3.95","3.97","229.2","90600","100","20230703","1587","20231024","586"
"5028","セカンドサイトアナリティカ","東証GR","情報通信","4989","8385129","-","-","214.8","5.41","2.77","109.92","59500","100","20231129","733","20230921","365"
"5029","サークレイス","東証GR","情報通信","2184","4273050","0","0","-","2.88","-0.24","177.39","51100","100","20230608","967","20231225","415"
"5031","モイ","東証GR","情報通信","3226","13966000","0","0","-","1.84","-","125.81","23100","100","20230616","463","20240209","229"
"5032","ANYCOLOR","東証PR","情報通信","209859","63020740","0","0","23.08","11.68","144.28","284.99","333000","100","20230621","4460","20230315","1965"
"5033","ヌーラボ","東証GR","情報通信","7727","6454977","0","0","26.81","6.39","44.65","187.26","119700","100","20240118","1354","20230110","631"
"5034","unerry","東証GR","情報通信","7794","3727200","0","0","115.27","5.08","18.14","412","209100","100","20230718","5700","20231218","1857"
"5035","HOUSEI","東証GR","情報通信","3568","7094200","0.6","3","24.15","1.13","20.83","444.73","50300","100","20230323","897","20231024","455"
"5036","日本ビジネスシステムズ","東証ST","情報通信","72405","48366400","1.67","25","19.78","3.07","75.7","487.61","149700","100","20230206","1970","20230914","992"
"5038","eWeLL","東証GR","情報通信","27186","14961792","0.55","10","42.57","16.99","42.68","106.97","181700","100","20230621","2865","20231016","1446"
"5070","ドラフト","東証GR","建設","6970","10043300","0.86","6","15.48","2.38","44.82","291.09","69400","100","20240117","770","20230215","356"
"5071","ヴィス","東証ST","建設","8396","8231800","3.24","33","9.31","1.63","109.54","626.83","102000","100","20230203","1284","20230601","787"
"5074","テスホールディングス","東証PR","建設","30643","70606130","3.69","16","8.26","0.74","52.52","584.41","43400","100","20230630","938","20231226","398"
"5076","インフロニア・ホールディングス","東証PR","建設","412542","274845024","3.66","55","13.75","1.04","109.17","1448.73","150100","100","20230921","1653","20230105","986"
"5078","セレコーポレーション","東証ST","建設","11628","3491900","2.4","80","13.99","0.59","238.05","5649.75","333000","100","20240110","3560","20230317","2253"
"5079","ノバック","東証ST","建設","17325","5202800","4.8","160","245.03","0.91","13.59","3653.95","333000","100","20231002","3795","20230104","2389"
"5101","横浜ゴム","東証PR","ゴム製品","604782","169549081","1.91","68","9.15","0.76","389.8","4670.97","356700","100","20240208","3606","20230116","1948"
"5103","昭和ホールディングス","東証ST","ゴム製品","3281","76293426","0","0","-","1.71","-","25.21","4300","100","20230209","62","20230411","41"
"5105","TOYO_TIRE","東証PR","ゴム製品","395680","154111029","3.51","90","6.59","1.04","389.7","2479.48","256750","100","20231115","2650","20230320","1429"
"5108","ブリヂストン","東証PR","ゴム製品","4535552","713698221","3.15","200","12.99","1.28","489.41","4960.11","635500","100","20240130","6478","20230104","4548"
"5110","住友ゴム工業","東証PR","ゴム製品","455722","263043057","2.6","45","15.71","0.74","110.26","2350.02","173250","100","20231113","1818","20230320","1095"
"5121","藤倉コンポジット","東証PR","ゴム製品","32989","23446209","4.98","70","9.58","0.91","146.85","1550.6","140700","100","20240123","1512","20230105","801"
"5122","オカモト","東証PR","ゴム製品","87510","18099367","2.28","110","12.15","1.01","397.86","4778.69","483500","100","20231115","5640","20230105","3625"
"5125","ファインズ","東証GR","情報通信","2684","4573200","0","0","9.9","1.46","59.31","402.49","58700","100","20230220","1644","20231218","522"
"5126","ポーターズ","東証GR","情報通信","3570","1572500","0","0","14.86","3.61","152.76","628.66","227000","100","20230821","2678","20230214","1748"
"5127","グッピーズ","東証GR","情報通信","11997","3702800","0","0","19.24","5.48","168.36","591","324000","100","20230414","4090","20230106","1373"
"5129","FIXER","東証GR","情報通信","19683","14766000","0","0","-","3.39","-","392.81","133300","100","20230116","3095","20231016","988"
"5131","リンカーズ","東証GR","情報通信","2502","13747000","0","0","55.32","1.4","3.29","130.04","18200","100","20230523","414","20240209","179"
"5132","pluszero","東証GR","情報通信","15177","2542160","0","0","106.84","15.76","55.88","378.88","597000","100","20230306","10300","20230105","3250"
"5133","テリロジーホールディングス","東証ST","情報通信","4945","17111742","1.73","5","28.09","1.97","10.29","146.56","28900","100","20230302","390","20231024","271"
"5134","POPER","東証GR","情報通信","2357","3922076","0","0","49.06","3.7","12.25","162.45","60100","100","20230209","833","20231225","535"
"5136","tripla","東証GR","情報通信","12123","5748322","0","0","71.11","11.33","29.66","186.19","210900","100","20230308","3225","20231024","1013"
"5137","スマートドライブ","東証GR","情報通信","12880","6213030","0","0","98.25","26.69","21.1","77.67","207300","100","20230630","3720","20230105","1284"
"5138","Rebase","東証GR","情報通信","4124","4607700","0","0","21.35","4.99","41.92","179.53","89500","100","20230704","1556","20231218","751"
"5139","オープンワーク","東証GR","情報通信","19536","21327360","0","0","34.4","3.42","26.63","267.99","91600","100","20230217","1798","20230922","728"
"5142","アキレス","東証PR","化学","22783","15362714","2.7","40","55.09","0.47","26.92","3145.82","148300","100","20240110","1630","20230117","1218"
"5161","西川ゴム工業","東証ST","ゴム製品","40331","19995387","1.98","40","11.09","0.49","181.82","4132.91","201700","100","20240126","2174","20230117","1060"
"5162","朝日ラバー","東証ST","ゴム製品","2536","4618520","3.64","20","16.65","0.51","32.98","1086.51","54900","100","20230424","638","20230214","508"
"5184","ニチリン","東証ST","ゴム製品","51378","14371500","3.97","142","8.89","0.94","402.17","3791.84","357500","100","20240207","3720","20230104","1730"
"5185","フコク","東証PR","ゴム製品","26361","17609130","3.67","55","8.32","0.62","179.99","2413.24","149700","100","20230724","1664","20230320","991"
"5186","ニッタ","東証PR","ゴム製品","112160","30272503","3.24","120","10.32","0.75","359.12","4967.05","370500","100","20240115","3940","20230106","2720"
"5187","クリエートメディック","東証ST","精密機器","8582","9664327","4.17","37","207.48","0.54","4.28","1646.76","88800","100","20230905","940","20230116","862"
"5189","櫻護謨","東証ST","ゴム製品","4744","2024000","2.13","50","11.06","0.58","211.9","4059.92","234400","100","20230403","4515","20230322","1310"
"5191","住友理工","東証PR","ゴム製品","119337","104042806","1.39","16","8.63","0.65","132.92","1775.12","114700","100","20240131","1330","20230105","591"
"5192","三ツ星ベルト","東証PR","ゴム製品","154218","32604198","5.29","250","18.9","1.47","250.32","3209.05","473000","100","20230906","5020","20230105","3330"
"5194","相模ゴム工業","東証ST","ゴム製品","10391","10937449","1.05","10","24.55","1.04","38.69","911.42","95000","100","20230905","1022","20230126","727"
"5195","バンドー化学","東証PR","ゴム製品","75959","44213536","3.96","68","11.86","0.89","144.82","1924.75","171800","100","20240123","1818","20230105","924"
"5199","不二ラテックス","東証ST","ゴム製品","2502","1286199","2.57","50","6.24","0.66","311.48","2937.43","194500","100","20230220","2063","20230106","1850"
"5201","AGC","東証PR","ガラス土石","1147403","217434681","3.98","210","21.13","0.77","249.79","6831.89","527700","100","20240207","5711","20230104","4310"
"5202","日本板硝子","東証PR","ガラス土石","55290","91388499","0","0","4.59","0.44","131.93","1385.57","60500","100","20230913","882","20231214","536"
"5204","石塚硝子","東証ST","ガラス土石","14874","4219554","1.42","50","3.97","0.49","887.63","7127.37","352500","100","20240201","4135","20230118","1402"
"5208","有沢製作所","東証PR","化学","37845","33550424","3.99","45","27.66","0.83","40.78","1353.33","112800","100","20230227","1438","20230804","995"
"5210","日本山村硝子","東証ST","ガラス土石","16161","11145249","2.07","30","1.38","0.3","1047.82","4832.86","145000","100","20230829","2120","20230117","509"
"5212","不二硝子","東証ST","ガラス土石","3637","2142000","-","-","36.75","1.02","46.21","1657.96","169800","100","20231226","1711","20230613","991"
"5214","日本電気硝子","東証PR","ガラス土石","359976","99523246","3.59","130","11.94","0.66","302.88","5463.53","361700","100","20240206","3650","20230104","2295"
"5216","倉元製作所","東証ST","ガラス土石","2943","33831519","0","0","-","6.51","-11.95","13.37","8700","100","20230509","144","20231228","83"
"5217","テクノクオーツ","東証ST","ガラス土石","20904","3900000","2.43","130","7.91","1.17","677.58","4584.25","536000","100","20240122","6320","20230116","3715"
"5218","オハラ","東証ST","ガラス土石","29013","25450000","2.02","23","15.43","0.59","73.88","1931.08","114000","100","20230619","1720","20231225","1037"
"5232","住友大阪セメント","東証PR","ガラス土石","128564","34329517","3.2","120","12.22","0.69","306.55","5430.42","374500","100","20230809","4377","20230112","3115"
"5233","太平洋セメント","東証PR","ガラス土石","390718","121985078","2.19","70","9.38","0.7","341.48","4551.97","320300","100","20240209","3270","20230112","2006"
"5237","ノザワ","東証ST","ガラス土石","11834","12075000","3.57","35","12.07","0.6","81.2","1642.69","98000","100","20240209","1019","20230113","631"
"5240","monoAI_technology","東証GR","情報通信","6070","10359160","0","0","-","4.96","-18.09","118.19","58600","100","20230307","2390","20231226","393"
"5242","アイズ","東証GR","情報通信","1584","1010400","0","0","224.96","2.44","6.97","643.48","156800","100","20230703","4535","20231218","1475"
"5243","note","東証GR","情報通信","8347","15344200","0","0","-","5.31","-5.38","102.52","54400","100","20230307","927","20230104","401"
"5244","jig.jp","東証GR","情報通信","13920","42054000","1.38","4.58","14.47","5.1","22.88","64.89","33100","100","20230821","550","20230426","254"
"5246","ELEMENTS","東証GR","情報通信","13202","21966800","0","0","-","14.93","-8.65","40.26","60100","100","20230303","1385","20231226","316"
"5247","BTM","東証GR","情報通信","2968","1413500","0","0","30.25","5.58","69.42","376.12","210000","100","20230309","7120","20231226","1766"
"5248","テクノロジーズ","東証GR","情報通信","12029","2820400","0","0","298.25","13.75","14.3","310.24","426500","100","20240205","4860","20230427","1420"
"5250","プライム・ストラテジー","東証ST","情報通信","5050","3475600","1.38","20","19.33","3.87","75.17","375.53","145300","100","20230705","4690","20231225","1382"
"5252","日本ナレッジ","東証GR","情報通信","2105","1376000","1.31","20","14.04","2.22","109.01","688.23","153000","100","20230324","3935","20231006","1345"
"5253","カバー","東証GR","情報通信","159534","61124200","0","0","49.3","18.42","52.94","141.66","261000","100","20231201","3325","20230331","1300"
"5254","Arent","東証GR","情報通信","30374","6198780","0","0","58.98","8.54","83.08","573.67","490000","100","20230606","7540","20230328","1453"
"5255","モンスターラボホールディングス","東証GR","情報通信","10504","34326950","0","0","-","2.13","-29","143.93","30600","100","20230502","1145","20231225","233"
"5256","Fusic","東証GR","情報通信","4813","1253400","0","0","36.49","5.64","105.22","680.33","384000","100","20230405","6760","20231218","3340"
"5257","ノバシステム","東証ST","情報通信","3394","1402500","0","0","11.27","1.97","214.74","1229.95","242000","100","20230404","3610","20230424","2053"
"5258","トランザクション・メディア・ネットワークス","東証GR","情報通信","24707","36931200","0","0","33.74","2.37","19.83","282.75","66900","100","20230704","1978","20231226","612"
"5259","BBDイニシアティブ","東証GR","情報通信","2971","5276221","1.95","10.96","10.42","2.72","54.02","207.26","56300","100","20230403","893","20231004","510"
"5261","リソルホールディングス","東証PR","サービス","33441","5564200","1.33","80","25.68","2.32","234","2590.28","601000","100","20240110","6250","20230116","4500"
"5262","日本ヒューム","東証PR","ガラス土石","25826","29347500","2.84","25","12.81","0.54","68.72","1636.15","88000","100","20231201","964","20230213","630"
"5268","旭コンクリート工業","東証ST","ガラス土石","9634","13233000","2.47","18","30.38","0.9","23.96","811.27","72800","100","20240104","768","20231018","643"
"5269","日本コンクリート工業","東証PR","ガラス土石","26578","57777432","2.83","13","20.81","0.67","22.1","686.11","46000","100","20240118","510","20230105","212"
"5271","トーヨーアサノ","東証ST","ガラス土石","3634","1440840","2.97","75","7.26","0.86","347.33","2938.39","252200","100","20240125","2792","20230629","1498"
"5273","三谷セキサン","東証ST","ガラス土石","131180","24986599","1.52","80","13.58","1.3","386.64","4033.97","525000","100","20240104","5480","20230106","3595"
"5277","スパンクリートコーポレーション","東証ST","ガラス土石","2473","9332400","-","-","-","0.36","-45.31","746.47","26500","100","20230906","423","20230111","215"
"5279","日本興業","東証ST","ガラス土石","2589","3064200","2.96","25","9.41","0.33","89.79","2554.81","84500","100","20240126","960","20230104","697"
"5280","ヨシコン","東証ST","不動産","10094","8030248","4.06","51","5.76","0.38","218.19","3289.9","125700","100","20240130","1317","20230113","1035"
"5282","ジオスター","東証ST","ガラス土石","10247","31530000","-","-","18.16","0.46","17.9","713.7","32500","100","20230908","358","20230816","284"
"5283","高見澤","東証ST","卸売","5653","1758400","1.56","50","4.49","0.4","716.25","7990.76","321500","100","20240209","3220","20230116","1855"
"5284","ヤマウホールディングス","東証ST","ガラス土石","13167","6306000","3.54","74","8.52","1.28","245.14","1627.42","208800","100","20240208","2194","20230125","791"
"5285","ヤマックス","東証ST","ガラス土石","16664","11580000","2.08","30","13.86","2.28","103.81","632.49","143900","100","20240208","1545","20230117","360"
"5287","イトーヨーギョー","東証ST","ガラス土石","2102","3568000","2.55","15","25.1","0.54","23.47","1096.11","58900","100","20230512","711","20230105","550"
"5288","アジアパイルホールディングス","東証PR","ガラス土石","30510","38089792","3.75","30","8.97","0.7","89.26","1144.65","80100","100","20240207","821","20230104","530"
"5290","ベルテクスコーポレーション","東証ST","ガラス土石","49924","30553350","2.45","40","10.14","1.35","161.11","1211.95","163400","100","20240202","1803","20230216","1250"
"5301","東海カーボン","東証PR","ガラス土石","230004","224943104","3.52","36","10.9","0.67","93.81","1529.51","102250","100","20230307","1387","20240118","996"
"5302","日本カーボン","東証PR","ガラス土石","52536","11832504","4.5","200","15.32","1.02","289.74","4363.32","444000","100","20231124","4670","20230320","3900"
"5304","SECカーボン","東証ST","ガラス土石","55585","20694340","2.53","68","11.62","0.8","231.25","3342.89","268600","100","20231002","2966","20230104","1336"
"5310","東洋炭素","東証PR","ガラス土石","105173","20992588","1.8","90","15.01","1.26","333.77","3972.5","501000","100","20230810","6390","20230106","3525"
"5331","ノリタケカンパニーリミテド","東証PR","ガラス土石","118743","14842849","3","240","10.53","0.85","760.01","9411.48","800000","100","20240208","8440","20230104","3940"
"5332","TOTO","東証PR","ガラス土石","664565","176981297","2.66","100","16.33","1.3","229.94","2877.9","375500","100","20230112","5130","20231214","3541"
"5333","日本碍子","東証PR","ガラス土石","586947","311956996","2.66","50","14.72","0.85","127.79","2217.5","188150","100","20230920","2049","20230707","1642"
"5334","日本特殊陶業","東証PR","ガラス土石","861211","204175320","3.79","160","10.53","1.4","400.53","3022.56","421800","100","20240207","4288","20230104","2395"
"5337","ダントーホールディングス","東証ST","ガラス土石","30492","33000000","0","0","-","3.45","-28.73","268.05","92400","100","20240116","1337","20230111","206"
"5341","ASAHI_EITOホールディングス","東証ST","ガラス土石","1933","4516369","0","0","480.9","1.98","0.89","216.55","42800","100","20230707","840","20231227","389"
"5344","MARUWA","東証PR","ガラス土石","389099","12372000","0.27","86","-","3.73","-","8439.92","3145000","100","20240205","32550","20230104","15410"
"5351","品川リフラクトリーズ","東証PR","ガラス土石","95661","47146830","3.35","68","6.3","1.15","322","1770.14","202900","100","20240202","2115","20230105","758"
"5352","黒崎播磨","東証PR","ガラス土石","119856","9114528","3.04","400","8.39","1.36","1567.6","9696.72","1315000","100","20240201","13740","20230104","5000"
"5355","日本坩堝","東証ST","ガラス土石","4002","7045200","2.11","12","13.44","0.72","42.25","793.61","56800","100","20240105","591","20230207","528"
"5357","ヨータイ","東証PR","ガラス土石","30149","20664000","3.43","50","10.74","0.88","135.89","1648.99","145900","100","20230309","1617","20230105","1250"
"5363","東京窯業","東証ST","ガラス土石","22420","45477000","3.45","17","8.77","0.59","56.21","831.16","49300","100","20240205","522","20230104","262"
"5367","ニッカトー","東証ST","ガラス土石","7063","12135695","4.12","24","11.03","0.55","52.78","1059.94","58200","100","20230704","696","20230104","462"
"5368","日本インシュレーション","東証ST","ガラス土石","8881","8707200","3.63","37","10.05","0.69","101.52","1470.57","102000","100","20240205","1040","20230501","807"
"5380","新東","東証ST","ガラス土石","1282","831682","2.43","37.5","218.1","0.33","7.07","4654.77","154200","100","20230912","2999","20230804","1287"
"5381","Mipox","東証ST","ガラス土石","6763","14451920","-","-","-","0.89","-42.14","525.66","46800","100","20230203","771","20231226","402"
"5384","フジミインコーポレーテッド","東証PR","ガラス土石","262323","80098500","2.24","73.34","41.89","3.49","78.18","938.16","327500","100","20230704","3785","20230104","2017"
"5386","鶴弥","東証ST","ガラス土石","3053","7767800","1.27","5","25.06","0.25","15.68","1554.17","39300","100","20240104","420","20230111","310"
"5388","クニミネ工業","東証ST","ガラス土石","14652","14450000","3.94","40","10.54","0.6","96.16","1684.32","101400","100","20230919","1090","20230105","798"
"5391","エーアンドエーマテリアル","東証ST","ガラス土石","10127","7778000","3.84","50","4.75","0.55","274.32","2352.28","130200","100","20240208","1388","20230106","860"
"5393","ニチアス","東証PR","ガラス土石","236664","67811917","2.81","98","9.57","1.25","364.81","2801.26","349000","100","20240209","3680","20230105","2292"
"5395","理研コランダム","東証ST","ガラス土石","2558","922128","2.16","60","22.11","0.52","125.47","5359.45","277400","100","20231109","3100","20230601","2300"
"5401","日本製鉄","東証PR","鉄鋼","3380293","950321402","4.5","160","6.97","0.7","510.41","5093.28","355700","100","20230920","3816","20230105","2228"
"5406","神戸製鋼所","東証PR","鉄鋼","814293","396345963","4.38","90","6.76","0.79","303.85","2590.51","205450","100","20230920","2179","20230105","629"
"5408","中山製鋼所","東証PR","鉄鋼","57402","63079256","4.62","42","6.4","0.49","142.2","1873.55","91000","100","20230228","1205","20230601","755"
"5410","合同製鐵","東証PR","鉄鋼","98414","17145211","4.88","280","5.79","0.69","991.38","8334.66","574000","100","20240202","6030","20230106","2080"
"5411","JFEホールディングス","東証PR","鉄鋼","1431063","639438399","4.47","100","7.1","0.59","315.11","3824.43","223800","100","20230904","2437","20230105","1496"
"5423","東京製鐵","東証PR","鉄鋼","266245","155064249","2.91","50","7.16","0.96","239.65","1791.72","171700","100","20230921","1921","20230104","1174"
"5440","共英製鋼","東証PR","鉄鋼","98463","44898730","3.65","80","7.33","0.49","299.13","4449.62","219300","100","20240208","2312","20230105","1234"
"5444","大和工業","東証PR","鉄鋼","541970","65000000","3.6","300","7.99","1.02","1043.93","8162.14","833800","100","20240208","8573","20230105","4355"
"5445","東京鐵鋼","東証PR","鉄鋼","50011","9365305","4.31","230","7.01","0.95","761.7","5649.74","534000","100","20240201","5590","20230104","1422"
"5446","北越メタル","東証ST","鉄鋼","6087","3994000","2.3","35","14.65","0.35","104.01","4337.34","152400","100","20230314","1996","20230105","1320"
"5449","大阪製鐵","東証ST","鉄鋼","96314","42279982","1.05","24","28.6","0.58","79.65","3940.49","227800","100","20240104","2655","20230106","1132"
"5451","淀川製鋼所","東証PR","鉄鋼","137781","34837230","2.78","110","12.55","0.6","315.09","6581.8","395500","100","20231206","4100","20230105","2462"
"5458","高砂鐵工","東証ST","鉄鋼","2608","3008000","4.04","35","11.32","0.59","76.61","1457.24","86700","100","20230306","892","20231101","749"
"5461","中部鋼鈑","東証PR","鉄鋼","73114","30200000","3.55","86","9.98","0.88","242.68","2738.69","242100","100","20230310","2820","20230104","1428"
"5463","丸一鋼管","東証PR","鉄鋼","323400","84000000","3.23","124.5","12.37","0.91","311.34","4245.68","385000","100","20240208","3948","20230105","2638"
"5464","モリ工業","東証ST","鉄鋼","37706","7766380","3.5","170","9.42","0.71","515.16","6820.04","485500","100","20240208","4985","20230105","2698"
"5471","大同特殊鋼","東証PR","鉄鋼","354759","217243845","2.82","46","10.88","0.89","150.15","1837.77","163300","100","20240201","1713","20230105","832"
"5476","日本高周波鋼業","東証ST","鉄鋼","8607","14687617","-","-","1.3","0.39","450.37","1499.25","58600","100","20230921","760","20230106","307"
"5480","日本冶金工業","東証PR","鉄鋼","67181","15497333","4.61","200","5.48","0.73","790.43","5933.82","433500","100","20230920","5160","20230426","3820"
"5481","山陽特殊製鋼","東証PR","鉄鋼","117790","54507307","3.01","65","13.85","0.53","156.01","4105.35","216100","100","20230925","3105","20230105","2043"
"5482","愛知製鋼","東証PR","鉄鋼","66720","19886675","2.38","80","12.73","0.31","263.47","10796.44","335500","100","20230920","4455","20230203","2107"
"5484","東北特殊鋼","東証ST","鉄鋼","13024","7550000","1.16","20","17.32","0.48","99.62","3607.98","172500","100","20230130","1919","20230522","1676"
"5491","日本金属","東証ST","鉄鋼","5883","6700000","0","0","3.46","0.22","253.95","4002.68","87800","100","20230309","1010","20231102","774"
"5527","property_technologies","東証GR","不動産","4291","4154251","4.36","45","7.8","0.6","132.39","1713.75","103300","100","20230116","3650","20240208","1029"
"5532","リアルゲイト","東証GR","不動産","4485","2801300","0","0","11","1.82","145.6","880.77","160100","100","20230622","3825","20231226","1298"
"5533","エリッツホールディングス","東証ST","不動産","6594","3353900","2.95","58","10.48","1.55","187.6","1269.78","196600","100","20230713","4760","20240119","1795"
"5535","ミガロホールディングス","東証PR","不動産","10206","7315800","3.23","45","7.74","0.96","180.13","1457.97","139500","100","20231218","1644","20231024","1111"
"5541","大平洋金属","東証PR","鉄鋼","26155","19577071","0","0","-","0.37","-58.35","3581.22","133600","100","20230210","2156","20240118","1143"
"5542","新報国マテリアル","東証ST","鉄鋼","4458","3510000","2.36","30","8.54","0.84","148.65","1518.03","127000","100","20230621","1400","20231107","1069"
"5563","新日本電工","東証PR","鉄鋼","42126","137217772","2.28","7","14.08","0.62","21.81","493.19","30700","100","20230127","394","20230817","259"
"5570","ジェノバ","東証GR","情報通信","13747","14425000","0.52","5","28.48","4.19","33.46","227.42","95300","100","20230419","2300","20231031","731"
"5571","エキサイトホールディングス","東証ST","情報通信","4297","4933400","0","0","9.22","1.27","94.5","685.8","87100","100","20230420","1949","20231213","836"
"5572","Ridge-i","東証GR","情報通信","9102","3794130","0","0","128.22","4.57","18.71","525.02","239900","100","20230427","4620","20231225","1345"
"5574","ABEJA","東証GR","情報通信","34697","8851200","0","0","87.4","9.54","44.85","410.8","392000","100","20230622","10300","20240118","2512"
"5575","Globee","東証GR","情報通信","6382","4997633","0","0","30.48","12.92","41.89","98.86","127700","100","20230622","4495","20231222","1096"
"5576","オービーシステム","東証ST","情報通信","6050","2367000","2.74","70","13.82","1.32","184.94","1931.56","255600","100","20230622","4410","20230817","1755"
"5577","アイデミー","東証GR","情報通信","7760","3973400","0","0","42.99","7.08","45.43","275.73","195300","100","20230623","5760","20231228","1345"
"5578","ARアドバンストテクノロジ","東証GR","情報通信","7623","3304160","0","0","20.86","4.24","110.6","543.85","230700","100","20230628","4990","20231101","1791"
"5580","プロディライト","東証GR","情報通信","1763","1632850","0","0","13.89","2.63","77.78","410.94","108000","100","20230628","3285","20240209","1080"
"5582","グリッド","東証GR","情報通信","16723","4684200","0","0","57.28","5.38","62.32","663.29","357000","100","20230710","6400","20231117","2051"
"5585","エコナビスタ","東証GR","情報通信","17359","6408070","0","0","58.28","6","46.48","451.25","270900","100","20230801","3725","20230912","2032"
"5586","Laboro.AI","東証GR","情報通信","11847","15837628","0","0","82.83","5.27","9.03","141.96","74800","100","20230801","1545","20231019","659"
"5587","インバウンドプラットフォーム","東証GR","情報通信","5658","3445600","0","0","17.52","5.3","93.72","310.09","164200","100","20230830","2980","20231212","1302"
"5588","ファーストアカウンティング","東証GR","情報通信","9463","5274600","0.07","1.25","78.2","11.59","22.94","154.83","179400","100","20230922","2554","20231115","1192"
"5589","オートサーバー","東証ST","情報通信","13085","7035100","3.23","60","9.31","1.22","199.73","1527.35","186000","100","20230926","2280","20231024","1478"
"5590","ネットスターズ","東証GR","情報通信","13542","16676800","0","0","-","1.87","-24.32","434.8","81200","100","20230926","1345","20240116","606"
"5591","AVILEN","東証GR","情報通信","13461","6050000","0","0","90.82","36.29","24.5","61.32","222500","100","20240109","2860","20231020","1842"
"5592","くすりの窓口","東証GR","情報通信","17414","10980000","0","0","19.39","4.53","81.81","350","158600","100","20231128","2095","20231016","1382"
"5595","QPS研究所","東証GR","情報通信","86411","36337800","0","0","-","12.34","-34.7","192.7","237800","100","20240208","2648","20231207","643"
"5596","アウトルックコンサルティング","東証GR","情報通信","4370","3570000","0","0","11.75","6.69","104.2","182.91","122400","100","20231212","1666","20231228","1100"
"5597","ブルーイノベーション","東証GR","情報通信","5345","3939051","0","0","-","56.87","-75.91","23.86","135700","100","20231212","2200","20240208","1244"
"5599","S＆J","東証GR","情報通信","6730","5627200","0","0","32.05","8.12","37.32","147.32","119600","100","20240116","1350","20231218","1069"
"5602","栗本鐵工所","東証PR","鉄鋼","44603","12798490","2.87","100","10.57","0.55","329.75","6354.76","348500","100","20240208","3700","20230106","1690"
"5603","虹技","東証ST","鉄鋼","5010","3362163","4.03","60","10.15","0.37","146.79","3982.56","149000","100","20230915","1633","20230116","881"
"5609","日本鋳造","東証ST","鉄鋼","4801","4825050","3.02","30","9.99","0.42","99.56","2394.65","99500","100","20230925","1089","20230113","815"
"5610","大和重工","東証ST","鉄鋼","1460","1358000","-","-","15.73","0.49","68.36","2182.53","107500","100","20230831","2010","20230130","763"
"5612","日本鋳鉄管","東証ST","鉄鋼","3823","3293074","1.89","22","15.54","0.43","74.69","2708.6","116100","100","20230911","1274","20230111","933"
"5616","雨風太陽","東証GR","情報通信","3594","2415550","0","0","-","112.3","-76.59","13.25","148800","100","20231228","2238","20231218","1041"
"5618","ナイル","東証GR","情報通信","9585","8535200","0","0","-","10.08","-109.31","111.42","112300","100","20231220","1540","20231227","883"
"5619","マーソ","東証GR","情報通信","7461","3552750","0","0","18.56","4.5","113.15","466.4","210000","100","20231222","2392","20231221","1943"
"5621","ヒューマンテクノロジーズ","東証GR","情報通信","12730","9593200","0.77","10.2","39.05","6.35","33.98","208.9","132700","100","20231229","1444","20231225","1141"
"5631","日本製鋼所","東証PR","機械","174096","74399910","2.48","58","12.3","1.05","190.25","2218.1","234000","100","20230622","3178","20240208","2316"
"5632","三菱製鋼","東証PR","鉄鋼","22952","15709968","4.11","60","223.39","0.53","6.54","2746.77","146100","100","20230801","1799","20230105","959"
"5644","メタルアート","東証ST","鉄鋼","11240","3157382","3.31","118","4.54","0.49","783.73","7306.7","356000","100","20231114","4530","20230111","2156"
"5658","日亜鋼業","東証ST","鉄鋼","16976","51755478","3.05","10","12.44","0.31","26.37","1049.11","32800","100","20240130","342","20230105","242"
"5659","日本精線","東証PR","鉄鋼","34704","6253038","3.78","210","15.69","0.9","353.81","6170.85","555000","100","20240131","5670","20230105","4150"
"5660","神鋼鋼線工業","東証ST","鉄鋼","6918","5912999","2.56","30","12.57","0.31","93.05","3734.09","117000","100","20240208","1252","20230113","900"
"5695","パウダーテック","東証ST","鉄鋼","7321","2970000","3.65","90","14.57","0.57","169.14","4358.33","246500","100","20230726","2600","20230330","2130"
"5697","サンユウ","東証ST","鉄鋼","3429","6091000","3.73","21","8.1","0.36","69.49","1557.74","56300","100","20230306","802","20231226","501"
"5698","エンビプロ・ホールディングス","東証PR","鉄鋼","17848","30199656","2.71","16","10.53","1.08","56.12","546.76","59100","100","20230125","778","20230713","514"
"5699","イボキン","東証ST","鉄鋼","4123","3427200","2.29","27.5","10.09","1.02","119.27","1179.42","120300","100","20230104","1418","20231024","1100"
"5702","大紀アルミニウム工業所","東証PR","非鉄金属","53184","43629235","4.1","50","17.15","0.7","71.09","1739.87","121900","100","20230726","1584","20231214","1127"
"5703","日本軽金属ホールディングス","東証PR","非鉄金属","104831","61993750","2.96","50","13.96","0.49","121.09","3433.54","169100","100","20240131","1868","20230601","1322"
"5704","JMC","東証GR","非鉄金属","6714","5503600","0","0","20.98","2.36","58.16","516.99","122000","100","20231002","1536","20230601","609"
"5706","三井金属鉱業","東証PR","非鉄金属","251682","57356856","3.19","140","13.93","0.95","314.95","4597.58","438800","100","20240205","4903","20230105","3045"
"5707","東邦亜鉛","東証PR","非鉄金属","14781","13585521","-","-","-","0.61","-2209.59","1772.68","108800","100","20230307","2271","20231226","1053"
"5711","三菱マテリアル","東証PR","非鉄金属","354299","131489535","3.49","94","9.26","0.56","290.89","4793.04","269450","100","20240207","2776","20230105","2010"
"5713","住友金属鉱山","東証PR","非鉄金属","1166164","290814015","1.77","71","20.03","0.62","200.17","6446.52","401000","100","20230302","5515","20240209","3936"
"5714","DOWAホールディングス","東証PR","非鉄金属","311806","61989206","2.19","110","13.02","0.83","386.4","6069.49","503000","100","20231204","5330","20230104","3945"
"5715","古河機械金属","東証PR","非鉄金属","76806","40445568","2.63","50","4.35","0.6","436.42","3170.97","189900","100","20231101","2136","20230106","1236"
"5721","エス・サイエンス","東証ST","非鉄金属","3257","141593749","0","0","5.93","1.1","3.88","20.93","2300","100","20230208","28","20231226","20"
"5724","アサカ理研","東証ST","非鉄金属","5721","5144600","0.72","8","17.08","1.32","65.11","841.01","111200","100","20230308","1533","20231221","934"
"5726","大阪チタニウムテクノロジーズ","東証PR","非鉄金属","102010","36800000","1.8","50","14.57","2.96","190.23","936.21","277200","100","20230125","4025","20240125","2562"
"5727","東邦チタニウム","東証PR","非鉄金属","126933","71270910","1.12","20","30.91","2.33","57.61","763.78","178100","100","20230124","2829","20230509","1592"
"5729","日本精鉱","東証ST","非鉄金属","7085","2605900","2.57","70","20.75","0.7","131.04","3892.04","271900","100","20230308","3190","20231228","2552"
"5741","UACJ","東証PR","非鉄金属","209744","48328193","2.07","90","19.03","0.79","228.12","5507.93","434000","100","20240209","4485","20230104","2171"
"5742","エヌアイシ・オートテック","東証ST","非鉄金属","4593","5500000","4.91","41","57.59","1.31","14.5","638.15","83500","100","20230927","869","20230120","775"
"5753","日本伸銅","東証ST","非鉄金属","4451","2370000","0.53","10","6.18","0.38","303.81","4969.95","187800","100","20230206","2105","20231227","1801"
"5757","CKサンエツ","東証PR","非鉄金属","33739","8867000","1.84","70","7.7","0.7","493.88","5409.71","380500","100","20230703","4490","20231004","3375"
"5759","日本電解","東証GR","非鉄金属","9910","9050000","0","0","-","1.41","-132.6","777.8","109500","100","20230227","2480","20231227","925"
"5781","東邦金属","東証ST","非鉄金属","4395","2338001","0","0","436.19","1.19","4.31","1581.47","188000","100","20230314","2411","20230117","820"
"5801","古河電気工業","東証PR","非鉄金属","203415","70666917","2.08","60","-","0.66","0","4365.83","287850","100","20240209","2939.5","20231219","2134"
"5802","住友電気工業","東証PR","非鉄金属","1649015","793940571","2.99","62","13.5","0.8","153.87","2602.08","207700","100","20240207","2100","20230116","1456"
"5803","フジクラ","東証PR","非鉄金属","460955","295863421","2.89","45","10.48","1.37","148.66","1135","155800","100","20240209","1558","20230407","863"
"5805","SWCC","東証PR","非鉄金属","99571","30826861","2.63","85","11.61","1.34","278.32","2410.86","323000","100","20240205","3450","20230106","1689"
"5809","タツタ電線","東証PR","非鉄金属","48408","70156394","-","-","-","0.86","-","802.12","69000","100","20230111","717","20231225","669"
"5816","オーナンバ","東証ST","非鉄金属","11955","12558251","3.15","30","6.45","0.5","147.7","1895.42","95200","100","20230726","1050","20230206","686"
"5817","JMACS","東証ST","非鉄金属","2735","4691555","1.72","10","19.5","0.6","29.9","972.27","58300","100","20230928","655","20230106","429"
"5819","カナレ電気","東証ST","非鉄金属","11842","7028060","3.32","56","11.69","0.67","144.12","2503.16","168500","100","20240126","1797","20230320","1217"
"5820","三ッ星","東証ST","非鉄金属","8349","3799965","0.77","17","44.48","1.17","49.39","1880.39","219700","100","20230707","3140","20230306","827"
"5821","平河ヒューテック","東証PR","非鉄金属","24097","17627800","2.63","36","14.22","0.54","96.1","2531.69","136700","100","20230731","1780","20230106","1091"
"5830","いよぎんホールディングス","東証PR","銀行","335504","313408831","1.87","20","10.28","0.42","104.1","2550.35","107050","100","20230921","1145","20230118","681"
"5831","しずおかフィナンシャルグループ","東証PR","銀行","809526","585129069","2.82","39","13.71","0.68","100.89","2046.93","138350","100","20240205","1464","20230316","904"
"5832","ちゅうぎんフィナンシャルグループ","東証PR","銀行","198075","184771461","2.8","30","10.32","0.35","103.85","3041.42","107200","100","20231102","1260","20230608","845"
"5834","SBIリーシングサービス","東証GR","証券・先物","24341","7776800","0.96","30","8.69","1.17","360.05","2686.34","313000","100","20240205","3495","20230601","2025"
"5838","楽天銀行","東証PR","銀行","398169","174482380","0","0","12.49","1.65","182.77","1379","228200","100","20231206","2789","20230426","1785"
"5842","インテグラル","東証GR","証券・先物","109297","34975000","0","0","-","2.94","-","1061.39","312500","100","20240206","3255","20231115","1622"
"5843","ニッポンインシュア","東証ST","その他金融","2532","2794300","0.88","8","8.67","1.64","104.5","551.24","90600","100","20231003","1036","20231019","598"
"5844","京都フィナンシャルグループ","東証PR","銀行","720487","303362752","1.47","35","23.54","0.64","100.91","3706.83","237500","100","20240201","2554","20231108","1988"
"5845","全保連","東証ST","その他金融","25643","22998000","2.69","30","13.05","7.2","85.45","154.84","111500","100","20240206","1235","20231026","534"
"5851","リョービ","東証PR","非鉄金属","91540","32646143","2.5","70","10.8","0.6","259.51","4669.4","280400","100","20230920","3320","20230105","1115"
"5852","アーレスティ","東証PR","非鉄金属","20001","26076717","2.61","20","14.16","0.32","54.16","2360.09","76700","100","20230920","941","20230116","413"
"5856","エルアイイーエイチ","東証ST","小売","3146","74903800","-","-","-","1.04","-","40.45","4200","100","20230303","66","20231226","39"
"5857","AREホールディングス","東証PR","非鉄金属","153439","79708688","4.68","90","11.18","1.33","172.23","1448.99","192500","100","20230310","2096","20231026","1768"
"5867","エスネットワークス","東証GR","サービス","4200","3048100","2.98","41","27.45","3.18","50.2","432.73","137800","100","20231220","2356","20240118","1242"
"5868","ロココ","東証ST","サービス","3910","3702500","0","0","12.57","2.92","84","361.65","105600","100","20231221","1337","20240117","1001"
"5869","早稲田学習研究会","東証ST","サービス","11559","10211250","4.66","52.8","10.72","1.91","105.57","593.37","113200","100","20231222","1199","20231228","1078"
"5870","ナルネットコミュニケーションズ","東証GR","サービス","4788","5332100","0","0","11.91","1.54","75.39","582.32","89800","100","20240110","1271","20231228","793"
"5871","SOLIZE","東証ST","サービス","18180","6000000","1.45","44","30.15","1.93","100.5","1568.83","303000","100","20240209","3030","20240207","2011"
"5884","クラダシ","東証GR","小売","3541","10763358","0","0","44.28","3.52","7.43","93.47","32900","100","20230630","879","20240122","290"
"5885","ジーデップ・アドバンス","東証ST","卸売","10364","1327000","0.79","62","25.54","4.89","305.77","1598.38","781000","100","20230705","18600","20231031","6700"
"5888","DAIWA_CYCLE","東証GR","小売","5968","2724900","2.24","49","8.88","1.21","246.5","1815","219000","100","20240202","2379","20231117","1566"
"5889","Japan_Eyewear_Holdings","東証ST","小売","34312","23944260","1.19","17","14.31","3.03","100.17","473.6","143300","100","20240130","1548","20231117","1002"
"5891","魁力屋","東証ST","小売","14016","5490000","0.51","13","39.26","4.92","65.03","519.13","255300","100","20240131","2873","20231215","1610"
"5892","yutori","東証GR","小売","4533","1565700","0","0","21.08","16.02","137.32","180.75","289500","100","20240104","3920","20240118","2193"
"5900","ダイケン","東証ST","金属製品","4884","5970480","1.83","15","13.8","0.35","59.27","2340.33","81800","100","20230929","979","20230104","695"
"5901","東洋製罐グループホールディングス","東証PR","金属製品","416354","175862162","3.8","90","17.26","0.63","137.16","3771.57","236750","100","20230919","2802","20230113","1551"
"5902","ホッカンホールディングス","東証PR","金属製品","24407","13469387","-","-","13.85","0.39","130.8","4594.44","181200","100","20240208","1886","20230601","1315"
"5903","シンポ","東証ST","金属製品","7959","6140850","2.7","35","10.03","1.12","129.16","1152.87","129600","100","20230502","1344","20230104","1125"
"5905","日本製罐","東証ST","金属製品","2535","1392000","3.84","70","9.34","0.48","195.04","3811.79","182100","100","20240131","2070","20230113","1108"
"5906","エムケー精工","東証ST","金属製品","6893","15595050","1.81","8","8.1","0.41","54.59","1067.97","44200","100","20240129","463","20230104","339"
"5909","コロナ","東証ST","金属製品","27993","29342454","2.94","28","34.82","0.37","27.4","2559.92","95400","100","20240104","996","20230531","860"
"5911","横河ブリッジホールディングス","東証PR","金属製品","119308","43164802","3.44","95","9.39","0.93","294.3","2969.69","276400","100","20230921","2911","20230110","1822"
"5915","駒井ハルテック","東証PR","金属製品","10060","4972709","3.46","70","15.73","0.31","128.63","6549.21","202300","100","20231124","2288","20230106","1452"
"5918","瀧上工業","東証ST","金属製品","22066","2697600","1.22","100","32.63","0.43","250.68","18871.44","818000","100","20231229","8600","20230522","6700"
"5921","川岸工業","東証ST","金属製品","10725","3000000","2.8","100","9.68","0.39","369.3","9152.02","357500","100","20240124","3635","20230316","2601"
"5922","那須電機鉄工","東証ST","金属製品","11112","1200000","1.62","150","9.91","0.42","934.56","21802.63","926000","100","20230403","9900","20230123","7270"
"5923","高田機工","東証ST","金属製品","8279","2237586","2.7","100","9.74","0.37","379.75","9923.13","370000","100","20240209","3825","20230104","2420"
"5928","アルメタックス","東証ST","金属製品","3705","11912515","2.57","8","30.79","0.36","10.1","876","31100","100","20230306","490","20230104","263"
"5929","三和ホールディングス","東証PR","金属製品","569762","231000000","2.35","58","13.62","1.96","181.06","1260.15","246650","100","20240209","2480","20230105","1186"
"5930","文化シヤッター","東証PR","金属製品","108006","72196487","2.81","42","10.87","1.1","137.65","1363.43","149600","100","20240209","1526","20230807","1041"
"5932","三協立山","東証PR","金属製品","27957","31554629","2.26","20","9.26","0.3","95.7","2976.92","88600","100","20230921","1034","20230105","518"
"5933","アルインコ","東証PR","金属製品","21839","21039326","3.85","40","12","0.68","86.48","1519.62","103800","100","20240202","1127","20231024","928"
"5935","元旦ビューティ工業","東証ST","金属製品","7948","3858030","1.21","25","19.37","1.53","106.35","1344.2","206000","100","20230407","6490","20230221","1068"
"5936","東洋シヤッター","東証ST","金属製品","4548","6387123","3.37","24","6.01","0.53","118.4","1333.16","71200","100","20240131","766","20230112","490"
"5938","LIXIL","東証PR","金属製品","561786","287211790","4.6","90","51.06","0.88","38.31","2216.38","195600","100","20230309","2368","20231020","1585"
"5939","大谷工業","東証ST","金属製品","5811","780000","0.4","30","26.39","1.66","282.34","4490.52","745000","100","20230316","16050","20230105","4125"
"5940","不二サッシ","東証ST","金属製品","9723","126267824","1.3","1","7.48","0.54","10.3","142.62","7700","100","20230727","95","20230314","65"
"5941","中西製作所","東証ST","金属製品","13665","6306000","1.52","33","20.08","0.76","107.94","2841.04","216700","100","20240209","2482","20231031","1605"
"5942","日本フイルコン","東証ST","金属製品","12148","22167211","4.93","27","24.31","0.48","22.54","1140.26","54800","100","20240125","596","20230117","434"
"5943","ノーリツ","東証PR","金属製品","80514","50797651","3.34","53","22.15","0.6","71.57","2637.08","158500","100","20230508","1890","20230105","1412"
"5945","天龍製鋸","東証ST","金属製品","19285","11147634","2.31","40","15.25","0.49","113.45","3566.91","173000","100","20231122","1869","20230330","1500"
"5946","長府製作所","東証PR","金属製品","69369","34239312","1.97","40","17.77","0.52","114","3869.22","202600","100","20230620","2653","20230105","1885"
"5947","リンナイ","東証PR","金属製品","517917","146677171","1.7","60","20.52","1.37","172.04","2572.74","353100","100","20240209","3786","20231024","2636"
"5949","ユニプレス","東証PR","輸送用機器","52599","47991873","2.74","30","16.82","0.33","65.17","3321.42","109600","100","20230919","1297","20230214","712"
"5950","日本パワーファスニング","東証ST","金属製品","2000","18688540","0","0","-","0.5","-6.8","215.38","10700","100","20230713","140","20231115","105"
"5951","ダイニチ工業","東証ST","金属製品","13303","19058587","3.15","22","9.04","0.41","77.23","1698.91","69800","100","20230727","761","20230116","635"
"5952","アマテイ","東証ST","金属製品","1700","12317000","1.45","2","18.18","1.26","7.59","109.57","13800","100","20230713","176","20230104","111"
"5955","ヤマシナ","東証ST","金属製品","11345","143611765","1.27","1","35.59","0.93","2.22","84.71","7900","100","20230530","160","20230104","63"
"5956","トーソー","東証ST","金属製品","5450","10000000","1.83","10","14","0.35","38.93","1542.11","54500","100","20240109","550","20230104","485"
"5957","日東精工","東証PR","金属製品","21752","39985017","3.31","18","11.82","0.63","46.01","860.99","54400","100","20230705","694","20230105","480"
"5958","三洋工業","東証ST","金属製品","11229","3520000","2.66","85","5.94","0.54","536.87","5950.27","319000","100","20240209","3365","20230104","1721"
"5959","岡部","東証PR","金属製品","39038","49290632","3.16","25","-","0.54","-","1467.72","79200","100","20230428","843","20231031","675"
"5962","浅香工業","東証ST","その他製品","1763","1037080","2.35","40","6.28","0.43","270.66","3943.64","170000","100","20240209","1702","20230525","1363"
"5965","フジマック","東証ST","金属製品","15086","14272000","2.27","24","10.99","0.65","96.14","1618.92","105700","100","20240209","1057","20230123","653"
"5966","京都機械工具","東証ST","金属製品","5790","2477435","3","70","9.05","0.49","258.11","4804.22","233700","100","20230926","3235","20230215","1920"
"5967","TONE","東証ST","金属製品","12873","11713000","1.87","20.5","12.18","1.27","90.23","863.6","109900","100","20230418","1460","20230105","717"
"5969","ロブテックス","東証ST","金属製品","2646","2000000","2.65","35","7.84","0.54","168.68","2466.52","132300","100","20230511","1510","20231114","1130"
"5970","ジーテクト","東証PR","金属製品","88653","43931260","3.27","66","8.12","0.48","248.56","4182.76","201800","100","20240207","2113","20230602","1312"
"5971","共和工業所","東証ST","金属製品","7412","1360000","1.47","80","5.48","0.5","994.39","10947.36","545000","100","20240206","5490","20230203","3900"
"5973","トーアミ","東証ST","金属製品","3475","6400000","2.76","15","18.14","0.3","29.93","1825.07","54300","100","20230927","605","20230110","463"
"5974","中国工業","東証ST","金属製品","2189","3420000","2.81","18","10.4","0.46","61.56","1390.46","64000","100","20230607","914","20230124","611"
"5975","東プレ","東証PR","金属製品","118416","54021824","2.28","50","7.19","0.55","304.8","3974.65","219200","100","20240117","2251","20230316","1098"
"5976","高周波熱錬","東証PR","金属製品","40110","38678700","4.63","48","23.98","0.63","43.25","1655.2","103700","100","20230920","1078","20230105","637"
"5981","東京製綱","東証PR","金属製品","21718","16268242","3","40","7.88","0.64","169.38","2084.85","133500","100","20230906","1460","20230106","834"
"5982","マルゼン","東証ST","金属製品","57184","19780000","2.42","70","15.86","1.03","182.23","2796.58","289100","100","20240201","2936","20230110","1754"
"5983","イワブチ","東証ST","金属製品","7205","1100000","3.05","200","25.49","0.39","256.99","16852.25","655000","100","20240205","7120","20230105","4425"
"5984","兼房","東証ST","金属製品","10318","14310000","2.08","15","20.04","0.35","35.97","2052.57","72100","100","20230209","816","20231004","688"
"5985","サンコール","東証ST","金属製品","15803","34057923","4.31","20","-","0.36","-53.19","1295.67","46400","100","20230201","669","20231225","421"
"5986","モリテックスチール","東証ST","金属製品","5797","22558063","1.17","3","47.95","0.43","5.36","604.51","25700","100","20230308","388","20230116","250"
"5987","オーネックス","東証ST","金属製品","3245","1660000","1.02","20","8.02","0.55","243.72","3550.39","195500","100","20240201","1984","20230324","835"
"5988","パイオラックス","東証PR","金属製品","99321","38054100","4.9","128","22.21","0.83","117.5","3137.62","261000","100","20240207","2757","20230104","1679"
"5989","エイチワン","東証PR","金属製品","24475","28392830","2.78","24","12.68","0.32","67.99","2672.61","86200","100","20230925","929","20230213","594"
"5990","スーパーツール","東証ST","金属製品","4858","2366078","3.41","70","11.92","0.45","172.29","4520.15","205300","100","20240206","2122","20230420","1900"
"5991","日本発條","東証PR","金属製品","302276","244066144","2.75","34","11.22","0.74","110.37","1677.84","123850","100","20240205","1256","20230104","819"
"5992","中央発條","東証ST","金属製品","18518","25542396","2.21","16","30.51","0.26","23.76","2822.33","72500","100","20230926","862","20230602","675"
"5994","ファインシンター","東証ST","金属製品","4986","4420000","1.77","20","19.86","0.3","56.81","3749.44","112800","100","20230615","1650","20231219","1001"
"5997","協立エアテック","東証ST","金属製品","4020","6000000","2.24","15","7.49","0.39","89.45","1708.96","67000","100","20230810","700","20230106","455"
"5998","アドバネクス","東証ST","金属製品","4299","4153370","1.93","20","85.05","0.52","12.17","1996.47","103500","100","20230322","1223","20231215","865"
"6005","三浦工業","東証PR","機械","366978","125291112","1.67","49","18.03","1.86","162.43","1572.6","292900","100","20230516","4160","20240119","2660"
"6013","タクマ","東証PR","機械","143839","83000000","2.77","48","18","1.34","96.27","1290.39","173300","100","20231211","1841","20230105","1191"
"6016","ジャパンエンジンコーポレーション","東証ST","輸送用機器","30548","2800000","1.05","115","13.26","3.64","822.95","2995.98","1091000","100","20240209","12140","20230104","1206"
"6018","阪神内燃機工業","東証ST","輸送用機器","8531","3245028","1.9","50","20.73","0.6","126.83","4378.57","262900","100","20240202","2798","20230130","1258"
"6022","赤阪鐵工所","東証ST","機械","3470","1540000","-","-","99.47","0.36","22.65","6304.84","225300","100","20230410","4640","20230328","1409"
"6023","ダイハツディーゼル","東証ST","輸送用機器","39398","31850000","2.67","33","11.17","0.82","110.73","1507.09","123700","100","20240131","1311","20230203","495"
"6026","GMOTECH","東証GR","サービス","4546","1100620","4.01","165.59","12.01","5.93","344.02","696.55","413000","100","20230927","4990","20230105","1572"
"6027","弁護士ドットコム","東証GR","サービス","83675","22373100","0","0","-","23.85","-","156.82","374000","100","20230906","5800","20230316","2222"
"6028","テクノプロ・ホールディングス","東証PR","サービス","353768","107300000","2.43","80","21.11","4.57","156.16","721.45","329700","100","20230201","4140","20231023","2752"
"6029","アトラグループ","東証ST","サービス","1850","10167000","0","0","21.36","1.41","8.52","129.2","18200","100","20230823","412","20230719","171"
"6030","アドベンチャー","東証GR","サービス","37097","7524700","-","-","-","3.19","-","1545.29","493000","100","20230130","10970","20231114","4600"
"6031","サイジニア","東証GR","サービス","9356","12799428","0.55","4","27.78","11.07","26.31","66.05","73100","100","20240125","831","20230517","388"
"6033","エクストリーム","東証GR","サービス","7164","5502376","1.77","23","11.19","1.52","116.33","854.13","130200","100","20230309","1500","20230106","1172"
"6034","MRT","東証GR","サービス","5539","5715800","0","0","9.94","1.13","97.49","857.22","96900","100","20230112","1709","20231227","850"
"6035","アイ・アールジャパンホールディングス","東証PR","サービス","24298","17839710","-","-","39.03","4.55","34.9","299.21","136200","100","20230913","2467","20240205","1238"
"6036","KeePer技研","東証PR","サービス","181563","28280840","0.78","50","38.11","16.25","168.44","395.01","642000","100","20231221","7190","20230116","3245"
"6037","ファーストロジック","東証ST","サービス","11655","23688800","1.63","8","13.93","2.15","35.32","229.33","49200","100","20230816","575","20230322","394"
"6038","イード","東証GR","サービス","3630","5062600","1.81","13","8.51","0.87","84.25","826.06","71700","100","20230130","912","20231214","691"
"6039","日本動物高度医療センター","東証GR","サービス","5145","2836200","1.1","20","12.93","1.3","140.29","1392.14","181400","100","20230209","2021","20231127","1700"
"6040","日本スキー場開発","東証GR","サービス","15107","16002900","0.74","7","14.32","2.63","65.93","358.89","94400","100","20230912","1276","20240119","870"
"6042","ニッキ","東証ST","輸送用機器","5424","2000000","2.95","80","3.04","0.45","892.2","6022.04","271200","100","20240130","2899","20230110","1772"
"6044","三機サービス","東証ST","サービス","8697","6583485","1.51","20","18.06","2.12","73.14","622.4","132100","100","20240110","1458","20230119","862"
"6045","レントラックス","東証GR","サービス","3549","7975800","2.7","12","11.03","1.21","40.35","368.63","44500","100","20230124","979","20231226","390"
"6046","リンクバル","東証GR","サービス","3315","19500000","0","0","-","2.81","0","60.4","17000","100","20230725","297","20231226","167"
"6047","Gunosy","東証PR","サービス","16966","24237774","-","-","-","1.67","-68.55","418.96","70000","100","20240116","815","20230818","531"
"6048","デザインワン・ジャパン","東証ST","サービス","2003","15173900","0","0","-","0.63","-9.9","209.25","13200","100","20231109","235","20231225","122"
"6049","イトクロ","東証GR","サービス","6759","22680000","0","0","201.35","0.69","1.48","433.3","29800","100","20230911","404","20230106","259"
"6050","イー・ガーディアン","東証PR","サービス","16958","11933516","1.9","27","12.81","1.55","110.97","916.37","142100","100","20230201","2780","20240208","1383"
"6054","リブセンス","東証ST","サービス","6758","28160000","0","0","9.68","1.72","24.8","139.9","24000","100","20230914","361","20230314","227"
"6055","ジャパンマテリアル","東証PR","サービス","263820","105149520","0.8","20","53.67","5.81","46.75","431.49","250900","100","20240206","2743","20230515","1701"
"6058","ベクトル","東証PR","サービス","57474","48176100","2.43","29","12.48","3.55","95.62","335.59","119300","100","20230403","1572","20231213","1020"
"6059","ウチヤマホールディングス","東証ST","サービス","7977","21618800","2.71","10","9.41","0.58","39.23","639.72","36900","100","20240110","401","20230117","260"
"6060","こころネット","東証ST","サービス","3905","3843100","2.95","30","9.1","0.46","111.64","2194.88","101600","100","20230508","1150","20230206","875"
"6061","ユニバーサル園芸社","東証ST","サービス","18366","5025000","0.66","24","10.06","1.62","363.5","2260.06","365500","100","20230922","5220","20230322","2925"
"6062","チャーム・ケア・コーポレーション","東証PR","サービス","45110","32712000","1.89","26","12.17","2.9","113.35","475.71","137900","100","20240206","1440","20230316","1015"
"6063","日本エマージェンシーアシスタンス","東証ST","サービス","2232","2519600","1.13","10","16.78","1.32","52.79","672.84","88600","100","20230119","1114","20231113","678"
"6069","トレンダーズ","東証GR","サービス","7500","7953000","2.76","26","8.71","2.17","108.23","435.22","94300","100","20230203","1964","20240131","928"
"6070","キャリアリンク","東証PR","サービス","32498","12596200","4.65","120","14.43","2.38","178.85","1083.32","258000","100","20230621","3150","20231106","1938"
"6071","IBJ","東証PR","サービス","28560","42000000","0.88","6","18.32","3.54","37.11","192.22","68000","100","20230209","1049","20231016","590"
"6072","地盤ネットホールディングス","東証GR","サービス","3588","23148000","0","0","-","2.76","-3.76","56.16","15500","100","20231129","280","20231114","96"
"6073","アサンテ","東証PR","サービス","20276","12348500","3.78","62","19.62","1.54","83.68","1063.24","164200","100","20230719","1738","20231004","1540"
"6074","ジェイエスエス","東証ST","サービス","2122","4026056","2.75","14.5","7.33","0.73","71.88","719.56","52700","100","20230710","639","20230126","500"
"6078","バリューHR","東証PR","サービス","37186","27383200","1.77","24","38.99","6.35","34.83","213.79","135800","100","20230131","1754","20230817","1155"
"6080","M＆Aキャピタルパートナーズ","東証PR","サービス","74538","31759000","1.7","40","13.71","2.09","171.17","1125.08","234700","100","20230130","5410","20231115","2038"
"6081","アライドアーキテクツ","東証GR","サービス","4061","14248282","-","-","-","1.27","-13.73","224.62","28500","100","20230209","1460","20231024","272"
"6082","ライドオンエクスプレスホールディングス","東証ST","サービス","11287","10894935","0.97","10","18.21","1.44","56.88","720.49","103600","100","20230329","1166","20231024","991"
"6083","ERIホールディングス","東証ST","サービス","14380","7832400","3.27","60","9.2","2.7","199.65","678.8","183600","100","20230920","2395","20230104","1152"
"6085","アーキテクツ・スタジオ・ジャパン","東証GR","サービス","1255","2455399","0","0","-","125.25","-","4.08","51100","100","20231129","937","20231101","387"
"6086","シンメンテホールディングス","東証GR","サービス","16964","10833000","1.47","23","21.91","4.49","71.49","349.12","156600","100","20231020","1774","20230803","1142"
"6087","アビスト","東証ST","サービス","12378","3980000","3.28","102","20.98","1.84","148.26","1685.82","311000","100","20230927","3655","20230116","2880"
"6088","シグマクシス・ホールディングス","東証PR","サービス","75298","46308600","1.66","27","21.76","5.59","74.72","290.83","162600","100","20240208","1753","20230427","1018"
"6089","ウィルグループ","東証PR","サービス","26046","22948100","3.88","44","9.2","1.61","123.37","703.85","113500","100","20230124","1260","20230531","1002"
"6090","ヒューマン・メタボローム・テクノロジーズ","東証GR","サービス","3881","5915733","2.29","15","13.84","2.42","47.4","271.03","65600","100","20230615","794","20231215","588"
"6091","ウエスコホールディングス","東証ST","サービス","9482","17724297","3.74","20","11.17","0.5","47.91","1064.46","53500","100","20230705","549","20230106","451"
"6092","エンバイオ・ホールディングス","東証GR","サービス","4782","8175200","1.37","8","22.75","0.58","25.71","1003.11","58500","100","20230208","799","20231225","557"
"6093","エスクロー・エージェント・ジャパン","東証ST","サービス","6479","45950238","2.84","4","23.94","1.82","5.89","77.55","14100","100","20230224","158","20231024","135"
"6094","フリークアウト・ホールディングス","東証GR","サービス","13121","18022924","0","0","-","0.8","-","915.14","72800","100","20230306","1715","20240131","705"
"6095","メドピア","東証PR","サービス","14817","21983110","0.67","4.5","26.52","1.76","25.41","382.1","67400","100","20230208","1548","20231213","661"
"6096","レアジョブ","東証ST","サービス","8922","9825600","1.43","13","21.39","3.46","42.44","262.4","90800","100","20230511","1585","20231227","810"
"6098","リクルートホールディングス","東証PR","サービス","9984117","1695960030","0.39","23","-","4.67","-","1261.12","588700","100","20240115","6353","20230316","3284"
"6099","エラン","東証PR","サービス","63327","60600000","1.15","12","25.27","6.2","41.35","168.67","104500","100","20231218","1127","20231024","721"
"6101","ツガミ","東証PR","機械","60100","50000000","3.99","48","11.99","1.08","100.29","1110.38","120200","100","20230309","1560","20231031","1051"
"6103","オークマ","東証PR","機械","237501","33755154","2.84","200","11.12","1","632.64","7039.74","703600","100","20230703","7849","20230116","4555"
"6104","芝浦機械","東証PR","機械","92666","26977106","4.08","140","4.61","0.8","744.87","4301.19","343500","100","20230703","5020","20230106","2555"
"6113","アマダ","東証PR","機械","559322","359115217","3.66","57","13.81","1.02","112.8","1532.72","155750","100","20240117","1632","20230105","1018"
"6118","アイダエンジニアリング","東証PR","機械","58753","69448421","3.55","30","17.73","0.64","47.72","1326.72","84600","100","20230920","1039","20230116","760"
"6125","岡本工作機械製作所","東証ST","機械","28355","4717895","3.33","200","6.72","1.04","893.97","5793.48","601000","100","20230703","6480","20230106","4170"
"6131","浜井産業","東証ST","機械","5086","3462400","2.04","30","8.74","1.64","168.12","894.89","146900","100","20230905","1761","20230213","940"
"6134","FUJI","東証PR","機械","257081","97823748","3.04","80","24.44","1.1","107.51","2389.7","262800","100","20230720","2689","20230104","1914"
"6135","牧野フライス製作所","東証PR","機械","142891","24893841","2.61","150","10.22","0.65","561.41","8780.76","574000","100","20230906","7130","20230105","4190"
"6136","オーエスジー","東証PR","機械","196530","99182517","3.03","60","12.27","1.05","161.55","1892.35","198150","100","20240112","2176","20231024","1668"
"6137","小池酸素工業","東証ST","機械","20376","4522933","2.22","100","9","0.53","500.57","8522.82","450500","100","20240205","4705","20230120","2018"
"6138","ダイジェット工業","東証ST","機械","2472","2992999","3.03","25","49.08","0.33","16.83","2513","82600","100","20230725","984","20230206","795"
"6140","旭ダイヤモンド工業","東証PR","機械","43898","51888600","3.55","30","22.05","0.71","38.36","1188.25","84600","100","20230327","979","20230104","661"
"6141","DMG森精機","東証PR","機械","415017","125953683","3.03","100","11.81","1.54","279.06","2134.72","329500","100","20240209","3365","20230104","1723"
"6143","ソディック","東証PR","機械","39286","54792239","4.04","29","-","0.44","-41.11","1615.27","71700","100","20230309","805","20230822","645"
"6144","西部電機","東証ST","機械","22967","15160000","2.64","40","12.04","0.78","125.83","1942","151500","100","20230317","1674","20231020","1333"
"6145","NITTOKU","東証ST","機械","32288","18098923","1.91","34","13.72","0.86","130.07","2066.82","178400","100","20230303","3140","20240208","1759"
"6146","ディスコ","東証PR","機械","4738473","108357483","0.58","255","63.76","12.86","685.88","3400.33","4373000","100","20240209","44800","20230104","12233"
"6147","ヤマザキ","東証ST","機械","1639","4579000","4.19","15","17.65","1.19","20.28","300.41","35800","100","20230522","647","20230410","323"
"6149","小田原エンジニアリング","東証ST","機械","13003","6392736","2.21","45","9.88","0.75","205.79","2697.42","203400","100","20230906","2678","20230106","1390"
"6150","タケダ機械","東証ST","機械","3096","1020000","2.64","80","7.75","0.58","391.54","5191.36","303500","100","20240116","3265","20230104","2322"
"6151","日東工器","東証PR","機械","41993","21803295","3.22","62","12.93","0.64","148.96","2988.69","192600","100","20230519","2147","20230110","1467"
"6155","高松機械工業","東証ST","機械","5675","11020000","1.94","10","-","0.33","-26.75","1548.73","51500","100","20230714","610","20231024","490"
"6156","エーワン精密","東証ST","機械","10923","5300000","4.85","100","52.1","1.29","39.56","1598.43","206100","100","20230620","2164","20230104","1631"
"6157","日進工具","東証PR","機械","25335","25035034","2.72","27.5","22.92","1.47","44.15","690.37","101200","100","20230906","1204","20230106","966"
"6158","和井田製作所","東証ST","機械","7478","7028000","3.76","40","10.04","0.71","105.95","1505.92","106400","100","20240206","1118","20230105","936"
"6159","ミクロン精密","東証ST","機械","11436","7706100","0.51","7.5","15.54","0.62","95.49","2408.41","148400","100","20230719","1702","20231024","1250"
"6161","エスティック","東証ST","機械","10909","11768000","2.59","24","8.3","1.03","111.75","898.09","92700","100","20230710","1199","20230317","836"
"6164","太陽工機","東証ST","機械","7904","5956400","3.77","50","11.14","1.12","119.13","1188.2","132700","100","20230925","1420","20230104","1081"
"6165","パンチ工業","東証ST","機械","10415","24622400","4.54","19.21","-","0.56","-36.83","757.74","42300","100","20230510","596","20230104","381"
"6166","中村超硬","東証GR","機械","4243","11020900","0","0","3.86","9.84","99.81","39.11","38500","100","20230330","690","20231226","367"
"6167","冨士ダイス","東証PR","機械","14040","20000000","3.13","22","15.66","0.69","44.84","1022.79","70200","100","20230317","1255","20230105","561"
"6171","土木管理総合試験所","東証ST","サービス","4693","14221995","3.64","12","12.27","1.03","26.89","321.45","33000","100","20240104","367","20230117","302"
"6173","アクアライン","東証GR","サービス","2010","3729429","0","0","10.62","4.57","50.76","118.06","53900","100","20230901","1583","20230116","407"
"6176","ブランジスタ","東証GR","サービス","10159","14575300","-","-","18.66","4.42","37.36","157.74","69700","100","20230831","1076","20230105","402"
"6177","AppBank","東証GR","サービス","1069","11015500","0","0","-","7.55","-","12.84","9700","100","20230412","216","20231227","89"
"6178","日本郵政","東証PR","サービス","4880080","3461049500","3.55","50","20.2","0.48","69.79","2961.62","141000","100","20240124","1450","20230601","978"
"6180","GMOメディア","東証GR","サービス","6102","1868839","3.71","121","13.55","2.39","240.99","1365.81","326500","100","20240206","3650","20230110","1532"
"6181","タメニー","東証GR","サービス","2889","26265100","0","0","144.74","180.33","0.76","0.61","11000","100","20230413","171","20230105","91"
"6182","メタリアル","東証GR","サービス","13342","10768460","0","0","-","9.06","-","136.79","123900","100","20230623","2279","20230117","1065"
"6183","ベルシステム24ホールディングス","東証PR","サービス","134821","73753310","3.28","60","15.28","2.06","119.66","888.06","182800","100","20240122","1844","20230106","1327"
"6184","鎌倉新書","東証PR","サービス","22488","39041200","0.69","4","37.5","6.57","15.36","87.73","57600","100","20230308","1197","20231218","486"
"6185","SMN","東証ST","サービス","5162","14706548","0","0","113.23","1.13","3.1","309.52","35100","100","20230131","500","20231226","247"
"6186","一蔵","東証ST","サービス","3420","5516335","4.52","28","5.37","0.99","115.35","627.31","62000","100","20240130","650","20230116","424"
"6188","富士ソフトサービスビューロ","東証ST","サービス","8289","13500000","0.65","4","16.15","2.31","38.01","266.17","61400","100","20231214","615","20230316","378"
"6189","グローバルキッズCOMPANY","東証ST","サービス","6096","9450752","4.65","30","31.96","0.76","20.18","843.17","64500","100","20230203","856","20230104","568"
"6190","フェニックスバイオ","東証GR","サービス","2139","4028133","0","0","81.19","1.22","6.54","435.28","53100","100","20230208","810","20231225","442"
"6191","エアトリ","東証PR","サービス","41060","22376065","-","-","-","3.29","-","558.26","183500","100","20230623","3040","20231206","1505"
"6193","バーチャレクス・ホールディングス","東証GR","サービス","3301","2989753","1.36","15","7.36","1.93","150.08","571.28","110400","100","20230327","1860","20231024","897"
"6194","アトラエ","東証PR","サービス","17735","27201200","0","0","18.62","3.3","35.01","197.73","65200","100","20230202","1311","20231218","590"
"6195","ホープ","東証GR","サービス","4180","16458600","-","-","26.08","4.96","9.74","51.19","25400","100","20230104","427","20231211","228"
"6196","ストライク","東証PR","サービス","94352","19354200","1.27","62","20.02","6.49","243.56","751.35","487500","100","20240205","5190","20230802","2814"
"6197","ソラスト","東証PR","サービス","49645","94741793","3.82","20","8.69","2.04","60.27","256.68","52400","100","20230104","723","20240209","523"
"6198","キャリア","東証GR","サービス","3346","8624320","0","0","19.41","1.76","19.99","220.9","38800","100","20231201","425","20230105","278"
"6199","セラク","東証ST","サービス","15687","13994200","1.16","13","10.44","2.27","107.38","493.42","112100","100","20230412","1794","20230106","1087"
"6200","インソース","東証PR","サービス","64444","85243000","1.98","15","20.48","8.73","36.92","86.61","75600","100","20230125","1653","20240209","742"
"6201","豊田自動織機","東証PR","輸送用機器","4426545","325840640","1.47","200","18.75","0.88","724.69","15519.42","1358500","100","20240207","13975","20230328","6540"
"6203","豊和工業","東証ST","機械","9650","12548134","2.6","20","28.09","0.51","27.38","1494.83","76900","100","20230224","1041","20231214","726"
"6208","石川製作所","東証ST","機械","7312","6385972","0","0","56.18","1.6","20.38","714.55","114500","100","20230104","1564","20231221","1002"
"6209","リケンNPR","東証PR","機械","76460","28141360","-","-","-","-","-","-","271700","100","20240117","2883","20231005","1521"
"6210","東洋機械金属","東証ST","機械","14554","20703000","4.98","35","-","0.77","-37.99","915.51","70300","100","20230920","741","20230105","544"
"6217","津田駒工業","東証ST","機械","2662","6807555","0","0","8.33","1.26","46.96","311.2","39100","100","20230111","609","20231213","329"
"6218","エンシュウ","東証ST","機械","4435","6353454","1.86","13","17.6","0.37","39.65","1862.77","69800","100","20230726","865","20230320","641"
"6222","島精機製作所","東証PR","機械","51194","35800000","0.7","10","65.81","0.55","21.73","2581.67","143000","100","20230731","2017","20240208","1381"
"6223","西部技研","東証ST","機械","30299","20500000","4.06","60","8.07","1.28","183.09","1154.66","147800","100","20231006","3230","20231120","1370"
"6224","JRC","東証GR","機械","9745","12672860","2.73","21","10.68","2.44","71.99","314.6","76900","100","20230809","1056","20231018","599"
"6226","守谷輸送機工業","東証ST","機械","20132","17491000","1.39","16","12.86","2.45","89.51","470.01","115100","100","20230907","1472","20230104","711"
"6227","AIメカテック","東証ST","機械","28432","5630000","0.89","45","32.16","3.41","157.02","1483.1","505000","100","20231120","7070","20230316","1290"
"6228","ジェイ・イー・ティ","東証ST","機械","51994","4490000","0.88","102","27.43","4.19","422.19","2762.7","1158000","100","20240206","12940","20231016","3240"
"6229","オーケーエム","東証ST","機械","6815","4522200","2.65","40","13.63","0.73","110.6","2068.29","150700","100","20240209","1521","20230104","1081"
"6230","SANEI","東証ST","機械","9419","2289000","2.38","98","8.19","0.74","502.42","5556.32","411500","100","20240130","4670","20230116","2666"
"6231","木村工機","東証ST","機械","13953","3849000","1.79","65","7.69","1.52","471.4","2378.49","362500","100","20240209","4185","20230110","1261"
"6232","ACSL","東証GR","機械","13295","14514261","0","0","-","6.34","-","144.38","91600","100","20230104","1811","20231226","797"
"6233","KLASS","東証ST","機械","2890","5391000","1.87","10","11.56","0.99","46.37","540.76","53600","100","20230620","710","20231222","475"
"6235","オプトラン","東証PR","機械","78292","44358000","2.83","50","12.41","1.35","142.22","1302.75","176500","100","20230124","2644","20231114","1420"
"6236","NCホールディングス","東証ST","機械","7497","4685745","-","-","19.9","0.96","80.41","1670.25","160000","100","20230612","2317","20240205","1514"
"6237","イワキ","東証PR","機械","52291","22490910","2.06","48","16.43","1.64","141.54","1417.88","232500","100","20240208","2356","20230106","1177"
"6238","フリュー","東証PR","機械","36643","28296000","2.93","38","14.89","1.64","86.99","790.96","129500","100","20230814","1762","20230116","1025"
"6239","ナガオカ","東証ST","機械","8183","7078400","1.99","23","8.96","1.43","128.95","806.19","115600","100","20240131","1298","20230214","673"
"6240","ヤマシンフィルタ","東証PR","機械","27160","72041298","1.59","6","35.57","1.27","10.6","297.45","37700","100","20230202","578","20231024","288"
"6245","ヒラノテクシード","東証ST","機械","26802","15394379","3.22","56","12.5","0.72","139.31","2428.72","174100","100","20230113","2410","20240118","1682"
"6246","テクノスマート","東証ST","機械","21926","12401720","4.3","76","13.09","1.13","135.02","1563.83","176800","100","20240131","1823","20230209","1257"
"6247","日阪製作所","東証PR","機械","33257","32732800","3.94","40","22.03","0.5","46.11","2051.41","101600","100","20240209","1018","20230104","809"
"6248","横田製作所","東証ST","機械","2295","1873500","3.51","43","12.82","0.91","95.58","1345.11","122500","100","20230911","1420","20230110","1045"
"6249","ゲームカード・ジョイコホールディングス","東証ST","機械","31906","14263000","2.68","60","5.59","0.64","400.29","3502.98","223700","100","20230808","5450","20231214","1844"
"6250","やまびこ","東証PR","機械","69515","44108428","3.3","52","7.63","0.73","206.68","2156.39","157600","100","20240202","1685","20230105","1055"
"6254","野村マイクロ・サイエンス","東証PR","機械","137255","10152000","1.18","160","18.82","5.01","718.35","2698.86","1352000","100","20240111","16660","20230426","3725"
"6255","エヌ・ピー・シー","東証GR","機械","14444","22052426","1.07","7","13.05","1.76","50.2","371.58","65500","100","20231129","869","20230111","436"
"6257","藤商事","東証ST","機械","31177","24395500","4.3","55","7.63","0.64","167.5","1990.87","127800","100","20230414","1724","20231121","1098"
"6258","平田機工","東証PR","機械","76798","10756090","1.26","90","19.01","1.21","375.55","5909.13","714000","100","20230619","8910","20230104","5260"
"6262","PEGASUS","東証PR","機械","11024","24828600","1.13","5","-","0.36","-11.29","1228.1","44400","100","20230124","838","20231226","411"
"6264","マルマエ","東証PR","機械","24474","13053000","1.6","30","59.26","3.29","31.64","570.15","187500","100","20240122","2222","20231024","1284"
"6265","コンバム","東証ST","機械","3269","1657000","2.53","50","16.78","0.54","117.57","3638.81","197300","100","20230119","2363","20231122","1697"
"6266","タツモ","東証PR","機械","47329","14836691","0.66","21","19.76","2.42","161.41","1316.51","319000","100","20231124","3980","20230104","1501"
"6267","ゼネラルパッカー","東証ST","機械","5143","1798800","3.15","90","8.74","0.81","327.23","3529.6","285900","100","20240129","3010","20230605","2500"
"6268","ナブテスコ","東証PR","機械","343096","121064099","2.82","80","19.11","1.3","148.29","2171.79","283400","100","20230130","3795","20231101","2518"
"6269","三井海洋開発","東証PR","機械","156374","68345300","-","-","10.71","1.05","213.7","2174.11","228800","100","20240123","2462","20230316","1275"
"6272","レオン自動機","東証PR","機械","42957","28392000","2.64","40","11.27","1.19","134.22","1269.46","151300","100","20230523","1637","20230106","1000"
"6273","SMC","東証PR","機械","5476455","67369359","1.11","900","28.65","2.85","2837.28","28517.79","8129000","100","20240123","86790","20230104","54370"
"6276","シリウスビジョン","東証ST","電気機器","2300","5722500","2.49","10","37.02","0.72","10.86","558.83","40200","100","20230830","478","20230113","276"
"6277","ホソカワミクロン","東証PR","機械","71181","15730538","2.21","100","14.77","1.15","306.39","3917.77","452500","100","20240205","4810","20230213","2560"
"6278","ユニオンツール","東証PR","機械","65076","19780000","2.55","84","18.33","0.85","179.45","3876.19","329000","100","20230929","3940","20230316","3105"
"6279","瑞光","東証PR","機械","53136","28800000","1.08","20","30.44","1.41","60.62","1311.05","184500","100","20240109","1950","20230104","748"
"6282","オイレス工業","東証PR","機械","68033","33300505","3.43","70","14.64","0.87","139.52","2342.87","204300","100","20240206","2175","20230106","1434"
"6284","日精エー・エス・ビー機械","東証PR","機械","64848","15348720","2.84","120","11.41","1.26","370.21","3358.21","422500","100","20231113","5290","20230406","3760"
"6286","靜甲","東証ST","機械","4843","6483323","2.14","16","11.24","0.33","66.44","2263.28","74700","100","20230206","949","20231115","580"
"6287","サトーホールディングス","東証PR","機械","73754","34921242","3.41","72","13.68","0.99","154.33","2124.58","211200","100","20230308","2396","20230106","1846"
"6289","技研製作所","東証PR","機械","58532","28194728","1.93","40","23.22","1.42","89.39","1464.32","207600","100","20230201","2955","20231214","1688"
"6291","日本エアーテック","東証ST","機械","12768","10508450","4.94","60","15.68","0.9","77.51","1357.42","121500","100","20231124","1445","20230105","1007"
"6292","カワタ","東証ST","機械","7376","7210000","4.01","41","7.68","0.58","133.24","1750.17","102300","100","20230616","1281","20230116","805"
"6293","日精樹脂工業","東証PR","機械","25056","22272000","3.11","35","24.22","0.53","46.45","2140.68","112500","100","20240208","1174","20230105","912"
"6294","オカダアイヨン","東証PR","機械","22840","8378700","2.38","65","12.65","1.47","215.57","1856.06","272600","100","20240209","2847","20230105","1465"
"6297","鉱研工業","東証ST","機械","4315","8970111","2.49","12","11.61","0.86","41.43","559.95","48100","100","20230712","564","20230315","412"
"6298","ワイエイシイホールディングス","東証PR","機械","22738","9758947","3.22","75","10.18","1.3","228.78","1793.17","233000","100","20230530","3610","20230106","1463"
"6301","小松製作所","東証PR","機械","4175700","973810620","3.36","144","11.92","1.43","359.81","2998.31","428800","100","20230919","4511","20230105","2792"
"6302","住友重機械工業","東証PR","機械","484248","122905481","3.05","120","12.7","0.77","310.22","5088.21","394000","100","20240209","3977","20230105","2577"
"6305","日立建機","東証PR","機械","900902","215115038","-","-","10.12","1.23","413.79","3398.54","418800","100","20230920","4927","20230116","2865"
"6306","日工","東証PR","機械","29880","40000000","4.02","30","23.84","0.88","31.33","846.5","74700","100","20240131","770","20230110","608"
"6307","サンセイ","東証ST","機械","3649","8987700","3.45","14","10.52","0.74","38.6","548.44","40600","100","20240123","473","20230104","300"
"6309","巴工業","東証PR","機械","37972","10533200","3.33","120","12.28","0.98","293.64","3691.32","360500","100","20231221","4330","20230106","2250"
"6310","井関農機","東証PR","機械","27168","22984993","2.54","30","53.46","0.37","22.11","3152.95","118200","100","20230615","1299","20231024","1057"
"6312","フロイント産業","東証ST","機械","14462","18400000","2.54","20","29.35","0.94","26.78","839.46","78600","100","20231115","927","20230707","635"
"6315","TOWA","東証PR","機械","189833","25043888","0.53","40","33.2","3.65","228.31","2075.98","758000","100","20240130","8220","20230104","1655"
"6316","丸山製作所","東証ST","機械","11673","5029332","3.66","85","7.14","0.52","324.87","4493.29","232100","100","20240205","2871","20230119","1506"
"6317","北川鉄工所","東証ST","機械","14312","9650803","2.02","30","16.3","0.36","90.99","4146.44","148300","100","20231003","1625","20230320","1046"
"6319","シンニッタン","東証ST","鉄鋼","14960","55000000","4.04","11","9.07","0.39","30","698.26","27200","100","20240205","281","20230104","218"
"6322","タクミナ","東証ST","機械","14298","7728540","2.7","50","13.38","1.41","138.23","1312.18","185000","100","20230622","1894","20230210","1173"
"6323","ローツェ","東証PR","機械","317696","17640000","0.75","135","20.19","3.54","892.11","5086.04","1801000","100","20240208","18550","20230104","7000"
"6324","ハーモニック・ドライブ・システムズ","東証ST","機械","355885","96315400","0.54","20","-","3.29","-8.41","1121.68","369500","100","20230523","5160","20230927","3115"
"6325","タカキタ","東証ST","機械","6790","14000000","2.06","10","12.51","0.72","38.76","672.99","48500","100","20230417","521","20230106","390"
"6326","クボタ","東証PR","機械","2542189","1176666846","2.22","48","12.48","1.16","173.14","1855.5","216050","100","20230920","2421","20230104","1777"
"6327","北川精機","東証ST","機械","5186","7649600","1.18","8","7.76","1.3","87.34","523.35","67800","100","20230913","1102","20230215","412"
"6328","荏原実業","東証PR","機械","40988","12930000","2.68","85","12.21","1.95","259.6","1627.14","317000","100","20240205","3315","20230106","2144"
"6330","東洋エンジニアリング","東証PR","建設","32273","38558507","0","0","4.06","0.58","206.1","1434.09","83700","100","20240209","856","20230320","497"
"6331","三菱化工機","東証PR","機械","27422","7913950","2.89","100","5.28","0.8","656.48","4339.11","346500","100","20240201","4060","20230105","2009"
"6332","月島ホールディングス","東証PR","機械","59496","45625800","3.22","42","12.71","0.66","102.59","1970.56","130400","100","20230907","1444","20230105","927"
"6333","帝国電機製作所","東証PR","機械","54406","18990038","3.21","92","15.84","1.57","180.86","1821.38","286500","100","20240125","3170","20230105","2152"
"6334","明治機械","東証ST","機械","4048","11402636","0.56","2","16.99","1.41","20.89","252.35","35500","100","20230414","655","20230104","270"
"6335","東京機械製作所","東証ST","機械","4041","8728920","0","0","-","0.52","-25.22","887.88","46300","100","20231030","639","20231019","344"
"6336","石井表記","東証ST","機械","5691","8176452","1.44","10","4.38","0.65","158.84","1065.76","69600","100","20230614","944","20230106","650"
"6337","テセック","東証ST","機械","13580","5778695","2.55","60","9.86","0.96","238.22","2459.2","235000","100","20230824","3615","20230515","2112"
"6338","タカトリ","東証ST","機械","24822","5491490","0.88","40","12.99","3.02","347.98","1498.6","452000","100","20230112","8930","20230502","3905"
"6339","新東工業","東証PR","機械","62550","54580928","3.49","40","14.29","0.53","80.2","2170.49","114600","100","20240208","1215","20230104","645"
"6340","澁谷工業","東証PR","機械","69868","28149877","2.82","70","10.73","0.76","231.32","3253.78","248200","100","20230619","2769","20230105","2231"
"6342","太平製作所","東証ST","機械","4665","1500000","4.18","130","3.77","0.7","824.83","4462.06","311000","100","20231122","3555","20230119","1640"
"6343","フリージア・マクロス","東証ST","機械","4735","45099320","0.48","0.5","7.88","0.47","13.33","223.63","10500","100","20230706","117","20231226","100"
"6345","アイチコーポレーション","東証PR","機械","83109","75211400","3.62","40","13.84","1.04","79.84","1061.82","110500","100","20240201","1205","20230105","750"
"6346","キクカワエンタープライズ","東証ST","機械","5841","1320000","3.16","140","12.57","0.48","352.1","9134.53","442500","100","20231109","4480","20230106","3470"
"6347","プラコー","東証ST","機械","2100","9417525","2.69","6","15.42","1.2","14.46","185.31","22300","100","20230123","352","20231227","208"
"6349","小森コーポレーション","東証PR","機械","71004","55428840","4.68","60","22.15","0.63","57.82","2024.37","128100","100","20240117","1385","20230106","780"
"6351","鶴見製作所","東証PR","機械","91025","27500000","1.51","50","11.94","0.97","277.24","3426.44","331000","100","20231127","4105","20230116","1903"
"6356","日本ギア工業","東証ST","機械","8996","14280000","0.95","6","8.97","0.85","70.24","743.45","63000","100","20240201","725","20230104","335"
"6357","三精テクノロジーズ","東証ST","機械","24745","19332057","3.13","40","11.9","0.61","107.6","2094.02","128000","100","20230704","1515","20230106","777"
"6358","酒井重工業","東証PR","機械","30414","4407817","3.91","270","12.73","1.05","542.15","6600.01","690000","100","20240122","7150","20230104","3380"
"6360","東京自働機械製作所","東証ST","機械","4108","1452000","2.12","60","5.58","0.54","507.05","5259.49","282900","100","20230726","3420","20230104","1750"
"6361","荏原製作所","東証PR","機械","869282","92349082","2.07","195","16.59","2.21","567.26","4258.74","941300","100","20240208","9581","20230104","4620"
"6362","石井鐵工所","東証ST","機械","10387","3784000","2.55","70","10.66","0.82","257.39","3347.11","274500","100","20230927","3135","20230113","2153"
"6363","酉島製作所","東証PR","機械","71569","29045679","2.27","56","14.2","1.39","173.56","1770.75","246400","100","20240205","2559","20230105","1367"
"6364","北越工業","東証PR","機械","74297","30165418","1.62","40","15.24","1.88","161.64","1310.14","246300","100","20240125","2734","20230601","1206"
"6365","電業社機械製作所","東証ST","機械","18917","4776900","3.22","127.5","9.32","0.69","424.84","5735.11","396000","100","20240202","4020","20230104","3060"
"6366","千代田化工建設","東証ST","建設","91895","260324529","-","-","5.08","2.92","69.49","120.73","35300","100","20230302","432","20231108","322"
"6367","ダイキン工業","東証PR","機械","6279967","293113973","1.12","240","23.76","2.53","901.83","8452.15","2142500","100","20230703","31330","20230104","19655"
"6368","オルガノ","東証PR","機械","298093","46359700","1.28","82","17.37","3.13","370.21","2052.1","643000","100","20240209","6720","20230105","2795"
"6369","トーヨーカネツ","東証PR","機械","35165","8323074","4.26","180","11.86","0.91","356.2","4665.34","422500","100","20240129","4375","20230105","2506"
"6370","栗田工業","東証PR","機械","638407","116200694","1.53","84","22.06","1.96","249.08","2807.88","549400","100","20230309","6310","20231020","4253"
"6371","椿本チエイン","東証PR","機械","171501","38281393","3.57","160","9.76","0.66","458.87","6745.7","448000","100","20240207","4790","20230105","2927"
"6373","大同工業","東証ST","機械","8095","10924201","3.37","25","7.84","0.26","94.46","2878.14","74100","100","20231002","805","20230818","702"
"6376","日機装","東証PR","精密機器","78791","69175664","2.41","27.5","14.78","0.6","77.07","1889.29","113900","100","20240209","1148","20230601","858"
"6378","木村化工機","東証ST","機械","15141","20600000","2.04","15","12.41","0.91","59.23","806.51","73500","100","20230915","784","20230320","641"
"6379","レイズネクスト","東証PR","建設","85856","54168053","4.1","65","12.08","1.05","131.19","1511.82","158500","100","20240209","1600","20230105","1248"
"6380","オリエンタルチエン工業","東証ST","機械","2786","1467233","1.58","30","18.8","1.58","101.01","1200.1","189900","100","20231206","2200","20230112","824"
"6381","アネスト岩田","東証PR","機械","53059","41745505","3.54","45","11.18","1.18","113.65","1072.97","127100","100","20240205","1328","20230105","821"
"6382","トリニティ工業","東証ST","機械","18147","18220000","3.61","36","8.9","0.55","111.97","1805.28","99600","100","20240207","1050","20230106","643"
"6383","ダイフク","東証PR","機械","1232169","379830231","1.14","37","30.19","3.64","107.46","892.43","324400","100","20240209","3310","20230104","2040"
"6384","昭和真空","東証ST","機械","9411","6499000","4.83","70","99.11","0.8","14.61","1810.86","144800","100","20240131","1475","20231024","1323"
"6387","サムコ","東証PR","機械","37641","8042881","0.96","45","27.44","3.43","170.56","1363.71","468000","100","20230613","6930","20230106","3200"
"6390","加藤製作所","東証PR","機械","17369","11743587","2.7","40","8.66","0.36","170.69","4154.59","147900","100","20240205","1572","20230120","690"
"6391","加地テック","東証ST","機械","7396","1718000","0.93","40","16.96","1.01","253.84","4256.84","430500","100","20230612","6100","20230104","3190"
"6392","ヤマダコーポレーション","東証ST","機械","12912","2400000","2.6","140","8.05","0.87","668.34","6194.42","538000","100","20240207","5720","20230119","2661"
"6393","油研工業","東証ST","機械","10596","4510676","4.26","100","14.39","0.43","163.29","5525.99","234900","100","20240209","2349","20230105","1774"
"6395","タダノ","東証PR","機械","153328","129500355","0.84","10","27.31","0.85","43.35","1399.28","118400","100","20230907","1355","20230105","888"
"6396","宇野澤組鐵工所","東証ST","機械","3662","1120000","1.53","50","9.76","1.32","334.99","2478.02","327000","100","20240207","3365","20230110","2471"
"6400","不二精機","東証ST","機械","2933","9054000","2.16","7","14.43","0.85","22.45","382.6","32400","100","20230920","398","20231228","303"
"6402","兼松エンジニアリング","東証ST","機械","7105","5564000","2.98","38","11.13","0.99","114.72","1290.83","127700","100","20230327","1359","20230104","1140"
"6403","水道機工","東証ST","機械","6388","4295968","3.7","55","31.84","0.73","46.7","2042.44","148700","100","20231222","1665","20230104","1251"
"6405","鈴茂器工","東証ST","機械","13815","12960000","2.91","31","13.51","0.99","78.89","1076.31","106600","100","20230424","1179","20231208","983"
"6406","フジテック","東証PR","機械","288222","78900000","2.05","75","18.27","2.04","200","1792.91","365300","100","20230808","3893","20230105","2921"
"6407","CKD","東証PR","機械","160538","67909449","1.95","46","20.89","1.28","113.14","1843.84","236400","100","20240122","2731","20230104","1826"
"6408","小倉クラッチ","東証ST","機械","5141","1553323","-","-","-","0.31","-160.37","10667.91","331000","100","20230404","3915","20230117","2337"
"6411","中野冷機","東証ST","機械","32435","5068000","4.86","311","20.61","1.3","310.49","4928.95","640000","100","20230926","7340","20230315","5330"
"6412","平和","東証PR","機械","217185","99809060","3.68","80","10.22","0.92","212.92","2376.85","217600","100","20230329","2720","20231114","1995"
"6413","理想科学工業","東証PR","機械","106884","36000000","3.37","100","25.35","1.55","117.11","1918.06","296900","100","20240202","3060","20230106","1976"
"6416","桂川電機","東証ST","機械","1298","1552500","0","0","-","0.27","-","3051.57","83600","100","20240206","934","20230220","517"
"6417","SANKYO","東証PR","機械","559796","62116700","4.44","400","9.5","1.57","949.05","5727.59","901200","100","20240125","9295","20230112","4850"
"6418","日本金銭機械","東証PR","機械","47832","29672651","0.87","14","23.65","1.59","68.15","1012.07","161200","100","20240209","1726","20231024","922"
"6419","マースグループホールディングス","東証PR","機械","62616","22720000","3.81","105","7.1","0.73","388.27","3783.55","275600","100","20230517","3650","20230106","2139"
"6420","フクシマガリレイ","東証PR","機械","111875","22066160","1.44","73","10.83","1.21","468.08","4196.22","507000","100","20230615","5700","20230106","4025"
"6424","高見沢サイバネティックス","東証ST","機械","6969","4525000","0.91","14","17.37","1.69","88.66","911.43","154000","100","20230309","2038","20230215","867"
"6425","ユニバーサルエンターテインメント","東証ST","機械","165362","80195000","-","-","5.33","0.41","387.18","4993.65","206200","100","20230414","3235","20231117","1851"
"6428","オーイズミ","東証ST","機械","10148","22500000","2.66","12","16.36","0.55","27.56","824.08","45100","100","20230508","598","20231031","351"
"6430","ダイコク電機","東証PR","機械","54035","14783900","2.74","100","7.5","1.42","487.05","2571.64","365500","100","20230920","6120","20230106","1786"
"6432","竹内製作所","東証PR","機械","244750","48999000","3.16","158","9.84","1.66","507.68","3006.48","499500","100","20231013","5340","20230118","2606"
"6433","ヒーハイスト","東証ST","機械","1693","6316700","0.37","1","279.17","0.53","0.96","506.49","26800","100","20230906","320","20230821","227"
"6436","アマノ","東証PR","機械","279801","76657829","3.29","120","21.06","2.13","173.32","1713.94","365000","100","20240205","3802","20230117","2282"
"6440","JUKI","東証PR","機械","14698","29874179","3.05","15","-","0.41","-145.87","1196.18","49200","100","20230306","673","20240201","433"
"6444","サンデン","東証ST","機械","23679","111693313","0","0","-","1.11","-14.36","190.76","21200","100","20240104","242","20231225","145"
"6445","ジャノメ","東証PR","機械","13724","19521444","3.56","25","9.01","0.4","78.06","1763.79","70300","100","20231002","780","20230105","565"
"6448","ブラザー工業","東証PR","電気機器","673774","257755930","2.6","68","13.36","1.02","195.62","2558.75","261400","100","20240208","2671","20230316","1881"
"6454","マックス","東証PR","機械","148317","47537426","3.14","98","15.28","1.56","204.21","2005.3","312000","100","20240117","3405","20230106","1852"
"6455","モリタホールディングス","東証PR","輸送用機器","71082","46918542","3.17","48","12.09","0.78","125.33","1935.34","151500","100","20230915","1700","20230106","1125"
"6457","グローリー","東証PR","機械","176284","58938210","3.34","100","5.94","0.81","503.52","3689.39","299100","100","20230919","3232","20230116","2113"
"6458","新晃工業","東証PR","機械","78562","27212263","2.94","85","13.51","1.27","213.69","2272.84","288700","100","20240130","3120","20230106","1423"
"6459","大和冷機工業","東証PR","機械","78041","51717215","1.99","30","14.28","1.18","105.64","1281.6","150900","100","20240115","1677","20230105","1098"
"6460","セガサミーホールディングス","東証PR","機械","464246","241229476","2.44","47","12.14","1.2","158.54","1608.99","192450","100","20230801","3219","20240209","1850.5"
"6463","TPR","東証PR","機械","71893","34300099","2.86","60","10.39","0.49","201.73","4280.94","209600","100","20240208","2122","20230105","1198"
"6464","ツバキ・ナカシマ","東証PR","機械","31200","41599600","4","30","17.53","0.51","42.79","1469.95","75000","100","20230208","1189","20231213","681"
"6465","ホシザキ","東証PR","機械","792181","144875900","1.74","95","24.37","2.38","224.34","2298.63","546800","100","20230915","5879","20230116","4345"
"6466","TVE","東証ST","機械","5477","2461600","1.8","40","13.51","0.52","164.7","4263.27","222500","100","20240207","2257","20230915","1747"
"6467","ニチダイ","東証ST","機械","3277","9053300","-","-","-","0.32","-33.14","1124.16","36200","100","20230308","412","20230105","335"
"6469","放電精密加工研究所","東証ST","機械","5623","7407800","0.92","7","57.46","1.29","13.21","587.23","75900","100","20240206","850","20231227","527"
"6470","大豊工業","東証ST","機械","23834","29172457","2.45","20","13.1","0.33","62.39","2447.81","81700","100","20230920","990","20230317","596"
"6471","日本精工","東証PR","機械","397050","500000000","3.78","30","28","0.63","28.36","1269.17","79410","100","20230703","932","20230116","681"
"6472","NTN","東証PR","機械","149409","532463527","3.56","10","16.55","0.62","16.95","454.55","28060","100","20230309","378","20230116","252"
"6473","ジェイテクト","東証PR","機械","472877","343286307","2.61","36","11.81","0.65","116.62","2109.15","137750","100","20230920","1523","20230116","873"
"6474","不二越","東証PR","機械","83106","24919343","3","100","12.96","0.48","257.42","6980.96","333500","100","20230920","4260","20240209","3305"
"6479","ミネベアミツミ","東証PR","電気機器","1262664","427080606","1.35","40","24.54","1.79","120.48","1649.72","295650","100","20240202","3125","20230104","1928"
"6480","日本トムソン","東証PR","機械","43292","73501425","3.23","19","15.02","0.56","39.22","1059.21","58900","100","20230214","648","20230105","502"
"6481","THK","東証PR","機械","360223","129856903","-","-","21.25","0.93","130.52","2981.73","277400","100","20230309","3295","20230104","2454"
"6482","ユーシン精機","東証ST","機械","24127","35638066","2.95","20","14.4","0.7","47.01","967.48","67700","100","20230510","806","20231024","649"
"6484","KVK","東証ST","機械","15046","8322178","3.04","55","7.99","0.56","226.19","3243.4","180800","100","20230915","1850","20230420","1474"
"6485","前澤給装工業","東証ST","機械","27542","21500000","2.81","36","17.66","0.72","72.54","1789.32","128100","100","20231107","1491","20230113","897"
"6486","イーグル工業","東証PR","機械","85285","49757821","4.08","70","11.83","0.73","144.83","2360.98","171400","100","20230920","1854","20230105","1051"
"6488","ヨシタケ","東証ST","機械","12541","13934946","3","27","10.42","0.75","86.34","1197.27","90000","100","20230714","977","20230105","640"
"6489","前澤工業","東証ST","機械","22345","21040248","2.64","28","7.68","0.77","138.3","1376.72","106200","100","20240118","1164","20230117","585"
"6490","日本ピラー工業","東証PR","機械","114193","25042406","2.63","120","12.5","1.67","364.76","2736.9","456000","100","20240125","5020","20230104","2677"
"6492","岡野バルブ製造","東証ST","機械","5845","1793000","0.61","20","14.35","0.52","227.16","6264.9","326000","100","20231221","3600","20230929","2501"
"6493","NITTAN","東証ST","輸送用機器","10664","28978860","3.26","12","8.46","0.38","43.52","959.48","36800","100","20240208","381","20230202","243"
"6494","NFKホールディングス","東証ST","機械","4229","44051274","0","0","6.31","0.85","15.21","112.3","9600","100","20230419","124","20231214","86"
"6495","宮入バルブ製作所","東証ST","機械","5764","48849935","1.69","2","28.37","1.39","4.16","84.64","11800","100","20230607","159","20231226","110"
"6496","中北製作所","東証ST","機械","14047","3832800","2.18","80","11.7","0.54","313.34","6820.99","366500","100","20240110","3850","20230116","2063"
"6497","ハマイ","東証ST","機械","7625","7424140","2.92","30","7.22","0.45","142.18","2274.18","102700","100","20240131","1121","20230406","950"
"6498","キッツ","東証PR","機械","109651","90396511","3.05","37","11.22","1.09","108.15","1108.19","121300","100","20240112","1248","20230105","762"
"6501","日立製作所","東証PR","電気機器","11200188","927167877","-","-","21.21","2.12","569.47","5696.6","1208000","100","20240209","12125","20230104","6295"
"6503","三菱電機","東証PR","電気機器","4493019","2147201551","-","-","16.92","1.29","123.67","1627.58","209250","100","20240123","2244","20230112","1273"
"6504","富士電機","東証PR","電気機器","1269024","149296991","-","-","17.85","2.21","476.08","3840.87","850000","100","20240209","8534","20230316","4870"
"6505","東洋電機製造","東証ST","電気機器","10144","9735000","2.88","30","12.29","0.39","84.81","2673.98","104200","100","20240124","1156","20230116","825"
"6506","安川電機","東証PR","電気機器","1442529","266690497","1.18","64","27.57","3.72","196.2","1452.51","540900","100","20230623","6859","20230106","4065"
"6507","シンフォニアテクノロジー","東証PR","電気機器","63808","29789122","2.8","60","9.74","0.91","219.9","2343.95","214200","100","20240123","2428","20230106","1424"
"6508","明電舎","東証PR","電気機器","123926","45527540","-","-","12.35","1.1","220.42","2475.1","272200","100","20240201","2839","20230427","1784"
"6513","オリジン","東証ST","電気機器","8174","6699986","2.46","30","-","0.29","-145.38","4265.34","122000","100","20230309","1345","20231113","1130"
"6516","山洋電気","東証PR","電気機器","77444","12972187","2.35","140","7.86","0.7","759.81","8530.18","597000","100","20230622","7990","20231031","5450"
"6517","デンヨー","東証PR","電気機器","51160","22859660","2.37","53","12.15","0.67","184.13","3353.63","223800","100","20240104","2470","20230116","1470"
"6518","三相電機","東証ST","電気機器","5436","4650500","2.31","27","10.62","0.45","110.03","2582.35","116900","100","20240131","1330","20230112","1002"
"6521","オキサイド","東証GR","電気機器","29220","11005525","0","0","-","5.57","-48.32","476.87","265500","100","20230203","5000","20231110","2227"
"6522","アスタリスク","東証GR","電気機器","4536","7109400","0","0","67.73","2.44","9.42","261.77","63800","100","20230309","1355","20231101","595"
"6523","PHCホールディングス","東証PR","電気機器","191480","126139556","4.74","72","13.92","1.3","109.02","1170.62","151800","100","20230530","1650","20230316","1362"
"6524","湖北工業","東証ST","電気機器","41040","9000000","1.32","60","19.02","2.04","239.76","2238.42","456000","100","20230119","7010","20240209","4390"
"6525","KOKUSAI_ELECTRIC","東証PR","電気機器","951016","231955113","0.27","11","46.77","5.49","87.67","747.1","410000","100","20240209","4240","20231025","2108"
"6526","ソシオネクスト","東証PR","電気機器","637558","178238280","1.29","46","27.88","5.13","128.31","697.55","357700","100","20230621","5666","20230104","1144"
"6532","ベイカレント・コンサルティング","東証PR","サービス","482552","155411410","1.29","40","18.62","7.17","166.8","433.18","310500","100","20230622","5939","20240209","2950.5"
"6533","Orchestraホールディングス","東証PR","サービス","9347","9817800","1.05","10","13.26","1.74","71.82","546.26","95200","100","20230124","2116","20231117","852"
"6535","アイモバイル","東証PR","サービス","25934","58147188","3.03","13.5","9.86","1.78","45.22","250.7","44600","100","20231108","488","20230106","376"
"6537","WASHハウス","東証GR","サービス","2244","6925400","0","0","279.31","1.31","1.16","246.41","32400","100","20231207","678","20230105","221"
"6538","キャリアインデックス","東証ST","サービス","4047","20968800","2.59","5","9.7","1.06","19.9","181.45","19300","100","20230303","358","20240209","192"
"6539","MS-Japan","東証PR","サービス","28921","24996600","4.84","56","20.69","2.9","55.93","399.14","115700","100","20231129","1305","20230406","951"
"6540","船場","東証ST","サービス","10103","10458347","3.62","35","9.98","0.86","96.82","1124.52","96600","100","20240131","1055","20230105","691"
"6542","FCホールディングス","東証ST","サービス","6091","6859483","2.82","25","6.88","0.83","129.05","1063.56","88800","100","20230928","920","20230118","704"
"6543","日宣","東証ST","サービス","2544","4070080","3.36","21","14.75","0.74","42.36","848.03","62500","100","20240130","655","20230116","536"
"6544","ジャパンエレベーターサービスホールディングス","東証PR","サービス","193810","89067200","1.06","23","47.26","13.91","46.04","156.47","217600","100","20230831","2453","20230116","1531"
"6545","インターネットインフィニティー","東証GR","サービス","2079","5427771","1.04","4","19.22","1.57","19.93","243.4","38300","100","20230626","598","20230116","341"
"6546","フルテック","東証ST","サービス","6060","5367800","2.75","31","24.24","0.97","46.58","1168.85","112900","100","20230913","1430","20230123","1045"
"6547","グリーンズ","東証ST","サービス","28437","13878263","0.98","20","8.32","4.35","246.38","471.28","204900","100","20240205","2183","20230104","972"
"6548","旅工房","東証GR","サービス","4772","19799800","0","0","-","-","-","-62.06","24100","100","20230421","545","20240202","228"
"6549","ディーエムソリューションズ","東証ST","サービス","3529","2810000","0","0","10.54","1.34","119.15","937.64","125600","100","20230125","1361","20230519","1035"
"6550","Unipos","東証GR","サービス","2043","13014600","0","0","-","3.08","-47.99","50.91","15700","100","20230309","284","20230104","137"
"6551","ツナググループ・ホールディングス","東証ST","サービス","7662","8608922","1.12","10","16.61","4.99","53.58","178.24","89000","100","20231212","977","20230116","432"
"6552","GameWith","東証ST","サービス","5633","18348200","0","0","28.8","1.62","10.66","190.04","30700","100","20230607","420","20231024","277"
"6554","エスユーエス","東証GR","サービス","7203","9037200","3.14","25","12.97","2.16","61.43","368.44","79700","100","20230621","1116","20231024","592"
"6555","MS＆Consulting","東証ST","サービス","2704","4583100","1.53","9","17.06","0.86","34.58","687.97","59000","100","20230731","760","20230217","553"
"6556","ウェルビー","東証PR","サービス","27230","27560771","1.23","12.2","24.31","6.93","40.64","142.52","98800","100","20240209","988","20230721","405"
"6557","AIAIグループ","東証GR","サービス","4377","3097381","0","0","21.72","3.07","65.06","459.88","141300","100","20240206","1595","20230105","566"
"6558","クックビズ","東証GR","サービス","4116","2790691","-","-","11.31","2.76","130.4","534.3","147500","100","20240123","1589","20231024","868"
"6560","エル・ティー・エス","東証PR","サービス","12791","4563475","0","0","28.72","3.52","97.61","795.52","280300","100","20230906","4275","20230215","2321"
"6561","HANATOUR_JAPAN","東証GR","サービス","23126","12664700","0","0","23.88","15.88","76.47","115.02","182600","100","20230817","2743","20230105","1481"
"6562","ジーニー","東証GR","サービス","18052","18052200","0","0","13.61","2.62","73.5","382.12","100000","100","20230323","2320","20231225","868"
"6563","みらいワークス","東証GR","サービス","4272","5261000","0","0","22.34","3.69","36.34","220.17","81200","100","20230724","1165","20230105","655"
"6564","ミダックホールディングス","東証PR","サービス","46271","27773500","0.48","8","26.58","3.97","62.67","419.33","166600","100","20230209","3025","20230627","1499"
"6565","ABホテル","東証ST","サービス","28224","14176000","0.7","14","13.44","2.87","148.14","694.93","199100","100","20230817","3420","20230116","1771"
"6566","要興業","東証ST","サービス","13411","15871400","2.72","23","11.06","0.76","76.43","1118.93","84500","100","20230731","883","20230116","742"
"6567","SERIOホールディングス","東証GR","サービス","5532","6329400","0","0","20.92","2.49","41.78","351.04","87400","100","20231219","883","20230104","390"
"6568","神戸天然物化学","東証GR","サービス","11639","7779900","2.01","30","9.78","0.95","153","1567.08","149600","100","20230706","2167","20230106","1004"
"6570","共和コーポレーション","東証ST","サービス","5563","6080130","2.19","20","9.49","1.47","96.42","624.14","91500","100","20240208","938","20230405","583"
"6571","キュービーネットホールディングス","東証PR","サービス","19253","13106500","1.5","22","11.99","1.45","122.5","1014.44","146900","100","20231114","1750","20230106","1300"
"6572","RPAホールディングス","東証PR","サービス","16119","62235000","-","-","49.05","1.33","5.28","194.19","25900","100","20230620","487","20240119","242"
"6573","アジャイルメディア・ネットワーク","東証GR","サービス","6534","22224420","0","0","-","30.34","-25.5","9.69","29400","100","20231019","961","20230329","61"
"6574","コンヴァノ","東証GR","サービス","1835","2271560","0","0","612.12","2.1","1.32","384.34","80800","100","20230524","869","20231117","452"
"6577","ベストワンドットコム","東証GR","サービス","4834","1469360","0","0","-","5.74","-","573.05","329000","100","20230801","4960","20230116","1616"
"6578","エヌリンクス","東証ST","サービス","1972","7302960","0","0","22.92","1.88","11.78","143.5","27000","100","20230720","463","20230104","175"
"6579","ログリー","東証GR","サービス","2267","3803000","0","0","-","3.37","-20.85","176.97","59600","100","20230411","1231","20231117","555"
"6580","ライトアップ","東証GR","サービス","3931","5806000","0","0","11.21","1.42","60.41","475.4","67700","100","20230620","1437","20231225","594"
"6584","三櫻工業","東証PR","輸送用機器","32659","37112000","2.84","25","13.78","0.76","63.84","1161.77","88000","100","20230906","1055","20230104","602"
"6586","マキタ","東証PR","機械","1062666","280017520","-","-","25.91","1.24","146.49","3068.27","379500","100","20230801","4687","20230104","3025"
"6588","東芝テック","東証PR","電気機器","171620","57629140","1.51","45","-","2.15","0","1385.65","297800","100","20230605","4420","20231212","2651"
"6590","芝浦メカトロニクス","東証PR","電気機器","99340","13971900","2.32","165","13.08","2.77","543.5","2569.81","711000","100","20230830","9357","20230106","3240"
"6592","マブチモーター","東証PR","電気機器","340618","132820524","2.92","75","20.47","1.07","125.3","2398.62","256450","100","20240130","2591","20230120","1788"
"6594","ニデック","東証PR","電気機器","3275987","596284468","1.37","75","23.38","2.03","234.95","2703.09","549400","100","20230724","8706","20231208","5345"
"6597","HPCシステムズ","東証GR","電気機器","8290","4358500","1.31","25","17.83","3.57","106.7","532.55","190200","100","20230714","2360","20231004","1536"
"6599","エブレン","東証ST","電気機器","3686","1536000","1.58","38","8.4","0.83","285.62","2890.71","240000","100","20230309","2695","20231227","2110"
"6612","バルミューダ","東証GR","電気機器","11399","8443900","0","0","-","2.52","-237.24","535.95","135000","100","20230105","2614","20231227","1252"
"6613","QDレーザ","東証GR","電気機器","23192","41712203","0","0","-","3.86","-14.01","144.19","55600","100","20230711","984","20230215","494"
"6614","シキノハイテック","東証ST","電気機器","11237","4424000","0.59","15","26.1","4.93","97.31","514.93","254000","100","20230421","4500","20231024","2130"
"6615","ユー・エム・シー・エレクトロニクス","東証PR","電気機器","9784","28277620","-","-","32.61","0.54","10.61","643.51","34600","100","20230615","635","20231213","325"
"6616","トレックス・セミコンダクター","東証PR","電気機器","20208","11554200","3.2","56","-","0.78","-76.38","2228.2","174900","100","20230210","2843","20231225","1643"
"6617","東光高岳","東証PR","電気機器","38591","16276305","2.11","50","10.6","0.67","223.66","3513.36","237100","100","20230308","2641","20230106","1776"
"6619","ダブル・スコープ","東証PR","電気機器","40480","55225600","0","0","23.74","0.75","30.87","979.22","73300","100","20230731","1555","20240208","712"
"6620","宮越ホールディングス","東証PR","不動産","42336","40014943","0","0","94.04","1.7","11.25","623.06","105800","100","20231218","1409","20230106","700"
"6622","ダイヘン","東証PR","電気機器","175629","27103291","2.55","165","9.63","1.29","672.85","5022.52","648000","100","20240202","7200","20230104","3805"
"6625","JALCOホールディングス","東証ST","不動産","36371","112604118","1.86","6","8.38","2.15","38.54","150.22","32300","100","20240130","356","20231113","181"
"6626","SEMITEC","東証ST","電気機器","20048","11371600","1.13","20","11.65","0.96","151.28","1840.88","176300","100","20230227","2570","20231117","1720"
"6627","テラプローブ","東証ST","電気機器","57366","9282500","-","-","-","1.65","-","3750.86","618000","100","20240125","7920","20230104","1568"
"6629","テクノホライゾン","東証ST","電気機器","10005","21063300","2.11","10","12.8","0.69","37.1","687.76","47500","100","20230622","628","20230316","408"
"6630","ヤーマン","東証PR","電気機器","59166","58348880","0.84","8.5","12.83","2.1","79.06","483.07","101400","100","20230228","1590","20231215","900"
"6632","JVCケンウッド","東証PR","電気機器","118736","164000201","1.1","8","10.72","1.02","67.52","709.87","72400","100","20231207","811","20230106","342"
"6633","C＆Gシステムズ","東証ST","電気機器","3107","9801549","3.15","10","48.55","0.98","6.53","323.32","31700","100","20230926","420","20230316","295"
"6634","ネクスグループ","東証ST","電気機器","3604","27301871","0","0","23.45","1.21","5.63","108.77","13200","100","20230406","206","20231225","118"
"6635","大日光・エンジニアリング","東証ST","電気機器","3638","6800600","2.24","12","20.01","0.6","26.73","898.31","53500","100","20230412","810","20231215","433"
"6637","寺崎電気産業","東証ST","電気機器","27089","13030000","1.44","30","11.29","0.63","184.2","3325.17","207900","100","20240209","2110","20230104","957"
"6638","ミマキエンジニアリング","東証PR","電気機器","29541","32040000","2.17","20","8.4","1.08","109.8","855.62","92200","100","20230809","1011","20230213","543"
"6640","I-PEX","東証PR","電気機器","33495","18722800","2.24","40","-","0.56","-40.43","3211.7","178900","100","20240124","1866","20230106","1084"
"6643","戸上電機製作所","東証ST","電気機器","13482","5028658","3.73","100","7.38","0.66","363.32","4047.88","268100","100","20240207","2814","20230330","1699"
"6644","大崎電気工業","東証PR","電気機器","33305","49267180","2.96","20","15.84","0.65","42.68","1042.96","67600","100","20240206","780","20230110","506"
"6645","オムロン","東証PR","電気機器","1107122","206244872","1.94","104","704.46","1.4","7.62","3824.51","536800","100","20230616","9329","20231031","5245"
"6647","森尾電機","東証ST","電気機器","2494","1425000","1.71","30","18.51","0.53","94.53","3307.69","175000","100","20240206","1950","20231020","1569"
"6648","かわでん","東証ST","電気機器","10111","4192000","3.32","80","13.55","0.49","177.95","4898.87","241200","100","20240208","2550","20230421","1740"
"6651","日東工業","東証PR","電気機器","170126","40458000","4.9","206","20.45","1.52","205.64","2758.33","420500","100","20240206","4335","20230110","2240"
"6652","IDEC","東証PR","電気機器","95587","33224485","4.52","130","13.29","1.36","216.4","2118.16","287700","100","20230309","3630","20231031","2636"
"6653","正興電機製作所","東証PR","電気機器","13498","12603595","3.27","35","10.5","1.03","102.03","1039.19","107100","100","20230929","1242","20230118","910"
"6654","不二電機工業","東証ST","電気機器","7636","6669000","3.06","35","20.9","0.62","54.78","1857.68","114500","100","20230607","1266","20230206","1070"
"6656","インスペック","東証ST","電気機器","3979","4006800","-","-","-","4.55","-52.45","218.14","99300","100","20230529","2280","20230104","901"
"6658","シライ電子工業","東証ST","電気機器","7627","14446000","3.6","19","4.59","1.11","115.15","476.7","52800","100","20230309","888","20230104","450"
"6659","メディアリンクス","東証ST","電気機器","1161","33162300","0","0","-","0.63","-4.67","55.69","3500","100","20230120","90","20231024","34"
"6662","ユビテック","東証ST","電気機器","3609","14791600","-","-","-","1.67","-","145.69","24400","100","20240112","315","20230410","220"
"6663","太洋テクノレックス","東証ST","電気機器","1916","5951600","0.93","3","87.03","0.76","3.7","421.94","32200","100","20230523","429","20231222","304"
"6664","オプトエレクトロニクス","東証ST","電気機器","2190","6578000","0","0","-","0.37","-38.85","901.15","33300","100","20230322","447","20231228","310"
"6666","リバーエレテック","東証ST","電気機器","5303","8692652","1.64","10","14.46","1.11","42.18","549.66","61000","100","20230125","778","20231024","480"
"6668","アドテックプラズマテクノロジー","東証ST","電気機器","12982","8586000","1.32","20","7.63","1.18","198.06","1282.05","151200","100","20240105","1850","20230420","1269"
"6670","MCJ","東証ST","電気機器","133020","101774700","4.36","57","10.79","1.66","121.11","787.34","130700","100","20240206","1480","20230330","912"
"6674","ジーエス・ユアサコーポレーション","東証PR","電気機器","264676","100446442","2.28","60","10.32","0.91","255.4","2901.23","263500","100","20230802","2932","20231218","1908"
"6675","サクサホールディングス","東証ST","電気機器","17105","6244962","3.47","95","8.89","0.6","308.25","4529.58","273900","100","20240208","2900","20230113","1171"
"6676","メルコホールディングス","東証ST","電気機器","53693","16937873","3.79","120","44.43","0.84","71.35","3761.95","317000","100","20231107","3595","20230105","2910"
"6677","エスケーエレクトロニクス","東証ST","電気機器","45815","11368400","4.14","167","11.96","1.32","337.05","3045","403000","100","20240117","4200","20230104","1104"
"6678","テクノメディカ","東証ST","電気機器","15514","8760000","3.11","55","15.89","0.93","111.44","1896.26","177100","100","20231120","2625","20230203","1651"
"6694","ズーム","東証ST","電気機器","4544","4594824","3.03","30","15.2","0.64","65.05","1546.32","98900","100","20230925","1389","20231229","931"
"6696","トラース・オン・プロダクト","東証GR","電気機器","1252","4815491","0","0","-","3.05","-17.65","85.14","26000","100","20230301","842","20231226","220"
"6697","テックポイント・インク（外国株）","東証GR","電気機器","-","-","-","-","-","-","-","-","148700","100","20240122","1708","20230106","895"
"6698","ヴィスコ・テクノロジーズ","東証ST","電気機器","4534","6448800","1.42","10","12.57","1.28","55.93","550.07","70300","100","20230726","838","20230120","570"
"6699","ダイヤモンドエレクトリックホールディングス","東証PR","電気機器","6353","9128001","-","-","-","0.5","-19.11","1400.46","69600","100","20230201","1419","20231226","635"
"6701","日本電気","東証PR","電気機器","2590164","272849863","1.26","120","-","1.49","-","6374.69","949300","100","20240202","9827","20230120","4405"
"6702","富士通","東証PR","電気機器","4749052","207110845","1.13","260","20.77","2.7","1104.04","8508.31","2293000","100","20240205","24050","20231024","16570"
"6703","沖電気工業","東証PR","電気機器","92276","87217602","2.84","30","7.64","0.86","138.45","1225","105800","100","20230906","1188","20230210","687"
"6704","岩崎通信機","東証ST","電気機器","10157","14980344","3.69","25","8.46","0.28","80.18","2463.95","67800","100","20230524","884","20240206","678"
"6706","電気興業","東証PR","電気機器","28617","12100000","2.54","60","-","0.59","-108.29","4006.88","236500","100","20231106","2638","20230117","1863"
"6707","サンケン電気","東証PR","電気機器","183115","25098060","-","-","-","1.42","-","5133.82","729600","100","20230801","14770","20230104","6410"
"6715","ナカヨ","東証ST","電気機器","5509","4794963","3.48","40","13.15","0.31","87.4","3747.49","114900","100","20230915","1300","20230117","1034"
"6718","アイホン","東証PR","電気機器","52036","18220000","4.55","130","12.62","0.75","226.24","3792.58","285600","100","20230919","3155","20230105","1783"
"6721","ウインテスト","東証ST","電気機器","4102","43641000","0","0","-","2.56","-12.06","36.65","9400","100","20230221","174","20231225","85"
"6723","ルネサスエレクトロニクス","東証PR","電気機器","5292722","1958454023","-","-","-","2.33","-","1158.55","270250","100","20230705","2900","20230104","1166"
"6724","セイコーエプソン","東証PR","電気機器","923861","385022278","3.08","74","14.47","1.03","165.87","2335.18","239950","100","20230925","2459","20230316","1781"
"6727","ワコム","東証PR","電気機器","110916","158000000","2.85","20","22.26","2.68","31.54","262.03","70200","100","20231115","757","20231031","507"
"6728","アルバック","東証PR","電気機器","379794","49355938","1.48","114","23.69","1.94","324.82","3959.59","769500","100","20240208","7800","20230316","4975"
"6730","アクセル","東証ST","電気機器","22816","11211989","3.54","72","14.03","1.87","145.03","1089.41","203500","100","20240122","2341","20230525","1306"
"6731","ピクセラ","東証ST","電気機器","917","6945276","0","0","-","1.65","-","80","13200","100","20230104","800","20231229","77"
"6734","ニューテック","東証ST","電気機器","2997","2081000","2.78","40","8.65","1.16","166.43","1237.52","144000","100","20230705","1648","20231115","1268"
"6736","サン電子","東証ST","電気機器","59779","24007728","1.61","40","-","1.72","-","1448.94","249000","100","20240209","2537","20230531","1694"
"6737","EIZO","東証PR","電気機器","111664","21981160","3.94","200","20.49","0.83","247.88","6148.04","508000","100","20230906","5270","20230105","3330"
"6740","ジャパンディスプレイ","東証PR","電気機器","77608","3880388022","0","0","-","0.8","-7.11","25.05","2000","100","20230411","56","20231226","16"
"6741","日本信号","東証PR","電気機器","64854","68339704","2.85","27","12.59","0.66","75.36","1445.47","94900","100","20230510","1179","20231024","893"
"6742","京三製作所","東証PR","電気機器","28971","62844251","3.9","18","8.03","0.64","57.4","724.68","46100","100","20230727","535","20230105","396"
"6743","大同信号","東証ST","電気機器","7640","18018000","2.36","10","12.57","0.33","33.72","1300.26","42400","100","20230518","470","20231227","400"
"6744","能美防災","東証PR","電気機器","132250","60832771","2.12","46","18.14","1.13","119.83","1919.19","217400","100","20240207","2358","20230110","1525"
"6745","ホーチキ","東証PR","電気機器","62003","28812000","2.37","51","10.08","1.09","213.59","1978.9","215200","100","20240205","2382","20230105","1360"
"6748","星和電機","東証ST","電気機器","6328","13238700","3.14","15","13.66","0.43","34.99","1121.2","47800","100","20230728","566","20230104","426"
"6750","エレコム","東証PR","電気機器","152995","92221420","2.65","44","16.54","1.61","100.33","1032.37","165900","100","20230907","1840","20230410","1225"
"6752","パナソニックホールディングス","東証PR","電気機器","3451919","2454261297","-","-","7.14","0.79","197.07","1790.76","140650","100","20230920","1808","20230105","1074"
"6753","シャープ","東証PR","電気機器","533073","650406538","-","-","-","2.1","-15.4","390.95","81960","100","20231121","1144","20230602","756"
"6754","アンリツ","東証PR","電気機器","159376","135870594","3.41","40","19.31","1.3","60.76","904.17","117300","100","20240124","1376","20231030","970"
"6755","富士通ゼネラル","東証PR","電気機器","221964","109368914","1.77","36","42.51","1.58","47.74","1287.57","202950","100","20230412","4005","20240209","1996.5"
"6757","OSGコーポレーション","東証ST","電気機器","5033","5500000","4.37","40","18.28","1.71","50.05","535.25","91500","100","20240129","1268","20230426","749"
"6758","ソニーグループ","東証PR","電気機器","17953636","1261231889","-","-","19.96","2.46","713.18","5778.23","1423500","100","20240123","14915","20230104","10035"
"6762","TDK","東証PR","電気機器","3030478","388771977","1.49","116","24.64","1.84","316.36","4242.84","779500","100","20240201","7935","20230106","4180"
"6763","帝国通信工業","東証PR","電気機器","18874","9856107","3.66","70","15.58","0.7","122.91","2723.25","191500","100","20240115","2072","20230106","1346"
"6768","タムラ製作所","東証PR","電気機器","44945","82771473","1.84","10","34.13","0.79","15.91","684.89","54300","100","20230404","850","20231024","476"
"6769","ザインエレクトロニクス","東証ST","電気機器","12278","12340100","1.51","15","14.31","1.16","69.53","860.94","99500","100","20240206","1133","20231031","734"
"6770","アルプスアルパイン","東証PR","電気機器","237372","219281450","2.77","30","-","0.58","-170.27","1856.65","108250","100","20230216","1450","20240202","1041"
"6771","池上通信機","東証ST","電気機器","5982","7285746","3.65","30","13.14","0.41","62.5","2026.13","82100","100","20240126","955","20230106","520"
"6772","東京コスモス電機","東証ST","電気機器","5250","1581250","2.86","95","5.91","0.69","561.43","4807.83","332000","100","20231110","3700","20230106","1835"
"6775","TBグループ","東証ST","電気機器","2575","13996942","0","0","125.17","2.66","1.47","69.16","18400","100","20230419","393","20230105","148"
"6776","天昇電気工業","東証ST","化学","7605","17014000","0.67","3","8.45","0.87","52.9","511.26","44700","100","20230920","469","20230105","299"
"6777","santec_Holdings","東証ST","電気機器","45452","11961100","2.11","80","16.55","2.83","229.58","1344.41","380000","100","20240209","3910","20230426","2221"
"6778","アルチザネットワークス","東証ST","電気機器","6445","9562000","2.97","20","18.71","0.86","36.03","785.88","67400","100","20230410","1029","20231226","648"
"6779","日本電波工業","東証PR","電気機器","31339","23128605","1.48","20","14.22","1.21","95.27","1123.85","135500","100","20230207","1621","20231213","1087"
"6785","鈴木","東証PR","電気機器","17127","14404400","3.87","46","7.73","0.74","153.75","1598.02","118900","100","20231204","1284","20230105","812"
"6786","RVH","東証ST","サービス","1418","25321760","0","0","-","0.83","-","67.1","5600","100","20230113","77","20231117","52"
"6787","メイコー","東証PR","電気機器","125708","26803320","1.22","57","12.93","1.37","362.64","3417.41","469000","100","20240209","4800","20230104","2315"
"6788","日本トリム","東証PR","電気機器","28264","8656780","2.6","85","13.38","1.14","243.96","2854.08","326500","100","20230703","3560","20230106","2571"
"6789","ローランドディー.ジー.","東証PR","電気機器","47678","12319911","4.01","155","9.79","1.36","395.43","2850.51","387000","100","20240205","4000","20230104","2701"
"6794","フォスター電機","東証PR","電気機器","28225","25000000","2.21","25","12.54","0.44","90.05","2547.67","112900","100","20230509","1271","20230104","824"
"6798","SMK","東証PR","電気機器","17827","7200000","4.04","100","-","0.51","-61.16","4821.87","247600","100","20230802","2681","20231025","2228"
"6800","ヨコオ","東証PR","電気機器","38208","23849878","2.75","44","49.8","0.76","32.17","2119.31","160200","100","20230206","2305","20231031","1206"
"6803","ティアック","東証ST","電気機器","2806","28931713","1.03","1","8.73","0.89","11.11","108.62","9700","100","20230607","130","20231225","89"
"6804","ホシデン","東証PR","電気機器","111029","61410084","2.65","48","11.07","0.71","163.28","2545.05","180800","100","20231002","2022","20230213","1476"
"6806","ヒロセ電機","東証PR","電気機器","609189","36250438","2.62","440","22.24","1.6","755.68","10486.83","1680500","100","20230614","19830","20240104","15660"
"6807","日本航空電子工業","東証PR","電気機器","231126","92302608","2","50","19.85","1.26","126.15","1983.78","250400","100","20231229","3240","20230130","2062"
"6809","TOA","東証PR","電気機器","37141","34136635","3.68","40","19.45","0.72","55.94","1505.73","108800","100","20230919","1229","20230106","750"
"6810","マクセル","東証PR","電気機器","79613","49695800","2.5","40","12.66","0.83","126.54","1931.38","160200","100","20230920","1803","20230106","1322"
"6814","古野電気","東証PR","電気機器","64618","31894554","2.22","45","12.79","1.06","158.35","1916.85","202600","100","20240118","2380","20230119","897"
"6817","スミダコーポレーション","東証PR","電気機器","38830","32879317","4.49","53","6.76","0.7","174.69","1687.39","118100","100","20230802","1797","20231102","1061"
"6819","伊豆シャボテンリゾート","東証ST","サービス","8358","18248268","0","0","27.71","1.8","16.53","254.95","45800","100","20230628","744","20230105","278"
"6820","アイコム","東証PR","電気機器","51975","14850000","2.34","82","17.26","0.8","202.75","4399.1","350000","100","20240118","3835","20230320","2462"
"6822","大井電気","東証ST","電気機器","2771","1470000","0","0","12.27","0.51","153.66","3680.16","188500","100","20230331","2688","20231020","1740"
"6823","リオン","東証PR","電気機器","30992","12327900","2.19","55","14.06","1.1","178.77","2283.66","251400","100","20240202","2680","20230106","1718"
"6824","新コスモス電機","東証ST","電気機器","29142","12561000","2.03","47","10.01","0.69","231.76","3371.55","232000","100","20230710","2690","20230106","1858"
"6832","アオイ電子","東証ST","電気機器","34932","12000000","1.86","54","-","0.71","-77.51","4091.76","291100","100","20240205","3240","20230217","1729"
"6834","精工技研","東証ST","電気機器","13674","9333654","3.75","55","28.44","0.5","51.52","2924.97","146500","100","20230310","1889","20231110","1304"
"6835","アライドテレシスホールディングス","東証ST","電気機器","12290","109731545","-","-","-","0.69","-","161.32","11200","100","20230809","138","20231219","95"
"6836","ぷらっとホーム","東証ST","電気機器","1305","1529900","0","0","-","3.3","-40.87","258.43","85300","100","20230725","1370","20230515","543"
"6837","京写","東証ST","電気機器","6186","14624000","2.13","9","10.9","0.72","38.82","584.64","42300","100","20230907","481","20230105","256"
"6838","多摩川ホールディングス","東証ST","電気機器","4667","6358600","0.68","5","1129.23","0.95","0.65","769.46","73400","100","20230705","956","20231227","601"
"6840","AKIBAホールディングス","東証ST","電気機器","4403","9192560","0","0","7.33","1.3","65.33","368.23","47900","100","20230607","605","20230105","373"
"6841","横河電機","東証PR","電気機器","811515","268624510","1.32","40","14.6","1.89","206.87","1595.42","302100","100","20231108","3165","20230224","2011"
"6844","新電元工業","東証PR","電気機器","32464","10338884","4.14","130","-","0.48","-67.89","6516.75","314000","100","20230308","3900","20231031","2809"
"6845","アズビル","東証PR","電気機器","657872","141508184","1.57","73","22.87","2.99","203.31","1555.01","464900","100","20240115","5183","20230105","3190"
"6848","東亜ディーケーケー","東証ST","電気機器","18787","19880620","2.12","20","14.33","0.88","65.93","1071.89","94500","100","20240131","980","20230127","751"
"6849","日本光電工業","東証PR","電気機器","370658","88230980","1.45","61","22.8","2.06","184.22","2037.86","420100","100","20240112","4783","20230106","3010"
"6850","チノー","東証PR","電気機器","22419","9260116","2.48","60","12.01","1.07","201.5","2268.22","242100","100","20230705","2584","20230105","1700"
"6853","共和電業","東証ST","電気機器","11638","27775900","3.58","15","15.27","0.66","27.44","635.18","41900","100","20240130","443","20230116","325"
"6855","日本電子材料","東証ST","電気機器","22445","12644938","2.25","40","57.42","0.92","30.91","1935.21","177500","100","20240209","2038","20230104","1304"
"6856","堀場製作所","東証PR","電気機器","529745","42532752","2.09","260","14.62","1.92","851.97","6480.34","1245500","100","20240209","12665","20230104","5650"
"6857","アドバンテスト","東証PR","電気機器","5015927","766141256","-","-","74.86","12.02","87.46","544.83","654700","100","20240209","6658","20230104","2048"
"6858","小野測器","東証ST","電気機器","5514","12200000","2.21","10","3.08","0.35","146.63","1307.93","45200","100","20230425","531","20230116","372"
"6859","エスペック","東証PR","電気機器","60524","23781394","2.75","70","13.89","1.13","183.21","2257.2","254500","100","20240123","2634","20230106","1797"
"6861","キーエンス","東証PR","電気機器","15986041","243207684","0.46","300","-","5.9","-","11136.8","6573000","100","20230605","71890","20230104","49950"
"6862","ミナトホールディングス","東証ST","電気機器","10784","7882714","0.88","12","6.92","1.82","197.64","750.32","136800","100","20231207","1565","20230105","410"
"6863","ニレコ","東証ST","電気機器","10474","7735849","3.55","48","11.44","0.67","118.4","2027.87","135400","100","20240126","1395","20230213","960"
"6864","エヌエフホールディングス","東証ST","電気機器","9601","7070000","2.36","32","19.86","0.76","68.39","1780.8","135800","100","20240125","1719","20230104","880"
"6866","日置電機","東証PR","電気機器","91158","14024365","3.08","200","13.37","2.39","486.2","2718.23","650000","100","20230418","9870","20230106","5970"
"6867","リーダー電子","東証ST","電気機器","2930","4493301","2.3","15","17.21","0.71","37.89","922.74","65200","100","20240208","780","20230105","441"
"6869","シスメックス","東証PR","電気機器","1617617","209753292","1.09","84","31.04","3.85","248.47","2004.38","771200","100","20230622","10440","20231026","6708"
"6870","日本フェンオール","東証ST","電気機器","9576","5893000","4.43","72","61.98","0.74","26.22","2186.74","162500","100","20231220","1695","20230124","1292"
"6871","日本マイクロニクス","東証PR","電気機器","173510","40025316","0.67","29","45.19","4.3","95.92","1007.05","433500","100","20240205","4660","20230427","1201"
"6874","協立電機","東証ST","電気機器","14091","4369200","2.48","80","8.11","0.78","397.6","4111.22","322500","100","20240117","3870","20230112","1921"
"6875","メガチップス","東証PR","電気機器","97843","21132400","-","-","26.22","1.13","176.58","4081.01","463000","100","20240117","5250","20230116","2410"
"6877","OBARA　GROUP","東証ST","電気機器","81912","20869380","3.82","150","10.3","0.92","381.24","4276.53","392500","100","20230501","4335","20230116","3480"
"6879","IMAGICA_GROUP","東証PR","情報通信","30200","44741467","2.22","15","13.6","0.8","49.63","847.01","67500","100","20230802","729","20230602","542"
"6882","三社電機製作所","東証ST","電気機器","24204","14950000","3.09","50","8.61","0.92","187.97","1759.06","161900","100","20240131","1816","20230104","844"
"6888","アクモス","東証ST","情報通信","5108","10215400","4.8","24","10.65","1.73","46.93","289.38","50000","100","20240104","523","20230106","340"
"6890","フェローテックホールディングス","東証ST","電気機器","137236","47111567","3.43","100","9.11","0.68","319.62","4255.4","291300","100","20230704","3925","20231226","2544"
"6894","パルステック工業","東証ST","電気機器","2246","1393459","3.41","55","9.31","0.65","173.21","2495.87","161200","100","20230919","1649","20230330","1444"
"6897","ツインバード","東証ST","電気機器","5562","10906300","2.55","13","30.12","0.69","16.93","737.9","51000","100","20230412","550","20231227","491"
"6898","トミタ電機","東証ST","電気機器","1205","816979","0","0","-","0.29","-118.33","5079.18","147500","100","20230314","4055","20231212","1230"
"6899","ASTI","東証ST","電気機器","10798","3417006","-","-","5.2","0.43","607.79","7386.32","316000","100","20230925","3950","20230117","2510"
"6901","澤藤電機","東証ST","電気機器","5722","4322000","2.11","28","15.87","0.49","83.43","2728.72","132400","100","20230612","1375","20230116","1060"
"6902","デンソー","東証PR","輸送用機器","8118985","3151779804","2.02","52","20.3","1.56","126.88","1651.78","257600","100","20230921","2614","20230104","1597"
"6904","原田工業","東証ST","電気機器","16362","21758000","1.99","15","10.9","1.14","68.96","659.13","75200","100","20230306","895","20231227","717"
"6905","コーセル","東証PR","電気機器","52497","35712000","3.61","53","9.74","1.07","150.88","1375.7","147000","100","20240123","1523","20230110","980"
"6907","ジオマテック","東証ST","電気機器","4494","9152400","0","0","-","0.39","-82.93","1249.26","49100","100","20230509","628","20231102","474"
"6908","イリソ電子工業","東証PR","電気機器","74489","24583698","2.97","90","13.45","0.99","225.3","3061.5","303000","100","20230403","5200","20240208","2995"
"6912","菊水ホールディングス","東証ST","電気機器","12444","9900000","3.02","38","9.16","0.83","137.2","1511.56","125700","100","20230310","1417","20230106","1001"
"6914","オプテックスグループ","東証PR","電気機器","67736","37735784","2.23","40","12.75","1.48","140.75","1210.22","179500","100","20230202","2150","20231016","1496"
"6915","千代田インテグレ","東証ST","電気機器","32038","11628929","3.99","110","12.32","0.75","223.66","3654.68","275500","100","20231204","3120","20230106","2090"
"6918","アバールデータ","東証ST","電気機器","52222","7417842","4.5","317","7.8","2.1","902.82","3352.79","704000","100","20240122","7880","20230517","3625"
"6919","ケル","東証ST","電気機器","14890","7743000","4.94","95","17.04","0.92","112.85","2083.93","192300","100","20230913","2034","20230105","1632"
"6920","レーザーテック","東証PR","電気機器","3771456","94286400","0.48","191","73.62","30.14","543.33","1326.95","4000000","100","20240126","41920","20230502","17485"
"6923","スタンレー電気","東証PR","電気機器","451540","171200000","2.09","55","16.96","0.87","155.52","3038.95","263750","100","20230501","3075","20231004","2256"
"6925","ウシオ電機","東証PR","電気機器","258115","123500000","2.39","50","24.11","0.94","86.68","2224.41","209000","100","20231214","2242","20230213","1517"
"6926","岡谷電機産業","東証ST","電気機器","6601","22921562","1.39","4","18.4","0.7","15.65","414.18","28800","100","20230310","348","20230104","242"
"6927","ヘリオステクノホールディング","東証ST","電気機器","12772","22806900","4.46","25","5.16","0.67","108.56","839.44","56000","100","20230705","1375","20230316","330"
"6928","エノモト","東証PR","電気機器","11129","6865360","4.32","70","72.17","0.51","22.46","3205.88","162100","100","20230221","1961","20231110","1475"
"6929","日本セラミック","東証PR","電気機器","72163","27231257","3.77","100","16.67","1.25","158.94","2126.79","265000","100","20231204","2970","20230106","2229"
"6930","日本アンテナ","東証ST","電気機器","7121","14300000","4.22","21","-","0.39","-229.91","1274.51","49800","100","20230323","585","20231227","450"
"6932","遠藤照明","東証ST","電気機器","21884","14776321","2.36","35","6.84","0.6","216.56","2478.31","148100","100","20240201","1643","20230104","709"
"6937","古河電池","東証PR","電気機器","30766","32800000","2.24","21","13.97","0.89","67.12","1057.58","93800","100","20230309","1180","20231226","814"
"6938","双信電機","東証ST","電気機器","5062","17102504","1.35","4","36.14","0.42","8.19","706.63","29600","100","20230307","407","20231219","283"
"6941","山一電機","東証PR","電気機器","48418","21829775","1.35","30","22.77","1.24","97.39","1791.87","221800","100","20230703","2444","20231004","1668"
"6942","ソフィアホールディングス","東証ST","情報通信","4473","3127720","0","0","-","1.88","-1.86","761.69","143000","100","20240208","1991","20230110","574"
"6943","NKKスイッチズ","東証ST","電気機器","5392","842520","1.56","100","10.53","0.4","607.62","15974.82","640000","100","20230404","6880","20230810","4780"
"6946","日本アビオニクス","東証ST","電気機器","36748","3352962","0.27","30","18.67","2.79","587.15","3928.81","1096000","100","20240209","11150","20230106","3370"
"6947","図研","東証PR","電気機器","99118","23267169","1.17","50","29.12","2.45","146.3","1735.83","426000","100","20230906","4425","20230105","2852"
"6951","日本電子","東証PR","電気機器","345218","51532800","1.1","74","19.01","3.13","352.43","2141.55","669900","100","20240125","7338","20230106","3410"
"6952","カシオ計算機","東証PR","電気機器","282821","241520914","-","-","19.62","1.24","59.68","942.86","117100","100","20230127","1374","20240208","1134"
"6954","ファナック","東証PR","電気機器","3971170","1003073989","-","-","30.7","2.29","128.94","1731.79","395900","100","20230619","5334","20231030","3603"
"6955","FDK","東証ST","電気機器","23001","34536302","0","0","229.66","1.65","2.9","403.7","66600","100","20230116","1033","20240201","649"
"6957","芝浦電子","東証ST","電気機器","41622","7779865","4.11","220","10.44","1.24","512.26","4322.59","535000","100","20230808","7350","20230104","4775"
"6958","日本シイエムケイ","東証PR","電気機器","49531","63097316","1.4","11","21.13","0.75","37.15","1044.8","78500","100","20231229","830","20230406","431"
"6960","フクダ電子","東証ST","電気機器","315759","39176000","2.05","165","14.78","1.41","545.43","5726.04","806000","100","20240202","8740","20230414","4050"
"6961","エンプラス","東証PR","電気機器","97718","9732897","0.6","60","21.1","1.79","475.86","5597.96","1004000","100","20240122","15040","20230116","3460"
"6962","大真空","東証PR","電気機器","31745","36196968","3.19","28","25.73","0.77","34.08","1138.42","87700","100","20240117","980","20230804","590"
"6963","ローム","東証PR","電気機器","1097980","412000000","1.88","50","21.63","1.1","123.2","2433.39","266500","100","20230705","3564","20230104","2328"
"6964","サンコー","東証ST","電気機器","5544","9000000","2.44","15","9.26","0.37","66.49","1675.63","61600","100","20240205","627","20230104","437"
"6965","浜松ホトニクス","東証PR","電気機器","920507","165083770","1.36","76","23.53","2.71","237","2057.75","557600","100","20230508","7590","20240209","5423"
"6966","三井ハイテック","東証PR","電気機器","303145","39466865","0.94","72","24","2.99","320.1","2565.61","768100","100","20230907","10180","20230104","6030"
"6967","新光電気工業","東証PR","電気機器","742094","135171942","0.46","25","30.91","2.87","177.63","1913.26","549000","100","20230705","6350","20230104","3290"
"6969","松尾電機","東証ST","電気機器","2202","3210000","0","0","5.95","0.93","115.36","739.88","68600","100","20230412","959","20231226","504"
"6971","京セラ","東証PR","電気機器","3209758","1510474320","2.35","50","30.03","0.95","70.76","2232.15","212500","100","20240123","2334","20230116","1589"
"6973","協栄産業","東証ST","卸売","9376","3193545","3.07","90","8.82","0.53","332.7","5488.51","293600","100","20240205","3175","20230104","1564"
"6976","太陽誘電","東証PR","電気機器","453421","130218481","2.58","90","144.66","1.37","24.07","2544.95","348200","100","20230124","4625","20231031","3281"
"6977","日本抵抗器製作所","東証ST","電気機器","1265","1240000","2.94","30","12.62","0.71","80.82","1437.92","102000","100","20230213","1278","20231228","998"
"6981","村田製作所","東証PR","電気機器","6116795","2027442843","1.66","50","25.33","2.29","119.1","1318.95","301700","100","20240205","3141","20230104","2146"
"6982","リード","東証ST","輸送用機器","1664","2632960","1.58","10","16.3","0.59","38.77","1067.3","63200","100","20230510","975","20230104","567"
"6986","双葉電子工業","東証PR","電気機器","21256","42426739","-","-","-","0.28","-89.59","1759.49","50100","100","20230907","593","20230626","476"
"6988","日東電工","東証PR","化学","1865455","143551735","2","260","18.58","1.96","699.54","6626.28","1299500","100","20240209","13165","20230105","7500"
"6989","北陸電気工業","東証ST","電気機器","13329","9250099","3.82","55","5.73","0.62","251.59","2313.13","144100","100","20230915","1542","20230531","1157"
"6993","大黒屋ホールディングス","東証ST","小売","4679","116982866","0","0","-","21.51","-2.45","1.86","4000","100","20230221","67","20240119","39"
"6994","指月電機製作所","東証ST","電気機器","14613","33061003","1.92","8.5","27.23","0.51","16.23","874.17","44200","100","20230724","550","20231215","400"
"6995","東海理化電機製作所","東証PR","輸送用機器","214006","94234171","2.99","68","7.41","0.68","306.57","3342.31","227100","100","20231102","2545","20230116","1378"
"6996","ニチコン","東証PR","電気機器","97812","78000000","2.55","32","10.46","0.79","119.85","1590.85","125400","100","20230705","1549","20230105","1197"
"6997","日本ケミコン","東証PR","電気機器","29443","21939933","0","0","-","0.61","-977.22","2209.45","134200","100","20230310","2354","20230601","1196"
"6998","日本タングステン","東証ST","電気機器","6444","5155520","4","50","17.29","0.52","72.31","2423.06","125000","100","20230127","1405","20230522","1175"
"6999","KOA","東証PR","電気機器","60193","40479724","3.36","50","25.07","0.73","59.32","2048.26","148700","100","20230127","1996","20231026","1397"
"7003","三井E＆S","東証PR","機械","82891","103098717","0.37","3","9.1","0.64","88.31","1249.05","80400","100","20240209","823","20230116","364"
"7004","日立造船","東証PR","機械","176343","170214843","1.74","18","11.64","1.22","89.01","847.75","103600","100","20240208","1069","20231024","763"
"7011","三菱重工業","東証PR","機械","3449555","337364781","1.56","160","18.08","1.79","565.44","5707.35","1022500","100","20240207","10800","20230316","4439"
"7012","川崎重工業","東証PR","輸送用機器","604686","167921800","1.11","40","50.26","1.07","71.65","3354.21","360100","100","20230907","4228","20230316","2671"
"7013","IHI","東証PR","機械","433877","154679954","3.57","100","-","1.42","-594.86","1971.78","280500","100","20230703","4088","20231214","2480"
"7014","名村造船所","東証ST","輸送用機器","100966","69345051","0.69","10","7.76","1.61","187.58","902.05","145600","100","20240123","1546","20230327","308"
"7018","内海造船","東証ST","輸送用機器","9913","2253000","2.27","100","4.39","0.77","1002.94","5703.42","440000","100","20230907","7830","20230117","1150"
"7021","ニッチツ","東証ST","機械","4398","2130000","1.45","30","143.4","0.41","14.4","5090.74","206500","100","20240202","2086","20230116","1200"
"7022","サノヤスホールディングス","東証ST","機械","4899","33786282","3.45","5","16.24","0.62","8.93","235.19","14500","100","20230830","155","20230112","122"
"7030","スプリックス","東証ST","サービス","14095","17774400","4.79","38","30.48","1.42","26.02","558.76","79300","100","20230509","955","20230817","763"
"7031","インバウンドテック","東証GR","サービス","3075","2616600","0","0","14.5","1.43","81.05","821.66","117500","100","20230424","1770","20231215","940"
"7033","マネジメントソリューションズ","東証PR","サービス","47185","16821700","0.64","18","19.15","11.06","146.47","253.55","280500","100","20230619","4700","20231024","2204"
"7034","プロレド・パートナーズ","東証PR","サービス","3941","11195600","0","0","-","0.64","-","549.22","35200","100","20230216","567","20231225","327"
"7035","and_factory","東証ST","サービス","3491","11261970","0","0","-","3.32","0","93.5","31000","100","20230713","442","20240130","304"
"7036","イーエムネットジャパン","東証GR","サービス","3096","3885000","-","-","36.86","2.14","21.62","372.1","79700","100","20230210","1947","20231228","745"
"7037","テノ.ホールディングス","東証ST","サービス","2388","4701300","1.77","9","19.29","1.05","26.33","482.56","50800","100","20230203","1268","20231218","420"
"7038","フロンティア・マネジメント","東証PR","サービス","18633","11726457","-","-","26.13","5.37","60.81","296.02","158900","100","20231114","1714","20230407","904"
"7039","ブリッジインターナショナル","東証GR","サービス","5725","3768600","2.3","35","9.08","1.43","167.21","1061.04","151900","100","20230201","2929","20231215","1406"
"7040","サン・ライフホールディング","東証ST","サービス","6493","6820000","3.47","33","8.97","1.11","106.15","858.87","95200","100","20240209","959","20230104","808"
"7041","CRGホールディングス","東証GR","サービス","2808","5484000","0","0","46.8","0.9","10.94","568.18","51200","100","20230808","652","20231027","448"
"7042","アクセスグループ・ホールディングス","東証ST","サービス","1284","1416800","1.66","15","11.18","1.99","81.04","455.38","90600","100","20231005","1721","20230104","654"
"7043","アルー","東証GR","サービス","2148","2554400","0.83","7","38.11","1.8","22.07","466.72","84100","100","20230308","1577","20231116","624"
"7044","ピアラ","東証ST","サービス","2258","7124160","0","0","-","2.33","-105.3","136","31700","100","20230330","764","20231227","270"
"7046","TDSE","東証GR","サービス","4154","2200000","0.53","10","20.07","1.97","94.08","956.23","188800","100","20230613","3925","20230119","1480"
"7047","ポート","東証GR","サービス","34002","13793790","-","-","19.58","7.27","125.91","339.04","246500","100","20230831","2930","20230106","1031"
"7048","ベルトラ","東証GR","サービス","21122","36479380","0","0","-","16.36","-5.31","35.39","57900","100","20230714","780","20231024","324"
"7049","識学","東証GR","サービス","4987","9132996","0","0","-","2.16","-9.33","252.85","54600","100","20230822","779","20231019","453"
"7050","フロンティアインターナショナル","東証GR","サービス","9561","4619000","-","-","8.37","1.12","247.2","1853.97","207000","100","20230313","2448","20231101","1566"
"7057","エヌ・シー・エヌ","東証ST","サービス","3028","3217500","2.34","22","16.92","1.45","55.6","647.35","94100","100","20230105","1349","20231115","864"
"7058","共栄セキュリティーサービス","東証ST","サービス","4580","1506500","2.96","90","9.14","0.96","332.52","3172.94","304000","100","20230814","3120","20230104","2602"
"7059","コプロ・ホールディングス","東証PR","サービス","31920","20000000","2.82","45","21.94","4.13","72.75","386.12","159600","100","20240202","1695","20230106","490"
"7060","ギークス","東証ST","サービス","5017","10322629","2.06","10","-","1.16","-15.99","418.5","48600","100","20230322","1280","20231212","454"
"7061","日本ホスピスホールディングス","東証GR","サービス","19371","8061000","0","0","27.2","7.57","88.33","317.26","240300","100","20230414","3830","20231214","1883"
"7062","フレアス","東証GR","サービス","2350","2352600","1.06","10.57","41.23","1.37","24.23","730.28","99900","100","20230509","1125","20230116","745"
"7063","Birdman","東証GR","サービス","5959","5119300","0","0","28.38","13.54","41.02","85.95","116400","100","20230412","1965","20231115","681"
"7064","ハウテレビジョン","東証GR","サービス","3637","1368400","0","0","12.57","3.8","211.45","699.85","265800","100","20230307","4930","20240118","2580"
"7065","ユーピーアール","東証ST","サービス","11873","7660000","0.97","15","14.5","1.4","106.93","1109.34","155000","100","20231002","2744","20230104","1021"
"7066","ピアズ","東証GR","サービス","11370","9974000","-","-","23.14","4.62","49.26","246.78","114000","100","20230620","1416","20230127","260"
"7067","ブランディングテクノロジー","東証GR","サービス","1703","1599415","1.5","16","15.48","1.45","68.78","732.14","106500","100","20230331","1498","20231227","908"
"7068","フィードフォースグループ","東証GR","サービス","14299","25764658","0","0","16.45","5.23","33.74","106.18","55500","100","20230703","1131","20230106","345"
"7069","サイバー・バズ","東証GR","サービス","5587","3987600","0","0","19.88","2.6","70.46","538.76","140100","100","20231002","1900","20230516","1150"
"7071","アンビスホールディングス","東証PR","サービス","253793","98065400","0.15","4","34.97","9.57","74.01","270.56","258800","100","20230213","3840","20231023","2101"
"7072","インティメート・マージャー","東証GR","サービス","3420","3313750","0","0","36.1","2.25","28.59","458.69","103200","100","20230324","2560","20231214","991"
"7073","ジェイック","東証GR","サービス","1939","931500","0.24","5","-","2.2","-13.07","944.57","208200","100","20231227","5130","20231218","1610"
"7074","トゥエンティーフォーセブン","東証GR","サービス","1550","5762800","0","0","-","11.18","-40.02","24.06","26900","100","20230524","600","20231116","216"
"7077","ALiNKインターネット","東証GR","サービス","2359","2136900","0","0","20.22","1.25","54.6","879.75","110400","100","20230602","1514","20230428","893"
"7078","INCLUSIVE","東証GR","サービス","9548","9998289","0","0","33.1","4.11","28.85","232.1","95500","100","20230411","1136","20230316","897"
"7079","WDBココ","東証GR","サービス","11195","2405000","1.61","75","14.41","3.64","323.04","1278.65","465500","100","20230807","6580","20231208","4495"
"7080","スポーツフィールド","東証GR","サービス","6303","3681440","1.75","30","11.56","5.02","148.08","341.34","171200","100","20230719","1894","20230105","876"
"7081","コーユーレンティア","東証ST","サービス","11300","5472300","2.42","50","7.6","1.21","271.61","1708.42","206500","100","20231226","2205","20230112","1460"
"7082","ジモティー","東証GR","サービス","7633","4985413","0","0","18.59","7.97","82.35","192.16","153100","100","20230619","2126","20231225","1436"
"7083","AHCグループ","東証GR","サービス","1609","2102844","0","0","22.94","1.39","33.35","551.31","76500","100","20240124","1140","20231107","599"
"7084","Kids_Smile_Holdings","東証GR","サービス","2952","3243950","0","0","36.89","0.47","24.67","1916.18","91000","100","20230110","1301","20231226","824"
"7085","カーブスホールディングス","東証PR","サービス","67765","93857493","1.66","12","22.92","4.21","31.5","171.52","72200","100","20230112","872","20231213","612"
"7086","きずなホールディングス","東証GR","サービス","9621","6906417","0","0","10.68","1.73","130.42","803.9","139300","100","20230928","2027","20230116","947"
"7087","ウイルテック","東証ST","サービス","5679","6461000","4.55","40","8.75","0.79","100.4","1109.77","87900","100","20230209","1104","20231114","816"
"7088","フォーラムエンジニアリング","東証PR","サービス","42789","53419200","4.06","32.5","23.12","3.58","34.64","223.92","80100","100","20240109","873","20230406","410"
"7089","フォースタートアップス","東証GR","サービス","5423","3635000","0","0","15.61","2.68","95.59","556.01","149200","100","20230113","2355","20230511","1417"
"7090","リグア","東証GR","サービス","2638","1494400","0","0","28.26","4.56","62.46","387.24","176500","100","20230704","2152","20230105","1086"
"7091","リビングプラットフォーム","東証GR","サービス","6963","4492200","0","0","37.89","4.51","40.91","343.44","155000","100","20230214","1850","20230519","921"
"7092","Fast_Fitness_Japan","東証PR","サービス","20557","18739180","2.28","25","12.83","1.67","85.5","656.64","109700","100","20230511","1830","20231214","1020"
"7093","アディッシュ","東証GR","サービス","1645","1802160","0","0","-","3.27","-120.69","279.32","91300","100","20230201","1910","20231031","813"
"7094","NexTone","東証GR","サービス","12626","9849000","0","0","31.15","3.21","41.16","399.86","128200","100","20230208","4950","20231129","980"
"7095","Macbee_Planet","東証GR","サービス","64193","3618568","-","-","26.41","6.37","671.7","2786.51","1774000","100","20230711","23450","20230106","9910"
"7096","ステムセル研究所","東証GR","サービス","21108","10246600","0","0","70.36","8.16","29.28","252.57","206000","100","20230630","3285","20240123","2000"
"7097","さくらさくプラス","東証GR","サービス","4244","4514800","1.7","16","9.89","0.86","95.04","1093.29","94000","100","20240111","1045","20230316","642"
"7102","日本車輌製造","東証PR","輸送用機器","33606","14675012","0.87","20","8.7","0.58","263.32","3955.65","229000","100","20240131","2321","20230106","1910"
"7105","三菱ロジスネクスト","東証ST","輸送用機器","157190","106714013","1.36","20","5.42","1.49","271.95","989","147300","100","20240205","1626","20230116","635"
"7110","クラシコム","東証GR","小売","10606","7370400","-","-","16.7","2.56","86.16","561.44","143900","100","20230626","1801","20230316","1109"
"7111","INEST","東証ST","卸売","8439","109596485","-","-","-","1.97","-2.2","39.09","7700","100","20240119","122","20231012","50"
"7112","キューブ","東証GR","小売","5461","6074000","0","0","18.26","1.4","49.23","643.4","89900","100","20230116","1415","20231226","483"
"7114","フーディソン","東証GR","卸売","7813","4464640","0","0","44.96","3.84","38.92","455.47","175000","100","20230210","3440","20231206","1321"
"7115","アルファパーチェス","東証ST","卸売","10818","9624500","1.78","20","14.01","2.12","80.21","529.14","112400","100","20230816","1429","20230106","646"
"7116","ダイワ通信","東証ST","卸売","3682","2707000","0","0","12.61","1.46","107.87","931.3","136000","100","20230308","2515","20230201","1170"
"7119","ハルメクホールディングス","東証GR","小売","13601","10889290","0","0","9.6","1.81","130.1","688.83","124900","100","20230327","3020","20231226","1010"
"7120","SHINKO","東証ST","卸売","4204","1834000","3.49","80","8.52","2.57","268.97","892.06","229200","100","20230329","3200","20230601","1907"
"7122","近畿車輛","東証ST","輸送用機器","13996","6908359","2.47","50","7.74","0.46","261.59","4412.95","202600","100","20231002","2266","20230104","1038"
"7126","グローバルスタイル","東証ST","小売","5569","3502744","-","-","9.63","2.89","165.1","549.89","159000","100","20230707","2200","20230104","1066"
"7127","一家ホールディングス","東証ST","小売","5017","7115700","0","0","27.78","5.46","25.38","129.15","70500","100","20230814","750","20230330","572"
"7128","フルサト・マルカホールディングス","東証PR","卸売","61173","25174214","2.67","65","13.02","0.84","186.57","2895.6","243000","100","20230202","3595","20230627","2251"
"7129","ミアヘルサホールディングス","東証ST","小売","2635","2512300","2.86","30","20.1","0.8","52.2","1308.44","104900","100","20230523","1140","20231227","985"
"7130","ヤマエグループホールディングス","東証PR","卸売","84168","27686752","1.64","50","7.2","1.04","422.18","2925.59","304000","100","20230829","4605","20230125","1367"
"7131","のむら産業","東証ST","卸売","2137","1391575","2.93","45","8.26","1.24","186.04","1238.11","153600","100","20231002","2384","20230210","1000"
"7133","HYUGA_PRIMARY_CARE","東証GR","小売","12509","7172800","0","0","25.16","7.9","69.33","220.89","174400","100","20230126","2895","20230816","1330"
"7134","アップガレージグループ","東証ST","小売","5347","7897800","3.25","22","9.15","1.51","73.95","449.58","67700","100","20230725","850","20230104","518"
"7135","ジャパンクラフトホールディングス","東証ST","小売","5094","30501680","0","0","-","1.13","-60.69","147.9","16700","100","20230104","318","20231228","162"
"7138","TORICO","東証GR","小売","1220","1258100","0","0","34.63","1.16","28.01","833.95","97000","100","20230315","2299","20231226","846"
"7140","ペットゴー","東証GR","小売","1800","1857800","0","0","9.82","1.66","98.71","585.05","96900","100","20230329","1768","20240209","925"
"7148","FPG","東証PR","証券・先物","156502","89073600","4.41","77.5","11.37","3.39","154.56","519.03","175700","100","20240201","1879","20230131","1017"
"7150","島根銀行","東証ST","銀行","4334","8416000","1.94","10","13.31","0.24","38.69","2132.97","51500","100","20230915","605","20230104","459"
"7157","ライフネット生命保険","東証GR","保険","102758","80279827","0","0","15.6","1.18","82.06","1084.16","128000","100","20230215","1447","20230530","867"
"7161","じもとホールディングス","東証ST","銀行","14440","26840263","1.86","10","6.86","0.14","78.45","3726.88","53800","100","20231128","630","20230531","358"
"7162","アストマックス","東証ST","証券・先物","3080","13160300","-","-","-","0.57","-","411.81","23400","100","20231002","289","20230908","212"
"7163","住信SBIネット銀行","東証ST","銀行","253484","150793800","0.92","15.5","10.83","1.73","155.19","972.72","168100","100","20230515","1860","20230329","1172"
"7164","全国保証","東証PR","その他金融","374318","68871790","3.13","170","12.68","1.75","428.59","3112.06","543500","100","20230307","5620","20231108","4704"
"7167","めぶきフィナンシャルグループ","東証PR","銀行","457076","1089055218","2.86","12","11","0.46","38.14","920.76","41970","100","20231208","479","20230327","310"
"7172","ジャパンインベストメントアドバイザー","東証PR","証券・先物","45313","49631247","2.17","19.85","18.52","0.92","49.29","996.7","91300","100","20240116","1205","20230320","625"
"7173","東京きらぼしフィナンシャルグループ","東証PR","銀行","124133","30650115","3.21","130","5.09","0.36","795.07","11310.42","405000","100","20230915","4875","20230316","2400"
"7175","今村証券","東証ST","証券・先物","5879","5320000","-","-","-","0.5","-","2198.58","110500","100","20230928","1188","20230106","730"
"7177","GMOフィナンシャルホールディングス","東証ST","証券・先物","84854","122091903","-","-","-","1.77","-","393.52","69500","100","20230920","785","20230104","510"
"7180","九州フィナンシャルグループ","東証PR","銀行","435481","463375978","1.92","18","15.64","0.6","60.1","1574.22","93980","100","20231102","1014","20230110","432"
"7181","かんぽ生命保険","東証PR","保険","1053970","383192300","3.42","94","14.62","0.39","188.12","7005.11","275050","100","20231101","2978","20230324","2030"
"7182","ゆうちょ銀行","東証PR","銀行","5308832","3617602420","3.41","50","15.86","0.59","92.54","2495.61","146750","100","20240125","1562","20230601","1031"
"7183","あんしん保証","東証ST","その他金融","4422","17976600","1.22","3","7.84","2.01","31.39","122.56","24600","100","20230512","339","20231215","235"
"7184","富山第一銀行","東証PR","銀行","52155","64309700","2.96","24","10.34","0.39","78.45","2086.31","81100","100","20230915","1074","20230316","555"
"7185","ヒロセ通商","東証ST","証券・先物","21363","6847000","-","-","-","1.12","-","2784.67","312000","100","20240201","3220","20230106","2432"
"7186","コンコルディア・フィナンシャルグループ","東証PR","銀行","811024","1177616065","3.19","22","12.82","0.66","53.7","1050.68","68870","100","20230915","739","20230327","465"
"7187","ジェイリース","東証PR","その他金融","21642","8939200","3.3","80","12.44","5.33","194.67","454.6","242100","100","20230104","2861","20231024","1744"
"7189","西日本フィナンシャルホールディングス","東証PR","銀行","244293","148596955","3.35","55","9.69","0.44","169.62","3719.86","164400","100","20231106","1950","20230106","943"
"7191","イントラスト","東証ST","その他金融","17463","22360122","2.3","18","13.64","3.06","57.25","255.23","78100","100","20230515","1079","20240131","763"
"7192","日本モーゲージサービス","東証ST","その他金融","7764","14704000","3.79","20","10.21","0.96","51.69","547.55","52800","100","20230209","901","20231227","482"
"7196","Casa","東証ST","その他金融","9421","11350500","3.61","30","15.29","1.22","54.3","678.72","83000","100","20230804","1084","20230314","793"
"7198","SBIアルヒ","東証PR","その他金融","40509","44712170","4.42","40","16.16","0.96","56.06","943.16","90600","100","20230221","1137","20231226","778"
"7199","プレミアグループ","東証PR","その他金融","66904","40327770","1.57","26","15.33","4.33","108.2","383.13","165900","100","20230731","1908","20231024","1350"
"7201","日産自動車","東証PR","輸送用機器","2217773","4009715112","2.71","15","5.55","0.37","99.59","1483.93","55310","100","20230920","712","20230104","408"
"7202","いすゞ自動車","東証PR","輸送用機器","1578985","777442069","4.23","86","9.54","1.11","212.85","1835.21","203100","100","20240129","2099","20230116","1461"
"7203","トヨタ自動車","東証PR","輸送用機器","54214703","16314987460","-","-","9.99","1.38","332.74","2414.51","332300","100","20240208","3409","20230320","1764"
"7205","日野自動車","東証PR","輸送用機器","262066","574580850","-","-","-","0.71","-38.33","641.42","45610","100","20230614","645","20231031","425"
"7208","カネミツ","東証ST","輸送用機器","4432","5129577","3.36","29","20.08","0.43","43.03","2008.91","86400","100","20240206","905","20230112","723"
"7211","三菱自動車工業","東証PR","輸送用機器","661983","1490282496","2.25","10","4.72","0.72","94.06","616.9","44420","100","20230928","681","20231214","420"
"7212","エフテック","東証ST","輸送用機器","12855","18712244","2.91","20","31.92","0.24","21.52","2898.18","68700","100","20230613","1020","20230105","498"
"7213","レシップホールディングス","東証ST","輸送用機器","9641","14178200","1.1","7.5","8.38","1.97","81.19","345.26","68000","100","20240206","698","20230112","450"
"7214","GMB","東証ST","輸送用機器","6539","5298835","2.43","30","8.16","0.28","151.15","4368.53","123400","100","20230612","3350","20230105","683"
"7215","ファルテック","東証ST","輸送用機器","5346","9378600","0","0","17.82","0.33","31.99","1732.51","57000","100","20230515","749","20231227","520"
"7217","テイン","東証ST","輸送用機器","4914","5400000","3.96","36","10.19","0.77","89.34","1185.63","91000","100","20230911","1155","20231220","816"
"7218","田中精密工業","東証ST","輸送用機器","9959","9763600","1.37","14","6.2","0.46","164.48","2203.51","102000","100","20240131","1108","20230123","608"
"7219","エッチ・ケー・エス","東証ST","輸送用機器","3336","1600000","3.12","65","8.19","0.3","254.43","6996.96","208500","100","20230829","3000","20230320","1801"
"7220","武蔵精密工業","東証PR","輸送用機器","109753","65367901","2.08","35","13.71","0.93","122.48","1812.86","167900","100","20230404","1904","20231218","1359"
"7222","日産車体","東証ST","輸送用機器","125971","135452804","1.4","13","114.53","0.73","8.12","1272.77","93000","100","20240111","1042","20231016","759"
"7224","新明和工業","東証PR","輸送用機器","82460","70000000","3.82","45","10.64","0.76","110.69","1542.53","117800","100","20230907","1475","20230105","1008"
"7226","極東開発工業","東証PR","輸送用機器","94192","40150000","3.37","79","29.92","0.8","78.4","2941.57","234600","100","20240208","2441","20230210","1412"
"7228","デイトナ","東証ST","輸送用機器","11210","3604600","3.89","121","6.39","1","486.43","3120.32","311000","100","20230104","3575","20230810","2885"
"7229","ユタカ技研","東証ST","輸送用機器","40399","14820000","3.3","90","7.48","0.43","364.42","6342.33","272600","100","20240207","2791","20230113","1660"
"7231","トピー工業","東証PR","輸送用機器","69175","24077510","3.76","108","8.74","0.5","328.57","5732.06","287300","100","20240207","3025","20230106","1520"
"7235","東京ラヂエーター製造","東証ST","輸送用機器","10872","14400000","2.38","18","5.45","0.38","138.48","1962.31","75500","100","20240208","777","20230316","497"
"7236","ティラド","東証PR","輸送用機器","24820","6592411","4.78","180","18.92","0.54","198.98","6924.27","376500","100","20240209","3895","20230608","1720"
"7238","曙ブレーキ工業","東証PR","輸送用機器","15775","135992343","0","0","-","0.32","0","359.92","11600","100","20230126","155","20231226","102"
"7239","タチエス","東証PR","輸送用機器","68794","35242846","4.75","92.8","83.6","0.77","23.35","2532.48","195200","100","20240201","2008","20230104","1095"
"7240","NOK","東証PR","輸送用機器","359955","173138537","3.61","75","15.88","0.63","130.9","3298.64","207900","100","20230802","2183","20230116","1139"
"7241","フタバ産業","東証PR","輸送用機器","84206","89580827","3.19","30","7.01","0.77","134.15","1213.44","94000","100","20240205","1033","20230105","342"
"7242","カヤバ","東証PR","輸送用機器","129000","25748431","3.99","200","6.36","0.69","787.13","7245.93","501000","100","20230706","5270","20230104","3290"
"7244","市光工業","東証PR","電気機器","55874","96334226","1.9","11","7.97","0.92","72.81","632.9","58000","100","20230619","618","20230116","350"
"7245","大同メタル工業","東証PR","輸送用機器","26231","47520253","1.81","10","21.68","0.4","25.46","1380.11","55200","100","20230925","605","20230531","461"
"7246","プレス工業","東証PR","輸送用機器","72106","106823470","3.85","26","8.83","0.65","76.47","1037.97","67500","100","20230920","731","20230116","410"
"7247","ミクニ","東証ST","輸送用機器","16786","34049423","4.06","20","10.35","0.47","47.61","1041.44","49300","100","20230706","540","20230316","309"
"7250","太平洋工業","東証PR","輸送用機器","87800","61312896","3.07","44","7.3","0.54","196.04","2668.16","143200","100","20230920","1565","20230116","980"
"7254","ユニバンス","東証ST","輸送用機器","13617","23396787","1.72","10","7.13","0.53","81.61","1101.29","58200","100","20240206","638","20230213","345"
"7255","桜井製作所","東証ST","輸送用機器","1988","4000000","2.01","10","6","0.39","82.88","1286.87","49700","100","20230908","537","20230105","474"
"7256","河西工業","東証ST","輸送用機器","7468","39511728","0","0","-","0.55","-25.84","343.47","18900","100","20230830","374","20230116","125"
"7259","アイシン","東証PR","輸送用機器","1562660","294674634","3.21","170","15.88","0.75","333.91","7103.03","530300","100","20230920","5981","20230320","3400"
"7261","マツダ","東証PR","輸送用機器","1208957","631803979","2.61","50","7.09","0.76","269.83","2522.77","191350","100","20240208","1961","20230116","932"
"7264","ムロコーポレーション","東証ST","輸送用機器","9577","6546200","3.01","44","7.37","0.42","198.61","3505.43","146300","100","20240105","1495","20230110","1037"
"7265","エイケン工業","東証ST","輸送用機器","3658","1240000","3.73","110","15.34","0.53","192.36","5615.18","295000","100","20231017","3985","20230104","2481"
"7266","今仙電機製作所","東証ST","輸送用機器","15494","23475352","-","-","-","0.3","-89.02","2235.67","66000","100","20230307","864","20231109","562"
"7267","本田技研工業","東証PR","輸送用機器","9257305","5434285290","3.4","58","9.06","0.67","188.07","2527.22","170350","100","20230920","1821","20230116","997"
"7268","タツミ","東証ST","輸送用機器","2136","6000000","-","-","53.37","0.79","6.67","450.36","35600","100","20230914","493","20230303","236"
"7269","スズキ","東証PR","輸送用機器","3256793","491146600","1.66","110","13.37","1.41","495.87","4717.36","663100","100","20240207","7347","20230116","4094"
"7270","SUBARU","東証PR","輸送用機器","2420024","753901573","2.99","96","7.62","1.05","421.01","3062.52","321000","100","20240208","3295","20230116","1938"
"7271","安永","東証ST","輸送用機器","8811","12938639","1.76","12","16.3","0.7","41.79","979.08","68100","100","20230307","1329","20231226","621"
"7272","ヤマハ発動機","東証PR","輸送用機器","1505060","1050652401","3.37","48.33","8.01","1.24","178.76","1154.21","143250","100","20240123","1475","20230104","971"
"7273","イクヨ","東証ST","輸送用機器","3531","1538500","0.87","20","10.76","0.62","213.36","3721.68","229500","100","20240125","3890","20231024","1194"
"7276","小糸製作所","東証PR","電気機器","625363","307833172","2.46","50","13.13","0.98","154.67","2079.78","203150","100","20230615","2866","20230104","1952"
"7277","TBK","東証ST","輸送用機器","11623","29424635","2.53","10","16.05","0.4","24.61","986.14","39500","100","20230920","478","20230105","228"
"7278","エクセディ","東証PR","輸送用機器","139367","48593736","4.18","120","14.96","0.58","191.65","4967.14","286800","100","20240205","2961","20230105","1585"
"7279","ハイレックスコーポレーション","東証ST","輸送用機器","62446","38216759","2.45","40","15.72","0.35","103.96","4675.33","163400","100","20231002","1658","20230106","1041"
"7280","ミツバ","東証PR","電気機器","50413","45581809","0.27","3","6.19","0.58","178.75","1906.07","110600","100","20240207","1142","20230316","447"
"7282","豊田合成","東証PR","輸送用機器","373654","127614147","2.6","76","7.41","0.76","395.12","3871.57","292800","100","20230920","3567","20230116","1969"
"7283","愛三工業","東証PR","輸送用機器","90070","63251379","3.79","54","7.76","0.74","183.53","1935.13","142400","100","20240207","1476","20230116","669"
"7284","盟和産業","東証ST","輸送用機器","3597","3502859","4.87","50","59.88","0.32","17.15","3201.48","102700","100","20230922","1049","20230113","915"
"7287","日本精機","東証ST","輸送用機器","82652","60907599","2.95","40","31.5","0.38","43.08","3572.29","135700","100","20240202","1379","20230105","777"
"7291","日本プラスト","東証ST","輸送用機器","10035","19410000","2.9","15","4.95","0.33","104.55","1584.57","51700","100","20240208","621","20230215","388"
"7292","村上開明堂","東証ST","輸送用機器","52877","12100000","3.2","140","8.75","0.62","499.55","6996.61","437000","100","20240202","4690","20230106","2335"
"7294","ヨロズ","東証PR","輸送用機器","24830","25055636","2.62","26","15.98","0.34","62","2890.26","99100","100","20240207","1012","20230104","676"
"7296","エフ・シー・シー","東証PR","輸送用機器","107394","52644030","2.94","60","9.22","0.58","221.16","3504.39","204000","100","20240205","2193","20230113","1316"
"7297","カーメイト","東証ST","輸送用機器","7033","7928885","3.38","30","22.11","0.42","40.12","2117.81","88700","100","20231005","1330","20230106","840"
"7299","フジオーゼックス","東証ST","輸送用機器","15317","2055950","2.68","200","9.75","0.54","764.41","13918.64","745000","100","20240207","7970","20230105","2995"
"7305","新家工業","東証ST","鉄鋼","19708","6045326","3.68","120","13.96","0.55","233.6","5981","326000","100","20240209","3340","20230105","1915"
"7309","シマノ","東証PR","輸送用機器","1925120","90022000","1.33","285","29.3","2.34","729.82","9126.61","2138500","100","20230711","24840","20230921","19270"
"7313","テイ・エステック","東証PR","輸送用機器","259012","136000000","3.83","73","20.24","0.77","94.1","2484.82","190450","100","20240207","1951","20230105","1473"
"7314","小田原機器","東証ST","輸送用機器","3383","3146700","2.23","24","33.43","1.03","32.16","1048.54","107500","100","20231227","1245","20230104","481"
"7315","IJTT","東証ST","輸送用機器","41732","49154282","1.47","12.5","17.32","0.48","49.03","1766.79","84900","100","20231226","884","20230105","497"
"7317","松屋アールアンドディ","東証GR","輸送用機器","18541","21189600","0.14","1.25","22.29","3.97","39.25","220.18","87500","100","20240122","937","20230104","265"
"7318","セレンディップ・ホールディングス","東証GR","輸送用機器","8532","4739901","0","0","14.98","1.46","120.19","1233.33","180000","100","20240205","2015","20230106","683"
"7320","日本リビング保証","東証GR","その他金融","16251","5118300","0.31","10","20.45","7.51","155.29","423.02","317500","100","20231113","3465","20230105","1886"
"7322","三十三フィナンシャルグループ","東証PR","銀行","48750","26167585","3.86","72","8.5","0.25","219.18","7597.57","186300","100","20231102","2018","20230601","1500"
"7325","アイリックコーポレーション","東証GR","保険","6043","8708000","2.16","15","38.64","1.71","17.96","406.66","69400","100","20230221","810","20231227","622"
"7326","SBIインシュアランスグループ","東証GR","保険","26757","24820530","1.67","18","19.53","0.67","55.2","1617.58","107800","100","20230914","1318","20230323","865"
"7327","第四北越フィナンシャルグループ","東証PR","銀行","181245","45942978","3.55","140","8.81","0.38","447.78","10314.53","394500","100","20240129","4195","20230111","2759"
"7330","レオス・キャピタルワークス","東証GR","証券・先物","15846","12882800","-","-","-","2.42","-","508.27","123000","100","20230425","1745","20231024","1002"
"7337","ひろぎんホールディングス","東証PR","銀行","306405","312370921","3.67","36","10.96","0.58","89.47","1698.02","98090","100","20240205","1022","20230331","619"
"7338","インヴァスト","東証ST","証券・先物","6629","5876331","1.68","19","-","0.56","-","2006.37","112800","100","20240202","1144","20230531","727"
"7342","ウェルスナビ","東証GR","証券・先物","83391","49490339","0","0","-","6.92","-","243.63","168500","100","20240104","2040","20231023","996"
"7343","ブロードマインド","東証GR","保険","6470","5553816","2.06","24","13.58","1.75","85.78","666.35","116500","100","20240105","1255","20230110","927"
"7345","アイ・パートナーズフィナンシャル","東証GR","その他金融","1388","3452500","-","-","-","2.07","-24.19","193.99","40200","100","20231229","558","20230515","390"
"7347","マーキュリアホールディングス","東証PR","証券・先物","15222","21500100","2.97","21","17.36","0.84","40.79","846.77","70800","100","20230928","876","20230106","555"
"7350","おきなわフィナンシャルグループ","東証PR","銀行","55286","23016564","3.33","80","8.57","0.34","280.17","6996.24","240200","100","20231106","2626","20230512","2007"
"7351","グッドパッチ","東証GR","サービス","5187","9163580","0","0","21.33","1.33","26.54","425.78","56600","100","20230719","1165","20240125","540"
"7352","TWOSTONE＆Sons","東証GR","サービス","57448","41994240","0.04","0.5","239.16","64.01","5.72","21.37","136800","100","20240205","1486","20230320","392"
"7353","KIYOラーニング","東証GR","サービス","6062","6803100","0","0","75.64","6.21","11.78","143.5","89100","100","20230517","1321","20230106","556"
"7354","ダイレクトマーケティングミックス","東証PR","サービス","20567","47172800","1.38","6","15.59","1.43","27.97","304.04","43600","100","20230216","1800","20231027","355"
"7356","Retty","東証GR","サービス","2490","14910374","0","0","2385.71","6.34","0.07","26.36","16700","100","20230425","296","20231227","160"
"7357","ジオコード","東証ST","サービス","1770","2735700","3.09","20","98.18","1.48","6.59","435.72","64700","100","20230522","1293","20230113","515"
"7358","ポピンズ","東証ST","サービス","13638","10177300","2.99","40","19.4","1.69","69.06","794.28","134000","100","20230202","2150","20231218","1032"
"7359","東京通信グループ","東証GR","サービス","6406","10072890","0","0","-","6.37","-34.03","99.9","63600","100","20230309","2170","20230106","552"
"7360","オンデック","東証GR","サービス","2677","2863500","0","0","14.81","2.82","63.13","331.02","93500","100","20230113","1530","20231220","706"
"7361","ヒューマンクリエイションホールディングス","東証GR","サービス","4876","1926550","2.05","52","9.47","3.94","267.34","642.4","253100","100","20230831","2999","20230117","1832"
"7362","T.S.I","東証GR","サービス","1818","1533100","0","0","14.41","1.56","82.33","761.37","118600","100","20230213","2228","20230818","1115"
"7363","ベビーカレンダー","東証GR","サービス","1413","941700","0","0","-","1.75","-54.34","859.52","150100","100","20230613","2884","20231225","1335"
"7366","LITALICO","東証PR","サービス","78320","35681112","0.36","8","22.69","8.29","96.72","264.69","219500","100","20230202","2856","20240119","1794"
"7367","セルム","東証ST","サービス","11411","13781200","2.29","19","14.58","3.43","56.8","241.27","82800","100","20230621","1370","20230106","560"
"7368","表示灯","東証ST","サービス","7132","4720245","3.97","60","17.27","0.97","87.5","1555.23","151100","100","20230926","1533","20230206","1222"
"7369","メイホーホールディングス","東証GR","サービス","4006","1564100","0","0","13.35","1.93","191.82","1329.31","256100","100","20230725","4520","20230214","1103"
"7370","Enjin","東証GR","サービス","7886","7268200","3.39","36.8","11.55","1.81","93.94","598.63","108500","100","20230113","1925","20231031","989"
"7371","Zenken","東証GR","サービス","6223","12249300","3.35","17","26.98","0.51","18.83","995.77","50800","100","20230124","763","20231226","476"
"7372","デコルテ・ホールディングス","東証GR","サービス","2654","5670000","0","0","4.11","0.48","113.96","978.02","46800","100","20230306","1348","20240209","467"
"7373","アイドマ・ホールディングス","東証GR","サービス","30940","15233980","0","0","22.42","5.48","90.59","370.43","203100","100","20230201","5100","20231024","1500"
"7374","コンフィデンス・インターワークス","東証GR","サービス","10563","6609977","3.44","55","11.65","1.85","137.17","862.4","159800","100","20230209","2100","20231024","1403"
"7375","リファインバースグループ","東証GR","サービス","3562","3338421","-","-","6.48","62.14","164.76","17.17","106700","100","20230126","2381","20231212","920"
"7376","BCC","東証GR","サービス","1891","1119740","0","0","625.56","2.9","2.7","582.38","168900","100","20230621","2649","20230113","1450"
"7377","DNホールディングス","東証ST","サービス","12739","8420000","4.3","65","7.16","1.11","211.27","1362.79","151300","100","20230512","1548","20230106","1253"
"7378","アシロ","東証GR","サービス","5263","7350568","2.99","21.43","198.89","2.34","3.6","306.59","71600","100","20230704","980","20230112","628"
"7379","サーキュレーション","東証GR","サービス","6839","8402200","0","0","16.97","2.51","47.96","324.85","81400","100","20230118","1525","20230508","621"
"7380","十六フィナンシャルグループ","東証PR","銀行","152265","37924134","3.49","140","8.59","0.35","467.24","11437.67","401500","100","20240205","4280","20230327","2726"
"7381","北國フィナンシャルホールディングス","東証PR","銀行","107767","25208582","2.57","110","9.41","0.42","454.35","10110.17","427500","100","20230920","5910","20230323","3750"
"7383","ネットプロテクションズホールディングス","東証PR","その他金融","15708","96960285","0","0","-","0.87","-8.98","185.45","16200","100","20230216","630","20240207","152"
"7384","プロクレアホールディングス","東証PR","銀行","52102","28658957","2.75","50","24.58","0.32","73.96","5769.51","181800","100","20230201","2387","20231221","1793"
"7386","ジャパンワランティサポート","東証GR","その他金融","11380","2303600","0.81","40","17.94","5.39","275.31","917.29","494000","100","20230829","5100","20230105","2490"
"7388","FPパートナー","東証PR","保険","146396","23200600","1.43","90","32.17","11.57","196.14","545.21","631000","100","20240205","6800","20230106","1875"
"7389","あいちフィナンシャルグループ","東証PR","銀行","124138","49124671","3.96","100","22.09","0.36","114.39","6981.6","252700","100","20230915","2730","20230413","2042"
"7399","ナンシン","東証ST","輸送用機器","4301","7708000","3.58","20","14.94","0.33","37.34","1715.28","55800","100","20230509","588","20230120","461"
"7408","ジャムコ","東証PR","輸送用機器","40968","26863974","0.98","15","17.95","2.88","84.98","529.41","152500","100","20230220","1855","20230105","1273"
"7409","AeroEdge","東証GR","輸送用機器","10255","3822130","0","0","18.35","4.15","146.21","647.28","268300","100","20230710","7400","20240209","2660"
"7412","アトム","東証ST","小売","177107","193559297","-","-","-","23.09","-3.43","39.63","91500","100","20230913","961","20230104","777"
"7413","創健社","東証ST","卸売","1520","705500","0.46","10","150.73","1.39","14.29","1554.59","215400","100","20230322","2300","20230713","1891"
"7414","小野建","東証PR","卸売","46013","25254114","4.45","81","6.79","0.5","268.22","3672.94","182200","100","20240207","1865","20230105","1439"
"7416","はるやまホールディングス","東証ST","小売","9809","16485078","2.61","15.5","194.44","0.44","3.06","1350.81","59500","100","20240109","644","20230118","430"
"7417","南陽","東証ST","卸売","15717","6615070","3.58","85","8.42","0.65","282.06","3668.25","237600","100","20240209","2418","20230105","1901"
"7419","ノジマ","東証PR","小売","171000","102579232","1.8","30","6.06","0.97","275.05","1719.9","166700","100","20240119","1935","20230807","1232"
"7420","佐鳥電機","東証PR","卸売","41601","17946826","3.45","80","14.13","1.03","164.06","2240.6","231800","100","20240130","2525","20230106","1219"
"7421","カッパ・クリエイト","東証PR","小売","84746","49414578","-","-","74.21","9.15","23.11","187.53","171500","100","20240117","1821","20230104","1363"
"7422","東邦レマック","東証ST","卸売","1997","512070","2.72","106","36.75","0.45","106.11","8732.07","390000","100","20231213","4430","20230329","2563"
"7425","初穂商事","東証ST","卸売","5943","1740330","3.22","110","6.29","0.67","542.88","5097.35","341500","100","20240206","3455","20230202","2050"
"7426","山大","東証ST","卸売","1327","1187368","2.68","30","-","0.33","-18","3363.22","111800","100","20231017","2579","20230420","898"
"7427","エコートレーディング","東証ST","卸売","7413","6036546","2.28","28","6.08","0.71","201.95","1732.46","122800","100","20231002","1664","20230104","648"
"7433","伯東","東証PR","卸売","135584","23137213","4.78","280","20.32","1.74","288.45","3371.12","586000","100","20240117","6280","20230105","3845"
"7434","オータケ","東証ST","卸売","7755","4284500","1.82","33","10.06","0.5","179.95","3604.58","181000","100","20231229","1920","20230317","1514"
"7435","ナ・デックス","東証ST","卸売","9884","9605800","3.4","35","8.78","0.49","117.18","2117.11","102900","100","20230904","1239","20230206","830"
"7438","コンドーテック","東証PR","卸売","31534","26344400","3.34","40","10.52","0.94","113.74","1273.26","119700","100","20240115","1254","20230330","954"
"7442","中山福","東証ST","卸売","7277","20214480","2.78","10","-","0.32","-7.25","1122.3","36000","100","20240110","382","20230119","319"
"7443","横浜魚類","東証ST","卸売","3654","6290000","0.52","3","40.4","1.63","14.38","356.86","58100","100","20240208","613","20230331","520"
"7444","ハリマ共和物産","東証ST","卸売","13060","5441568","1.71","41","8.77","0.57","273.53","4225.17","240000","100","20240208","2750","20230523","1527"
"7445","ライトオン","東証ST","小売","12179","29631500","0","0","-","1.03","-13.52","399.87","41100","100","20230711","632","20240131","409"
"7446","東北化学薬品","東証ST","卸売","3701","960000","2.46","95","10.85","0.48","355.15","7981.74","385500","100","20240201","4085","20230106","3220"
"7447","ナガイレーベン","東証PR","卸売","82371","35736000","2.6","60","22.81","1.78","101.05","1294.16","230500","100","20240115","2542","20230113","1830"
"7450","サンデー","東証ST","小売","13646","10770100","1.18","15","27.26","1.14","46.48","1112.66","126700","100","20230829","1380","20230117","1196"
"7451","三菱食品","東証ST","卸売","216380","43537200","3.22","160","9.81","1.1","506.47","4525.64","497000","100","20231206","5210","20230117","2962"
"7453","良品計画","東証PR","小売","610837","280780000","1.84","40","17.43","2.11","124.81","1029.16","217550","100","20240115","2584","20230302","1310"
"7455","パリミキホールディングス","東証ST","小売","26908","56057474","1.25","6","15.1","0.84","31.79","573.29","48000","100","20240105","548","20230116","252"
"7456","松田産業","東証PR","卸売","70420","26908581","2.29","60","8.98","0.77","291.42","3415.5","261700","100","20240130","2788","20230601","2050"
"7458","第一興商","東証PR","卸売","207990","109468400","3","57","16.15","1.95","117.62","976.58","190000","100","20230905","2889","20230116","1850"
"7459","メディパルホールディングス","東証PR","卸売","509523","221291342","2.61","60","13.89","0.83","165.75","2761.44","230250","100","20230915","2684","20230113","1663"
"7460","ヤギ","東証ST","卸売","14487","9140000","3.66","58","6.71","0.34","236.04","4607.46","158500","100","20240110","1616","20230104","1110"
"7461","キムラ","東証ST","卸売","8182","15180000","2.6","14","8.88","0.52","60.68","1027.8","53900","100","20230104","606","20230331","500"
"7462","CAPITA","東証ST","小売","1464","4111000","0.56","2","36.66","0.86","9.71","414.27","35600","100","20230202","468","20230815","309"
"7463","アドヴァングループ","東証ST","小売","56342","53812692","3.82","40","11.43","0.83","91.63","1267.12","104700","100","20240115","1095","20230110","808"
"7464","セフテック","東証ST","卸売","4175","500000","4.07","340","11.46","0.54","728.47","15513.62","835000","100","20230726","9140","20231227","7610"
"7466","SPK","東証PR","卸売","21012","10453800","2.49","50","9.17","0.83","219.08","2408.36","201000","100","20230907","2099","20230105","1365"
"7467","萩原電気ホールディングス","東証PR","卸売","48111","10118000","3.89","185","8.36","0.99","569.06","4782.27","475500","100","20240123","5330","20230105","2381"
"7472","鳥羽洋行","東証ST","卸売","18260","4700000","3.09","120","12.32","0.79","315.39","4893.16","388500","100","20240208","3945","20230104","2782"
"7475","アルビス","東証PR","小売","24399","9255926","2.66","70","15.22","0.73","173.19","3615.73","263600","100","20240116","2737","20231004","2340"
"7476","アズワン","東証PR","卸売","214350","40276270","2.1","112","26.21","2.97","203.05","1794.52","532200","100","20230209","6150","20231024","4548"
"7477","ムラキ","東証ST","卸売","2593","1470000","1.13","20","20.87","0.95","84.53","1859.65","176400","100","20231002","3580","20230515","1278"
"7480","スズデン","東証ST","卸売","32836","14652600","4.6","103","17.43","1.75","128.57","1283.71","224100","100","20230309","2877","20231004","2078"
"7481","尾家産業","東証ST","卸売","16835","9255000","3.3","60","8.23","1.36","221.05","1341.41","181900","100","20230926","2151","20230105","896"
"7482","シモジマ","東証PR","卸売","31050","23647826","3.05","40","13.91","0.91","94.36","1442.58","131300","100","20240130","1345","20230116","905"
"7483","ドウシシャ","東証PR","卸売","78937","37375636","3.31","70","11.82","0.89","178.67","2372.78","211200","100","20230906","2468","20230116","1590"
"7486","サンリン","東証ST","卸売","8721","12300000","3.1","22","10.88","0.46","65.14","1528.02","70900","100","20240208","723","20230519","653"
"7487","小津産業","東証ST","卸売","13825","8435225","1.53","25","36.22","0.75","45.25","2174.18","163900","100","20230404","1812","20230116","1480"
"7490","日新商事","東証ST","卸売","7053","7600000","1.94","18","13.77","0.3","67.4","3130.86","92800","100","20230307","975","20230330","889"
"7494","コナカ","東証ST","小売","13113","31146685","4.75","20","144.67","0.65","2.91","648.55","42100","100","20230913","468","20230104","335"
"7500","西川計測","東証ST","卸売","22998","3432475","2.84","190","14.14","1.48","473.83","4513.22","670000","100","20231004","6990","20230116","4785"
"7501","ティムコ","東証ST","卸売","2532","3339995","2.31","17.5","22.62","0.4","33.51","1886.02","75800","100","20230120","983","20230316","720"
"7502","プラザホールディングス","東証ST","サービス","6362","2767251","2.17","50","111.06","2.94","20.7","782.37","229900","100","20230831","2400","20230104","1940"
"7504","高速","東証PR","卸売","48195","20990920","2.09","48","14.4","1.23","159.41","1873.08","229600","100","20240205","2464","20230106","1655"
"7505","扶桑電通","東証ST","卸売","9954","6960980","3.01","43","11.61","0.74","123.12","1922.97","143000","100","20230926","1832","20230412","1025"
"7506","ハウスオブローゼ","東証ST","小売","7610","4703063","1.55","25","30.8","1.33","52.53","1212.35","161800","100","20230329","1681","20231030","1559"
"7508","G-7ホールディングス","東証PR","小売","60720","44063754","2.9","40","11.04","2.09","124.82","657.94","137800","100","20230104","1649","20231031","1108"
"7509","アイエーグループ","東証ST","小売","5841","1645360","3.38","120","5.16","0.36","688.52","9802.09","355000","100","20230727","3700","20230105","3270"
"7510","たけびし","東証PR","卸売","31684","15986000","3.13","62","11.43","0.83","173.42","2398.06","198200","100","20240116","2100","20230116","1512"
"7512","イオン北海道","東証ST","小売","129940","139420284","1.29","12","27.03","1.89","34.48","492.08","93200","100","20230110","1121","20230407","772"
"7513","コジマ","東証PR","小売","58512","77912716","1.86","14","19.33","0.92","38.86","812.97","75100","100","20240111","802","20230111","526"
"7514","ヒマラヤ","東証ST","小売","11545","12320787","2.77","26","14.76","0.7","63.49","1337.33","93700","100","20230829","980","20231030","905"
"7515","マルヨシセンター","東証ST","小売","4273","934999","0.66","30","28.28","1.42","161.57","3224.71","457000","100","20240124","4730","20230330","2770"
"7516","コーナン商事","東証PR","小売","136994","34682113","2.41","95","8.67","0.74","455.41","5315.89","395000","100","20240112","4150","20230314","3080"
"7518","ネットワンシステムズ","東証PR","情報通信","216120","83267300","2.85","74","19.36","2.93","134.09","886.36","259550","100","20230127","3580","20231129","2002"
"7520","エコス","東証PR","小売","28761","11648917","2.23","55","8.35","1.23","295.69","2002.58","246900","100","20240110","2570","20230320","1795"
"7521","ムサシ","東証ST","卸売","14668","7950000","1.63","30","18.6","0.43","99.2","4289.18","184500","100","20230915","1917","20230106","1438"
"7522","ワタミ","東証PR","小売","43453","42684880","-","-","11.64","4.59","87.48","221.95","101800","100","20231002","1227","20230316","873"
"7523","アールビバン","東証ST","小売","15375","12963816","5.06","60","10.79","0.79","109.94","1509.21","118600","100","20230911","1298","20230106","577"
"7524","マルシェ","東証ST","小売","2103","8550400","-","-","396.77","5.61","0.62","43.85","24600","100","20230511","440","20231227","228"
"7525","リックス","東証PR","卸売","31147","8640000","3.69","133","10.83","1.3","332.76","2778.32","360500","100","20240117","3890","20230105","2093"
"7527","システムソフト","東証ST","情報通信","4666","84834140","-","-","71.43","0.82","0.77","66.77","5500","100","20230104","94","20240208","55"
"7531","清和中央ホールディングス","東証ST","卸売","5937","3945100","1","15","49.38","0.38","30.48","3980.6","150500","100","20230330","1789","20230821","1380"
"7532","パン・パシフィック・インターナショナルホールディングス","東証PR","小売","2126042","634828940","0.63","21","29.96","4.22","111.8","793.86","334900","100","20231213","3488","20230116","2241"
"7537","丸文","東証PR","卸売","43676","28051200","3.21","50","13.57","0.81","114.73","1915.84","155700","100","20240122","1819","20230106","891"
"7538","大水","東証ST","卸売","4422","13774819","1.56","5","5.76","0.46","55.74","690.45","32100","100","20230519","457","20230330","248"
"7539","アイナボホールディングス","東証ST","卸売","15107","11647820","3.39","44","10.35","0.62","125.37","2105.09","129700","100","20230927","1390","20230131","974"
"7544","スリーエフ","東証ST","小売","4092","7707095","1.88","10","27.74","1.12","19.14","473.31","53100","100","20240209","605","20230330","279"
"7545","西松屋チェーン","東証PR","小売","150103","69588856","1.25","27","13.94","1.55","154.7","1393.14","215700","100","20231218","2298","20230113","1473"
"7550","ゼンショーホールディングス","東証PR","小売","1169656","160733225","0.69","50","36.76","8.47","197.95","859.49","727700","100","20231115","9274","20230104","3215"
"7551","ウェッズ","東証ST","輸送用機器","10461","16118166","4.16","27","7.28","0.65","89.16","992.85","64900","100","20230227","789","20230104","497"
"7552","ハピネット","東証PR","卸売","80327","24050000","1.5","50","20.09","1.53","166.28","2177.24","334000","100","20240209","3340","20230406","1790"
"7554","幸楽苑ホールディングス","東証PR","小売","24543","17443841","-","-","-","17.39","-9.82","80.91","140700","100","20240209","1409","20230821","971"
"7555","大田花き","東証ST","卸売","4290","5500000","1.54","12","27","0.8","28.89","973.41","78000","100","20230512","1060","20230601","737"
"7559","ジーエフシー","東証ST","卸売","8382","5769040","1.58","23","22.01","0.48","66.02","3053.46","145300","100","20230710","1689","20230207","1350"
"7561","ハークスレイ","東証ST","小売","19999","22050064","2.65","24","8.19","0.72","110.69","1265.83","90700","100","20240118","1015","20230601","605"
"7562","安楽亭","東証ST","小売","16966","2311434","0","0","42.8","2.7","171.5","2716.14","734000","100","20230915","7790","20230105","6920"
"7564","ワークマン","東証ST","小売","326160","81846816","1.71","68","20.29","2.69","196.42","1481.32","398500","100","20230301","5900","20231031","3780"
"7565","萬世電機","東証ST","卸売","8073","2300000","-","-","9.23","0.61","380.3","5731.98","351000","100","20230419","3835","20230518","2897"
"7567","栄電子","東証ST","卸売","2214","5090000","1.84","8","14.16","0.51","30.72","851.39","43500","100","20230308","600","20230815","399"
"7570","橋本総業ホールディングス","東証ST","卸売","27149","21293052","3.29","42","9.24","0.87","138.01","1468.94","127500","100","20240104","1356","20230105","1004"
"7571","ヤマノホールディングス","東証ST","小売","2472","35830058","2.17","1.5","17.21","1.91","4.01","36.19","6900","100","20230207","88","20231031","61"
"7575","日本ライフライン","東証PR","卸売","107216","82919976","3.25","42","12.52","1.71","103.3","755.93","129300","100","20240205","1357","20230116","885"
"7578","ニチリョク","東証ST","小売","6652","16030005","0","0","24.41","1.37","17","303.78","41500","100","20231114","714","20230316","109"
"7581","サイゼリヤ","東証PR","小売","252737","52272342","0.37","18","28.87","2.33","167.5","2077.28","483500","100","20231102","6320","20230106","2906"
"7585","かんなん丸","東証ST","小売","1667","4351308","-","-","-","1.82","-36.73","210.15","38300","100","20230901","919","20231227","359"
"7590","タカショー","東証ST","卸売","8619","17590114","1.02","5","-","0.64","-9.98","759.8","49000","100","20230523","753","20231226","476"
"7593","VTホールディングス","東証PR","小売","62556","119381034","4.58","24","7.67","0.86","68.3","608.56","52400","100","20230629","553","20230104","464"
"7595","アルゴグラフィックス","東証PR","情報通信","92881","22354000","2.17","90","14.06","1.87","295.54","2222.3","415500","100","20240129","4430","20231024","2989"
"7596","魚力","東証PR","小売","35132","14620000","2","48","29.41","2","81.7","1202.62","240300","100","20240205","2527","20230314","2070"
"7599","IDOM","東証PR","卸売","96520","106888000","3.67","33.16","8.17","1.39","110.55","651.15","90300","100","20240110","1000","20230104","647"
"7600","日本エム・ディ・エム","東証PR","精密機器","19116","26475880","1.94","14","16.52","0.78","43.7","921.98","72200","100","20230501","1153","20231102","645"
"7601","ポプラ","東証ST","小売","4762","11787822","0","0","12.27","12.63","32.92","31.98","40400","100","20240209","404","20230316","129"
"7602","カーチスホールディングス","東証ST","卸売","4436","24106009","-","-","21.78","0.8","8.45","230.5","18400","100","20230417","264","20231227","175"
"7603","マックハウス","東証ST","小売","5912","15597638","0","0","-","1.85","-48.51","204.64","37900","100","20230714","393","20240104","371"
"7604","梅の花","東証ST","小売","8234","8209200","1","10","24.96","3.07","40.18","326.46","100300","100","20230911","1271","20230328","894"
"7605","フジ・コーポレーション","東証PR","小売","33488","19223900","2.3","40","8.11","1.34","214.68","1296.89","174200","100","20230906","2173","20230222","1216"
"7606","ユナイテッドアローズ","東証PR","小売","53992","30213676","3.08","55","10.31","1.43","173.34","1247.96","178700","100","20230705","2560","20230117","1631"
"7607","進和","東証PR","卸売","34669","14415319","4.16","100","12.87","0.82","186.89","2928.47","240500","100","20231016","2585","20230106","1951"
"7608","エスケイジャパン","東証ST","卸売","5977","8490103","2.41","17","9.28","1.28","75.89","551.41","70400","100","20240112","849","20230314","504"
"7609","ダイトロン","東証PR","卸売","33133","11155979","4.04","120","8.24","1.12","360.26","2650.52","297000","100","20230907","3305","20230105","2177"
"7610","テイツー","東証ST","小売","8720","68664338","3.15","4","7.47","1.35","17.01","94.29","12700","100","20230614","245","20240118","118"
"7611","ハイデイ日高","東証PR","小売","108376","38147116","1.23","35","37.2","4.42","76.37","643.19","284100","100","20230904","3095","20230110","1870"
"7613","シークス","東証PR","卸売","76507","50400000","2.11","32","9.3","0.79","163.17","1919.71","151800","100","20230622","1638","20230106","1220"
"7614","オーエムツーネットワーク","東証ST","小売","11187","7335634","1.57","24","8.55","0.64","178.3","2385.86","152500","100","20240208","1622","20230316","1060"
"7615","YU-WA_Creation_Holdings","東証ST","小売","1800","12498200","4.17","6","-","0.45","-37.3","317.48","14400","100","20231207","226","20240131","141"
"7616","コロワイド","東証PR","小売","201877","86903541","0.22","5","178.14","6.98","13.04","332.81","232300","100","20230913","2648","20230105","1724"
"7619","田中商事","東証ST","卸売","7021","8832000","-","-","7.38","0.47","107.75","1692.25","79500","100","20240207","850","20230106","546"
"7621","うかい","東証ST","小売","21501","5606540","0.39","15","40.63","5.16","94.38","743.79","383500","100","20230927","4005","20230116","3060"
"7623","サンオータス","東証ST","小売","1912","3230500","3.21","19","6.82","0.59","86.76","999.9","59200","100","20230302","1024","20230104","417"
"7624","NaITO","東証ST","卸売","7890","54789510","2.78","4","21.3","0.62","6.76","232.94","14400","100","20230127","163","20231226","139"
"7625","グローバルダイニング","東証ST","小売","5619","10385800","0","0","6.63","1.32","81.66","409.73","54100","100","20231002","581","20230519","340"
"7628","オーハシテクニカ","東証PR","卸売","23952","13478960","3.38","60","15.95","0.65","111.42","2723.91","177700","100","20240111","1911","20230104","1377"
"7630","壱番屋","東証PR","小売","199857","31926000","1.28","80","64.43","6.5","97.16","963.48","626000","100","20240202","6770","20230110","4545"
"7634","星医療酸器","東証ST","卸売","15168","3420000","1.58","70","10.47","0.86","423.65","5181.67","443500","100","20240131","4725","20230310","3810"
"7635","杉田エース","東証ST","卸売","6642","5374000","3.24","40","10.28","0.62","120.22","2003.21","123600","100","20240115","1279","20230331","983"
"7636","ハンズマン","東証ST","小売","14510","14509800","3","30","12.35","0.83","80.94","1208.76","100000","100","20230207","1377","20231227","935"
"7637","白銅","東証PR","卸売","27190","11343300","3.25","78","12.65","1.24","189.56","1928.44","239700","100","20230508","2752","20231024","2084"
"7638","NEW_ARTホールディングス","東証ST","小売","33086","16626375","5.03","100","15.29","3.72","130.14","534.58","199000","100","20240123","2121","20230616","1486"
"7640","トップカルチャー","東証ST","小売","2529","16214400","-","-","-","7.88","-55.47","19.79","15600","100","20230214","208","20231226","155"
"7643","ダイイチ","東証ST","小売","11004","11438640","2.7","26","10.37","0.69","92.77","1387.49","96200","100","20240209","962","20230120","753"
"7646","PLANT","東証ST","小売","12213","7729720","3.16","50","8.97","0.76","176.24","2075.28","158000","100","20240126","1777","20230112","639"
"7647","音通","東証ST","サービス","5171","206850645","0.96","0.24","25.51","1.65","0.98","15.19","2500","100","20230602","34","20230124","25"
"7649","スギホールディングス","東証PR","小売","433626","63330838","1.17","80","20.15","1.81","339.86","3774.76","684700","100","20240130","7170","20230302","5410"
"7670","オーウエル","東証ST","卸売","9125","10500000","3.68","32","6.34","0.45","137.08","1925.34","86900","100","20230307","1014","20230116","510"
"7673","ダイコー通産","東証ST","卸売","6479","5332780","4.03","49","9.82","0.86","123.77","1411.16","121500","100","20230525","1358","20230116","1050"
"7674","NATTY_SWANKYホールディングス","東証GR","小売","8432","2444100","0.29","10","26.93","3.47","128.09","993.02","345000","100","20230614","4230","20230130","3000"
"7676","グッドスピード","東証GR","小売","2603","3783500","0","0","9.48","0.83","72.54","832.37","68800","100","20230111","2333","20231019","586"
"7677","ヤシマキザイ","東証ST","卸売","5861","2880000","1.23","25","51.95","0.64","39.17","3188.11","203500","100","20230627","2174","20230331","1977"
"7678","あさくま","東証ST","小売","12760","5384070","0","0","118.8","5.13","19.95","461.66","237000","100","20240118","2901","20230410","1560"
"7679","薬王堂ホールディングス","東証PR","小売","51167","19740219","1","26","13.73","1.55","188.82","1676.7","259200","100","20231006","3010","20230407","2274"
"7681","レオクラン","東証ST","卸売","5356","1962800","1.83","50","20.58","0.96","132.6","2839","272900","100","20231026","2972","20230309","2339"
"7682","浜木綿","東証ST","小売","7737","2158150","0.28","10","70.21","5.43","51.06","660.57","358500","100","20230713","3740","20230111","2218"
"7683","ダブルエー","東証GR","小売","20987","9530680","0.79","17.5","17.41","2.24","126.45","982.83","220200","100","20230913","2849","20230105","1354"
"7685","BuySell_Technologies","東証GR","卸売","43188","14585640","0.84","25","32.43","5.16","91.3","573.93","296100","100","20230214","6840","20231117","2218"
"7686","カクヤスグループ","東証ST","小売","16771","9632800","2.87","50","9.61","5.21","181.12","334.42","174100","100","20230922","2889","20230417","1283"
"7687","ミクリード","東証GR","卸売","3537","2198000","1.14","18.3","17.6","3.05","91.42","527.78","160900","100","20230920","2211","20230316","855"
"7689","コパ・コーポレーション","東証GR","卸売","1959","2963000","0","0","-","1.22","-428.63","543.72","66100","100","20230127","733","20240118","481"
"7692","アースインフィニティ","東証ST","小売","6608","110131200","2.17","1.3","16.22","9.01","3.7","6.66","6000","100","20230414","890","20240208","60"
"7694","いつも","東証GR","小売","4674","5864195","0","0","18.64","2.02","42.75","395.18","79700","100","20230508","1310","20230206","663"
"7695","交換できるくん","東証GR","小売","4465","2274400","0","0","23.47","4.06","83.63","483.24","196300","100","20230104","4540","20240119","1860"
"7698","アイスコ","東証ST","卸売","3167","1942750","2.33","38","11.24","0.89","145.05","1826.47","163000","100","20231002","1854","20230111","1303"
"7699","オムニ・プラス・システム・リミテッド（外国株）","東証GR","卸売","-","-","-","-","-","-","-","-","50500","100","20230725","644","20230320","482"
"7701","島津製作所","東証PR","精密機器","1134541","296070227","1.51","58","20.53","2.49","186.63","1541.86","383200","100","20230616","4637","20231030","3493"
"7702","JMS","東証ST","精密機器","12688","24733466","3.31","17","125.43","0.31","4.09","1643.42","51300","100","20230704","608","20230106","483"
"7705","ジーエルサイエンス","東証ST","精密機器","31242","11190000","2.51","70","8.18","0.92","341.14","3049.87","279200","100","20240206","3000","20230815","2200"
"7707","プレシジョン・システム・サイエンス","東証GR","精密機器","6529","27666900","-","-","1311.11","1.3","0.18","181.28","23600","100","20230124","425","20240201","227"
"7709","クボテック","東証ST","精密機器","3485","13830000","0","0","-","7.66","-20.34","32.89","25200","100","20230711","466","20230112","199"
"7711","助川電気工業","東証ST","精密機器","7449","5870000","2.36","30","19.28","1.99","65.82","638.51","126900","100","20230111","1712","20231116","1055"
"7713","シグマ光機","東証ST","精密機器","11208","7552628","2.83","42","10.95","0.62","135.55","2383.82","148400","100","20230705","1735","20231024","1419"
"7715","長野計器","東証PR","精密機器","43899","19432984","1.59","36","10.76","1.19","209.95","1902.59","225900","100","20230926","2795","20230106","1067"
"7716","ナカニシ","東証ST","精密機器","216608","94259400","2.18","50","7.95","1.69","289.16","1356.33","229800","100","20230908","3780","20231215","2292"
"7717","ブイ・テクノロジー","東証PR","精密機器","26542","10057600","2.27","60","46.4","0.77","56.88","3423.33","263900","100","20230411","3170","20231031","1820"
"7718","スター精密","東証PR","機械","72030","41373034","3.45","60","7.77","0.8","224.18","2178.22","174100","100","20230920","1936","20230106","1560"
"7719","東京衡機","東証ST","精密機器","1548","7133791","0","0","9.67","0.97","22.44","224.24","21700","100","20230425","370","20230403","132"
"7721","東京計器","東証PR","精密機器","32087","17076439","1.73","32.5","23.92","0.94","78.56","2000.04","187900","100","20240209","1924","20230427","1183"
"7722","国際計測器","東証ST","精密機器","7228","14200000","3.93","20","87.46","0.66","5.82","772.09","50900","100","20230306","543","20230104","480"
"7723","愛知時計電機","東証PR","精密機器","39814","15420000","2.4","62","11.41","0.96","226.29","2697.02","258200","100","20240201","2929","20230110","1315"
"7725","インターアクション","東証PR","精密機器","13099","11510200","3.08","35","18.87","1.21","60.32","943.52","113800","100","20230112","1610","20231226","917"
"7726","黒田精工","東証ST","機械","7099","5706942","2.81","35","20.23","0.65","61.49","1922.63","124400","100","20230207","2015","20231115","1177"
"7727","オーバル","東証ST","精密機器","14268","26180000","2.57","14","15.08","0.84","36.15","645.42","54500","100","20240202","578","20230810","366"
"7729","東京精密","東証PR","精密機器","405378","42069081","1.85","178","21.58","2.64","446.5","3646.71","963600","100","20240205","10630","20230104","4215"
"7730","マニー","東証PR","精密機器","218242","106981502","1.91","39","34.06","4.06","59.9","502.49","204000","100","20240115","2410","20230707","1602"
"7731","ニコン","東証PR","精密機器","502436","351476686","3.5","50","18.34","0.76","77.96","1878.08","142950","100","20230703","1944","20230105","1154"
"7732","トプコン","東証PR","精密機器","183823","108322242","2.47","42","59.59","1.82","28.48","934.01","169700","100","20230703","2164","20231031","1274"
"7733","オリンパス","東証PR","精密機器","2770399","1266178700","0.82","18","9.42","3.23","232.24","677.45","218800","100","20230418","2532","20230822","1782"
"7734","理研計器","東証PR","精密機器","192364","23661000","0.98","80","21.76","2.75","373.63","2957.27","813000","100","20240209","8180","20230106","4035"
"7735","SCREENホールディングス","東証PR","電気機器","1741248","101589732","1.18","202.5","25.4","4.99","674.85","3434.16","1714000","100","20240209","17240","20230104","4125"
"7739","キヤノン電子","東証PR","電気機器","88760","42206540","-","-","13.96","0.76","150.67","2780.81","210300","100","20240205","2179","20230106","1489"
"7740","タムロン","東証PR","精密機器","144612","23400000","2.75","170","12.93","1.88","477.87","3281.99","618000","100","20240209","6530","20230105","2855"
"7741","HOYA","東証PR","精密機器","6292690","350958720","-","-","38.05","7.13","471.19","2513","1793000","100","20240123","19145","20230106","12265"
"7743","シード","東証PR","精密機器","19000","25033422","1.98","15","12.67","1.47","59.92","514.91","75900","100","20231010","892","20230105","491"
"7744","ノーリツ鋼機","東証PR","精密機器","116173","36190872","1.53","49","13.32","0.55","241.07","5856.52","321000","100","20240122","3450","20230217","2068"
"7745","A＆Dホロンホールディングス","東証PR","精密機器","54883","27845208","1.78","35","10.6","1.53","186.02","1284.16","197100","100","20240202","2144","20230105","974"
"7746","岡本硝子","東証ST","精密機器","3076","23305543","0","0","30.7","2.05","4.3","64.27","13200","100","20230721","174","20231226","126"
"7747","朝日インテック","東証PR","精密機器","809196","271633600","0.55","16.43","54.41","5.98","54.75","497.88","297900","100","20240111","3149","20230106","2019"
"7749","メディキット","東証ST","精密機器","58434","18880000","2.26","70","20.16","1.09","153.54","2836.94","309500","100","20240209","3120","20230424","2363"
"7751","キヤノン","東証PR","電気機器","5399075","1333763464","3.71","150","13.11","1.19","308.77","3394.92","404800","100","20240209","4110","20230116","2754"
"7752","リコー","東証PR","電気機器","772264","609521978","2.84","36","17.54","0.78","72.24","1621.91","126700","100","20230919","1354","20230116","937"
"7760","IMV","東証ST","精密機器","9072","16957016","2.24","12","9.28","0.94","57.62","567.17","53500","100","20230712","602","20230106","414"
"7762","シチズン時計","東証PR","精密機器","239358","246000000","4.11","40","11.43","1","85.11","969.53","97300","100","20240209","979","20230106","561"
"7769","リズム","東証PR","精密機器","29138","8385093","1.4","48.5","71.74","0.95","48.44","3655.2","347500","100","20240131","3690","20230116","1499"
"7771","日本精密","東証ST","精密機器","1601","22238299","0","0","18.46","1.17","3.9","61.51","7200","100","20230202","118","20231226","69"
"7774","ジャパン・ティッシュエンジニアリング","東証GR","精密機器","20061","40610200","0","0","184.33","3.41","2.68","144.87","49400","100","20230424","684","20230104","456"
"7775","大研医器","東証ST","精密機器","16875","31840000","3.96","21","15.54","2.21","34.11","239.8","53000","100","20230901","565","20230116","442"
"7776","セルシード","東証GR","精密機器","7424","31459019","0","0","-","3.27","-30.28","72.1","23600","100","20230324","984","20230104","158"
"7777","スリー・ディー・マトリックス","東証GR","精密機器","8570","79350709","0","0","-","90","-28.39","1.2","10800","100","20230113","346","20240131","104"
"7779","CYBERDYNE","東証GR","精密機器","27764","137445809","-","-","-","1.02","-","197.26","20200","100","20230621","357","20231218","196"
"7780","メニコン","東証PR","精密機器","164627","76624388","1.16","25","21.49","2.12","99.96","1012.9","214850","100","20230216","3060","20231024","1658"
"7781","平山ホールディングス","東証ST","精密機器","7865","7864800","4.2","42","10.56","1.89","94.72","530.16","100000","100","20240123","1059","20230106","666"
"7782","シンシア","東証ST","精密機器","3918","6862200","2.45","14","13.09","1.46","43.63","391.78","57100","100","20230814","668","20231031","486"
"7791","ドリームベッド","東証ST","その他製品","3189","4152820","4.17","32","7.01","0.76","109.62","1004.45","76800","100","20230815","880","20230214","706"
"7792","コラントッテ","東証GR","その他製品","7395","9018100","2.68","22","11.2","2.26","73.19","362.17","82000","100","20230224","1345","20231228","770"
"7793","イメージ・マジック","東証GR","その他製品","4044","2313671","0","0","26.25","2.68","66.58","651.79","174800","100","20230406","2105","20230105","698"
"7794","イーディーピー","東証GR","その他製品","18849","13135400","0","0","-","3.8","-","377.24","143500","100","20230208","6050","20231221","1140"
"7795","KYORITSU","東証ST","その他製品","9699","49235000","3.05","6","9.17","0.52","21.49","380.53","19700","100","20240201","213","20230116","117"
"7800","アミファ","東証ST","その他製品","2093","3235000","3.71","24","12.58","0.81","51.42","798.91","64700","100","20230808","709","20230123","611"
"7803","ブシロード","東証GR","その他製品","31447","71308550","1.02","4.5","25.48","1.45","17.31","304.55","44100","100","20230517","969","20230818","433"
"7804","ビーアンドピー","東証ST","その他製品","3436","2300000","3.35","50","10.31","1.09","144.88","1365.98","149400","100","20230925","1675","20230104","1087"
"7805","プリントネット","東証ST","その他製品","3500","5460400","1.87","12","8.55","0.83","74.96","769.94","64100","100","20230821","879","20230111","496"
"7806","MTG","東証GR","その他製品","64239","40099268","0.62","10","31.57","1.49","50.74","1074.46","160200","100","20230913","1677","20230301","1288"
"7807","幸和製作所","東証ST","その他製品","6522","5001580","0.84","11","6.8","2.55","191.81","511.58","130400","100","20231229","1620","20230104","656"
"7808","シー・エス・ランバー","東証ST","その他製品","6531","1850100","2.27","80","3.89","0.67","908.18","5245.81","353000","100","20240123","3580","20230106","2606"
"7809","壽屋","東証ST","その他製品","14947","8444700","1.98","35","8.93","2.27","198.29","780.81","177000","100","20230207","4627","20231207","1391"
"7810","クロスフォー","東証ST","その他製品","3567","17745000","0.17","0.35","113.56","1.93","1.77","104.33","20100","100","20230915","279","20231228","186"
"7811","中本パックス","東証ST","その他製品","15317","8920791","3.61","62","11.2","0.87","153.32","1971.99","171700","100","20240131","1761","20230411","1510"
"7812","クレステック","東証ST","その他製品","6449","3248900","4.33","86","7","0.86","283.56","2298.7","198500","100","20230627","2175","20230111","1189"
"7813","プラッツ","東証GR","その他製品","2504","3726000","2.08","14","19.83","0.76","33.89","889.58","67200","100","20230622","738","20230222","604"
"7814","日本創発グループ","東証ST","その他製品","30702","51000000","1.99","12","13.39","2.04","44.96","295.81","60200","100","20230801","725","20230110","483"
"7815","東京ボード工業","東証ST","その他製品","2134","3660369","-","-","-","0.92","-123.85","634.29","58300","100","20230403","770","20230619","499"
"7816","スノーピーク","東証PR","その他製品","32533","38140000","1.41","12","52.49","1.94","16.25","440.03","85300","100","20230110","2433","20231213","802"
"7817","パラマウントベッドホールディングス","東証PR","その他製品","158463","61754974","2.53","65","15.27","1.12","168.07","2284.01","256600","100","20231129","2870","20230804","2173"
"7818","トランザクション","東証PR","その他製品","74555","29375400","1.46","37","21.12","4.58","120.19","554.44","253800","100","20240112","2600","20230104","1156"
"7819","粧美堂","東証ST","その他製品","10768","13410000","2.49","20","14.73","1.71","54.51","469.85","80300","100","20240209","807","20230116","341"
"7820","ニホンフラッシュ","東証PR","その他製品","23907","25060000","3.77","36","10.24","0.7","93.19","1370.2","95400","100","20230515","1100","20231024","839"
"7821","前田工繊","東証PR","その他製品","99523","32260200","0.97","30","15.87","2.08","194.34","1480.55","308500","100","20230214","3430","20231026","2816"
"7822","永大産業","東証ST","その他製品","13146","46783800","3.56","10","-","0.3","-5.66","929.62","28100","100","20240209","315","20230601","205"
"7823","アートネイチャー","東証ST","その他製品","27274","34393200","3.53","28","22.26","0.96","35.62","828.84","79300","100","20230914","854","20230116","727"
"7826","フルヤ金属","東証PR","その他製品","78793","8463212","2.75","256","8.55","1.48","1088.56","6274.11","931000","100","20230622","12670","20231213","8550"
"7827","オービス","東証ST","その他製品","2453","1760787","2.87","40","8.54","0.49","163.12","2865.98","139300","100","20231002","2048","20230113","1055"
"7829","サマンサタバサジャパンリミテッド","東証GR","その他製品","5795","65851417","0","0","-","9.19","-17.31","9.58","8800","100","20230711","168","20231227","80"
"7831","ウイルコホールディングス","東証ST","その他製品","3353","24650800","1.47","2","33.42","0.57","4.07","239.77","13600","100","20230726","171","20230322","125"
"7832","バンダイナムコホールディングス","東証PR","その他製品","2033964","666000000","0.65","20","22.15","2.93","137.86","1042.94","305400","100","20230619","3521","20230116","2620"
"7833","アイフィスジャパン","東証ST","その他製品","6125","10242000","3.09","18.5","13.3","1.09","44.95","550.17","59800","100","20230928","648","20231031","577"
"7836","アビックス","東証ST","その他製品","3162","35129566","0","0","321.43","2.16","0.28","41.65","9000","100","20230518","150","20230104","81"
"7837","アールシーコア","東証ST","その他製品","1996","4536400","0","0","0.81","0.48","542.27","914.01","44000","100","20230823","537","20230105","368"
"7839","SHOEI","東証PR","その他製品","106192","53713716","3.19","63","15.57","4.34","126.94","455.76","197700","100","20230404","2874","20231214","1783"
"7840","フランスベッドホールディングス","東証PR","その他製品","51337","38397500","2.84","38","15.79","1.25","84.66","1067.88","133700","100","20240111","1430","20230105","934"
"7841","遠藤製作所","東証ST","その他製品","9159","9441800","2.06","20","8.49","0.44","114.26","2228.36","97000","100","20231212","1137","20230817","700"
"7844","マーベラス","東証PR","情報通信","46165","62216400","4.45","33","27.22","1.56","27.26","476.05","74200","100","20240123","765","20230406","656"
"7846","パイロットコーポレーション","東証PR","その他製品","167885","41814400","2.49","100","9.9","1.23","405.58","3272.14","401500","100","20231107","5477","20230320","3935"
"7847","グラファイトデザイン","東証ST","その他製品","6077","6945600","4.57","40","50.61","1.18","17.29","741.81","87500","100","20230221","999","20231024","738"
"7849","スターツ出版","東証ST","情報通信","16224","3840000","0.77","32.5","9.27","2.11","455.77","2001.43","422500","100","20230512","4800","20230105","2830"
"7850","総合商研","東証ST","その他製品","2864","3060110","2.14","20","12.76","1.09","73.35","861.5","93600","100","20230906","979","20230104","780"
"7851","カワセコンピュータサプライ","東証ST","その他製品","1264","5160000","0","0","569.77","0.48","0.43","514.56","24500","100","20230905","355","20230106","198"
"7856","萩原工業","東証PR","その他製品","22212","14897600","3.35","50","12.78","0.73","116.67","2028.93","149100","100","20230929","1900","20230119","1146"
"7857","セキ","東証ST","その他製品","6018","4508000","1.8","24","16.26","0.38","82.1","3516.92","133500","100","20230116","1480","20230602","1300"
"7859","アルメディオ","東証ST","その他製品","26058","18706316","0","0","14.24","4.84","97.84","287.98","139300","100","20240209","1473","20230512","334"
"7860","エイベックス","東証PR","情報通信","62650","45663400","3.64","50","28.18","1.07","48.69","1278.83","137200","100","20230208","1800","20231115","1281"
"7863","平賀","東証ST","その他製品","3618","4015585","3.33","30","7.03","0.75","128.19","1205.88","90100","100","20230623","1120","20230928","880"
"7864","フジシールインターナショナル","東証PR","その他製品","119722","60161956","1.76","35","17.58","0.84","113.18","2378.52","199000","100","20240209","2079","20230323","1436"
"7865","ピープル","東証ST","その他製品","4296","4437500","-","-","22.64","1.78","42.75","542.36","96800","100","20230105","1379","20230602","953"
"7867","タカラトミー","東証PR","その他製品","219952","93616650","1.83","43","23.79","2.24","98.77","1048.68","234950","100","20240123","2595","20230118","1207"
"7868","広済堂ホールディングス","東証PR","その他製品","103511","143366845","1.63","11.78","20.4","2.49","35.4","290.05","72200","100","20240125","838","20230118","338"
"7871","フクビ化学工業","東証ST","化学","18785","20688425","3.14","28.5","12.12","0.52","74.92","1742.45","90800","100","20240208","924","20230120","557"
"7872","エステールホールディングス","東証ST","その他製品","7357","11459223","4.21","27","10.39","0.5","61.78","1274.83","64200","100","20240207","665","20231030","600"
"7874","レック","東証PR","化学","40035","38165340","1.91","20","52.03","1.04","20.16","1011.22","104900","100","20240109","1105","20230330","787"
"7875","竹田iPホールディングス","東証ST","その他製品","7833","8781000","2.69","24","11.31","0.45","78.9","1963.46","89200","100","20240111","1094","20230113","640"
"7877","永大化工","東証ST","化学","2263","1460000","3.23","50","17.18","0.3","90.22","5125.08","155000","100","20230926","1630","20230419","1432"
"7878","光・彩","東証ST","その他製品","1988","792000","0.8","20","26.83","1.39","93.55","1804.18","251000","100","20230329","4740","20230303","1965"
"7879","ノダ","東証ST","その他製品","20183","17339200","3.87","45","10.38","0.48","112.11","2416.67","116400","100","20230928","1405","20230118","1028"
"7883","サンメッセ","東証ST","その他製品","6738","17825050","2.12","8","24.82","0.5","15.23","751.76","37800","100","20230227","391","20230330","350"
"7885","タカノ","東証ST","その他製品","15344","15721000","2.05","20","14.86","0.48","65.7","2036.97","97600","100","20240123","1050","20230113","652"
"7886","ヤマト・インダストリー","東証ST","化学","1231","1332179","-","-","20.32","0.79","45.47","1174.28","92400","100","20230906","1655","20230106","845"
"7887","南海プライウッド","東証ST","その他製品","6431","1009580","2.35","150","10.28","0.26","619.85","24770.25","637000","100","20230407","6480","20230104","4810"
"7888","三光合成","東証PR","化学","20101","30688569","3.05","20","8.68","0.73","75.45","900.43","65500","100","20230907","766","20230106","391"
"7893","プロネクサス","東証PR","その他製品","34258","27716688","2.91","36","19.11","1.22","64.68","1015.44","123600","100","20240117","1397","20230106","937"
"7896","セブン工業","東証ST","その他製品","2360","4673250","3.96","20","-","0.36","-178.08","1408.57","50500","100","20231016","651","20231227","483"
"7897","ホクシン","東証ST","その他製品","3291","28373005","1.29","1.5","23.48","0.57","4.94","204.64","11600","100","20230629","160","20231225","107"
"7898","ウッドワン","東証ST","その他製品","10118","9841969","2.33","24","-","0.21","-247.05","4823.87","102800","100","20230331","1473","20230105","881"
"7901","マツモト","東証ST","その他製品","3243","1143900","0","0","114.64","2.69","24.73","1053.83","283500","100","20230614","5057","20230307","1400"
"7902","ソノコム","東証ST","その他製品","4440","5000000","1.35","12","14.47","0.37","61.37","2419.24","88800","100","20240205","910","20230104","800"
"7906","ヨネックス","東証ST","その他製品","109959","92870800","1.18","14","13.23","1.78","89.47","666.93","118400","100","20230925","1746","20230106","1115"
"7908","きもと","東証ST","化学","11338","54772564","2.9","6","95.39","0.54","2.17","384.87","20700","100","20230126","235","20231004","176"
"7911","TOPPANホールディングス","東証PR","その他製品","1297075","328706240","1.22","48","18.84","0.91","209.4","4318.98","394600","100","20240122","4307","20230117","1847"
"7912","大日本印刷","東証PR","その他製品","1224779","292240346","1.53","64","12.19","0.96","343.84","4382.59","419100","100","20240115","4415","20230117","2497"
"7914","共同印刷","東証PR","その他製品","26617","8370000","3.14","100","16.06","0.38","197.99","8275.23","318000","100","20231120","3750","20230320","2634"
"7915","NISSHA","東証PR","その他製品","82437","50855638","3.08","50","99.14","0.68","16.35","2377.97","162100","100","20230201","1947","20231228","1412"
"7916","光村印刷","東証ST","その他製品","4894","3103420","3.17","50","32.2","0.27","48.97","5795.18","157700","100","20240209","1632","20230112","1150"
"7917","藤森工業","東証PR","化学","77167","19267760","2.1","84","18.84","0.88","212.57","4558.82","400500","100","20240126","4145","20230106","3000"
"7918","ヴィア・ホールディングス","東証ST","小売","7122","42647682","0","0","27.74","-","6.02","-94.97","16700","100","20231206","255","20230616","81"
"7919","野崎印刷紙業","東証ST","その他製品","3369","21460000","1.91","3","6.55","0.67","23.97","233.45","15700","100","20230731","175","20230110","112"
"7921","TAKARA＆COMPANY","東証PR","その他製品","37487","13153293","2.81","80","14.29","1.42","199.48","2008.22","285000","100","20240118","2937","20230105","1988"
"7922","三光産業","東証ST","その他製品","3333","7878800","2.36","10","21.13","0.32","20.02","1319.84","42300","100","20230403","730","20230106","319"
"7923","トーイン","東証ST","その他製品","4005","6377500","2.79","17.5","6.08","0.33","103.31","1913.54","62800","100","20240202","749","20230113","450"
"7925","前澤化成工業","東証PR","化学","25140","15732000","3.13","50","19.75","0.6","80.91","2662.92","159800","100","20230425","1658","20230105","1292"
"7927","ムトー精工","東証ST","化学","15193","7739548","4.02","79","9.95","0.82","197.34","2398.11","196300","100","20240201","2306","20230104","631"
"7928","旭化学工業","東証ST","化学","2287","3896000","2.56","15","12.24","0.35","47.96","1677.97","58700","100","20230228","712","20231226","522"
"7931","未来工業","東証PR","化学","122786","25607086","2.79","134","17.7","1.59","270.91","3017.53","479500","100","20240206","5020","20230106","1430"
"7932","ニッピ","東証ST","その他製品","16352","2889000","1.24","70","8.14","0.45","695.42","12672.89","566000","100","20240116","6380","20230113","3425"
"7936","アシックス","東証PR","その他製品","907581","189870559","1.26","60","31.84","3.91","150.11","1221.05","478000","100","20230920","5750","20230105","2802"
"7937","ツツミ","東証ST","その他製品","33339","15630000","2.34","50","57.46","0.5","37.12","4252.1","213300","100","20230906","2556","20230112","1827"
"7938","リーガルコーポレーション","東証ST","その他製品","7267","3250000","2.24","50","23.81","0.65","93.9","3445.67","223600","100","20240207","2262","20230105","1850"
"7939","研創","東証ST","その他製品","2192","4022774","2.94","16","11.4","0.68","47.8","804.7","54500","100","20240126","565","20230104","445"
"7940","ウェーブロックホールディングス","東証ST","化学","7517","11120538","4.44","30","13.58","0.35","49.79","1912.08","67600","100","20240202","695","20230601","552"
"7942","JSP","東証PR","化学","69487","31413473","2.26","50","10.76","0.61","205.55","3638.42","221200","100","20240208","2230","20230105","1463"
"7943","ニチハ","東証PR","ガラス土石","125596","37324264","3.39","114","14.68","0.96","229.18","3513.43","336500","100","20230731","3455","20230203","2500"
"7944","ローランド","東証PR","その他製品","133493","28163038","3.59","170","13.94","3.4","340.15","1393.78","474000","100","20231110","5120","20230106","3210"
"7946","光陽社","東証ST","その他製品","2296","1400100","0","0","6.59","0.59","248.93","2762.33","164000","100","20240105","2276","20230104","1351"
"7947","エフピコ","東証PR","化学","245629","84568424","1.96","57","20.14","1.63","144.24","1780.67","290450","100","20230201","3875","20230922","2383"
"7949","小松ウオール工業","東証PR","その他製品","35545","10903240","3.68","120","13.08","0.82","249.24","3980.53","326000","100","20240126","3525","20230106","1800"
"7951","ヤマハ","東証PR","その他製品","625957","187300000","2.21","74","19.49","1.17","171.49","2854.64","334200","100","20230615","5876","20231214","3133"
"7952","河合楽器製作所","東証PR","その他製品","31135","9011560","2.46","85","9.28","0.72","372.3","4801.56","345500","100","20231013","4040","20230106","2502"
"7953","菊水化学工業","東証ST","その他製品","5098","12744054","4","16","13.21","0.55","30.29","733.41","40000","100","20230117","454","20230314","367"
"7955","クリナップ","東証PR","その他製品","29055","37442374","3.99","31","12.45","0.5","62.35","1556.11","77600","100","20240207","791","20230116","617"
"7956","ピジョン","東証PR","その他製品","194402","121653486","4.76","76","23.6","2.42","67.71","659.46","159800","100","20230516","2237","20231109","1556"
"7957","フジコピアン","東証ST","その他製品","2720","1789487","2.63","40","-","0.22","-522.64","6942.66","152000","100","20230327","1959","20231115","1470"
"7958","天馬","東証PR","化学","55774","24313026","3.57","82","17.06","0.59","134.47","3870.46","229400","100","20230614","2750","20230105","1992"
"7962","キングジム","東証PR","その他製品","27276","31459692","1.61","14","95.17","1.02","9.11","853","86700","100","20230517","933","20230818","856"
"7963","興研","東証ST","その他製品","8228","5104003","2.17","35","11.36","0.66","141.87","2448.22","161200","100","20230127","1780","20231229","1580"
"7965","象印マホービン","東証PR","電気機器","102366","72600000","2.41","34","19.08","1.13","73.89","1248.41","141000","100","20230713","2180","20230116","1391"
"7966","リンテック","東証PR","その他製品","226002","76688740","2.99","88","36.65","0.86","80.42","3419.74","294700","100","20240209","2987","20230316","2092"
"7970","信越ポリマー","東証PR","化学","133024","82623376","2.73","44","15.88","1.16","101.37","1392.67","161000","100","20240123","1882","20230104","1110"
"7971","東リ","東証ST","化学","23150","60129249","3.9","15","7.96","0.53","48.34","719.79","38500","100","20240207","404","20230118","220"
"7972","イトーキ","東証PR","その他製品","66716","45664437","2.19","32","13.79","1.23","105.92","1185.37","146100","100","20230928","1587","20230105","570"
"7974","任天堂","東証PR","その他製品","11298603","1298690000","2.17","189","23.02","4.09","377.93","2128.75","870000","100","20240209","8706","20230316","4996"
"7975","リヒトラブ","東証ST","その他製品","3720","3815700","2.56","25","41.35","0.32","23.58","3027.36","97500","100","20231003","1116","20230113","847"
"7976","三菱鉛筆","東証PR","その他製品","122712","63286292","1.96","38","11.87","0.94","163.41","2055.54","193900","100","20231225","2161","20230113","1359"
"7979","松風","東証PR","精密機器","49066","17894089","2.12","58","15.17","1.26","180.73","2173.06","274200","100","20240129","2996","20230320","1942"
"7980","重松製作所","東証ST","その他製品","5458","7200000","1.32","10","10.78","0.7","70.31","1081.24","75800","100","20230313","868","20240207","750"
"7981","タカラスタンダード","東証PR","その他製品","132785","70368194","2.86","54","13.8","0.7","136.72","2683.21","188700","100","20240202","1975","20230201","1338"
"7983","ミロク","東証ST","その他製品","4484","3005441","1.34","20","20.01","0.29","74.57","5190.84","149200","100","20230922","1977","20231225","1351"
"7984","コクヨ","東証PR","その他製品","281857","121542463","2.8","65","14.46","1.06","160.33","2189.38","231900","100","20231113","2452","20230112","1753"
"7985","ネポン","東証ST","金属製品","1611","962948","1.79","30","53.4","0.61","31.33","2724.09","167300","100","20230908","2314","20230823","1340"
"7986","日本アイ・エス・ケイ","東証ST","その他製品","2700","1776000","1.97","30","19.03","0.64","79.89","2375.21","152000","100","20231010","1918","20230220","1171"
"7987","ナカバヤシ","東証ST","その他製品","15405","28794294","4.11","22","8.63","0.56","62","955.1","53500","100","20240110","566","20230110","470"
"7988","ニフコ","東証PR","化学","376866","100257053","1.7","64","15.95","1.48","235.74","2540.23","375900","100","20230907","4442","20230105","2989"
"7989","立川ブラインド工業","東証PR","金属製品","30917","20763600","2.75","41","10.02","0.6","148.58","2477.47","148900","100","20231127","1511","20230104","1108"
"7990","グローブライド","東証PR","その他製品","49176","24000000","3.42","70","9.05","0.86","226.35","2384.31","204900","100","20230210","2714","20231024","1842"
"7991","マミヤ・オーピー","東証ST","機械","15554","9358670","4.51","75","4.82","0.82","344.75","2024.19","166200","100","20230928","2041","20231213","1114"
"7992","セーラー万年筆","東証ST","その他製品","4004","29659554","0","0","-","1.08","-9.31","124.58","13500","100","20230509","208","20231228","128"
"7994","オカムラ","東証PR","その他製品","206776","100621021","4.18","86","9.68","1.21","212.37","1705.03","205500","100","20230920","2326","20230206","1272"
"7995","バルカー","東証PR","化学","78493","18688733","3.57","150","13.92","1.57","301.74","2678.44","420000","100","20240131","4565","20230105","2583"
"7997","くろがね工作所","東証ST","その他製品","1449","1857113","0","0","22.15","0.31","35.22","2508.09","78000","100","20230414","1159","20230213","408"
"7999","MUTOHホールディングス","東証ST","電気機器","10656","5054818","2.61","55","14.16","0.44","148.89","4815.69","210800","100","20240126","2199","20230104","1517"
"8001","伊藤忠商事","東証PR","卸売","10415894","1584889504","2.43","160","11.93","1.86","550.68","3537.1","657200","100","20240202","6844","20230106","3947"
"8002","丸紅","東証PR","卸売","3994960","1684926107","3.5","83","8.88","1.25","267.06","1890","237100","100","20230623","2705","20230105","1476"
"8005","スクロール","東証PR","小売","34010","35098550","4.33","42","9.93","1.01","97.54","960.65","96900","100","20231027","1092","20230105","693"
"8006","ユアサ・フナショク","東証ST","卸売","17362","4897723","2.82","100","6.13","0.44","578.65","8064.2","354500","100","20240206","3650","20230119","2540"
"8007","高島","東証PR","卸売","24904","17865092","4.3","60","5.17","1.2","269.63","1158.3","139400","100","20240209","1461","20230316","692"
"8008","ヨンドシーホールディングス","東証PR","小売","48127","24331356","4.2","83","32.62","1.12","60.63","1768.45","197800","100","20240109","2100","20230110","1690"
"8011","三陽商会","東証PR","繊維製品","34663","12622934","3.2","88","11.44","0.82","240.03","3342.64","274600","100","20240208","2860","20230117","1264"
"8012","長瀬産業","東証PR","卸売","282980","117908285","3.33","80","12.29","0.7","195.22","3412.94","240000","100","20230907","2568","20230116","1929"
"8013","ナイガイ","東証ST","繊維製品","2128","8217281","0","0","9.42","0.39","27.49","670.52","25900","100","20240129","345","20230428","256"
"8014","蝶理","東証PR","卸売","74266","25303478","3.95","116","7.69","0.9","381.85","3260.08","293500","100","20230919","3095","20230104","2119"
"8015","豊田通商","東証PR","卸売","3259798","354056516","2.72","250","10.12","1.43","909.42","6425.37","920700","100","20240119","9830","20230105","4770"
"8016","オンワードホールディングス","東証PR","繊維製品","85278","157921669","3.33","18","12.4","0.94","43.55","571.6","54000","100","20230720","584","20230116","301"
"8018","三共生興","東証ST","卸売","42056","56000000","3.6","27","13.13","0.69","57.19","1081.21","75100","100","20231102","845","20230106","455"
"8020","兼松","東証PR","卸売","199927","84500202","3.8","90","8.41","1.38","281.26","1718.56","236600","100","20240206","2376","20230116","1447"
"8022","美津濃","東証PR","その他製品","134486","26578243","1.38","70","11.76","0.95","430.24","5304.12","506000","100","20240209","5060","20230116","2634"
"8023","大興電子通信","東証ST","情報通信","12967","13868408","2.14","20","6.47","1.15","144.59","809.8","93500","100","20240130","1095","20230104","455"
"8025","ツカモトコーポレーション","東証ST","卸売","5051","4069747","2.42","30","41.64","0.39","29.8","3153.15","124100","100","20230331","1660","20231109","1144"
"8029","ルックホールディングス","東証ST","繊維製品","20707","7755313","2.62","70","8.94","0.58","298.57","4608.75","267000","100","20230720","2770","20231004","1891"
"8030","中央魚類","東証ST","卸売","14219","4315300","2.12","70","9.75","0.48","337.96","6852.28","329500","100","20240208","3300","20230124","2910"
"8031","三井物産","東証PR","卸売","8925997","1522687968","2.9","170","9.32","1.24","628.92","4733.91","586200","100","20240201","6119","20230324","3700"
"8032","日本紙パルプ商事","東証PR","卸売","75558","15021551","2.58","130","6.27","0.53","801.89","9410.44","503000","100","20230309","5740","20231024","4465"
"8035","東京エレクトロン","東証PR","電気機器","14033432","471632733","1.14","340","45.15","9.08","658.97","3275.81","2975500","100","20240209","30160","20230104","12740"
"8037","カメイ","東証PR","卸売","69696","37591969","2.37","44","6.77","0.43","273.81","4328","185400","100","20240123","1964","20230106","1168"
"8038","東都水産","東証ST","卸売","25927","4026000","2.1","135","16.85","1.01","382.27","6388.59","644000","100","20231222","7420","20230130","4905"
"8039","築地魚市場","東証ST","卸売","7324","2253520","1.08","35","20.78","1.18","156.39","2755.58","325000","100","20230622","3545","20230110","2595"
"8040","東京ソワール","東証ST","繊維製品","3424","3860000","3.38","30","5.06","0.32","175.45","2783.74","88700","100","20230201","1043","20230112","773"
"8041","OUGホールディングス","東証ST","卸売","14056","5562292","2.37","60","6.18","0.5","408.68","5068.98","252700","100","20240209","2593","20231024","2316"
"8043","スターゼン","東証PR","卸売","51344","19522552","2.85","75","8.37","0.7","314.06","3760.56","263000","100","20240122","2793","20230116","2029"
"8045","横浜丸魚","東証ST","卸売","7298","7261706","2.59","26","18.82","0.44","53.4","2281.99","100500","100","20240207","1034","20230117","727"
"8046","丸藤シートパイル","東証ST","卸売","11900","4000000","3.03","90","8.8","0.37","338.05","8126.83","297500","100","20240205","3080","20230117","1906"
"8050","セイコーグループ","東証PR","精密機器","110922","41404261","2.8","75","13.83","0.77","193.76","3486.97","267900","100","20230106","3085","20231030","2272"
"8051","山善","東証PR","卸売","119322","95305435","3.91","49","16.6","0.87","75.41","1438.1","125200","100","20240129","1292","20230105","975"
"8052","椿本興業","東証PR","卸売","43017","6497969","2.42","160","11.06","1.1","598.67","5994.77","662000","100","20240201","7170","20230105","3765"
"8053","住友商事","東証PR","卸売","4064304","1223082867","3.76","125","8.13","0.96","408.92","3478.32","332300","100","20240123","3427","20230105","2134"
"8056","BIPROGY","東証PR","情報通信","492609","109663524","2.11","95","19.21","2.96","233.78","1517.01","449200","100","20240205","4674","20230220","2903"
"8057","内田洋行","東証PR","卸売","79396","10419371","2.49","190","12.5","1.42","609.83","5352.16","762000","100","20240202","7910","20230106","4435"
"8058","三菱商事","東証PR","卸売","11575880","4179018153","2.53","70","12.28","1.31","225.61","2112.72","277000","100","20240209","2831","20230104","1398"
"8059","第一実業","東証PR","卸売","61862","33259200","3.23","60","10.92","0.86","170.33","2163.73","186000","100","20231107","2078","20230105","1423"
"8060","キヤノンマーケティングジャパン","東証PR","卸売","563906","131079972","2.79","120","14.88","1.28","289.18","3352.3","430200","100","20240130","4604","20230116","2839"
"8061","西華産業","東証PR","卸売","37024","12320650","3.99","120","10.66","0.96","282.02","3133.78","300500","100","20240208","3255","20230106","1515"
"8065","佐藤商事","東証PR","卸売","36797","21799050","3.97","67","5.94","0.58","284.14","2903.46","168800","100","20240207","1716","20230106","1190"
"8066","三谷商事","東証ST","卸売","238937","120008548","2.01","40","13.37","1.14","148.95","1743.27","199100","100","20240104","2179","20230118","1270"
"8068","菱洋エレクトロ","東証PR","卸売","103046","26800000","4.68","180","10.82","1.54","355.39","2500.06","384500","100","20240122","4030","20230130","2285"
"8070","東京産業","東証PR","卸売","21365","28678486","4.83","36","-","0.94","-","795.68","74500","100","20230623","929","20230324","700"
"8072","日本出版貿易","東証ST","卸売","1654","700000","1.27","30","8.24","0.72","286.78","3286.85","236300","100","20230315","2848","20230104","1472"
"8074","ユアサ商事","東証PR","卸売","111384","22100000","3.61","182","8.55","1.07","589.69","4698.04","504000","100","20240209","5100","20230203","3460"
"8075","神鋼商事","東証PR","卸売","60695","8860562","4.38","300","6.85","0.74","999.97","9244.78","685000","100","20240209","6890","20230105","4985"
"8076","カノークス","東証ST","卸売","25982","11103500","4.32","101","11.73","0.8","199.41","2925.72","234000","100","20230920","2380","20230117","1412"
"8077","トルク","東証ST","卸売","7982","28007448","2.11","6","8.23","0.57","34.63","496.58","28500","100","20230928","329","20230106","199"
"8078","阪和興業","東証PR","卸売","234946","42332640","3.06","170","6.27","0.68","885.66","8132.89","555000","100","20240209","5630","20230105","3500"
"8079","正栄食品工業","東証PR","卸売","78318","17100000","1.09","50","26.6","1.51","172.18","3034.45","458000","100","20230915","5300","20230105","3825"
"8081","カナデン","東証PR","卸売","35164","23600000","3.22","48","10.92","0.76","136.5","1954.31","149000","100","20240115","1629","20230106","1064"
"8084","RYODEN","東証PR","卸売","58797","22824977","3.57","92","11.26","0.67","228.77","3839.11","257600","100","20240123","2816","20230105","1651"
"8085","ナラサキ産業","東証ST","卸売","15529","5325600","2.57","75","7.32","0.67","398.39","4357.17","291600","100","20240205","3290","20230105","1714"
"8086","ニプロ","東証PR","精密機器","210038","171459479","2.04","25","17.84","0.84","68.67","1453.77","122500","100","20240208","1274","20230531","987"
"8088","岩谷産業","東証PR","卸売","394530","58561649","1.41","95","11.57","1.18","582.32","5716.52","673700","100","20230919","8040","20230110","5360"
"8089","ナイス","東証ST","卸売","19318","12180419","3.15","50","4.68","0.37","339.05","4284","158600","100","20240105","1733","20230123","1252"
"8091","ニチモウ","東証PR","卸売","20252","9008800","4","90","7.42","0.69","302.82","3241.1","224800","100","20240131","2270","20230106","1390"
"8093","極東貿易","東証PR","卸売","27971","12991836","4.16","89.5","24.11","1.07","89.29","2006.45","215300","100","20240205","2242","20230105","1324"
"8095","アステナホールディングス","東証PR","卸売","19134","40884504","3.85","18","26.79","0.65","17.47","719.53","46800","100","20231101","548","20230116","400"
"8097","三愛オブリ","東証PR","卸売","118388","68000000","3.45","60","11.55","1","150.79","1744.77","174100","100","20230919","1844","20230105","1200"
"8098","稲畑産業","東証PR","卸売","173054","55914127","3.88","120","8.14","0.9","380.3","3442.77","309500","100","20230622","3375","20230105","2323"
"8101","GSIクレオス","東証PR","卸売","30691","12629942","3.37","82","14.9","1.09","163.06","2230.42","243000","100","20240209","2469","20230106","1420"
"8103","明和産業","東証PR","卸売","29538","41780000","4.1","29","12.28","0.82","57.56","866.8","70700","100","20240208","720","20231226","618"
"8104","クワザワホールディングス","東証ST","卸売","11603","16694496","1.44","10","16.07","0.71","43.24","984.07","69500","100","20240131","743","20230105","410"
"8105","堀田丸正","東証ST","卸売","2922","59640348","0","0","71.01","0.92","0.69","53.32","4900","100","20230209","68","20231228","47"
"8107","キムラタン","東証ST","繊維製品","4316","239784410","0","0","200","5.06","0.09","3.56","1800","100","20230407","24","20240201","17"
"8111","ゴールドウイン","東証PR","繊維製品","430260","47448172","1.27","115","18.84","4.42","481.35","2049.28","906800","100","20230619","13735","20230106","8980"
"8113","ユニ・チャーム","東証PR","化学","3147009","620834319","0.87","44","33.24","4.3","152.48","1178.73","506900","100","20230809","5958","20231121","4623"
"8114","デサント","東証PR","繊維製品","244619","76924176","1.38","44","21.83","2.18","145.65","1459.29","318000","100","20231115","4540","20230120","3045"
"8115","ムーンバット","東証ST","卸売","3142","4774719","3.04","20","10.04","0.61","65.51","1078.66","65800","100","20230808","750","20230105","457"
"8117","中央自動車工業","東証ST","卸売","95295","20020000","2.27","108","11.67","1.91","407.91","2495.36","476000","100","20240201","5080","20230210","2363"
"8118","キング","東証ST","繊維製品","17340","24771561","2.57","18","20.62","0.52","33.95","1337.83","70000","100","20231108","717","20230412","480"
"8119","三栄コーポレーション","東証ST","卸売","6587","2552946","0.78","20","13.74","0.54","187.72","4765.82","258000","100","20240202","3610","20230105","1347"
"8123","川辺","東証ST","卸売","2071","1861000","1.8","20","20.32","0.32","54.78","3500.07","111300","100","20230511","1279","20230106","902"
"8125","ワキタ","東証PR","卸売","82610","52021297","3.9","62","25.57","0.79","62.11","2001.95","158800","100","20231225","1642","20230320","1116"
"8127","ヤマトインターナショナル","東証ST","繊維製品","6391","21302936","4","12","18.68","0.37","16.06","821.57","30000","100","20231002","330","20230106","233"
"8129","東邦ホールディングス","東証PR","卸売","256256","78270142","1.1","36","17.42","0.86","187.93","3789.8","327400","100","20231102","3579","20230116","2000"
"8130","サンゲツ","東証PR","卸売","201280","59200000","3.97","135","15.01","1.99","226.59","1710.96","340000","100","20240209","3520","20230105","2082"
"8131","ミツウロコグループホールディングス","東証ST","卸売","85932","60134401","2.73","39","11.77","0.88","121.37","1625.38","142900","100","20240115","1724","20230112","1047"
"8132","シナネンホールディングス","東証PR","卸売","52382","13046591","1.87","75","-","0.85","-64.28","4710.73","401500","100","20240117","4330","20230320","3060"
"8133","伊藤忠エネクス","東証PR","卸売","177659","116881106","3.42","52","12.71","1.06","119.61","1427.53","152000","100","20240111","1676","20230106","1025"
"8135","ゼット","東証ST","卸売","6232","20102000","2.58","8","10.11","0.46","30.65","677.86","31000","100","20230310","420","20231106","263"
"8136","サンリオ","東証PR","卸売","562449","89136101","0.71","45","35.34","7.53","178.55","837.56","631000","100","20230814","8290","20230216","3820"
"8137","サンワテクノス","東証PR","卸売","35826","16044000","4.25","95","7.07","0.72","315.76","3110.93","223300","100","20230704","2542","20230106","1530"
"8138","三京化成","東証ST","卸売","5023","1560000","2.8","90","16.52","0.43","194.91","7466.21","322000","100","20230203","4000","20231120","2915"
"8139","ナガホリ","東証ST","卸売","25848","16773376","0.52","8","78.78","1.92","19.56","804.18","154100","100","20231213","1861","20230426","842"
"8140","リョーサン","東証PR","卸売","124000","25000000","3.02","150","23.25","1.1","213.31","4517.31","496000","100","20240123","5260","20230106","2744"
"8141","新光商事","東証PR","卸売","45499","38010566","4.43","53","11.32","0.73","105.76","1647.71","119700","100","20230302","1353","20230516","1042"
"8142","トーホー","東証PR","卸売","32332","11012166","2.38","70","9.72","1.21","302.14","2428.48","293600","100","20230912","3980","20230116","1535"
"8143","ラピーヌ","東証ST","繊維製品","724","2567064","0","0","-","0.7","0","405.2","28200","100","20230118","460","20231226","268"
"8144","デンキョーグループホールディングス","東証ST","卸売","8891","6665021","3","40","14.76","0.3","90.37","4437.61","133400","100","20240207","1385","20230510","1127"
"8147","トミタ","東証ST","卸売","10001","6158000","1.17","19","16.84","0.74","96.43","2186.8","162400","100","20240202","1669","20230508","994"
"8150","三信電気","東証PR","卸売","37024","16281373","4.4","100","10.67","0.78","213.16","2910.42","227400","100","20230203","2669","20230531","1998"
"8151","東陽テクニカ","東証PR","卸売","37302","26085000","4.34","62","13.9","1.13","102.91","1262.58","143000","100","20240111","1491","20231004","1225"
"8152","ソマール","東証ST","卸売","6268","1958734","1.56","50","7.76","0.39","412.54","8195.69","320000","100","20240131","3285","20230104","1800"
"8153","モスフードサービス","東証PR","卸売","110594","32009910","0.81","28","76.12","2.1","45.39","1642.78","345500","100","20240206","3540","20230330","3000"
"8154","加賀電子","東証PR","卸売","184842","28702118","3.42","220","9.4","1.17","685.32","5492.76","644000","100","20240122","7120","20230105","3900"
"8155","三益半導体工業","東証PR","金属製品","111639","35497183","2.03","64","14.37","1.26","218.84","2492.63","314500","100","20240122","3490","20230106","2253"
"8157","都築電気","東証PR","情報通信","47499","20177894","3.78","89","8.81","1.1","267.29","2143.82","235400","100","20230907","2510","20230106","1270"
"8158","ソーダニッカ","東証PR","卸売","26689","22968000","2.58","30","15.68","0.95","74.12","1216.94","116200","100","20240130","1270","20230116","687"
"8159","立花エレテック","東証PR","卸売","76327","25025242","3.28","100","10","0.84","304.96","3616.27","305000","100","20240117","3310","20230106","1713"
"8160","木曽路","東証PR","小売","74500","28543889","0.61","16","79.89","2.73","32.67","954.98","261000","100","20231107","2733","20230110","2050"
"8163","SRSホールディングス","東証PR","小売","48147","41470184","0.52","6","34.29","3.22","33.86","360.93","116100","100","20240119","1258","20230105","865"
"8165","千趣会","東証ST","小売","14524","52056993","0","0","-","0.73","-119.64","380.35","27900","100","20230518","431","20240208","271"
"8166","タカキュー","東証ST","小売","1591","24470822","0","0","-","-","-4.93","-75.73","6500","100","20230712","117","20240129","65"
"8167","リテールパートナーズ","東証PR","小売","79532","46646059","1.41","24","15.92","0.92","107.12","1843.76","170500","100","20240115","1898","20230110","1195"
"8173","上新電機","東証PR","小売","66080","28000000","3.18","75","10.38","0.6","227.41","3926.26","236000","100","20240206","2535","20230601","1877"
"8174","日本瓦斯","東証PR","小売","268170","115317098","3.23","75","23.98","3.74","96.96","621.6","232550","100","20231106","2442","20230420","1689"
"8179","ロイヤルホールディングス","東証PR","小売","126450","49861862","0.71","18","32.85","2.65","77.2","958.27","253600","100","20230516","2968","20230104","2252"
"8181","東天紅","東証ST","小売","2177","2572871","-","-","-","0.36","-140.17","2353.28","84600","100","20240118","966","20230328","733"
"8182","いなげや","東証PR","小売","66263","52381447","1.19","15","326.03","1.07","3.88","1176.76","126500","100","20230427","2000","20231221","1196"
"8185","チヨダ","東証PR","小売","34247","38609996","3.16","28","81.98","0.61","10.82","1445.92","88700","100","20230724","1054","20230104","756"
"8194","ライフコーポレーション","東証PR","小売","185193","49450800","2.4","90","11.72","1.33","319.63","2808.52","374500","100","20240118","3890","20230316","2453"
"8198","マックスバリュ東海","東証ST","小売","99599","31973848","1.93","60","17.4","1.28","179.01","2432.15","311500","100","20240130","3290","20230314","2622"
"8200","リンガーハット","東証PR","小売","62615","26067972","0.42","10","155.57","5.14","15.44","467.58","240200","100","20240115","2567","20230104","2165"
"8202","ラオックスホールディングス","東証ST","小売","22120","93335103","0","0","-","0.98","-","241.48","23700","100","20230817","372","20230106","206"
"8203","ミスターマックス・ホールディングス","東証PR","小売","24797","39611134","2.88","18","8.32","0.63","75.21","998.51","62600","100","20230309","693","20230804","587"
"8207","テンアライド","東証ST","小売","10878","34533727","0","0","543.1","4.73","0.58","66.57","31500","100","20230904","334","20230330","244"
"8208","エンチョー","東証ST","小売","6480","6857497","0.26","2.5","-","0.68","-14.62","1396.64","94500","100","20230130","1080","20240208","945"
"8209","フレンドリー","東証ST","小売","1499","2855699","0","0","29.95","21.38","17.53","24.55","52500","100","20230113","817","20230331","400"
"8214","AOKIホールディングス","東証PR","小売","99907","86649504","3.47","40","14.28","0.73","80.74","1574.62","115300","100","20231204","1229","20230118","648"
"8215","銀座山形屋","東証ST","小売","2156","1804471","3.35","40","10.31","0.97","115.95","1228.56","119500","100","20240109","1240","20230104","780"
"8217","オークワ","東証PR","小売","40668","45237297","2.89","26","32.88","0.51","27.34","1759.93","89900","100","20230124","932","20231218","794"
"8218","コメリ","東証PR","小売","178462","54409168","1.59","52","11.57","0.66","283.55","4941.2","328000","100","20240201","3380","20230203","2567"
"8219","青山商事","東証PR","小売","92019","50394016","3.29","60","12.64","0.54","144.43","3352.26","182600","100","20240209","1858","20230118","812"
"8225","タカチホ","東証ST","卸売","1643","727500","0","0","6.27","0.87","360.06","2608.94","225800","100","20240126","2400","20230215","1615"
"8226","理経","東証ST","卸売","3243","15514721","1.44","3","22.57","0.73","9.26","287.58","20900","100","20230104","276","20231225","203"
"8227","しまむら","東証PR","小売","596150","36913299","1.67","270","15.02","1.28","1075.38","12627.61","1615000","100","20231129","17580","20230116","12000"
"8230","はせがわ","東証ST","小売","6657","18646376","4.2","15","6.84","0.56","52.23","632.8","35700","100","20230403","401","20230113","316"
"8233","高島屋","東証PR","小売","392671","177759481","1.54","34","11.61","0.79","190.2","2797.57","220900","100","20230817","2286","20230118","1665"
"8237","松屋","東証PR","小売","50732","53289640","0.79","7.5","24.05","2.04","39.58","467.05","95200","100","20230712","1286","20231016","831"
"8242","エイチ・ツー・オーリテイリング","東証PR","小売","227741","125201396","1.54","28","11.67","0.8","155.91","2279.84","181900","100","20230914","1961","20230118","1154"
"8244","近鉄百貨店","東証ST","小売","103926","40437940","0.39","10","35.5","2.89","72.39","889.12","257000","100","20230914","3100","20230320","2328"
"8247","大和","東証ST","小売","3242","6003400","0","0","7.97","0.73","67.74","737.94","54000","100","20240209","555","20230104","397"
"8252","丸井グループ","東証PR","小売","515600","208660417","4.09","101","19.5","1.85","126.75","1335.24","247100","100","20230915","2628","20230324","1956"
"8253","クレディセゾン","東証PR","その他金融","506728","185444772","3.66","100","6.8","0.68","401.74","4020.86","273250","100","20240123","2895","20230116","1599"
"8254","さいか屋","東証ST","小売","1879","4970314","0","0","20.36","3.44","18.57","109.81","37800","100","20230307","407","20230117","300"
"8255","アクシアルリテイリング","東証PR","小売","92032","23388039","2.16","85","12.81","1.08","307.17","3635.58","393500","100","20231225","4200","20230531","3250"
"8260","井筒屋","東証ST","小売","4030","11480495","1.42","5","6.67","0.38","52.64","923.94","35100","100","20230816","444","20230531","302"
"8267","イオン","東証PR","小売","3130209","871924572","1","36","93.03","2.95","38.59","1215.65","359000","100","20240209","3627","20230316","2468"
"8273","イズミ","東証PR","小売","250972","71665200","2.51","88","13.11","0.91","267.1","3829.1","350200","100","20230926","4066","20230111","2796"
"8275","フォーバル","東証ST","卸売","36080","27732622","2.15","28","17.6","2.07","73.9","627.16","130100","100","20240129","1495","20230118","961"
"8276","平和堂","東証PR","小売","115234","52546470","1.92","42","13.86","0.62","158.25","3522.33","219300","100","20231002","2678","20230405","1942"
"8278","フジ","東証PR","小売","169110","86856954","1.54","30","33.09","0.8","58.84","2444.29","194700","100","20240117","2011","20230316","1627"
"8279","ヤオコー","東証PR","小売","337516","40013722","1.01","85","20.48","2.13","411.8","3953.22","843500","100","20240202","8731","20230116","6560"
"8281","ゼビオホールディングス","東証PR","小売","47671","47911023","3.02","30","12.77","0.36","77.92","2789.79","99500","100","20230512","1291","20230116","889"
"8282","ケーズホールディングス","東証PR","小売","247380","190000000","3.38","44","12.88","0.83","101.12","1562.49","130200","100","20230926","1426","20230111","1107"
"8283","PALTAC","東証PR","卸売","276013","63553485","2.07","90","13.45","1","323.01","4323.78","434300","100","20230425","5330","20240209","4285"
"8285","三谷産業","東証ST","卸売","23721","61772500","2.34","9","12.78","0.52","30.05","739.83","38400","100","20240130","405","20230110","303"
"8289","Olympicグループ","東証ST","小売","12681","23354223","3.68","20","62.34","0.48","8.71","1136.71","54300","100","20230713","575","20230118","494"
"8291","日産東京販売ホールディングス","東証ST","小売","32451","66635063","3.9","19","4.83","0.63","100.92","767.38","48700","100","20240209","504","20230116","281"
"8301","日本銀行（優先出資証券）","東証","銀行","29450","1000000","-","-","-","-","-","-","2945000","100","20230721","39900","20230330","24200"
"8304","あおぞら銀行","東証PR","銀行","255919","118289418","3.51","76","-","0.63","-239.71","3445.59","216350","100","20240125","3301","20240202","2080"
"8306","三菱UFJフィナンシャル・グループ","東証PR","銀行","17100067","12337710920","2.96","41","-","0.87","-","1589.86","138600","100","20240205","1440","20230316","805"
"8308","りそなホールディングス","東証PR","銀行","1874392","2342989489","2.75","22","12.53","0.71","63.85","1130.13","80000","100","20230915","898","20230324","586"
"8309","三井住友トラスト・ホールディングス","東証PR","銀行","2078588","728051680","3.85","110","24.39","0.7","117.04","4102.33","285500","100","20230915","3062","20230316","2214"
"8316","三井住友フィナンシャルグループ","東証PR","銀行","10118408","1337529084","3.57","270","10.96","0.73","690.11","10409.51","756500","100","20230922","7849","20230316","4997"
"8331","千葉銀行","東証PR","銀行","880355","815521087","2.96","32","12.81","0.69","84.29","1570.9","107950","100","20230915","1197","20230327","814"
"8334","群馬銀行","東証PR","銀行","322610","425888177","2.9","22","10.06","0.55","75.32","1368.66","75750","100","20231211","790","20230316","428"
"8336","武蔵野銀行","東証PR","銀行","88859","33405456","3.76","100","8.1","0.34","328.43","7910.69","266000","100","20231102","2998","20230104","2046"
"8337","千葉興業銀行","東証PR","銀行","49342","62222045","0.63","5","7.09","0.27","111.81","2943.76","79300","100","20231102","1017","20230110","436"
"8338","筑波銀行","東証PR","銀行","19730","82553721","2.09","5","5.96","0.2","40.07","1168.04","23900","100","20231102","318","20230526","193"
"8341","七十七銀行","東証PR","銀行","273661","76655746","3.08","110","9.79","0.48","364.62","7458.29","357000","100","20231211","3875","20230316","2058"
"8343","秋田銀行","東証PR","銀行","36332","18093643","3.49","70","10.09","0.22","199.07","9043.24","200800","100","20230915","2192","20230531","1620"
"8344","山形銀行","東証PR","銀行","35263","32500000","3.23","35","24.79","0.25","43.76","4331.87","108500","100","20230224","1330","20230330","998"
"8345","岩手銀行","東証PR","銀行","46429","18497786","3.19","80","10.05","0.22","249.71","11212.1","251000","100","20230913","2935","20230110","1907"
"8346","東邦銀行","東証PR","銀行","78023","252500000","2.27","7","14.7","0.39","21.02","789.69","30900","100","20231213","318","20230316","213"
"8349","東北銀行","東証ST","銀行","11364","9509963","4.18","50","8.1","0.29","147.45","4078.64","119500","100","20231102","1259","20230316","960"
"8354","ふくおかフィナンシャルグループ","東証PR","銀行","690774","191138265","3.18","115","11.03","0.76","327.64","4774.69","361400","100","20231102","4164","20230327","2467"
"8358","スルガ銀行","東証PR","銀行","181533","232139248","1.79","14","16.02","0.58","48.81","1345.89","78200","100","20240117","912","20230118","403"
"8359","八十二銀行","東証PR","銀行","394265","513767424","2.61","20","13.82","0.39","55.52","1965.73","76740","100","20230915","923","20230118","528"
"8360","山梨中央銀行","東証PR","銀行","55862","32783000","2.93","50","9.8","0.26","173.94","6605.29","170400","100","20231107","2018","20230106","1070"
"8361","大垣共立銀行","東証PR","銀行","80819","41831897","3.62","70","12.97","0.27","148.96","7249.07","193200","100","20230915","2243","20230330","1757"
"8362","福井銀行","東証PR","銀行","41577","24144669","2.9","50","26.49","0.31","65","5625.54","172200","100","20230208","1779","20230601","1397"
"8364","清水銀行","東証PR","銀行","18195","11641318","3.84","60","22.54","0.24","69.35","6549.99","156300","100","20231102","1719","20230531","1402"
"8365","富山銀行","東証ST","銀行","9381","5444400","2.9","50","12.45","0.32","138.43","5457.52","172300","100","20230915","1941","20230316","1596"
"8366","滋賀銀行","東証PR","銀行","200150","53090081","2.39","90","11.7","0.38","322.23","9807.6","377000","100","20231102","4260","20230106","2561"
"8367","南都銀行","東証PR","銀行","86560","33025656","3.97","104","7.57","0.29","346.41","8923.81","262100","100","20230915","2925","20230316","2265"
"8368","百五銀行","東証PR","銀行","144594","254119000","2.64","15","9.62","0.33","59.15","1701.96","56900","100","20231102","594","20230316","356"
"8370","紀陽銀行","東証PR","銀行","114275","67300000","2.94","50","7.78","0.49","218.34","3447.82","169800","100","20240208","1775","20231024","1437"
"8377","ほくほくフィナンシャルグループ","東証PR","銀行","194074","125370814","2.39","37","11.42","0.31","135.53","5032.75","154800","100","20231102","1898","20230330","908"
"8381","山陰合同銀行","東証PR","銀行","158233","156977472","3.57","36","9.75","0.49","103.39","2045.16","100800","100","20231102","1079","20230316","718"
"8383","鳥取銀行","東証ST","銀行","13429","9619938","3.58","50","13.07","0.27","106.83","5223.41","139600","100","20230922","1474","20230118","1122"
"8386","百十四銀行","東証PR","銀行","76668","28790000","3","80","10.2","0.25","261.14","10623.41","266300","100","20231106","3015","20230608","1733"
"8387","四国銀行","東証PR","銀行","44573","42900000","3.85","40","6.56","0.27","158.33","3831.04","103900","100","20231102","1114","20230601","825"
"8388","阿波銀行","東証PR","銀行","96567","41040000","2.97","70","9.03","0.31","260.47","7605.92","235300","100","20231124","2598","20230316","1872"
"8392","大分銀行","東証PR","銀行","42672","16243634","3.43","90","7.68","0.21","341.93","12273.7","262700","100","20231102","2899","20230111","1955"
"8393","宮崎銀行","東証PR","銀行","47593","17633400","3.71","100","7.53","0.27","358.5","9827.85","269900","100","20231102","3035","20230601","2243"
"8395","佐賀銀行","東証PR","銀行","32404","17135909","3.7","70","6.11","0.29","309.54","6481.47","189100","100","20230920","2147","20230411","1582"
"8399","琉球銀行","東証PR","銀行","47635","43108470","3.35","37","9.02","0.32","122.49","3400.67","110500","100","20231102","1293","20230105","858"
"8410","セブン銀行","東証PR","銀行","348603","1179308000","3.72","11","9.06","1.24","32.61","238.16","29560","100","20230915","332","20230106","257"
"8411","みずほフィナンシャルグループ","東証PR","銀行","6755674","2539249894","3.76","100","10.54","0.68","252.5","3890.85","266050","100","20240205","2799","20230316","1744"
"8416","高知銀行","東証ST","銀行","9579","10244800","2.67","25","6.75","0.17","138.49","5455.89","93500","100","20230919","1149","20230531","646"
"8418","山口フィナンシャルグループ","東証PR","銀行","330083","234767616","3.06","43","13","0.49","108.12","2858.06","140600","100","20231102","1460","20230316","787"
"8421","信金中央金庫（優先出資証券）","東証","銀行","191645","708222","-","-","-","-","-","-","270600","1","20230104","290700","20231221","257500"
"8424","芙蓉総合リース","東証PR","その他金融","404797","30287810","2.92","390","9.34","0.94","1431.25","14171.98","1336500","100","20240205","14025","20230106","8360"
"8425","みずほリース","東証PR","その他金融","260701","49004000","3.23","172","8.33","0.86","638.69","6189.9","532000","100","20240207","5500","20230106","3255"
"8439","東京センチュリー","東証PR","その他金融","787381","492113280","3.13","50","11.19","0.9","142.96","1774.76","160000","100","20240123","1662","20230116","1066"
"8462","フューチャーベンチャーキャピタル","東証ST","証券・先物","4692","8902600","-","-","-","0.98","-","536.51","52700","100","20230328","1200","20231225","471"
"8473","SBIホールディングス","東証PR","証券・先物","1068445","275656490","4.13","160","-","0.95","-","4093.58","387600","100","20240209","3912","20230104","2505"
"8508","Jトラスト","東証ST","その他金融","69108","147038315","2.98","14","3.84","0.41","122.34","1136.23","47000","100","20230126","590","20230316","371"
"8511","日本証券金融","東証PR","その他金融","139568","88000000","2.96","47","17.46","0.95","90.86","1671.95","158600","100","20240129","1711","20230320","943"
"8515","アイフル","東証PR","その他金融","198210","484620136","0.24","1","8.75","1.08","46.72","377.24","40900","100","20240209","410","20230817","320"
"8518","日本アジア投資","東証ST","証券・先物","4918","17884392","0","0","-","0.71","-","386.43","27500","100","20230308","289","20230213","215"
"8522","名古屋銀行","東証PR","銀行","92270","17055487","2.59","140","10.79","0.34","501.16","15887.66","541000","100","20231101","6320","20230316","3040"
"8524","北洋銀行","東証PR","銀行","134882","399060179","2.96","10","11.72","0.32","28.83","1041.63","33800","100","20231102","418","20230104","253"
"8537","大光銀行","東証ST","銀行","13530","9671400","3.57","50","9.63","0.18","145.23","7869.55","139900","100","20231102","1544","20230601","1022"
"8541","愛媛銀行","東証PR","銀行","40925","39426777","2.89","30","8.63","0.31","120.24","3376","103800","100","20231102","1167","20230601","784"
"8542","トマト銀行","東証ST","銀行","14003","11679030","4.17","50","8.12","0.25","147.73","4841.13","119900","100","20230920","1324","20230118","1000"
"8544","京葉銀行","東証PR","銀行","90554","131427858","3.34","23","8.15","0.28","84.56","2456.54","68900","100","20231211","742","20230601","505"
"8550","栃木銀行","東証PR","銀行","33321","109608000","1.97","6","15.74","0.21","19.31","1426.53","30400","100","20231102","373","20230525","233"
"8551","北日本銀行","東証PR","銀行","19144","8793776","2.76","60","7.98","0.23","272.94","9526.37","217700","100","20230921","2479","20230601","1918"
"8558","東和銀行","東証PR","銀行","23981","37180273","3.88","25","11.92","0.21","54.09","3119.26","64500","100","20231102","718","20230601","509"
"8562","福島銀行","東証ST","銀行","6412","28000000","2.18","5","12.81","0.28","17.87","830.74","22900","100","20231107","283","20230531","203"
"8563","大東銀行","東証ST","銀行","9386","12701462","4.06","30","7.8","0.28","94.7","2671.96","73900","100","20231102","808","20230531","613"
"8566","リコーリース","東証PR","その他金融","157153","31243223","2.98","150","10.77","0.71","467.16","7063.06","503000","100","20240123","5150","20230120","3715"
"8570","イオンフィナンシャルサービス","東証PR","その他金融","287077","216010128","3.99","53","10.63","0.65","125.08","2057","132900","100","20230110","1431","20230316","1165"
"8572","アコム","東証ST","その他金融","590144","1566614098","3.19","12","11.15","0.96","33.77","391.28","37670","100","20240205","382","20230117","301"
"8584","ジャックス","東証PR","その他金融","190831","35079161","3.86","210","8.2","0.85","663.03","6385.71","544000","100","20240125","5840","20230106","3875"
"8585","オリエントコーポレーション","東証PR","その他金融","182883","171882370","3.76","40","15.21","0.79","69.96","1346.67","106400","100","20230920","1211","20231109","1031"
"8591","オリックス","東証PR","その他金融","3657033","1214961054","3.12","94","10.6","0.93","284.05","3229.39","301000","100","20240209","3035","20230110","2092"
"8593","三菱HCキャピタル","東証PR","その他金融","1529256","1466912244","3.55","37","12.47","0.9","83.58","1158.27","104250","100","20230920","1088","20230106","635"
"8595","ジャフコグループ","東証PR","証券・先物","95470","56060000","-","-","-","0.71","-","2401.35","170300","100","20230127","2507","20231024","1488"
"8596","九州リースサービス","東証ST","その他金融","30027","25952374","2.2","25.5","10.12","0.67","114.33","1716.85","115700","100","20240208","1231","20230106","695"
"8600","トモニホールディングス","東証PR","銀行","74897","193533011","2.84","11","5.08","0.25","76.14","1535.05","38700","100","20231102","537","20230324","337"
"8601","大和証券グループ本社","東証PR","証券・先物","1601551","1569378772","-","-","-","0.99","-","1031.99","102050","100","20240125","1076","20230105","578"
"8604","野村ホールディングス","東証PR","証券・先物","2540973","3163562601","-","-","-","0.74","-","1087.95","80320","100","20240201","830","20230508","477"
"8609","岡三証券グループ","東証PR","証券・先物","156072","231217073","-","-","-","0.74","-","912.9","67500","100","20240125","767","20230104","377"
"8613","丸三証券","東証PR","証券・先物","61804","67398262","-","-","-","1.26","-","730.35","91700","100","20240201","961","20230531","396"
"8614","東洋証券","東証PR","証券・先物","28653","87355253","-","-","-","0.72","-","453.97","32800","100","20230919","380","20230531","258"
"8616","東海東京フィナンシャル・ホールディングス","東証PR","証券・先物","143841","260582115","-","-","-","0.8","-","692.49","55200","100","20240131","588","20230428","349"
"8617","光世証券","東証ST","証券・先物","5502","9486400","-","-","-","0.34","-","1697.28","58000","100","20230920","679","20230106","353"
"8622","水戸証券","東証PR","証券・先物","31669","70689033","-","-","-","0.72","-","618.63","44800","100","20230925","503","20230105","208"
"8624","いちよし証券","東証PR","証券・先物","28107","37931386","-","-","-","0.9","-","823.34","74100","100","20230920","791","20230601","566"
"8628","松井証券","東証PR","証券・先物","219079","259264702","4.73","40","-","2.97","-","284.35","84500","100","20230920","870","20231225","705"
"8630","SOMPOホールディングス","東証PR","保険","2558085","330160689","3.87","300","7.93","1.07","977.44","7254.62","774800","100","20240208","7882","20230406","5177"
"8697","日本取引所グループ","東証PR","その他金融","1882796","528578441","1.77","63","34.32","5.78","103.78","616.66","356200","100","20240209","3646","20230111","1828"
"8698","マネックスグループ","東証PR","証券・先物","207389","257947100","-","-","-","1.98","-","406.31","80400","100","20240209","813","20230104","415"
"8699","HSホールディングス","東証ST","証券・先物","40954","40953500","-","-","-","0.44","-","2297.77","100000","100","20230127","1271","20230320","925"
"8700","丸八証券","東証ST","証券・先物","5822","4042970","-","-","-","0.76","-","1902.84","144000","100","20240131","1478","20230523","1261"
"8704","トレイダーズホールディングス","東証ST","証券・先物","16187","29538647","-","-","5.24","1.22","104.62","448.74","54800","100","20230907","830","20230105","370"
"8705","日産証券グループ","東証ST","証券・先物","11689","59034432","-","-","-","0.86","-","229.08","19800","100","20240208","207","20230531","145"
"8706","極東証券","東証PR","証券・先物","31796","32779000","-","-","-","0.61","-","1584.43","97000","100","20231113","1104","20230106","565"
"8707","岩井コスモホールディングス","東証PR","証券・先物","52677","25012800","-","-","-","0.8","-","2637.93","210600","100","20240129","2162","20230106","1279"
"8708","アイザワ証券グループ","東証PR","証券・先物","57268","47525649","-","-","-","0.85","-","1415.13","120500","100","20240111","1361","20230105","674"
"8713","フィデアホールディングス","東証PR","銀行","28138","18142122","4.84","75","15.57","0.34","99.62","4524.11","155100","100","20230922","1729","20230601","1294"
"8714","池田泉州ホールディングス","東証PR","銀行","95543","281008632","3.68","12.5","8.99","0.41","37.81","832.24","34000","100","20231107","393","20230601","224"
"8715","アニコムホールディングス","東証PR","保険","46834","81309160","0.95","5.5","18.53","1.58","31.09","363.56","57600","100","20230808","707","20230323","482"
"8725","MS＆ADインシュアランスグループホールディングス","東証PR","保険","3200346","536071400","4.02","240","11.36","0.88","525.68","6746.93","597000","100","20240131","6148","20230407","4033"
"8732","マネーパートナーズグループ","東証ST","証券・先物","10039","33801900","-","-","-","0.69","-","429.62","29700","100","20230922","335","20230314","238"
"8737","あかつき本社","東証ST","証券・先物","16947","34029544","3.82","19","9.58","1.01","51.99","494.45","49800","100","20240201","515","20230104","306"
"8739","スパークス・グループ","東証PR","証券・先物","73436","41915480","3.77","66","-","2.38","-","735.99","175200","100","20240123","1846","20230512","1340"
"8742","小林洋行","東証ST","証券・先物","3226","12554379","-","-","-","0.35","-","736.53","25700","100","20231027","261","20230106","218"
"8746","第一商品","東証ST","証券・先物","2947","30070543","-","-","-","0.59","-","164.71","9800","100","20230314","165","20231004","77"
"8747","豊トラスティ証券","東証ST","証券・先物","12190","8897472","-","-","-","0.66","-","2064.5","137000","100","20240209","1390","20230110","838"
"8750","第一生命ホールディングス","東証PR","保険","3070635","989888900","2.77","86","11.17","1.02","277.63","3054.9","310200","100","20231102","3309","20230316","2295"
"8766","東京海上ホールディングス","東証PR","保険","7715633","2002500000","3.14","121","13.29","1.77","289.97","2179.15","385300","100","20240131","3935","20230330","2511"
"8769","アドバンテッジリスクマネジメント","東証ST","サービス","7742","17280200","2.68","12","13.35","2.16","33.57","207.86","44800","100","20230621","665","20230105","357"
"8771","イー・ギャランティ","東証PR","その他金融","85674","47570100","1.94","35","26.76","4.03","67.31","446.66","180100","100","20230131","2463","20231031","1625"
"8772","アサックス","東証ST","その他金融","23680","32980500","2.51","18","7.91","0.52","90.73","1370.85","71800","100","20240130","760","20230106","584"
"8783","GFA","東証ST","その他金融","2155","58254500","0","0","-","12.71","-7.42","2.91","3700","100","20230301","164","20231101","35"
"8789","フィンテックグローバル","東証ST","その他金融","12482","201321700","2.42","1.5","10.4","1.51","5.96","41.19","6200","100","20230509","81","20230120","54"
"8793","NECキャピタルソリューション","東証PR","その他金融","76679","21539071","3.65","130","10.22","0.69","348.31","5182.77","356000","100","20240125","3740","20230104","2128"
"8795","T＆Dホールディングス","東証PR","保険","1266976","544000000","3.01","70","14.59","1.1","159.63","2116.24","232900","100","20231106","2776","20230327","1518"
"8798","アドバンスクリエイト","東証PR","保険","22873","22557200","3.45","35","24.69","4.79","41.07","211.88","101400","100","20230810","1261","20231024","922"
"8801","三井不動産","東証PR","不動産","3770934","936877907","1.74","70","17.48","1.24","230.28","3253.57","402500","100","20240205","4100","20230116","2224"
"8802","三菱地所","東証PR","不動産","2818086","1324288306","1.88","40","16.47","1.2","129.2","1774.24","212800","100","20240116","2194","20230324","1539"
"8803","平和不動産","東証PR","不動産","148445","38859996","3.04","116","16.67","1.12","229.12","3420.64","382000","100","20230920","4270","20230203","3450"
"8804","東京建物","東証PR","不動産","465607","209167674","3.28","73","10.33","0.97","215.41","2294.03","222600","100","20240123","2366","20230116","1484"
"8818","京阪神ビルディング","東証PR","不動産","70471","49211498","2.58","37","20.04","0.96","71.45","1496.5","143200","100","20240131","1497","20230516","1135"
"8830","住友不動産","東証PR","不動産","2274739","476085978","1.23","59","12.94","1.16","369.25","4123.33","477800","100","20240205","4862","20230324","2854"
"8835","太平洋興発","東証ST","卸売","6499","7783448","4.67","39","11.2","0.42","74.56","1987.21","83500","100","20230227","1054","20230601","710"
"8836","RISE","東証ST","不動産","1632","96013277","0","0","-","0.8","-0.51","21.27","1700","100","20230215","23","20231115","17"
"8841","テーオーシー","東証ST","不動産","62222","93849352","1.51","10","13.25","0.61","50.05","1090.96","66300","100","20240110","760","20230803","591"
"8842","東京楽天地","東証PR","不動産","41543","6191218","0.45","30","50.26","1.22","133.5","5506.51","671000","100","20231222","6890","20230323","4005"
"8844","コスモスイニシア","東証ST","不動産","25908","33911219","2.36","18","6.81","0.62","112.21","1233.83","76400","100","20240110","1028","20230320","462"
"8848","レオパレス21","東証PR","不動産","131426","329389515","0","0","10.8","3.67","36.93","108.83","39900","100","20231128","492","20230628","261"
"8850","スターツコーポレーション","東証PR","不動産","159781","53998205","3.55","105","7","0.98","422.8","3013.58","295900","100","20230908","3120","20230407","2393"
"8854","日住サービス","東証ST","不動産","4503","1989845","0","0","120.82","0.79","18.73","2847.46","226300","100","20231129","2270","20230808","1376"
"8860","フジ住宅","東証PR","不動産","26053","36849912","3.82","27","6.36","0.52","111.22","1361.99","70700","100","20230908","770","20230110","640"
"8864","空港施設","東証PR","不動産","32264","52979350","2.3","14","18.17","0.53","33.52","1156.23","60900","100","20240125","662","20230116","510"
"8869","明和地所","東証ST","不動産","30435","23447684","3.85","50","8.01","1","162.06","1292.74","129800","100","20240117","1375","20230105","700"
"8871","ゴールドクレスト","東証ST","不動産","79977","35784000","3.58","80","24.77","0.58","90.22","3864.82","223500","100","20231020","2439","20230118","1605"
"8876","リログループ","東証PR","サービス","190735","153016200","2.97","37","10.03","2.61","124.3","478.27","124650","100","20230125","2242","20240209","1201"
"8877","エスリード","東証PR","不動産","51578","15465600","3.6","120","7.25","0.8","460.15","4183.11","333500","100","20240116","3730","20230105","1828"
"8881","日神グループホールディングス","東証PR","不動産","23616","46951260","3.98","20","13.83","0.36","36.37","1378.25","50300","100","20230920","560","20230105","425"
"8886","ウッドフレンズ","東証ST","不動産","1924","1480000","0","0","-","0.37","-1338.06","3553.26","130000","100","20230113","2382","20240209","1300"
"8887","リベレステ","東証ST","不動産","8362","10789800","5.16","40","17.24","0.73","44.95","1064.84","77500","100","20230427","835","20230530","646"
"8889","APAMAN","東証ST","不動産","9037","18518060","4.1","20","14.6","2.02","33.42","241.44","48800","100","20240206","532","20231208","434"
"8890","レーサム","東証ST","不動産","99895","29081400","5.09","175","8.95","1.71","384","2012.76","343500","100","20240129","3680","20230320","1244"
"8891","AMGホールディングス","東証ST","不動産","5638","2906048","2.84","55","5.88","0.58","329.73","3354.18","194000","100","20231205","2099","20230117","1298"
"8892","日本エスコン","東証PR","不動産","96708","98580887","4.89","48","9.35","1.3","104.93","756.5","98100","100","20240201","1020","20230112","750"
"8893","新日本建物","東証ST","不動産","12546","19914617","4.76","30","7.46","1.27","84.42","495.12","63000","100","20240131","679","20230105","449"
"8894","REVOLUTION","東証ST","不動産","10347","646685819","0","0","-","8.04","-0.31","1.99","1600","100","20230829","19","20230214","12"
"8897","MIRARTHホールディングス","東証PR","不動産","60016","121000000","4.84","24","6.41","0.97","77.35","513.97","49600","100","20240205","516","20230207","354"
"8898","センチュリー21・ジャパン","東証ST","不動産","12254","11325000","4.16","45","17.09","1.77","63.33","611.96","108200","100","20240205","1210","20230119","1000"
"8903","サンウッド","東証ST","不動産","6108","4894000","0","0","8.37","1.02","149.03","1217.96","124800","100","20240104","1251","20230413","674"
"8904","AVANTIA","東証ST","不動産","13247","14884300","4.27","38","8.21","0.46","108.41","1918.54","89000","100","20240130","920","20230116","778"
"8905","イオンモール","東証PR","不動産","419053","227560939","2.72","50","15.52","0.87","118.65","2116.79","184150","100","20230629","1904","20230106","1652"
"8908","毎日コムネット","東証ST","不動産","13356","18000000","3.77","28","9.41","1.16","78.88","640.48","74200","100","20230509","847","20230113","644"
"8912","エリアクエスト","東証ST","不動産","2147","20250000","1.89","2","16.13","1.18","6.57","89.98","10600","100","20230724","131","20230213","95"
"8914","エリアリンク","東証ST","不動産","32482","12940900","2.87","72","12.24","1.3","205.05","1934.63","251000","100","20231011","3085","20230106","1754"
"8917","ファースト住建","東証ST","不動産","18592","16901900","3.91","43","9.04","0.4","121.62","2718.08","110000","100","20230928","1274","20231219","995"
"8918","ランド","東証ST","不動産","11694","1461807333","1.25","0.1","9.52","1.63","0.84","4.91","800","100","20230104","10","20231102","6"
"8919","カチタス","東証PR","不動産","158166","78650640","2.69","54","17.64","4.12","114.03","488.65","201100","100","20230201","3220","20240207","1731"
"8920","東祥","東証ST","サービス","29196","38315000","0.52","4","18.24","0.76","41.77","1003.53","76200","100","20230731","1445","20240208","750"
"8923","トーセイ","東証PR","不動産","97660","48683800","3.64","73","8.66","1.18","231.7","1695.98","200600","100","20240116","2293","20230106","1334"
"8925","アルデプロ","東証ST","不動産","6003","31762415","0","0","-","0.95","-82.34","198.11","18900","100","20230704","460","20240205","185"
"8927","明豊エンタープライズ","東証ST","不動産","7574","30539900","3.63","9","10.65","1.04","23.29","237.69","24800","100","20240122","267","20230118","182"
"8928","穴吹興産","東証ST","不動産","23683","11535600","2.83","58","5.62","0.58","365.62","3540.03","205300","100","20230511","2395","20231108","1920"
"8929","青山財産ネットワークス","東証ST","不動産","25771","24520859","3.9","41","12.53","2.93","83.89","358.67","105100","100","20230215","1208","20230512","918"
"8931","和田興産","東証ST","不動産","14463","11100000","3.99","52","5.79","0.48","225.23","2742.76","130300","100","20240208","1350","20230105","915"
"8934","サンフロンティア不動産","東証PR","不動産","78399","48755500","3.23","52","7.09","0.88","226.66","1822.73","160800","100","20240123","1827","20230116","1059"
"8935","FJネクストホールディングス","東証PR","不動産","42546","34646500","3.91","48","8.03","0.61","152.92","2002.81","122800","100","20240207","1292","20230105","948"
"8938","グローム・ホールディングス","東証GR","不動産","6118","9051000","0","0","115.36","0.79","5.86","851.79","67600","100","20230728","1527","20240209","675"
"8940","インテリックス","東証ST","不動産","5011","8932100","3.21","18","19.01","0.4","29.51","1405.33","56100","100","20230404","597","20231225","466"
"8944","ランドビジネス","東証ST","不動産","7472","26780800","2.15","6","3.12","0.3","89.39","943.19","27900","100","20231113","360","20230105","221"
"8945","サンネクスタグループ","東証ST","不動産","10261","10767100","3.99","38","18.12","1.12","52.6","850.41","95300","100","20230628","1035","20230120","896"
"8946","ASIANSTAR","東証ST","不動産","2000","23808200","0","0","121.74","0.99","0.69","84.84","8400","100","20230222","158","20230104","81"
"8995","誠建設工業","東証ST","不動産","1966","2012000","2.56","25","10.92","0.51","89.47","1910.34","97700","100","20240207","1048","20230113","613"
"8996","ハウスフリーダム","東証ST","不動産","3383","4110000","4.86","40","8.97","1.09","91.74","756.98","82300","100","20231208","980","20230118","645"
"8999","グランディハウス","東証PR","不動産","20097","30823200","4.91","32","18.96","0.74","34.39","879.94","65200","100","20240131","676","20230330","532"
"9001","東武鉄道","東証PR","陸運","806740","209815421","1.17","45","17.66","1.54","217.69","2500.76","384500","100","20230915","4194","20230118","2919"
"9003","相鉄ホールディングス","東証PR","陸運","268035","98145499","1.83","50","15.74","1.71","173.51","1599.26","273100","100","20230925","3139","20230117","2139"
"9005","東急","東証PR","陸運","1048219","624869876","1.04","17.5","18.81","1.33","89.19","1259.07","167750","100","20230518","2036","20230112","1571"
"9006","京浜急行電鉄","東証PR","陸運","354766","275760547","1.09","14","16.1","1.26","79.92","1017.95","128650","100","20230518","1412","20231005","1202"
"9007","小田急電鉄","東証PR","陸運","768502","368497717","1.05","22","10.67","1.84","195.39","1135.11","208550","100","20240116","2372","20230316","1580"
"9008","京王電鉄","東証PR","陸運","541070","128550830","1.25","52.5","19.11","1.35","220.29","3126.4","420900","100","20230919","5433","20231117","4034"
"9009","京成電鉄","東証PR","陸運","1196706","172411185","0.37","26","30.75","2.71","225.7","2559.88","694100","100","20240117","7380","20230117","3460"
"9010","富士急行","東証PR","陸運","219539","54884738","0.45","18","53.1","6.93","75.33","577.31","400000","100","20230802","5820","20231226","3890"
"9012","秩父鉄道","東証ST","陸運","3023","1500000","0","0","-","0.59","-67.32","3394.53","201500","100","20230105","2530","20231227","1890"
"9017","新潟交通","東証ST","陸運","8056","3864000","-","-","22.88","0.46","91.11","4572.28","208500","100","20230419","2210","20230330","2001"
"9020","東日本旅客鉄道","東証PR","陸運","3386220","378137400","1.4","125","20.44","1.27","438.09","7027.64","895500","100","20240206","9325","20230222","6706"
"9021","西日本旅客鉄道","東証PR","陸運","1534770","244001600","1.91","120","18.69","1.38","336.48","4569.67","629000","100","20230915","6630","20230222","5115"
"9022","東海旅客鉄道","東証PR","陸運","3824390","1030000000","0.75","28","11.07","0.9","335.37","4134.05","371300","100","20230914","3926","20230224","2984"
"9024","西武ホールディングス","東証PR","陸運","688653","323462920","1.17","25","18.85","1.57","112.94","1356.55","212900","100","20240209","2205.5","20230316","1278"
"9025","鴻池運輸","東証PR","陸運","107014","56952442","2.71","51","11.07","0.77","169.8","2433.73","187900","100","20230905","2119","20230320","1403"
"9028","ゼロ","東証ST","陸運","27570","17560242","3.31","51.9","7.57","0.78","207.38","2013.88","157000","100","20240207","1629","20230105","1144"
"9029","ヒガシトゥエンティワン","東証ST","陸運","15585","13264000","2.89","34","10.7","1.31","109.84","895.06","117500","100","20240126","1262","20230105","716"
"9031","西日本鉄道","東証PR","陸運","196774","79360186","1.41","35","14.16","0.92","175.11","2709.47","247950","100","20230901","2744","20230324","2306"
"9033","広島電鉄","東証ST","陸運","23413","30445500","0.78","6","24.85","0.59","30.95","1294.39","76900","100","20230324","835","20231218","742"
"9034","南総通運","東証ST","陸運","10490","10000000","3.62","38","6.72","0.49","156.05","2148.61","104900","100","20240207","1139","20230216","618"
"9036","東部ネットワーク","東証ST","陸運","6565","5749000","1.31","15","14.79","0.32","77.23","3533.25","114200","100","20240123","1292","20230105","803"
"9037","ハマキョウレックス","東証PR","陸運","74242","19012000","2.82","110","9.52","0.9","410.21","4355.66","390500","100","20240115","4295","20230113","2947"
"9039","サカイ引越センター","東証PR","陸運","110847","42324000","2.02","53","11.97","1.23","218.82","2131.81","261900","100","20240119","2860","20230105","2090"
"9041","近鉄グループホールディングス","東証PR","陸運","848065","190662061","1.12","50","19.23","1.77","231.36","2508.15","444800","100","20230629","5157","20231130","3955"
"9042","阪急阪神ホールディングス","東証PR","陸運","1091884","254281385","1.28","55","16.14","1.07","265.99","4023.19","429400","100","20230914","5690","20230112","3710"
"9044","南海電気鉄道","東証PR","陸運","328584","113402446","0.86","25","15.05","1.15","192.53","2512.75","289750","100","20230518","3400","20230222","2691"
"9045","京阪ホールディングス","東証PR","陸運","393876","113182703","1.01","35","15.23","1.29","228.5","2691.06","348000","100","20230814","4235","20230224","3250"
"9046","神戸電鉄","東証PR","陸運","22814","8061566","0.35","10","32.49","1.01","87.11","2805.15","283000","100","20230509","3260","20231030","2600"
"9048","名古屋鉄道","東証PR","陸運","435692","196700692","1.13","25","20.73","1.04","106.85","2132.07","221500","100","20230522","2472","20230316","1980"
"9049","京福電気鉄道","東証ST","陸運","11560","2000000","0.35","20","6.21","1.15","930.87","5038.89","578000","100","20240207","6010","20230116","3200"
"9051","センコン物流","東証ST","陸運","4662","5651000","1.82","15","9.42","0.77","87.62","1073.08","82500","100","20230927","843","20230407","758"
"9052","山陽電気鉄道","東証PR","陸運","48078","22330598","1.39","30","16.18","0.91","133.09","2368.02","215300","100","20230518","2465","20231024","2033"
"9055","アルプス物流","東証PR","陸運","65618","35488600","2.38","44","17.25","1.11","107.2","1666.88","184900","100","20240206","1903","20230106","1101"
"9057","遠州トラック","東証ST","陸運","18601","7546000","3.81","94","9.79","0.88","251.79","2790.23","246500","100","20230309","2549","20230531","2356"
"9058","トランコム","東証PR","倉庫・運輸","70514","10324150","1.93","132","13.82","1.28","494.36","5338.54","683000","100","20230906","7760","20230627","6420"
"9059","カンダホールディングス","東証ST","陸運","18530","23308720","2.26","18","8.33","0.73","95.44","1096.21","79500","100","20240202","875","20230118","561"
"9060","日本ロジテム","東証ST","陸運","5395","1383310","2.05","80","9.7","0.37","401.96","10506.28","390000","100","20240206","3955","20230330","3315"
"9063","岡山県貨物運送","東証ST","陸運","6941","2200000","2.22","70","2.45","0.29","1287.62","10913.49","315500","100","20240124","3300","20230119","2642"
"9064","ヤマトホールディングス","東証PR","陸運","919366","379824892","1.9","46","23.77","1.39","101.84","1737.21","242050","100","20230905","2768","20230116","2008"
"9065","山九","東証PR","陸運","327997","61757978","3.16","168","13.23","1.08","401.51","4895.7","531100","100","20240202","5644","20231031","4513"
"9066","日新","東証PR","倉庫・運輸","55953","20272769","3.62","100","7.63","0.6","361.66","4610.74","276000","100","20230921","2942","20230323","1984"
"9067","丸運","東証ST","陸運","7850","28965449","3.32","9","16.31","0.32","16.62","843.82","27100","100","20240109","289","20230104","215"
"9068","丸全昭和運輸","東証PR","陸運","83813","20618244","2.71","110","7.71","0.68","527.48","5966.05","406500","100","20230731","4225","20230117","2882"
"9069","センコーグループホールディングス","東証PR","陸運","174977","157070496","3.41","38","9.8","0.98","113.63","1134.85","111400","100","20240109","1185","20230601","911"
"9070","トナミホールディングス","東証PR","陸運","43290","9761011","3.16","140","7.73","0.45","573.83","9840.08","443500","100","20230731","5190","20230116","3475"
"9072","ニッコンホールディングス","東証PR","陸運","207475","65739892","3.17","100","12.59","0.84","250.67","3737.26","315600","100","20230919","3417","20230105","2283"
"9073","京極運輸商事","東証ST","陸運","2064","3200000","1.55","10","27.74","0.47","23.25","1362.12","64500","100","20230907","666","20230111","544"
"9074","日本石油輸送","東証ST","陸運","9477","3322935","3.51","100","8.58","0.4","332.57","7079.32","285200","100","20240111","3005","20230117","2114"
"9075","福山通運","東証PR","陸運","210697","50770363","1.81","75","19.09","0.6","217.42","6931.69","415000","100","20240115","4380","20230106","2960"
"9076","セイノーホールディングス","東証PR","陸運","400227","187679783","4.45","95","23.62","0.85","90.28","2512.03","213250","100","20230802","2274","20230116","1136"
"9078","エスライングループ本社","東証ST","陸運","9564","11095203","2.55","22","14.39","0.35","59.92","2486.98","86200","100","20230922","922","20230113","770"
"9081","神奈川中央交通","東証PR","陸運","37800","12600000","1.33","40","12.11","0.68","247.73","4404.43","300000","100","20230921","3380","20231218","2928"
"9082","大和自動車交通","東証ST","陸運","5423","5250000","0.77","8","-","0.49","-115.01","2114.85","103300","100","20231024","1628","20230320","769"
"9083","神姫バス","東証ST","陸運","21108","6172000","1.02","35","11.7","0.46","292.2","7454.8","342000","100","20230328","3600","20230411","3300"
"9087","タカセ","東証ST","陸運","2928","1054513","2.52","70","13.88","0.39","200.01","7048.49","277700","100","20230407","3150","20230104","2125"
"9090","AZ-COM丸和ホールディングス","東証PR","陸運","199388","137984520","2.08","30","19.5","3.64","74.1","397.05","144500","100","20230905","2309","20231213","1382"
"9099","C＆Fロジホールディングス","東証PR","陸運","43212","25690766","2.02","34","13.73","0.84","122.49","2004.97","168200","100","20240205","1762","20230116","1107"
"9101","日本郵船","東証PR","海運","2344210","510165294","2.83","130","11.39","0.86","403.57","5343.22","459500","100","20240117","5236","20230105","2858"
"9104","商船三井","東証PR","海運","1810571","362114258","4","200","7.7","0.79","649.36","6290.52","500000","100","20240117","5422","20230105","3045"
"9107","川崎汽船","東証PR","海運","1556678","238242689","3.83","250","15.05","1.02","434.03","6401.42","653400","100","20240117","7735","20230105","2555"
"9110","NSユナイテッド海運","東証PR","海運","118175","23970679","4.46","220","6.87","0.8","717.14","6164.14","493000","100","20240131","5470","20230602","3180"
"9115","明海グループ","東証ST","海運","27180","36000000","-","-","6.38","0.61","118.3","1235.16","75500","100","20230926","973","20230531","517"
"9119","飯野海運","東証PR","海運","137214","108900000","4.13","52","7.41","1.07","170.13","1179.3","126000","100","20240116","1372","20230516","786"
"9127","玉井商船","東証ST","海運","3673","1932000","4.21","80","4.83","0.55","393.72","3486.03","190100","100","20240125","2069","20230515","1280"
"9130","共栄タンカー","東証ST","海運","7841","7650000","1.95","20","195.98","0.41","5.23","2517.34","102500","100","20240206","1117","20231024","805"
"9142","九州旅客鉄道","東証PR","陸運","524758","157301600","2.79","93","12.88","1.2","259.03","2780.87","333600","100","20240206","3440","20230112","2768"
"9143","SGホールディングス","東証PR","陸運","1218030","640394400","2.73","52","19.88","2.11","95.65","903.19","190200","100","20231030","2208","20230106","1744"
"9145","ビーイングホールディングス","東証ST","陸運","17118","5962500","1.18","34","16.07","3.07","178.65","935.44","287100","100","20240110","3240","20230105","1682"
"9147","NIPPON_EXPRESSホールディングス","東証PR","陸運","786764","90599225","3.45","300","16.05","0.97","541.11","8955.44","868400","100","20240123","8950","20230117","7040"
"9158","シーユーシー","東証GR","サービス","84543","29990400","0","0","37.51","3.17","75.16","889.16","281900","100","20230621","5130","20231213","2045"
"9159","W_TOKYO","東証GR","サービス","9335","2697860","0","0","20.55","6.16","168.39","561.45","346000","100","20230630","7700","20231031","2011"
"9160","ノバレーゼ","東証ST","サービス","7575","25000000","0","0","8.86","1.06","34.2","285.48","30300","100","20230630","590","20240105","284"
"9161","ID＆Eホールディングス","東証PR","サービス","54437","15079625","3.46","125","7.66","0.69","470.98","5235.03","361000","100","20230926","3700","20230710","3100"
"9162","ブリーチ","東証GR","サービス","13020","25479200","0","0","9.51","1.32","53.72","387.84","51100","100","20230705","1658","20231226","412"
"9163","ナレルグループ","東証GR","サービス","29251","8429630","3.17","110","15.23","2.4","227.86","1445.17","347000","100","20240209","3490","20231031","2119"
"9164","トライト","東証GR","サービス","60900","100000000","0","0","13.27","2.35","45.88","258.73","60900","100","20230724","1133","20231225","490"
"9165","クオルテック","東証GR","サービス","3443","2350000","2.87","42","13.74","1.18","106.61","1240","146500","100","20230814","2686","20231117","1411"
"9166","GENDA","東証GR","サービス","115065","34296600","0","0","27.37","6.16","122.58","544.25","335500","100","20240207","3660","20230728","1606"
"9168","ライズ・コンサルティング・グループ","東証GR","サービス","24400","24424760","0","0","22.67","5.2","44.06","192.25","99900","100","20240205","1110","20231023","737"
"9171","栗林商船","東証ST","海運","12332","12739696","1.03","10","11.18","0.53","86.57","1843.16","96800","100","20240115","1206","20230111","453"
"9173","東海汽船","東証ST","海運","5452","2200000","-","-","-","1.18","-273.38","2108.71","247800","100","20231214","2605","20230104","2350"
"9193","東京汽船","東証ST","倉庫・運輸","6356","10010000","3.15","20","9.37","0.3","67.75","2112.11","63500","100","20230809","742","20230117","451"
"9201","日本航空","東証PR","空運","1216789","437143500","2.16","60","15.21","1.39","183.06","2006.27","278350","100","20230629","3205","20230316","2461"
"9202","ANAホールディングス","東証PR","空運","1573470","484293561","0.92","30","11.71","1.51","277.54","2156.25","324900","100","20230629","3510","20230316","2681"
"9204","スカイマーク","東証GR","空運","64914","60329400","-","-","11.19","2.13","96.14","506.12","107600","100","20230203","1487","20231024","902"
"9206","スターフライヤー","東証ST","空運","9372","3508840","-","-","7.62","4.45","350.58","600.27","267100","100","20230731","3235","20230113","2410"
"9211","エフ・コード","東証GR","サービス","16479","5273300","0","0","38.05","5.51","82.12","566.93","312500","100","20240205","3380","20231024","1004"
"9212","Green_Earth_Institute","東証GR","サービス","6913","11277700","0","0","-","3.28","-11","186.93","61300","100","20230609","945","20230105","415"
"9213","セイファート","東証ST","サービス","1416","1320800","3.92","42","7.95","1.32","134.77","814.66","107200","100","20230901","1652","20230731","969"
"9214","Recovery_International","東証GR","サービス","2910","1414000","0","0","23.47","4.7","87.7","437.8","205800","100","20230712","3335","20230104","1800"
"9215","CaSy","東証GR","サービス","1707","1892000","0","0","-","7.12","0","126.71","90200","100","20231221","1415","20230123","718"
"9216","ビーウィズ","東証PR","サービス","25718","13977400","2.72","50","13.02","3.14","141.34","586.62","184000","100","20230802","2620","20230111","1061"
"9218","メンタルヘルステクノロジーズ","東証GR","サービス","8692","10107300","0","0","24.3","9.26","35.39","92.84","86000","100","20230203","1520","20230818","694"
"9219","ギックス","東証GR","サービス","5302","5581574","0","0","20.08","2.69","47.3","353.49","95000","100","20230502","3330","20240209","942"
"9220","エフビー介護サービス","東証ST","サービス","3011","2676000","2.93","33","7.51","0.92","149.85","1228.33","112500","100","20230124","1226","20230530","1000"
"9221","フルハシEPO","東証ST","サービス","10585","11760800","2.89","26","13.98","1.96","64.4","458.64","90000","100","20230224","1233","20231024","677"
"9223","ASNOVA","東証GR","サービス","6592","6219200","0.38","4","35.93","2.31","29.5","458.43","106000","100","20240104","1179","20231225","1016"
"9225","ブリッジコンサルティンググループ","東証GR","サービス","4031","2037100","0","0","30.43","4.5","65.03","440.19","197900","100","20230630","6800","20231227","1861"
"9227","マイクロ波化学","東証GR","サービス","21775","15553400","0","0","242.21","14.95","5.78","93.65","140000","100","20230112","2745","20231225","1105"
"9229","サンウェルズ","東証GR","サービス","83718","35220000","0.5","12","38.97","11.72","60.99","202.88","237700","100","20230622","3880","20231212","2014"
"9232","パスコ","東証ST","空運","26890","14418025","4.02","75","5.97","0.96","312.54","1944.25","186500","100","20240208","1946","20230105","1310"
"9233","アジア航測","東証ST","空運","19191","18614000","3.59","37","9.92","0.94","103.93","1093.81","103100","100","20240206","1054","20230105","768"
"9235","売れるネット広告社","東証GR","サービス","11402","3450000","0","0","66.51","11.27","49.69","293.33","330500","100","20240209","3305","20231218","469"
"9236","ジャパンM＆Aソリューション","東証GR","サービス","5879","1475300","0","0","32.11","9.18","124.09","433.93","398500","100","20240205","4165","20231030","1980"
"9237","笑美面","東証GR","サービス","4910","2004250","0","0","25.28","10.23","96.92","239.41","245000","100","20240129","2560","20231030","1277"
"9238","バリュークリエーション","東証GR","サービス","2371","1150400","0.58","12","21.77","5.5","94.67","374.66","206100","100","20231122","3340","20231226","1815"
"9240","デリバリーコンサルティング","東証GR","サービス","3106","4734000","0","0","33.37","3.1","19.66","211.51","65600","100","20240207","887","20231208","390"
"9241","フューチャーリンクネットワーク","東証GR","サービス","1127","836322","0","0","20.78","4.73","64.88","284.77","134800","100","20230914","2894","20230116","1050"
"9242","メディア総研","東証GR","サービス","1937","1204900","0","0","9.58","1.71","167.91","942.44","160800","100","20230704","1897","20230104","1150"
"9244","デジタリフト","東証GR","サービス","1319","1560400","0","0","23.93","1.77","35.31","478.3","84500","100","20230713","1368","20231227","768"
"9245","リベロ","東証GR","サービス","7725","5320550","0","0","72.49","3.92","20.03","370.33","145200","100","20240208","1898","20230106","696"
"9246","プロジェクトホールディングス","東証GR","サービス","11956","5872450","0","0","19.94","3.62","102.12","561.81","203600","100","20230215","7070","20230816","1753"
"9247","TREホールディングス","東証PR","サービス","66184","52610712","3.18","40","11.97","0.97","105.13","1295.79","125800","100","20230307","1608","20231226","1001"
"9248","人・夢・技術グループ","東証PR","サービス","17212","9416000","3.83","70","9.54","0.79","191.57","2325.12","182800","100","20240205","1926","20230206","1360"
"9249","日本エコシステム","東証ST","サービス","11316","2697600","1.24","52","20.5","2.54","204.63","1652.17","419500","100","20240124","4585","20230517","1590"
"9250","GRCS","東証GR","サービス","2308","1314130","0","0","132.63","13.04","13.24","134.63","175600","100","20230710","4330","20231218","1601"
"9251","AB＆Company","東証GR","サービス","14684","15153714","2.9","28.07","12.05","1.71","80.4","567.07","96900","100","20230828","1285","20231227","870"
"9252","ラストワンマイル","東証GR","サービス","9931","2825218","0","0","33.02","6.17","106.44","570.14","351500","100","20230621","4840","20230116","736"
"9253","スローガン","東証GR","サービス","1715","2748375","0","0","20.21","1.14","30.88","545.07","62400","100","20230404","864","20231227","594"
"9254","ラバブルマーケティンググループ","東証GR","サービス","2096","1446775","0","0","34.94","3.8","41.47","381.66","144900","100","20230324","2588","20230214","1250"
"9256","サクシード","東証GR","サービス","3052","3507875","0","0","10.22","1.43","85.11","609.39","87000","100","20231109","1050","20240209","853"
"9257","YCPホールディングス（グローバル）リミテッド（外国株）","東証GR","サービス","-","-","-","-","-","-","-","-","65800","100","20230215","844","20231229","565"
"9258","CS-C","東証GR","サービス","2395","6598800","0","0","342.45","1.04","1.06","349.95","36300","100","20230605","748","20231226","279"
"9259","タカヨシ","東証GR","サービス","4520","5559080","0","0","9.22","1.86","88.14","437.3","81300","100","20230727","1550","20240208","800"
"9260","西本Wismettacホールディングス","東証PR","卸売","87411","14353140","2.63","160","11.65","1.04","522.54","5878.67","609000","100","20231116","6930","20230323","3330"
"9262","シルバーライフ","東証ST","小売","8978","10842800","1.81","15","14.48","1.51","57.18","546.93","82800","100","20230306","2010","20240208","817"
"9264","ポエック","東証ST","卸売","8464","4650526","2.36","43","21.98","2.13","82.8","855.35","182000","100","20240124","2032","20230818","711"
"9265","ヤマシタヘルスケアホールディングス","東証ST","卸売","5686","2553000","2.47","55","12.25","0.68","181.76","3261.8","222700","100","20240129","2360","20230113","1535"
"9267","Genky_DrugStores","東証PR","小売","98503","15487884","0.39","25","16.65","2.22","381.91","2864.2","636000","100","20240201","6840","20230105","3510"
"9268","オプティマスグループ","東証ST","卸売","48420","16193955","2.34","70","12.69","2.22","235.66","1345.05","299000","100","20240202","3240","20230104","821"
"9270","バリュエンスホールディングス","東証GR","卸売","14426","13532950","3.28","35","8.61","1.79","123.77","596.2","106600","100","20230817","3130","20240125","1017"
"9271","和心","東証GR","小売","2672","6302500","0","0","-","39.33","-5.54","10.78","42400","100","20230824","655","20230330","335"
"9272","ブティックス","東証GR","サービス","15037","10160400","0","0","23.13","9.12","64","162.33","148000","100","20230704","3090","20231212","1170"
"9273","コーア商事ホールディングス","東証PR","卸売","28566","39619980","1.66","12","10.31","1.35","69.92","535.38","72100","100","20240129","805","20230105","591"
"9274","KPPグループホールディングス","東証PR","卸売","52297","73244408","3.08","22","4.88","0.65","146.34","1090.75","71400","100","20230202","926","20230601","566"
"9275","ナルミヤ・インターナショナル","東証ST","小売","12259","10122830","2.56","31","11.12","2.16","108.91","561.13","121100","100","20240112","1280","20230104","868"
"9278","ブックオフグループホールディングス","東証PR","小売","25006","20547413","2.05","25","15.03","1.25","80.95","970.7","121700","100","20230414","1475","20231030","999"
"9279","ギフトホールディングス","東証PR","小売","55925","19944584","0.64","18","31.95","8.26","87.75","339.33","280400","100","20240131","2975","20230317","1892"
"9301","三菱倉庫","東証PR","倉庫・運輸","365709","81960739","2.47","110","12.61","0.9","353.98","4976.35","446200","100","20240115","4713","20230116","2792"
"9302","三井倉庫ホールディングス","東証PR","倉庫・運輸","119422","24957602","2.97","142","10.1","1.17","473.92","4077.3","478500","100","20240123","5070","20230601","3340"
"9303","住友倉庫","東証PR","倉庫・運輸","205353","79997315","3.93","101","16.93","0.86","151.61","2987.85","256700","100","20240201","2700","20230105","1894"
"9304","澁澤倉庫","東証PR","倉庫・運輸","46871","15217747","3.08","95","12.96","0.78","237.58","3946.83","308000","100","20230814","3435","20230112","2028"
"9305","ヤマタネ","東証PR","卸売","27702","11344181","2.33","57","11.44","0.52","213.47","4738.21","244200","100","20240201","2648","20230531","1596"
"9306","東陽倉庫","東証ST","倉庫・運輸","12041","7864990","3.59","55","8.89","0.48","172.16","3205.47","153100","100","20240206","1658","20230105","1230"
"9307","杉村倉庫","東証ST","倉庫・運輸","9063","16419110","1.45","8","11.27","0.57","48.97","960.53","55200","100","20230414","899","20231226","521"
"9308","乾汽船","東証ST","海運","27142","26072960","1.24","12.92","24.14","0.86","43.12","1213.42","104100","100","20230228","2244","20240209","1037"
"9310","日本トランスシティ","東証PR","倉庫・運輸","40957","67142417","1.97","12","8.68","0.48","70.25","1269.19","61000","100","20230920","705","20230110","483"
"9311","アサガミ","東証ST","倉庫・運輸","7686","1418000","-","-","9.62","0.38","563.36","14113.79","542000","100","20240129","5730","20230106","4085"
"9312","ケイヒン","東証ST","倉庫・運輸","12504","6536445","3.29","63","5.68","0.46","336.96","4122.93","191300","100","20230921","2040","20230116","1415"
"9313","丸八倉庫","東証ST","倉庫・運輸","5752","7300000","2.54","20","11.67","0.42","67.55","1869.36","78800","100","20240208","788","20230215","632"
"9319","中央倉庫","東証PR","倉庫・運輸","21887","19064897","2.61","30","12.82","0.5","89.54","2298.04","114800","100","20240105","1200","20230106","926"
"9322","川西倉庫","東証ST","倉庫・運輸","9348","8258322","2.03","23","12.73","0.42","88.93","2663.78","113200","100","20240105","1245","20230118","979"
"9324","安田倉庫","東証PR","倉庫・運輸","35825","30360000","2.29","27","15.9","0.39","74.23","3060.14","118000","100","20240110","1264","20230105","916"
"9325","ファイズホールディングス","東証ST","倉庫・運輸","14687","10822800","2.36","32","15.83","4.69","85.75","289.14","135700","100","20230509","1582","20230105","768"
"9326","関通","東証GR","倉庫・運輸","5288","10308150","1.95","10","13.35","1.62","38.43","316.06","51300","100","20230928","772","20230316","382"
"9327","イー・ロジット","東証ST","倉庫・運輸","1881","3711000","-","-","-","1.75","-108.36","289.22","50700","100","20231012","942","20230829","418"
"9330","揚羽","東証GR","サービス","1380","1418100","0","0","13.8","1.49","70.53","654.15","97300","100","20230925","2350","20231116","897"
"9331","キャスター","東証GR","サービス","2472","1960460","0","0","18.15","1.9","69.49","664.13","126100","100","20231010","2426","20240208","1209"
"9332","NISSOホールディングス","東証PR","サービス","27458","34024720","2.54","20.5","15.23","1.79","52.98","450.19","80700","100","20240130","874","20231018","693"
"9336","大栄環境","東証PR","サービス","260920","99892900","1.53","40","20.95","3.19","124.68","819.14","261200","100","20240209","2755","20230207","1620"
"9337","トリドリ","東証GR","サービス","8404","3096400","0","0","88.46","7.41","30.68","366.23","271400","100","20230823","3620","20231114","1610"
"9338","INFORICH","東証GR","サービス","40005","9379775","-","-","80","15.07","53.31","283.06","426500","100","20231120","5320","20230502","1157"
"9339","コーチ・エィ","東証ST","サービス","3846","2320953","1.21","20","47.72","1.25","34.72","1324.9","165700","100","20230207","2192","20230529","1201"
"9340","アソインターナショナル","東証ST","サービス","3295","4860300","-","-","9.66","1.37","70.22","495.85","67800","100","20230213","846","20230815","583"
"9341","GENOVA","東証GR","サービス","30479","17782100","0","0","20.16","6.5","85.04","263.79","171400","100","20230619","2478","20230512","1168"
"9342","スマサポ","東証GR","サービス","3007","2405200","-","-","71.59","8.97","17.46","139.37","125000","100","20230104","3195","20231215","1018"
"9343","アイビス","東証GR","サービス","6616","3635063","0.77","14","22.91","5.6","79.44","324.94","182000","100","20230327","3125","20230912","1272"
"9344","アクシスコンサルティング","東証GR","サービス","6339","4987770","0","0","12.84","2.27","98.97","560.29","127100","100","20230413","4475","20231218","1000"
"9345","ビズメイツ","東証GR","サービス","2214","1581500","0","0","11.73","1.54","119.37","907.59","140000","100","20230330","5750","20231225","1272"
"9346","ココルポート","東証GR","サービス","8222","3615450","0","0","16.82","4.21","135.17","540.11","227400","100","20230426","6780","20231016","1862"
"9347","日本管財ホールディングス","東証PR","サービス","105257","41180306","2.11","54","15.93","1.41","160.5","1809","255600","100","20230523","2759","20230410","2403"
"9348","ispace","東証GR","サービス","82269","82268960","0","0","-","15.2","-56.19","65.8","100000","100","20230419","2373","20231020","730"
"9351","東洋埠頭","東証ST","倉庫・運輸","10673","7740000","3.99","55","10.3","0.41","133.9","3354","137900","100","20230427","1509","20230113","1215"
"9353","櫻島埠頭","東証ST","倉庫・運輸","2872","1540000","1.61","30","20.12","0.49","92.71","3788.87","186500","100","20230418","3585","20230117","1260"
"9355","リンコーコーポレーション","東証ST","倉庫・運輸","4968","2700000","1.63","30","16.55","0.29","111.21","6318.87","184000","100","20240104","1849","20230113","1359"
"9360","鈴与シンワート","東証ST","情報通信","7062","3000000","1.7","40","11.35","2.16","207.35","1089.76","235400","100","20240130","2442","20230417","1469"
"9361","伏木海陸運送","東証ST","倉庫・運輸","4072","2615400","3.21","50","7.46","0.38","208.58","4141.8","155700","100","20230303","2202","20230104","1300"
"9362","兵機海運","東証ST","倉庫・運輸","2984","1224000","4.1","100","7.21","0.66","338.15","3677.85","243800","100","20230303","2638","20230601","1856"
"9363","大運","東証ST","倉庫・運輸","2479","6228039","2.51","10","8.47","0.65","46.99","608.72","39800","100","20230418","685","20230111","288"
"9364","上組","東証PR","倉庫・運輸","374225","112076837","2.7","90","15.09","0.95","221.27","3507.59","333900","100","20240109","3521","20230113","2566"
"9365","トレーディア","東証ST","倉庫・運輸","2008","1470000","3.66","50","6.67","0.49","204.69","2770.35","136600","100","20230413","2054","20230106","1180"
"9366","サンリツ","東証ST","倉庫・運輸","4565","6006373","3.82","29","7.52","0.39","101.09","1940.76","76000","100","20240206","829","20230531","692"
"9367","大東港運","東証ST","倉庫・運輸","7276","9389000","2.71","21","10.58","0.77","73.23","1004.62","77500","100","20240116","816","20230413","671"
"9368","キムラユニティー","東証ST","倉庫・運輸","36399","23543800","3.23","50","12.19","0.94","126.78","1639.77","154600","100","20240207","1638","20230113","762"
"9369","キユーソー流通システム","東証ST","倉庫・運輸","23201","25355800","2.51","23","14.21","0.57","64.37","1616.98","91500","100","20230501","1035","20231226","872"
"9376","ユーラシア旅行社","東証ST","サービス","1875","3690000","1.97","10","23.43","1.15","21.68","441.47","50800","100","20240131","550","20230111","419"
"9377","エージーピー","東証ST","倉庫・運輸","11943","13510000","3.96","35","18.94","1.27","46.68","695.81","88400","100","20230509","980","20230120","678"
"9380","東海運","東証ST","倉庫・運輸","8388","28923000","2.07","6","15.53","0.49","18.67","591.16","29000","100","20230417","381","20230530","276"
"9381","エーアイテイー","東証PR","倉庫・運輸","43953","23913600","4.35","80","15.31","2.52","120.03","729.09","183800","100","20230829","1970","20230105","1339"
"9384","内外トランスライン","東証PR","倉庫・運輸","25697","10698000","3.54","85","7.81","1.23","307.75","1954.1","240200","100","20230731","2922","20230106","2002"
"9385","ショーエイコーポレーション","東証ST","化学","4796","7850000","3.27","20","5.88","1.29","103.92","473.69","61100","100","20230919","626","20230407","550"
"9386","日本コンセプト","東証PR","倉庫・運輸","24034","13868500","2.89","50","10.14","1.33","170.9","1300.93","173300","100","20230714","2129","20230217","1291"
"9399","ビート・ホールディングス・リミテッド（外国株）","東証ST","情報通信","-","240559957","-","-","-","-","-","-","4","1","20230106","30","20231005","2"
"9401","TBSホールディングス","東証PR","情報通信","678073","168591065","1.09","44","18.32","0.77","219.49","5232.82","402200","100","20240202","4212","20230117","1456"
"9404","日本テレビホールディングス","東証PR","情報通信","570515","263822080","1.85","40","14.87","0.61","145.4","3547.91","216250","100","20240207","2265","20230117","1003"
"9405","朝日放送グループホールディングス","東証PR","情報通信","29785","41833000","1.69","12","29.73","0.43","23.95","1651.72","71200","100","20240208","723","20231114","625"
"9408","BSNメディアホールディングス","東証ST","情報通信","9300","6000000","0.65","10","17.88","0.48","86.68","3259.22","155000","100","20231101","1683","20230222","1322"
"9409","テレビ朝日ホールディングス","東証PR","情報通信","220748","108529000","2.46","50","13.78","0.51","147.63","3968.76","203400","100","20240207","2214","20230117","1278"
"9412","スカパーJSATホールディングス","東証PR","情報通信","246097","297578423","2.42","20","14.48","0.89","57.1","926.02","82700","100","20240208","939","20230202","465"
"9413","テレビ東京ホールディングス","東証PR","情報通信","85083","27579500","2.59","80","11.79","0.87","261.68","3548.95","308500","100","20230720","3565","20230105","1818"
"9414","日本BS放送","東証ST","情報通信","16053","17816932","3.33","30","12.18","0.72","74","1255.73","90100","100","20230704","956","20231030","866"
"9416","ビジョン","東証PR","情報通信","57273","50505300","0","0","20.77","3.79","54.6","299.52","113400","100","20230619","1952","20231208","1097"
"9417","スマートバリュー","東証ST","情報通信","4219","10679800","2.03","8","274.31","2.2","1.44","179.94","39500","100","20231205","524","20230815","351"
"9418","U-NEXT","東証PR","情報通信","254930","60125111","0.59","25","21.06","3.54","201.3","1196.46","424000","100","20240116","4615","20230120","2057"
"9419","ワイヤレスゲート","東証ST","情報通信","3051","10779774","0","0","20.79","3.38","13.61","83.62","28300","100","20240125","315","20231110","178"
"9421","エヌジェイホールディングス","東証ST","情報通信","2798","5350400","-","-","23.07","1.91","22.67","273.58","52300","100","20230626","750","20231228","410"
"9423","フォーバル・リアルストレート","東証ST","情報通信","2803","24159800","2.07","2.4","27.95","5.14","4.15","22.57","11600","100","20231214","123","20231023","92"
"9424","日本通信","東証PR","情報通信","34322","165009239","0","0","-","15.51","-","13.41","20800","100","20230512","312","20231024","194"
"9425","ReYuu_Japan","東証ST","情報通信","2595","5741500","0","0","287.9","2.46","1.57","183.56","45200","100","20230911","650","20230215","245"
"9428","クロップス","東証ST","情報通信","9588","9597400","2","20","9.2","0.85","108.61","1181.99","99900","100","20230330","1460","20231024","888"
"9432","日本電信電話","東証PR","情報通信","16371497","90550316400","2.77","5","12.27","1.65","14.73","109.48","18080","100","20240123","193","20230110","148"
"9433","KDDI","東証PR","情報通信","10286216","2302712308","3.13","140","13.98","1.8","319.53","2474.82","446700","100","20240122","5080","20230117","3825"
"9434","ソフトバンク","東証PR","情報通信","9296564","4795751170","4.44","86","19.86","3.96","97.59","489.86","193850","100","20240123","1996","20230112","1454"
"9435","光通信","東証PR","情報通信","1154172","45049642","2.26","578","15.02","1.71","1706.07","14940.37","2562000","100","20240209","26285","20230406","17380"
"9436","沖縄セルラー電話","東証ST","情報通信","171294","49222282","2.87","100","14.47","1.81","240.55","1922.72","348000","100","20240116","3700","20230117","2879"
"9438","エムティーアイ","東証PR","情報通信","43069","61264600","2.28","16","48.22","2.77","14.58","254.05","70300","100","20240209","706","20230213","481"
"9439","エム・エイチ・グループ","東証ST","サービス","2367","11492100","0.49","1","59.2","4.61","3.48","44.73","20600","100","20230529","350","20230104","158"
"9441","ベルパーク","東証ST","情報通信","34518","20197800","2.52","43","13.87","1.04","123.18","1646.29","170900","100","20230104","1900","20230316","1601"
"9444","トーシンホールディングス","東証ST","情報通信","4510","6536800","3.48","24","-","1.19","-","579.02","69000","100","20231027","712","20231107","624"
"9445","フォーバルテレコム","東証ST","情報通信","6753","16757700","4.22","17","13.24","2.55","30.43","157.78","40300","100","20240207","411","20230104","318"
"9446","サカイホールディングス","東証ST","情報通信","5763","10956500","3.8","20","8.92","1.29","59","407.88","52600","100","20230927","659","20231228","505"
"9449","GMOインターネットグループ","東証PR","情報通信","287506","110113337","-","-","-","3.39","-","770.56","261100","100","20230622","2995","20231024","2115"
"9450","ファイバーゲート","東証PR","情報通信","18944","20591200","1.09","10","11.16","3.93","82.46","234.36","92000","100","20230613","1608","20230316","826"
"9466","アイドママーケティングコミュニケーション","東証ST","情報通信","3164","13520000","3.85","9","14.57","1.08","16.06","216.99","23400","100","20230414","300","20231214","219"
"9467","アルファポリス","東証GR","情報通信","22262","9687400","0","0","15.61","2.02","147.21","1136.66","229800","100","20230508","3510","20231117","1971"
"9468","KADOKAWA","東証PR","情報通信","411103","141784120","1.03","30","36.82","2.07","78.75","1402.92","289950","100","20230621","3587","20230105","2287"
"9470","学研ホールディングス","東証PR","情報通信","43785","44633232","2.55","25","16.03","0.82","61.21","1195.91","98100","100","20240119","1048","20231024","813"
"9474","ゼンリン","東証PR","情報通信","48534","57301365","3.19","27","25.12","0.96","33.72","878.35","84700","100","20230720","953","20230116","781"
"9475","昭文社ホールディングス","東証ST","情報通信","6562","18178173","-","-","4.76","0.55","75.92","659.67","36100","100","20231106","393","20230104","281"
"9476","中央経済社ホールディングス","東証ST","情報通信","2384","4398464","1.85","10","-","0.47","-","1141.26","54200","100","20231208","565","20230530","436"
"9478","SEホールディングス・アンド・インキュベーションズ","東証ST","情報通信","5995","19984226","1.17","3.5","6.6","0.7","45.44","425.71","30000","100","20231101","319","20230112","222"
"9479","インプレスホールディングス","東証ST","情報通信","6652","37371500","2.25","4","60.14","0.67","2.96","265.2","17800","100","20230705","248","20230821","170"
"9501","東京電力ホールディングス","東証PR","電気・ガス","1195460","1607017531","0","0","-","0.33","-","2240.83","74390","100","20231211","895","20230113","416"
"9502","中部電力","東証PR","電気・ガス","1409501","758000000","2.96","55","4.26","0.55","436.43","3362.9","185950","100","20230920","2128","20230112","1252"
"9503","関西電力","東証PR","電気・ガス","1760594","938733028","2.67","50","5.77","0.77","324.92","2420.22","187550","100","20230915","2390","20230112","1181"
"9504","中国電力","東証PR","電気・ガス","377282","387154692","3.08","30","2.88","0.6","338.66","1633.48","97450","100","20231106","1134","20230303","645"
"9505","北陸電力","東証PR","電気・ガス","146834","210333694","1.07","7.5","-","0.48","-","1441.94","69810","100","20230801","932","20230124","498"
"9506","東北電力","東証PR","電気・ガス","484024","502882585","1.56","15","2.41","0.64","399.94","1500.17","96250","100","20230915","1119","20230302","617"
"9507","四国電力","東証PR","電気・ガス","208047","207528202","2.99","30","5.03","0.58","199.36","1732.56","100250","100","20231106","1145","20230120","705"
"9508","九州電力","東証PR","電気・ガス","528715","474183951","2.24","25","3.51","0.59","317.24","1897.1","111500","100","20240201","1226","20230120","702"
"9509","北海道電力","東証PR","電気・ガス","133330","215291912","1.61","10","2.31","0.42","267.89","1457.86","61929","100","20230915","732","20230120","440"
"9511","沖縄電力","東証PR","電気・ガス","61198","56927965","0.93","10","26.54","0.5","40.51","2160.59","107500","100","20230915","1267","20230303","1002"
"9513","電源開発","東証PR","電気・ガス","451770","183051100","3.65","90","6.74","0.38","366.39","6508.96","246800","100","20240205","2638","20230110","1990"
"9514","エフオン","東証ST","電気・ガス","9411","21635439","1.84","8","8.35","0.52","52.12","843.16","43500","100","20230418","699","20231226","411"
"9517","イーレックス","東証PR","電気・ガス","46377","59457808","-","-","-","0.84","-371.13","933.12","78000","100","20230201","2488","20231213","524"
"9519","レノバ","東証PR","電気・ガス","91256","79215500","0","0","10.68","1.49","107.84","771.17","115200","100","20230124","2451","20231226","1008"
"9522","リニューアブル・ジャパン","東証GR","電気・ガス","34842","29754180","0","0","34.52","3.24","33.92","361.8","117100","100","20240129","1472","20230316","302"
"9531","東京瓦斯","東証PR","電気・ガス","1382033","434875059","2.2","70","9.4","0.77","338.04","4149.42","317800","100","20231012","3660","20230104","2429"
"9532","大阪瓦斯","東証PR","電気・ガス","1252957","416680000","2.16","65","10.76","0.78","279.43","3864.14","300700","100","20240111","3242","20230112","1996"
"9533","東邦瓦斯","東証PR","電気・ガス","304243","105256285","2.08","60","12.66","0.69","228.28","4160.38","289050","100","20240111","3189","20230117","2314"
"9534","北海道瓦斯","東証PR","電気・ガス","40158","17737806","3.09","70","4.11","0.57","550.54","3962.12","226400","100","20230731","2537","20230110","1610"
"9535","広島ガス","東証PR","電気・ガス","26369","68490018","3.12","12","13.17","0.4","29.24","967.23","38500","100","20230915","414","20230106","334"
"9536","西部ガスホールディングス","東証PR","電気・ガス","69987","37187567","3.72","70","12.67","0.77","148.54","2442.82","188200","100","20230614","2184","20230106","1659"
"9537","北陸瓦斯","東証ST","電気・ガス","17496","4800000","2.19","80","85.18","0.36","42.79","10249.92","364500","100","20240105","3930","20230407","2852"
"9539","京葉瓦斯","東証ST","電気・ガス","30366","10935000","2.16","60","21.26","0.33","130.62","8530.91","277700","100","20240119","2954","20230112","2301"
"9543","静岡ガス","東証PR","電気・ガス","75050","76192950","2.64","26","13.38","0.68","73.61","1447.28","98500","100","20230619","1278","20231109","955"
"9551","メタウォーター","東証PR","電気・ガス","97832","45758500","2.06","44","14.57","1.41","146.77","1513.7","213800","100","20240201","2388","20230117","1581"
"9552","M＆A総研ホールディングス","東証PR","サービス","349639","58566000","0","0","74.55","44.6","80.08","133.85","597000","100","20240202","6350","20230106","1820"
"9553","マイクロアド","東証GR","サービス","17041","27529200","0","0","30.05","5.47","20.6","113.15","61900","100","20230623","2263","20230106","454"
"9554","AViC","東証GR","サービス","5384","6132300","0","0","19.89","5.2","44.15","168.9","87800","100","20230206","1500","20231115","606"
"9556","INTLOOP","東証GR","サービス","15064","4627890","0","0","13.73","3.82","237.1","852.67","325500","100","20230420","8880","20240119","2830"
"9557","エアークローゼット","東証GR","サービス","3263","8199400","0","0","-","5.82","-14.52","68.42","39800","100","20230728","627","20231102","328"
"9558","ジャパニアス","東証GR","サービス","14760","4000000","2.57","95","19.14","5.14","192.82","717.46","369000","100","20240126","4105","20230104","2201"
"9560","プログリット","東証GR","サービス","16255","11996292","0","0","36.74","12.26","36.88","110.48","135500","100","20230620","2500","20230104","234"
"9561","グラッドキューブ","東証GR","サービス","5121","8207100","0","0","101.63","3.64","6.14","171.64","62400","100","20230209","1069","20231115","460"
"9562","ビジネスコーチ","東証GR","サービス","1558","1104900","3.55","50","12.98","2.26","108.61","623.22","141000","100","20230710","1917","20231017","1077"
"9563","Atlas_Technologies","東証GR","サービス","3103","7370000","0","0","37.86","1.19","11.12","354.57","42100","100","20230209","2315","20231226","400"
"9564","FCE","東証ST","サービス","7273","3122700","-","-","16.14","4.26","144.34","546.43","232900","100","20240123","2472","20230314","1510"
"9565","GLOE","東証GR","サービス","6461","2734431","0","0","67.79","13.21","34.86","178.86","236300","100","20230127","4790","20231213","1085"
"9600","アイネット","東証PR","情報通信","30617","16242424","2.76","52","14.92","1.61","126.37","1169.11","188500","100","20240118","2166","20230316","1237"
"9601","松竹","東証PR","情報通信","142306","13937857","0.29","30","75.01","1.55","136.12","6592","1021000","100","20230517","12660","20231024","8889"
"9602","東宝","東証PR","情報通信","858230","186490633","1.3","60","22.32","1.83","206.2","2514.9","460200","100","20230714","5933","20230117","4500"
"9603","エイチ・アイ・エス","東証PR","サービス","140396","79860936","0.57","10","25.26","2.69","69.6","653.4","175800","100","20230130","2230","20231023","1617"
"9605","東映","東証PR","情報通信","289175","14768909","0.31","60","20.55","1.08","953.02","18090.48","1958000","100","20240116","21740","20230116","16100"
"9610","ウィルソン・ラーニングワールドワイド","東証ST","サービス","903","6404580","-","-","-","0.84","-16.92","167.81","14100","100","20230224","205","20231012","132"
"9612","ラックランド","東証PR","サービス","27240","10397100","0.57","15","59.72","2.86","43.87","917.24","262000","100","20230621","3555","20231227","2206"
"9613","NTTデータグループ","東証PR","情報通信","3055346","1402500000","1.06","23","21.21","1.93","102.71","1128.26","217850","100","20240209","2258","20230316","1656"
"9616","共立メンテナンス","東証PR","サービス","242849","39219818","0.58","36","34.5","3.05","179.46","2032.6","619200","100","20230905","6539","20230601","4800"
"9619","イチネンホールディングス","東証PR","サービス","37606","24262227","3.55","55","6.8","0.73","227.83","2130.23","155000","100","20240116","1633","20230330","1221"
"9621","建設技術研究所","東証PR","サービス","82547","14159086","2.57","150","11.58","1.54","503.26","3794.29","583000","100","20240122","6120","20230410","2930"
"9622","スペース","東証PR","サービス","24898","26600319","4.27","40","15.61","0.77","59.97","1217.89","93600","100","20230511","1105","20230105","866"
"9625","セレスポ","東証ST","サービス","5105","5703500","2.57","23","25.04","0.5","35.74","1786.3","89500","100","20230309","978","20231225","807"
"9627","アインホールディングス","東証PR","小売","169985","35428212","1.25","60","16.86","1.3","284.65","3693.45","479800","100","20230523","6100","20231023","4023"
"9628","燦ホールディングス","東証PR","サービス","25717","23400000","2.09","23","10.05","0.71","109.38","1553.39","109900","100","20230414","1202","20230104","848"
"9629","ピー・シー・エー","東証PR","情報通信","32868","22000000","4.15","62","24.22","1.64","61.69","913.26","149400","100","20240131","1831","20231024","1015"
"9632","スバル興業","東証ST","サービス","41261","13310000","2.58","80","12.76","1.22","243.04","2547.6","310000","100","20240115","3296","20230130","1760"
"9633","東京テアトル","東証ST","サービス","9095","8013000","0.88","10","54.44","0.65","20.85","1734.84","113500","100","20230329","1168","20231031","1050"
"9635","武蔵野興業","東証ST","サービス","2207","1050000","0","0","73.32","0.62","28.67","3405.08","210200","100","20230921","2140","20230330","1954"
"9636","きんえい","東証ST","サービス","10734","2821000","0.26","10","84.88","4.34","44.83","876.54","380500","100","20240129","4075","20230202","3195"
"9637","オーエス","東証ST","サービス","15968","3200000","0.25","12.5","99.24","1.43","50.28","3492.17","499000","100","20231211","5020","20230130","3080"
"9639","三協フロンテア","東証ST","サービス","50100","11678400","3.73","160","9.93","1.11","431.94","3875.54","429000","100","20230807","4455","20230110","3080"
"9640","セゾン情報システムズ","東証ST","情報通信","31622","16200000","4.61","90","55.47","2.31","35.19","845.83","195200","100","20230926","2033","20230104","1767"
"9644","タナベコンサルティンググループ","東証PR","サービス","18139","17508400","4.25","44","23.05","1.6","44.94","646.54","103600","100","20230904","1205","20230105","623"
"9647","協和コンサルタンツ","東証ST","サービス","2570","586100","0.68","30","6.25","0.78","701.09","5641.2","438500","100","20240202","4800","20230116","3180"
"9651","日本プロセス","東証ST","情報通信","10496","10645020","3.65","36","13.81","0.93","71.41","1059.03","98600","100","20230403","1040","20230105","829"
"9656","グリーンランドリゾート","東証ST","サービス","7377","10346683","1.96","14","16.02","0.74","44.5","960.98","71300","100","20230907","753","20230317","500"
"9658","ビジネスブレイン太田昭和","東証PR","情報通信","28402","12725000","3.36","75","1.8","0.92","1236.94","2427.96","223200","100","20230619","2574","20230106","1786"
"9661","歌舞伎座","東証ST","サービス","58173","12170000","0.1","5","423.01","5.7","11.3","838.47","478000","100","20230124","4950","20231225","4650"
"9663","ナガワ","東証PR","サービス","117118","16357214","0.84","60","30.42","1.97","235.35","3629.16","716000","100","20240109","8200","20230531","5980"
"9672","東京都競馬","東証PR","サービス","129873","28764854","1.99","90","15.26","1.46","295.88","3088.96","451500","100","20240123","4765","20230320","3285"
"9675","常磐興産","東証ST","サービス","10861","8808778","-","-","26.41","1.12","46.68","1097.03","123300","100","20230904","1385","20231031","1162"
"9678","カナモト","東証PR","サービス","112546","38742241","2.58","75","12.62","0.78","230.17","3729.73","290500","100","20240104","3045","20230320","2065"
"9679","ホウライ","東証ST","サービス","5497","1404000","1.53","60","14.01","0.6","279.35","6558.27","391500","100","20240125","3980","20230105","2822"
"9682","DTS","東証PR","情報通信","170778","47111132","2.62","95","19.4","2.51","186.82","1442","362500","100","20240115","3835","20230116","2851"
"9684","スクウェア・エニックス・ホールディングス","東証PR","情報通信","791677","122531596","1.5","97","20.12","2.36","321.14","2739.87","646100","100","20230621","7566","20231222","4653"
"9685","KYCOMホールディングス","東証ST","情報通信","2982","5115492","0.86","5","8","0.79","72.84","737.59","58300","100","20240209","589","20230315","415"
"9686","東洋テック","東証ST","サービス","14780","11440000","2.79","36","17.68","0.64","73.08","2024.81","129200","100","20240110","1450","20230105","921"
"9687","KSK","東証ST","情報通信","32187","7636368","5.36","226","14.47","1.63","291.25","2579.66","421500","100","20240202","4345","20230104","2170"
"9691","両毛システムズ","東証ST","情報通信","8996","3510000","1.44","37","7.47","0.76","342.98","3368.98","256300","100","20240123","2817","20230104","1769"
"9692","シーイーシー","東証PR","情報通信","63920","37600000","2.94","50","13.28","1.45","127.97","1169.08","170000","100","20230615","1882","20230406","1256"
"9696","ウィザス","東証ST","サービス","16782","10140000","1.81","30","13.53","2.53","122.29","653.38","165500","100","20231212","1795","20230316","805"
"9697","カプコン","東証PR","情報通信","1503891","266505623","0.96","54","29.5","6.42","191.28","878.67","564300","100","20230727","6578","20230116","3975"
"9698","クレオ","東証ST","情報通信","9762","8585688","4.4","50","12.55","1.28","90.59","887.92","113700","100","20240207","1187","20231024","864"
"9699","ニシオホールディングス","東証PR","サービス","109449","28391464","2.93","113","10.29","0.87","374.63","4423.6","385500","100","20240104","4265","20230323","2918"
"9701","東京會舘","東証ST","サービス","13579","3463943","0.77","30","19.26","1.58","203.58","2484.36","392000","100","20240126","4250","20230104","2990"
"9702","アイ・エス・ビー","東証PR","情報通信","17663","11417900","2.71","42","11.1","1.52","139.41","1016.57","154700","100","20230629","1715","20230105","1109"
"9704","アゴーラホスピタリティーグループ","東証ST","サービス","6479","281708934","-","-","58.97","1.73","0.39","13.27","2300","100","20230301","28","20230131","21"
"9706","日本空港ビルデング","東証PR","不動産","545739","93145400","0.85","50","35.9","3.39","163.2","1730.32","585900","100","20230814","7488","20240209","5715"
"9708","帝国ホテル","東証ST","サービス","127354","118800000","0.56","6","43.12","2.97","24.86","361.2","107200","100","20240206","1111","20231027","887"
"9709","NCS＆A","東証ST","情報通信","13338","18000000","3.78","28","10.83","1.07","68.43","692.43","74100","100","20231108","817","20230104","576"
"9713","ロイヤルホテル","東証ST","サービス","17920","15303369","0","0","178.78","0.91","6.55","1280.97","117100","100","20230425","1500","20231027","1005"
"9715","トランス・コスモス","東証PR","サービス","146138","48794046","-","-","-","1.04","-","2889.17","299500","100","20230616","3635","20231225","2850"
"9716","乃村工藝社","東証PR","サービス","104190","119896588","3.11","27","29.34","1.99","29.62","437.55","86900","100","20230619","1010","20230821","819"
"9717","ジャステック","東証PR","情報通信","24011","18287000","3.81","50","12.13","1.08","108.25","1217.61","131300","100","20231010","1564","20230106","1121"
"9719","SCSK","東証PR","情報通信","834975","312783158","2.17","58","21.11","2.93","126.43","911.76","266950","100","20240123","3005","20230316","1894"
"9720","ホテル、ニューグランド","東証ST","サービス","5571","1181448","0.53","25","15.01","1.71","314.17","2754.71","471500","100","20231121","5500","20230116","3700"
"9722","藤田観光","東証PR","サービス","81057","12207424","-","-","11.37","2.92","584.04","2277.71","664000","100","20240130","6910","20230105","2842"
"9723","京都ホテル","東証ST","サービス","9194","12065400","0.39","3","91.92","6.93","8.29","109.9","76200","100","20230425","836","20230111","661"
"9726","KNT-CTホールディングス","東証ST","サービス","34218","27331013","-","-","11.4","-","109.8","-88.19","125200","100","20230309","1816","20231016","1150"
"9729","トーカイ","東証PR","サービス","75939","36041346","2.42","51","14.48","0.89","145.47","2368.74","210700","100","20240115","2179","20230608","1808"
"9731","白洋舎","東証ST","サービス","10335","3900000","1.51","40","5.27","1.35","502.88","1963.97","265000","100","20230622","3045","20230301","1538"
"9733","ナガセ","東証ST","サービス","61773","30445227","4.93","100","14.67","1.91","138.27","1060.32","202900","100","20230327","2620","20231026","1820"
"9735","セコム","東証PR","サービス","2482311","233299898","1.79","190","24.06","1.89","442.29","5618.9","1064000","100","20240115","11315","20230110","7301"
"9739","NSW","東証PR","情報通信","43851","14900000","2.04","60","11.1","1.4","265.11","2100.21","294300","100","20240112","3075","20230104","1980"
"9740","セントラル警備保障","東証PR","サービス","38197","14816692","2.33","60","6.72","1.03","383.78","2492.7","257800","100","20230920","3260","20230113","2177"
"9742","アイネス","東証PR","情報通信","31308","20900000","3.34","50","18.33","0.86","81.72","1737.99","149800","100","20231204","1776","20230116","1292"
"9743","丹青社","東証PR","サービス","38642","48424071","3.76","30","18.21","1.27","43.82","627.01","79800","100","20230928","962","20230116","695"
"9744","メイテックグループホールディングス","東証PR","サービス","249810","82500000","3.53","107","19.94","5.08","151.86","596.6","302800","100","20240202","3181","20230410","2201"
"9746","TKC","東証PR","情報通信","201767","53166466","2.37","90","18.27","2.08","207.68","1827.7","379500","100","20230623","3970","20230116","3375"
"9749","富士ソフト","東証PR","情報通信","423272","67400000","1.09","68.5","32.09","2.8","195.67","2242.05","628000","100","20240112","7240","20230105","3665"
"9753","アイエックス・ナレッジ","東証ST","情報通信","10822","10800000","2.99","30","8.84","1.21","113.36","825.75","100200","100","20230509","1089","20230111","790"
"9755","応用地質","東証PR","サービス","58078","25664373","2.21","50","22.6","0.74","100.15","3038.62","226300","100","20230824","2845","20230609","1847"
"9757","船井総研ホールディングス","東証PR","サービス","130468","52000000","2.59","65","22.43","4.83","111.86","519.13","250900","100","20230309","2939","20230817","2292"
"9759","NSD","東証PR","情報通信","232290","87000000","2.62","70","20.98","3.54","127.28","755.03","267000","100","20230629","2960","20230106","2187"
"9760","進学会ホールディングス","東証ST","サービス","5208","20031000","1.92","5","-","0.45","-90.71","579.61","26000","100","20230329","315","20231227","226"
"9761","東海リース","東証ST","サービス","4647","3494322","3.01","40","19.95","0.3","66.66","4369.91","133000","100","20230217","1440","20231226","1231"
"9763","丸紅建材リース","東証ST","卸売","9311","3429440","3.68","100","7.83","0.56","346.65","4866.76","271500","100","20240201","2917","20230112","1712"
"9765","オオバ","東証PR","サービス","17216","17250000","3.41","34","13.88","1.48","71.9","676.57","99800","100","20240115","1048","20230106","644"
"9766","コナミグループ","東証PR","情報通信","1328380","143500000","1.34","124","24.61","3.08","376.22","3006.49","925700","100","20240207","9489","20230116","5580"
"9767","日建工学","東証ST","サービス","3127","1862254","1.79","30","7.65","0.73","219.41","2296.78","167900","100","20230623","1869","20230404","1281"
"9768","いであ","東証ST","サービス","15583","7499025","4.33","90","7.06","0.56","294.15","3717.21","207800","100","20240206","2169","20230220","1521"
"9769","学究社","東証PR","サービス","23352","10968356","4.09","87","11.42","3.83","186.36","555.37","212900","100","20230515","2257","20230106","1792"
"9776","札幌臨床検査センター","東証ST","サービス","4279","4216000","2.27","23","11.01","0.31","92.18","3230.9","101500","100","20230411","1347","20231004","983"
"9778","昴","東証ST","サービス","4806","693576","1.73","120","40.53","1.17","170.97","5926.69","693000","100","20240130","7150","20230227","5050"
"9780","ハリマビステム","東証ST","サービス","6574","1924898","2.2","75","9.07","0.75","376.53","4544.56","341500","100","20240111","3650","20230306","2026"
"9782","ディーエムエス","東証ST","サービス","12803","7262020","2.84","50","5.8","0.62","304","2843.53","176300","100","20240125","1965","20230125","1163"
"9783","ベネッセホールディングス","東証PR","サービス","266680","102648129","1.15","30","33.41","1.58","77.76","1648.7","259800","100","20231205","2646","20231024","1726"
"9787","イオンディライト","東証PR","サービス","183894","49169633","2.3","86","17.55","1.81","213.11","2063.8","374000","100","20240201","3855","20230720","2845"
"9788","ナック","東証PR","サービス","24892","46613500","3.93","21","10.55","1.05","50.62","507.16","53400","100","20240109","550","20230110","463"
"9790","福井コンピュータホールディングス","東証PR","情報通信","52744","20700000","2.55","65","14.88","2.34","171.27","1086.66","254800","100","20230621","3125","20231227","2442"
"9791","ビケンテクノ","東証ST","サービス","8398","7718722","2.57","28","4.83","0.4","225.35","2686.56","108800","100","20230703","1245","20230220","981"
"9793","ダイセキ","東証PR","サービス","203235","51000000","1.66","66","21.27","2.48","187.36","1609.23","398500","100","20230801","4870","20230602","3495"
"9795","ステップ","東証PR","サービス","33357","16670000","3.7","74","13.52","1.25","147.96","1602.77","200100","100","20240131","2048","20231024","1671"
"9799","旭情報サービス","東証ST","情報通信","11563","8264850","3.15","44","11.61","1.03","120.55","1360.9","139900","100","20240129","1450","20230118","1140"
"9812","テーオーホールディングス","東証ST","卸売","2874","8926896","0","0","12.9","8.56","24.97","37.63","32200","100","20231017","610","20230606","212"
"9816","ストライダーズ","東証ST","不動産","1916","8912089","2.33","5","32.72","0.73","6.57","293.41","21500","100","20230531","310","20231225","205"
"9818","大丸エナウィン","東証ST","卸売","11788","8046500","1.64","24","14.52","0.82","100.87","1795.66","146500","100","20240125","1515","20231027","1140"
"9820","エムティジェネックス","東証ST","不動産","2748","1079600","1.57","40","13.05","0.72","195.09","3524.12","254500","100","20231227","2680","20230116","2270"
"9823","マミーマート","東証ST","小売","53282","10796793","1.5","74","13.39","1.45","368.49","3402.59","493500","100","20240206","5260","20230116","2237"
"9824","泉州電業","東証PR","卸売","71760","19500000","3.26","120","10.59","1.29","347.52","2843.95","368000","100","20230905","4155","20230110","2970"
"9827","リリカラ","東証ST","卸売","6394","12662100","2.87","14.5","7.48","0.73","67.51","687.11","50500","100","20230906","786","20230216","396"
"9828","元気寿司","東証ST","小売","63335","17765816","0.56","20","25.59","5","139.33","713.2","356500","100","20240131","4110","20230117","1433"
"9830","トラスコ中山","東証PR","卸売","159147","66008744","1.93","46.5","13.04","1.01","184.86","2385.31","241100","100","20230907","2685","20230116","1925"
"9831","ヤマダホールディングス","東証PR","小売","430061","966863199","-","-","9.65","0.5","46.11","892.68","44480","100","20230309","495","20230601","412"
"9832","オートバックスセブン","東証PR","卸売","135465","82050105","3.63","60","14.3","0.98","115.45","1679.92","165100","100","20240205","1660","20230118","1392"
"9835","ジュンテンドー","東証ST","小売","5024","8331164","1.66","10","244.13","0.38","2.47","1598.95","60300","100","20230412","618","20230316","545"
"9837","モリト","東証PR","卸売","42120","30000000","4.13","58","16.23","0.97","86.48","1445.12","140400","100","20240123","1470","20230110","714"
"9842","アークランズ","東証PR","小売","108493","64733372","2.39","40","7.94","0.91","211.11","1848","167600","100","20240110","1749","20230120","1381"
"9843","ニトリホールディングス","東証PR","小売","2430780","114443496","0.71","150","24","2.8","884.86","7591.6","2124000","100","20240209","21480","20231114","14655"
"9845","パーカーコーポレーション","東証ST","化学","23746","26801452","2.48","22","6.72","0.54","131.93","1641.5","88600","100","20240206","940","20230106","516"
"9846","天満屋ストア","東証ST","小売","13583","11550000","0.85","10","12.3","0.55","95.62","2129.18","117600","100","20231004","1255","20230227","1004"
"9849","共同紙販ホールディングス","東証ST","卸売","3592","735344","1.02","50","31.31","0.84","156.03","5820.94","488500","100","20230914","5000","20230330","4315"
"9850","グルメ杵屋","東証PR","小売","24743","22910275","-","-","58.54","3.06","18.45","352.8","108000","100","20230830","1187","20230105","981"
"9852","CBグループマネジメント","東証ST","卸売","12285","2461848","2","100","6.52","0.47","765.4","10702.84","499000","100","20240205","5050","20230113","2940"
"9853","銀座ルノアール","東証ST","小売","5639","6252004","0.33","3","66.37","1.68","13.59","538.1","90200","100","20240207","957","20230330","821"
"9854","愛眼","東証ST","小売","3857","21076154","0","0","36.6","0.29","5","628.78","18300","100","20231228","201","20230120","164"
"9856","ケーユーホールディングス","東証ST","小売","51980","44126024","4.5","53","6.78","0.64","173.87","1848.84","117800","100","20230309","1640","20231225","1049"
"9857","英和","東証ST","卸売","12862","6470000","3.27","65","8.22","0.85","241.75","2340.26","198800","100","20231107","2202","20230110","1231"
"9861","吉野家ホールディングス","東証PR","小売","211671","65129558","0.49","16","56.82","3.53","57.2","921.55","325000","100","20231101","3585","20230105","2238"
"9867","ソレキア","東証ST","卸売","5036","865301","0.86","50","7.62","0.55","763.73","10678.86","582000","100","20230315","7070","20230105","4535"
"9869","加藤産業","東証PR","卸売","159600","35000000","2.48","113","11.11","1.02","410.41","4452.56","456000","100","20231208","4970","20230411","3300"
"9872","北恵","東証ST","卸売","8460","10011841","3.31","28","10.3","0.59","82.02","1439.5","84500","100","20231114","1024","20230104","660"
"9873","日本KFCホールディングス","東証ST","小売","77698","22423761","1.44","50","38.6","2.66","89.77","1302.65","346500","100","20240209","3475","20230104","2727"
"9876","コックス","東証ST","小売","7039","27711028","0","0","7.02","0.94","36.2","270.99","25400","100","20231102","326","20230217","145"
"9878","セキド","東証ST","小売","1839","2040928","1.11","10","28.24","1.98","31.9","455","90100","100","20240131","1105","20231116","539"
"9880","イノテック","東証PR","電気機器","24016","13700000","3.99","70","11.94","0.96","146.85","1829.92","175300","100","20240206","1912","20230105","1263"
"9882","イエローハット","東証PR","卸売","94455","49923146","3.49","66","8.17","0.77","231.59","2461.55","189200","100","20230907","1958","20230116","1687"
"9885","シャルレ","東証ST","卸売","7255","16086250","1.77","8","23.03","0.39","19.58","1146.3","45100","100","20240205","479","20230621","338"
"9887","松屋フーズホールディングス","東証PR","小売","108093","19063968","0.42","24","36.03","2.48","157.37","2289.92","567000","100","20240117","6340","20230110","3860"
"9888","UEX","東証ST","卸売","13596","12000000","-","-","7.8","0.74","145.2","1532.75","113300","100","20230309","1680","20230105","969"
"9889","JBCCホールディングス","東証PR","情報通信","71806","17773743","2.33","94","19.66","3.03","205.47","1331.94","404000","100","20240125","4230","20230106","1738"
"9890","マキヤ","東証ST","小売","11742","10540200","1.8","20","7.57","0.58","147.25","1912.84","111400","100","20231024","1200","20230105","695"
"9895","コンセック","東証ST","卸売","2365","1864011","1.97","25","11.38","0.29","111.53","4329.74","126900","100","20230927","1300","20230113","1055"
"9896","JKホールディングス","東証ST","卸売","31071","31040016","4","40","5.79","0.49","172.94","2052.43","100100","100","20230308","1220","20231024","915"
"9900","サガミホールディングス","東証PR","小売","46665","30301784","0.32","5","51.61","2.81","29.84","547.36","154000","100","20240205","1577","20230105","1176"
"9902","日伝","東証PR","卸売","86666","31886000","2.39","65","19.54","0.96","139.08","2832.22","271800","100","20240122","2969","20230106","1671"
"9903","カンセキ","東証ST","小売","8348","8050000","-","-","-","0.75","-","1377.27","103700","100","20230113","1598","20231219","935"
"9904","ベリテ","東証ST","小売","11192","27230825","4.89","20.1","19.64","2.56","20.93","160.47","41100","100","20230927","419","20230110","346"
"9906","藤井産業","東証ST","卸売","27638","10010000","2.72","75","8.35","0.72","330.83","3821.89","276100","100","20240206","2935","20230104","1328"
"9908","日本電計","東証ST","卸売","24630","11818507","3.84","80","8.61","0.92","242.06","2261.78","208400","100","20230725","2197","20230106","1447"
"9913","日邦産業","東証ST","卸売","14202","9127338","2.7","42","10.39","0.96","149.82","1625.85","155600","100","20240122","1620","20230113","690"
"9914","植松商会","東証ST","卸売","2775","2340000","2.53","30","27.35","0.91","43.36","1308.75","118600","100","20240130","1725","20230330","625"
"9919","関西フードマーケット","東証ST","小売","95660","63858804","1.2","18","17.16","1.23","87.31","1220.23","149800","100","20230515","1753","20230106","1228"
"9927","ワットマン","東証ST","小売","6476","9094832","2.11","15","13.69","2.12","52.01","335.21","71200","100","20230703","1090","20230213","560"
"9928","ミロク情報サービス","東証PR","情報通信","68986","34806286","2.52","50","14.46","2.28","137.06","867.97","198200","100","20240209","2009","20231102","1408"
"9929","平和紙業","東証ST","卸売","4502","10116917","2.7","12","30.73","0.43","14.48","1025.95","44500","100","20231116","460","20230330","402"
"9930","北沢産業","東証ST","卸売","7550","23818257","1.58","5","11.33","0.6","27.97","524.53","31700","100","20230508","503","20230112","189"
"9932","杉本商事","東証PR","卸売","25238","11399237","3.16","70","12.23","0.63","181.08","3492.19","221400","100","20230906","2369","20230110","1895"
"9934","因幡電機産業","東証PR","卸売","197749","56419000","3.42","120","13.7","1.26","255.77","2787.82","350500","100","20240123","3595","20230116","2632"
"9936","王将フードサービス","東証PR","小売","180934","23286230","1.8","140","21.92","2.23","354.46","3479.64","777000","100","20240117","8370","20230116","5870"
"9941","太洋物産","東証ST","卸売","1835","1934019","0","0","13.2","2.73","71.9","348.22","94900","100","20230707","1100","20231227","817"
"9946","ミニストップ","東証PR","小売","46908","29372774","1.25","20","497.51","1.15","3.21","1389.16","159700","100","20240208","1627","20230320","1370"
"9948","アークス","東証PR","小売","166781","57649868","2","58","16.07","0.9","179.97","3200.76","289300","100","20240116","3020","20230116","2069"
"9950","ハチバン","東証ST","小売","10616","3068111","0.58","20","65.32","2.94","52.97","1176.54","346000","100","20240130","3595","20230317","3055"
"9955","ヨンキュウ","東証ST","卸売","29966","12266022","-","-","21.33","0.82","114.51","2996.2","244300","100","20230118","3110","20230626","2205"
"9956","バローホールディングス","東証PR","小売","132593","53987499","2.44","60","14.14","0.83","173.64","2974.79","245600","100","20240112","2583","20230110","1757"
"9959","アシードホールディングス","東証ST","小売","9217","13495248","2.34","16","12.86","1.27","53.09","539.6","68300","100","20240206","711","20230406","536"
"9960","東テク","東証PR","卸売","88404","13988000","3.1","196","12.93","1.73","488.93","3649.57","632000","100","20240208","6650","20230105","3210"
"9962","ミスミグループ本社","東証PR","卸売","652458","284791597","1.18","27.1","21.21","1.97","108.02","1160.54","229100","100","20230519","3590","20231214","2044"
"9969","ショクブン","東証ST","小売","4812","17691669","1.84","5","824.24","1.66","0.33","163.78","27200","100","20231127","359","20230113","219"
"9972","アルテック","東証ST","卸売","3788","15153000","2.8","7","6.26","0.29","39.94","847.61","25000","100","20230308","332","20231208","223"
"9973","小僧寿し","東証ST","小売","3911","205821340","0","0","-","8.56","-0.3","2.22","1900","100","20230622","28","20230328","17"
"9974","ベルク","東証PR","小売","136058","20867800","1.53","100","13.32","1.38","489.32","4727.47","652000","100","20231012","7200","20230118","5320"
"9976","セキチュー","東証ST","小売","7318","5586150","1.53","20","15.68","0.64","83.55","2049.03","131000","100","20230330","1325","20230110","1170"
"9977","アオキスーパー","東証ST","小売","23719","6250000","0.79","30","15.82","1","239.92","3797.6","379500","100","20240110","3810","20230116","2115"
"9978","文教堂グループホールディングス","東証ST","小売","1416","42912340","0","0","28.21","-","1.17","-10.63","3300","100","20230125","48","20231227","32"
"9979","大庄","東証ST","小売","28322","21198962","-","-","50.97","2.97","26.21","449.81","133600","100","20240116","1375","20230117","1001"
"9980","MRKホールディングス","東証ST","小売","11446","101295071","0.88","1","21.61","0.81","5.23","139.5","11300","100","20230310","124","20230104","105"
"9982","タキヒヨー","東証ST","卸売","10732","9300000","1.73","20","26.58","0.36","43.42","3171.41","115400","100","20230711","1390","20230106","812"
"9983","ファーストリテイリング","東証PR","小売","12636555","318220968","0.83","330","39.29","6.47","1010.81","6137.09","3971000","100","20240209","40480","20230116","23690"
"9984","ソフトバンクグループ","東証PR","情報通信","11746732","1469995230","0.55","44","-","1.2","-","6660.76","799100","100","20240209","8477","20230316","4766"
"9986","蔵王産業","東証ST","卸売","15960","6266000","3.93","100","13.6","1.12","187.23","2279.94","254700","100","20230828","2699","20230106","1720"
"9987","スズケン","東証PR","卸売","384340","82831904","1.72","80","15.86","0.9","292.47","5166.62","464000","100","20231124","5137","20230323","3210"
"9989","サンドラッグ","東証PR","小売","533410","119331184","2.55","114","19.22","2.14","232.61","2092.03","447000","100","20231207","4746","20230316","3430"
"9990","サックスバーホールディングス","東証PR","小売","25202","29859900","3.55","30","9.94","0.91","84.9","928.41","84400","100","20230525","1066","20230105","725"
"9991","ジェコス","東証PR","卸売","38696","33795746","3.23","37","10.18","0.63","112.44","1814.23","114500","100","20240202","1225","20230104","821"
"9993","ヤマザワ","東証ST","小売","13876","10960825","2.13","27","34.1","0.47","37.13","2717.62","126600","100","20230217","1477","20230316","1210"
"9994","やまや","東証ST","小売","35256","10847870","1.6","52","15.66","1.17","207.53","2777.46","325000","100","20240207","3295","20230113","2468"
"9995","グローセル","東証PR","卸売","22086","29526800","0","0","23.31","0.84","32.09","894.5","74800","100","20240130","749","20230601","395"
"9996","サトー商会","東証ST","卸売","18607","9152640","1.97","40","14.37","0.68","141.48","2970.96","203300","100","20240206","2100","20230104","1132"
"9997","ベルーナ","東証PR","小売","59514","97244472","3.35","20.5","8.45","0.45","72.39","1365.08","61200","100","20230515","769","20231219","585"
