"SC","名称","市場","業種","時価総額（百万円）","発行済株式数","配当利回り（予想）","1株配当（予想）","PER（予想）","PBR（実績）","EPS（予想）","BPS（実績）","最低購入額","単元株","高値日付","年初来高値","安値日付","年初来安値"
"0001","日経平均株価（日経225）","東証","株価指数","-","-","-","-","-","-","-","-","-","-","-","-","-","-"
"0002","TOPIX（東証株価指数）","東証","株価指数","-","-","-","-","-","-","-","-","-","-","-","-","-","-"
"1301","極洋","東証PR","水産・農林","39998","10928283","2.46","90","6.54","0.83","559.88","4436.27","366000","100","20230203","3930","20230320","3370"
"1332","ニッスイ","東証PR","水産・農林","210797","312430277","2.96","20","9.77","0.97","69.08","696.72","67470","100","20230712","690","20230113","517"
"1333","マルハニチロ","東証PR","水産・農林","125208","50578837","2.83","70","6.75","0.7","366.69","3534.39","247550","100","20230516","2635","20230320","2333"
"1375","雪国まいたけ","東証PR","水産・農林","37317","39910700","0.21","2","308.58","3.58","3.03","261.08","93500","100","20230307","1057","20230714","914"
"1376","カネコ種苗","東証ST","水産・農林","17247","11772626","2.12","31","11.57","0.71","126.64","2053.62","146500","100","20230404","1709","20230711","1391"
"1377","サカタのタネ","東証PR","水産・農林","184665","47410750","1.41","55","21.59","1.25","180.39","3104.4","389500","100","20230104","4330","20230411","3765"
"1379","ホクト","東証PR","水産・農林","61381","33359040","-","-","83.22","1.14","22.11","1609.46","184000","100","20230131","1902","20230413","1805"
"1380","秋川牧園","東証ST","水産・農林","4338","4179000","0.96","10","43.27","2.03","23.99","512.11","103800","100","20230116","1071","20230619","1034"
"1381","アクシーズ","東証ST","水産・農林","16937","5617500","3.15","95","16.93","0.88","178.07","3419.14","301500","100","20230627","3270","20230217","2828"
"1382","ホーブ","東証ST","水産・農林","1368","762000","2.79","50","10.44","1.76","171.98","1020.25","179500","100","20230314","2095","20230111","1664"
"1383","ベルグアース","東証ST","水産・農林","5162","1610500","0.31","10","79.27","2.67","40.43","1201.41","320500","100","20230403","3475","20230104","2886"
"1384","ホクリヨウ","東証ST","水産・農林","7588","8459000","2.23","20","6.86","0.71","130.75","1270.49","89700","100","20230213","972","20230104","702"
"1400","ルーデン・ホールディングス","東証GR","建設","1509","13008600","0","0","14.65","0.64","7.92","180.27","11600","100","20230221","187","20230206","98"
"1401","エムビーエス","東証GR","建設","3959","7732000","1.56","8","10.28","1.2","49.79","428.15","51200","100","20230721","574","20230113","466"
"1407","ウエストホールディングス","東証ST","建設","130718","46027488","1.94","55","15.95","4.08","178.05","696.22","284000","100","20230113","4730","20230630","2391"
"1414","ショーボンドホールディングス","東証PR","建設","323561","56745180","2.19","125","23.8","3.19","239.54","1789.41","570200","100","20230510","5920","20230217","5170"
"1417","ミライト・ワン","東証PR","建設","188465","103325329","3.56","65","9.72","0.71","187.68","2573.5","182400","100","20230703","1856","20230213","1468"
"1418","インターライフホールディングス","東証ST","建設","4102","20010529","2.44","5","15.89","0.97","12.9","211.41","20500","100","20230417","318","20230316","159"
"1419","タマホーム","東証PR","建設","103243","29455800","5.28","185","11.04","2.91","317.37","1203.11","350500","100","20230529","4125","20230110","2422"
"1420","サンヨーホームズ","東証ST","建設","9099","12620000","3.47","25","11.43","0.55","63.08","1308.19","72100","100","20230127","790","20230412","701"
"1429","日本アクア","東証PR","建設","30832","34760000","3.38","30","15.22","3.6","58.28","246.18","88700","100","20230210","993","20230117","774"
"1430","ファーストコーポレーション","東証PR","建設","9849","13363540","4.21","31","7.14","1.11","103.21","664.54","73700","100","20230509","963","20230718","690"
"1431","Lib_Work","東証GR","建設","18447","23292040","0.81","6.4","113.14","5.49","7","144.19","79200","100","20230417","839","20230106","748"
"1433","ベステラ","東証PR","建設","9763","8990200","1.84","20","24.06","2.55","45.14","426.47","108600","100","20230613","1341","20230314","851"
"1434","JESCOホールディングス","東証ST","建設","4550","6842800","4.51","30","3.63","0.8","183.13","827.18","66500","100","20230725","668","20230104","439"
"1435","Robot_Home","東証PR","建設","17861","91127000","1.02","2","22.02","2.15","8.9","91.11","19600","100","20230414","258","20230106","158"
"1436","フィット","東証GR","建設","3830","4284200","1.34","12","10.12","0.77","88.33","1165.72","89400","100","20230411","1286","20230104","656"
"1438","岐阜造園","東証ST","建設","4426","3204600","1.81","25","15.41","1.3","89.59","1065.46","138100","100","20230511","1445","20230112","994"
"1439","安江工務店","東証ST","建設","1679","1350760","2.41","30","12.03","1.05","103.29","1183.65","124300","100","20230203","1796","20230314","942"
"1443","技研ホールディングス","東証ST","建設","3735","16237977","0.43","1","11.67","0.39","19.71","587.33","23000","100","20230130","313","20230105","203"
"1444","ニッソウ","東証GR","建設","2847","1088700","0","0","23.09","1.89","113.25","1381.19","261500","100","20230712","2780","20230130","1954"
"1446","キャンディル","東証ST","建設","6483","10734200","0.99","6","41.03","2.07","14.72","292","60400","100","20230725","604","20230130","492"
"1447","ITbookホールディングス","東証GR","建設","8961","24152701","0","0","17.91","3.26","20.72","113.84","37100","100","20230221","436","20230106","358"
"1450","田中建設工業","東証ST","建設","10105","4349800","3.14","73","10.69","1.63","217.27","1429.41","232300","100","20230329","2780","20230515","2150"
"1451","KHC","東証ST","建設","2720","4005350","5.15","35","8.79","0.44","77.24","1549.17","67900","100","20230706","684","20230106","603"
"1491","中外鉱業","東証ST","非鉄金属","8692","289747982","-","-","18.4","1.2","1.63","24.9","3000","100","20230512","36","20230104","28"
"1514","住石ホールディングス","東証ST","鉱業","21084","58892853","2.09","7.5","5.29","1.07","67.65","335.34","35800","100","20230124","464","20230403","303"
"1515","日鉄鉱業","東証PR","鉱業","82604","16704638","2.02","100","14.96","0.62","330.6","7955.03","494500","100","20230725","5010","20230105","3130"
"1518","三井松島ホールディングス","東証PR","鉱業","34137","13064400","3.06","80","3.09","0.61","846.57","4292.78","261300","100","20230221","4105","20230619","2475"
"1605","INPEX","東証PR","鉱業","2551468","1386667167","3.48","64","8.01","0.62","229.71","2986.33","184000","100","20230725","1863.5","20230105","1301"
"1662","石油資源開発","東証PR","鉱業","264170","54300076","4.11","200","7.76","0.62","627","7849.18","486500","100","20230307","5230","20230105","3590"
"1663","K＆Oエナジーグループ","東証PR","鉱業","64465","28336061","1.49","34","14.08","0.71","161.6","3206.3","227500","100","20230619","2555","20230106","1887"
"1711","SDSホールディングス","東証ST","建設","2349","8732773","0","0","-","4.3","-13.74","62.61","26900","100","20230125","376","20230516","242"
"1712","ダイセキ環境ソリューション","東証PR","建設","22515","16827120","0.75","10","19.11","1.48","70.02","906.87","133800","100","20230714","1445","20230407","793"
"1716","第一カッター興業","東証PR","建設","17292","12000000","2.01","29","10.74","1.01","134.16","1422.19","144100","100","20230725","1458","20230116","1000"
"1717","明豊ファシリティワークス","東証ST","サービス","9940","12775900","4.11","32","13.39","1.95","58.12","399.63","77800","100","20230308","830","20230116","690"
"1718","美樹工業","東証ST","建設","5478","1153263","3.37","160","8.65","0.35","548.86","13663.78","475000","100","20230623","4785","20230117","3800"
"1719","安藤・間","東証PR","建設","202744","181021197","5.36","60","12.89","1.25","86.92","897.84","112000","100","20230725","1120","20230106","819"
"1720","東急建設","東証PR","建設","81139","106761205","4.74","36","19.97","0.84","38.05","905.99","76000","100","20230511","761","20230105","624"
"1721","コムシスホールディングス","東証PR","建設","373863","133000000","3.74","105","14.76","1","190.43","2824.12","281100","100","20230523","2869","20230104","2277"
"1723","日本電技","東証ST","建設","38692","8197500","3.39","160","11.82","1.22","399.48","3879.63","472000","100","20230725","4760","20230104","3090"
"1724","シンクレイヤ","東証ST","建設","3258","4943780","2.58","17","6.5","0.57","101.38","1151.69","65900","100","20230125","740","20230106","578"
"1726","ビーアールホールディングス","東証PR","建設","18272","45795000","3.01","12","13.94","1.32","28.63","302.57","39900","100","20230621","404","20230118","324"
"1730","麻生フオームクリート","東証ST","建設","1423","3420000","2.4","10","20.28","1.02","20.51","408.75","41600","100","20230526","493","20230330","391"
"1736","オーテック","東証ST","建設","15305","5700000","3.35","90","8.58","0.76","313","3530.29","268500","100","20230721","2942","20230208","2052"
"1739","メルディアDC","東証GR","建設","5073","6454400","2.16","17","3.37","0.6","233.31","1300.13","78600","100","20230309","946","20230106","735"
"1743","コーアツ工業","東証ST","建設","2772","2280000","2.06","25","11.43","0.33","106.4","3656.01","121600","100","20230403","1538","20230106","1003"
"1757","創建エース","東証ST","建設","9956","262001756","-","-","-","9.22","-","4.12","3800","100","20230525","59","20230426","30"
"1758","太洋基礎工業","東証ST","建設","6032","819600","1.43","105","8.45","0.57","871.11","12902.45","736000","100","20230501","9330","20230206","5160"
"1762","高松コンストラクショングループ","東証PR","建設","93035","34818578","2.88","77","11.63","0.73","229.76","3668.25","267200","100","20230725","2692","20230106","1895"
"1764","工藤建設","東証ST","建設","3128","1331220","4.26","100","26.87","0.64","87.47","3690.1","235000","100","20230628","2720","20230706","2333"
"1766","東建コーポレーション","東証PR","建設","99962","13472000","3.37","250","15","0.87","494.57","8575.6","742000","100","20230425","8250","20230620","7140"
"1768","ソネック","東証ST","建設","7298","7500000","3.08","30","14.22","0.82","68.44","1183.98","97300","100","20230306","1020","20230130","928"
"1770","藤田エンジニアリング","東証ST","建設","11922","11700000","3.93","40","7.77","0.57","131.2","1797.89","101900","100","20230724","1022","20230216","864"
"1773","ワイ・ティー・エル・コーポレーション・バーハッド（外国株）","東証PR","建設","-","-","-","-","-","-","-","-","36000","1000","20230720","66","20230119","16"
"1775","富士古河E＆C","東証ST","建設","37912","9026561","3.81","160","8.21","1.02","511.51","4102.31","420000","100","20230721","4255","20230104","3380"
"1776","三井住建道路","東証ST","建設","9027","9277500","4.11","40","13.07","0.67","74.42","1462.05","97300","100","20230724","998","20230104","813"
"1780","ヤマウラ","東証PR","建設","24375","21103514","0.43","5","11.27","1.12","102.5","1034.63","115500","100","20230519","1286","20230105","993"
"1783","アジアゲートホールディングス","東証ST","建設","8842","170042851","0","0","6.19","1.4","8.4","37.05","5200","100","20230215","75","20230522","50"
"1786","オリエンタル白石","東証PR","建設","42476","138809400","4.41","13.5","9.87","0.85","30.99","358.22","30600","100","20230517","346","20230104","279"
"1787","ナカボーテック","東証ST","建設","14001","2602500","3.35","180","21.03","1.65","255.83","3252.3","538000","100","20230713","5840","20230120","4330"
"1788","三東工業社","東証ST","建設","2356","686000","2.62","90","13.16","0.67","261.06","5122.88","343500","100","20230627","4460","20230105","2640"
"1789","ETSホールディングス","東証ST","建設","4246","6375284","0.75","5","22.33","1.55","29.83","430.17","66600","100","20230522","687","20230106","558"
"1793","大本組","東証ST","建設","38955","5132380","2.37","180","90.41","0.55","83.95","13772.02","759000","100","20230607","7690","20230203","6230"
"1795","マサル","東証ST","建設","3249","901151","3.05","110","11.32","0.7","318.58","5185.89","360500","100","20230705","3760","20230118","3110"
"1798","守谷商会","東証ST","建設","5372","2260000","2.94","70","8.68","0.4","273.93","5878.85","237700","100","20230724","2394","20230104","2173"
"1799","第一建設工業","東証ST","建設","32748","20858491","3.18","50","11.83","0.46","132.74","3395.62","157000","100","20230705","1588","20230120","1333"
"1801","大成建設","東証PR","建設","1020877","188771572","2.4","130","22.64","1.23","238.9","4402.01","540800","100","20230725","5417","20230320","3965"
"1802","大林組","東証PR","建設","945899","721509646","3.2","42","17.09","0.94","76.71","1390.77","131100","100","20230725","1315","20230116","935"
"1803","清水建設","東証PR","建設","712368","743676313","2.82","27","14.19","0.83","67.49","1150.7","95790","100","20230725","958.8","20230116","661"
"1805","飛島建設","東証PR","建設","26455","19310436","4.38","60","9.71","0.57","141.13","2389.71","137000","100","20230725","1387","20230105","997"
"1807","佐藤渡辺","東証ST","建設","8280","3195700","4.25","110","5.85","0.41","442.85","6323.17","259100","100","20230316","2761","20230209","2153"
"1808","長谷工コーポレーション","東証PR","建設","551356","300794397","4.36","80","9","1.1","203.66","1666.3","183300","100","20230725","1835.5","20230116","1427"
"1810","松井建設","東証PR","建設","23516","30580000","3.38","26","12.59","0.51","61.09","1499.06","76900","100","20230725","774","20230110","544"
"1811","錢高組","東証ST","建設","23273","7353140","-","-","13.1","0.29","241.55","11061.61","316500","100","20230510","3700","20230116","2610"
"1812","鹿島建設","東証PR","建設","1178374","528656011","3.14","70","10.32","1.03","216.01","2165.12","222900","100","20230725","2230","20230116","1451"
"1813","不動テトラ","東証PR","建設","30901","16489522","3.2","60","12.4","0.91","151.12","2064.46","187400","100","20230703","1888","20230106","1454"
"1814","大末建設","東証PR","建設","14605","10614225","5.09","70","9.87","0.67","139.35","2055.58","137600","100","20230725","1382","20230206","1125"
"1815","鉄建建設","東証PR","建設","32059","15668956","3.91","80","8.83","0.49","231.7","4188.51","204600","100","20230623","2108","20230106","1740"
"1820","西松建設","東証PR","建設","206189","55591502","4.66","173","15.09","0.98","245.74","3770.77","370900","100","20230126","4070","20230511","3265"
"1821","三井住友建設","東証PR","建設","60677","162673321","3.75","14","14.59","0.92","25.56","406.53","37300","100","20230309","443","20230601","347"
"1822","大豊建設","東証PR","建設","71338","18083163","3.93","155","17.83","0.97","221.22","4083.36","394500","100","20230309","4100","20230118","3370"
"1826","佐田建設","東証ST","建設","7450","15521233","3.33","16","9.3","0.47","51.61","1017.41","48000","100","20230207","539","20230104","424"
"1827","ナカノフドー建設","東証ST","建設","13730","34498097","3.27","13","6.84","0.37","58.2","1063.68","39800","100","20230509","429","20230104","311"
"1828","田辺工業","東証ST","建設","13442","10728000","3.59","45","7.06","0.64","177.55","1959.43","125300","100","20230724","1300","20230105","905"
"1833","奥村組","東証PR","建設","162394","38665226","5.36","225","12.99","0.9","323.33","4673.68","420000","100","20230725","4200","20230113","2932"
"1835","東鉄工業","東証PR","建設","98445","36100000","3.45","94","13.41","0.92","203.34","2974.11","272700","100","20230309","2855","20230601","2519"
"1840","土屋ホールディングス","東証ST","建設","6856","25775118","2.26","6","14.78","0.58","18","456.2","26600","100","20230725","270","20230201","180"
"1841","サンユー建設","東証ST","建設","3660","4000000","2.73","25","12.21","0.3","74.96","3096.93","91500","100","20230519","1110","20230111","836"
"1844","大盛工業","東証ST","建設","3552","16522849","3.72","8","10.13","0.71","21.23","304","21500","100","20230724","222","20230104","173"
"1847","イチケン","東証PR","建設","14918","7284400","4.88","100","7.43","0.54","275.5","3789.39","204800","100","20230725","2057","20230110","1764"
"1848","富士ピー・エス","東証ST","建設","8315","18602244","2.01","9","15.87","0.8","28.17","559.42","44700","100","20230303","462","20230104","430"
"1850","南海辰村建設","東証ST","建設","9631","28835730","0.9","3","6.21","0.67","53.77","501.37","33400","100","20230418","370","20230104","303"
"1852","淺沼組","東証PR","建設","56066","16157258","5.69","197.5","12.33","1.27","281.53","2728.46","347000","100","20230310","3530","20230105","2956"
"1853","森組","東証ST","建設","10070","32800000","4.56","14","14.79","0.72","20.76","429.32","30700","100","20230413","315","20230214","279"
"1860","戸田建設","東証PR","建設","251608","322656796","3.59","28","12.39","0.76","62.92","1023.64","77980","100","20230515","843","20230406","668"
"1861","熊谷組","東証PR","建設","139603","43900360","4.09","130","13.34","0.82","238.42","3894.11","318000","100","20230725","3190","20230106","2536"
"1866","北野建設","東証ST","建設","21228","6836853","3.22","100","9.23","0.48","336.42","6445.68","310500","100","20230403","3390","20230116","2370"
"1867","植木組","東証ST","建設","9760","6873528","3.87","55","7.67","0.37","185.1","3866.85","142000","100","20230310","1443","20230531","1262"
"1870","矢作建設工業","東証PR","建設","59506","44607457","4.5","60","9.11","0.95","146.48","1405.1","133400","100","20230725","1334","20230105","739"
"1871","ピーエス三菱","東証PR","建設","37039","47486029","4.36","34","9.41","0.76","82.92","1031.02","78000","100","20230711","787","20230105","595"
"1873","日本ハウスホールディングス","東証PR","建設","14960","40000000","3.21","12","12.36","0.73","30.25","512.1","37400","100","20230302","410","20230110","358"
"1878","大東建託","東証PR","不動産","1002771","68918979","3.68","535","13.61","2.45","1068.83","5941.66","1455000","100","20230629","14790","20230210","12150"
"1879","新日本建設","東証PR","建設","77376","61360720","2.7","34","6.05","0.72","208.58","1751.22","126100","100","20230629","1304","20230104","734"
"1882","東亜道路工業","東証PR","建設","50947","10440046","1.84","90","11.6","0.9","420.87","5402.32","488000","100","20230725","4880","20230105","2805"
"1884","日本道路","東証PR","建設","82092","8789268","3.21","300","12.63","0.85","739.57","11009.73","934000","100","20230725","9780","20230110","5720"
"1885","東亜建設工業","東証PR","建設","70746","22494629","3.18","100","10.37","0.77","303.22","4071.84","314500","100","20230516","3380","20230112","2296"
"1887","日本国土開発","東証PR","建設","56979","93255000","4.26","26","11.06","0.65","55.23","935.11","61100","100","20230523","646","20230118","531"
"1888","若築建設","東証PR","建設","41553","12964993","2.5","80","13.18","0.99","243.11","3240.62","320500","100","20230509","4585","20230106","2651"
"1890","東洋建設","東証PR","建設","102015","94371183","5.83","63","16.94","1.42","63.82","763.87","108100","100","20230629","1120","20230110","837"
"1893","五洋建設","東証PR","建設","218143","286013910","3.15","24","9.89","1.39","77.15","550.03","76270","100","20230628","789","20230106","604"
"1897","金下建設","東証ST","建設","10659","3806660","1.79","50","75.45","0.35","37.11","7910.59","280000","100","20230203","2975","20230420","2705"
"1898","世紀東急工業","東証PR","建設","54153","37424507","6.22","90","16.23","1.33","89.17","1088.13","144700","100","20230703","1458","20230209","767"
"1899","福田組","東証PR","建設","43502","8988111","2.27","110","12.1","0.53","400.09","9153.84","484000","100","20230629","5030","20230314","4300"
"1904","大成温調","東証ST","建設","15348","6882487","3.77","84","10.89","0.52","204.86","4309.72","223000","100","20230725","2240","20230330","1895"
"1905","テノックス","東証ST","建設","8082","7347680","3.45","38","12.83","0.59","85.76","1850.63","110000","100","20230724","1130","20230106","853"
"1909","日本ドライケミカル","東証ST","機械","12223","7181812","2.06","35","5.73","0.62","297.05","2762.75","170200","100","20230428","1915","20230120","1409"
"1911","住友林業","東証PR","建設","705077","205922117","3.65","125","8.89","1.08","385.34","3167.31","342400","100","20230623","3566","20230105","2274"
"1914","日本基礎技術","東証ST","建設","14732","29346400","2.59","13","18.27","0.49","27.48","1030.69","50200","100","20230222","558","20230104","474"
"1921","巴コーポレーション","東証ST","建設","21074","40763046","2.32","12","8.91","0.49","58.04","1057.9","51700","100","20230725","523","20230112","384"
"1925","大和ハウス工業","東証PR","建設","2533655","659290951","3.51","135","10.13","1.11","379.44","3466.86","384300","100","20230623","3885","20230116","2933"
"1926","ライト工業","東証PR","建設","109947","53948450","3.14","64","10.53","1.18","193.52","1721.36","203800","100","20230511","2053","20230106","1802"
"1928","積水ハウス","東証PR","建設","1942188","662862666","4.03","118","10.05","1.18","291.48","2478.74","293000","100","20230523","2961","20230106","2310"
"1929","日特建設","東証PR","建設","46239","41731951","4.24","47","13.79","1.45","80.33","763.67","110800","100","20230725","1111","20230116","901"
"1930","北陸電気工事","東証PR","建設","29574","29963991","3.65","36","11.51","0.68","85.74","1454.73","98700","100","20230724","1008","20230104","653"
"1934","ユアテック","東証PR","建設","64208","72224462","3.15","28","10.1","0.47","88","1877.71","88900","100","20230704","893","20230106","709"
"1938","日本リーテック","東証PR","建設","37402","25617717","2.05","30","15.84","0.64","92.18","2275.78","146000","100","20230524","1510","20230210","833"
"1939","四電工","東証PR","建設","37599","16255470","4.32","100","9.34","0.65","247.7","3547.3","231300","100","20230725","2330","20230105","1701"
"1941","中電工","東証PR","建設","138718","58138117","4.36","104","17.2","0.66","138.7","3638.7","238600","100","20230725","2395","20230113","2051"
"1942","関電工","東証PR","建設","253736","205288338","2.83","35","10.84","0.85","114.02","1460.23","123600","100","20230725","1237","20230110","828"
"1944","きんでん","東証PR","建設","409462","205141080","2","40","14.33","0.77","139.24","2598.73","199600","100","20230725","2004","20230117","1376"
"1945","東京エネシス","東証PR","建設","36703","37261752","4.06","40","13.49","0.51","72.99","1934.43","98500","100","20230616","1010","20230316","865"
"1946","トーエネック","東証PR","建設","72004","19329990","3.49","130","8.7","0.59","427.94","6267.16","372500","100","20230510","3765","20230203","3290"
"1948","弘電社","東証ST","建設","8513","1794000","-","-","11.52","0.45","411.98","10512.81","474500","100","20230315","4825","20230110","4030"
"1949","住友電設","東証PR","建設","114213","35635879","2.93","94","11.94","1.2","268.32","2681.14","320500","100","20230703","3220","20230202","2222"
"1950","日本電設工業","東証PR","建設","131136","61537219","1.97","42","13.91","0.74","153.24","2883.17","213100","100","20230725","2202","20230210","1463"
"1951","エクシオグループ","東証PR","建設","319444","109812419","4.13","120","13.2","1.03","220.45","2832.22","290900","100","20230703","2938","20230106","2200"
"1952","新日本空調","東証PR","建設","57379","24282225","3.39","80","9.68","0.95","243.99","2487.19","236300","100","20230705","2387","20230330","1819"
"1959","九電工","東証PR","建設","291609","70864961","2.67","110","11","1.12","374.05","3681.85","411500","100","20230725","4133","20230113","3090"
"1960","サンテック","東証ST","建設","11220","17000000","4.55","30","13.31","0.35","49.58","1865.34","66000","100","20230707","700","20230207","591"
"1961","三機工業","東証PR","建設","89394","58161156","4.55","70","15.79","0.92","97.36","1666.36","153700","100","20230309","1576","20230406","1431"
"1963","日揮ホールディングス","東証PR","建設","511686","259409926","2.03","40","14.83","1.19","133.01","1651.54","197250","100","20230725","1978.5","20230317","1533"
"1964","中外炉工業","東証PR","建設","16232","7800000","3.84","80","11.27","0.66","184.64","3146.8","208100","100","20230703","2108","20230106","1586"
"1965","テクノ菱和","東証ST","建設","24399","22888604","3.38","36","9.55","0.54","111.61","1992.31","106600","100","20230724","1077","20230330","859"
"1966","高田工業所","東証ST","建設","7156","7220950","1.01","10","6.27","0.43","158.02","2301.96","99100","100","20230404","1514","20230713","963"
"1967","ヤマト","東証ST","建設","24370","26927652","2.98","27","9.68","0.67","93.47","1354.24","90500","100","20230510","1012","20230116","661"
"1968","太平電業","東証PR","建設","89708","20341980","2.72","120","9.99","0.95","441.5","4637.04","441000","100","20230622","4615","20230104","3165"
"1969","高砂熱学工業","東証PR","建設","179040","70239402","3.02","77","13.29","1.19","191.74","2151.02","254900","100","20230725","2558","20230110","1713"
"1971","中央ビルト工業","東証ST","金属製品","1254","2378740","-","-","25.81","0.51","20.42","1042.09","52700","100","20230627","578","20230118","509"
"1972","三晃金属工業","東証ST","建設","17919","3960000","4.09","185","7.33","0.76","617.27","5962.73","452500","100","20230705","4605","20230105","3025"
"1973","NECネッツエスアイ","東証PR","情報通信","286996","149321421","2.55","49","20.45","2.03","93.99","948.23","192200","100","20230619","2038","20230316","1551"
"1975","朝日工業社","東証PR","建設","33320","13600000","3.27","80","12.59","0.89","194.56","2753.4","245000","100","20230510","2569","20230106","1900"
"1976","明星工業","東証PR","建設","55710","56386718","3.64","36","10.54","0.83","93.78","1185.84","98800","100","20230725","1009","20230324","752"
"1979","大氣社","東証PR","建設","142052","33582009","3","127","15.1","1.12","280.11","3788.75","423000","100","20230725","4250","20230105","3255"
"1980","ダイダン","東証PR","建設","68486","22981901","3.69","110","9.82","0.78","303.6","3841.33","298000","100","20230724","3020","20230106","2104"
"1981","協和日成","東証ST","建設","16142","11800000","2.19","30","16.75","0.86","81.66","1582.99","136800","100","20230310","1559","20230703","1311"
"1982","日比谷総合設備","東証PR","建設","53095","23756321","3.85","86","13.5","0.81","165.6","2771.49","223500","100","20230523","2388","20230116","1876"
"1992","神田通信機","東証ST","建設","4646","2623227","3.44","61","23.43","0.8","75.6","2218.23","177100","100","20230613","1868","20230206","1390"
"1994","高橋カーテンウォール工業","東証ST","建設","4538","9553011","4.21","20","93.87","0.38","5.06","1252.12","47500","100","20230530","546","20230316","461"
"1997","暁飯島工業","東証ST","建設","3120","2200000","3.17","45","7.48","0.47","189.59","3030.62","141800","100","20230724","1467","20230612","1298"
"2001","ニップン","東証PR","食料品","145588","78824009","2.17","40","13.33","0.76","138.53","2421.48","184700","100","20230621","1885","20230116","1568"
"2002","日清製粉グループ本社","東証PR","食料品","523648","304357891","2.38","41","19.68","1.21","87.43","1425.24","172050","100","20230619","1873","20230307","1529"
"2003","日東富士製粉","東証ST","食料品","45281","9384728","3.65","176","10.98","0.97","439.28","4996.7","482500","100","20230725","4850","20230113","4215"
"2004","昭和産業","東証PR","食料品","91795","33985420","2.22","60","16.43","0.8","164.44","3378.49","270100","100","20230614","2740","20230110","2412"
"2009","鳥越製粉","東証ST","食料品","16221","26036374","2.25","14","13.81","0.44","45.12","1424.12","62300","100","20230515","639","20230116","568"
"2053","中部飼料","東証PR","食料品","32984","30371908","3.13","34","21.39","0.52","50.77","2070.58","108600","100","20230523","1125","20230331","1010"
"2055","日和産業","東証ST","食料品","5270","20830825","2.37","6","22.92","0.26","11.04","962.64","25300","100","20230424","261","20230330","235"
"2060","フィード・ワン","東証PR","食料品","28973","38477128","3.32","25","12.5","0.64","60.24","1172.57","75300","100","20230510","775","20230323","659"
"2107","東洋精糖","東証ST","食料品","9613","5456000","5.68","100","9.33","0.96","188.9","1834.32","176200","100","20230705","1805","20230112","845"
"2108","日本甜菜製糖","東証PR","食料品","29441","15325642","2.6","50","17.1","0.38","112.33","5102.17","192100","100","20230724","1941","20230113","1616"
"2109","DM三井製糖ホールディングス","東証PR","食料品","92501","32639780","4.23","120","12.19","0.85","232.4","3321.09","283400","100","20230725","2857","20230106","1949"
"2112","塩水港精糖","東証ST","食料品","7595","35000000","2.3","5","6.66","0.54","32.6","403.93","21700","100","20230710","218","20230202","190"
"2114","フジ日本精糖","東証ST","食料品","25821","29748200","3.46","30","12.6","1.09","68.9","798.84","86800","100","20230725","886","20230508","487"
"2117","ウェルネオシュガー","東証PR","食料品","72736","35053483","4.43","92","13.6","1","152.62","2083.71","207500","100","20230515","2151","20230206","1635"
"2120","LIFULL","東証PR","サービス","39064","134239870","-","-","15.01","1.2","19.39","243.43","29100","100","20230619","319","20230220","188"
"2121","MIXI","東証PR","サービス","208485","78230850","4.13","110","25.93","1.07","102.78","2480.51","266500","100","20230516","2966","20230116","2396"
"2122","インタースペース","東証ST","サービス","7434","6967200","2.34","25","8.7","1.2","122.67","890.37","106700","100","20230317","1598","20230106","940"
"2124","ジェイエイシーリクルートメント","東証PR","サービス","110261","41389300","3.19","85","19.74","8.41","134.98","316.68","266400","100","20230309","2750","20230601","2195"
"2127","日本M＆Aセンターホールディングス","東証PR","サービス","359509","336934800","2.16","23","32.1","6.49","33.24","164.48","106700","100","20230124","1787","20230407","887"
"2130","メンバーズ","東証PR","サービス","22159","13421500","1.88","31","20.56","3.39","80.31","487.21","165100","100","20230112","2022","20230410","1196"
"2134","燦キャピタルマネージメント","東証ST","サービス","3108","141288093","0","0","275","4.68","0.08","4.7","2200","100","20230619","41","20230501","8"
"2136","ヒップ","東証ST","サービス","4647","3975300","4.28","50","11.56","1.28","101.13","914.42","116900","100","20230705","1230","20230104","748"
"2138","クルーズ","東証ST","情報通信","10871","12957600","0","0","-","0.95","-","879.88","83900","100","20230515","1390","20230530","782"
"2139","中広","東証ST","サービス","2902","7044000","2.43","10","17.51","1.54","23.53","268.37","41200","100","20230703","421","20230130","369"
"2146","UTグループ","東証PR","サービス","114793","40363067","-","-","12.75","5.05","222.98","563.7","284400","100","20230621","3205","20230213","2213"
"2148","アイティメディア","東証PR","サービス","27547","20868900","2.27","30","12.93","2.77","102.05","476.37","132000","100","20230104","1633","20230531","1234"
"2150","ケアネット","東証GR","サービス","41716","46872000","0.67","6","19.83","3.9","44.88","228.07","89000","100","20230215","1276","20230601","805"
"2152","幼児活動研究会","東証ST","サービス","14483","11784000","1.79","22","12.64","1.52","97.2","810.21","122900","100","20230613","1486","20230314","1131"
"2153","E・Jホールディングス","東証PR","サービス","25887","16078920","3.42","55","7.86","0.84","204.74","1913.57","161000","100","20230629","1646","20230117","1276"
"2154","オープンアップグループ","東証PR","サービス","190294","91575411","2.26","47","21.17","2.84","98.14","732.97","207800","100","20230614","2226","20230110","1623"
"2156","セーラー広告","東証ST","サービス","2036","6078000","1.49","5","-","0.68","-","496.03","33500","100","20230510","374","20230104","278"
"2157","コシダカホールディングス","東証PR","サービス","89460","82300000","1.1","12","11.86","3.52","91.62","309.2","108700","100","20230623","1284","20230118","803"
"2158","FRONTEO","東証GR","サービス","28453","39353862","0","0","569.29","5.85","1.27","123.5","72300","100","20230126","942","20230316","583"
"2160","ジーエヌアイグループ","東証GR","医薬品","56606","47487843","0","0","51.47","2.67","23.16","446.56","119200","100","20230622","1694","20230428","998"
"2162","nmsホールディングス","東証ST","サービス","9250","21611000","1.64","7","12.09","2.66","35.39","161.19","42800","100","20230508","610","20230117","238"
"2163","アルトナー","東証PR","サービス","20087","10627920","3.39","64","21.83","5.08","86.58","372.31","189000","100","20230724","1936","20230130","983"
"2164","地域新聞社","東証GR","サービス","803","2159286","0","0","-","5.82","-52.33","63.94","37200","100","20230123","432","20230622","338"
"2168","パソナグループ","東証PR","サービス","69414","41690300","2.1","35","13.05","1.21","127.63","1378.4","166500","100","20230201","2198","20230627","1631"
"2169","CDS","東証ST","サービス","12090","6924400","3.67","64","10.91","1.52","159.97","1145.77","174600","100","20230331","1888","20230116","1690"
"2170","リンクアンドモチベーション","東証PR","サービス","47828","113068000","2.65","11.2","17.95","4.93","23.57","85.72","42300","100","20230201","673","20230602","399"
"2173","博展","東証GR","サービス","5498","8061260","2.2","15","20.85","2.62","32.71","260.63","68200","100","20230221","800","20230711","650"
"2175","エス・エム・エス","東証PR","サービス","240778","87159600","-","-","33.78","6.35","81.78","435.29","276250","100","20230202","3630","20230707","2672"
"2179","成学社","東証ST","サービス","4190","5876000","2.52","18","9.74","1.26","73.18","568.04","71300","100","20230329","754","20230330","693"
"2180","サニーサイドアップグループ","東証PR","サービス","10558","15191600","2.16","15","15.48","3.21","44.9","216.84","69500","100","20230707","780","20230116","501"
"2181","パーソルホールディングス","東証PR","サービス","630806","233199861","3.18","86","-","3.32","-","815.36","270500","100","20230519","2969","20230627","2512"
"2183","リニカル","東証PR","サービス","19174","24740000","1.94","15","17.37","2.31","44.63","335.65","77500","100","20230613","874","20230113","632"
"2185","シイエム・シイ","東証ST","サービス","21589","14364000","2.33","35","9.48","1.09","158.5","1373.31","150300","100","20230706","1580","20230208","1166"
"2186","ソーバル","東証ST","サービス","8674","8167498","3.11","33","18.99","2.16","55.93","490.77","106200","100","20230327","1148","20230106","988"
"2193","クックパッド","東証ST","サービス","17189","107429400","0","0","-","1.1","-","145.66","16000","100","20230124","232","20230710","156"
"2195","アミタホールディングス","東証GR","サービス","12851","17556360","0.55","4","20.72","6.41","35.33","114.11","73200","100","20230106","1206","20230725","723"
"2196","エスクリ","東証PR","サービス","5459","13786500","0","0","13.37","1.94","29.61","204.04","39600","100","20230511","468","20230105","299"
"2198","アイ・ケイ・ケイホールディングス","東証PR","サービス","18244","29956800","1.97","12","11.83","2.05","51.47","296.59","60900","100","20230403","729","20230707","591"
"2201","森永製菓","東証PR","食料品","212963","46959769","2.32","105","17.5","1.71","259.08","2645.25","453500","100","20230616","4715","20230210","3630"
"2204","中村屋","東証PR","食料品","18377","5976205","1.63","50","79.68","0.71","38.59","4318.94","307500","100","20230501","3230","20230106","3040"
"2206","江崎グリコ","東証PR","食料品","258263","68468569","2.12","80","23.99","0.97","157.26","3896.62","377200","100","20230622","3909","20230323","3270"
"2207","名糖産業","東証PR","食料品","28332","17265000","1.58","26","34.68","0.62","47.32","2640.51","164100","100","20230510","1749","20230515","1575"
"2208","ブルボン","東証ST","食料品","59250","27700000","1.26","27","23.36","0.96","91.57","2228.59","213900","100","20230329","2157","20230206","2090"
"2209","井村屋グループ","東証PR","食料品","29379","13086200","1.25","28","20.98","1.57","107","1425.61","224500","100","20230501","2356","20230110","2194"
"2211","不二家","東証PR","食料品","62940","25784659","1.23","30","18.51","1.14","131.91","2133.57","244100","100","20230508","2580","20230314","2366"
"2212","山崎製パン","東証PR","食料品","474599","220282860","1.02","22","29.77","1.24","72.36","1739.7","215450","100","20230724","2296","20230112","1471"
"2215","第一屋製パン","東証ST","食料品","2696","6929900","0","0","38.48","0.47","10.11","830.94","38900","100","20230220","416","20230116","360"
"2216","カンロ","東証ST","食料品","31412","15315604","2.05","42","16.93","2.17","121.13","946.11","205100","100","20230619","2190","20230106","1036"
"2217","モロゾフ","東証PR","食料品","26830","7088452","1.45","55","23.57","1.41","160.58","2681.04","378500","100","20230517","3850","20230320","3260"
"2220","亀田製菓","東証PR","食料品","96975","22318650","1.29","56","27.76","1.41","156.52","3076.11","434500","100","20230501","4600","20230531","4090"
"2221","岩塚製菓","東証ST","食料品","30814","5995000","0.76","39","20.58","0.46","249.81","11074.13","514000","100","20230628","5500","20230119","4110"
"2222","寿スピリッツ","東証PR","食料品","343270","31121520","0.63","70","43.72","12.94","252.26","852.13","1103000","100","20230719","11420","20230105","7460"
"2224","コモ","東証ST","食料品","9888","3630000","0.26","7","94.65","4.78","28.78","569.43","272400","100","20230307","2780","20230330","2680"
"2226","湖池屋","東証ST","食料品","32277","5335000","1.07","65","25.82","2.14","234.34","2821.18","605000","100","20230703","6160","20230119","5300"
"2229","カルビー","東証PR","食料品","366298","133929800","1.97","54","22.78","1.96","120.07","1393.74","273500","100","20230509","3090","20230313","2625"
"2264","森永乳業","東証PR","食料品","224730","47845343","1.92","90","3.68","0.95","1275.47","4927.3","469700","100","20230516","5510","20230301","4535"
"2266","六甲バター","東証PR","食料品","28360","21452125","1.51","20","257.7","0.89","5.13","1480.03","132200","100","20230518","1450","20230106","1225"
"2267","ヤクルト本社","東証PR","食料品","1507081","171045418","1.25","110","23.51","2.76","374.83","3195.09","881100","100","20230501","10430","20230106","8330"
"2268","B-Rサーティワンアイスクリーム","東証ST","食料品","39543","9644554","0.98","40","36.58","3.31","112.08","1238.71","410000","100","20230628","4230","20230306","3955"
"2269","明治ホールディングス","東証PR","食料品","978099","293459000","2.85","95","18.22","1.31","182.94","2553.69","333300","100","20230208","3405","20230303","3080"
"2270","雪印メグミルク","東証PR","食料品","140089","70751855","3.03","60","14.08","0.63","140.65","3151.74","198000","100","20230508","2072","20230210","1700"
"2281","プリマハム","東証PR","食料品","112164","50524399","2.93","65","14.68","0.99","151.24","2252.09","222000","100","20230508","2382","20230112","2069"
"2282","日本ハム","東証PR","食料品","420278","102958904","2.74","112","18.19","0.85","224.38","4808.7","408200","100","20230724","4119","20230116","3555"
"2286","林兼産業","東証ST","食料品","4375","8910000","3.05","15","6.99","0.44","70.28","1125.8","49100","100","20230515","511","20230213","448"
"2288","丸大食品","東証PR","食料品","40235","26505581","1.32","20","42.2","0.56","35.97","2731.03","151800","100","20230509","1553","20230110","1393"
"2291","福留ハム","東証ST","食料品","5022","3400000","0","0","54.76","2.21","26.97","667.1","147700","100","20230323","1592","20230330","1461"
"2292","S　Foods","東証PR","食料品","107936","32267721","2.51","84","10.58","0.94","316.24","3545.58","334500","100","20230614","3360","20230116","2626"
"2293","滝沢ハム","東証ST","食料品","6348","2102000","0.66","20","31.01","1.7","97.39","1781.14","302000","100","20230328","3145","20230330","2958"
"2294","柿安本店","東証PR","食料品","29163","12446700","3.63","85","12.92","1.44","181.4","1623.8","234300","100","20230420","2400","20230202","1995"
"2296","伊藤ハム米久ホールディングス","東証PR","食料品","207470","287355059","3.46","25","13.71","0.77","52.68","943.4","72200","100","20230509","768","20230112","673"
"2300","きょくとう","東証ST","サービス","2670","5551230","1.25","6","25.3","1.14","19.01","422.15","48100","100","20230707","558","20230329","450"
"2301","学情","東証PR","サービス","29673","15560000","2.52","48","16.2","2.18","117.7","873.73","190700","100","20230718","2046","20230111","1297"
"2303","ドーン","東証ST","情報通信","6428","3300000","0.87","17","17.67","2.72","110.25","715.55","194800","100","20230227","2469","20230106","1780"
"2304","CSSホールディングス","東証ST","サービス","5286","5285600","1.7","17","30.45","2.16","32.84","462.7","100000","100","20230614","1133","20230105","350"
"2305","スタジオアリス","東証PR","サービス","36588","17185650","3.29","70","15.39","1.29","138.37","1656.15","212900","100","20230703","2255","20230227","1999"
"2307","クロスキャット","東証PR","情報通信","19080","17005674","2.23","25","15.76","3.32","71.21","337.8","112200","100","20230126","1547","20230530","1057"
"2309","シミックホールディングス","東証PR","サービス","36447","18923569","2.6","50","4.58","0.9","420.58","2132.04","192600","100","20230414","2187","20230203","1669"
"2311","エプコ","東証PR","サービス","6885","9316000","4.33","32","21.55","1.47","34.29","503.38","73900","100","20230125","783","20230116","674"
"2315","CAICA_DIGITAL","東証ST","情報通信","7239","129269094","-","-","-","1.68","-","33.26","5600","100","20230104","86","20230518","47"
"2317","システナ","東証PR","情報通信","129403","450880000","3.48","10","15.37","3.25","18.67","88.19","28700","100","20230201","425","20230410","274"
"2321","ソフトフロントホールディングス","東証GR","情報通信","3180","30873299","0","0","-","7.46","-","13.81","10300","100","20230627","133","20230104","85"
"2323","fonfun","東証ST","情報通信","1849","3380920","0","0","21.72","3.08","25.18","177.84","54700","100","20230725","569","20230104","300"
"2325","NJS","東証PR","サービス","29069","10048000","2.77","80","15.33","1.16","188.66","2490.73","289300","100","20230725","2928","20230104","2033"
"2326","デジタルアーツ","東証PR","情報通信","75753","14133000","1.49","80","21.2","5.32","252.86","1007.27","536000","100","20230622","6560","20230427","4880"
"2327","日鉄ソリューションズ","東証PR","情報通信","360514","91501000","2.03","80","15.81","1.8","249.19","2191.6","394000","100","20230605","4265","20230105","3140"
"2329","東北新社","東証ST","情報通信","48465","46735334","1.83","19","13.72","0.6","75.6","1718.36","103700","100","20230714","1094","20230120","657"
"2330","フォーサイド","東証ST","情報通信","2540","32557704","-","-","19.07","2.39","4.09","32.61","7800","100","20230303","88","20230131","64"
"2331","綜合警備保障","東証PR","サービス","400558","510200210","2.19","17.2","15.58","1.26","50.38","622.1","78510","100","20230704","832","20230113","672"
"2332","クエスト","東証ST","情報通信","7968","5487768","3.17","46","11.8","1.24","123.02","1171.47","145200","100","20230613","1634","20230116","1186"
"2334","イオレ","東証GR","サービス","5571","2647992","0","0","63.39","7.94","33.19","265.12","210400","100","20230703","2576","20230104","919"
"2335","キューブシステム","東証PR","情報通信","18837","15750000","2.51","30","16.79","1.89","71.23","634.29","119600","100","20230613","1288","20230105","1000"
"2337","いちご","東証PR","不動産","137464","505381018","2.94","8","12.33","1.22","22.06","222.05","27200","100","20230113","305","20230526","242"
"2338","クオンタムソリューションズ","東証ST","情報通信","10540","13671131","0","0","-","40.26","-15.5","19.15","77100","100","20230308","1022","20230427","673"
"2340","極楽湯ホールディングス","東証ST","サービス","8599","22808300","0","0","-","-","-","-6.04","37700","100","20230526","390","20230105","223"
"2341","アルバイトタイムス","東証ST","サービス","4604","31537249","2.05","3","55.73","0.9","2.62","162.65","14600","100","20230510","165","20230117","120"
"2342","トランスジェニック","東証GR","サービス","5066","16999141","1.01","3","33.48","0.83","8.9","356.98","29800","100","20230126","358","20230720","293"
"2344","平安レイサービス","東証ST","サービス","10092","12306795","3.54","29","8.93","0.49","91.8","1667.15","82000","100","20230703","825","20230104","730"
"2345","クシム","東証ST","情報通信","4645","14746733","-","-","14.72","0.83","21.4","380.35","31500","100","20230302","650","20230712","299"
"2349","エヌアイデイ","東証ST","情報通信","20805","13109490","1.7","27","10.01","0.98","158.48","1612.81","158700","100","20230203","1849","20230529","1550"
"2351","ASJ","東証GR","情報通信","3856","7951100","0.41","2","59.36","1.52","8.17","320","48500","100","20230410","612","20230406","451"
"2353","日本駐車場開発","東証PR","不動産","75602","348398600","2.42","5.25","18.25","6.28","11.89","34.58","21700","100","20230104","308","20230718","211"
"2354","YE_DIGITAL","東証ST","情報通信","10700","18135800","1.69","10","17.84","2.24","33.08","263.02","59000","100","20230724","625","20230105","394"
"2359","コア","東証PR","情報通信","25961","14834580","2.57","45","11.91","1.65","146.97","1059.34","175000","100","20230621","1808","20230106","1413"
"2370","メディネット","東証GR","サービス","14299","219986757","0","0","-","2.88","-8.31","22.58","6500","100","20230217","107","20230316","63"
"2371","カカクコム","東証PR","サービス","405443","201763000","2.29","46","21.96","8.44","91.49","237.96","200950","100","20230119","2221","20230316","1763"
"2372","アイロムグループ","東証PR","サービス","23875","12338365","2.58","50","8.08","1.93","239.52","1003.4","193500","100","20230104","2584","20230316","1741"
"2373","ケア21","東証ST","サービス","9945","14844000","2.54","17","100.3","1.46","6.68","458.17","67000","100","20230220","736","20230313","620"
"2374","セントケア・ホールディング","東証PR","サービス","19474","24998733","3.21","25","9.62","1.32","80.98","589.7","77900","100","20230104","841","20230407","736"
"2375","ギグワークス","東証ST","サービス","5803","21979560","3.41","9","19.88","1.39","13.28","189.46","26400","100","20230220","330","20230630","259"
"2376","サイネックス","東証ST","サービス","4018","6470660","2.42","15","10.88","0.46","57.06","1338.9","62100","100","20230626","723","20230213","550"
"2378","ルネサンス","東証PR","サービス","19455","21379000","0.88","8","172.02","1.91","5.29","475.41","91000","100","20230309","961","20230116","861"
"2379","ディップ","東証PR","サービス","212294","60140000","2.35","83","20.96","5.36","168.38","658.48","353000","100","20230207","4075","20230320","3285"
"2384","SBSホールディングス","東証PR","陸運","132659","39718200","1.95","65","11.05","1.77","302.13","1886.8","334000","100","20230403","3405","20230116","2693"
"2385","総医研ホールディングス","東証GR","サービス","7455","26158200","1.75","5","13.55","1.06","21.03","268.1","28500","100","20230621","315","20230316","246"
"2388","ウェッジホールディングス","東証GR","その他金融","6211","40073478","0","0","-","1.74","-","89.05","15500","100","20230209","196","20230602","93"
"2389","デジタルホールディングス","東証PR","サービス","25056","23817700","-","-","-","0.65","0","1613.26","105200","100","20230124","1292","20230602","1002"
"2391","プラネット","東証ST","サービス","8749","6632800","3.22","42.5","17.85","1.66","73.9","793.11","131900","100","20230720","1604","20230301","1201"
"2393","日本ケアサプライ","東証ST","サービス","27831","16342400","4.11","70","16.54","1.65","102.97","1034.42","170300","100","20230725","1704","20230112","1512"
"2395","新日本科学","東証PR","サービス","84555","41632400","2.46","50","18.75","3.23","108.33","629.6","203100","100","20230306","3225","20230713","1988"
"2397","DNAチップ研究所","東証ST","サービス","4670","6353064","0","0","-","6.57","-9.13","111.86","73500","100","20230214","1125","20230104","455"
"2402","アマナ","東証GR","サービス","1663","5579200","0","0","-","-","-201.26","-537.12","29800","100","20230130","570","20230531","253"
"2404","鉄人化計画","東証ST","サービス","4940","13647362","0","0","-","21.9","-","16.53","36200","100","20230526","552","20230113","276"
"2408","KG情報","東証ST","サービス","2856","7398000","2.59","10","10.42","0.49","37.05","795.53","38600","100","20230710","445","20230104","335"
"2410","キャリアデザインセンター","東証PR","サービス","12204","7054400","2.89","50","10.85","2.89","159.4","599.05","173000","100","20230309","2315","20230116","1355"
"2411","ゲンダイエージェンシー","東証ST","情報通信","5145","12799700","4.48","18","12.67","1.19","31.72","337.88","40200","100","20230307","500","20230125","348"
"2412","ベネフィット・ワン","東証PR","サービス","227723","159190900","2.52","36","31.04","9.12","46.09","156.77","143050","100","20230201","2390","20230721","1371"
"2413","エムスリー","東証PR","サービス","2130599","678967200","-","-","42.61","7.06","73.65","444.22","313800","100","20230203","3755","20230707","2992"
"2415","ヒューマンホールディングス","東証ST","サービス","11405","10987200","4.09","42.5","7.35","0.77","141.29","1352.85","103800","100","20230725","1041","20230104","839"
"2418","ツカダ・グローバルホールディング","東証PR","サービス","23795","48960000","2.06","10","7.92","1.03","61.36","470.54","48600","100","20230616","502","20230106","339"
"2424","ブラス","東証PR","サービス","5372","5709300","0.64","6","6.96","1.43","135.24","655.97","94100","100","20230606","1300","20230714","899"
"2425","ケアサービス","東証ST","サービス","3192","4200000","2.11","16","8.45","1.24","89.9","610.61","76000","100","20230208","878","20230105","575"
"2427","アウトソーシング","東証PR","サービス","178075","126026200","3.04","43","9.89","2.16","142.94","653.02","141300","100","20230307","1443","20230116","916"
"2428","ウェルネット","東証PR","サービス","10961","19400000","2.91","16.43","17.19","1.4","32.87","404.96","56500","100","20230508","716","20230725","565"
"2429","ワールドホールディングス","東証PR","サービス","46474","17657300","3.93","103.5","7.64","1.33","344.72","1984.57","263200","100","20230515","3000","20230113","2373"
"2432","ディー・エヌ・エー","東証PR","サービス","211434","122145545","-","-","-","0.87","-","1983.78","173100","100","20230516","2053","20230316","1702"
"2433","博報堂DYホールディングス","東証PR","サービス","619010","389559436","2.01","32","21.72","1.61","73.16","986.05","158900","100","20230511","1627","20230116","1315"
"2435","シダー","東証ST","サービス","2685","11476000","1.71","4","8.58","2.95","27.27","79.37","23400","100","20230519","388","20230112","165"
"2436","共同ピーアール","東証ST","サービス","5589","8746992","1.41","9","12.1","2.14","52.81","298.03","63900","100","20230621","766","20230314","543"
"2437","Shinwa_Wise_Holdings","東証ST","サービス","7419","10066518","1.49","11","18.09","2.1","40.73","351.7","73700","100","20230720","843","20230426","461"
"2438","アスカネット","東証GR","サービス","14355","17464000","0.85","7","38.7","2.2","21.24","373.19","82200","100","20230307","1015","20230713","796"
"2440","ぐるなび","東証PR","サービス","21453","56903800","0","0","-","4.23","-13.81","89.08","37700","100","20230130","410","20230316","313"
"2445","タカミヤ","東証PR","サービス","24597","46585600","2.65","14","10.16","1.24","51.96","427.08","52800","100","20230706","566","20230110","357"
"2449","プラップジャパン","東証ST","サービス","5605","4679010","3.34","40","-","1.07","-","1124.05","119800","100","20230724","1200","20230106","911"
"2453","ジャパンベストレスキューシステム","東証PR","サービス","26039","34127177","2.36","18","26.47","2.71","28.82","281.39","76300","100","20230123","852","20230601","638"
"2454","オールアバウト","東証ST","サービス","7277","14103600","-","-","78.3","1.58","6.59","327.41","51600","100","20230124","636","20230627","510"
"2459","アウンコンサルティング","東証ST","サービス","1208","7502800","0","0","-","2.11","-","76.23","16100","100","20230309","190","20230106","155"
"2461","ファンコミュニケーションズ","東証PR","サービス","30849","76930032","4.74","19","15.63","1.56","25.66","256.37","40100","100","20230509","430","20230531","391"
"2462","ライク","東証PR","サービス","35138","20464800","3.38","58","9.55","2.13","179.78","806.38","171700","100","20230124","2270","20230609","1586"
"2464","ビジネス・ブレークスルー","東証PR","サービス","6176","14264100","2.54","11","13.5","1.22","32.08","353.5","43300","100","20230322","583","20230117","355"
"2468","フュートレック","東証ST","サービス","3051","9504200","-","-","-","1.66","-","193.18","32100","100","20230705","388","20230106","204"
"2469","ヒビノ","東証ST","サービス","18796","10265480","1.64","30","18.17","1.99","100.78","918.9","183100","100","20230705","2010","20230104","1320"
"2471","エスプール","東証PR","サービス","44955","79007500","1.76","10","18.52","5.74","30.72","99.19","56900","100","20230104","858","20230630","517"
"2475","WDBホールディングス","東証PR","サービス","41283","20060000","3.52","72.5","11.39","1.46","180.76","1405.74","205800","100","20230614","2247","20230316","1902"
"2477","手間いらず","東証PR","情報通信","24299","6479834","0.71","26.5","32.44","4.37","115.6","857.32","375000","100","20230123","5250","20230725","3750"
"2479","ジェイテック","東証GR","サービス","3009","8572400","-","-","16.45","2.62","21.34","134.06","35100","100","20230724","364","20230110","221"
"2480","システム・ロケーション","東証ST","情報通信","5009","3570000","2.71","38","11.25","1.56","124.71","901.52","140300","100","20230127","1528","20230614","1351"
"2481","タウンニュース社","東証ST","サービス","3797","5575320","2.35","16","8.45","0.87","80.61","782.16","68100","100","20230511","743","20230224","475"
"2483","翻訳センター","東証ST","サービス","6249","3369000","2.7","50","8.84","1.09","209.78","1700.12","185500","100","20230622","1900","20230104","1498"
"2484","出前館","東証ST","情報通信","57471","132421230","0","0","-","1.31","-128.76","330.88","43400","100","20230718","578","20230427","369"
"2485","ティア","東証ST","サービス","10192","22498100","4.42","20","14.31","1.3","31.66","349.3","45300","100","20230509","468","20230105","413"
"2487","CDG","東証ST","サービス","8599","6240000","1.23","17","25.13","1.36","54.84","1009.85","137800","100","20230705","1426","20230118","1020"
"2488","JTP","東証ST","サービス","5763","6015600","2.61","25","15.02","1.83","63.8","523.52","95800","100","20230606","1309","20230118","715"
"2489","アドウェイズ","東証PR","サービス","28395","42004900","1.16","7.84","19.55","1.75","34.57","385.57","67600","100","20230607","740","20230116","478"
"2491","バリューコマース","東証PR","サービス","45157","34471000","3.82","50","13.24","2.03","98.96","645.41","131000","100","20230127","2023","20230501","1290"
"2492","インフォマート","東証PR","サービス","100659","259431200","0.25","0.97","248.72","7.81","1.56","49.66","38800","100","20230202","444","20230316","251"
"2493","イーサポートリンク","東証ST","サービス","3779","4424800","0.59","5","31.49","1.13","27.12","754.89","85400","100","20230529","945","20230116","842"
"2497","ユナイテッド","東証GR","サービス","33947","40412690","5.71","48","9.95","1.24","84.45","675.65","84000","100","20230703","908","20230106","588"
"2498","オリエンタルコンサルタンツホールディングス","東証ST","サービス","18991","6126120","2.34","72.5","7.34","0.9","422.08","3447.33","310000","100","20230609","3150","20230316","2489"
"2499","日本和装ホールディングス","東証ST","サービス","2704","9134000","4.39","13","11.37","0.82","26.03","359.93","29600","100","20230424","319","20230215","285"
"2501","サッポロホールディングス","東証PR","食料品","288702","78794298","1.23","45","51.89","1.76","70.61","2081.05","366400","100","20230517","4065","20230123","2949"
"2502","アサヒグループホールディングス","東証PR","食料品","2870653","507003362","2.03","115","18.21","1.36","310.85","4161.13","566200","100","20230614","5815","20230105","3993"
"2503","キリンホールディングス","東証PR","食料品","1911174","914000000","3.3","69","14.98","1.74","139.54","1200.16","209100","100","20230426","2245","20230113","1906"
"2531","宝ホールディングス","東証PR","食料品","244033","199699743","2.21","27","16.11","1.18","75.87","1031.6","122200","100","20230725","1223.5","20230116","994"
"2533","オエノンホールディングス","東証PR","食料品","24070","65586196","1.36","5","42.72","1.17","8.59","314.38","36700","100","20230606","392","20230110","233"
"2540","養命酒製造","東証PR","食料品","30806","16500000","2.41","45","31.08","0.6","60.08","3097.62","186700","100","20230510","1916","20230111","1780"
"2573","北海道コカ・コーラボトリング","東証ST","食料品","33748","13607996","1.21","30","135","0.86","18.37","2892.37","248000","100","20230628","2760","20230106","2028"
"2579","コカ・コーラボトラーズジャパンホールディングス","東証PR","食料品","333433","206268593","3.09","50","-","0.62","-23.98","2594.18","161650","100","20230523","1628","20230210","1267"
"2585","ライフドリンクカンパニー","東証PR","食料品","44510","12976640","0.87","30","18.54","5.45","185","628.84","343000","100","20230621","4360","20230209","2170"
"2586","フルッタフルッタ","東証GR","食料品","2553","32725329","0","0","-","2.66","-8.17","29.34","7800","100","20230703","106","20230406","70"
"2587","サントリー食品インターナショナル","東証PR","食料品","1578372","309000000","1.57","80","20.91","1.61","244.34","3181.7","510800","100","20230522","5510","20230116","4240"
"2588","プレミアムウォーターホールディングス","東証ST","食料品","80366","29644432","2.58","70","16.68","4.78","162.51","567.71","271100","100","20230310","2799","20230201","2360"
"2590","ダイドーグループホールディングス","東証PR","食料品","84499","16568500","1.18","60","-","0.92","-","5526.49","510000","100","20230516","5190","20230117","4515"
"2593","伊藤園","東証PR","食料品","363540","89212380","1.03","42","26.63","2.89","153","1408.55","407500","100","20230302","4825","20230707","3802"
"2594","キーコーヒー","東証PR","食料品","46944","22689000","0.48","10","88.61","1.46","23.35","1412.75","206900","100","20230515","2118","20230324","2015"
"2597","ユニカフェ","東証ST","食料品","12690","13869200","-","-","41.88","2.1","21.85","434.91","91500","100","20230104","920","20230117","888"
"2599","ジャパンフーズ","東証ST","食料品","5600","5100000","2.46","27","7.57","0.71","145.14","1553.21","109800","100","20230509","1230","20230113","1060"
"2602","日清オイリオグループ","東証PR","食料品","126099","33716257","3.21","120","10.54","0.75","354.82","5015.63","374000","100","20230725","3755","20230116","3030"
"2607","不二製油グループ本社","東証PR","食料品","174570","87569383","2.61","52","10.71","0.84","186.12","2359.34","199350","100","20230502","2137","20230320","1828"
"2612","かどや製油","東証ST","食料品","32477","9400000","1.45","50","26.5","0.97","130.4","3566.01","345500","100","20230327","3670","20230718","3420"
"2613","J-オイルミルズ","東証PR","食料品","56227","33508446","2.09","35","19.47","0.59","86.17","2837.41","167800","100","20230724","1690","20230116","1487"
"2651","ローソン","東証PR","小売","694778","100300000","2.89","200","23.91","2.67","289.77","2591.07","692700","100","20230713","7320","20230112","4885"
"2652","まんだらけ","東証ST","小売","11411","7236000","0.06","1","27.49","1.16","57.36","1358.7","157700","100","20230518","2050","20230125","937"
"2653","イオン九州","東証ST","小売","84367","34833558","1.16","28","19.58","1.8","123.71","1346.26","242200","100","20230713","2457","20230227","2237"
"2654","アスモ","東証ST","小売","5543","15145175","2.73","10","18.66","0.79","19.61","465.93","36600","100","20230120","419","20230601","353"
"2656","ベクターホールディングス","東証ST","小売","5195","15147000","-","-","-","8.69","-","39.49","34300","100","20230719","422","20230519","185"
"2659","サンエー","東証PR","小売","149994","31981654","1.58","74","18.35","1.08","255.57","4338.7","469000","100","20230517","4925","20230116","3955"
"2664","カワチ薬品","東証PR","小売","53494","24583420","2.3","50","11.57","0.45","188.05","4818.93","217600","100","20230309","2377","20230531","2132"
"2666","オートウェーブ","東証ST","小売","2558","14451000","1.13","2","9.44","0.7","18.75","254.64","17700","100","20230309","244","20230106","160"
"2667","イメージワン","東証ST","卸売","7854","10803600","0","0","113.06","3.04","6.43","238.88","72700","100","20230619","922","20230104","603"
"2668","タビオ","東証ST","卸売","7611","6813880","2.69","30","24.23","1.87","46.1","598.09","111700","100","20230712","1250","20230307","1057"
"2669","カネ美食品","東証ST","小売","30050","10000000","1.26","38","16.15","1.11","186.08","2714.3","300500","100","20230711","3110","20230227","2756"
"2670","エービーシー・マート","東証PR","小売","638362","82539646","2.22","172","21","2.05","368.31","3769.13","773400","100","20230518","8270","20230210","6530"
"2673","夢みつけ隊","東証ST","小売","1161","10458000","0","0","188.14","0.54","0.59","206.24","11100","100","20230309","126","20230426","108"
"2674","ハードオフコーポレーション","東証PR","小売","21252","13954000","4.07","62","12.45","1.39","122.32","1099.3","152300","100","20230711","1567","20230119","1188"
"2676","高千穂交易","東証PR","卸売","31685","10171800","4.4","137","22.62","1.72","137.74","1811.32","311500","100","20230705","3300","20230106","2155"
"2678","アスクル","東証PR","小売","193282","97518800","1.82","36","18.75","3.01","105.69","658.2","198200","100","20230705","2389","20230316","1573"
"2681","ゲオホールディングス","東証PR","小売","75958","39520052","1.25","24","10.85","0.99","177.19","1946.46","192200","100","20230104","2147","20230323","1515"
"2683","魚喜","東証ST","小売","3006","2555856","0.85","10","85.78","3.76","13.71","313.12","117600","100","20230531","1200","20230106","1101"
"2685","アダストリア","東証PR","小売","138397","48800000","2.29","65","13.69","2.05","207.22","1384.38","283600","100","20230703","3235","20230116","2052"
"2686","ジーフット","東証ST","小売","12133","42572700","0","0","-","-","-51.69","-190.64","28500","100","20230130","305","20230329","266"
"2687","シー・ヴイ・エス・ベイエリア","東証ST","小売","4152","5064000","2.44","20","20.04","1.43","40.92","575.32","82000","100","20230719","974","20230106","399"
"2689","オルバヘルスケアホールディングス","東証ST","卸売","11025","6250000","3.97","70","8.11","1.09","217.55","1620.56","176400","100","20230628","2060","20230120","1488"
"2692","伊藤忠食品","東証PR","卸売","65381","12720000","1.95","100","12.79","0.65","401.98","7863.14","514000","100","20230501","5750","20230113","4700"
"2693","YKT","東証ST","卸売","3751","11906880","1.59","5","7.31","0.46","43.07","677.51","31500","100","20230130","372","20230316","266"
"2694","焼肉坂井ホールディングス","東証ST","小売","17270","239866162","-","-","423.53","2.31","0.17","31.19","7200","100","20230203","77","20230104","69"
"2695","くら寿司","東証PR","小売","126890","41399600","0.65","20","110.73","2.53","27.68","1210.3","306500","100","20230310","3475","20230106","2913"
"2698","キャンドゥ","東証ST","小売","44508","16770200","0.64","17","-","3.56","-44","745.39","265400","100","20230713","2671","20230111","2202"
"2700","木徳神糧","東証ST","卸売","7754","1706000","1.32","60","6.69","0.63","678.93","7187.37","454500","100","20230426","4695","20230322","3820"
"2702","日本マクドナルドホールディングス","東証ST","小売","732610","132960000","0.71","39","34.89","3.54","157.94","1555.5","551000","100","20230512","5930","20230104","4985"
"2705","大戸屋ホールディングス","東証ST","小売","30313","7251800","0.12","5","28","78.84","149.27","53.02","418000","100","20230705","4235","20230104","3120"
"2706","ブロッコリー","東証ST","その他製品","13095","8747642","-","-","-","1.4","-","1065.6","149700","100","20230707","1502","20230403","990"
"2708","久世","東証ST","卸売","4265","4626327","1.3","12","7.35","0.96","125.37","961.13","92200","100","20230324","1044","20230105","745"
"2715","エレマテック","東証PR","卸売","76953","42304946","4.89","89","10.27","1.14","177.06","1601.56","181900","100","20230309","1957","20230105","1482"
"2721","ジェイホールディングス","東証ST","卸売","1373","6728500","0","0","-","3.36","-","60.77","20400","100","20230407","501","20230721","201"
"2722","IKホールディングス","東証PR","小売","3091","8308000","1.34","5","21.18","1.49","17.56","249.52","37200","100","20230331","420","20230113","351"
"2726","パルグループホールディングス","東証PR","小売","185088","46272000","1.5","60","16.93","3.14","236.31","1273.65","400000","100","20230712","4330","20230105","2431"
"2730","エディオン","東証PR","小売","163528","112005636","3.01","44","12.5","0.71","116.81","2048.3","146000","100","20230704","1495","20230203","1248"
"2733","あらた","東証PR","卸売","87434","18027640","3.42","166","8.81","0.81","550.46","5977.02","485000","100","20230712","4890","20230410","3905"
"2734","サーラコーポレーション","東証PR","小売","48474","66041147","3.54","26","8.68","0.62","84.58","1185.48","73400","100","20230518","802","20230106","700"
"2735","ワッツ","東証PR","小売","8895","13898800","2.34","15","57.92","0.72","11.05","886.12","64000","100","20230104","725","20230711","620"
"2736","フェスタリアホールディングス","東証ST","小売","1884","1207900","1.28","20","61.32","1.4","25.44","1110.34","156000","100","20230427","1590","20230228","1421"
"2737","トーメンデバイス","東証PR","卸売","33738","6802000","2.42","120","39.69","0.78","124.98","6353.93","496000","100","20230309","7170","20230713","4750"
"2742","ハローズ","東証PR","小売","78304","21423900","1.15","42","12.05","1.4","303.28","2613.14","365500","100","20230629","3965","20230104","2869"
"2743","ピクセルカンパニーズ","東証ST","卸売","3159","67204600","0","0","-","4.1","-","11.46","4700","100","20230724","63","20230303","41"
"2747","北雄ラッキー","東証ST","小売","3807","1264640","1.66","50","19.12","0.72","157.45","4181.91","301000","100","20230220","3170","20230227","2870"
"2749","JPホールディングス","東証PR","サービス","28375","87849400","1.86","6","11.02","2.02","29.32","159.53","32300","100","20230613","407","20230104","290"
"2750","石光商事","東証ST","卸売","5872","8000000","3.54","26","7.05","0.54","104.12","1362.4","73400","100","20230116","888","20230406","676"
"2751","テンポスホールディングス","東証ST","卸売","35816","14314800","0.4","10","18.11","2.32","138.15","1079.84","250200","100","20230418","2623","20230104","2371"
"2752","フジオフードグループ本社","東証PR","小売","63881","45337860","-","-","6126.09","40.89","0.23","34.46","140900","100","20230607","1546","20230301","1296"
"2753","あみやき亭","東証PR","小売","23354","6848800","1.76","60","24.08","1.17","141.64","2925.83","341000","100","20230418","3875","20230113","2861"
"2754","東葛ホールディングス","東証ST","小売","1912","4840000","3.8","15","7.1","0.38","55.6","1027.44","39500","100","20230725","397","20230316","331"
"2760","東京エレクトロンデバイス","東証PR","卸売","105291","10445500","3.47","350","11.87","2.65","849.37","3804.45","1008000","100","20230614","11400","20230105","6420"
"2762","SANKO_MARKETING_FOODS","東証ST","小売","4407","22256203","0","0","-","36.13","-36.01","5.48","19800","100","20230518","311","20230320","143"
"2763","エフティグループ","東証ST","卸売","32733","30822268","5.18","55","8.48","1.57","125.23","676.97","106200","100","20230208","1175","20230518","1007"
"2764","ひらまつ","東証PR","小売","18610","74740400","0","0","-","3.91","-1.57","63.7","24900","100","20230510","347","20230117","179"
"2767","円谷フィールズホールディングス","東証PR","卸売","206118","69400000","1.01","30","22.85","4.97","129.97","598.18","297000","100","20230704","3170","20230119","1092"
"2768","双日","東証PR","卸売","777145","235000000","3.93","130","8.03","0.91","411.58","3629.34","330700","100","20230622","3372","20230105","2424"
"2769","ヴィレッジヴァンガードコーポレーション","東証ST","小売","8491","7861700","-","-","67.25","1.42","16.06","761.72","108000","100","20230719","1087","20230104","1036"
"2776","新都ホールディングス","東証ST","卸売","2685","31966100","0","0","19.13","2.37","4.39","35.51","8400","100","20230209","108","20230515","77"
"2778","パレモ・ホールディングス","東証ST","小売","2278","12051384","0","0","4.02","1.63","46.98","115.74","18900","100","20230330","243","20230105","174"
"2780","コメ兵ホールディングス","東証ST","小売","50375","11257000","1.7","76","12.26","2.05","365.08","2184.37","447500","100","20230710","5200","20230213","2191"
"2782","セリア","東証ST","小売","177086","75840000","3","70","20.67","1.8","112.97","1295.16","233500","100","20230106","3045","20230606","2199"
"2784","アルフレッサホールディングス","東証PR","卸売","441988","202840000","3.17","69","20.04","0.9","108.71","2411.89","217900","100","20230621","2232","20230117","1549"
"2788","アップルインターナショナル","東証ST","卸売","4779","13851400","1.45","5","10.2","0.58","33.82","597.7","34500","100","20230111","378","20230316","245"
"2789","カルラ","東証ST","小売","2463","6021112","-","-","-","1.7","-","240.21","40900","100","20230706","507","20230227","378"
"2790","ナフコ","東証ST","小売","57603","29784400","3","58","9.57","0.34","202.01","5665.24","193400","100","20230706","1974","20230104","1557"
"2791","大黒天物産","東証PR","小売","87858","14474200","0.48","29","22.85","1.71","265.64","3543.59","607000","100","20230707","6420","20230117","4650"
"2792","ハニーズホールディングス","東証PR","小売","45031","27900000","3.41","55","9.37","1.1","172.26","1462.57","161400","100","20230711","1840","20230104","1350"
"2795","日本プリメックス","東証ST","卸売","4292","5523592","2.57","20","10.22","0.6","76.01","1305.3","77700","100","20230703","875","20230105","689"
"2796","ファーマライズホールディングス","東証PR","小売","6043","9746645","3.23","20","13.01","0.88","47.64","708.01","62000","100","20230519","647","20230320","605"
"2798","ワイズテーブルコーポレーション","東証ST","小売","7867","3298400","0","0","23.84","20.45","100.06","116.63","238500","100","20230725","2385","20230227","1878"
"2801","キッコーマン","東証PR","食料品","1565413","193883202","0.85","69","35.22","3.77","229.27","2143.92","807400","100","20230623","8745","20230224","6170"
"2802","味の素","東証PR","食料品","2962101","529798154","1.32","74","31.15","3.85","179.48","1452.24","559100","100","20230607","5900","20230110","3828"
"2804","ブルドックソース","東証PR","食料品","26975","13954880","1.81","35","515.47","1.27","3.75","1517.85","193300","100","20230509","2104","20230117","1758"
"2805","ヱスビー食品","東証ST","食料品","49857","13622234","1.69","62","10.53","0.7","347.55","5207.1","366000","100","20230508","3680","20230104","3450"
"2806","ユタカフーズ","東証ST","食料品","16349","8832311","2.16","40","24.73","0.59","74.84","3116.45","185100","100","20230330","2054","20230623","1827"
"2809","キユーピー","東証PR","食料品","330049","141500000","2.14","50","38.14","1.21","61.15","1923.99","233250","100","20230710","2476","20230111","2116"
"2810","ハウス食品グループ本社","東証PR","食料品","338220","100750620","1.37","46","18.71","1.2","179.42","2791.64","335700","100","20230724","3405","20230110","2634"
"2811","カゴメ","東証PR","食料品","296784","94366944","1.21","38","66.03","2.28","47.63","1378.4","314500","100","20230502","3585","20230112","2904"
"2812","焼津水産化学工業","東証ST","食料品","9378","11450398","2.93","24","27.4","0.49","29.89","1663.12","81900","100","20230221","1018","20230531","790"
"2813","和弘食品","東証ST","食料品","7338","949319","0.66","51","18.38","1.14","420.46","6772.54","773000","100","20230417","10460","20230104","5910"
"2814","佐藤食品工業","東証ST","食料品","15799","9326460","2.07","35","15.3","0.36","110.73","4685.54","169400","100","20230508","1740","20230120","1587"
"2815","アリアケジャパン","東証PR","食料品","166898","32808683","2.01","102","23.48","1.46","216.65","3477.73","508700","100","20230501","5640","20230105","4130"
"2816","ダイショー","東証ST","食料品","13757","9868800","1.29","18","29.25","1.48","47.66","941.79","139400","100","20230329","1401","20230330","1353"
"2818","ピエトロ","東証PR","食料品","11382","6257230","1.32","24","91.87","2.18","19.8","834.57","181900","100","20230329","1905","20230130","1790"
"2819","エバラ食品工業","東証ST","食料品","30663","10468710","1.37","40","28.74","0.93","101.92","3152.8","292900","100","20230309","3240","20230713","2850"
"2820","やまみ","東証PR","食料品","9364","6967500","2.38","32","13.38","1.15","100.47","1164.88","134400","100","20230512","1475","20230301","1292"
"2830","アヲハタ","東証ST","食料品","20805","8292000","0.8","20","91.17","1.58","27.52","1585.44","250900","100","20230724","2520","20230124","2399"
"2831","はごろもフーズ","東証ST","食料品","31028","10325365","1.66","50","35.35","0.83","85.01","3612.87","300500","100","20230327","3050","20230613","2889"
"2871","ニチレイ","東証PR","食料品","426926","134042599","2.32","74","18.16","1.81","175.42","1757.7","318500","100","20230725","3235","20230203","2599"
"2872","セイヒョー","東証ST","食料品","6687","1620993","0.41","17","127.79","4.36","32.28","946.56","412500","100","20230323","4685","20230313","3310"
"2874","横浜冷凍","東証PR","卸売","71239","59266684","2","24","20.79","0.86","57.82","1403.41","120200","100","20230721","1205","20230320","922"
"2875","東洋水産","東証PR","食料品","679146","110881044","1.63","100","15.07","1.6","406.36","3840.08","612500","100","20230628","6695","20230113","4760"
"2876","デルソーレ","東証ST","食料品","3760","9105290","2.42","10","30.64","0.6","13.48","682.96","41300","100","20230515","431","20230329","379"
"2877","日東ベスト","東証ST","食料品","10529","12102660","1.38","12","30.07","0.7","28.93","1248.93","87000","100","20230725","872","20230330","740"
"2882","イートアンドホールディングス","東証PR","食料品","22110","10518713","0.48","10","47.72","2.53","44.05","829.87","210200","100","20230201","2363","20230725","2102"
"2883","大冷","東証ST","食料品","11884","6008300","3.03","60","10.66","1.26","185.63","1575.42","197800","100","20230510","2000","20230330","1839"
"2884","ヨシムラ・フード・ホールディングス","東証PR","食料品","25811","23876621","0","0","34.27","3.32","31.54","325.43","108100","100","20230322","1166","20230105","626"
"2892","日本食品化工","東証ST","食料品","18387","6400000","4.35","125","8.31","0.62","345.63","4614.86","287300","100","20230302","3780","20230518","2604"
"2894","石井食品","東証ST","食料品","4580","18392000","1.2","3","93.26","1.46","2.67","170.43","24900","100","20230403","272","20230330","241"
"2897","日清食品ホールディングス","東証PR","食料品","1203994","102861500","1.37","160","27.91","2.76","419.35","4247.09","1170500","100","20230509","13300","20230130","9910"
"2899","永谷園ホールディングス","東証PR","食料品","41167","19138703","1.44","31","10.44","1","206.01","2149.67","215100","100","20230516","2242","20230105","1981"
"2901","石垣食品","東証ST","食料品","2344","14295700","0","0","-","17.94","-","9.14","16400","100","20230519","256","20230104","140"
"2903","シノブフーズ","東証ST","食料品","10868","13000000","2.51","21","8.09","0.74","103.28","1125.61","83600","100","20230711","850","20230104","639"
"2904","一正蒲鉾","東証PR","食料品","13645","18590000","1.63","12","28.71","0.99","25.57","744.97","73400","100","20230510","802","20230213","698"
"2907","あじかん","東証ST","食料品","6699","7700000","1.72","15","17.9","0.47","48.61","1860.14","87000","100","20230201","915","20230330","810"
"2908","フジッコ","東証PR","食料品","55804","30050759","2.48","46","48.05","0.77","38.65","2407.06","185700","100","20230515","1950","20230314","1832"
"2910","ロック・フィールド","東証PR","食料品","39567","26788748","1.56","23","26.69","1.35","55.34","1096.3","147700","100","20230131","1606","20230601","1436"
"2911","旭松食品","東証ST","食料品","4117","1876588","1.14","25","20.13","0.54","109","4064.71","219400","100","20230105","2280","20230330","2180"
"2914","日本たばこ産業","東証PR","食料品","6216000","2000000000","6.05","188","12.54","1.57","247.9","1976.03","310800","100","20230627","3252","20230116","2538"
"2915","ケンコーマヨネーズ","東証PR","食料品","21567","16476000","1.91","25","37.03","0.57","35.35","2281.75","130900","100","20230104","1400","20230330","1190"
"2916","仙波糖化工業","東証ST","食料品","7627","11400000","2.24","15","25.39","0.7","26.35","950.5","66900","100","20230725","675","20230105","612"
"2917","大森屋","東証ST","食料品","4639","5098096","-","-","20.81","0.4","43.72","2269.13","91000","100","20230710","935","20230104","806"
"2918","わらべや日洋ホールディングス","東証PR","食料品","48418","17625660","2.55","70","14.99","0.94","183.23","2909.26","274700","100","20230721","2823","20230316","1691"
"2922","なとり","東証PR","食料品","29328","15032209","1.13","22","22.12","1.04","88.22","1874.14","195100","100","20230126","2096","20230601","1907"
"2923","サトウ食品","東証ST","食料品","26291","5075500","-","-","-","1.43","-","3620.44","518000","100","20230612","5360","20230119","4820"
"2924","イフジ産業","東証ST","食料品","10006","8345370","3","36","8.83","1.17","135.74","1022.65","119900","100","20230725","1206","20230208","890"
"2926","篠崎屋","東証ST","食料品","1343","14436600","-","-","-","1.2","-","77.5","9300","100","20230307","102","20230106","91"
"2927","AFC-HDアムスライフサイエンス","東証ST","食料品","12100","14387699","3.27","27.5","12.03","0.93","69.91","903.52","84100","100","20230206","997","20230316","720"
"2929","ファーマフーズ","東証PR","食料品","47166","29079000","1.36","22","18.38","6.19","88.27","261.92","162200","100","20230622","2344","20230112","1218"
"2930","北の達人コーポレーション","東証PR","化学","36538","141072000","0.81","2.1","38.43","5.92","6.74","43.74","25900","100","20230308","368","20230718","243"
"2931","ユーグレナ","東証PR","食料品","104301","117060465","0","0","-","4.64","-","191.97","89100","100","20230202","1058","20230525","853"
"2932","STIフードホールディングス","東証ST","食料品","20683","5926300","1.58","55","17.99","3.33","194.05","1047.21","349000","100","20230724","3580","20230215","2600"
"2933","紀文食品","東証PR","食料品","24428","22829781","1.59","17","12.84","1.81","83.36","591.35","107000","100","20230510","1124","20230106","924"
"2934","ジェイフロンティア","東証GR","食料品","21281","4972098","0","0","692.56","8.14","6.18","525.78","428000","100","20230725","4375","20230117","1980"
"2935","ピックルスホールディングス","東証PR","食料品","15662","12858430","1.81","22","13.29","0.88","91.64","1382.95","121800","100","20230703","1386","20230424","1100"
"2936","ベースフード","東証GR","食料品","24467","52280900","0","0","-","18.46","-16.73","25.35","46800","100","20230719","620","20230119","318"
"2937","サンクゼール","東証GR","食料品","22784","9106200","1.4","35","20.7","5.37","120.86","465.73","250200","100","20230410","4735","20230725","2480"
"2961","日本調理機","東証ST","金属製品","3150","1135572","3.6","100","10.03","0.5","276.52","5517.3","277400","100","20230724","2776","20230316","2451"
"2970","グッドライフカンパニー","東証ST","不動産","7986","4259100","0","0","13.05","2.79","143.64","671.61","187500","100","20230720","2085","20230113","617"
"2975","スター・マイカ・ホールディングス","東証PR","不動産","21216","34000000","3.21","20","6.94","0.93","89.89","671.25","62400","100","20230112","729","20230706","608"
"2978","ツクルバ","東証GR","不動産","12044","11569500","0","0","-","8.8","-21.71","118.31","104100","100","20230706","1155","20230323","630"
"2980","SREホールディングス","東証PR","不動産","58479","16176895","0","0","40.85","5.31","88.49","680.41","361500","100","20230619","4405","20230426","2915"
"2981","ランディックス","東証GR","不動産","10548","2827793","1.96","73","8.11","1.61","459.74","2313.89","373000","100","20230621","4290","20230106","2263"
"2982","ADワークスグループ","東証PR","不動産","9684","49158364","4.06","8","7.78","0.59","25.32","331.87","19700","100","20230621","223","20230105","139"
"2983","アールプランナー","東証GR","不動産","4320","5379480","1.87","15","10.78","1.03","74.49","778.19","80300","100","20230623","877","20230317","690"
"2984","ヤマイチ・ユニハイムエステート","東証ST","不動産","6522","7182500","3.63","33","6.16","0.6","147.43","1517.18","90800","100","20230327","960","20230516","785"
"2986","LAホールディングス","東証GR","不動産","28472","6057775","4.47","210","8.03","2.66","585.33","1769.87","470000","100","20230725","4700","20230113","2965"
"2987","タスキ","東証GR","不動産","15017","14087200","4.03","43","8.87","2.27","120.24","468.73","106600","100","20230208","1463","20230516","972"
"2991","ランドネット","東証ST","不動産","7410","5951800","1.49","18.5","6.75","1.09","184.43","1145.2","124500","100","20230609","1500","20230111","991"
"2993","長栄","東証ST","不動産","9157","4473400","3.91","80","7.95","0.94","257.58","2169.15","204700","100","20230317","2182","20230116","1772"
"2997","ストレージ王","東証GR","不動産","908","1845500","0","0","7.97","1.06","61.77","462.75","49200","100","20230201","610","20230329","463"
"2998","クリアル","東証GR","不動産","41691","5774400","0","0","86.21","13.35","83.75","540.8","722000","100","20230630","8990","20230104","1781"
"2999","ホームポジション","東証ST","不動産","2672","5990000","1.12","5","267.07","0.67","1.67","661.44","44600","100","20230704","632","20230721","417"
"3001","片倉工業","東証ST","繊維製品","57541","35215000","0.98","16","20.84","0.77","78.42","2131.85","163400","100","20230403","1879","20230706","1599"
"3002","グンゼ","東証PR","繊維製品","76437","17293516","3.39","150","15.7","0.65","281.54","6789.78","442000","100","20230309","4770","20230116","4025"
"3003","ヒューリック","東証PR","不動産","950670","767907735","3.72","46","10.89","1.36","113.7","909.33","123800","100","20230623","1275","20230117","1007"
"3004","神栄","東証ST","卸売","4469","4168500","3.73","40","5.14","0.94","208.66","1141.92","107200","100","20230427","1400","20230110","772"
"3010","ポラリス・ホールディングス","東証ST","サービス","13677","123214389","0","0","326.47","4.47","0.34","24.83","11100","100","20230508","112","20230201","89"
"3011","バナーズ","東証ST","小売","2793","20236086","2.9","4","14.08","0.9","9.8","152.66","13800","100","20230512","153","20230116","118"
"3020","アプライド","東証ST","小売","6323","2703200","3.42","80","5.75","0.68","406.94","3448.57","233900","100","20230725","2339","20230209","1846"
"3021","パシフィックネット","東証ST","サービス","8320","5285700","2.6","41","20.52","2.96","76.72","531.99","157400","100","20230630","1974","20230106","1005"
"3023","ラサ商事","東証ST","卸売","17688","11983838","4.61","68","8.46","0.82","174.39","1797.63","147600","100","20230227","1608","20230105","1129"
"3024","クリエイト","東証ST","卸売","3314","3969000","3.11","26","7.05","0.67","118.42","1243.51","83500","100","20230124","931","20230106","664"
"3028","アルペン","東証PR","小売","75754","38888000","2.57","50","15.02","0.67","129.7","2918.49","194800","100","20230508","2101","20230208","1868"
"3030","ハブ","東証PR","小売","11316","12830200","0.45","4","69.34","4.68","12.72","188.5","88200","100","20230309","1003","20230116","587"
"3031","ラクーンホールディングス","東証PR","情報通信","15493","22228743","2.58","18","29.05","2.9","23.99","240.65","69700","100","20230201","1219","20230713","667"
"3034","クオールホールディングス","東証PR","小売","65201","38902785","1.79","30","10.04","1.27","167","1314.69","167600","100","20230615","1858","20230316","1108"
"3035","ケイティケイ","東証ST","卸売","3922","5725000","2.19","15","11.41","0.98","60.04","702.4","68500","100","20230704","732","20230112","354"
"3036","アルコニックス","東証PR","卸売","44224","31012500","3.79","54","7.81","0.69","182.69","2075.25","142600","100","20230309","1433","20230601","1295"
"3038","神戸物産","東証PR","卸売","1007942","273600000","0.6","22","38.11","8.17","96.67","450.98","368400","100","20230522","4185","20230315","3340"
"3040","ソリトンシステムズ","東証PR","情報通信","24200","19738888","1.63","20","15.34","2.29","79.91","536.07","122600","100","20230703","1348","20230313","981"
"3041","ビューティ花壇","東証ST","卸売","5299","5076000","1.06","11.11","46.96","8.39","22.23","124.46","104400","100","20230517","2409","20230106","272"
"3042","セキュアヴェイル","東証GR","情報通信","2099","7690000","0","0","100","1.98","2.73","137.74","27300","100","20230530","324","20230106","241"
"3045","カワサキ","東証ST","卸売","4157","2901000","2.79","40","17.11","0.58","83.77","2466.1","143300","100","20230421","1465","20230104","1278"
"3046","ジンズホールディングス","東証PR","小売","85369","23980000","0.87","31","38.79","3.78","91.77","942.8","356000","100","20230105","4895","20230428","2909"
"3048","ビックカメラ","東証PR","小売","201505","188146304","1.4","15","23.5","1.34","45.57","798.31","107100","100","20230104","1290","20230526","1033"
"3050","DCMホールディングス","東証PR","小売","180148","149500000","3.32","40","8.82","0.68","136.67","1782.47","120500","100","20230421","1477","20230314","1108"
"3053","ペッパーフードサービス","東証PR","小売","5758","48798700","0","0","124.21","3.39","0.95","34.8","11800","100","20230324","194","20230725","118"
"3054","ハイパー","東証PR","卸売","4461","9848500","1.55","7","32.29","1.61","14.03","281.61","45300","100","20230130","463","20230324","427"
"3058","三洋堂ホールディングス","東証ST","小売","6334","7400000","0","0","-","2.39","-4.12","357.66","85600","100","20230228","919","20230330","848"
"3059","ヒラキ","東証ST","小売","5161","5155600","2","20","18.74","0.65","53.42","1531.13","100100","100","20230329","1048","20230525","993"
"3063","ジェイグループホールディングス","東証GR","小売","6960","11897400","-","-","252.16","5.77","2.32","101.31","58500","100","20230707","593","20230105","436"
"3064","MonotaRO","東証PR","小売","891903","501351000","0.9","16","38.79","11.9","45.86","149.55","177900","100","20230428","2124","20230316","1598"
"3065","ライフフーズ","東証ST","小売","6332","3660400","0","0","-","2.84","-30.69","609.45","173000","100","20230713","1733","20230227","1625"
"3067","東京一番フーズ","東証PR","小売","4579","8978800","-","-","44.04","2.89","11.58","176.47","51000","100","20230703","518","20230104","460"
"3068","WDI","東証ST","小売","14190","6331920","0.54","12","20.11","2.99","111.44","748.67","224100","100","20230302","2294","20230104","1972"
"3069","JFLAホールディングス","東証ST","小売","15631","47512136","-","-","-","3.21","-","102.51","32900","100","20230307","350","20230616","320"
"3070","アマガサ","東証GR","卸売","2840","11050000","0","0","-","10.4","-","24.71","25700","100","20230605","270","20230130","241"
"3071","ストリーム","東証ST","小売","3280","28525000","2.61","3","9.2","1.09","12.5","105.36","11500","100","20230703","123","20230327","109"
"3073","DDグループ","東証PR","小売","28734","18442720","-","-","15.37","4.36","101.36","357.6","155800","100","20230719","1732","20230117","660"
"3075","銚子丸","東証ST","小売","17465","14518000","0.5","6","39.15","1.98","30.73","609","120300","100","20230511","1235","20230106","1116"
"3076","あいホールディングス","東証PR","卸売","127668","56590410","3.32","75","13.36","1.68","168.92","1345.05","225600","100","20230519","2478","20230105","2025"
"3077","ホリイフードサービス","東証ST","小売","2756","5670000","-","-","119.7","24.6","4.06","19.76","48600","100","20230123","520","20230330","461"
"3079","ディーブイエックス","東証ST","卸売","9303","10780000","3.48","30","17.04","0.97","50.66","894.19","86300","100","20230309","1082","20230714","848"
"3080","ジェーソン","東証ST","小売","6739","12812000","2.47","13","10.7","1.17","49.17","448.65","52600","100","20230222","565","20230606","468"
"3082","きちりホールディングス","東証ST","小売","9031","10550400","0.58","5","173.28","17.83","4.94","48","85600","100","20230517","966","20230104","523"
"3083","シーズメン","東証ST","小売","2482","2882800","0","0","497.69","2.83","1.73","304.2","86100","100","20230316","1406","20230104","367"
"3085","アークランドサービスホールディングス","東証PR","小売","100943","33096000","0.98","30","29.42","3.91","103.66","779.83","305000","100","20230517","3075","20230105","2107"
"3086","J.フロントリテイリング","東証PR","小売","369187","270565764","2.42","33","14.03","0.99","97.24","1384.21","136450","100","20230518","1503","20230118","1081"
"3087","ドトール・日レスホールディングス","東証PR","小売","101573","45609761","1.62","36","18.24","1.01","122.1","2201.45","222700","100","20230721","2332","20230113","1630"
"3088","マツキヨココカラ＆カンパニー","東証PR","小売","1152455","142966710","1.12","90","26.75","2.33","301.29","3460.75","806100","100","20230622","8310","20230301","6110"
"3089","テクノアルファ","東証ST","卸売","2712","2316000","2.99","35","-","1.17","-","997.86","117100","100","20230630","1309","20230110","1000"
"3091","ブロンコビリー","東証PR","小売","44302","15079000","0.61","18","51.97","2.43","56.53","1211.29","293800","100","20230720","3045","20230117","2355"
"3092","ZOZO","東証PR","小売","863722","311644285","2.56","71","19.79","10.86","140.07","255.31","277150","100","20230130","3455","20230721","2744"
"3093","トレジャー・ファクトリー","東証PR","小売","34160","24347800","1.64","23","17.49","4.6","80.23","305.12","140300","100","20230420","1910","20230208","1043"
"3094","スーパーバリュー","東証ST","小売","11711","12673750","-","-","-","1.87","-","494.3","92400","100","20230117","1170","20230725","881"
"3096","オーシャンシステム","東証ST","小売","10595","10833000","1.43","14","15.53","1.01","62.99","963.84","97800","100","20230329","1000","20230104","950"
"3097","物語コーポレーション","東証PR","小売","128514","36354750","0.67","23.67","33.78","5.06","104.64","698.33","353500","100","20230704","3565","20230116","2093"
"3099","三越伊勢丹ホールディングス","東証PR","小売","587328","396977254","1.08","16","20.18","1.03","73.32","1430.07","147950","100","20230518","1543","20230118","1295"
"3101","東洋紡","東証PR","繊維製品","94525","89048792","3.77","40","23.44","0.49","45.29","2146.46","106150","100","20230711","1122","20230116","979"
"3103","ユニチカ","東証PR","繊維製品","13399","57752343","0","0","14.86","0.7","15.61","332.02","23200","100","20230619","251","20230316","204"
"3104","富士紡ホールディングス","東証PR","繊維製品","39789","11720000","3.24","110","17.7","0.91","191.85","3742.82","339500","100","20230725","3430","20230601","2975"
"3105","日清紡ホールディングス","東証PR","電気機器","205315","169192654","2.97","36","10.59","0.69","114.62","1748.45","121350","100","20230705","1272","20230120","933"
"3106","倉敷紡績","東証PR","繊維製品","47360","20000000","2.96","70","7.68","0.44","308.28","5386.2","236800","100","20230309","2716","20230117","2042"
"3107","ダイワボウホールディングス","東証PR","卸売","259681","96356460","2.37","64","12.34","1.76","218.48","1529.95","269500","100","20230615","2914","20230105","1851"
"3109","シキボウ","東証PR","繊維製品","12212","11810829","4.84","50","17.12","0.36","60.39","2875.97","103400","100","20230310","1105","20230118","937"
"3110","日東紡績","東証PR","ガラス土石","98155","37723012","1.73","45","37.9","0.91","68.66","2850.72","260200","100","20230619","2720","20230517","1790"
"3111","オーミケンシ","東証ST","繊維製品","2324","6602459","-","-","-","1.49","-151.58","235.66","35200","100","20230309","659","20230116","276"
"3113","Oakキャピタル","東証ST","証券・先物","6373","80676080","-","-","-","1.51","-","52.49","7900","100","20230310","91","20230117","76"
"3116","トヨタ紡織","東証PR","輸送用機器","491403","187665738","2.67","70","22.24","1.22","117.72","2144.33","261850","100","20230705","2658","20230104","1730"
"3121","マーチャント・バンカーズ","東証ST","サービス","8758","29489890","0.34","1","75.57","2.21","3.93","134.32","29700","100","20230105","319","20230614","262"
"3123","サイボー","東証ST","繊維製品","6365","13600000","3.42","16","9.1","0.39","51.45","1207.7","46800","100","20230509","480","20230118","413"
"3131","シンデン・ハイテックス","東証ST","卸売","6331","2110200","5","150","5.98","0.85","501.63","3548.68","300000","100","20230530","3370","20230105","2508"
"3132","マクニカホールディングス","東証PR","卸売","357841","60857382","2.55","150","8.64","1.78","680.35","3299.25","588000","100","20230615","6430","20230105","3055"
"3133","海帆","東証GR","小売","23991","39588900","0","0","-","90.04","-18.13","6.73","60600","100","20230705","910","20230104","241"
"3134","Hamee","東証PR","小売","17143","16280000","2.14","22.5","10.9","1.89","96.57","556.97","105300","100","20230615","1210","20230116","688"
"3135","マーケットエンタープライズ","東証PR","小売","8077","5324000","0","0","48.34","8.5","31.38","178.45","151700","100","20230630","1696","20230106","881"
"3137","ファンデリー","東証GR","小売","2157","6457500","0","0","42.23","6.26","7.91","53.37","33400","100","20230428","553","20230105","245"
"3138","富士山マガジンサービス","東証GR","小売","2410","3315620","2.2","16","8.62","1.12","84.29","648.91","72700","100","20230309","830","20230601","700"
"3139","ラクト・ジャパン","東証PR","卸売","19519","9943200","2.45","48","8.34","0.83","235.28","2377.56","196300","100","20230104","2324","20230314","1843"
"3140","BRUNO","東証GR","卸売","13967","14717350","0.42","4","-","2.31","-","411.29","94900","100","20230622","1025","20230105","902"
"3141","ウエルシアホールディングス","東証PR","小売","564709","209656076","1.26","34","20.08","2.53","134.14","1063.24","269350","100","20230523","3200","20230714","2686"
"3143","オーウイル","東証ST","卸売","3985","3150000","3.95","50","5.95","0.98","212.72","1286.55","126500","100","20230620","1333","20230406","1073"
"3148","クリエイトSDホールディングス","東証PR","小売","230861","66819342","1.56","54","16.8","1.88","205.64","1841.39","345500","100","20230522","3630","20230105","3140"
"3150","グリムス","東証PR","卸売","63141","23630800","0.82","22","21.67","6.15","123.31","434.39","267200","100","20230607","3185","20230130","1975"
"3151","バイタルケーエスケー・ホールディングス","東証PR","卸売","50190","51902976","4.03","39","9.63","0.51","100.41","1911.44","96700","100","20230310","1001","20230116","807"
"3153","八洲電機","東証PR","卸売","29624","21782500","1.84","25","14.41","1.19","94.36","1141.83","136000","100","20230629","1435","20230113","1027"
"3154","メディアスホールディングス","東証PR","卸売","17606","21925104","2.74","22","11.74","0.96","68.42","839.3","80300","100","20230615","936","20230110","674"
"3156","レスターホールディングス","東証PR","卸売","70701","30072643","4.89","115","10.1","0.88","232.81","2686.31","235100","100","20230615","2555","20230106","1980"
"3157","ジューテックホールディングス","東証ST","卸売","16658","13767052","3.64","44","8.03","0.78","150.69","1552.08","121000","100","20230206","1350","20230531","1104"
"3159","丸善CHIホールディングス","東証ST","小売","32949","92554085","0.56","2","16.47","0.71","21.61","499.88","35600","100","20230310","367","20230117","320"
"3160","大光","東証ST","卸売","8677","14883300","1.89","11","15.56","1.58","37.46","368.2","58300","100","20230104","675","20230602","561"
"3161","アゼアス","東証ST","卸売","3943","6085401","3.55","23","9.53","0.56","68.03","1166.95","64800","100","20230426","718","20230126","617"
"3166","OCHIホールディングス","東証PR","卸売","18266","13610970","3.87","52","8.45","0.8","158.81","1667.88","134200","100","20230309","1354","20230531","1210"
"3167","TOKAIホールディングス","東証PR","卸売","124734","139679977","3.58","32","13.72","1.45","65.1","614.09","89300","100","20230703","909","20230116","837"
"3168","黒谷","東証ST","卸売","8860","14337200","3.24","20","42.1","0.98","14.68","631.53","61800","100","20230112","623","20230317","560"
"3169","ミサワ","東証ST","小売","4374","7112400","1.63","10","11.6","1.41","53.04","435.46","61500","100","20230119","680","20230322","580"
"3172","ティーライフ","東証ST","小売","6714","4257200","3.3","52","12.04","1.13","130.94","1391.71","157700","100","20230706","1699","20230130","1242"
"3173","Cominix","東証PR","卸売","6010","6868840","4","35","7.89","0.83","110.94","1059.12","87500","100","20230627","902","20230116","725"
"3174","ハピネス・アンド・ディ","東証ST","小売","2383","2581600","1.63","15","-","1.21","-151.94","763.46","92300","100","20230112","950","20230227","895"
"3175","エー・ピーホールディングス","東証ST","小売","10758","12267150","-","-","105.54","-","8.31","-110.27","87700","100","20230216","915","20230117","445"
"3176","三洋貿易","東証PR","卸売","39160","29007708","3.11","42","8.62","0.95","156.62","1415.87","135000","100","20230621","1457","20230110","1081"
"3177","ありがとうサービス","東証ST","小売","2620","953600","4.08","112","8.18","1.07","335.76","2574.53","274800","100","20230222","3055","20230329","2300"
"3178","チムニー","東証ST","小売","25975","19340800","-","-","129.51","6.13","10.37","219.03","134300","100","20230510","1422","20230117","1090"
"3179","シュッピン","東証PR","小売","24625","23407991","3.14","33","10.38","3.42","101.37","307.83","105200","100","20230111","1251","20230406","817"
"3180","ビューティガレージ","東証PR","卸売","29266","6376000","0.52","24","30.74","4.8","149.3","955.79","459000","100","20230719","4850","20230117","3185"
"3181","買取王国","東証ST","小売","4204","3640100","-","-","14.87","1.7","77.67","680.26","115500","100","20230705","1513","20230105","713"
"3182","オイシックス・ラ・大地","東証PR","小売","87389","38028092","0","0","22.11","3.42","103.94","672.84","229800","100","20230517","3035","20230314","2058"
"3183","ウイン・パートナーズ","東証PR","卸売","32883","30503310","4.64","50","15.87","1.34","67.91","801.64","107800","100","20230309","1104","20230116","965"
"3184","ICDAホールディングス","東証ST","小売","6002","2100000","1.75","50","6.57","0.72","435.28","3943.4","285800","100","20230711","3135","20230516","2459"
"3185","夢展望","東証GR","小売","2313","14732000","0","0","-","8.35","-10.1","18.8","15700","100","20230509","189","20230529","148"
"3186","ネクステージ","東証PR","小売","294393","80766200","0.88","32","16.87","4.81","216.01","757.78","364500","100","20230710","3820","20230412","2161"
"3187","サンワカンパニー","東証GR","小売","12660","19181600","-","-","16.37","4.02","40.31","164.24","66000","100","20230111","1437","20230530","551"
"3189","ANAP","東証ST","小売","1451","5474800","0","0","-","-","-144.29","-62.58","26500","100","20230206","369","20230718","260"
"3190","ホットマン","東証ST","小売","4496","7275500","1.62","10","21.8","0.62","28.35","992.15","61800","100","20230508","687","20230111","553"
"3191","ジョイフル本田","東証PR","小売","112136","68584671","2.81","46","12.33","0.9","132.61","1809.5","163500","100","20230110","1957","20230706","1615"
"3192","白鳩","東証ST","小売","2334","6669700","-","-","129.63","1.09","2.7","322.27","35000","100","20230519","574","20230320","261"
"3193","鳥貴族ホールディングス","東証PR","小売","29939","11622300","0.39","10","63.92","4.49","40.3","574.35","257600","100","20230615","2767","20230313","1933"
"3195","ジェネレーションパス","東証GR","小売","2384","8277240","-","-","9.43","1.25","30.55","229.75","28800","100","20230309","343","20230516","262"
"3196","ホットランド","東証PR","小売","36793","21655600","0.41","7","56.6","3.52","30.02","483.28","169900","100","20230529","1772","20230216","1341"
"3197","すかいらーくホールディングス","東証PR","小売","411096","227502200","0.17","3","410.68","2.62","4.4","688.83","180700","100","20230517","1970","20230113","1500"
"3198","SFPホールディングス","東証PR","小売","57457","25788689","0.9","20","63.84","4.5","34.9","494.99","222800","100","20230721","2336","20230302","1681"
"3199","綿半ホールディングス","東証PR","小売","27306","19931196","1.68","23","14.73","1.28","92.99","1068.23","137000","100","20230309","1475","20230110","1317"
"3201","日本毛織","東証PR","繊維製品","91506","78478858","2.57","30","11.3","0.76","103.23","1544.25","116600","100","20230725","1178","20230116","911"
"3202","ダイトウボウ","東証ST","繊維製品","2940","30311000","1.55","1.5","14.65","0.61","6.62","158.25","9700","100","20230511","106","20230104","80"
"3204","トーア紡コーポレーション","東証ST","繊維製品","4282","8940448","2.51","12","15.25","0.36","31.4","1325.76","47900","100","20230725","484","20230111","339"
"3205","ダイドーリミテッド","東証ST","繊維製品","9638","35696897","0.74","2","-","0.61","-21.01","442.3","27000","100","20230322","315","20230602","223"
"3221","ヨシックスホールディングス","東証PR","小売","27035","10354200","0.92","24","33.11","3.07","78.85","851.44","261100","100","20230725","2678","20230316","2046"
"3222","ユナイテッド・スーパーマーケット・ホールディングス","東証ST","小売","146298","131681356","1.44","16","71.31","0.96","15.58","1162.11","111100","100","20230516","1189","20230410","1060"
"3223","エスエルディー","東証ST","小売","1689","1560864","0","0","35.19","6.86","30.75","157.62","108200","100","20230724","1373","20230329","590"
"3224","ゼネラル・オイスター","東証GR","小売","6227","4027700","0","0","50.16","6.09","30.82","253.71","154600","100","20230711","1625","20230105","1050"
"3228","三栄建築設計","東証PR","不動産","31423","21217600","5.06","75","4.61","0.54","321.3","2743.12","148100","100","20230404","1606","20230621","1292"
"3231","野村不動産ホールディングス","東証PR","不動産","633484","183034937","3.76","130","9.26","0.92","373.73","3756.3","346100","100","20230623","3632","20230116","2685"
"3232","三重交通グループホールディングス","東証PR","不動産","59982","107301583","2.15","12","13.29","1.06","42.07","525.52","55900","100","20230502","608","20230112","475"
"3236","プロパスト","東証ST","不動産","5237","35147915","2.68","4","6.19","0.59","24.07","252.97","14900","100","20230705","177","20230104","138"
"3237","イントランス","東証GR","不動産","2116","37131000","0","0","-","3.18","-7.58","17.9","5700","100","20230217","69","20230628","55"
"3238","セントラル総合開発","東証ST","不動産","4928","9681600","3.54","18","5.71","0.53","89.18","953.29","50900","100","20230213","670","20230104","470"
"3241","ウィル","東証ST","不動産","4391","11375000","4.27","16.5","7.07","1.11","54.59","347.87","38600","100","20230511","395","20230104","339"
"3242","アーバネットコーポレーション","東証ST","不動産","10510","31374100","5.37","18","7.77","0.83","43.1","403.92","33500","100","20230530","348","20230104","299"
"3244","サムティ","東証PR","不動産","105233","46584085","3.98","90","17.52","1.04","128.97","2162.66","225900","100","20230629","2269","20230117","1935"
"3245","ディア・ライフ","東証PR","不動産","37893","44896800","4.5","38","9.03","1.84","93.42","458.38","84400","100","20230724","851","20230105","587"
"3246","コーセーアールイー","東証ST","不動産","8294","10368000","4.5","36","7.13","0.89","112.24","902.39","80000","100","20230126","901","20230314","710"
"3248","アールエイジ","東証ST","不動産","2357","3181000","4.18","31","9.07","0.58","81.74","1275.46","74100","100","20230420","809","20230110","675"
"3252","地主","東証PR","不動産","34615","18285800","2.91","55","8.24","1.11","229.69","1707.62","189300","100","20230509","1986","20230106","1776"
"3254","プレサンスコーポレーション","東証ST","不動産","139677","69284196","1.88","38","8.5","0.82","237.22","2467.97","201600","100","20230629","2135","20230105","1483"
"3261","グランディーズ","東証GR","不動産","1222","3637874","0","0","117.48","0.65","2.86","517.14","33600","100","20230110","385","20230612","309"
"3264","アスコット","東証ST","不動産","19617","129916662","-","-","19.46","0.79","7.76","191.12","15100","100","20230106","191","20230406","142"
"3266","ファンドクリエーショングループ","東証ST","不動産","3316","37686371","-","-","14.4","1.26","6.11","70.1","8800","100","20230222","104","20230105","80"
"3267","フィル・カンパニー","東証PR","建設","4420","5778000","0","0","25.09","1.59","30.49","480.28","76500","100","20230308","1240","20230721","747"
"3271","THEグローバル社","東証ST","不動産","7869","28306000","-","-","5.37","2.15","51.76","129.03","27800","100","20230705","336","20230316","198"
"3275","ハウスコム","東証PR","不動産","7151","7790000","1.74","16","18.2","1.01","50.43","905.89","91800","100","20230301","1127","20230608","890"
"3276","JPMC","東証PR","不動産","20776","19025600","4.67","51","11.01","2.51","99.16","435.77","109200","100","20230616","1160","20230222","980"
"3277","サンセイランディック","東証ST","不動産","8611","8584900","3.19","32","9.13","0.71","109.88","1405.99","100300","100","20230725","1015","20230116","800"
"3280","エストラスト","東証ST","不動産","3959","6167000","3.43","22","4.62","0.51","138.84","1263.1","64200","100","20230710","725","20230203","566"
"3284","フージャースホールディングス","東証PR","不動産","38357","36916775","5.29","55","7.66","1.06","135.67","983.48","103900","100","20230725","1039","20230106","730"
"3286","トラストホールディングス","東証GR","不動産","1816","5204500","4.3","15","6.48","2.16","53.86","161.72","34900","100","20230616","398","20230201","295"
"3288","オープンハウスグループ","東証PR","不動産","647811","120567900","3.05","164","7.04","1.76","763.54","3056.66","537300","100","20230509","5800","20230213","4695"
"3289","東急不動産ホールディングス","東証PR","不動産","596668","719830974","3.38","28","9.49","0.86","87.37","964.77","82890","100","20230622","886","20230117","596"
"3291","飯田グループホールディングス","東証PR","不動産","717631","288379057","3.62","90","10.03","0.73","248.05","3427.77","248850","100","20230523","2587","20230104","1989"
"3293","アズマハウス","東証ST","不動産","6104","8063400","4.62","35","8.51","0.38","88.95","2008.28","75700","100","20230327","780","20230123","736"
"3294","イーグランド","東証ST","不動産","9811","6379100","5.2","80","5.77","0.91","266.52","1689.1","153800","100","20230306","1569","20230106","1432"
"3297","東武住販","東証ST","不動産","3003","2712400","3.34","37","7.69","0.74","143.86","1502.88","110700","100","20230529","1257","20230104","985"
"3299","ムゲンエステート","東証PR","不動産","21803","24361000","4.8","43","8.33","0.84","107.49","1060.66","89500","100","20230725","895","20230116","467"
"3300","アンビション_DX_ホールディングス","東証GR","不動産","6184","6871000","2.22","20","7.31","1.36","123.16","659.46","90000","100","20230720","946","20230105","537"
"3302","帝国繊維","東証PR","繊維製品","46628","27444400","2.94","50","15.84","0.75","107.23","2250.46","169900","100","20230509","1782","20230105","1463"
"3306","日本製麻","東証ST","卸売","2828","3673320","0.39","3","25.2","1.72","30.55","448.52","77000","100","20230124","1078","20230406","694"
"3315","日本コークス工業","東証PR","石油・石炭","34165","302349449","2.65","3","13.15","0.61","8.59","186.5","11300","100","20230705","125","20230316","81"
"3316","東京日産コンピュータシステム","東証ST","卸売","5752","6300000","2.52","23","12.19","1.45","74.88","630.37","91300","100","20230721","939","20230106","579"
"3317","フライングガーデン","東証ST","小売","2784","1449168","1.3","25","14.61","1.07","131.47","1792.21","192100","100","20230309","2170","20230120","1732"
"3319","ゴルフダイジェスト・オンライン","東証PR","小売","14400","18274000","1.21","9.5","26.08","-","30.21","-255.18","78800","100","20230123","1595","20230725","762"
"3320","クロスプラス","東証ST","卸売","8020","7718800","2.31","24","5.86","0.56","177.26","1867.29","103900","100","20230724","1151","20230404","731"
"3321","ミタチ産業","東証ST","卸売","8686","7961140","3.67","40","7.75","0.66","140.69","1643.99","109100","100","20230323","1510","20230105","1005"
"3322","アルファグループ","東証ST","卸売","4902","6962400","1.7","12","9.97","0.77","70.59","910.69","70400","100","20230111","779","20230104","670"
"3323","レカム","東証ST","卸売","7106","82630255","1.86","1.6","15.52","1.64","5.54","52.46","8600","100","20230614","113","20230516","71"
"3326","ランシステム","東証ST","サービス","1573","4380900","0","0","50.85","19.89","7.06","18.05","35900","100","20230525","503","20230112","314"
"3328","BEENOS","東証PR","小売","25952","13335995","-","-","9.34","1.77","208.37","1102.21","194600","100","20230308","2590","20230525","1753"
"3329","東和フードサービス","東証ST","小売","13426","8186400","-","-","29.41","2.2","55.76","745.52","164000","100","20230721","1648","20230104","1470"
"3333","あさひ","東証PR","小売","32801","26240800","3.6","45","9.6","0.88","130.2","1414.17","125000","100","20230123","1409","20230531","1237"
"3341","日本調剤","東証PR","小売","38458","32048000","2.08","25","11.22","0.64","106.97","1888.17","120000","100","20230428","1238","20230601","1080"
"3347","トラスト","東証ST","小売","7601","28150000","2.22","6","8","0.81","33.74","332.3","27000","100","20230213","318","20230602","256"
"3349","コスモス薬品","東証PR","小売","632213","40000800","0.76","120","26.3","2.97","601.03","5330.26","1580500","100","20230711","16330","20230316","11430"
"3350","メタプラネット","東証ST","卸売","2638","114692187","0","0","-","1.61","-","14.25","2300","100","20230104","48","20230531","21"
"3352","バッファロー","東証ST","小売","3181","2345874","3.69","50","7.94","0.53","170.69","2558.74","135600","100","20230703","1378","20230111","1085"
"3353","メディカル一光グループ","東証ST","小売","8832","4070000","1.84","40","10.66","0.67","203.62","3228.62","217000","100","20230704","2830","20230626","2145"
"3355","クリヤマホールディングス","東証ST","卸売","21118","22300200","3.17","30","5.62","0.53","168.49","1795.12","94700","100","20230703","965","20230106","776"
"3358","ワイエスフード","東証ST","小売","3398","6112200","0","0","1134.69","2.37","0.49","234.75","55600","100","20230323","713","20230131","332"
"3359","cotta","東証GR","卸売","6647","11134413","1.34","8","11.6","1.69","51.46","352.9","59700","100","20230517","680","20230119","302"
"3360","シップヘルスケアホールディングス","東証PR","卸売","231501","101669400","2.11","48","15.91","1.68","143.08","1357.05","227700","100","20230104","2696","20230714","2248"
"3361","トーエル","東証ST","小売","15551","20624040","2.65","20","10.59","0.79","71.19","953.93","75400","100","20230310","848","20230117","707"
"3370","フジタコーポレーション","東証ST","小売","928","3413300","0","0","42.17","-","6.45","-8.43","27200","100","20230217","328","20230327","236"
"3371","ソフトクリエイトホールディングス","東証PR","情報通信","46009","27550278","1.8","30","14.18","2.78","117.74","600.51","167000","100","20230309","1945","20230105","1494"
"3372","関門海","東証ST","小売","4214","14000900","0","0","22.91","7.2","13.14","41.83","30100","100","20230705","304","20230104","207"
"3374","内外テック","東証ST","卸売","8151","3546921","2.65","61","9.55","0.75","240.51","3071.85","229800","100","20230310","2793","20230516","2031"
"3375","ZOA","東証ST","小売","2383","1454000","3.54","58","5.47","0.83","299.86","1978.46","163900","100","20230725","1639","20230331","1263"
"3377","バイク王＆カンパニー","東証ST","卸売","11533","15315600","3.98","30","20.23","1.49","37.23","505.15","75300","100","20230127","1109","20230703","735"
"3382","セブン＆アイ・ホールディングス","東証PR","小売","5215825","886441983","1.92","113","18.23","1.49","322.68","3939.73","588400","100","20230309","6619","20230407","5430"
"3386","コスモ・バイオ","東証ST","卸売","5794","6048000","3.13","30","12.33","0.68","77.7","1419.23","95800","100","20230110","1019","20230524","937"
"3387","クリエイト・レストランツ・ホールディングス","東証PR","小売","232180","212814284","0.55","6","54.6","7.91","19.98","137.89","109100","100","20230724","1148","20230113","875"
"3388","明治電機工業","東証PR","卸売","19368","12717120","3.48","53","8.76","0.66","173.89","2306.54","152300","100","20230725","1532","20230104","1047"
"3391","ツルハホールディングス","東証PR","小売","519134","49488468","2.55","267","19.69","1.84","532.86","5690.49","1049000","100","20230626","11070","20230324","8340"
"3392","デリカフーズホールディングス","東証ST","卸売","9823","16372000","1.67","10","13.02","1.27","46.09","474.15","60000","100","20230512","670","20230104","471"
"3393","スターティアホールディングス","東証PR","卸売","12606","10240400","3.82","47","9.19","2.02","133.88","609.63","123100","100","20230330","1596","20230106","888"
"3395","サンマルクホールディングス","東証PR","小売","43755","22777370","2.6","50","78.96","1.3","24.33","1475.89","192100","100","20230516","1978","20230106","1660"
"3396","フェリシモ","東証ST","小売","10104","10043500","1.49","15","21.91","0.36","45.91","2779.47","100600","100","20230706","1049","20230119","980"
"3397","トリドールホールディングス","東証PR","小売","294225","87959752","0.22","7.5","112.02","4.19","29.86","798.9","334500","100","20230725","3345","20230105","2628"
"3399","丸千代山岡家","東証ST","小売","14029","2514100","0.29","16","43.11","5.32","129.44","1048.17","558000","100","20230720","5900","20230130","2341"
"3401","帝人","東証PR","繊維製品","296238","197953707","2","30","22.14","0.68","67.6","2209.82","149650","100","20230501","1538","20230113","1251"
"3402","東レ","東証PR","繊維製品","1296701","1631481403","2.26","18","16.74","0.83","47.47","958.78","79480","100","20230221","835","20230113","720"
"3405","クラレ","東証PR","化学","499116","354863603","3.41","48","10.02","0.72","140.43","1955.95","140650","100","20230704","1438","20230116","1007"
"3407","旭化成","東証PR","化学","1339708","1393932032","3.75","36","13.32","0.8","72.15","1198.3","96110","100","20230510","1017","20230323","894"
"3409","北日本紡績","東証ST","繊維製品","2488","19440694","0","0","164.1","2.57","0.78","49.86","12800","100","20230622","140","20230207","75"
"3415","TOKYO_BASE","東証PR","小売","16633","48493800","1.17","4","15.73","3","21.8","114.16","34300","100","20230317","569","20230105","275"
"3416","ピクスタ","東証GR","小売","1777","2278140","0","0","8.48","1.73","92","451.46","78000","100","20230215","883","20230116","672"
"3417","大木ヘルスケアホールディングス","東証ST","卸売","14016","14072100","-","-","-","0.57","-","1749.29","99600","100","20230725","1018","20230104","741"
"3418","バルニバービ","東証GR","小売","14799","9023880","0.61","10","27.93","5.15","58.71","318.53","164000","100","20230706","1760","20230130","965"
"3420","ケー・エフ・シー","東証ST","金属製品","10071","7378050","3.66","50","10.57","0.51","129.08","2657.3","136500","100","20230704","1410","20230105","1182"
"3421","稲葉製作所","東証ST","金属製品","28568","17922429","1.63","26","12.28","0.63","129.81","2543.6","159400","100","20230606","1700","20230130","1360"
"3422","J-MAX","東証ST","金属製品","7778","11857200","2.74","18","-","0.38","-62.2","1739.5","65600","100","20230508","794","20230531","568"
"3423","エスイー","東証ST","金属製品","9408","31256600","4.32","13","19.76","0.88","15.23","343.81","30100","100","20230127","351","20230531","280"
"3426","アトムリビンテック","東証ST","金属製品","4840","4105000","2.88","34","15.17","0.47","77.7","2503.13","117900","100","20230110","1305","20230629","1105"
"3431","宮地エンジニアリンググループ","東証PR","金属製品","29961","6919454","4.16","180","8.42","0.83","514.32","5217.96","433000","100","20230725","4335","20230105","3465"
"3433","トーカロ","東証PR","金属製品","87700","61200000","3.49","50","15.03","1.62","95.32","884.83","143300","100","20230703","1537","20230105","1128"
"3434","アルファ","東証ST","金属製品","12811","10200000","3.58","45","10.03","0.41","125.23","3085.65","125600","100","20230619","1372","20230117","904"
"3435","サンコーテクノ","東証ST","金属製品","9463","8745408","3.05","33","6.27","0.55","172.52","1973.48","108200","100","20230627","1095","20230106","903"
"3436","SUMCO","東証PR","金属製品","717684","350175139","-","-","-","1.29","-","1586.61","204950","100","20230529","2184","20230104","1727"
"3437","特殊電極","東証ST","金属製品","3489","1602000","1.65","36","19.79","0.5","110.06","4357.77","217800","100","20230403","2880","20230116","2116"
"3439","三ツ知","東証ST","金属製品","4933","5304040","-","-","-","0.52","-61.83","1781.19","93000","100","20230118","1161","20230724","930"
"3440","日創プロニティ","東証ST","金属製品","6904","7360000","3.2","30","3.2","0.53","292.76","1761.78","93800","100","20230725","939","20230104","541"
"3441","山王","東証ST","金属製品","5530","5000000","0.9","10","12.76","0.83","86.66","1331.09","110600","100","20230607","1458","20230323","891"
"3443","川田テクノロジーズ","東証PR","金属製品","34143","5917370","3.47","200","8.7","0.45","663.5","12864.33","577000","100","20230704","5940","20230105","3225"
"3444","菊池製作所","東証ST","金属製品","4725","12337700","2.61","10","271.63","1.01","1.41","380.25","38300","100","20230110","459","20230601","360"
"3445","RSTechnologies","東証PR","金属製品","78351","26301206","-","-","10.58","1.6","281.61","1860.41","297900","100","20230124","4140","20230515","2867"
"3446","ジェイテックコーポレーション","東証PR","金属製品","14072","5873000","0","0","65.11","6.16","36.8","388.79","239600","100","20230130","3410","20230712","2116"
"3447","信和","東証ST","金属製品","11071","14103000","4.08","32","12.04","0.7","65.2","1117.56","78500","100","20230214","826","20230407","709"
"3449","テクノフレックス","東証ST","金属製品","23197","21360000","4.97","54","14.73","0.9","73.72","1204.54","108600","100","20230502","1218","20230106","976"
"3452","ビーロット","東証PR","不動産","14784","20032400","-","-","5.89","1.16","125.2","636.22","73800","100","20230725","745","20230106","503"
"3454","ファーストブラザーズ","東証PR","不動産","15572","14445000","2.97","32","7.56","0.65","142.62","1664.29","107800","100","20230710","1098","20230320","820"
"3457","And_Doホールディングス","東証PR","不動産","20939","19569200","3.74","40","9.61","1.42","111.32","753.71","107000","100","20230623","1292","20230106","765"
"3458","シーアールイー","東証PR","不動産","40420","29247200","1.74","24","11.29","1.05","122.43","1316.02","138200","100","20230621","1482","20230209","1015"
"3461","パルマ","東証GR","不動産","2721","6752793","0.99","4","30.23","1.26","13.33","320.92","40300","100","20230724","460","20230515","285"
"3464","プロパティエージェント","東証PR","不動産","8556","7313000","3.85","45","6.49","0.9","180.2","1302.76","117000","100","20230309","1273","20230516","1022"
"3465","ケイアイスター不動産","東証PR","不動産","80262","15862100","4.66","236","6.64","1.56","761.57","3234.79","506000","100","20230724","5100","20230407","3955"
"3467","アグレ都市デザイン","東証PR","不動産","9051","5754000","4.96","78","6.18","1.63","254.45","967.93","157300","100","20230309","1694","20230531","1486"
"3469","デュアルタップ","東証ST","不動産","1621","3433500","2.65","12.5","16.2","0.73","29.13","644.62","47200","100","20230404","585","20230117","461"
"3474","G-FACTORY","東証GR","不動産","2929","6780000","0","0","23.13","1.55","18.68","278.44","43200","100","20230131","520","20230314","389"
"3475","グッドコムアセット","東証PR","不動産","25707","30530400","4.16","35","7.39","2.12","113.87","396.24","84200","100","20230306","921","20230427","755"
"3477","フォーライフ","東証GR","不動産","2440","4000000","2.87","17.5","10.16","0.73","60.01","840.61","61000","100","20230228","664","20230718","590"
"3479","ティーケーピー","東証GR","不動産","115807","42327285","0","0","17.07","3.04","160.31","900.66","273600","100","20230125","3240","20230511","2445"
"3480","ジェイ・エス・ビー","東証PR","不動産","56912","10861100","0.76","40","12.44","1.8","421.28","2908.25","524000","100","20230724","5290","20230220","3750"
"3482","ロードスターキャピタル","東証PR","不動産","36583","21444000","3.08","52.5","5.52","1.92","308.88","888.76","170600","100","20230623","1748","20230320","1301"
"3484","テンポイノベーション","東証PR","不動産","20149","17674400","1.75","20","21.78","6.07","52.34","187.69","114000","100","20230310","1340","20230608","1006"
"3486","グローバル・リンク・マネジメント","東証PR","不動産","11982","7988304","3.5","52.5","5.69","1.9","263.77","787.43","150000","100","20230705","1532","20230106","1034"
"3489","フェイスネットワーク","東証PR","不動産","14562","9960000","4.86","71","7.21","2.09","202.89","697.91","146200","100","20230623","1656","20230116","676"
"3490","アズ企画設計","東証ST","不動産","2296","1024000","-","-","3.29","1.31","681.3","1707.36","224200","100","20230710","2600","20230104","1366"
"3491","GA_technologies","東証GR","不動産","47036","36746535","-","-","109.22","2.38","11.72","538.1","128000","100","20230614","1747","20230421","1001"
"3494","マリオン","東証ST","不動産","1602","1602200","1.1","11","22.37","0.39","44.71","2534.59","100000","100","20230515","1086","20230106","914"
"3495","香陵住販","東証ST","不動産","3582","2705800","3.02","40","6.24","0.82","212.15","1606.96","132400","100","20230725","1324","20230104","1027"
"3496","アズーム","東証GR","不動産","39794","6011200","0.3","20","48.41","18.87","136.76","350.83","662000","100","20230629","7130","20230106","4650"
"3497","LeTech","東証GR","不動産","6943","4858638","2.24","32","5.41","1.77","264.13","807.18","142900","100","20230725","1490","20230105","666"
"3498","霞ヶ関キャピタル","東証GR","不動産","42486","8170420","1.15","60","21","4.44","247.6","1169.89","520000","100","20230706","5580","20230519","3475"
"3501","住江織物","東証PR","繊維製品","17861","7682162","3.01","70","11.35","0.51","204.93","4549.75","232500","100","20230714","2584","20230116","1786"
"3512","日本フエルト","東証ST","繊維製品","8334","19842089","3.1","13","13.39","0.44","31.36","946.58","42000","100","20230307","432","20230104","398"
"3513","イチカワ","東証ST","繊維製品","6865","4967151","4.34","60","15.43","0.32","89.56","4258.51","138200","100","20230724","1391","20230113","1300"
"3521","エコナックホールディングス","東証PR","サービス","4817","52932733","0","0","24.07","1.04","3.78","87.55","9100","100","20230419","127","20230104","86"
"3524","日東製網","東証ST","繊維製品","3683","2605000","3.54","50","18.34","0.58","77.12","2427.38","141400","100","20230426","1692","20230601","1333"
"3526","芦森工業","東証PR","輸送用機器","12568","6056939","3.61","75","8.31","0.68","249.75","3065.96","207500","100","20230725","2077","20230104","1093"
"3529","アツギ","東証PR","繊維製品","7759","17319568","0","0","14.36","0.23","31.2","1930.44","44800","100","20230725","451","20230127","380"
"3536","アクサスホールディングス","東証ST","小売","4155","30325252","2.92","4","17.32","1.96","7.91","70.01","13700","100","20230630","143","20230214","114"
"3537","昭栄薬品","東証ST","卸売","3540","3579105","3.64","36","9.67","0.46","102.27","2172.26","98900","100","20230206","1030","20230609","967"
"3538","ウイルプラスホールディングス","東証PR","小売","11711","10078400","3.54","41.17","6.37","1.19","182.3","977.33","116200","100","20230626","1356","20230104","1025"
"3539","JMホールディングス","東証PR","小売","51918","26679500","2.06","40","12.02","1.37","161.92","1415.68","194600","100","20230523","2106","20230106","1636"
"3540","歯愛メディカル","東証ST","卸売","39750","10000000","-","-","15.61","2.15","254.6","1850.03","397500","100","20230126","5360","20230620","3845"
"3541","農業総合研究所","東証GR","卸売","7863","22025900","-","-","-","8.65","-","41.28","35700","100","20230308","519","20230105","312"
"3542","ベガコーポレーション","東証GR","小売","6940","10644200","1.53","10","18.11","1.29","36.01","505.3","65200","100","20230619","688","20230104","455"
"3543","コメダホールディングス","東証PR","卸売","126202","46227900","1.94","53","21.41","3.12","127.52","875.13","273000","100","20230712","2792","20230323","2306"
"3544","サツドラホールディングス","東証PR","小売","10806","14236564","1.32","10","34.93","1.2","21.73","632.18","75900","100","20230425","903","20230602","732"
"3546","アレンザホールディングス","東証PR","小売","30435","30193386","3.77","38","8.32","1.05","121.17","959.89","100800","100","20230125","1051","20230320","941"
"3547","串カツ田中ホールディングス","東証ST","小売","14331","9428280","-","-","38.8","6.89","39.18","220.56","152000","100","20230417","1783","20230227","1479"
"3548","バロックジャパンリミテッド","東証PR","小売","33119","36676300","4.21","38","11.83","1.72","76.34","523.98","90300","100","20230718","960","20230227","776"
"3549","クスリのアオキホールディングス","東証PR","小売","248130","31532560","0.41","32","19.09","2.5","412.28","3144.09","786900","100","20230705","8487","20230407","6180"
"3550","スタジオアタオ","東証GR","小売","3018","14037000","2.33","5","60.22","1.2","3.57","179.4","21500","100","20230320","263","20230116","202"
"3551","ダイニック","東証ST","繊維製品","6642","8504747","3.2","25","8.17","0.29","95.63","2738.54","78100","100","20230310","836","20230106","606"
"3553","共和レザー","東証ST","化学","14994","24500000","3.27","20","17.35","0.44","35.27","1389.82","61200","100","20230725","621","20230116","487"
"3556","リネットジャパングループ","東証GR","小売","8115","12562000","0","0","20.9","3.79","30.91","170.41","64600","100","20230707","660","20230106","408"
"3557","ユナイテッド＆コレクティブ","東証GR","小売","4515","3538300","-","-","-","-","-18.04","-190.56","127600","100","20230725","1276","20230317","1172"
"3558","ジェイドグループ","東証GR","小売","18977","11487360","-","-","13.08","3.05","126.28","542.14","165200","100","20230419","1929","20230120","951"
"3559","ピーバンドットコム","東証PR","卸売","2293","4985206","-","-","21.18","1.72","21.72","267.46","46000","100","20230324","574","20230721","456"
"3560","ほぼ日","東証ST","小売","8736","2320200","1.2","45","36.39","2.06","103.46","1824.66","376500","100","20230713","3900","20230123","2910"
"3561","力の源ホールディングス","東証PR","小売","63372","30105400","0.67","14","34.67","8.26","60.72","254.77","210500","100","20230725","2135","20230104","873"
"3562","No.1","東証ST","卸売","7822","6940280","2.93","33","9.93","2.2","113.48","512.17","112700","100","20230703","1337","20230316","1040"
"3563","FOOD＆LIFE_COMPANIES","東証PR","小売","305146","116069184","0.86","22.5","50.68","4.65","51.87","565.48","262900","100","20230310","3710","20230105","2503"
"3565","アセンテック","東証PR","卸売","8975","13536800","1.06","7","17.59","3.28","37.69","202.25","66300","100","20230612","769","20230106","419"
"3566","ユニフォームネクスト","東証GR","小売","7104","9991848","0.42","3","21.02","2.61","33.83","272.93","71100","100","20230613","828","20230119","334"
"3569","セーレン","東証PR","繊維製品","157060","64633646","1.89","46","12.76","1.25","190.43","1951.14","243000","100","20230210","2570","20230524","2113"
"3571","ソトー","東証ST","繊維製品","10618","13933757","2.89","22","4.13","0.92","184.66","830.4","76200","100","20230510","883","20230601","711"
"3577","東海染工","東証ST","繊維製品","3940","3614252","-","-","17.21","0.55","63.35","1973.35","109000","100","20230508","1446","20230531","1036"
"3580","小松マテーレ","東証PR","繊維製品","31795","43140999","2.99","22","16.85","0.82","43.75","893.8","73700","100","20230110","775","20230531","635"
"3583","オーベクス","東証ST","繊維製品","2722","3092623","2.27","20","6.27","0.42","140.45","2100.85","88000","100","20230331","1028","20230705","825"
"3591","ワコールホールディングス","東証PR","繊維製品","184464","61000000","3.31","100","36.55","0.84","82.74","3617.03","302400","100","20230517","3070","20230214","2220"
"3593","ホギメディカル","東証PR","繊維製品","78802","25256963","2.56","80","22.07","0.89","141.4","3512","312000","100","20230117","3675","20230713","3010"
"3597","自重堂","東証ST","繊維製品","26119","2882848","5.52","500","16.32","0.73","555.04","12379.03","906000","100","20230628","10090","20230104","6340"
"3598","山喜","東証ST","繊維製品","2287","14950074","-","-","12.05","0.56","12.7","273.4","15300","100","20230719","160","20230104","132"
"3600","フジックス","東証ST","繊維製品","2214","1468093","3.32","50","-","0.24","-96.61","6347.89","150800","100","20230315","1583","20230104","1408"
"3604","川本産業","東証ST","繊維製品","5556","6000000","1.94","18","9.32","0.81","99.39","1146.87","92600","100","20230104","1155","20230320","885"
"3607","クラウディアホールディングス","東証ST","繊維製品","8526","9689200","0.8","7","17.39","2.06","50.61","428.11","88000","100","20230725","997","20230104","293"
"3608","TSIホールディングス","東証PR","繊維製品","65445","90144093","2.07","15","17.35","0.61","41.85","1187.57","72600","100","20230712","881","20230113","403"
"3611","マツオカコーポレーション","東証PR","繊維製品","12885","10081900","3.13","40","15.96","0.43","80.1","2950.89","127800","100","20230418","1521","20230104","1010"
"3612","ワールド","東証PR","繊維製品","60597","34390965","2.89","51","10.32","0.73","170.74","2426.19","176200","100","20230712","1815","20230116","1260"
"3622","ネットイヤーグループ","東証GR","情報通信","4850","6999000","0.87","6","23.21","1.83","29.86","378.86","69300","100","20230724","743","20230104","455"
"3623","ビリングシステム","東証GR","情報通信","6788","6564400","0.97","10","26.44","2.87","39.11","360.13","103400","100","20230113","1665","20230615","972"
"3624","アクセルマーク","東証GR","情報通信","2768","10646300","0","0","-","3.01","-19.21","86.51","26000","100","20230605","349","20230320","250"
"3625","テックファームホールディングス","東証GR","情報通信","4456","7515000","0.84","5","-","1.96","-11.29","301.86","59300","100","20230417","886","20230530","523"
"3626","TIS","東証PR","情報通信","850426","244445411","1.52","53","20.05","2.83","173.55","1227.44","347900","100","20230523","4095","20230224","3220"
"3627","JNSホールディングス","東証PR","情報通信","5470","12459800","1.37","6","14.25","0.93","30.81","471.01","43900","100","20230620","739","20230119","298"
"3628","データホライゾン","東証GR","情報通信","33635","12711780","-","-","-","8.38","-","315.67","264600","100","20230406","3035","20230510","2132"
"3632","グリー","東証PR","情報通信","112523","179749700","1.76","11","-","1.23","-","507.91","62600","100","20230222","765","20230707","601"
"3633","GMOペパボ","東証PR","情報通信","9390","5468700","3.2","55","15.81","3.7","108.58","464.28","171700","100","20230111","1951","20230516","1655"
"3634","ソケッツ","東証ST","情報通信","2552","2477400","0.29","3","-","3.26","-0.82","316.03","103000","100","20230327","1106","20230106","761"
"3635","コーエーテクモホールディングス","東証PR","情報通信","794197","336096924","2.12","50","24.04","5.24","98.3","450.72","236300","100","20230501","2540","20230224","2245"
"3636","三菱総合研究所","東証PR","情報通信","86883","16424080","2.84","150","13.15","1.26","402.34","4203.43","529000","100","20230622","5770","20230106","4635"
"3639","ボルテージ","東証ST","情報通信","2019","6513675","-","-","-","0.93","-","333.07","31000","100","20230627","395","20230518","285"
"3640","電算","東証ST","情報通信","9299","5837200","2.32","37","9.22","0.9","172.85","1775.89","159300","100","20230217","2140","20230113","1502"
"3641","パピレス","東証ST","情報通信","9305","10326880","1.11","10","18.95","0.88","47.54","1018.11","90100","100","20230428","1177","20230725","895"
"3645","メディカルネット","東証GR","情報通信","3921","10773000","0.82","3","15.32","1.72","23.76","211.94","36400","100","20230630","424","20230721","358"
"3646","駅探","東証GR","情報通信","2648","6018800","3.18","14","56.12","0.86","7.84","513.25","44000","100","20230208","506","20230406","400"
"3647","ジー・スリーホールディングス","東証ST","情報通信","3429","17860720","-","-","161.34","1.75","1.19","109.81","19200","100","20230522","268","20230123","142"
"3648","AGS","東証ST","情報通信","13670","17845932","1.44","11","22.17","1.01","34.55","761.23","76600","100","20230703","775","20230106","664"
"3649","ファインデックス","東証PR","情報通信","16205","26608800","1.81","11","16.91","3.83","36.02","158.92","60900","100","20230403","715","20230106","472"
"3652","ディジタルメディアプロフェッショナル","東証GR","情報通信","11979","3152400","0","0","99.61","3.83","38.15","993.3","380000","100","20230530","4385","20230512","2180"
"3653","モルフォ","東証GR","情報通信","6102","5414000","0","0","-","1.91","-64.14","590.97","112700","100","20230613","1545","20230116","867"
"3655","ブレインパッド","東証PR","情報通信","20806","22300596","0.86","8","38.28","4.04","24.37","231.14","93300","100","20230619","1065","20230316","600"
"3656","KLab","東証PR","情報通信","12656","41092200","0","0","-","0.98","-","315.47","30800","100","20230123","465","20230630","305"
"3657","ポールトゥウィンホールディングス","東証PR","情報通信","26633","38156000","2.29","16","13.3","1.52","52.49","460.41","69800","100","20230523","993","20230724","671"
"3659","ネクソン","東証PR","情報通信","2269490","854155102","0.38","10","-","2.62","-","1015.22","265700","100","20230419","3275","20230710","2546"
"3660","アイスタイル","東証PR","情報通信","39145","79563593","0","0","364.44","4.04","1.35","121.8","49200","100","20230616","765","20230224","416"
"3661","エムアップホールディングス","東証PR","情報通信","41971","36496388","1.04","12","27.72","6.75","41.49","170.49","115000","100","20230104","1414","20230316","968"
"3662","エイチーム","東証PR","情報通信","14011","19789200","2.26","16","-","1.38","0","513.45","70800","100","20230124","818","20230410","640"
"3663","セルシス","東証ST","情報通信","25136","36271180","1.3","9","119.9","2.93","5.78","236.47","69300","100","20230510","910","20230314","590"
"3664","モブキャストホールディングス","東証GR","情報通信","4017","44638408","-","-","9.56","5.67","9.41","15.88","9000","100","20230116","107","20230213","68"
"3665","エニグモ","東証PR","情報通信","15991","42642000","-","-","-","1.52","-","246.49","37500","100","20230105","685","20230724","360"
"3666","テクノスジャパン","東証PR","情報通信","12852","20400000","2.54","16","12.66","1.86","49.75","337.83","63000","100","20230629","703","20230116","453"
"3667","enish","東証ST","情報通信","5501","17243560","-","-","-","6.79","-","46.98","31900","100","20230615","945","20230216","318"
"3668","コロプラ","東証PR","情報通信","85836","130055005","-","-","-","1.13","-","582.16","66000","100","20230519","691","20230316","576"
"3670","協立情報通信","東証ST","情報通信","1871","1205600","3.54","55","11.2","0.98","138.58","1578.86","155200","100","20230328","1678","20230330","1479"
"3671","ソフトマックス","東証GR","情報通信","4524","5999364","2.65","20","11.54","1.59","65.32","475.48","75400","100","20230126","1004","20230601","688"
"3672","オルトプラス","東証ST","情報通信","4548","19435533","-","-","-","6","-","38.99","23400","100","20230228","286","20230213","178"
"3673","ブロードリーフ","東証PR","情報通信","43075","97896800","0.23","1","-","1.67","-27.12","263.51","44000","100","20230621","479","20230328","389"
"3674","オークファン","東証GR","情報通信","8640","10813700","0","0","562.68","1.83","1.42","435.8","79900","100","20230714","849","20230105","351"
"3675","クロス・マーケティンググループ","東証PR","情報通信","16476","19970464","1.45","12","14.2","2.47","58.1","333.71","82500","100","20230704","866","20230516","597"
"3676","デジタルハーツホールディングス","東証PR","情報通信","34642","23890800","1.45","21","15.37","3.66","94.35","395.65","145000","100","20230201","1950","20230627","1227"
"3677","システム情報","東証PR","情報通信","17399","23672000","2.59","19","14.47","3.03","50.78","242.84","73500","100","20230104","869","20230601","692"
"3678","メディアドゥ","東証PR","情報通信","19973","15130911","1.67","22","18.32","1.21","72.06","1090.69","132000","100","20230117","1838","20230316","1293"
"3679","じげん","東証PR","情報通信","83998","111700000","0.66","5","21.42","4.87","35.1","154.54","75200","100","20230719","827","20230117","357"
"3680","ホットリンク","東証GR","情報通信","5189","15965800","0","0","73.36","0.85","4.43","381.43","32500","100","20230202","394","20230426","307"
"3681","ブイキューブ","東証PR","情報通信","11107","24737400","0.89","4","31.14","1.83","14.42","245.82","44900","100","20230112","772","20230718","438"
"3682","エンカレッジ・テクノロジ","東証ST","情報通信","3552","6924200","3.9","20","19.53","1.02","26.27","501.76","51300","100","20230411","546","20230529","474"
"3683","サイバーリンクス","東証PR","情報通信","8048","11366712","1.84","13","28.21","1.14","25.1","620.9","70800","100","20230131","1026","20230522","664"
"3686","ディー・エル・イー","東証ST","情報通信","10841","42514200","0","0","67.82","4.07","3.76","62.63","25500","100","20230621","371","20230316","225"
"3687","フィックスターズ","東証PR","情報通信","47896","33635000","0.84","12","35.22","9.59","40.43","148.54","142400","100","20230620","1690","20230117","1135"
"3688","CARTAホールディングス","東証PR","情報通信","30977","25163971","4.39","54","310.08","1.22","3.97","1007.51","123100","100","20230206","1722","20230707","1191"
"3690","イルグルム","東証GR","情報通信","3779","6372415","1.25","7.4","21.87","1.99","27.12","297.43","59300","100","20230508","725","20230630","570"
"3691","デジタルプラス","東証GR","情報通信","2742","3690900","0","0","-","3.98","-","186.59","74300","100","20230310","1064","20230616","705"
"3692","FFRIセキュリティ","東証GR","情報通信","10942","8190000","0","0","68.16","6.04","19.6","221.14","133600","100","20230619","1733","20230316","903"
"3694","オプティム","東証PR","情報通信","52720","55146784","-","-","47.59","8.63","20.09","110.76","95600","100","20230130","1188","20230324","855"
"3695","GMOリサーチ","東証GR","情報通信","5417","1677000","3.56","114.84","14.06","2.83","229.69","1142.96","323000","100","20230206","3650","20230316","2830"
"3696","セレス","東証PR","情報通信","12296","11984500","1.95","20","14.6","1.32","70.27","778.99","102600","100","20230419","1485","20230104","871"
"3697","SHIFT","東証PR","情報通信","570145","17822614","0","0","89.51","20.48","357.4","1562.27","3199000","100","20230719","33840","20230222","21450"
"3698","CRI・ミドルウェア","東証GR","情報通信","6554","5578150","0","0","23.68","1.8","49.61","653.9","117500","100","20230713","1224","20230105","868"
"3708","特種東海製紙","東証PR","パルプ・紙","43558","13300000","3.05","100","9.74","0.54","336.3","6061.92","327500","100","20230620","3390","20230113","2782"
"3710","ジョルダン","東証ST","情報通信","3458","5255000","0.91","6","-","0.73","-17.64","900.27","65800","100","20230412","716","20230106","601"
"3712","情報企画","東証ST","情報通信","11755","4090000","3.13","90","11.07","1.6","259.73","1799.92","287400","100","20230120","3045","20230531","2761"
"3719","ジェクシード","東証ST","情報通信","6097","24291132","0","0","264.21","6.68","0.95","37.57","25100","100","20230703","320","20230215","148"
"3723","日本ファルコム","東証GR","情報通信","13241","10280000","0.78","10","14.39","1.46","89.5","884.92","128800","100","20230621","1311","20230213","1142"
"3726","フォーシーズHD","東証ST","小売","4128","8077670","-","-","-","6.04","-0.54","84.67","51100","100","20230721","516","20230118","432"
"3727","アプリックス","東証GR","情報通信","3681","22172630","0","0","-","1.59","-","104.63","16600","100","20230512","187","20230104","126"
"3733","ソフトウェア・サービス","東証ST","情報通信","59106","5488000","1.02","110","14.76","1.93","729.73","5591.34","1077000","100","20230719","11790","20230213","8350"
"3738","ティーガイア","東証PR","情報通信","99756","56074000","4.22","75","12.41","1.33","143.39","1333.28","177900","100","20230615","1787","20230112","1605"
"3741","セック","東証PR","情報通信","15232","5120000","2.39","71","16.93","1.99","175.73","1492.76","297500","100","20230306","3760","20230106","2517"
"3744","サイオス","東証ST","情報通信","3488","8874400","-","-","-","3.11","-","126.2","39300","100","20230511","410","20230419","361"
"3747","インタートレード","東証ST","情報通信","2896","7444800","0","0","79.88","2.17","4.87","179.53","38900","100","20230612","640","20230427","318"
"3750","サイトリ細胞研究所","東証ST","情報通信","8349","8929419","-","-","-","3.42","-3.36","273.41","93500","100","20230512","1320","20230516","730"
"3753","フライトホールディングス","東証ST","情報通信","3783","9456500","0","0","47.28","6.64","8.46","60.22","40000","100","20230126","512","20230427","373"
"3758","アエリア","東証ST","情報通信","9815","23649428","-","-","13.14","0.98","31.59","421.53","41500","100","20230619","429","20230426","361"
"3760","ケイブ","東証ST","情報通信","14130","6665300","0","0","-","3.91","-","542.61","212000","100","20230418","2911","20230112","1548"
"3762","テクマトリックス","東証PR","情報通信","77818","44518400","1.37","24","21.74","3.68","80.41","475.24","174800","100","20230607","1905","20230316","1341"
"3763","プロシップ","東証PR","情報通信","21229","15609800","3.68","50","12.06","2.59","112.76","525.5","136000","100","20230125","1575","20230418","1306"
"3765","ガンホー・オンライン・エンターテイメント","東証PR","情報通信","239038","87255916","-","-","-","1.42","-","1926.53","273950","100","20230621","3011","20230116","2036"
"3766","システムズ・デザイン","東証ST","情報通信","2783","3500000","3.27","26","11.73","0.65","67.8","1231.4","79500","100","20230105","885","20230615","702"
"3768","リスクモンスター","東証ST","情報通信","4445","7636922","2.58","15","11.16","0.75","52.16","774.13","58200","100","20230112","716","20230410","552"
"3769","GMOペイメントゲートウェイ","東証PR","情報通信","818017","76557545","0.77","82","65.52","10.14","163.07","1053.96","1068500","100","20230203","12360","20230427","10240"
"3770","ザッパラス","東証ST","情報通信","5092","13651000","2.68","10","-","0.79","-","473.32","37300","100","20230711","423","20230117","316"
"3771","システムリサーチ","東証PR","情報通信","21452","8360000","2.73","70","11.8","2.35","217.4","1091.55","256600","100","20230704","2807","20230330","2026"
"3772","ウェルス・マネジメント","東証ST","不動産","28387","18688100","-","-","6.13","1.75","247.75","868.98","151900","100","20230508","1708","20230323","1195"
"3773","アドバンスト・メディア","東証GR","情報通信","32390","18392724","-","-","30.24","2.81","58.24","625.63","176100","100","20230615","2129","20230116","1140"
"3774","インターネットイニシアティブ","東証PR","情報通信","472870","183141100","1.33","34.36","22.52","3.95","114.67","653.67","258200","100","20230517","3040","20230118","2247"
"3776","ブロードバンドタワー","東証ST","情報通信","8926","61557500","1.38","2","-","1.09","-9.49","132.61","14500","100","20230209","174","20230526","129"
"3777","FHTホールディングス","東証GR","情報通信","11880","282860380","0","0","-","4.08","-","10.3","4200","100","20230301","67","20230104","26"
"3778","さくらインターネット","東証PR","情報通信","39840","37620700","0.33","3.5","44.44","4.52","23.83","234.1","105900","100","20230620","1750","20230110","483"
"3779","ジェイ・エスコムホールディングス","東証ST","情報通信","1573","11567990","0","0","-","3","-","45.31","13600","100","20230725","157","20230216","104"
"3782","ディー・ディー・エス","東証GR","情報通信","435","48360814","0","0","-","0.43","-","20.84","900","100","20230111","80","20230725","8"
"3784","ヴィンクス","東証ST","情報通信","22785","17718000","3.42","44","10.24","1.77","125.64","725.36","128600","100","20230213","1499","20230725","1267"
"3787","テクノマセマティカル","東証ST","情報通信","1942","2593100","0","0","121.39","0.88","6.17","850.38","74900","100","20230224","939","20230113","555"
"3788","GMOグローバルサイン・ホールディングス","東証PR","情報通信","34541","11693000","1.3","38.46","38.41","4.33","76.91","682.33","295400","100","20230214","4600","20230725","2937"
"3791","IGポート","東証ST","情報通信","15191","5055400","1.1","33","21.93","2.31","137.03","1299.97","300500","100","20230703","3940","20230116","1936"
"3793","ドリコム","東証GR","情報通信","18614","29129591","0.78","5","16.56","3.27","38.59","195.7","63900","100","20230113","868","20230725","637"
"3796","いい生活","東証ST","情報通信","5096","7280700","0.71","5","23.68","2.63","29.56","265.9","70000","100","20230629","726","20230220","426"
"3798","ULSグループ","東証ST","情報通信","23110","6220800","1.21","45","16.54","2.72","224.64","1365.64","371500","100","20230630","3935","20230602","2899"
"3799","キーウェアソリューションズ","東証ST","情報通信","6104","9110000","2.99","20","7.69","0.69","87.07","971.15","67000","100","20230623","700","20230201","519"
"3800","ユニリタ","東証ST","情報通信","15040","8000000","3.62","68","17.74","1.25","106","1501.16","188000","100","20230626","1900","20230413","1781"
"3802","エコミック","東証ST","情報通信","2099","3815600","1.45","8","11.99","1.61","45.87","340.58","55000","100","20230203","575","20230210","499"
"3803","イメージ情報開発","東証GR","情報通信","915","2080000","0","0","444.44","2.47","0.99","177.94","44000","100","20230207","477","20230602","430"
"3804","システムディ","東証ST","情報通信","8616","6498000","1.66","22","13.67","2.22","96.99","598.16","132600","100","20230104","1461","20230615","1280"
"3807","フィスコ","東証GR","情報通信","5463","45908222","2.52","3","34.69","4.86","3.43","24.47","11900","100","20230220","151","20230530","113"
"3810","サイバーステップ","東証ST","情報通信","4708","11682982","-","-","-","2.19","-","184.13","40300","100","20230420","934","20230721","388"
"3814","アルファクス・フード・システム","東証GR","情報通信","3382","3979100","0","0","11.75","-","72.35","-57.78","85000","100","20230719","856","20230104","272"
"3815","メディア工房","東証GR","情報通信","3074","11300000","-","-","91.28","2.07","2.98","131.26","27200","100","20230622","334","20230713","261"
"3816","大和コンピューター","東証ST","情報通信","3831","3949762","1.75","17","11.22","0.8","86.48","1205.59","97000","100","20230724","976","20230207","877"
"3817","SRAホールディングス","東証PR","情報通信","48311","15240000","4.42","140","10.93","1.52","289.93","2087.73","317000","100","20230622","3350","20230320","2879"
"3823","THE_WHY_HOW_DO_COMPANY","東証ST","情報通信","3260","34680693","0","0","-","4.02","-8.28","23.41","9400","100","20230210","145","20230517","92"
"3825","リミックスポイント","東証ST","情報通信","26139","122717800","-","-","-","1.5","-","141.75","21300","100","20230323","383","20230215","206"
"3826","システムインテグレータ","東証ST","情報通信","4719","11078400","2.35","10","13.84","1.65","30.78","258.2","42600","100","20230327","481","20230118","410"
"3834","朝日ネット","東証PR","情報通信","20896","32000000","3.52","23","13.06","1.53","49.99","427.08","65300","100","20230719","685","20230116","565"
"3835","eBASE","東証PR","情報通信","33770","47164800","1.01","7.2","32.46","5.21","22.06","137.32","71600","100","20230621","842","20230106","541"
"3836","アバントグループ","東証PR","情報通信","54361","37645851","1.04","15","26.77","4.51","53.94","320.49","144400","100","20230623","1565","20230105","1255"
"3837","アドソル日進","東証PR","情報通信","15361","9394965","2.39","39","16.98","2.32","96.31","703.97","163500","100","20230509","1910","20230106","1296"
"3839","ODKソリューションズ","東証PR","情報通信","4682","8200000","1.75","10","19.26","0.8","29.64","715.95","57100","100","20230509","632","20230714","548"
"3840","パス","東証ST","情報通信","5773","52009516","0","0","-","5.31","-1.75","20.91","11100","100","20230627","132","20230106","53"
"3841","ジーダット","東証ST","情報通信","3675","3909800","3.19","30","13.4","1.1","70.14","857.9","94000","100","20230725","940","20230106","815"
"3842","ネクストジェン","東証GR","情報通信","2193","3041800","0.42","3","27.41","1.22","26.3","590.53","72100","100","20230627","1060","20230316","628"
"3843","フリービット","東証PR","情報通信","28893","23414000","-","-","9.85","2.99","125.25","412.94","123400","100","20230612","1917","20230104","972"
"3844","コムチュア","東証PR","情報通信","65128","32241600","2.28","46","20.44","4.26","98.83","473.67","202000","100","20230130","2515","20230707","1891"
"3845","アイフリークモバイル","東証ST","情報通信","2141","17839641","-","-","26.09","2.61","4.6","45.98","12000","100","20230524","158","20230518","115"
"3847","パシフィックシステム","東証ST","情報通信","4588","1480000","4.26","132","8.54","0.81","362.93","3833.81","310000","100","20230328","3165","20230106","2950"
"3848","データ・アプリケーション","東証ST","情報通信","6569","7414000","2.54","22.5","16.03","1.34","55.26","660.7","88600","100","20230111","1082","20230630","853"
"3850","エヌ・ティ・ティ・データ・イントラマート","東証ST","情報通信","9330","4955000","1.86","35","65.16","1.93","28.9","975.42","188300","100","20230724","1920","20230518","1520"
"3851","日本一ソフトウェア","東証ST","情報通信","5901","5131400","0.43","5","-","0.85","-","1352.33","115000","100","20230120","1251","20230105","1110"
"3852","サイバーコム","東証ST","情報通信","11575","8021600","2.08","30","14.29","1.69","100.99","855.66","144300","100","20230510","1620","20230316","1340"
"3853","アステリア","東証PR","情報通信","14780","17491265","-","-","-","1.99","-","424.74","84500","100","20230711","890","20230427","609"
"3854","アイル","東証PR","情報通信","66288","25042528","0.94","25","32.42","9.59","81.65","276.12","264700","100","20230608","3190","20230106","1658"
"3856","Abalance","東証ST","電気機器","155439","17465033","-","-","26.25","13.38","338.99","665.07","890000","100","20230516","13620","20230105","2265"
"3857","ラック","東証ST","情報通信","23501","31293120","3.46","26","18.13","1.53","41.43","491.17","75100","100","20230104","825","20230530","680"
"3858","ユビキタスAI","東証ST","情報通信","4320","10459000","0","0","860.42","1.87","0.48","220.86","41300","100","20230619","500","20230105","352"
"3861","王子ホールディングス","東証PR","パルプ・紙","559533","1014381817","2.9","16","8.41","0.58","65.58","945.27","55160","100","20230622","570","20230203","513"
"3863","日本製紙","東証PR","パルプ・紙","147062","116254892","-","-","9.74","0.37","129.83","3415.75","126500","100","20230613","1286","20230119","911"
"3864","三菱製紙","東証PR","パルプ・紙","25995","44741433","0.86","5","6.35","0.35","91.44","1646.59","58100","100","20230704","604","20230118","272"
"3865","北越コーポレーション","東証PR","パルプ・紙","162290","188053114","2.09","18","16.12","0.64","53.55","1339.89","86300","100","20230523","965","20230216","739"
"3877","中越パルプ工業","東証PR","パルプ・紙","17989","13354688","3.71","50","6.71","0.34","200.77","3985.64","134700","100","20230704","1424","20230213","949"
"3878","巴川製紙所","東証ST","パルプ・紙","7376","10389406","2.11","15","12.27","0.57","57.85","1251.36","71000","100","20230310","789","20230601","640"
"3880","大王製紙","東証PR","パルプ・紙","194534","169012926","1.39","16","47.82","0.81","24.07","1414.73","115100","100","20230512","1177","20230118","952"
"3891","ニッポン高度紙工業","東証ST","パルプ・紙","23233","10953582","2.36","50","10.38","1.06","204.24","2002.65","212100","100","20230718","2220","20230106","1828"
"3892","岡山製紙","東証ST","パルプ・紙","5000","5500000","1.98","18","7.5","0.4","121.25","2280.99","90900","100","20230529","951","20230104","808"
"3895","ハビックス","東証ST","パルプ・紙","3303","8175280","2.97","12","12.51","0.51","32.3","790.12","40400","100","20230710","426","20230316","338"
"3896","阿波製紙","東証ST","パルプ・紙","5615","10172676","-","-","21.18","1.12","26.06","491.6","55200","100","20230126","940","20230104","321"
"3900","クラウドワークス","東証GR","情報通信","21207","15491160","0","0","-","4.21","-","325.18","136900","100","20230216","2050","20230627","1173"
"3901","マークラインズ","東証PR","情報通信","35879","13215200","1.25","34","27.6","8.07","98.37","336.52","271500","100","20230210","2819","20230512","2284"
"3902","メディカル・データ・ビジョン","東証PR","情報通信","27139","40027526","0.96","6.5","21.58","7.25","31.42","93.46","67800","100","20230202","1011","20230721","662"
"3903","gumi","東証PR","情報通信","27697","39511234","-","-","-","1.53","-","459.4","70100","100","20230104","1040","20230630","628"
"3904","カヤック","東証GR","情報通信","13881","15973200","0.45","3.9","16.31","2.61","53.27","332.89","86900","100","20230309","1379","20230301","763"
"3905","データセクション","東証GR","情報通信","4914","14757851","0","0","979.41","1.99","0.34","167.55","33300","100","20230621","437","20230116","237"
"3907","シリコンスタジオ","東証GR","情報通信","5219","2973900","0","0","34.45","2.9","50.95","605.45","175500","100","20230712","1940","20230116","981"
"3908","コラボス","東証GR","情報通信","1725","4791600","-","-","-","0.86","-41.88","417","36000","100","20230609","435","20230519","328"
"3909","ショーケース","東証ST","情報通信","3206","8571100","0","0","139.55","2.07","2.68","180.77","37400","100","20230607","483","20230530","288"
"3910","エムケイシステム","東証ST","情報通信","1965","5428000","2.21","8","-","1.29","-","279.99","36200","100","20230202","435","20230705","356"
"3911","Aiming","東証GR","情報通信","17699","40133500","-","-","-","2.57","-","171.71","44100","100","20230508","613","20230215","330"
"3912","モバイルファクトリー","東証PR","情報通信","7560","8925495","-","-","10.67","2.18","79.4","388.79","84700","100","20230130","1000","20230713","820"
"3913","sMedio","東証GR","情報通信","1454","2348521","0","0","139.41","1.14","4.44","541.4","61900","100","20230707","695","20230106","579"
"3914","JIG-SAW","東証GR","情報通信","34363","6751000","-","-","-","14.22","-","357.97","509000","100","20230619","6850","20230106","4410"
"3915","テラスカイ","東証PR","情報通信","26366","12855180","0","0","35.45","2.85","57.85","719.36","205100","100","20230619","3175","20230407","1751"
"3916","デジタル・インフォメーション・テクノロジー","東証PR","情報通信","27531","15501820","2.03","36","20.34","4.63","87.32","383.41","177600","100","20230209","1938","20230518","1412"
"3917","アイリッジ","東証GR","情報通信","4938","7126054","0","0","-","1.5","-","460.51","69300","100","20230215","769","20230426","626"
"3918","PCIホールディングス","東証PR","情報通信","11644","10322400","2.93","33","10.61","1.39","106.28","809.22","112800","100","20230706","1250","20230316","955"
"3920","アイビーシー","東証ST","情報通信","3337","5723600","-","-","21.93","1.74","26.58","335.48","58300","100","20230410","859","20230106","375"
"3921","ネオジャパン","東証PR","情報通信","15452","14914800","2.22","23","24.53","2.72","42.23","380.77","103600","100","20230623","1172","20230316","805"
"3922","PR_TIMES","東証PR","情報通信","21061","13457200","0","0","20.87","4.5","74.98","348.03","156500","100","20230112","2483","20230502","1318"
"3923","ラクス","東証PR","情報通信","440627","181216000","0.08","2","-","46.15","-","52.69","243150","100","20230623","2676","20230104","1522"
"3924","ランドコンピュータ","東証PR","情報通信","11167","8983950","3.22","40","12.4","2.3","100.25","540.34","124300","100","20230619","1430","20230105","893"
"3925","ダブルスタンダード","東証PR","情報通信","32266","13580000","2.31","55","18.64","7.06","127.48","336.71","237600","100","20230621","2718","20230316","1936"
"3926","オープンドア","東証PR","情報通信","37793","31260000","0","0","-","6.63","-","182.41","120900","100","20230130","1934","20230609","1136"
"3927","フーバーブレイン","東証GR","情報通信","4301","5600200","0","0","-","2.94","-","261.59","76800","100","20230621","965","20230413","587"
"3928","マイネット","東証PR","情報通信","2944","8710334","0","0","28.5","2.44","11.86","138.46","33800","100","20230310","394","20230421","316"
"3929","ソーシャルワイヤー","東証GR","情報通信","2022","6108600","0","0","494.03","10.08","0.67","32.84","33100","100","20230704","463","20230515","229"
"3930","はてな","東証GR","情報通信","2734","3028200","-","-","18.42","1.07","49.03","843.26","90300","100","20230606","999","20230519","793"
"3931","バリューゴルフ","東証GR","情報通信","2521","1807000","1.43","20","12.6","2.22","110.69","628.73","139500","100","20230724","1596","20230619","1200"
"3932","アカツキ","東証PR","情報通信","29645","14143600","-","-","-","0.74","-","2842.89","209600","100","20230208","2383","20230627","1987"
"3933","チエル","東証ST","情報通信","6146","7869000","0.64","5","13.01","2.33","60.05","335.16","78100","100","20230208","898","20230526","698"
"3934","ベネフィットジャパン","東証PR","情報通信","7477","5962454","0.72","9","13.79","1.12","90.93","1119.03","125400","100","20230608","1316","20230512","1120"
"3935","エディア","東証GR","情報通信","2813","6128000","1.09","5","15.89","2.72","28.88","168.9","45900","100","20230228","948","20230725","454"
"3936","グローバルウェイ","東証GR","情報通信","7827","36403200","0","0","-","7.01","-4.23","30.65","21500","100","20230307","319","20230213","206"
"3937","Ubicomホールディングス","東証PR","情報通信","16545","11877040","-","-","16.99","4","81.98","348.19","139300","100","20230511","2459","20230718","1356"
"3939","カナミックネットワーク","東証PR","情報通信","22093","48132000","1.2","5.5","27.22","7.74","16.86","59.32","45900","100","20230120","619","20230427","431"
"3940","ノムラシステムコーポレーション","東証PR","情報通信","5434","46444800","2.78","3.25","28.89","1.97","4.05","59.39","11700","100","20230714","132","20230227","110"
"3941","レンゴー","東証PR","パルプ・紙","238421","271056029","2.73","24","6.81","0.58","129.19","1505.09","87960","100","20230515","925","20230531","825"
"3943","大石産業","東証ST","パルプ・紙","9934","4664000","3","64","6.64","0.5","320.99","4260.22","213000","100","20230711","2172","20230105","1741"
"3944","古林紙工","東証ST","パルプ・紙","3998","1776820","2.22","50","7.12","0.31","315.86","7237.63","225000","100","20230704","2305","20230104","1840"
"3945","スーパーバッグ","東証ST","パルプ・紙","3091","1686154","3.27","60","4.75","0.94","386.07","1944.73","183300","100","20230215","2287","20230206","751"
"3946","トーモク","東証PR","パルプ・紙","41778","19341568","3.24","70","4.61","0.44","468.7","4881.56","216000","100","20230725","2189","20230203","1510"
"3947","ダイナパック","東証ST","パルプ・紙","13326","10322591","3.87","50","9.64","0.32","133.92","4059.61","129100","100","20230303","1337","20230207","1225"
"3948","光ビジネスフォーム","東証ST","パルプ・紙","4623","5815294","4.4","35","6.5","0.51","122.4","1564.65","79500","100","20230104","852","20230213","710"
"3950","ザ・パック","東証PR","パルプ・紙","64377","19900000","2.16","70","13.98","0.93","231.38","3463.13","323500","100","20230510","3300","20230105","2355"
"3951","朝日印刷","東証ST","パルプ・紙","19443","23284929","4.19","35","10.97","0.56","76.12","1485.76","83500","100","20230310","928","20230616","825"
"3953","大村紙業","東証ST","パルプ・紙","2062","3561676","1.73","10","9.82","0.43","58.96","1361.55","57900","100","20230718","598","20230116","505"
"3954","昭和パックス","東証ST","パルプ・紙","7547","4450000","2.36","40","9.78","0.37","173.42","4614.07","169600","100","20230628","1700","20230104","1500"
"3955","イムラ","東証ST","パルプ・紙","12704","10729370","2.96","35","8.17","0.78","144.93","1523.95","118400","100","20230612","1277","20230130","855"
"3961","シルバーエッグ・テクノロジー","東証GR","情報通信","2738","2966942","0","0","80.54","2.05","11.46","450.98","92300","100","20230330","1393","20230112","693"
"3962","チェンジホールディングス","東証PR","情報通信","134938","72978762","0.65","12","18.55","3.67","99.68","504.21","184900","100","20230216","2717","20230721","1809"
"3963","シンクロ・フード","東証PR","情報通信","18826","26893800","0","0","26.69","5.29","26.23","132.39","70000","100","20230623","763","20230316","395"
"3964","オークネット","東証PR","情報通信","45675","26463200","2.78","48","11.43","1.94","151.06","891.23","172600","100","20230207","1917","20230406","1472"
"3965","キャピタル・アセット・プランニング","東証ST","情報通信","4576","5727007","1.38","11","38.1","1.53","20.97","522.05","79900","100","20230705","869","20230105","570"
"3967","エルテス","東証GR","情報通信","6174","6070880","0","0","40.93","2.7","24.85","376.96","101700","100","20230703","1142","20230316","750"
"3968","セグエグループ","東証PR","情報通信","12992","11715191","2.71","30","18.31","3.35","60.58","331.24","110900","100","20230620","1188","20230316","734"
"3969","エイトレッド","東証ST","情報通信","10535","7487400","1.85","26","14.08","2.59","99.9","544.13","140700","100","20230308","1588","20230608","1365"
"3970","イノベーション","東証GR","情報通信","4698","2595700","2.21","40","8.85","1.43","204.54","1267.96","181000","100","20230209","1968","20230515","1320"
"3974","SCAT","東証ST","情報通信","2573","5240000","1.93","9.5","9.32","0.76","52.67","650.07","49100","100","20230525","559","20230110","397"
"3976","シャノン","東証GR","情報通信","2060","3173900","0","0","36.38","7.89","17.84","82.26","64900","100","20230208","1454","20230110","612"
"3978","マクロミル","東証PR","情報通信","31939","40480500","2.66","21","3.67","0.96","214.78","821.26","78900","100","20230130","1168","20230721","775"
"3979","うるる","東証GR","情報通信","13217","6923400","0","0","16.51","6.32","115.66","301.98","190900","100","20230517","2443","20230213","1328"
"3981","ビーグリー","東証PR","情報通信","6975","6243986","1.34","15","7.44","1.04","150.06","1069","111700","100","20230216","1308","20230718","1095"
"3983","オロ","東証PR","情報通信","30697","16156453","1.05","20","18.49","4.12","102.75","461","190000","100","20230414","2574","20230220","1741"
"3984","ユーザーローカル","東証PR","情報通信","36486","16115600","0.18","4","44.48","6.07","50.9","372.87","226400","100","20230614","3375","20230106","1169"
"3985","テモナ","東証PR","情報通信","3251","11405592","0","0","-","2.63","-5.63","108.16","28500","100","20230307","342","20230605","248"
"3986","ビーブレイクシステムズ","東証GR","情報通信","2222","1536960","0.83","12","17.31","1.46","83.53","991.65","144600","100","20230412","1779","20230110","1359"
"3987","エコモット","東証GR","情報通信","2389","5261200","0","0","112.1","2.3","4.05","197.29","45400","100","20230210","753","20230118","385"
"3988","SYSホールディングス","東証ST","情報通信","4142","5229928","1.01","8","13.72","1.5","57.73","528.36","79200","100","20230301","807","20230523","665"
"3989","シェアリングテクノロジー","東証GR","情報通信","12648","22228800","0","0","-","9.33","-","60.96","56900","100","20230621","807","20230106","230"
"3990","UUUM","東証GR","情報通信","12566","19978140","0","0","83.31","3.78","7.55","166.29","62900","100","20230111","879","20230418","596"
"3991","ウォンテッドリー","東証GR","情報通信","16839","9497600","0","0","19.77","5.8","89.67","305.87","177300","100","20230111","2944","20230323","1494"
"3992","ニーズウェル","東証PR","情報通信","15277","20342400","1.53","11.5","21.82","3.97","34.42","189.03","75100","100","20230619","924","20230106","368"
"3993","PKSHA_Technology","東証ST","情報通信","93569","31675200","0","0","138.43","3.11","21.34","949.36","295400","100","20230622","3545","20230117","1576"
"3994","マネーフォワード","東証PR","情報通信","300419","54149110","0","0","-","9.96","-","556.94","554800","100","20230619","6487","20230104","3950"
"3995","SKIYAKI","東証GR","情報通信","3807","10815500","0","0","17.01","3.02","20.69","116.54","35200","100","20230606","388","20230117","311"
"3996","サインポスト","東証PR","情報通信","5920","12786995","0","0","348.12","4.31","1.33","107.32","46300","100","20230104","651","20230725","458"
"3997","トレードワークス","東証ST","情報通信","3332","3441900","1.55","15","14.4","2.17","67.24","446.45","96800","100","20230125","1137","20230518","869"
"3998","すららネット","東証GR","情報通信","4512","6694764","0","0","16.76","2.2","40.21","306.92","67400","100","20230106","920","20230517","623"
"4004","レゾナック・ホールディングス","東証PR","化学","431467","184901292","-","-","-","0.8","-253.98","2929.11","233350","100","20230703","2418","20230104","1975"
"4005","住友化学","東証PR","化学","736457","1656449145","2.7","12","72.77","0.62","6.11","716.26","44460","100","20230127","501","20230601","413"
"4008","住友精化","東証PR","化学","64869","13980470","4.31","200","9.63","0.72","481.77","6423.22","464000","100","20230309","4675","20230106","3850"
"4011","ヘッドウォータース","東証GR","情報通信","19932","1873298","0","0","231.66","21.77","45.93","488.68","1064000","100","20230703","16630","20230106","1672"
"4012","アクシス","東証ST","情報通信","5735","4185800","1.09","15","12.07","2.11","113.47","650.12","137000","100","20230307","1430","20230116","1212"
"4013","勤次郎","東証GR","情報通信","14025","10420000","1.26","17","35.65","1.51","37.76","892.69","134600","100","20230403","1425","20230118","1026"
"4014","カラダノート","東証GR","情報通信","4894","6339400","0","0","-","9.93","-25.41","77.74","77200","100","20230125","1010","20230104","697"
"4015","アララ","東証GR","情報通信","7165","11746063","0","0","-","3.61","-","168.85","61000","100","20230719","637","20230104","283"
"4016","MITホールディングス","東証ST","情報通信","1477","2109400","1.14","8","25.19","2.74","27.79","255.13","70000","100","20230221","1146","20230105","555"
"4017","クリーマ","東証GR","情報通信","2850","6722100","-","-","476.4","3.02","0.89","140.28","42400","100","20230308","569","20230531","385"
"4019","スタメン","東証GR","情報通信","8601","8567000","0.4","4","69","8.01","14.55","125.29","100400","100","20230622","1179","20230105","578"
"4020","ビートレンド","東証GR","情報通信","2227","2196600","0","0","18.19","2.76","55.74","367.06","101400","100","20230511","1185","20230516","919"
"4021","日産化学","東証PR","化学","879312","140600000","2.62","164","21.14","4.02","295.86","1557.12","625400","100","20230615","6489","20230106","5610"
"4022","ラサ工業","東証PR","化学","16969","7944203","3.84","82","6.5","0.73","328.56","2922.42","213600","100","20230509","2275","20230104","1797"
"4023","クレハ","東証PR","化学","164013","19525407","3.1","260","10.58","0.76","794.16","11026.02","840000","100","20230515","8990","20230209","7870"
"4025","多木化学","東証PR","化学","39396","9458768","1.2","50","25.76","1.12","161.67","3703.54","416500","100","20230403","4820","20230713","3970"
"4026","神島化学工業","東証ST","ガラス土石","14987","9240000","2.59","42","9.17","1.4","176.96","1161.2","162200","100","20230306","1969","20230106","1432"
"4027","テイカ","東証PR","化学","37363","25714414","2.62","38","9.9","0.63","146.71","2296.45","145300","100","20230725","1453","20230314","1134"
"4028","石原産業","東証PR","化学","55084","40383943","3.67","50","6.94","0.53","196.64","2554.54","136400","100","20230725","1370","20230213","1013"
"4031","片倉コープアグリ","東証ST","化学","12855","10161686","2.69","34","18.89","0.46","66.96","2765.88","126500","100","20230302","2102","20230601","1202"
"4040","南海化学","東証ST","化学","5621","2330330","-","-","5.17","0.6","466.55","3991.04","241200","100","20230421","3735","20230601","2123"
"4041","日本曹達","東証PR","化学","148625","28747667","4.64","240","9.3","0.85","555.88","6070.09","517000","100","20230703","5330","20230117","3935"
"4042","東ソー","東証PR","化学","591322","325080956","4.4","80","9.65","0.78","188.51","2321.17","181900","100","20230306","1898","20230116","1533"
"4043","トクヤマ","東証PR","化学","170813","72088327","2.95","70","7.75","0.74","305.77","3189.01","236950","100","20230615","2456","20230116","1717"
"4044","セントラル硝子","東証PR","化学","79690","26000000","3.75","115","5.43","0.73","564.97","4176.04","306500","100","20230228","3445","20230106","2679"
"4045","東亞合成","東証PR","化学","158242","122100000","2.78","36","14.7","0.76","88.17","1712.76","129600","100","20230703","1332","20230105","1091"
"4046","大阪ソーダ","東証PR","化学","146491","26732017","1.64","90","18.59","1.4","294.81","3912.48","548000","100","20230704","5740","20230105","3680"
"4047","関東電化工業","東証PR","化学","53518","57546050","1.51","14","13.7","0.79","67.88","1174.54","93000","100","20230309","1069","20230601","837"
"4051","GMOフィナンシャルゲート","東証GR","情報通信","93850","8305340","0.35","39","147.83","20.53","76.44","550.44","1130000","100","20230621","12700","20230117","7200"
"4052","フィーチャ","東証GR","情報通信","7195","5849789","0","0","-","11.54","-6.49","106.63","123000","100","20230608","1648","20230511","581"
"4053","Sun_Asterisk","東証PR","情報通信","42087","38053200","0","0","40.13","5.12","27.56","216.02","110600","100","20230208","1551","20230427","928"
"4054","日本情報クリエイト","東証GR","情報通信","11873","14339440","0.6","5","51.21","3.74","16.17","221.66","82800","100","20230718","944","20230316","619"
"4055","ティアンドエス","東証GR","情報通信","23434","7633200","0.21","6.55","46.89","12.15","65.47","252.72","307000","100","20230719","3680","20230104","1278"
"4056","ニューラルグループ","東証GR","情報通信","17219","15144199","0","0","-","61.53","-6.92","18.48","113700","100","20230622","1943","20230104","936"
"4057","インターファクトリー","東証GR","情報通信","2858","4124400","0","0","63.52","2.55","10.91","271.27","69300","100","20230127","896","20230420","662"
"4058","トヨクモ","東証GR","情報通信","19283","10944000","0.57","10","36.05","10.09","48.88","174.67","176200","100","20230515","1969","20230116","1071"
"4059","まぐまぐ","東証ST","情報通信","1481","2814800","0","0","-","1.12","-19.18","470.02","52600","100","20230626","561","20230112","485"
"4060","rakumo","東証GR","情報通信","6135","5761000","0","0","31.09","5.1","34.26","209","106500","100","20230721","1147","20230105","853"
"4061","デンカ","東証PR","化学","243307","88555840","4.37","120","10.77","0.8","255.13","3438.28","274750","100","20230112","3060","20230117","2510"
"4062","イビデン","東証PR","電気機器","1212950","140860557","0.46","40","36.44","2.87","236.31","3002.08","861100","100","20230719","8698","20230222","4350"
"4063","信越化学工業","東証PR","化学","9236073","2024122965","-","-","-","2.38","-","1918.37","456300","100","20230703","4964","20230104","3158"
"4064","日本カーバイド工業","東証PR","化学","14120","9406826","4.33","65","10.08","0.45","148.94","3322.62","150100","100","20230725","1510","20230104","1247"
"4068","ベイシス","東証GR","情報通信","4546","1856870","0","0","14.69","2.33","166.62","1049.64","244800","100","20230228","2462","20230106","2111"
"4069","BlueMeme","東証GR","情報通信","7614","3556146","-","-","32.99","2.93","64.9","730.06","214100","100","20230616","2350","20230307","1359"
"4071","プラスアルファ・コンサルティング","東証GR","情報通信","112279","41461800","0.48","13","41.4","14.55","65.41","186.14","270800","100","20230619","3650","20230106","2467"
"4072","電算システムホールディングス","東証PR","情報通信","34160","10792973","1.17","37","12.92","1.7","244.97","1859.63","316500","100","20230605","3690","20230106","2070"
"4073","ジィ・シィ企画","東証GR","情報通信","1395","2495760","0","0","-","2.82","-327.34","198.55","55900","100","20230124","740","20230522","482"
"4074","ラキール","東証GR","情報通信","17014","7653500","0","0","29.91","5.01","74.33","443.87","222300","100","20230613","2941","20230106","1100"
"4075","ブレインズテクノロジー","東証GR","情報通信","6447","5509900","0","0","47.77","4.53","24.49","258.11","117000","100","20230613","1676","20230106","878"
"4076","シイエヌエス","東証GR","情報通信","5850","2906000","2.29","46","12.01","1.75","167.58","1149.73","201300","100","20230721","2141","20230117","1270"
"4078","堺化学工業","東証PR","化学","33609","17000000","3.54","70","8.89","0.4","222.3","4970.11","197700","100","20230720","1998","20230320","1708"
"4080","田中化学研究所","東証ST","化学","46197","32533000","0","0","55.66","3.15","25.51","450.57","142000","100","20230130","1740","20230519","1187"
"4082","第一稀元素化学工業","東証PR","化学","23888","24400000","2.66","26","13.6","0.67","71.97","1460.81","97900","100","20230209","1120","20230601","875"
"4088","エア・ウォーター","東証PR","化学","452158","229755057","3.05","60","10.17","1.04","193.53","1892.36","196800","100","20230703","2024","20230118","1504"
"4091","日本酸素ホールディングス","東証PR","化学","1370739","433092837","1.26","40","19.43","1.89","162.87","1673.32","316500","100","20230614","3247","20230104","1915"
"4092","日本化学工業","東証PR","化学","17283","8922775","3.61","70","17.07","0.4","113.47","4793.39","193700","100","20230309","2088","20230106","1692"
"4093","東邦アセチレン","東証PR","化学","10296","7004000","4.08","60","9.28","0.62","158.34","2371.66","147000","100","20230725","1471","20230113","1100"
"4094","日本化学産業","東証ST","化学","23637","20680000","2.8","32","11.06","0.52","103.39","2197.75","114300","100","20230509","1188","20230106","954"
"4095","日本パーカライジング","東証PR","化学","145202","132604524","3.65","40","12.03","0.76","91.06","1441.98","109500","100","20230630","1113","20230105","908"
"4097","高圧ガス工業","東証PR","化学","42517","55577526","2.35","18","10.3","0.62","74.27","1239.23","76500","100","20230516","777","20230104","629"
"4098","チタン工業","東証PR","化学","4217","3027626","1.44","20","27.51","0.62","50.64","2254.19","139300","100","20230307","1526","20230724","1378"
"4099","四国化成ホールディングス","東証PR","化学","74729","50870663","1.77","26","15.82","0.93","92.86","1571.76","146900","100","20230703","1532","20230130","1231"
"4100","戸田工業","東証PR","化学","13540","6099192","0","0","9.15","0.81","242.52","2744.37","222000","100","20230315","2734","20230714","2138"
"4102","丸尾カルシウム","東証ST","化学","3074","2355200","2.3","30","29.29","0.32","44.56","4123.58","130500","100","20230302","1441","20230616","1251"
"4107","伊勢化学工業","東証ST","化学","37486","5135135","3.01","220","12.4","1.27","588.5","5755.84","730000","100","20230614","10140","20230105","5010"
"4109","ステラケミファ","東証PR","化学","41027","13213248","-","-","22.61","0.87","137.33","3568.67","310500","100","20230704","3235","20230104","2415"
"4112","保土谷化学工業","東証PR","化学","28565","8413726","2.21","75","11.21","0.63","302.87","5405.73","339500","100","20230208","3590","20230104","2750"
"4113","田岡化学工業","東証ST","化学","10960","14440000","2.37","18","27.18","0.66","27.92","1156.45","75900","100","20230327","830","20230626","716"
"4114","日本触媒","東証PR","化学","221258","40800000","3.32","180","14.7","0.59","368.83","9213.91","542300","100","20230309","5990","20230323","4995"
"4116","大日精化工業","東証PR","化学","41154","18613110","3.62","80","9.51","0.36","232.54","6060.11","221100","100","20230725","2212","20230116","1660"
"4118","カネカ","東証PR","化学","282540","68000000","2.65","110","9.99","0.65","416.06","6431.63","415500","100","20230725","4184","20230116","3180"
"4119","日本ピグメント","東証ST","化学","3795","1575899","4.15","100","10.8","0.27","222.96","9015.74","240800","100","20230725","2408","20230111","2016"
"4120","スガイ化学工業","東証ST","化学","3104","1373000","1.99","45","11.36","0.44","199","5143.74","226100","100","20230322","2480","20230113","1853"
"4124","大阪油化工業","東証ST","化学","1876","1073500","1.43","25","18.09","1","96.63","1744.6","174800","100","20230531","2451","20230105","1401"
"4125","三和油化工業","東証ST","化学","16322","4318000","-","-","11.33","1.48","333.49","2546.83","378000","100","20230123","4595","20230427","2920"
"4151","協和キリン","東証PR","医薬品","1462590","540000000","1.99","54","20.8","1.9","130.23","1426.69","270850","100","20230418","3150","20230712","2566"
"4165","プレイド","東証GR","情報通信","32619","39347617","0","0","-","7.83","-","105.86","82900","100","20230629","955","20230502","555"
"4166","かっこ","東証GR","情報通信","2716","2655370","0","0","-","1.93","-72.16","528.88","102300","100","20230413","1967","20230324","853"
"4167","ココペリ","東証GR","情報通信","4306","7916230","0","0","111.7","2.37","4.87","229.17","54400","100","20230208","706","20230713","530"
"4168","ヤプリ","東証GR","情報通信","15899","12668300","0","0","1054.62","11.42","1.19","109.86","125500","100","20230622","1665","20230407","742"
"4169","ENECHANGE","東証GR","情報通信","39435","30311012","-","-","-","13.21","-","98.5","130100","100","20230309","1590","20230207","941"
"4170","Kaizen_Platform","東証GR","情報通信","5852","16864679","0","0","-","1.87","0","185.42","34700","100","20230306","451","20230516","310"
"4171","グローバルインフォメーション","東証ST","情報通信","5158","2947500","2.97","52","10.36","2.36","168.96","740.99","175000","100","20230509","1950","20230104","1645"
"4172","東和ハイシステム","東証ST","情報通信","4166","2228000","2.67","50","12.04","1.11","155.3","1688.1","187000","100","20230207","2330","20230104","1454"
"4173","WACUL","東証GR","情報通信","6641","7133200","0","0","33.27","6.23","27.98","149.46","93100","100","20230720","1014","20230117","510"
"4174","アピリッツ","東証ST","情報通信","4430","4151400","1.12","12","13.32","2.02","80.08","528.45","106700","100","20230613","1281","20230323","928"
"4175","coly","東証GR","情報通信","5932","5502900","0","0","-","0.96","-","1126.15","107800","100","20230201","1233","20230614","1002"
"4176","ココナラ","東証GR","情報通信","8354","23801100","0","0","-","4.52","-6.32","77.6","35100","100","20230203","565","20230712","326"
"4177","i-plug","東証GR","情報通信","7105","3946954","0","0","786.03","7.38","2.29","243.96","180000","100","20230714","1930","20230323","1040"
"4178","Sharing_Innovations","東証GR","情報通信","3167","3793300","0","0","28.38","2.21","29.42","377.8","83500","100","20230126","1127","20230531","797"
"4179","ジーネクスト","東証GR","情報通信","1491","4212616","0","0","-","9.71","-","36.44","35400","100","20230613","426","20230120","302"
"4180","Appier_Group","東証PR","情報通信","166672","101691383","0","0","231.82","6.31","7.07","259.62","163900","100","20230214","2175","20230105","1285"
"4182","三菱瓦斯化学","東証PR","化学","471814","222239199","3.77","80","7.76","0.71","273.73","2970.07","212300","100","20230711","2208","20230116","1766"
"4183","三井化学","東証PR","化学","811889","200763815","3.46","140","7.69","0.98","526.13","4139.76","404400","100","20230703","4327","20230116","2867"
"4185","JSR","東証PR","化学","845062","208400000","0","0","33.67","2.37","120.43","1712.67","405500","100","20230627","4322","20230104","2533"
"4186","東京応化工業","東証PR","化学","358862","42600000","1.95","164","17.49","2","481.61","4219.31","842400","100","20230626","9330","20230104","5770"
"4187","大阪有機化学工業","東証PR","化学","60014","22410038","2.09","56","20.55","1.37","130.3","1952.65","267800","100","20230704","3035","20230104","1860"
"4188","三菱ケミカルグループ","東証PR","化学","1254738","1506288107","3.84","32","12.21","0.76","68.21","1100.04","83300","100","20230703","883","20230104","670"
"4189","KHネオケム","東証PR","化学","85295","37149400","3.92","90","8.34","1.43","275.2","1605.79","229600","100","20230124","2803","20230323","2204"
"4192","スパイダープラス","東証GR","情報通信","27167","35008500","0","0","-","7.5","-21.61","103.48","77600","100","20230621","954","20230501","503"
"4193","ファブリカコミュニケーションズ","東証ST","情報通信","15094","5327800","1.27","36","16.9","4.76","167.61","595.57","283300","100","20230112","3980","20230705","2687"
"4194","ビジョナル","東証GR","情報通信","298678","39094000","0","0","35.34","8.21","216.18","930.85","764000","100","20230124","9950","20230412","6410"
"4196","ネオマーケティング","東証ST","情報通信","3439","2521600","0","0","16.84","5.65","81","241.41","136400","100","20230720","1956","20230606","1101"
"4198","テンダ","東証ST","情報通信","4281","2184200","2.3","45","12.89","1.86","152.11","1055.4","196000","100","20230712","2191","20230105","1611"
"4199","ワンダープラネット","東証GR","情報通信","3075","2590412","0","0","-","4.6","-","258.14","118700","100","20230105","1367","20230116","1000"
"4200","HCSホールディングス","東証ST","情報通信","2707","2661900","2.7","27.5","1338.16","0.74","0.76","1370.4","101700","100","20230127","1125","20230516","901"
"4202","ダイセル","東証PR","化学","370156","286942682","3.41","44","8.37","1.25","154.04","1033.52","129000","100","20230705","1346","20230203","860"
"4203","住友ベークライト","東証PR","化学","300965","49590478","2.31","140","13.28","1.12","456.92","5426.86","606900","100","20230724","6140","20230105","3830"
"4204","積水化学工業","東証PR","化学","932391","452507285","3.2","66","12.63","1.25","163.1","1642.67","206050","100","20230629","2106","20230203","1782"
"4205","日本ゼオン","東証PR","化学","307204","229513656","2.99","40","14.88","0.84","89.93","1591.79","133850","100","20230607","1564","20230206","1196"
"4206","アイカ工業","東証PR","化学","213384","67590664","3.48","110","15.3","1.39","206.37","2270.08","315700","100","20230629","3208","20230531","2950"
"4208","UBE","東証PR","化学","269217","106200107","3.94","100","8.95","0.68","283.39","3726.68","253500","100","20230705","2583","20230116","1906"
"4212","積水樹脂","東証PR","化学","91096","41313598","2.86","63","13.23","0.81","166.61","2735.54","220500","100","20230703","2353","20230106","1799"
"4215","タキロンシーアイ","東証PR","化学","56191","97553655","3.82","22","11.21","0.61","51.4","937.34","57600","100","20230725","589","20230410","487"
"4216","旭有機材","東証PR","化学","85043","19800400","1.86","80","10.29","1.36","417.57","3163.8","429500","100","20230703","4500","20230106","2602"
"4218","ニチバン","東証PR","化学","42098","20738006","1.72","35","19.93","1.03","101.88","1969.94","203000","100","20230509","2064","20230209","1751"
"4220","リケンテクノス","東証PR","化学","43149","64113819","3.71","25","9.46","0.67","71.14","999","67300","100","20230720","678","20230106","471"
"4221","大倉工業","東証PR","化学","28207","12414870","3.74","85","7.75","0.48","293.23","4686.58","227200","100","20230725","2300","20230104","1781"
"4222","児玉化学工業","東証ST","化学","3049","7859191","-","-","7.95","0.77","48.78","500.93","38800","100","20230302","446","20230105","286"
"4224","ロンシール工業","東証ST","化学","6471","4625309","4.29","60","14.33","0.35","97.64","3960.3","139900","100","20230515","1462","20230106","1220"
"4228","積水化成品工業","東証PR","化学","21474","46988109","2.63","12","37.61","0.36","12.15","1275","45700","100","20230428","475","20230105","376"
"4229","群栄化学工業","東証PR","化学","25771","8998308","3.14","90","13.56","0.43","211.24","6723.36","286400","100","20230629","3030","20230106","2334"
"4231","タイガースポリマー","東証ST","化学","13877","20111598","2.03","14","9.81","0.39","70.33","1753.54","69000","100","20230710","715","20230120","395"
"4234","サンエー化研","東証ST","化学","5502","11320000","3.7","18","24.81","0.27","19.59","1821.57","48600","100","20230411","554","20230104","442"
"4235","ウルトラファブリックス・ホールディングス","東証ST","化学","41326","16923200","1.27","31","18","2.85","135.64","856.78","244200","100","20230725","2454","20230104","1578"
"4237","フジプレアム","東証ST","化学","11170","29786400","1.6","6","23.29","1.14","16.1","329.64","37500","100","20230126","472","20230517","360"
"4238","ミライアル","東証ST","化学","15757","10120000","-","-","-","0.66","-","2374.98","155700","100","20230526","1757","20230104","1399"
"4240","クラスターテクノロジー","東証GR","化学","2038","5692800","0","0","37.06","1.36","9.66","262.39","35800","100","20230308","401","20230413","342"
"4241","アテクト","東証ST","化学","2445","4436800","1.81","10","24.36","1.21","22.62","455.65","55100","100","20230602","750","20230118","503"
"4242","タカギセイコー","東証ST","化学","4870","2806872","2.07","36","4.89","0.44","354.49","3964.79","173500","100","20230725","1735","20230106","1375"
"4243","ニックス","東証ST","化学","2330","2323000","-","-","-","0.57","-","1767.3","100300","100","20230619","1128","20230120","733"
"4245","ダイキアクシス","東証PR","化学","9776","13672100","4.2","30","17.28","1.01","41.37","706.45","71500","100","20230509","756","20230105","641"
"4246","ダイキョーニシカワ","東証PR","化学","57639","73896400","3.85","30","11.55","0.73","67.54","1063.76","78000","100","20230703","805","20230106","541"
"4247","ポバール興業","東証ST","化学","3070","2634800","3.18","37","12.9","0.56","90.34","2096.55","116500","100","20230327","1210","20230105","1021"
"4248","竹本容器","東証PR","化学","10174","12529200","4.43","36","36.79","0.9","22.07","899.34","81200","100","20230428","877","20230105","726"
"4249","森六ホールディングス","東証PR","化学","35633","16960000","4.76","100","16.85","0.46","124.66","4548.62","210100","100","20230725","2132","20230104","1676"
"4251","恵和","東証PR","化学","21641","19270448","2.23","25","11.09","1.18","101.26","950.88","112300","100","20230308","1696","20230516","987"
"4255","THECOO","東証GR","情報通信","1668","2074655","0","0","-","1.5","-236.28","534.62","80400","100","20230127","1124","20230526","770"
"4256","サインド","東証GR","情報通信","5324","5800000","0","0","5400","1.69","0.17","544.43","91800","100","20230406","1327","20230627","874"
"4258","網屋","東証GR","情報通信","9450","4266400","0","0","33.79","5.58","65.56","397.09","221500","100","20230719","2457","20230105","988"
"4259","エクサウィザーズ","東証GR","情報通信","39119","83766200","0","0","-","5.95","-","78.53","46700","100","20230622","690","20230227","271"
"4260","ハイブリッドテクノロジーズ","東証GR","情報通信","7685","11235548","0","0","22.25","3.44","30.74","198.78","68400","100","20230110","1187","20230602","645"
"4261","アジアクエスト","東証GR","情報通信","3879","1468800","0","0","14.11","3.04","187.23","868.08","264100","100","20230620","3130","20230116","2019"
"4262","ニフティライフスタイル","東証GR","情報通信","5199","6355700","1.59","13","11.36","1.09","72.03","748.35","81800","100","20230116","904","20230208","779"
"4263","サスメド","東証GR","情報通信","25649","16622500","0","0","-","5.12","-8.5","301.51","154300","100","20230703","1823","20230104","1074"
"4264","セキュア","東証GR","情報通信","9365","4729920","0","0","98.36","9.59","20.13","206.57","198000","100","20230621","3990","20230106","585"
"4265","Institution_for_a_Global_Society","東証GR","情報通信","2206","4492800","0","0","157.37","2.13","3.12","230.01","49100","100","20230111","546","20230602","428"
"4267","ライトワークス","東証GR","情報通信","4899","4943600","3.23","32","31.01","6.19","31.96","160","99100","100","20230317","1136","20230627","949"
"4268","エッジテクノロジー","東証GR","情報通信","9751","10726640","0","0","69.34","16.01","13.11","56.76","90900","100","20230209","1306","20230106","765"
"4270","BeeX","東証GR","情報通信","8309","2224600","0","0","26.68","4.73","139.99","789.07","373500","100","20230721","4220","20230104","2018"
"4272","日本化薬","東証PR","化学","214238","170503570","3.58","45","19.84","0.82","63.34","1532.35","125650","100","20230614","1272","20230105","1117"
"4274","細谷火工","東証ST","化学","6278","4032000","0.45","7","51.93","2.13","29.98","732.33","155700","100","20230621","2043","20230322","1333"
"4275","カーリットホールディングス","東証PR","化学","19529","24050000","2.46","20","8.35","0.58","97.24","1402.7","81200","100","20230621","884","20230323","658"
"4284","ソルクシーズ","東証PR","情報通信","11399","26820594","2.82","12","13.78","1.44","30.84","295.84","42500","100","20230606","463","20230316","331"
"4286","CLホールディングス","東証PR","サービス","9181","10840000","1.77","15","17.17","1.1","49.33","767.94","84700","100","20230424","956","20230106","763"
"4287","ジャストプランニング","東証ST","情報通信","3910","12736338","2.61","8","11.33","1.16","27.09","264.84","30700","100","20230615","331","20230320","294"
"4288","アズジェント","東証ST","情報通信","2194","3815734","-","-","-","1.77","-","324.77","57500","100","20230613","709","20230522","550"
"4290","プレステージ・インターナショナル","東証PR","サービス","76250","128582700","2.02","12","14.6","1.94","40.63","305.35","59300","100","20230126","769","20230410","550"
"4293","セプテーニ・ホールディングス","東証ST","サービス","88653","211079654","-","-","14.8","1.37","28.38","305.93","42000","100","20230710","440","20230316","314"
"4295","フェイス","東証PR","情報通信","7026","13831091","1.97","10","55.04","0.36","9.23","1420.51","50800","100","20230209","550","20230130","494"
"4298","プロトコーポレーション","東証PR","情報通信","51317","41925300","2.86","35","9.22","1.14","132.77","1073.68","122400","100","20230131","1274","20230525","1087"
"4299","ハイマックス","東証PR","情報通信","17527","12412992","3.05","43","15.21","1.59","92.83","886.45","141200","100","20230124","1505","20230320","1365"
"4301","アミューズ","東証PR","サービス","32535","18623520","2.29","40","17.54","0.84","99.6","2075.82","174700","100","20230419","1882","20230117","1654"
"4304","Eストアー","東証ST","情報通信","7367","5636636","-","-","-","2.36","-","554.72","130700","100","20230124","1513","20230518","1066"
"4307","野村総合研究所","東証PR","情報通信","2297050","594167042","1.24","48","29.33","5.73","131.83","674.35","386600","100","20230622","4145","20230316","2908"
"4308","Jストリーム","東証GR","情報通信","15909","28057400","2.82","16","13.56","1.34","41.82","422.63","56700","100","20230209","635","20230530","507"
"4310","ドリームインキュベータ","東証PR","サービス","28476","10465100","-","-","-","1.24","-","2195.94","272100","100","20230308","3330","20230104","2180"
"4312","サイバネットシステム","東証ST","情報通信","25789","32076000","3.61","29","23.65","1.73","33.99","463.57","80400","100","20230214","1064","20230725","802"
"4316","ビーマップ","東証GR","情報通信","1462","3235000","0","0","146.28","3.73","3.09","121.06","45200","100","20230203","545","20230526","438"
"4317","レイ","東証ST","サービス","5904","14328976","2.43","10","11.81","1","34.89","412.73","41200","100","20230221","533","20230105","387"
"4318","クイック","東証PR","サービス","45397","19098576","3.03","72","13.26","3.24","179.24","733.6","237700","100","20230719","2436","20230316","1641"
"4319","TAC","東証ST","サービス","3719","18504000","2.99","6","17.36","0.59","11.58","341.58","20100","100","20230524","209","20230615","198"
"4320","CEホールディングス","東証PR","情報通信","9500","15347600","2.1","13","13.46","1.57","46","393.93","61900","100","20230705","704","20230118","488"
"4323","日本システム技術","東証PR","情報通信","29680","12418460","1.67","40","15.59","2.72","153.29","878.07","239000","100","20230620","2690","20230316","1570"
"4324","電通グループ","東証PR","サービス","1257079","270165354","3.37","157","15.95","1.41","291.68","3307.52","465300","100","20230515","4960","20230116","4020"
"4326","インテージホールディングス","東証PR","情報通信","66703","40426000","2.55","42","15.91","2.04","103.74","808.92","165000","100","20230621","1740","20230104","1333"
"4331","テイクアンドギヴ・ニーズ","東証PR","サービス","17426","14619330","1.68","20","9.1","1.22","130.99","974.7","119200","100","20230217","1535","20230515","1066"
"4333","東邦システムサイエンス","東証PR","情報通信","17000","13865992","3.26","40","14.04","1.7","87.35","722.29","122600","100","20230704","1275","20230117","976"
"4334","ユークス","東証ST","情報通信","26131","11096000","1.78","42","16.62","5.2","141.72","453.2","235500","100","20230621","2617","20230118","1170"
"4335","アイ・ピー・エス","東証ST","情報通信","2676","2466000","2.76","30","11.98","1.94","90.54","557.97","108500","100","20230623","1619","20230105","620"
"4337","ぴあ","東証PR","サービス","50454","15358813","-","-","55.73","11.53","58.95","284.99","328500","100","20230517","3490","20230105","3030"
"4341","西菱電機","東証ST","サービス","3150","3500000","-","-","22.49","0.61","40.02","1474.35","90000","100","20230417","900","20230105","838"
"4343","イオンファンタジー","東証PR","サービス","55689","19768825","0.35","10","92.82","7.4","30.35","380.59","281700","100","20230517","3890","20230116","2356"
"4344","ソースネクスト","東証PR","情報通信","26179","136349600","0","0","417.39","2.83","0.46","67.92","19200","100","20230124","319","20230525","183"
"4345","シーティーエス","東証PR","サービス","32116","43400000","2.7","20","16.25","2.96","45.54","249.7","74000","100","20230202","833","20230606","708"
"4346","ネクシィーズグループ","東証PR","サービス","8729","13471240","3.09","20","21.07","7.4","30.75","87.6","64800","100","20230522","693","20230320","582"
"4347","ブロードメディア","東証ST","サービス","12252","7914732","2.13","33","11.26","2.62","137.51","591.4","154800","100","20230619","1630","20230106","987"
"4348","インフォコム","東証PR","情報通信","130234","57600000","1.99","45","19.36","2.76","116.81","817.96","226100","100","20230309","2472","20230117","2035"
"4350","メディカルシステムネットワーク","東証PR","小売","11460","30642600","2.67","10","11.29","0.78","33.14","478.86","37400","100","20230508","464","20230609","360"
"4351","山田債権回収管理総合事務所","東証ST","その他金融","4148","4268000","1.03","10","21.91","1.33","44.37","732.23","97200","100","20230628","1047","20230106","848"
"4355","ロングライフホールディング","東証ST","サービス","2070","11190400","0","0","38.22","25.69","4.84","7.2","18500","100","20230615","204","20230105","141"
"4356","応用技術","東証ST","情報通信","10227","5716800","1.68","30","17.61","2.27","101.58","787.08","178900","100","20230228","2105","20230516","1695"
"4360","マナック・ケミカル・パートナーズ","東証ST","化学","5641","8625000","2.29","15","9.84","0.47","66.48","1384.71","65400","100","20230322","896","20230105","587"
"4361","川口化学工業","東証ST","化学","1617","1220000","3.77","50","8.96","0.65","147.85","2037.01","132500","100","20230113","1460","20230118","1095"
"4362","日本精化","東証PR","化学","73453","25372447","2.42","70","18.34","1.46","157.83","1984.58","289500","100","20230711","3160","20230106","2127"
"4365","松本油脂製薬","東証ST","化学","65298","4512651","-","-","-","0.65","-","22294.84","1447000","100","20230214","15280","20230104","12100"
"4366","ダイトーケミックス","東証ST","化学","6496","11200000","1.72","10","20.76","0.41","27.94","1413.6","58000","100","20230307","750","20230522","494"
"4367","広栄化学","東証ST","化学","11368","4900000","4.31","100","18.01","0.51","128.8","4509.14","232000","100","20230306","2500","20230331","2241"
"4368","扶桑化学工業","東証PR","化学","159622","35511000","1.47","66","16.76","1.81","268.13","2482.8","449500","100","20230704","4765","20230116","3320"
"4369","トリケミカル研究所","東証PR","化学","83067","32498640","1.17","30","19.54","3.22","130.78","794.38","255600","100","20230705","2917","20230106","1913"
"4370","モビルス","東証GR","情報通信","3321","5973674","0","0","-","1.67","-38.56","333.93","55600","100","20230310","848","20230105","492"
"4371","コアコンセプト・テクノロジー","東証GR","情報通信","48954","17322800","0","0","44","15.47","64.22","182.73","282600","100","20230508","3845","20230106","2342"
"4372","ユミルリンク","東証GR","情報通信","4807","3892600","0","0","11.88","2.32","103.99","531.78","123500","100","20230210","1395","20230105","1073"
"4373","シンプレクス・ホールディングス","東証PR","情報通信","145908","57421525","1.18","30","24.57","3.46","103.41","733.34","254100","100","20230619","2733","20230106","1986"
"4374","ROBOT_PAYMENT","東証GR","情報通信","6421","3761566","0","0","93.08","10.46","18.34","163.23","170700","100","20230518","2089","20230117","1234"
"4375","セーフィー","東証GR","情報通信","43401","54799695","0","0","-","3.89","-","203.68","79200","100","20230216","1020","20230406","712"
"4376","くふうカンパニー","東証GR","情報通信","25185","58299259","0","0","-","2.41","-","179.24","43200","100","20230105","620","20230316","354"
"4377","ワンキャリア","東証GR","情報通信","20527","5766000","0","0","35.42","8.63","100.51","412.29","356000","100","20230302","4885","20230501","3325"
"4378","CINC","東証GR","情報通信","2955","3377560","0","0","-","1.96","-19.91","447.12","87500","100","20230123","1125","20230720","677"
"4379","Photosynth","東証GR","情報通信","7083","15498500","0","0","-","3.45","-23.3","132.47","45700","100","20230705","537","20230106","288"
"4380","Mマート","東証GR","情報通信","7155","4890800","1.09","16","25.73","5.49","56.85","266.64","146300","100","20230614","1669","20230104","990"
"4381","ビープラッツ","東証GR","情報通信","8080","2408353","0","0","39.76","12.66","84.38","265.1","335500","100","20230718","3370","20230105","1115"
"4382","HEROZ","東証PR","情報通信","27695","15027181","0","0","921.5","4.74","2","388.97","184300","100","20230614","2550","20230106","931"
"4384","ラクスル","東証PR","情報通信","84615","58476092","-","-","93.48","8.75","15.48","165.34","144700","100","20230313","1785","20230601","1241"
"4385","メルカリ","東証PR","情報通信","581627","162465598","-","-","69.5","13.31","51.51","268.98","358000","100","20230719","3615","20230413","2160"
"4386","SIGグループ","東証ST","情報通信","2965","5929980","2.8","14","12.83","1.49","38.97","336.18","50000","100","20230222","590","20230609","472"
"4387","ZUU","東証GR","情報通信","3315","4749860","0","0","-","2.64","-35.79","264.89","69800","100","20230224","1266","20230719","678"
"4388","エーアイ","東証GR","情報通信","5023","5168000","0","0","369.58","4.04","2.63","240.72","97200","100","20230313","1780","20230215","580"
"4389","プロパティデータバンク","東証GR","情報通信","11295","5932500","1.05","20","19.76","3.62","96.37","525.5","190400","100","20230124","2227","20230525","1798"
"4390","IPS","東証PR","情報通信","28651","12440800","1.52","35","13.02","3.06","176.84","751.94","230300","100","20230124","2951","20230601","2136"
"4391","ロジザード","東証GR","情報通信","3115","3279000","1.26","12","-","1.81","-","524.68","95000","100","20230621","1026","20230104","807"
"4392","FIG","東証PR","情報通信","8853","31393015","1.77","5","26.18","0.9","10.77","312.15","28200","100","20230104","392","20230627","273"
"4393","バンク・オブ・イノベーション","東証GR","情報通信","23057","4003000","0","0","-","6.73","-","855.87","576000","100","20230215","9770","20230426","5410"
"4394","エクスモーション","東証GR","情報通信","2674","2984800","1.9","17","34.12","1.67","26.26","535.46","89600","100","20230707","1325","20230117","846"
"4395","アクリート","東証GR","情報通信","7590","5971500","0.79","10","9.83","4.09","129.33","310.65","127100","100","20230111","3375","20230602","990"
"4396","システムサポート","東証PR","情報通信","20397","10380000","1.53","30","20.72","5.17","94.82","379.99","196500","100","20230619","2276","20230106","1329"
"4397","チームスピリット","東証GR","情報通信","7285","16408100","0","0","-","4.9","-12.24","90.59","44400","100","20230705","678","20230116","296"
"4398","ブロードバンドセキュリティ","東証ST","情報通信","8184","4569524","0.56","10","19.64","5.08","91.17","352.43","179100","100","20230711","1850","20230530","1187"
"4401","ADEKA","東証PR","化学","289980","103768142","2.86","80","13.65","1.1","204.75","2544.28","279450","100","20230705","2864","20230213","2053"
"4403","日油","東証PR","化学","495557","82841376","1.81","108","17.02","2.02","351.54","2960.56","598200","100","20230516","6420","20230106","5110"
"4404","ミヨシ油脂","東証ST","食料品","10647","10306895","3.87","40","17.29","0.44","59.74","2358.72","103300","100","20230712","1039","20230116","896"
"4406","新日本理化","東証ST","化学","8912","37286906","2.09","5","14.85","0.56","16.09","425.54","23900","100","20230619","258","20230213","204"
"4409","東邦化学工業","東証ST","化学","11123","21350000","3.26","17","9.53","0.62","54.69","841.15","52100","100","20230720","532","20230331","482"
"4410","ハリマ化成グループ","東証PR","化学","23212","26080396","4.72","42","12.67","0.58","70.24","1533.01","89000","100","20230309","940","20230117","786"
"4412","サイエンスアーツ","東証GR","情報通信","5057","6715200","0","0","-","8.98","-14.6","83.86","75300","100","20230411","1020","20230320","700"
"4413","ボードルア","東証GR","情報通信","52134","7923100","0","0","52.5","13.33","125.33","493.54","658000","100","20230719","7330","20230106","3080"
"4414","フレクト","東証GR","情報通信","11301","2993760","0","0","29.18","7.34","129.35","514.12","377500","100","20230711","4510","20230320","1630"
"4415","ブロードエンタープライズ","東証GR","情報通信","3481","2920500","-","-","16.04","5.99","74.31","198.95","119200","100","20230213","1430","20230316","969"
"4416","True_Data","東証GR","情報通信","2439","4726400","0","0","39.33","2.51","13.12","205.36","51600","100","20230424","730","20230106","441"
"4417","グローバルセキュリティエキスパート","東証GR","情報通信","45342","7569600","-","-","61.95","25.35","96.69","236.26","599000","100","20230619","7800","20230106","3610"
"4418","JDSC","東証GR","情報通信","11879","13242900","0","0","-","3.3","-","272.01","89700","100","20230606","1303","20230106","697"
"4419","Finatextホールディングス","東証GR","情報通信","38128","49516256","0","0","-","4.61","-3.32","166.93","77000","100","20230629","905","20230104","408"
"4420","イーソル","東証PR","情報通信","17984","21460800","0.66","5.5","-","3.17","0","264.51","83800","100","20230515","1033","20230217","685"
"4421","ディ・アイ・システム","東証ST","情報通信","3055","3058000","2","20","12.85","2.45","77.74","407.19","99900","100","20230606","1088","20230104","781"
"4422","VALUENEX","東証GR","情報通信","3151","2893300","0","0","257.45","3.83","4.23","284.22","108900","100","20230328","1950","20230531","1002"
"4423","アルテリア・ネットワークス","東証PR","情報通信","98950","50000000","0","0","15.87","3.42","124.69","578.56","197900","100","20230721","1981","20230117","1218"
"4424","Amazia","東証GR","情報通信","3458","6754600","0","0","160.5","1.75","3.19","292.66","51200","100","20230210","670","20230519","503"
"4425","Kudan","東証GR","情報通信","16610","8669067","0","0","-","21.57","-64.64","88.84","191600","100","20230126","3225","20230526","1835"
"4427","EduLab","東証GR","情報通信","4194","10228470","-","-","-","1.43","-300.92","287.04","41000","100","20230323","636","20230428","328"
"4428","シノプス","東証GR","情報通信","6018","6236000","1.04","10","37","3.86","26.08","249.77","96500","100","20230113","1218","20230516","845"
"4429","リックソフト","東証GR","情報通信","7490","4550300","0","0","16.78","2.9","98.09","568.55","164600","100","20230704","2167","20230116","1420"
"4430","東海ソフト","東証ST","情報通信","5378","4920300","3.2","35","8.75","1.11","124.97","986.51","109300","100","20230703","1175","20230316","882"
"4431","スマレジ","東証GR","情報通信","40747","19637000","0","0","62.48","8.49","33.21","244.44","207500","100","20230317","3280","20230106","1957"
"4432","ウイングアーク1st","東証PR","情報通信","90632","34618770","1.72","45","19.42","2.5","134.83","1048.67","261800","100","20230718","3035","20230227","1718"
"4433","ヒト・コミュニケーションズ・ホールディングス","東証PR","情報通信","27135","17899333","2.04","31","10.21","1.5","148.52","1008.78","151600","100","20230130","1691","20230106","1442"
"4434","サーバーワークス","東証PR","情報通信","24261","7801089","0","0","88.93","2.42","34.97","1287.37","311000","100","20230718","3785","20230426","1834"
"4435","カオナビ","東証GR","情報通信","23453","11581700","0","0","-","15.73","-","128.77","202500","100","20230214","2903","20230628","1929"
"4436","ミンカブ・ジ・インフォノイド","東証GR","情報通信","25055","14976200","1.55","26","27.84","3.23","60.1","518.45","167300","100","20230106","2742","20230427","1630"
"4437","gooddaysホールディングス","東証GR","情報通信","3731","6735120","0.45","2.5","12.27","1.54","45.15","359.45","55400","100","20230207","712","20230516","527"
"4438","Welby","東証GR","情報通信","4277","7832800","0","0","-","3.85","-","141.97","54600","100","20230509","749","20230106","345"
"4439","東名","東証PR","情報通信","20414","7391100","0.47","13","23.01","3.53","120.02","782.95","276200","100","20230622","3815","20230106","1550"
"4440","ヴィッツ","東証ST","情報通信","4911","4176000","0.68","8","38.79","2.1","30.32","559.56","117600","100","20230619","1598","20230322","847"
"4441","トビラシステムズ","東証PR","情報通信","9758","10629600","1.41","12.9","24.55","5.24","37.39","175.09","91800","100","20230314","1168","20230117","766"
"4442","バルテス","東証GR","情報通信","27063","7150000","0.32","12","31.01","10.73","122.05","352.61","378500","100","20230704","4085","20230116","2640"
"4443","Sansan","東証PR","情報通信","189746","125410584","0","0","-","14.38","-","105.18","151300","100","20230619","1985","20230106","1190"
"4444","インフォネット","東証GR","情報通信","3578","2037543","-","-","39.47","3.82","44.49","460.06","175600","100","20230621","2870","20230105","740"
"4445","リビン・テクノロジーズ","東証GR","情報通信","3006","1343588","0","0","11.05","2.38","202.46","938.62","223700","100","20230120","2684","20230516","1900"
"4446","Link-U","東証PR","情報通信","12910","14171700","0","0","88.79","5.88","10.26","154.96","91100","100","20230615","1349","20230714","873"
"4447","ピー・ビーシステムズ","東証GR","情報通信","4826","6583500","0","0","22.95","4.52","31.94","162","73300","100","20230327","948","20230526","706"
"4448","Chatwork","東証GR","情報通信","39509","40192318","0","0","-","14.45","-","68.01","98300","100","20230606","1349","20230106","596"
"4449","ギフティ","東証PR","情報通信","47975","29235302","0","0","-","6.07","-","270.33","164100","100","20230303","2827","20230106","1633"
"4450","パワーソリューションズ","東証GR","情報通信","3350","1432418","0","0","10.06","1.4","232.48","1674.83","233900","100","20230207","2633","20230515","2200"
"4452","花王","東証PR","化学","2427339","465900000","2.88","150","27.52","2.55","189.31","2046.99","521000","100","20230502","5549","20230531","4877"
"4461","第一工業製薬","東証PR","化学","19232","10684321","2.78","50","14.34","0.5","125.55","3593.49","180000","100","20230208","2095","20230622","1735"
"4462","石原ケミカル","東証PR","化学","26093","16308280","2.25","36","12.05","1.11","132.82","1447.11","160000","100","20230619","1793","20230110","1206"
"4463","日華化学","東証PR","化学","14876","17710000","3.81","32","7.8","0.48","107.7","1759.25","84000","100","20230414","894","20230117","777"
"4464","ソフト99コーポレーション","東証ST","化学","29603","22274688","3.09","41","12.03","0.55","110.51","2429.95","132900","100","20230601","1407","20230104","1114"
"4465","ニイタカ","東証PR","化学","11868","5943052","2.2","44","17.34","0.92","115.19","2179.33","199700","100","20230511","2250","20230116","1890"
"4471","三洋化成工業","東証PR","化学","100611","23534752","3.98","170","14.52","0.65","294.46","6617.11","427500","100","20230309","4645","20230104","3985"
"4475","HENNGE","東証GR","情報通信","28926","32500600","0","0","81.5","14.35","10.92","62.01","89000","100","20230203","1091","20230407","701"
"4476","AI_CROSS","東証GR","情報通信","5752","4008350","0","0","35.51","3.4","40.41","421.82","143500","100","20230606","1948","20230104","909"
"4477","BASE","東証GR","情報通信","27547","114301823","0","0","-","2.09","-16.68","115.49","24100","100","20230510","309","20230106","228"
"4478","フリー","東証GR","情報通信","180345","57895788","0","0","-","6.18","-","503.81","311500","100","20230516","4250","20230104","2763"
"4479","マクアケ","東証GR","情報通信","13334","12626700","0","0","-","2.58","-70.81","409.59","105600","100","20230125","1653","20230725","1015"
"4480","メドレー","東証PR","情報通信","158455","32738600","0","0","131.99","10.08","36.67","480.12","484000","100","20230619","5710","20230427","3420"
"4481","ベース","東証PR","情報通信","97256","18315600","1.66","88","30.04","9.51","176.77","558.41","531000","100","20230508","6240","20230104","3265"
"4482","ウィルズ","東証GR","情報通信","12359","21054400","1.19","7","24.67","7.66","23.79","76.67","58700","100","20230105","710","20230405","535"
"4483","JMDC","東証PR","情報通信","339574","62977408","-","-","64","5.26","84.25","1025.89","539200","100","20230620","6460","20230106","3505"
"4484","ランサーズ","東証GR","情報通信","4356","15839503","0","0","114.11","4.53","2.41","60.64","27500","100","20230419","396","20230106","222"
"4485","JTOWER","東証GR","情報通信","156529","22046318","0","0","-","12.12","-31.8","585.65","710000","100","20230621","7910","20230323","4720"
"4486","ユナイトアンドグロウ","東証GR","情報通信","4195","3942200","1.88","20","15.07","2.62","70.61","405.5","106400","100","20230124","1271","20230516","940"
"4487","スペースマーケット","東証GR","情報通信","4964","11961700","0","0","988.1","7.22","0.42","57.45","41500","100","20230710","579","20230227","257"
"4488","AI_inside","東証GR","情報通信","18234","3998750","0","0","1788.24","4.11","2.55","1108.26","456000","100","20230614","8780","20230515","3920"
"4489","ペイロール","東証GR","情報通信","18908","17990400","1.43","15","16.57","1.44","63.42","732.29","105100","100","20230725","1058","20230316","679"
"4490","ビザスク","東証GR","情報通信","11505","9182000","0","0","-","0.96","-","1307.93","125300","100","20230125","1948","20230719","1162"
"4491","コンピューターマネージメント","東証ST","情報通信","3013","2034400","2.36","35","10.38","1.06","142.65","1402.74","148100","100","20230609","1718","20230510","1402"
"4492","ゼネテック","東証ST","情報通信","4944","3886900","1.97","25","24.95","2.58","50.99","492.85","127200","100","20230606","1755","20230306","468"
"4493","サイバーセキュリティクラウド","東証GR","情報通信","24750","9446644","0","0","71.29","17.34","36.75","151.12","262000","100","20230619","3450","20230106","1648"
"4494","バリオセキュア","東証ST","情報通信","4023","4515613","0","0","13.06","0.76","68.21","1172.5","89100","100","20230224","1182","20230608","851"
"4495","アイキューブドシステムズ","東証GR","情報通信","7833","5292350","1.35","20","17.29","3.19","85.62","464.67","148000","100","20230606","1575","20230216","1283"
"4496","コマースOneホールディングス","東証GR","情報通信","4973","7523400","0","0","14.45","1.86","45.75","356.26","66100","100","20230215","874","20230721","636"
"4498","サイバートラスト","東証GR","情報通信","23032","8064600","0.61","17.5","24.18","4.08","118.13","699.26","285600","100","20230606","3770","20230316","1500"
"4499","Speee","東証ST","情報通信","30132","10466000","0","0","79.71","4.67","36.12","616.68","287900","100","20230720","3120","20230324","1251"
"4502","武田薬品工業","東証PR","医薬品","6919520","1582327925","4.3","188","47.87","1.07","91.35","4087.49","437300","100","20230619","4645","20230110","4004"
"4503","アステラス製薬","東証PR","医薬品","3764099","1809663075","3.37","70","16.46","2.48","126.34","839.26","208000","100","20230525","2360","20230316","1824"
"4506","住友ファーマ","東証PR","医薬品","263489","397900154","0","0","-","0.65","-201.36","1023.8","66220","100","20230104","1001","20230608","625"
"4507","塩野義製薬","東証PR","医薬品","1807431","307386165","2.55","150","11.16","1.57","526.66","3737.76","588000","100","20230104","6500","20230711","5718"
"4512","わかもと製薬","東証ST","医薬品","8187","34838325","-","-","-","0.69","-","343.06","23500","100","20230404","254","20230105","213"
"4516","日本新薬","東証PR","医薬品","399028","70251484","2.11","120","15.3","1.96","371.18","2904.49","568000","100","20230104","7330","20230316","5260"
"4519","中外製薬","東証PR","医薬品","6702798","1679057667","2","80","-","4.57","-","873.44","399200","100","20230621","4352","20230117","3191"
"4521","科研製薬","東証PR","医薬品","160881","45939730","4.28","150","19.59","0.96","178.8","3636.17","350200","100","20230510","3890","20230714","3474"
"4523","エーザイ","東証PR","医薬品","2667323","296566949","1.78","160","67.9","3.22","132.45","2789.32","899400","100","20230612","11250","20230324","7067"
"4524","森下仁丹","東証ST","医薬品","8279","4150000","2.13","42.5","16.29","0.71","122.48","2790.71","199500","100","20230421","2398","20230104","1893"
"4526","理研ビタミン","東証PR","食料品","68927","33705100","2.89","59","11.98","0.94","170.67","2174.39","204500","100","20230626","2180","20230113","1810"
"4527","ロート製薬","東証PR","医薬品","719163","236178310","0.79","24","26.21","3.32","116.16","916.93","304500","100","20230621","3426","20230117","2115"
"4528","小野薬品工業","東証PR","医薬品","1366261","517425200","3.03","80","11.21","1.74","235.49","1519.19","264050","100","20230104","2986","20230711","2495"
"4530","久光製薬","東証PR","医薬品","369190","85164895","1.96","85","31.8","1.3","136.34","3333.22","433500","100","20230714","4427","20230615","3541"
"4531","有機合成薬品工業","東証ST","化学","6658","21974000","2.31","7","11.02","0.58","27.49","525.98","30300","100","20230619","320","20230316","280"
"4534","持田製薬","東証PR","医薬品","124740","38500000","2.47","80","18.79","0.93","172.45","3470.18","324000","100","20230516","3745","20230713","3150"
"4536","参天製薬","東証PR","医薬品","452948","375890854","2.66","32","20.2","1.54","59.65","783.3","120500","100","20230523","1338","20230208","983"
"4538","扶桑薬品工業","東証PR","医薬品","19375","9451169","3.41","70","13.83","0.5","148.23","4064.76","205000","100","20230725","2069","20230117","1879"
"4539","日本ケミファ","東証PR","医薬品","8148","4261420","2.62","50","115.04","0.37","16.62","5130.65","191200","100","20230626","2112","20230105","1640"
"4540","ツムラ","東証PR","医薬品","203103","76758362","2.42","64","15.55","0.8","170.18","3299.42","264600","100","20230104","2885","20230301","2536"
"4543","テルモ","東証PR","精密機器","3325692","747682540","0.99","44","32.79","2.98","135.64","1492.15","444800","100","20230621","4772","20230324","3416"
"4544","H.U.グループホールディングス","東証PR","サービス","160150","57473522","4.49","125","26.43","1.06","105.43","2635.26","278650","100","20230104","2867","20230406","2611"
"4547","キッセイ薬品工業","東証PR","医薬品","147638","49311185","2.74","82","13.03","0.71","229.86","4204.64","299400","100","20230725","3060","20230301","2416"
"4548","生化学工業","東証PR","医薬品","42895","56814093","3.44","26","28.39","0.61","26.59","1232.41","75500","100","20230104","887","20230713","732"
"4549","栄研化学","東証PR","医薬品","68926","43541438","3.22","51","13.79","1.19","114.78","1327.47","158300","100","20230104","1704","20230601","1463"
"4551","鳥居薬品","東証PR","医薬品","102240","28800000","2.82","100","32.18","0.85","110.33","4166.29","355000","100","20230619","3730","20230106","2813"
"4552","JCRファーマ","東証PR","医薬品","159384","129686308","1.63","20","40.36","2.98","30.45","412.11","122900","100","20230206","1748","20230517","1108"
"4553","東和薬品","東証PR","医薬品","92420","51516000","3.34","60","12.8","0.65","140.18","2781.17","179400","100","20230104","2130","20230712","1703"
"4554","富士製薬工業","東証PR","医薬品","28863","24753800","3.17","37","9.53","0.7","122.39","1664.37","116600","100","20230509","1295","20230104","992"
"4556","カイノス","東証ST","医薬品","4687","4558860","2.43","25","7.53","0.76","136.56","1358.35","102800","100","20230125","1187","20230331","1000"
"4558","中京医薬品","東証ST","医薬品","2554","11660734","2.28","5","70.65","0.9","3.1","242.89","21900","100","20230525","246","20230523","215"
"4559","ゼリア新薬工業","東証PR","医薬品","124299","53119190","1.88","44","14.74","1.58","158.8","1484.79","234000","100","20230613","2600","20230203","2050"
"4563","アンジェス","東証GR","医薬品","19471","187223900","0","0","-","0.68","-54.66","152.64","10400","100","20230131","154","20230426","95"
"4564","オンコセラピー・サイエンス","東証GR","医薬品","6613","206643700","0","0","-","7.92","-","4.04","3200","100","20230217","59","20230724","31"
"4565","そーせいグループ","東証PR","医薬品","147712","82336777","0","0","-","2.52","-","710.59","179400","100","20230531","3185","20230713","1371"
"4568","第一三共","東証PR","医薬品","8025674","1947034029","0.82","34","68.72","5.47","59.98","754.09","412200","100","20230613","5162","20230712","3767"
"4569","杏林製薬","東証PR","医薬品","113968","64607936","2.95","52","20.63","0.81","85.51","2189.4","176400","100","20230525","1808","20230116","1639"
"4570","免疫生物研究所","東証GR","医薬品","6259","9314590","0","0","78.23","5.8","8.59","115.81","67200","100","20230712","755","20230104","301"
"4571","NANO_MRNA","東証GR","医薬品","13609","70151558","0","0","-","3.2","-19.52","60.61","19400","100","20230217","291","20230116","165"
"4572","カルナバイオサイエンス","東証GR","医薬品","15204","17101900","0","0","-","3.44","-122.23","258.39","88900","100","20230710","1060","20230314","447"
"4574","大幸薬品","東証PR","医薬品","16690","48236900","-","-","300.87","1.93","1.15","179.6","34600","100","20230221","437","20230627","325"
"4575","キャンバス","東証GR","医薬品","17724","16395655","0","0","-","10.32","-85.07","104.75","108100","100","20230217","2975","20230707","1041"
"4576","デ・ウエスタン・セラピテクス研究所","東証GR","医薬品","6870","31955730","0","0","-","3.6","-44.58","59.76","21500","100","20230125","305","20230515","197"
"4577","ダイト","東証PR","医薬品","32697","14416764","2.91","66","9.87","0.64","229.7","3527.15","226800","100","20230131","2655","20230714","2105"
"4578","大塚ホールディングス","東証PR","医薬品","2925848","557835617","1.91","100","18.07","1.25","290.25","4204.33","524500","100","20230616","5676","20230303","3827"
"4579","ラクオリア創薬","東証GR","医薬品","15348","21616781","0","0","83.73","2.46","8.48","288.07","71000","100","20230104","1239","20230710","699"
"4581","大正製薬ホールディングス","東証ST","医薬品","460265","85139653","1.85","100","34.09","0.56","158.58","9584.7","540600","100","20230509","5990","20230531","5150"
"4582","シンバイオ製薬","東証GR","医薬品","17052","39840556","0","0","-","2.08","-9.36","205.49","42800","100","20230209","681","20230517","356"
"4583","カイオム・バイオサイエンス","東証GR","医薬品","8343","48503800","0","0","-","5.38","-","31.99","17200","100","20230417","261","20230116","161"
"4584","キッズウェル・バイオ","東証GR","医薬品","6574","32066013","0","0","-","6.33","-48.35","32.36","20500","100","20230113","336","20230725","203"
"4586","メドレックス","東証GR","医薬品","5598","35205100","0","0","-","4.49","-25.99","35.42","15900","100","20230217","249","20230117","91"
"4587","ペプチドリーム","東証PR","医薬品","238894","130010400","0","0","88.34","7.5","20.8","245.03","183750","100","20230607","2549","20230302","1737"
"4588","オンコリスバイオファーマ","東証GR","医薬品","9225","17405200","0","0","-","5.02","-","105.49","53000","100","20230221","880","20230712","504"
"4591","リボミック","東証GR","医薬品","5497","35694340","0","0","-","1.25","-35.03","122.85","15400","100","20230214","233","20230713","151"
"4592","サンバイオ","東証GR","医薬品","39494","64956902","0","0","-","11.42","-71.12","53.23","60800","100","20230201","808","20230713","568"
"4593","ヘリオス","東証GR","医薬品","17699","63664200","0","0","-","4.59","-","60.53","27800","100","20230307","398","20230104","256"
"4594","ブライトパス・バイオ","東証GR","医薬品","8050","62891200","0","0","-","5.2","-21.58","24.6","12800","100","20230217","247","20230105","94"
"4595","ミズホメディー","東証ST","医薬品","20528","9525600","4.27","92","7.07","1.55","304.69","1387.9","215500","100","20230104","3715","20230714","2017"
"4596","窪田製薬ホールディングス","東証GR","医薬品","5567","55671188","0","0","-","1.54","-","64.91","10000","100","20230125","133","20230725","98"
"4597","ソレイジア・ファーマ","東証GR","医薬品","7750","168472310","0","0","-","3.19","-6.85","14.44","4600","100","20230125","55","20230530","43"
"4598","Delta-Fly_Pharma","東証GR","医薬品","6165","6544600","0","0","-","7.6","-207.71","123.91","94200","100","20230405","1560","20230627","857"
"4599","ステムリム","東証GR","医薬品","55874","60864600","0","0","317.65","5.74","2.89","159.91","91800","100","20230413","1518","20230106","844"
"4611","大日本塗料","東証PR","化学","27898","29710678","3.19","30","7.85","0.51","119.56","1829.75","93900","100","20230704","948","20230105","743"
"4612","日本ペイントホールディングス","東証PR","化学","2896766","2370512215","1.06","13","29.28","2.4","41.73","508.19","122200","100","20230614","1288","20230104","1010"
"4613","関西ペイント","東証PR","化学","554441","238623270","1.55","36","9.74","1.83","238.6","1270.72","232350","100","20230725","2323.5","20230104","1580"
"4615","神東塗料","東証ST","化学","3906","31000000","0","0","-","0.29","-","435.78","12600","100","20230508","140","20230104","121"
"4616","川上塗料","東証ST","化学","1774","1000000","1.69","30","8.03","0.62","220.96","2845.43","177400","100","20230112","2096","20230224","1692"
"4617","中国塗料","東証PR","化学","65065","55000000","3.13","37","13.03","1.01","90.81","1174.01","118300","100","20230703","1257","20230116","920"
"4619","日本特殊塗料","東証PR","化学","26681","23611200","3.89","44","11.17","0.53","101.2","2125.01","113000","100","20230706","1145","20230116","836"
"4620","藤倉化成","東証PR","化学","14821","32716878","3.53","16","12.7","0.38","35.68","1189.13","45300","100","20230210","490","20230104","403"
"4621","ロックペイント","東証ST","化学","18282","22000000","2.11","17.5","13.31","0.39","62.44","2125.03","83100","100","20230719","960","20230106","682"
"4623","アサヒペン","東証ST","化学","8224","4623000","3.37","60","9.92","0.48","179.36","3733.49","177900","100","20230123","1977","20230605","1719"
"4624","イサム塗料","東証ST","化学","5640","2000000","1.77","50","11.69","0.33","241.32","8463.47","282000","100","20230713","2850","20230110","2619"
"4625","アトミクス","東証ST","化学","5417","7242000","2.27","17","36.15","0.4","20.69","1878.02","74800","100","20230713","768","20230127","630"
"4626","太陽ホールディングス","東証PR","化学","152374","58291559","2.91","76","14.57","1.57","179.35","1663.25","261400","100","20230703","2769","20230106","2178"
"4627","ナトコ","東証ST","化学","12355","8144400","3.3","50","9.54","0.52","158.99","2904.89","151700","100","20230302","1686","20230110","1420"
"4628","エスケー化研","東証ST","化学","115046","15673885","1.09","80","12.69","0.7","578.57","10456.35","734000","100","20230113","9000","20230714","7320"
"4629","大伸化学","東証ST","化学","5607","4592000","2.87","35","6.65","0.36","183.6","3375.09","122100","100","20230510","1247","20230330","1150"
"4631","DIC","東証PR","化学","252879","95156904","3.76","100","14.8","0.65","179.59","4091.23","265750","100","20230628","2692","20230316","2245"
"4633","サカタインクス","東証PR","化学","66361","54172361","2.45","30","13.04","0.69","93.95","1780.34","122500","100","20230622","1278","20230316","929"
"4634","東洋インキSCホールディングス","東証PR","化学","124500","58286544","4.21","90","18.86","0.5","113.23","4249.35","213600","100","20230628","2259","20230116","1765"
"4635","東京インキ","東証ST","化学","7659","2725758","3.56","100","8.47","0.27","331.8","10333.05","281000","100","20230110","3170","20230606","2615"
"4636","T＆K　TOKA","東証PR","化学","26797","22806240","3.4","40","19.34","0.54","60.77","2172.22","117500","100","20230113","1360","20230406","1017"
"4641","アルプス技研","東証PR","サービス","60304","21746675","3.43","95","16.33","3.51","169.77","791.1","277300","100","20230622","3140","20230106","2030"
"4642","オリジナル設計","東証ST","サービス","6627","7796800","3.76","32","12.49","0.79","68.08","1071.52","85000","100","20230619","857","20230117","775"
"4644","イマジニア","東証ST","情報通信","10798","10649000","3.94","40","19.11","0.82","53.07","1232.46","101400","100","20230425","1099","20230112","900"
"4645","市進ホールディングス","東証ST","サービス","5271","10604888","2.01","10","12.96","2.49","38.36","199.64","49700","100","20230127","515","20230315","446"
"4650","SDエンターテイメント","東証ST","サービス","2492","8997000","-","-","247.32","1.8","1.12","153.53","27700","100","20230126","358","20230406","270"
"4651","サニックス","東証PR","サービス","16437","48919396","0","0","6.44","2.66","52.19","126.51","33600","100","20230621","372","20230106","202"
"4657","環境管理センター","東証ST","サービス","2489","4722305","0.95","5","19.14","1.07","27.53","493.66","52700","100","20230711","668","20230104","393"
"4658","日本空調サービス","東証PR","サービス","28090","35784000","3.82","30","13.45","1.26","58.35","622.02","78500","100","20230725","791","20230110","675"
"4659","エイジス","東証ST","サービス","25635","10771200","3.36","80","10.21","0.9","233.07","2631.41","238000","100","20230720","2441","20230105","2119"
"4661","オリエンタルランド","東証PR","サービス","9866914","1818450800","0.17","9","102.17","10.71","53.11","506.5","542600","100","20230629","5756","20230105","3723"
"4662","フォーカスシステムズ","東証PR","情報通信","16749","16292942","3.7","38","10.7","1.21","96.07","848.98","102800","100","20230209","1118","20230316","982"
"4664","アール・エス・シー","東証ST","サービス","1893","2940000","2.33","15","11.19","0.98","57.54","654.14","64400","100","20230512","681","20230105","434"
"4665","ダスキン","東証PR","サービス","162011","50994823","2.46","78","35.02","1.02","90.72","3120.7","317700","100","20230515","3445","20230210","2872"
"4666","パーク24","東証PR","不動産","314130","171048369","0","0","21.6","6.32","85.03","290.46","183650","100","20230615","2310","20230718","1724"
"4667","アイサンテクノロジー","東証ST","情報通信","13134","5548979","0.84","20","38.79","2.17","61.02","1089.37","236700","100","20230410","2685","20230106","1485"
"4668","明光ネットワークジャパン","東証PR","サービス","18156","27803600","3.68","24","20.52","1.55","31.83","421.23","65300","100","20230425","663","20230112","587"
"4671","ファルコホールディングス","東証PR","サービス","20801","11280177","4.34","80","11.5","0.78","160.4","2362.21","184400","100","20230512","2107","20230106","1676"
"4673","川崎地質","東証ST","サービス","2640","1057980","2","50","6.78","0.52","368.15","4820.35","249500","100","20230412","3360","20230116","2110"
"4674","クレスコ","東証PR","情報通信","46851","23000000","2.45","50","11.98","1.76","170","1160.39","203700","100","20230629","2184","20230316","1563"
"4676","フジ・メディア・ホールディングス","東証PR","情報通信","366983","234194500","3.06","48","13.4","0.42","116.92","3766.83","156700","100","20230704","1595","20230118","1030"
"4678","秀英予備校","東証ST","サービス","2765","6710000","2.43","10","8.51","0.59","48.44","702.51","41200","100","20230207","440","20230427","401"
"4679","田谷","東証ST","サービス","2443","5100000","-","-","-","3.92","-11.01","122.22","47900","100","20230322","599","20230601","457"
"4680","ラウンドワン","東証PR","サービス","160346","287358642","1.79","10","13.4","2.57","41.65","217.3","55800","100","20230510","678","20230119","429"
"4681","リゾートトラスト","東証PR","サービス","236738","108520799","2.29","50","16.59","1.97","131.52","1107.35","218150","100","20230201","2387","20230601","2028"
"4684","オービック","東証PR","情報通信","2289306","99600000","1.13","260","37.4","6.22","614.57","3697.16","2298500","100","20230613","24225","20230104","19030"
"4685","菱友システムズ","東証ST","情報通信","15721","6377518","3.65","90","8.95","1.08","275.32","2292","246500","100","20230724","2465","20230203","2073"
"4686","ジャストシステム","東証PR","情報通信","269423","64224800","0.48","20","-","3.22","-","1302.9","419500","100","20230619","4783","20230104","2752"
"4687","TDCソフト","東証PR","情報通信","47490","25113600","2.12","40","17.96","2.75","105.31","688.47","189100","100","20230720","1980","20230316","1377"
"4689","Zホールディングス","東証PR","情報通信","2989323","7633614486","1.42","5.56","-","1.01","-","389.43","39160","100","20230203","429","20230104","328"
"4690","日本パレットプール","東証ST","サービス","4015","1700000","1.69","40","5.68","0.68","415.95","3468.35","236200","100","20230417","2676","20230106","1399"
"4691","ワシントンホテル","東証ST","サービス","10904","12170000","1.12","10","8.7","1.64","103","547.98","89600","100","20230425","1082","20230116","801"
"4694","ビー・エム・エル","東証PR","サービス","126037","42294426","2.68","80","15.3","0.95","194.78","3138.63","298000","100","20230126","3390","20230707","2743"
"4704","トレンドマイクロ","東証PR","情報通信","917344","140826604","-","-","36.09","4.36","180.48","1492.72","651400","100","20230619","7595","20230116","5930"
"4705","クリップコーポレーション","東証ST","サービス","3760","4536000","5.43","45","18.36","0.6","45.15","1389.73","82900","100","20230704","845","20230330","773"
"4707","キタック","東証ST","サービス","1958","5969024","1.52","5","12.58","0.63","26.07","522.46","32800","100","20230706","479","20230120","266"
"4708","りらいあコミュニケーションズ","東証PR","サービス","94858","64838033","0","0","-","1.93","-","756.64","146300","100","20230703","1470","20230113","956"
"4709","IDホールディングス","東証PR","情報通信","23197","18066453","3.89","50","14.02","2.05","91.59","625.64","128400","100","20230704","1323","20230106","899"
"4712","KeyHolder","東証ST","サービス","19385","18967410","0.98","10","9.61","1","106.39","1019.63","102200","100","20230612","1215","20230117","690"
"4714","リソー教育","東証PR","サービス","40146","156209829","3.89","10","19.25","6.08","13.35","42.28","25700","100","20230105","373","20230721","251"
"4716","日本オラクル","東証ST","情報通信","1314818","128274971","-","-","-","8.42","-","1217.05","1025000","100","20230623","12020","20230110","8210"
"4718","早稲田アカデミー","東証PR","サービス","26199","19012452","2.18","30","15.63","2.07","88.14","664.6","137800","100","20230512","1528","20230106","1101"
"4719","アルファシステムズ","東証PR","情報通信","46865","14052400","2.1","70","15.93","1.18","209.41","2833.16","333500","100","20230309","4420","20230707","3240"
"4720","城南進学研究社","東証ST","サービス","3432","8937840","1.3","5","29.09","1.52","13.2","252.33","38400","100","20230316","402","20230725","384"
"4722","フューチャー","東証PR","情報通信","170256","95328000","2.24","40","16.37","3.45","109.08","517.17","178600","100","20230420","1913","20230116","1532"
"4725","CACホールディングス","東証PR","情報通信","34838","20541400","4.72","80","13.11","1.02","129.39","1659.07","169600","100","20230628","1778","20230213","1368"
"4726","SBテクノロジー","東証PR","情報通信","60081","22757800","2.27","60","6.4","2.33","412.79","1131.42","264000","100","20230705","2764","20230105","1815"
"4728","トーセ","東証ST","情報通信","5838","7763040","3.32","25","13.9","0.88","54.09","851.86","75200","100","20230706","844","20230106","712"
"4732","ユー・エス・エス","東証PR","サービス","621812","257000000","2.87","69.4","19.21","3.1","125.93","780.9","241950","100","20230718","2458","20230111","1995"
"4733","オービックビジネスコンサルタント","東証PR","情報通信","404165","75404000","1.31","70","34.67","2.88","154.58","1859.59","536000","100","20230612","5560","20230106","4145"
"4735","京進","東証ST","サービス","3157","8396000","2.05","7.72","14.64","0.81","25.69","466.83","37600","100","20230112","418","20230323","350"
"4736","日本ラッド","東証ST","情報通信","3256","5355390","1.64","10","12.66","1.21","48.03","503.5","60800","100","20230601","737","20230110","435"
"4739","伊藤忠テクノソリューションズ","東証PR","情報通信","840720","240000000","2.46","86","20.24","2.71","173.1","1292.4","350300","100","20230605","3760","20230302","2990"
"4743","アイティフォー","東証PR","情報通信","32255","29430000","3.65","40","12.81","1.77","85.54","618.8","109600","100","20230614","1160","20230105","815"
"4745","東京個別指導学院","東証PR","サービス","25463","54291435","3.41","16","27.8","3.56","16.87","131.68","46900","100","20230124","547","20230718","463"
"4746","東計電算","東証ST","情報通信","57877","9350000","3.07","190","14.39","1.94","430.27","3192.96","619000","100","20230315","6860","20230116","5000"
"4748","構造計画研究所","東証ST","情報通信","18810","5500000","3.51","120","12.37","2.25","276.49","1520.31","342000","100","20230622","3485","20230104","2798"
"4750","ダイサン","東証ST","サービス","4479","7618000","3.74","22","20.28","0.7","29","838.82","58800","100","20230228","620","20230608","560"
"4751","サイバーエージェント","東証PR","サービス","511411","506097200","1.48","15","34.09","3.65","29.64","277.06","101050","100","20230126","1268","20230530","965"
"4752","昭和システムエンジニアリング","東証ST","情報通信","5200","4810000","3.7","40","8.82","1.07","122.52","1008.55","108100","100","20230703","1223","20230509","889"
"4754","トスネット","東証ST","サービス","5064","4732600","2.15","23","9.92","0.74","107.82","1450.5","107000","100","20230718","1130","20230111","820"
"4755","楽天グループ","東証PR","サービス","1135501","2138419700","-","-","-","1.17","-","453.21","53100","100","20230515","749","20230628","466"
"4760","アルファ","東証ST","サービス","944","915444","2.91","30","-","0.98","-341.99","1049.06","103100","100","20230314","1265","20230713","1003"
"4761","さくらケーシーエス","東証ST","情報通信","9150","11200000","2.2","18","14.76","0.51","55.36","1592.36","81700","100","20230511","845","20230104","786"
"4762","エックスネット","東証ST","情報通信","8435","8261600","2.94","30","13.83","1.05","73.84","971.25","102100","100","20230609","1140","20230110","991"
"4763","クリーク・アンド・リバー社","東証PR","サービス","45259","23009000","2.08","41","14.45","3","136.12","656.49","196700","100","20230407","2420","20230105","1842"
"4765","SBIグローバルアセットマネジメント","東証PR","サービス","46182","89673600","-","-","-","2.8","-","183.79","51500","100","20230619","531","20230104","446"
"4766","ピーエイ","東証ST","サービス","1819","11229800","0","0","34.84","4.94","4.65","32.78","16200","100","20230123","185","20230316","157"
"4767","テー・オー・ダブリュー","東証PR","サービス","15082","48969096","4.68","14.4","44.44","1.49","6.93","207.01","30800","100","20230515","338","20230116","278"
"4768","大塚商会","東証PR","情報通信","1052992","190002120","2.35","130","26.16","3.42","211.87","1619.79","554200","100","20230719","5799","20230116","4035"
"4769","IC","東証ST","情報通信","6712","7732270","3.57","31","31.97","1.16","27.15","750.5","86800","100","20230106","1010","20230330","830"
"4770","図研エルミック","東証ST","情報通信","2124","6284944","0.89","3","15.17","2.7","22.28","125.3","33800","100","20230210","440","20230104","307"
"4771","エフアンドエム","東証ST","サービス","43120","15714400","1.38","38","20.63","3.79","133.01","724.22","274400","100","20230720","2789","20230410","1881"
"4772","ストリームメディアコーポレーション","東証GR","情報通信","38712","115903831","0","0","556.67","5.85","0.6","57.07","33400","100","20230616","369","20230105","120"
"4776","サイボウズ","東証PR","情報通信","121132","52757800","0.61","14","70.84","11.28","32.41","203.6","229600","100","20230320","3270","20230721","2133"
"4777","ガーラ","東証ST","情報通信","10190","25035700","0","0","-","5.6","-","72.63","40700","100","20230224","569","20230526","367"
"4781","日本ハウズイング","東証ST","サービス","73711","64320000","2.09","24","14.74","1.72","77.75","666.96","114600","100","20230106","1329","20230330","1098"
"4783","日本コンピュータ・ダイナミクス","東証ST","情報通信","8853","8800000","3.18","32","9.55","1.62","105.31","619.62","100600","100","20230712","1030","20230116","665"
"4784","GMOアドパートナーズ","東証ST","サービス","7105","16757200","3.21","13.6","15.86","1.29","26.73","329.68","42400","100","20230202","460","20230614","420"
"4792","山田コンサルティンググループ","東証PR","サービス","31197","19896000","4.27","67","11.71","2.01","133.95","779.05","156800","100","20230511","2067","20230105","1136"
"4800","オリコン","東証ST","情報通信","15138","15123200","2.7","27","11.28","2.86","88.77","350.05","100100","100","20230417","1135","20230105","839"
"4801","セントラルスポーツ","東証PR","サービス","27060","11466300","1.53","36","23.6","1.11","99.99","2133.28","236000","100","20230516","2596","20230718","2322"
"4809","パラカ","東証PR","不動産","20168","10305600","3.27","64","11.51","1.14","170.01","1713.26","195700","100","20230308","2121","20230106","1800"
"4812","電通国際情報サービス","東証PR","情報通信","328520","65182480","1.75","88","23.42","4.38","215.16","1150.3","504000","100","20230719","5530","20230105","3765"
"4813","ACCESS","東証PR","情報通信","35985","39806000","0","0","125.21","1.51","7.22","599.67","90400","100","20230602","1174","20230105","797"
"4814","ネクストウェア","東証ST","情報通信","2590","13015222","-","-","126.75","1.67","1.57","119.29","19900","100","20230307","223","20230104","159"
"4816","東映アニメーション","東証ST","情報通信","515340","42000000","0.73","90","41.81","4.38","293.49","2800.43","1227000","100","20230620","15340","20230117","11590"
"4819","デジタルガレージ","東証PR","情報通信","191620","47607500","-","-","-","2.31","-","1739.48","402500","100","20230511","4930","20230627","3550"
"4820","イーエムシステムズ","東証PR","情報通信","64083","74514800","1.4","12","27.41","3.13","31.38","274.47","86000","100","20230208","955","20230427","767"
"4824","メディアシーク","東証GR","情報通信","2950","9766800","0.33","1","92.07","0.95","3.28","318.85","30200","100","20230602","384","20230117","281"
"4825","ウェザーニューズ","東証PR","情報通信","74854","11844000","1.9","120","27.87","3.8","226.75","1661.26","632000","100","20230201","7170","20230721","6240"
"4826","CIJ","東証PR","情報通信","23869","44532192","2.43","13","19.98","1.49","26.83","359.95","53600","100","20230608","721","20230105","420"
"4828","ビジネスエンジニアリング","東証PR","情報通信","35964","12000000","2.14","64","15.43","3.87","194.17","773.95","299700","100","20230512","3680","20230116","2229"
"4829","日本エンタープライズ","東証ST","情報通信","5395","38534900","1.43","2","49.12","1.13","2.85","124.18","14000","100","20230705","151","20230113","120"
"4832","JFEシステムズ","東証ST","情報通信","40349","15706000","3.58","92","9.72","1.56","264.25","1648.06","256900","100","20230213","2737","20230104","2291"
"4833","Success_Holders","東証GR","サービス","3516","29302015","0","0","-","5.5","-","21.8","12000","100","20230310","155","20230106","102"
"4837","シダックス","東証ST","サービス","35439","55722121","1.89","12","12.9","2.85","49.32","223.33","63600","100","20230215","824","20230105","538"
"4838","スペースシャワーネットワーク","東証ST","情報通信","4864","8811354","1.81","10","12.34","1.25","44.73","441.52","55200","100","20230713","590","20230104","414"
"4839","WOWOW","東証PR","情報通信","33229","28844400","2.6","30","20.24","0.48","56.93","2377.78","115200","100","20230227","1323","20230602","1051"
"4840","トライアイズ","東証GR","サービス","3262","8300000","-","-","27.87","0.65","14.1","607.66","39300","100","20230627","484","20230629","381"
"4845","スカラ","東証PR","情報通信","13318","17734259","4.93","37","65.02","1.58","11.55","474.51","75100","100","20230607","814","20230104","694"
"4847","インテリジェントウェイブ","東証PR","情報通信","21125","26340000","2.49","20","16.47","2.51","48.7","319.83","80200","100","20230607","838","20230316","675"
"4848","フルキャストホールディングス","東証PR","サービス","85506","37486400","2.59","59","12.35","3.42","184.65","666.91","228100","100","20230201","2888","20230630","2168"
"4849","エン・ジャパン","東証PR","サービス","128019","49716000","2.72","70.1","33.49","3.14","76.9","820.55","257500","100","20230719","2655","20230406","2181"
"4875","メディシノバ・インク（外国株）","東証ST","医薬品","-","49046246","-","-","-","-","-","-","33900","100","20230711","379","20230316","282"
"4880","セルソース","東証GR","医薬品","44686","19055700","0","0","42.8","10.55","54.79","222.3","234500","100","20230104","3940","20230725","2325"
"4881","ファンペップ","東証GR","医薬品","4384","24086500","0","0","-","1.54","-","117.92","18200","100","20230216","286","20230116","148"
"4882","ペルセウスプロテオミクス","東証GR","医薬品","3304","11759400","0","0","-","1.4","-100.77","201.13","28100","100","20230217","364","20230519","261"
"4883","モダリス","東証GR","医薬品","7168","31577500","0","0","-","2.6","-","87.2","22700","100","20230217","351","20230725","215"
"4884","クリングルファーマ","東証GR","医薬品","4755","5390700","0","0","-","1.92","-177.43","458.57","88200","100","20230306","1404","20230106","511"
"4885","室町ケミカル","東証ST","医薬品","3338","4095500","2.33","19","10.33","1.67","78.88","487.25","81500","100","20230609","905","20230118","721"
"4886","あすか製薬ホールディングス","東証PR","医薬品","46334","30563199","1.32","20","9.74","0.79","155.57","1928.14","151600","100","20230725","1520","20230316","1104"
"4887","サワイグループホールディングス","東証PR","医薬品","155197","43791339","3.67","130","13.73","0.77","258.04","4604.67","354400","100","20230104","4095","20230601","3255"
"4888","ステラファーマ","東証GR","医薬品","9883","30788800","0","0","-","3.51","-44.28","91.51","32100","100","20230221","472","20230627","296"
"4889","レナサイエンス","東証GR","医薬品","6254","12711700","0","0","-","3.35","-19.19","146.72","49200","100","20230626","650","20230117","319"
"4890","坪田ラボ","東証GR","医薬品","15858","25331800","0","0","792.41","8.12","0.79","77.07","62600","100","20230324","953","20230519","556"
"4891","ティムス","東証GR","医薬品","11344","36594880","0","0","-","3.18","-","97.47","31000","100","20230217","750","20230601","196"
"4892","サイフューズ","東証GR","医薬品","7665","7813800","0","0","-","2.12","-87.49","461.86","98100","100","20230410","1797","20230215","922"
"4893","ノイルイミューン・バイオテック","東証GR","医薬品","22768","43202865","0","0","-","5.99","-42.45","87.93","52700","100","20230628","775","20230725","517"
"4894","クオリプス","東証GR","医薬品","14952","7574316","0","0","-","3.25","-164.9","607.17","197400","100","20230705","2800","20230627","1287"
"4901","富士フイルムホールディングス","東証PR","化学","3372566","414625728","1.84","150","14.5","1.18","560.96","6888.96","813400","100","20230607","8879","20230301","6260"
"4902","コニカミノルタ","東証PR","電気機器","257766","502664337","0.98","5","63.31","0.52","8.1","986.87","51279","100","20230228","604","20230616","458"
"4911","資生堂","東証PR","化学","2468800","400000000","0.97","60","88.07","4.19","70.08","1471.53","617200","100","20230621","7160","20230316","5736"
"4912","ライオン","東証PR","化学","391414","292536446","1.94","26","21.73","1.44","61.57","929.13","133800","100","20230502","1505","20230714","1325"
"4914","高砂香料工業","東証PR","化学","55742","20152397","1.99","55","14.54","0.45","190.17","6178.67","276600","100","20230719","2780","20230105","2463"
"4917","マンダム","東証PR","化学","66708","48269212","2.89","40","37.43","0.95","36.92","1448.35","138200","100","20230515","1655","20230116","1334"
"4918","アイビー化粧品","東証ST","化学","2797","5104000","0","0","12.14","2.72","45.15","201.54","54800","100","20230718","660","20230529","437"
"4919","ミルボン","東証PR","化学","163566","33117234","1.78","88","27.7","3.69","178.32","1338.55","493900","100","20230220","5870","20230601","4590"
"4920","日本色材工業研究所","東証ST","化学","4766","2099376","0.44","10","33.98","1.49","66.8","1522.54","227000","100","20230719","2589","20230106","1171"
"4921","ファンケル","東証PR","化学","319496","130353200","1.39","34","37.05","3.95","66.16","620.72","245100","100","20230209","2732","20230524","2221"
"4922","コーセー","東証PR","化学","818908","60592541","1.04","140","57.98","2.98","233.11","4530.35","1351500","100","20230414","16440","20230117","12590"
"4923","コタ","東証PR","化学","48384","29940603","1.24","20","29.77","4.08","54.28","396.32","161600","100","20230501","1691","20230113","1482"
"4925","ハーバー研究所","東証ST","化学","9680","3935000","1.63","40","37.21","0.86","66.11","2849.03","246000","100","20230210","2500","20230330","2285"
"4926","シーボン","東証ST","化学","6649","4281200","0.97","15","89.82","1.16","17.29","1333.71","155300","100","20230214","1629","20230116","1537"
"4927","ポーラ・オルビスホールディングス","東証PR","化学","463084","229136156","2.57","52","44.71","2.68","45.2","753.95","202100","100","20230621","2216","20230316","1617"
"4928","ノエビアホールディングス","東証PR","化学","184787","34156623","3.97","215","24","3.87","225.43","1396.14","541000","100","20230104","5790","20230531","5150"
"4929","アジュバンホールディングス","東証PR","化学","7481","8043600","2.58","24","97.69","1.75","9.52","532.69","93000","100","20230307","1054","20230525","915"
"4930","グラフィコ","東証ST","化学","1962","938540","0","0","11.29","0.88","185.23","2370.33","209100","100","20230214","2540","20230314","2005"
"4931","新日本製薬","東証PR","化学","31122","21855200","2.32","33","12.86","1.69","110.75","840.47","142400","100","20230201","1472","20230117","1330"
"4932","アルマード","東証ST","化学","13055","10394000","5.18","65","18.65","5.17","67.33","243.09","125600","100","20230710","1384","20230214","1043"
"4933","I-ne","東証GR","化学","47421","17622240","0","0","20.5","4.35","131.3","619","269100","100","20230217","4060","20230713","2537"
"4934","プレミアアンチエイジング","東証GR","化学","10482","8720534","0","0","-","1.28","-82.57","938.26","120200","100","20230130","1600","20230615","1025"
"4935","リベルタ","東証ST","化学","2384","2987000","2.76","22","11.92","1.59","66.95","500.87","79800","100","20230720","875","20230207","514"
"4936","アクシージア","東証PR","化学","33547","25885000","1.08","14","28.57","3.65","45.37","354.97","129600","100","20230111","1566","20230407","984"
"4937","Waqoo","東証GR","化学","7140","3008678","0","0","58.48","7.49","40.58","317.01","237300","100","20230629","2848","20230320","895"
"4951","エステー","東証PR","化学","34730","23000000","2.78","42","17.68","1.04","85.43","1456.38","151000","100","20230518","1638","20230106","1475"
"4955","アグロカネショウ","東証PR","化学","21769","13404862","1.85","30","25.27","1","64.26","1616.61","162400","100","20230517","1866","20230224","1461"
"4956","コニシ","東証PR","化学","89597","40707440","2.45","54","12.57","1.01","175.1","2173.91","220100","100","20230621","2499","20230105","1651"
"4957","ヤスハラケミカル","東証ST","化学","6114","10839663","2.13","12","20.42","0.27","27.62","2052.78","56400","100","20230718","567","20230104","498"
"4958","長谷川香料","東証PR","化学","146703","42708154","1.78","61","22.91","1.29","149.96","2652.96","343500","100","20230629","3630","20230116","2750"
"4960","ケミプロ化成","東証ST","化学","4638","16623613","1.08","3","37.5","0.98","7.44","284.8","27900","100","20230301","322","20230126","264"
"4963","星光PMC","東証PR","化学","17313","30321283","2.8","16","11.17","0.56","51.12","1024.27","57100","100","20230622","607","20230105","525"
"4966","上村工業","東証ST","化学","183139","19756080","1.94","180","21.71","1.81","427.06","5125","927000","100","20230719","9510","20230104","5870"
"4967","小林製薬","東証PR","化学","595834","78050000","1.21","92","28.75","2.93","265.55","2607.46","763400","100","20230201","9410","20230721","7561"
"4968","荒川化学工業","東証PR","化学","20942","20652400","4.73","48","-","0.37","-90.73","2726.08","101400","100","20230309","1050","20230111","943"
"4970","東洋合成工業","東証ST","化学","69789","8143390","0.47","40","42.51","3.46","201.59","2474.74","857000","100","20230703","10560","20230515","7010"
"4971","メック","東証PR","化学","68543","20071093","1.32","45","37.53","2.81","91","1217.4","341500","100","20230711","3745","20230104","2010"
"4972","綜研化学","東証ST","化学","16002","8300000","4.41","85","7.59","0.53","254.04","3626.34","192800","100","20230720","1946","20230206","1700"
"4973","日本高純度化学","東証PR","化学","15119","6067200","3.21","80","23.89","1.03","104.33","2409.45","249200","100","20230606","2740","20230208","2307"
"4974","タカラバイオ","東証PR","化学","213376","120415600","0.96","17","38.79","1.9","45.68","931.93","177200","100","20230216","1826","20230710","1602"
"4975","JCU","東証PR","化学","91239","27235477","2.09","70","17.89","2.27","187.3","1477.42","335000","100","20230607","3670","20230222","3005"
"4976","東洋ドライルーブ","東証ST","化学","3117","1355000","2.04","47","9.82","0.34","234.13","6672.26","230000","100","20230510","2430","20230104","2218"
"4977","新田ゼラチン","東証PR","化学","13762","18373974","2.14","16","11.32","0.71","66.18","1053.16","74900","100","20230509","915","20230601","710"
"4978","リプロセル","東証GR","化学","24180","85141191","0","0","163.22","3.19","1.74","89.01","28400","100","20230523","329","20230406","224"
"4979","OATアグリオ","東証PR","化学","22664","11072000","2.44","50","8.17","1.71","250.62","1196.14","204700","100","20230703","2153","20230407","1298"
"4980","デクセリアルズ","東証PR","化学","198346","61029400","2.31","75","10.47","2.59","310.42","1257.14","325000","100","20230719","3331","20230406","2421"
"4985","アース製薬","東証PR","化学","111591","22141100","2.34","118","20.59","1.73","244.75","2917.73","504000","100","20230622","5250","20230316","4575"
"4987","寺岡製作所","東証ST","化学","9127","26687955","2.92","10","14.68","0.34","23.29","1014.86","34200","100","20230714","357","20230605","296"
"4990","昭和化学工業","東証ST","化学","5331","11979000","1.12","5","15.71","0.7","28.33","637.92","44500","100","20230418","496","20230124","391"
"4992","北興化学工業","東証ST","化学","26387","29985531","2.73","24","6.27","0.57","140.32","1531.55","88000","100","20230703","1042","20230116","771"
"4994","大成ラミック","東証ST","化学","21178","7047500","2.33","70","13.06","0.83","230.18","3608.37","300500","100","20230524","3075","20230316","2785"
"4996","クミアイ化学工業","東証PR","化学","144106","133184612","3.88","42","7.79","1.02","138.96","1057.57","108200","100","20230623","1154","20230316","818"
"4997","日本農薬","東証PR","化学","59754","81967082","2.47","18","12.16","0.81","59.93","904.26","72900","100","20230725","733","20230601","595"
"4998","フマキラー","東証ST","化学","18980","16490000","1.91","22","10.54","0.92","109.22","1256.2","115100","100","20230627","1180","20230213","1045"
"5009","富士興産","東証ST","卸売","14742","8743907","5.69","96","17.6","1.19","95.79","1415.4","168600","100","20230725","1686","20230407","1149"
"5010","日本精蝋","東証ST","石油・石炭","2643","22400000","0","0","-","0.66","-19.75","178.29","11800","100","20230329","154","20230601","114"
"5011","ニチレキ","東証PR","石油・石炭","65938","31685955","3.36","70","11.45","0.87","181.75","2394.76","208100","100","20230725","2087","20230105","1246"
"5013","ユシロ化学工業","東証ST","石油・石炭","15582","13900065","3.57","40","9.25","0.44","121.24","2545.72","112100","100","20230725","1131","20230110","763"
"5015","ビーピー・カストロール","東証ST","石油・石炭","19919","22975189","4.15","36","24.57","2.06","35.28","421.73","86700","100","20230508","929","20230116","838"
"5017","富士石油","東証PR","石油・石炭","23064","78183677","3.39","10","4.07","0.32","72.57","926.31","29500","100","20230725","302","20230105","245"
"5018","MORESCO","東証PR","石油・石炭","11558","9696500","3.78","45","15.71","0.59","75.86","2031.26","119200","100","20230201","1225","20230601","1111"
"5019","出光興産","東証PR","石油・石炭","898956","297864718","3.98","120","8.84","0.55","341.29","5510.24","301800","100","20230125","3375","20230531","2708"
"5020","ENEOSホールディングス","東証PR","石油・石炭","1554336","3032850649","4.29","22","8.58","0.54","59.71","948.67","51250","100","20230725","514.8","20230105","436"
"5021","コスモエネルギーホールディングス","東証PR","石油・石炭","381158","88353761","4.64","200","6.85","0.71","629.54","6042.41","431400","100","20230404","4620","20230105","3310"
"5025","マーキュリーリアルテックイノベーター","東証GR","情報通信","1795","2744000","0","0","49.47","2.41","13.22","271.65","65400","100","20230621","1115","20230516","519"
"5026","トリプルアイズ","東証GR","情報通信","4907","6970600","0","0","-","7.13","-83.9","98.7","70400","100","20230208","1065","20230417","591"
"5027","AnyMind_Group","東証GR","情報通信","73006","57803600","0","0","842","5.89","1.5","214.46","126300","100","20230703","1587","20230404","861"
"5028","セカンドサイトアナリティカ","東証GR","情報通信","3354","2778857","0","0","36.01","4.63","33.52","260.51","120700","100","20230202","2150","20230516","1118"
"5029","サークレイス","東証GR","情報通信","3587","4264850","0","0","23.38","4.41","35.97","190.5","84100","100","20230608","967","20230313","555"
"5031","モイ","東証GR","情報通信","4972","13966000","0","0","-","2.94","-","121.08","35600","100","20230616","463","20230316","309"
"5032","ANYCOLOR","東証PR","情報通信","230277","31160585","0","0","25.37","17.22","291.29","429.08","739000","100","20230621","8920","20230315","3930"
"5033","ヌーラボ","東証GR","情報通信","4496","6450916","0","0","27.09","4.69","25.73","148.62","69700","100","20230511","1165","20230110","631"
"5034","unerry","東証GR","情報通信","17055","3564200","0","0","16500","15.23","0.29","314.1","478500","100","20230718","5700","20230105","2110"
"5035","HOUSEI","東証GR","情報通信","4391","7094200","0.48","3","17.97","1.45","34.44","426.56","61900","100","20230323","897","20230530","602"
"5036","日本ビジネスシステムズ","東証ST","情報通信","72646","48366400","1.33","20","23.5","3.32","63.92","452.17","150200","100","20230206","1970","20230602","1143"
"5038","eWeLL","東証GR","情報通信","32018","6983286","0.39","18","53.2","27.64","86.19","165.89","458500","100","20230621","5730","20230105","3310"
"5070","ドラフト","東証GR","建設","4217","10040700","1.19","5","14.06","1.53","29.88","274.98","42000","100","20230214","428","20230215","356"
"5071","ヴィス","東証ST","建設","6843","8225050","2.64","22","7.6","1.37","109.54","608.12","83200","100","20230203","1284","20230601","787"
"5074","テスホールディングス","東証PR","建設","31519","51840946","2.92","17.73","10.11","1.17","60.14","520.13","60800","100","20230630","938","20230718","604"
"5076","インフロニア・ホールディングス","東証PR","建設","376950","274845024","4.01","55","13.74","0.98","99.8","1396.72","137150","100","20230725","1381.5","20230105","986"
"5078","セレコーポレーション","東証ST","建設","9006","3491900","3.1","80","13.47","0.47","191.52","5465.19","257900","100","20230123","2800","20230317","2253"
"5079","ノバック","東証ST","建設","15083","5202800","5.52","160","12.04","0.79","240.75","3651.89","289900","100","20230710","2912","20230104","2389"
"5101","横浜ゴム","東証PR","ゴム製品","533910","169549081","2.13","67","8.86","0.81","355.49","3897.29","314900","100","20230628","3235","20230116","1948"
"5103","昭和ホールディングス","東証ST","ゴム製品","3586","76293426","0","0","-","1.82","-","25.87","4700","100","20230209","62","20230411","41"
"5105","TOYO_TIRE","東証PR","ゴム製品","302520","154111029","2.8","55","10.42","0.92","188.37","2126.35","196300","100","20230725","1964.5","20230320","1429"
"5108","ブリヂストン","東証PR","ゴム製品","4165143","713698221","3.43","200","11.92","1.32","489.49","4420.41","583600","100","20230615","6067","20230104","4548"
"5110","住友ゴム工業","東証PR","ゴム製品","384043","263043057","2.4","35","18.28","0.69","79.85","2114.21","146000","100","20230725","1467.5","20230320","1095"
"5121","藤倉コンポジット","東証PR","ゴム製品","23071","23446209","4.07","40","6.7","0.68","146.85","1439.99","98400","100","20230331","1115","20230105","801"
"5122","オカモト","東証PR","ゴム製品","70226","18099367","2.84","110","13.4","0.9","289.66","4316.2","388000","100","20230509","4155","20230105","3625"
"5125","ファインズ","東証GR","情報通信","4585","4540000","0","0","8.73","2.8","115.65","360.48","101000","100","20230220","1644","20230714","944"
"5126","ポーターズ","東証GR","情報通信","3088","1571300","0","0","13.42","3.71","146.43","530.34","196500","100","20230208","2298","20230214","1748"
"5127","グッピーズ","東証GR","情報通信","8488","3630300","0","0","19.31","4.2","121.05","556.89","233800","100","20230414","4090","20230106","1373"
"5129","FIXER","東証GR","情報通信","26992","14725800","0","0","22.54","4.9","81.33","373.98","183300","100","20230116","3095","20230425","1668"
"5131","リンカーズ","東証GR","情報通信","4801","13638000","0","0","38.26","2.61","9.2","134.7","35200","100","20230523","414","20230316","244"
"5132","pluszero","東証GR","情報通信","14751","2504400","0","0","136.03","16.85","43.3","349.61","589000","100","20230306","10300","20230105","3250"
"5133","テリロジーホールディングス","東証ST","情報通信","5852","17111742","1.46","5","33.2","2.32","10.3","147.46","34200","100","20230302","390","20230116","296"
"5134","POPER","東証GR","情報通信","2574","3899453","0","0","44.96","4.22","14.68","156.49","66000","100","20230209","833","20230517","589"
"5136","tripla","東証GR","情報通信","12980","5499900","0","0","66.57","14.33","35.45","164.69","236000","100","20230308","3225","20230106","1819"
"5137","スマートドライブ","東証GR","情報通信","16326","6198210","0","0","-","36.76","-9.83","71.66","263400","100","20230630","3720","20230105","1284"
"5138","Rebase","東証GR","情報通信","6326","4604400","0","0","32.75","8.53","41.96","161.05","137400","100","20230704","1556","20230407","886"
"5139","オープンワーク","東証GR","情報通信","22940","5322490","0","0","40.23","4.3","107.13","1001.99","431000","100","20230217","7190","20230106","3630"
"5142","アキレス","東証PR","化学","23013","15362714","2.67","40","18.86","0.49","79.44","3058.8","149800","100","20230725","1499","20230117","1218"
"5161","西川ゴム工業","東証ST","ゴム製品","27554","19995387","2.9","40","11.03","0.36","124.92","3794.87","137800","100","20230725","1380","20230117","1060"
"5162","朝日ラバー","東証ST","ゴム製品","2554","4618520","3.62","20","23.66","0.51","23.37","1077.92","55300","100","20230424","638","20230214","508"
"5184","ニチリン","東証ST","ゴム製品","41203","14371500","3.63","104","8.61","0.84","333.11","3415.11","286700","100","20230705","2938","20230104","1730"
"5185","フコク","東証PR","ゴム製品","28351","17609130","3.42","55","8.94","0.73","180.02","2211.12","161000","100","20230724","1664","20230320","991"
"5186","ニッタ","東証PR","ゴム製品","97629","30272503","3.41","110","8.98","0.7","359.08","4623.35","322500","100","20230725","3260","20230106","2720"
"5187","クリエートメディック","東証ST","精密機器","8563","9664327","4.18","37","13.64","0.55","64.95","1622.8","88600","100","20230508","936","20230116","862"
"5189","櫻護謨","東証ST","ゴム製品","3451","1012000","1.47","50","17.36","0.42","196.39","8024.42","341000","100","20230403","9030","20230322","2621"
"5191","住友理工","東証PR","ゴム製品","86147","104042806","1.81","15","12.64","0.51","65.49","1609.48","82800","100","20230619","880","20230105","591"
"5192","三ツ星ベルト","東証PR","ゴム製品","144763","32604198","5.63","250","17.73","1.44","250.4","3089.48","444000","100","20230704","4560","20230105","3330"
"5194","相模ゴム工業","東証ST","ゴム製品","8170","10937449","1.34","10","19.31","0.84","38.69","889.52","74700","100","20230310","911","20230126","727"
"5195","バンドー化学","東証PR","ゴム製品","63712","44213536","4.72","68","10.45","0.81","137.93","1785.25","144100","100","20230711","1492","20230105","924"
"5199","不二ラテックス","東証ST","ゴム製品","2495","1286199","2.58","50","6.23","0.69","311.48","2820.6","194000","100","20230220","2063","20230106","1850"
"5201","AGC","東証PR","ガラス土石","1155402","227441381","4.13","210","12.9","0.8","393.79","6335.93","508000","100","20230628","5360","20230104","4310"
"5202","日本板硝子","東証PR","ガラス土石","58985","91167199","0","0","8.42","0.89","76.81","723.78","64700","100","20230306","761","20230104","556"
"5204","石塚硝子","東証ST","ガラス土石","6857","4219554","2.46","40","5.67","0.27","286.7","5997.88","162500","100","20230426","1650","20230118","1402"
"5208","有沢製作所","東証PR","化学","36299","33547924","4.16","45","19.89","0.76","54.41","1422.43","108200","100","20230227","1438","20230602","1058"
"5210","日本山村硝子","東証ST","ガラス土石","12427","11145249","2.69","30","1.52","0.3","734.44","3657.38","111500","100","20230615","1193","20230117","509"
"5212","不二硝子","東証ST","ガラス土石","2178","2142000","0.74","7.5","22.01","0.61","46.21","1669.3","101700","100","20230315","1582","20230613","991"
"5214","日本電気硝子","東証PR","ガラス土石","256024","99523246","4.66","120","29.92","0.46","85.98","5603.24","257250","100","20230529","2678","20230104","2295"
"5216","倉元製作所","東証ST","ガラス土石","4127","33831519","0","0","20.4","6.29","5.98","19.39","12200","100","20230509","144","20230316","120"
"5217","テクノクオーツ","東証ST","ガラス土石","16419","3900000","2.73","115","6.33","0.98","664.65","4290.54","421000","100","20230208","4775","20230116","3715"
"5218","オハラ","東証ST","ガラス土石","35401","25450000","1.44","20","15.4","0.76","90.33","1829.59","139100","100","20230619","1720","20230104","1045"
"5232","住友大阪セメント","東証PR","ガラス土石","133748","34329517","3.08","120","14.05","0.73","277.35","5326.24","389600","100","20230307","3975","20230112","3115"
"5233","太平洋セメント","東証PR","ガラス土石","350707","121985078","2.43","70","8.41","0.68","341.72","4228.48","287500","100","20230704","2892","20230112","2006"
"5237","ノザワ","東証ST","ガラス土石","9201","12075000","4.59","35","11.9","0.47","64.02","1620.88","76200","100","20230630","769","20230113","631"
"5240","monoAI_technology","東証GR","情報通信","11679","10354100","0","0","116.29","9.32","9.7","121.08","112800","100","20230307","2390","20230713","1072"
"5242","アイズ","東証GR","情報通信","3930","1007800","0","0","31.85","6.03","122.46","646.47","390000","100","20230703","4535","20230428","2818"
"5243","note","東証GR","情報通信","7739","15145000","0","0","-","4.8","-43.37","106.46","51100","100","20230307","927","20230104","401"
"5244","jig.jp","東証GR","情報通信","13163","42054000","0","0","19.11","6.17","16.38","50.76","31300","100","20230106","494","20230426","254"
"5246","ELEMENTS","東証GR","情報通信","14491","21062800","0","0","-","59.36","-32.44","11.59","68800","100","20230303","1385","20230118","444"
"5247","BTM","東証GR","情報通信","5716","1402700","0","0","57.94","11.73","70.33","347.47","407500","100","20230309","7120","20230104","2042"
"5248","テクノロジーズ","東証GR","情報通信","7150","2820400","0","0","80.71","9.12","31.41","277.97","253500","100","20230127","4000","20230427","1420"
"5250","プライム・ストラテジー","東証ST","情報通信","11484","3459000","0","0","45.23","9.5","73.4","349.53","332000","100","20230705","4690","20230421","2072"
"5252","日本ナレッジ","東証GR","情報通信","3040","1376000","0.91","20","20.26","3.38","109.01","653.14","220900","100","20230324","3935","20230530","2038"
"5253","カバー","東証GR","情報通信","150610","61124200","0","0","46.54","21.51","52.94","114.56","246400","100","20230620","3170","20230331","1300"
"5254","Arent","東証GR","情報通信","29320","6198780","0","0","96.33","9.22","49.1","513.01","473000","100","20230606","7540","20230328","1453"
"5255","モンスターラボホールディングス","東証GR","情報通信","24237","34280950","0","0","25.43","4.14","27.8","170.62","70700","100","20230502","1145","20230605","667"
"5256","Fusic","東証GR","情報通信","6424","1245000","0","0","51.17","8.71","100.85","592.5","516000","100","20230405","6760","20230428","3515"
"5257","ノバシステム","東証ST","情報通信","4502","1402500","0","0","15.43","2.89","208","1111.11","321000","100","20230404","3610","20230424","2053"
"5258","トランザクション・メディア・ネットワークス","東証GR","情報通信","46848","36917500","0","0","55.63","7.95","22.81","159.67","126900","100","20230704","1978","20230412","1045"
"5259","BBDイニシアティブ","東証GR","情報通信","3968","5276221","-","-","-","-","-","-","75200","100","20230403","893","20230523","702"
"5261","リソルホールディングス","東証PR","サービス","26291","5564200","1.06","50","32.81","1.94","144.01","2430.35","472500","100","20230329","5290","20230116","4500"
"5262","日本ヒューム","東証PR","ガラス土石","22216","29347500","3.3","25","11.04","0.48","68.59","1575.56","75700","100","20230509","828","20230213","630"
"5268","旭コンクリート工業","東証ST","ガラス土石","9276","13233000","2.57","18","29.26","0.89","23.96","788.43","70100","100","20230626","712","20230329","670"
"5269","日本コンクリート工業","東証PR","ガラス土石","19413","57777432","3.87","13","22.81","0.52","14.73","643.71","33600","100","20230616","350","20230105","212"
"5271","トーヨーアサノ","東証ST","ガラス土石","2396","1440840","3.61","60","16.57","0.61","100.34","2730.77","166300","100","20230710","1900","20230629","1498"
"5273","三谷セキサン","東証ST","ガラス土石","114938","24986599","1.37","63","15.38","1.21","299.18","3800.96","460000","100","20230622","5290","20230106","3595"
"5277","スパンクリートコーポレーション","東証ST","ガラス土石","2165","9332400","-","-","-","0.3","-30.25","778.75","23200","100","20230424","293","20230111","215"
"5279","日本興業","東証ST","ガラス土石","2320","3064200","3.3","25","9.13","0.3","82.88","2522.54","75700","100","20230411","790","20230104","697"
"5280","ヨシコン","東証ST","不動産","9982","8030248","4.1","51","5.7","0.38","218.19","3283.08","124300","100","20230703","1288","20230113","1035"
"5282","ジオスター","東証ST","ガラス土石","9081","31530000","-","-","22.52","0.41","12.79","699.51","28800","100","20230508","324","20230719","285"
"5283","高見澤","東証ST","卸売","4445","1758400","0.99","25","4.24","0.32","595.67","7786.14","252800","100","20230512","2678","20230116","1855"
"5284","ヤマウホールディングス","東証ST","ガラス土石","8942","6306000","4.8","68","6.33","0.96","223.9","1478.28","141800","100","20230705","1500","20230125","791"
"5285","ヤマックス","東証ST","ガラス土石","8662","11580000","2.67","20","10.75","1.25","69.55","598.54","74800","100","20230704","816","20230117","360"
"5287","イトーヨーギョー","東証ST","ガラス土石","2301","3568000","1.55","10","27.48","0.58","23.47","1120.97","64500","100","20230512","711","20230105","550"
"5288","アジアパイルホールディングス","東証PR","ガラス土石","23616","38089792","4.03","25","7.87","0.57","78.76","1084.01","62000","100","20230309","783","20230104","530"
"5290","ベルテクスコーポレーション","東証ST","ガラス土石","47663","30553350","2.56","40","9.78","1.31","159.53","1190.24","156000","100","20230706","1593","20230216","1250"
"5301","東海カーボン","東証PR","ガラス土石","277467","224943104","2.92","36","10.11","0.94","121.95","1312.32","123350","100","20230307","1387","20230116","1027"
"5302","日本カーボン","東証PR","ガラス土石","50584","11832504","4.68","200","18.89","1.03","226.36","4141","427500","100","20230623","4535","20230320","3900"
"5304","SECカーボン","東証ST","ガラス土石","43665","4138868","3.22","340","9.12","0.69","1156.23","15351.03","1055000","100","20230703","10850","20230104","6680"
"5310","東洋炭素","東証PR","ガラス土石","111471","20992588","1.51","80","20.25","1.43","262.25","3717.34","531000","100","20230720","5470","20230106","3525"
"5331","ノリタケカンパニーリミテド","東証PR","ガラス土石","80300","14842849","4.25","230","7.81","0.61","692.87","8881.9","541000","100","20230704","5620","20230104","3940"
"5332","TOTO","東証PR","ガラス土石","769869","176981297","2.3","100","18.92","1.63","229.96","2674.28","435000","100","20230112","5130","20230710","4186"
"5333","日本碍子","東証PR","ガラス土石","536659","311829996","2.91","50","13.69","0.83","125.7","2074.66","172100","100","20230309","1882","20230707","1642"
"5334","日本特殊陶業","東証PR","ガラス土石","610688","204175320","4.45","133","9.01","1.08","332.02","2772.61","299100","100","20230706","3008","20230104","2395"
"5337","ダントーホールディングス","東証ST","ガラス土石","24321","33000000","0","0","-","2.75","-19.74","268.02","73700","100","20230621","792","20230111","206"
"5341","ASAHI_EITOホールディングス","東証ST","ガラス土石","3115","4019045","0","0","-","2.8","-43.36","276.32","77500","100","20230707","840","20230530","510"
"5344","MARUWA","東証PR","ガラス土石","275153","12372000","0.39","86","-","2.91","-","7636.6","2224000","100","20230703","22890","20230104","15410"
"5351","品川リフラクトリーズ","東証PR","ガラス土石","56765","9429366","-","-","4.69","0.83","1282.47","7279.71","602000","100","20230725","6040","20230105","3790"
"5352","黒崎播磨","東証PR","ガラス土石","88229","9114528","3.1","300","9.59","1.11","1009.39","8731.68","968000","100","20230725","9680","20230104","5000"
"5355","日本坩堝","東証ST","ガラス土石","3875","7045200","2.18","12","13.21","0.71","41.63","773.1","55000","100","20230710","565","20230207","528"
"5357","ヨータイ","東証PR","ガラス土石","31265","20664000","3.3","50","9.9","0.96","152.82","1582.45","151300","100","20230309","1617","20230105","1250"
"5363","東京窯業","東証ST","ガラス土石","15826","45477000","3.3","11.5","7.52","0.45","46.29","775.21","34800","100","20230519","371","20230104","262"
"5367","ニッカトー","東証PR","ガラス土石","8155","12135695","3.57","24","9.55","0.65","70.38","1038.39","67200","100","20230704","696","20230104","462"
"5368","日本インシュレーション","東証ST","ガラス土石","7662","8707200","4.2","37","8.66","0.61","101.61","1443.07","88000","100","20230711","929","20230501","807"
"5380","新東","東証ST","ガラス土石","1114","831682","-","-","-","0.29","-","4677.22","133900","100","20230315","2146","20230602","1321"
"5381","Mipox","東証ST","ガラス土石","9163","14451920","-","-","18.06","1.13","35.11","561.67","63400","100","20230203","771","20230323","464"
"5384","フジミインコーポレーテッド","東証PR","ガラス土石","277141","80098500","2.12","73.34","26.74","3.72","129.41","930.28","346000","100","20230704","3785","20230104","2017"
"5386","鶴弥","東証ST","ガラス土石","3029","7767800","1.28","5","24.87","0.26","15.68","1514.9","39000","100","20230523","402","20230111","310"
"5388","クニミネ工業","東証ST","ガラス土石","15144","14450000","3.82","40","10.9","0.63","96.16","1663.52","104800","100","20230703","1057","20230105","798"
"5391","エーアンドエーマテリアル","東証ST","ガラス土石","8890","7778000","4.37","50","4.16","0.53","274.47","2156.7","114300","100","20230725","1153","20230106","860"
"5393","ニチアス","東証PR","ガラス土石","197265","67811917","3.3","96","9.46","1.12","307.54","2598.45","290900","100","20230703","3030","20230105","2292"
"5395","理研コランダム","東証ST","ガラス土石","2186","922128","2.53","60","19.08","0.45","124.29","5245.62","237100","100","20230111","2548","20230601","2300"
"5401","日本製鉄","東証PR","鉄鋼","3022022","950321402","4.4","140","7.91","0.7","401.81","4540.59","318000","100","20230309","3294","20230105","2228"
"5406","神戸製鋼所","東証PR","鉄鋼","580052","396345963","-","-","5.78","0.63","253.22","2314.31","146350","100","20230725","1464","20230105","629"
"5408","中山製鋼所","東証PR","鉄鋼","56961","63079256","4.21","38","7.19","0.5","125.61","1789.18","90300","100","20230228","1205","20230601","755"
"5410","合同製鐵","東証PR","鉄鋼","67466","17145211","4.57","180","6.77","0.51","581.14","7654.63","393500","100","20230724","4030","20230106","2080"
"5411","JFEホールディングス","東証PR","鉄鋼","1354222","614438399","4.54","100","6.74","0.6","327.05","3649.79","220400","100","20230725","2209.5","20230105","1496"
"5423","東京製鐵","東証PR","鉄鋼","261593","155064249","2.37","40","7.79","0.99","216.65","1699.15","168700","100","20230725","1746","20230104","1174"
"5440","共英製鋼","東証PR","鉄鋼","98059","44898730","3.21","70","7.91","0.53","276.12","4134.64","218400","100","20230724","2203","20230105","1234"
"5444","大和工業","東証PR","鉄鋼","414765","65000000","4.7","300","8.47","0.92","753.57","6917.47","638100","100","20230725","6440","20230105","4355"
"5445","東京鐵鋼","東証PR","鉄鋼","31467","9365305","4.46","150","6.74","0.66","498.6","5106.76","336000","100","20230703","3420","20230104","1422"
"5446","北越メタル","東証ST","鉄鋼","6406","3994000","-","-","7.7","0.38","208.18","4272.33","160400","100","20230314","1996","20230105","1320"
"5449","大阪製鐵","東証ST","鉄鋼","63462","42279982","-","-","14.98","0.39","100.21","3879.28","150100","100","20230724","1560","20230106","1132"
"5451","淀川製鋼所","東証PR","鉄鋼","116531","34837230","-","-","-","0.54","-","6223.26","334500","100","20230703","3440","20230105","2462"
"5458","高砂鐵工","東証ST","鉄鋼","2602","3008000","-","-","-","0.6","-","1437.15","86500","100","20230306","892","20230110","778"
"5461","中部鋼鈑","東証PR","鉄鋼","61668","30200000","4.06","83","8.69","0.77","235.11","2643.19","204200","100","20230310","2820","20230104","1428"
"5463","丸一鋼管","東証PR","鉄鋼","279636","84000000","3.3","110","11.78","0.85","282.58","3936.89","332900","100","20230629","3363","20230105","2638"
"5464","モリ工業","東証ST","鉄鋼","27143","7766380","3.72","130","7.98","0.54","437.86","6527.42","349500","100","20230510","3735","20230105","2698"
"5471","大同特殊鋼","東証PR","鉄鋼","270729","43448769","3.69","230","8.3","0.72","750.72","8650.15","623100","100","20230725","6245","20230105","4160"
"5476","日本高周波鋼業","東証ST","鉄鋼","5302","14687617","-","-","-","0.35","-","1032.83","36100","100","20230202","370","20230106","307"
"5480","日本冶金工業","東証PR","鉄鋼","65941","15497333","4.7","200","4.89","0.8","869.47","5324.8","425500","100","20230309","4770","20230426","3820"
"5481","山陽特殊製鋼","東証PR","鉄鋼","148096","54507307","3.68","100","10.57","0.69","256.95","3934.5","271700","100","20230704","2918","20230105","2043"
"5482","愛知製鋼","東証PR","鉄鋼","69603","19886675","1.43","50","23.02","0.34","152.07","10328.55","350000","100","20230725","3505","20230203","2107"
"5484","東北特殊鋼","東証ST","鉄鋼","13605","7550000","1.11","20","18.09","0.52","99.62","3489.39","180200","100","20230130","1919","20230522","1676"
"5491","日本金属","東証PR","鉄鋼","6439","6700000","1.04","10","8.04","0.26","119.5","3652.27","96100","100","20230309","1010","20230531","853"
"5527","property_technologies","東証GR","不動産","8345","4151851","0","0","5.13","1.22","391.76","1650.11","201000","100","20230116","3650","20230516","1681"
"5532","リアルゲイト","東証GR","不動産","6061","2670000","0","0","20.76","6.18","109.36","367.42","227000","100","20230622","3825","20230710","1876"
"5533","エリッツホールディングス","東証ST","不動産","11965","3342200","1.56","56","21.21","3.25","168.75","1100.47","358000","100","20230713","4760","20230627","1980"
"5541","大平洋金属","東証PR","鉄鋼","31069","19577071","0","0","-","0.43","-245","3678.9","158700","100","20230210","2156","20230602","1492"
"5542","新報国マテリアル","東証ST","鉄鋼","4395","3510000","2.4","30","9.15","0.87","136.76","1438.65","125200","100","20230621","1400","20230314","1113"
"5563","新日本電工","東証PR","鉄鋼","39244","137217772","2.45","7","13.19","0.59","21.69","483.93","28600","100","20230127","394","20230601","260"
"5570","ジェノバ","東証GR","情報通信","18908","14195000","0.23","3","40.96","6.82","32.52","195.3","133200","100","20230419","2300","20230602","964"
"5571","エキサイトホールディングス","東証ST","情報通信","5248","4932650","0","0","9.11","2.05","116.77","518.2","106400","100","20230420","1949","20230714","1001"
"5572","Ridge-i","東証GR","情報通信","8749","3794130","0","0","70.84","4.36","32.55","529.5","230600","100","20230427","4620","20230725","2290"
"5574","ABEJA","東証GR","情報通信","45746","8598900","0","0","128.19","18.97","41.5","280.49","532000","100","20230622","10300","20230614","4575"
"5575","Globee","東証GR","情報通信","11393","4996800","0","0","53.3","40.86","42.78","55.8","228000","100","20230622","4495","20230615","2180"
"5576","オービーシステム","東証ST","情報通信","5214","2277000","2.62","60","12.18","1.25","188.06","1827.84","229000","100","20230622","4410","20230725","2189"
"5577","アイデミー","東証GR","情報通信","9439","3967600","0","0","51.77","10.31","45.95","230.69","237900","100","20230623","5760","20230725","2372"
"5578","ARアドバンストテクノロジ","東証GR","情報通信","9803","3273000","0","0","31.91","6.6","93.85","453.57","299500","100","20230628","4990","20230712","2921"
"5580","プロディライト","東証GR","情報通信","2624","1561650","0","0","23.48","6.78","71.55","247.94","168000","100","20230628","3285","20230714","1628"
"5582","グリッド","東証GR","情報通信","18138","4512000","0","0","95.46","15.23","42.11","263.96","402000","100","20230710","6400","20230721","3955"
"5602","栗本鐵工所","東証PR","鉄鋼","32432","13098490","3.63","90","7.56","0.42","327.63","5865.19","247600","100","20230725","2479","20230106","1690"
"5603","虹技","東証ST","鉄鋼","4364","3362163","3.85","50","7.86","0.36","165.14","3614.14","129800","100","20230725","1310","20230116","881"
"5609","日本鋳造","東証ST","鉄鋼","4888","4825050","2.96","30","7.51","0.43","134.82","2357.8","101300","100","20230725","1014","20230113","815"
"5610","大和重工","東証ST","鉄鋼","1067","1358000","-","-","12.93","0.41","60.77","1937.08","78600","100","20230614","918","20230130","763"
"5612","日本鋳鉄管","東証ST","鉄鋼","3853","3293074","-","-","-","0.44","-","2632.49","117000","100","20230721","1194","20230111","933"
"5631","日本製鋼所","東証PR","機械","221862","74387779","1.94","58","15.68","1.38","190.26","2162.18","298250","100","20230622","3178","20230320","2322"
"5632","三菱製鋼","東証PR","鉄鋼","26016","15709968","3.62","60","8.48","0.59","195.36","2813.13","165600","100","20230725","1671","20230105","959"
"5644","メタルアート","東証ST","鉄鋼","11509","3157382","2.47","90","5.94","0.54","614.09","6780.93","364500","100","20230725","3685","20230111","2156"
"5658","日亜鋼業","東証ST","鉄鋼","16976","51755478","3.05","10","12.5","0.33","26.24","997.15","32800","100","20230509","337","20230105","242"
"5659","日本精線","東証PR","鉄鋼","30796","6253038","4.26","210","11.35","0.82","433.73","6040.65","492500","100","20230630","4990","20230105","4150"
"5660","神鋼鋼線工業","東証ST","鉄鋼","5895","5912999","1.5","15","21.05","0.27","47.37","3673.56","99700","100","20230308","1133","20230113","900"
"5695","パウダーテック","東証ST","鉄鋼","7464","2970000","3.58","90","10.25","0.58","245.07","4367.63","251300","100","20230725","2513","20230330","2130"
"5697","サンユウ","東証ST","鉄鋼","3253","6091000","2.62","14","11.53","0.35","46.32","1526.59","53400","100","20230306","802","20230630","504"
"5698","エンビプロ・ホールディングス","東証PR","鉄鋼","17098","30102454","2.46","14","12.04","1.05","47.16","542.74","56800","100","20230125","778","20230713","514"
"5699","イボキン","東証ST","鉄鋼","4167","3427200","1.85","22.5","11.63","1.07","104.52","1136.33","121600","100","20230104","1418","20230602","1156"
"5702","大紀アルミニウム工業所","東証PR","非鉄金属","67931","43629235","3.85","60","8.66","0.93","179.7","1665.84","155700","100","20230725","1570","20230104","1214"
"5703","日本軽金属ホールディングス","東証PR","非鉄金属","91255","61993750","3.4","50","12.15","0.44","121.12","3318.17","147200","100","20230127","1624","20230601","1322"
"5704","JMC","東証GR","非鉄金属","3790","5330000","0","0","14.55","1.5","48.87","474.38","71100","100","20230202","776","20230601","609"
"5706","三井金属鉱業","東証PR","非鉄金属","189071","57329098","4.24","140","18.84","0.74","175.02","4434.42","329800","100","20230616","3613","20230105","3045"
"5707","東邦亜鉛","東証PR","非鉄金属","23680","13585521","2.87","50","47.34","0.47","36.82","3720.7","174300","100","20230307","2271","20230608","1624"
"5711","三菱マテリアル","東証PR","非鉄金属","334970","131489535","3.69","94","8.12","0.56","313.86","4541.96","254750","100","20230623","2660","20230105","2010"
"5713","住友金属鉱山","東証PR","非鉄金属","1429933","290814015","1.1","54","32.17","0.83","152.86","5938.42","491700","100","20230302","5515","20230531","4222"
"5714","DOWAホールディングス","東証PR","非鉄金属","280625","61989206","2.43","110","13.47","0.78","336.02","5794.63","452700","100","20230705","4773","20230104","3945"
"5715","古河機械金属","東証PR","非鉄金属","66654","40445568","3.03","50","4.11","0.61","401.41","2700.87","164800","100","20230725","1658","20230106","1236"
"5721","エス・サイエンス","東証ST","非鉄金属","3398","141593749","-","-","133.33","1.29","0.18","18.58","2400","100","20230208","28","20230531","23"
"5724","アサカ理研","東証ST","非鉄金属","6575","5144600","0.63","8","27.33","1.55","46.77","822.41","127800","100","20230308","1533","20230719","1227"
"5726","大阪チタニウムテクノロジーズ","東証PR","非鉄金属","121256","36800000","1.21","40","22.88","3.98","144.03","828.15","329500","100","20230125","4025","20230509","2580"
"5727","東邦チタニウム","東証PR","非鉄金属","133918","71270910","0.64","12","46.11","2.52","40.75","746.73","187900","100","20230124","2829","20230509","1592"
"5729","日本精鉱","東証ST","非鉄金属","7484","2605900","2.79","80","13.48","0.74","213.09","3855.56","287200","100","20230308","3190","20230512","2700"
"5741","UACJ","東証PR","非鉄金属","132951","48328193","3.09","85","8.84","0.53","311.07","5143.72","275100","100","20230705","2893","20230104","2171"
"5742","エヌアイシ・オートテック","東証ST","非鉄金属","4620","5500000","4.88","41","57.93","1.07","14.5","783.98","84000","100","20230712","860","20230120","775"
"5753","日本伸銅","東証ST","非鉄金属","4783","2370000","0.5","10","6.67","0.42","302.55","4822.16","201800","100","20230206","2105","20230113","1906"
"5757","CKサンエツ","東証PR","非鉄金属","37286","8867000","1.66","70","8.49","0.8","495.24","5240.76","420500","100","20230703","4490","20230106","3905"
"5759","日本電解","東証GR","非鉄金属","17132","9050000","0","0","-","2.3","-121.55","822.97","189300","100","20230227","2480","20230110","1479"
"5781","東邦金属","東証ST","非鉄金属","3523","2338001","0","0","23.29","1.03","64.7","1465.74","150700","100","20230314","2411","20230117","820"
"5801","古河電気工業","東証PR","非鉄金属","194475","70666917","2.18","60","14.9","0.64","184.67","4312.07","275200","100","20230725","2752","20230208","2263"
"5802","住友電気工業","東証PR","非鉄金属","1442987","793940571","2.75","50","14.17","0.75","128.23","2436.14","181750","100","20230725","1824.5","20230116","1456"
"5803","フジクラ","東証PR","非鉄金属","351338","295863421","3.79","45","7.99","1.21","148.66","978.84","118750","100","20230703","1245","20230407","863"
"5805","SWCC","東証PR","非鉄金属","60236","30826861","3.84","75","8.34","0.86","234.26","2259.11","195400","100","20230307","2039","20230106","1689"
"5809","タツタ電線","東証PR","非鉄金属","50092","70156394","-","-","-","0.92","-","775.04","71400","100","20230111","717","20230707","705"
"5816","オーナンバ","東証ST","非鉄金属","12696","12558251","2.37","24","7.25","0.58","139.5","1749.11","101100","100","20230704","1038","20230206","686"
"5817","JMACS","東証ST","非鉄金属","2472","4691555","1.9","10","17.64","0.54","29.88","981.65","52700","100","20230623","591","20230106","429"
"5819","カナレ電気","東証ST","非鉄金属","10458","7028060","2.69","40","15.33","0.63","97.04","2366.27","148800","100","20230725","1500","20230320","1217"
"5820","三ッ星","東証ST","非鉄金属","9652","3799965","0.67","17","51.41","1.44","49.41","1764.82","254000","100","20230707","3140","20230306","827"
"5821","平河ヒューテック","東証PR","非鉄金属","29844","17627800","2.13","36","11.33","0.7","149.49","2429.61","169300","100","20230725","1701","20230106","1091"
"5830","いよぎんホールディングス","東証PR","銀行","276615","313408831","2.27","20","10.68","0.36","82.67","2462.02","88260","100","20230725","886.1","20230118","681"
"5831","しずおかフィナンシャルグループ","東証PR","銀行","638668","585129069","3.11","34","10.91","0.53","100.05","2050.65","109150","100","20230201","1154","20230316","904"
"5832","ちゅうぎんフィナンシャルグループ","東証PR","銀行","165518","184771461","3.35","30","10.97","0.31","81.65","2872.19","89580","100","20230113","1003","20230608","845"
"5834","SBIリーシングサービス","東証GR","証券・先物","18097","7776800","1.29","30","6.46","1.02","360.05","2283.87","232700","100","20230126","3130","20230601","2025"
"5838","楽天銀行","東証PR","銀行","347045","174482380","0","0","10.37","1.54","191.83","1295.31","198900","100","20230720","2114","20230426","1785"
"5851","リョービ","東証PR","非鉄金属","94184","32646143","2.43","70","11.12","0.68","259.51","4228.03","288500","100","20230725","2886","20230105","1115"
"5852","アーレスティ","東証PR","非鉄金属","19505","26076717","2.01","15","17.63","0.34","42.43","2180.28","74800","100","20230725","764","20230116","413"
"5856","エルアイイーエイチ","東証ST","小売","3970","74903800","-","-","-","1.3","-","40.85","5300","100","20230303","66","20230518","51"
"5857","AREホールディングス","東証PR","非鉄金属","153678","79708688","4.67","90","11.19","1.38","172.23","1395.52","192800","100","20230310","2096","20230531","1883"
"5884","クラダシ","東証GR","小売","6964","10763358","0","0","-","13.55","-15.79","47.75","64700","100","20230630","879","20230719","567"
"5885","ジーデップ・アドバンス","東証ST","卸売","16223","1320000","0.5","62","36.96","9.69","332.5","1268.93","1229000","100","20230705","18600","20230720","9100"
"5900","ダイケン","東証ST","金属製品","4693","5970480","1.91","15","13.26","0.34","59.27","2300.37","78600","100","20230707","900","20230104","695"
"5901","東洋製罐グループホールディングス","東証PR","金属製品","410800","182862162","4.01","90","24.72","0.63","90.86","3541.25","224650","100","20230725","2246.5","20230113","1551"
"5902","ホッカンホールディングス","東証PR","金属製品","18722","13469387","-","-","13.07","0.34","106.34","4137.9","139000","100","20230517","1424","20230601","1315"
"5903","シンポ","東証ST","金属製品","7817","6140850","1.96","25","11.33","1.18","112.37","1077.07","127300","100","20230502","1344","20230104","1125"
"5905","日本製罐","東証ST","金属製品","2213","1392000","4.4","70","8.12","0.42","195.71","3772.6","159000","100","20230501","1605","20230113","1108"
"5906","エムケー精工","東証ST","金属製品","5926","15595050","2.11","8","9.26","0.4","41.02","942.44","38000","100","20230418","438","20230104","339"
"5909","コロナ","東証ST","金属製品","26848","29342454","3.06","28","22.25","0.37","41.12","2498.16","91500","100","20230510","974","20230531","860"
"5911","横河ブリッジホールディングス","東証PR","金属製品","111322","43164802","3.49","90","9.95","0.92","259.15","2794.45","257900","100","20230710","2586","20230110","1822"
"5915","駒井ハルテック","東証PR","金属製品","9826","4972709","3.54","70","15.35","0.31","128.71","6301.7","197600","100","20230725","1991","20230106","1452"
"5918","瀧上工業","東証ST","金属製品","21176","2697600","1.27","100","43.03","0.45","182.41","17460.67","785000","100","20230707","8260","20230522","6700"
"5921","川岸工業","東証ST","金属製品","9810","3000000","3.06","100","7.91","0.36","413.27","9057.61","327000","100","20230725","3460","20230316","2601"
"5922","那須電機鉄工","東証ST","金属製品","11136","1200000","1.08","100","9.93","0.1","934.56","90978","928000","100","20230403","9900","20230123","7270"
"5923","高田機工","東証ST","金属製品","6317","2237586","3.54","100","7.43","0.3","380.01","9417.77","282300","100","20230511","3190","20230104","2420"
"5928","アルメタックス","東証ST","金属製品","4181","11912515","2.28","8","18.21","0.41","19.27","854.16","35100","100","20230306","490","20230104","263"
"5929","三和ホールディングス","東証PR","金属製品","438900","231000000","3.05","58","13.21","1.74","143.88","1088.87","190000","100","20230703","1922","20230105","1186"
"5930","文化シヤッター","東証PR","金属製品","77683","72196487","3.9","42","9.42","0.8","114.27","1348.39","107600","100","20230310","1186","20230721","1049"
"5932","三協立山","東証PR","金属製品","29030","31554629","2.17","20","9.61","0.32","95.69","2854.68","92000","100","20230719","943","20230105","518"
"5933","アルインコ","東証PR","金属製品","23038","21039326","3.65","40","12.63","0.74","86.68","1475.16","109500","100","20230203","1115","20230531","957"
"5935","元旦ビューティ工業","東証ST","金属製品","7851","3858030","1.23","25","21.32","1.49","95.45","1366.82","203500","100","20230407","6490","20230221","1068"
"5936","東洋シヤッター","東証ST","金属製品","4196","6387123","2.74","18","7.43","0.52","88.4","1251.86","65700","100","20230725","659","20230112","490"
"5938","LIXIL","東証PR","金属製品","547138","287211790","4.72","90","49.71","0.87","38.32","2178.77","190500","100","20230309","2368","20230601","1772"
"5939","大谷工業","東証ST","金属製品","7231","780000","0.32","30","48.15","2.13","192.51","4342.48","927000","100","20230316","16050","20230105","4125"
"5940","不二サッシ","東証ST","金属製品","11617","126267824","1.09","1","12.35","0.63","7.45","146.11","9200","100","20230721","94","20230314","65"
"5941","中西製作所","東証ST","金属製品","10481","6306000","1.99","33","15.4","0.59","107.9","2796.82","166200","100","20230207","1956","20230725","1659"
"5942","日本フイルコン","東証ST","金属製品","10441","22167211","3.4","16","8.07","0.43","58.36","1089.1","47100","100","20230308","496","20230117","434"
"5943","ノーリツ","東証PR","金属製品","87270","50797651","3.73","64","13.41","0.68","128.09","2538.23","171800","100","20230508","1890","20230105","1412"
"5945","天龍製鋸","東証ST","金属製品","17808","5573817","-","-","14.08","0.46","226.91","6872.6","319500","100","20230629","3305","20230330","3000"
"5946","長府製作所","東証PR","金属製品","87310","34239312","1.57","40","21.87","0.67","116.6","3789.71","255000","100","20230620","2653","20230105","1885"
"5947","リンナイ","東証PR","金属製品","466997","150063171","1.93","60","17.19","1.25","181.03","2487.6","311200","100","20230209","3497","20230602","2883"
"5949","ユニプレス","東証PR","輸送用機器","54807","47991873","2.63","30","17.51","0.38","65.22","2991.42","114200","100","20230706","1188","20230214","712"
"5950","日本パワーファスニング","東証ST","金属製品","2205","18688540","2.12","2.5","26.76","0.56","4.41","211.86","11800","100","20230713","140","20230324","115"
"5951","ダイニチ工業","東証ST","金属製品","14199","19058587","2.95","22","9.65","0.46","77.23","1612.35","74500","100","20230612","755","20230116","635"
"5952","アマテイ","東証ST","金属製品","1663","12317000","1.11","1.5","22.88","1.27","5.9","106.05","13500","100","20230713","176","20230104","111"
"5955","ヤマシナ","東証ST","金属製品","12638","143611765","1.14","1","26.43","1.05","3.33","84.01","8800","100","20230530","160","20230104","63"
"5956","トーソー","東証ST","金属製品","5460","10000000","1.83","10","14","0.36","38.99","1508.92","54600","100","20230725","546","20230104","485"
"5957","日東精工","東証PR","金属製品","24431","39985017","2.95","18","10.26","0.73","59.54","840.45","61100","100","20230705","694","20230105","480"
"5958","三洋工業","東証ST","金属製品","6941","3520000","4.31","85","7.8","0.36","252.89","5486.3","197200","100","20230509","2069","20230104","1721"
"5959","岡部","東証PR","金属製品","36869","49290632","3.34","25","15.02","0.54","49.81","1397.59","74800","100","20230428","843","20230104","686"
"5962","浅香工業","東証ST","その他製品","1463","1037080","2.13","30","8.47","0.39","166.56","3646.32","141100","100","20230124","1599","20230525","1363"
"5965","フジマック","東証ST","金属製品","10561","14272000","2.97","22","10.43","0.48","70.96","1544.15","74000","100","20230725","743","20230123","653"
"5966","京都機械工具","東証ST","金属製品","5294","2477435","3.28","70","8.27","0.47","258.56","4589.22","213700","100","20230725","2137","20230215","1920"
"5967","TONE","東証ST","金属製品","13001","11713000","1.85","20.5","12.93","1.27","85.83","873.94","111000","100","20230418","1460","20230105","717"
"5969","ロブテックス","東証ST","金属製品","2640","2000000","2.65","35","7.83","0.55","168.68","2418.24","132000","100","20230511","1510","20230512","1137"
"5970","ジーテクト","東証PR","金属製品","81449","43931260","3.24","60","11.23","0.48","165.08","3829.15","185400","100","20230725","1856","20230602","1312"
"5971","共和工業所","東証ST","金属製品","5515","1360000","1.97","80","4.08","0.38","994.37","10648.4","405500","100","20230426","4510","20230203","3900"
"5973","トーアミ","東証ST","金属製品","3181","6400000","3.02","15","29.94","0.28","16.6","1787.43","49700","100","20230417","518","20230110","463"
"5974","中国工業","東証ST","金属製品","2507","3420000","2.05","15","12.53","0.53","58.48","1395.14","73300","100","20230607","914","20230124","611"
"5975","東プレ","東証PR","金属製品","88542","54021824","2.44","40","12.29","0.45","133.35","3640.37","163900","100","20230720","1665","20230316","1098"
"5976","高周波熱錬","東証PR","金属製品","40032","38678700","4.64","48","19.51","0.66","53.04","1575.08","103500","100","20230725","1037","20230105","637"
"5981","東京製綱","東証PR","金属製品","20986","16268242","3.1","40","7.61","0.66","169.42","1947.84","129000","100","20230303","1342","20230106","834"
"5982","マルゼン","東証ST","金属製品","41578","19780000","3.33","70","12.08","0.78","173.99","2693.69","210200","100","20230502","2280","20230110","1754"
"5983","イワブチ","東証ST","金属製品","5808","1100000","3.79","200","20.55","0.32","256.98","16504.46","528000","100","20230414","6740","20230105","4425"
"5984","兼房","東証ST","金属製品","10561","14310000","-","-","-","0.37","-","1971.13","73800","100","20230209","816","20230406","703"
"5985","サンコール","東証PR","金属製品","18221","34057923","3.74","20","20.11","0.42","26.61","1264.63","53500","100","20230201","669","20230602","484"
"5986","モリテックスチール","東証ST","金属製品","7241","22558063","0.93","3","59.89","0.56","5.36","573.8","32100","100","20230308","388","20230116","250"
"5987","オーネックス","東証ST","金属製品","1660","1660000","2","20","13.69","0.3","73.07","3299.04","100000","100","20230630","1035","20230324","835"
"5988","パイオラックス","東証PR","金属製品","84937","38054100","4.57","102","24.51","0.74","91.06","3015.93","223200","100","20230725","2241","20230104","1679"
"5989","エイチワン","東証PR","金属製品","23509","28392830","2.9","24","12.17","0.34","68.03","2455.61","82800","100","20230710","850","20230213","594"
"5990","スーパーツール","東証ST","金属製品","4593","2366078","3.61","70","11.23","0.43","172.77","4491.61","194100","100","20230119","2090","20230420","1900"
"5991","日本発條","東証PR","金属製品","272988","244066144","3.04","34","10.13","0.73","110.37","1541.7","111850","100","20230725","1123.5","20230104","819"
"5992","中央発條","東証PR","金属製品","17956","25542396","-","-","88.76","0.28","7.92","2543.44","70300","100","20230202","792","20230602","675"
"5994","ファインシンター","東証ST","金属製品","5706","4420000","1.55","20","56.82","0.37","22.72","3526.86","129100","100","20230615","1650","20230316","1010"
"5997","協立エアテック","東証ST","金属製品","3852","6000000","2.34","15","7.17","0.39","89.53","1655.91","64200","100","20230725","658","20230106","455"
"5998","アドバネクス","東証ST","金属製品","4091","4153370","2.03","20","80.94","0.56","12.17","1755.96","98500","100","20230322","1223","20230531","952"
"6005","三浦工業","東証PR","機械","452176","125291112","1.33","48","22.44","2.4","160.81","1504.02","360900","100","20230516","4160","20230105","2908"
"6013","タクマ","東証PR","機械","127737","83000000","3.12","48","14.83","1.22","103.81","1258.24","153900","100","20230620","1544","20230105","1191"
"6016","ジャパンエンジンコーポレーション","東証ST","輸送用機器","10486","2800000","1.47","55","9.52","1.43","393.57","2627.54","374500","100","20230703","4480","20230104","1206"
"6018","阪神内燃機工業","東証ST","輸送用機器","5192","3239174","2.5","40","21.57","0.37","74.32","4282.39","160300","100","20230410","2080","20230130","1258"
"6022","赤阪鐵工所","東証ST","機械","3143","1540000","-","-","90.11","0.33","22.65","6123.15","204100","100","20230410","4640","20230328","1409"
"6023","ダイハツディーゼル","東証ST","輸送用機器","24907","31850000","2.43","19","7.96","0.54","98.2","1446.9","78200","100","20230706","815","20230203","495"
"6026","GMOTECH","東証GR","サービス","3030","1100620","4.56","125.47","10.43","5.78","263.9","475.97","275300","100","20230216","3900","20230105","1572"
"6027","弁護士ドットコム","東証GR","サービス","79286","22365700","0","0","-","25.07","-","141.43","354500","100","20230619","4255","20230316","2222"
"6028","テクノプロ・ホールディングス","東証PR","サービス","376113","108421164","2.08","72","24.91","5.25","139.24","660.87","346900","100","20230201","4140","20230531","2971"
"6029","アトラグループ","東証ST","サービス","1727","9867000","0","0","20.4","1.39","8.58","126.29","17500","100","20230131","191","20230719","171"
"6030","アドベンチャー","東証GR","サービス","68319","7524100","0.24","22","40.11","6.21","226.35","1463.15","908000","100","20230130","10970","20230526","8270"
"6031","サイジニア","東証GR","サービス","6489","6392646","0.49","5","35.99","4.13","28.2","246.03","101500","100","20230719","1137","20230517","776"
"6032","インターワークス","東証ST","サービス","3479","9800000","-","-","-","1.82","-","195.06","35500","100","20230215","386","20230602","330"
"6033","エクストリーム","東証GR","サービス","7148","5502376","1.77","23","11.17","1.69","116.33","768.47","129900","100","20230309","1500","20230106","1172"
"6034","MRT","東証GR","サービス","7287","5715200","0","0","13.26","1.58","96.13","805.25","127500","100","20230112","1709","20230602","1132"
"6035","アイ・アールジャパンホールディングス","東証PR","サービス","28882","17839710","-","-","-","4.73","-","342.25","161900","100","20230308","2454","20230608","1568"
"6036","KeePer技研","東証PR","サービス","171665","28280840","0.66","40","43.52","16.61","139.48","365.39","607000","100","20230725","6080","20230116","3245"
"6037","ファーストロジック","東証ST","サービス","12614","11844400","1.31","14","16.05","2.45","66.35","434.55","106500","100","20230720","1093","20230322","788"
"6038","イード","東証GR","サービス","4091","5062600","1.49","12","11.49","0.95","70.3","850.06","80800","100","20230130","912","20230518","724"
"6039","日本動物高度医療センター","東証GR","サービス","5136","2836200","1.1","20","12.87","1.34","140.76","1354.99","181100","100","20230209","2021","20230315","1752"
"6040","日本スキー場開発","東証GR","サービス","16067","16002900","0.7","7","30.45","2.61","32.97","385.25","100400","100","20230306","1208","20230117","882"
"6042","ニッキ","東証ST","輸送用機器","4200","2000000","3.81","80","7.74","0.39","271.21","5318.94","210000","100","20230724","2158","20230110","1772"
"6044","三機サービス","東証ST","サービス","6873","6583485","1.92","20","14.27","1.75","73.17","596.79","104400","100","20230704","1296","20230119","862"
"6045","レントラックス","東証GR","サービス","4913","7975800","1.95","12","9.86","1.72","62.5","357.36","61600","100","20230124","979","20230725","608"
"6046","リンクバル","東証GR","サービス","5207","19500000","0","0","503.77","3.91","0.53","68.29","26700","100","20230725","297","20230104","194"
"6047","Gunosy","東証PR","サービス","13912","24237774","-","-","-","1.28","-44.55","449.24","57400","100","20230209","673","20230116","550"
"6048","デザインワン・ジャパン","東証ST","サービス","2625","15171800","0","0","20.74","0.81","8.34","213.56","17300","100","20230110","219","20230531","168"
"6049","イトクロ","東証GR","サービス","7326","22680000","0","0","29.13","0.74","11.09","433.57","32300","100","20230713","356","20230106","259"
"6050","イー・ガーディアン","東証PR","サービス","21717","10405800","1.25","26","13.96","3.04","149.5","686.62","208700","100","20230201","2780","20230602","1848"
"6054","リブセンス","東証PR","サービス","7800","28160000","0","0","16.51","2.21","16.78","125.24","27700","100","20230210","342","20230314","227"
"6055","ジャパンマテリアル","東証PR","サービス","252569","105149520","0.83","20","51.37","5.66","46.76","424.17","240200","100","20230718","2540","20230515","1701"
"6058","ベクトル","東証PR","サービス","63689","48176100","1.89","25","15.49","4.52","85.37","292.6","132200","100","20230403","1572","20230116","1121"
"6059","ウチヤマホールディングス","東証ST","サービス","7307","21618800","2.96","10","8.61","0.53","39.26","634.34","33800","100","20230705","364","20230117","260"
"6060","こころネット","東証ST","サービス","3947","3843100","2.92","30","9.19","0.48","111.79","2148.29","102700","100","20230508","1150","20230206","875"
"6061","ユニバーサル園芸社","東証ST","サービス","17412","5025000","0.63","22","11.35","1.6","305.39","2168.63","346500","100","20230622","3680","20230322","2925"
"6062","チャーム・ケア・コーポレーション","東証PR","サービス","44456","32712000","1.62","22","11.79","3.41","115.25","398.87","135900","100","20230724","1388","20230316","1015"
"6063","日本エマージェンシーアシスタンス","東証ST","サービス","2197","2519600","-","-","-","1.32","-","658.14","87200","100","20230119","1114","20230719","855"
"6069","トレンダーズ","東証GR","サービス","8952","7632000","2.22","26","10.82","2.5","108.41","469.16","117300","100","20230203","1964","20230710","1053"
"6070","キャリアリンク","東証PR","サービス","36224","12590800","4.17","120","7.11","2.55","404.57","1130.05","287700","100","20230621","3150","20230314","2102"
"6071","IBJ","東証PR","サービス","29652","42000000","0.85","6","19.01","3.7","37.13","191.04","70600","100","20230209","1049","20230502","624"
"6072","地盤ネットホールディングス","東証GR","サービス","3241","23148000","0.71","1","35.53","2.42","3.94","57.92","14000","100","20230615","154","20230104","127"
"6073","アサンテ","東証PR","サービス","21264","12348500","3.6","62","20.57","1.61","83.73","1067.64","172200","100","20230719","1738","20230531","1588"
"6074","ジェイエスエス","東証ST","サービス","2335","4026056","2.5","14.5","8.07","0.85","71.88","685.03","58000","100","20230710","639","20230126","500"
"6078","バリューHR","東証PR","サービス","34438","26675200","1.7","22","37.17","5.97","34.73","216.34","129100","100","20230131","1754","20230712","1237"
"6080","M＆Aキャピタルパートナーズ","東証PR","サービス","101057","31729000","0","0","16.9","2.86","188.47","1114.83","318500","100","20230130","5410","20230601","2971"
"6081","アライドアーキテクツ","東証GR","サービス","5514","14248282","-","-","-","1.75","-","221.76","38700","100","20230209","1460","20230721","381"
"6082","ライドオンエクスプレスホールディングス","東証PR","サービス","11394","10872086","0.95","10","27.64","1.43","37.92","732.68","104800","100","20230329","1166","20230602","997"
"6083","ERIホールディングス","東証ST","サービス","15367","7832400","3.06","60","9.83","3","199.64","653.01","196200","100","20230725","1962","20230104","1152"
"6085","アーキテクツ・スタジオ・ジャパン","東証GR","サービス","1152","2455399","0","0","-","7.23","-","64.9","46900","100","20230322","570","20230725","461"
"6086","シンメンテホールディングス","東証GR","サービス","13173","10833000","1.89","23","16.98","4.18","71.6","290.74","121600","100","20230222","1597","20230519","1194"
"6087","アビスト","東証PR","サービス","12855","3980000","3.16","102","21.07","1.96","153.28","1651.92","323000","100","20230703","3435","20230116","2880"
"6088","シグマクシス・ホールディングス","東証PR","サービス","60757","46308600","1.68","22","18.82","5.02","69.72","261.53","131200","100","20230127","1409","20230427","1018"
"6089","ウィルグループ","東証PR","サービス","25353","22944100","3.98","44","8.94","1.71","123.57","646.04","110500","100","20230124","1260","20230531","1002"
"6090","ヒューマン・メタボローム・テクノロジーズ","東証GR","サービス","4300","5907175","1.37","10","15.92","2.63","45.73","276.96","72800","100","20230615","794","20230105","655"
"6091","ウエスコホールディングス","東証ST","サービス","9252","17724297","3.07","16","11.13","0.5","46.89","1054.33","52200","100","20230705","549","20230106","451"
"6092","エンバイオ・ホールディングス","東証GR","サービス","5526","8175200","1.18","8","22.32","0.66","30.28","1022.7","67600","100","20230208","799","20230530","565"
"6093","エスクロー・エージェント・ジャパン","東証PR","サービス","6433","45950238","2.86","4","23.77","1.91","5.89","73.37","14000","100","20230224","158","20230116","138"
"6094","フリークアウト・ホールディングス","東証GR","サービス","22006","18022924","0","0","2.73","1.34","447.48","908.5","122100","100","20230306","1715","20230609","1069"
"6095","メドピア","東証PR","サービス","21800","21953590","0","0","25.51","2.61","38.93","380.34","99300","100","20230208","1548","20230707","955"
"6096","レアジョブ","東証PR","サービス","9961","9823200","1.28","13","24.08","3.97","42.11","255.44","101400","100","20230511","1585","20230104","880"
"6098","リクルートホールディングス","東証PR","サービス","8072770","1695960030","0.48","23","-","4.62","-","1030.33","476000","100","20230616","4949","20230316","3284"
"6099","エラン","東証PR","サービス","53267","60600000","1.37","12","21.26","5.9","41.35","148.86","87900","100","20230302","1088","20230615","808"
"6101","ツガミ","東証PR","機械","63850","50000000","3.76","48","9.32","1.21","137","1057.67","127700","100","20230309","1560","20230104","1129"
"6103","オークマ","東証PR","機械","250733","33755154","2.69","200","11.79","1.13","629.85","6573.55","742800","100","20230703","7849","20230116","4555"
"6104","芝浦機械","東証PR","機械","124364","26977106","3.04","140","6.19","1.25","744.95","3688.28","461000","100","20230703","5020","20230106","2555"
"6113","アマダ","東証PR","機械","503300","359115217","3.57","50","14.12","0.97","99.24","1450.07","140150","100","20230704","1452","20230105","1018"
"6118","アイダエンジニアリング","東証PR","機械","69240","69448421","3.01","30","16.54","0.76","60.29","1305.47","99700","100","20230725","999","20230116","760"
"6121","TAKISAWA","東証ST","機械","16649","6578122","0.99","25","40.42","0.91","62.62","2777.24","253100","100","20230719","2588","20230104","1043"
"6125","岡本工作機械製作所","東証ST","機械","26939","4717895","3.5","200","6.39","1.08","893.89","5291.05","571000","100","20230703","6480","20230106","4170"
"6131","浜井産業","東証ST","機械","4726","3462400","2.2","30","8.12","1.67","168.04","819.11","136500","100","20230704","1431","20230213","940"
"6134","FUJI","東証PR","機械","258988","97823748","3.02","80","18.24","1.14","145.12","2332.15","264750","100","20230720","2689","20230104","1914"
"6135","牧野フライス製作所","東証PR","機械","144135","24893841","2.59","150","13.69","0.7","422.92","8261.1","579000","100","20230724","5880","20230105","4190"
"6136","オーエスジー","東証PR","機械","186959","99182517","3.18","60","11.14","1.06","169.16","1777.67","188500","100","20230703","2117","20230105","1762"
"6137","小池酸素工業","東証ST","機械","15966","4522933","2.83","100","7.04","0.45","501.24","7927.46","353000","100","20230724","3690","20230120","2018"
"6138","ダイジェット工業","東証ST","機械","2789","2992999","2.68","25","9.23","0.37","100.95","2522.85","93200","100","20230725","984","20230206","795"
"6140","旭ダイヤモンド工業","東証PR","機械","49039","53888600","3.3","30","21.19","0.8","42.95","1142.25","91000","100","20230327","979","20230104","661"
"6141","DMG森精機","東証PR","機械","309342","125953683","3.26","80","9.63","1.25","255.01","1972.4","245600","100","20230615","2600","20230104","1723"
"6143","ソディック","東証PR","機械","40930","54792239","3.88","29","12.05","0.48","61.99","1565.69","74700","100","20230309","805","20230602","687"
"6144","西部電機","東証ST","機械","22861","15160000","2.65","40","11.98","0.8","125.86","1882.01","150800","100","20230317","1674","20230629","1442"
"6145","NITTOKU","東証ST","機械","47003","18098923","1.31","34","19.97","1.31","130.07","1976.89","259700","100","20230303","3140","20230104","2290"
"6146","ディスコ","東証PR","機械","2671866","108348183","-","-","-","7.9","-","3120.33","2466000","100","20230725","24720","20230104","12233"
"6147","ヤマザキ","東証ST","機械","1758","4579000","3.91","15","56.8","1.19","6.76","321.98","38400","100","20230522","647","20230410","323"
"6149","小田原エンジニアリング","東証ST","機械","12312","6392736","1.3","25","12.87","0.76","149.68","2533.5","192600","100","20230605","2133","20230106","1390"
"6150","タケダ機械","東証ST","機械","2656","1020000","2.69","70","7.72","0.52","337.16","4994.98","260400","100","20230529","2955","20230104","2322"
"6151","日東工器","東証PR","機械","41513","21803295","3.26","62","12.96","0.66","146.91","2886.57","190400","100","20230519","2147","20230110","1467"
"6155","高松機械工業","東証ST","機械","6292","11020000","2.1","12","16.28","0.37","35.08","1558.93","57100","100","20230714","610","20230713","511"
"6156","エーワン精密","東証ST","機械","11220","6000000","5.35","100","43.75","1.12","42.74","1673.95","187000","100","20230620","2164","20230104","1631"
"6157","日進工具","東証PR","機械","28440","25035034","2.2","25","23.24","1.67","48.88","680.51","113600","100","20230619","1181","20230106","966"
"6158","和井田製作所","東証ST","機械","7169","7028000","3.92","40","9.62","0.7","106.03","1457.03","102000","100","20230508","1078","20230105","936"
"6159","ミクロン精密","東証ST","機械","11467","7706100","0.5","7.5","20.8","0.66","71.55","2241.96","148800","100","20230719","1702","20230403","1301"
"6161","エスティック","東証ST","機械","13251","11768000","2.13","24","10.07","1.36","111.81","827.58","112600","100","20230710","1199","20230317","836"
"6164","太陽工機","東証ST","機械","7517","5956400","3.96","50","10.59","1.09","119.21","1158.06","126200","100","20230620","1330","20230104","1081"
"6165","パンチ工業","東証PR","機械","11720","24622400","4.26","20.3","14.53","0.61","32.75","778.02","47600","100","20230510","596","20230104","381"
"6166","中村超硬","東証GR","機械","6524","11020900","0","0","5.93","9.3","99.81","63.65","59200","100","20230330","690","20230217","460"
"6167","冨士ダイス","東証PR","機械","13480","20000000","3.26","22","15.02","0.66","44.87","1028.11","67400","100","20230317","1255","20230105","561"
"6171","土木管理総合試験所","東証PR","サービス","4764","14221995","3.58","12","12.46","1.03","26.88","323.75","33500","100","20230626","348","20230117","302"
"6173","アクアライン","東証GR","サービス","1371","2636600","0","0","10.24","135.06","50.76","3.85","52000","100","20230523","840","20230116","407"
"6176","ブランジスタ","東証GR","サービス","11252","14575300","-","-","42.98","5.92","17.96","130.31","77200","100","20230620","950","20230105","402"
"6177","AppBank","東証GR","サービス","1334","10760500","0","0","-","9.43","-","13.15","12400","100","20230412","216","20230602","116"
"6178","日本郵政","東証PR","サービス","3570073","3461049500","4.85","50","14.87","0.35","69.37","2912.76","103150","100","20230310","1268","20230601","978"
"6180","GMOメディア","東証GR","サービス","5022","1868839","2.72","73","18.51","2.19","145.14","1227.87","268700","100","20230614","3025","20230110","1532"
"6181","タメニー","東証GR","サービス","2810","26265100","0","0","140.79","18.67","0.76","5.73","10700","100","20230413","171","20230105","91"
"6182","メタリアル","東証GR","サービス","18170","10688460","0","0","-","15.79","-","107.69","170000","100","20230623","2279","20230117","1065"
"6183","ベルシステム24ホールディングス","東証PR","サービス","102317","73715734","4.32","60","11.6","1.58","119.63","876.99","138800","100","20230207","1510","20230106","1327"
"6184","鎌倉新書","東証PR","サービス","26342","39025200","-","-","43.97","8.22","15.35","82.07","67500","100","20230308","1197","20230721","665"
"6185","SMN","東証PR","サービス","6824","14706548","0","0","149.68","1.43","3.1","323.55","46400","100","20230131","500","20230718","442"
"6186","一蔵","東証ST","サービス","3315","5516335","4.66","28","5.21","0.83","115.35","724.39","60100","100","20230410","641","20230116","424"
"6188","富士ソフトサービスビューロ","東証ST","サービス","6143","13500000","1.76","8","12.02","1.76","37.86","258.71","45500","100","20230627","474","20230316","378"
"6189","グローバルキッズCOMPANY","東証PR","サービス","6355","9429141","4.45","30","37.28","0.77","18.08","875.89","67400","100","20230203","856","20230104","568"
"6190","フェニックスバイオ","東証GR","サービス","2119","3697815","0","0","8.86","1.39","64.67","413.63","57300","100","20230208","810","20230526","534"
"6191","エアトリ","東証PR","サービス","56098","22367465","-","-","27.81","5.52","90.19","453.98","250800","100","20230623","3040","20230105","2383"
"6192","ハイアス・アンド・カンパニー","東証GR","サービス","3637","37493580","0","0","-","1.52","-","63.75","9700","100","20230322","143","20230713","95"
"6193","バーチャレクス・ホールディングス","東証GR","サービス","3525","2989753","1.27","15","7.86","2.16","150.08","546.81","117900","100","20230327","1860","20230106","1004"
"6194","アトラエ","東証PR","サービス","20860","27021200","0","0","40.5","3.58","19.06","215.94","77200","100","20230202","1311","20230627","700"
"6195","ホープ","東証GR","サービス","4854","16454200","-","-","30.29","6.58","9.74","44.84","29500","100","20230104","427","20230526","243"
"6196","ストライク","東証PR","サービス","64159","19354200","1.45","48","17.63","5.3","188.06","625.11","331500","100","20230130","4940","20230609","3255"
"6197","ソラスト","東証PR","サービス","64743","94653362","2.92","20","11.36","3","60.22","227.83","68400","100","20230104","723","20230531","585"
"6198","キャリア","東証GR","サービス","3131","8624320","0","0","20.58","1.75","17.64","207.27","36300","100","20230720","386","20230105","278"
"6199","セラク","東証PR","サービス","19234","13988400","0.63","8.6","14.13","2.92","97.33","470.89","137500","100","20230412","1794","20230106","1087"
"6200","インソース","東証PR","サービス","95984","85243000","1.11","12.5","36.46","13.25","30.88","85","112600","100","20230125","1653","20230707","1104"
"6201","豊田自動織機","東証PR","輸送用機器","3403405","325840640","1.91","200","16.63","0.85","628.06","12359.66","1044500","100","20230622","10650","20230328","6540"
"6203","豊和工業","東証PR","機械","10264","12548134","2.44","20","46.93","0.57","17.43","1440.76","81800","100","20230224","1041","20230601","749"
"6208","石川製作所","東証ST","機械","8742","6385972","0","0","67.17","2","20.38","684.41","136900","100","20230104","1564","20230602","1275"
"6210","東洋機械金属","東証PR","機械","14285","20703000","5.07","35","38.27","0.71","18.03","974.17","69000","100","20230706","705","20230105","544"
"6217","津田駒工業","東証ST","機械","2812","6807555","0","0","-","1.66","-180.02","249.53","41300","100","20230111","609","20230530","406"
"6218","エンシュウ","東証PR","機械","5324","6353454","2.15","18","10.57","0.46","79.31","1802.26","83800","100","20230725","846","20230320","641"
"6222","島精機製作所","東証PR","機械","67734","35800000","-","-","54.41","0.76","34.77","2493.7","189200","100","20230309","1998","20230601","1686"
"6226","守谷輸送機工業","東証ST","機械","19667","17435500","1.42","16","14.87","2.6","75.87","433.32","112800","100","20230524","1336","20230104","711"
"6227","AIメカテック","東証ST","機械","11119","5630000","2.28","45","7.22","1.33","273.71","1483.35","197500","100","20230622","2283","20230316","1290"
"6229","オーケーエム","東証ST","機械","5551","4520700","2.85","35","11.1","0.6","110.6","2037.29","122800","100","20230515","1288","20230104","1081"
"6230","SANEI","東証ST","機械","7439","2289000","3.02","98","8.09","0.63","401.93","5187.27","325000","100","20230720","3460","20230116","2666"
"6231","木村工機","東証ST","機械","10092","3849000","1.53","40","8.79","1.21","298.27","2161.63","262200","100","20230724","2742","20230110","1261"
"6232","ACSL","東証GR","機械","16901","12813865","0","0","-","5.97","-","220.93","131900","100","20230104","1811","20230427","1105"
"6233","極東産機","東証ST","機械","3240","5391000","1.66","10","16.2","1.11","37.1","542.02","60100","100","20230620","710","20230216","483"
"6235","オプトラン","東証PR","機械","102999","44358000","2.15","50","16.29","1.94","142.5","1194.39","232200","100","20230124","2644","20230215","1868"
"6236","NCホールディングス","東証ST","機械","10210","4685745","-","-","27.04","1.24","80.59","1762.82","217900","100","20230612","2317","20230320","1715"
"6237","イワキ","東証PR","機械","32387","22490910","2.99","43","10.16","1.1","141.77","1312.59","144000","100","20230616","1476","20230106","1177"
"6238","フリュー","東証PR","機械","40916","28296000","2.63","38","22.04","1.9","65.62","762.2","144600","100","20230725","1452","20230116","1025"
"6239","ナガオカ","東証ST","機械","5755","7078400","2.83","23","7.16","1.09","113.49","748.88","81300","100","20230626","835","20230214","673"
"6240","ヤマシンフィルタ","東証PR","機械","21542","71567384","1.99","6","47.85","1.03","6.29","293.12","30100","100","20230202","578","20230627","292"
"6245","ヒラノテクシード","東証ST","機械","34329","15394379","2.51","56","16","0.93","139.34","2388.46","223000","100","20230113","2410","20230519","1854"
"6246","テクノスマート","東証ST","機械","20078","12401720","4.69","76","13.36","1.07","121.19","1510.99","161900","100","20230328","1698","20230209","1257"
"6247","日阪製作所","東証PR","機械","30507","32732800","4.29","40","17.51","0.47","53.23","1992.64","93200","100","20230307","997","20230104","809"
"6248","横田製作所","東証ST","機械","2143","1873500","3.76","43","11.97","0.85","95.55","1353.49","114400","100","20230324","1160","20230110","1045"
"6249","ゲームカード・ジョイコホールディングス","東証ST","機械","63684","14263000","0.9","40","21.19","1.38","210.68","3233.17","446500","100","20230630","5150","20230112","1895"
"6250","やまびこ","東証PR","機械","68456","44108428","3.35","52","7.78","0.8","199.47","1934.98","155200","100","20230704","1604","20230105","1055"
"6254","野村マイクロ・サイエンス","東証PR","機械","63755","10152000","2.55","160","11.11","2.76","565.07","2277.39","628000","100","20230615","6840","20230426","3725"
"6255","エヌ・ピー・シー","東証GR","機械","13452","22052426","0.33","2","24.62","1.76","24.78","346.22","61000","100","20230418","690","20230111","436"
"6257","藤商事","東証ST","機械","35105","24395500","3.82","55","8.59","0.76","167.5","1903.77","143900","100","20230414","1724","20230106","1125"
"6258","平田機工","東証PR","機械","86049","10756090","1.13","90","21.3","1.4","375.57","5699.01","800000","100","20230619","8910","20230104","5260"
"6262","PEGASUS","東証PR","機械","14326","24828600","-","-","20.16","0.51","28.62","1140.65","57700","100","20230124","838","20230602","524"
"6264","マルマエ","東証PR","機械","22895","13053000","2.05","36","36.21","3.05","48.44","575.61","175400","100","20230309","2023","20230104","1489"
"6265","コンバム","東証ST","機械","3263","1657000","2.54","50","7.84","0.56","251.2","3534.74","196900","100","20230119","2363","20230104","1950"
"6266","タツモ","東証PR","機械","34021","14836691","0.92","21","15.82","1.97","144.96","1161.67","229300","100","20230615","2678","20230104","1501"
"6267","ゼネラルパッカー","東証ST","機械","4857","1798800","2.96","80","7.72","0.81","349.8","3327.05","270000","100","20230117","2746","20230605","2500"
"6268","ナブテスコ","東証PR","機械","374209","121064099","2.59","80","19.03","1.47","162.47","2098.15","309100","100","20230130","3795","20230410","3005"
"6269","三井海洋開発","東証PR","機械","104158","68345300","-","-","14.39","0.83","105.93","1844.94","152400","100","20230707","1615","20230316","1275"
"6272","レオン自動機","東証PR","機械","41310","28392000","2.13","31","14.45","1.25","100.72","1167.8","145500","100","20230523","1637","20230106","1000"
"6273","SMC","東証PR","機械","5026428","67369359","1.21","900","26.3","2.83","2837.18","26331.72","7461000","100","20230621","83570","20230104","54370"
"6276","シリウスビジョン","東証ST","電気機器","2083","5722500","2.75","10","-","0.66","-","548.75","36400","100","20230224","404","20230113","276"
"6277","ホソカワミクロン","東証PR","機械","54900","15730538","2.15","75","12.55","1.01","278.18","3470.81","349000","100","20230704","3645","20230213","2560"
"6278","ユニオンツール","東証PR","機械","65571","19780000","2.53","84","22.03","0.89","150.5","3721.55","331500","100","20230214","3465","20230316","3105"
"6279","瑞光","東証PR","機械","34819","28800000","1.65","20","15.93","0.97","75.91","1241.7","120900","100","20230622","1354","20230104","748"
"6282","オイレス工業","東証PR","機械","66269","34300505","3.62","70","13.99","0.87","138.12","2214.78","193200","100","20230703","2051","20230106","1434"
"6284","日精エー・エス・ビー機械","東証PR","機械","62009","15348720","2.48","100","12.11","1.36","333.53","2973.32","404000","100","20230124","4720","20230406","3760"
"6286","靜甲","東証ST","機械","4383","6483323","2.37","16","29.18","0.31","23.17","2194.12","67600","100","20230206","949","20230113","583"
"6287","サトーホールディングス","東証PR","機械","68900","34921242","3.65","72","12.78","0.98","154.37","2020.83","197300","100","20230308","2396","20230106","1846"
"6289","技研製作所","東証PR","機械","58899","28194728","1.91","40","85.76","1.46","24.36","1432.53","208900","100","20230201","2955","20230601","1889"
"6291","日本エアーテック","東証PR","機械","13278","10496450","4.74","60","16.29","0.96","77.66","1317.63","126500","100","20230725","1268","20230105","1007"
"6292","カワタ","東証ST","機械","8717","7210000","3.39","41","9.07","0.73","133.27","1653.58","120900","100","20230616","1281","20230116","805"
"6293","日精樹脂工業","東証PR","機械","22361","22272000","3.49","35","21.76","0.5","46.15","2017.08","100400","100","20230309","1050","20230105","912"
"6294","オカダアイヨン","東証PR","機械","18559","8378700","2.53","56","11.85","1.28","186.94","1736.9","221500","100","20230703","2429","20230105","1465"
"6297","鉱研工業","東証ST","機械","4655","8970111","2.31","12","12.52","0.93","41.46","556.46","51900","100","20230712","564","20230315","412"
"6298","ワイエイシイホールディングス","東証PR","機械","27032","9758947","2.71","75","11.05","1.59","250.68","1737.3","277000","100","20230530","3610","20230106","1463"
"6301","小松製作所","東証PR","機械","3850972","973450930","3.51","139","12.51","1.47","316.2","2685.76","395600","100","20230703","3975","20230105","2792"
"6302","住友重機械工業","東証PR","機械","428326","122905481","3.44","120","11.23","0.74","310.22","4730.83","348500","100","20230614","3538","20230105","2577"
"6305","日立建機","東証PR","機械","921553","215115038","-","-","11.11","1.38","385.61","3103.66","428400","100","20230725","4309","20230116","2865"
"6306","日工","東証PR","機械","26840","40000000","4.47","30","21.4","0.81","31.35","826.73","67100","100","20230725","675","20230110","608"
"6307","サンセイ","東証ST","機械","3128","8987700","4.02","14","9.02","0.64","38.6","545.27","34800","100","20230705","408","20230104","300"
"6309","巴工業","東証PR","機械","30209","10533200","2.79","80","11.78","0.81","243.53","3542.6","286800","100","20230621","3085","20230106","2250"
"6310","井関農機","東証PR","機械","29306","22984993","2.35","30","11.09","0.42","114.96","3021.09","127500","100","20230615","1299","20230320","1130"
"6312","フロイント産業","東証ST","機械","12365","18400000","2.98","20","25.01","0.81","26.87","827.39","67200","100","20230125","691","20230707","635"
"6315","TOWA","東証PR","機械","59529","25033238","1.68","40","10.42","1.26","228.22","1887.38","237800","100","20230529","2694","20230104","1655"
"6316","丸山製作所","東証ST","機械","10089","5029332","2.74","55","7.4","0.5","270.93","4048.68","200600","100","20230724","2044","20230119","1506"
"6317","北川鉄工所","東証PR","機械","11610","9650803","2.49","30","18.51","0.3","64.99","3993.2","120300","100","20230607","1247","20230320","1046"
"6319","シンニッタン","東証ST","鉄鋼","13915","55000000","4.35","11","8.43","0.38","30","670.52","25300","100","20230308","273","20230104","218"
"6322","タクミナ","東証ST","機械","12505","7728540","3.09","50","14.26","1.3","113.46","1241.41","161800","100","20230622","1894","20230210","1173"
"6323","ローツェ","東証PR","機械","176400","17640000","1.35","135","11.21","2.4","892.23","4174.98","1000000","100","20230705","12840","20230104","7000"
"6324","ハーモニック・ドライブ・システムズ","東証ST","機械","392967","96315400","-","-","-","3.73","-","1093.53","408000","100","20230523","5160","20230104","3635"
"6325","タカキタ","東証ST","機械","6860","14000000","2.04","10","12.64","0.78","38.76","630.46","49000","100","20230417","521","20230106","390"
"6326","クボタ","東証PR","機械","2519575","1191006846","-","-","13.53","1.29","156.41","1634.26","211550","100","20230615","2227","20230104","1777"
"6327","北川精機","東証ST","機械","5913","7649600","1.03","8","9.28","1.8","83.29","429.67","77300","100","20230703","842","20230215","412"
"6328","荏原実業","東証PR","機械","38480","12930000","2.86","85","13.74","1.83","216.67","1628.49","297600","100","20230613","3305","20230106","2144"
"6330","東洋エンジニアリング","東証PR","建設","25680","38558507","0","0","8.51","0.75","78.27","885.04","66600","100","20230725","668","20230320","497"
"6331","三菱化工機","東証PR","機械","21558","7913950","2.94","80","8.3","0.68","328.24","3981.53","272400","100","20230619","2926","20230105","2009"
"6332","月島ホールディングス","東証PR","機械","57990","45625800","3.3","42","12.39","0.67","102.56","1892.18","127100","100","20230719","1304","20230105","927"
"6333","帝国電機製作所","東証PR","機械","50589","18990038","3.45","92","14.72","1.55","181.03","1716.1","266400","100","20230308","2869","20230105","2152"
"6334","明治機械","東証ST","機械","4869","11402636","0.47","2","20.52","1.42","20.81","300.75","42700","100","20230414","655","20230104","270"
"6335","東京機械製作所","東証ST","機械","4024","8728920","0","0","36.56","0.53","12.61","863.61","46100","100","20230125","618","20230725","456"
"6336","石井表記","東証ST","機械","7179","8176452","1.14","10","4.54","0.91","193.18","961.26","87800","100","20230614","944","20230106","650"
"6337","テセック","東証ST","機械","16458","5778695","-","-","14.07","1.23","202.4","2311.81","284800","100","20230112","3150","20230515","2112"
"6338","タカトリ","東証ST","機械","30752","5491490","0.71","40","19.11","4.47","293.03","1251.61","560000","100","20230112","8930","20230502","3905"
"6339","新東工業","東証PR","機械","59057","54580928","3.7","40","11.56","0.54","93.59","2020.43","108200","100","20230530","1142","20230104","645"
"6340","澁谷工業","東証PR","機械","73190","28149877","2.69","70","14.3","0.82","181.8","3169.12","260000","100","20230619","2769","20230105","2231"
"6342","太平製作所","東証ST","機械","3938","1500000","3.05","80","4.31","0.62","608.98","4217.31","262500","100","20230725","2675","20230119","1640"
"6343","フリージア・マクロス","東証ST","機械","5006","45099320","0.45","0.5","8.33","0.55","13.33","202.42","11100","100","20230706","117","20230111","108"
"6345","アイチコーポレーション","東証PR","機械","67013","75211400","4.26","38","11.17","0.85","79.78","1044.71","89100","100","20230725","898","20230105","750"
"6346","キクカワエンタープライズ","東証ST","機械","5399","1320000","3.42","140","11.6","0.45","352.49","9147.36","409000","100","20230620","4195","20230106","3470"
"6347","プラコー","東証ST","機械","2373","9417525","2.38","6","13.42","1.17","18.78","216.08","25200","100","20230123","352","20230606","222"
"6349","小森コーポレーション","東証PR","機械","63376","56890740","2.69","30","23.36","0.57","47.69","1961.88","111400","100","20230725","1135","20230106","780"
"6351","鶴見製作所","東証PR","機械","70923","27500000","1.78","46","11.29","0.82","228.52","3137.7","257900","100","20230710","2786","20230116","1903"
"6356","日本ギア工業","東証ST","機械","5055","14280000","1.13","4","10.5","0.53","33.71","663.03","35400","100","20230303","575","20230104","335"
"6357","三精テクノロジーズ","東証ST","機械","24629","19332057","3.14","40","11.82","0.66","107.76","1931.53","127400","100","20230704","1515","20230106","777"
"6358","酒井重工業","東証PR","機械","22883","4392117","4.13","215","12.06","0.87","432.03","5957.01","521000","100","20230630","5500","20230104","3380"
"6360","東京自働機械製作所","東証ST","機械","4879","1452000","1.79","60","6.63","0.7","507","4769.63","336000","100","20230721","3380","20230104","1750"
"6361","荏原製作所","東証PR","機械","632720","92340882","2.85","195","12.06","1.75","567.98","3914.78","685200","100","20230615","7350","20230104","4620"
"6362","石井鐵工所","東証ST","機械","10130","3784000","2.61","70","10.76","0.84","248.69","3195.03","267700","100","20230530","2956","20230113","2153"
"6363","酉島製作所","東証PR","機械","55303","29045679","2.94","56","10.95","1.12","173.9","1705.21","190400","100","20230703","1972","20230105","1367"
"6364","北越工業","東証PR","機械","46183","30165418","1.96","30","17.07","1.27","89.69","1206.75","153100","100","20230724","1579","20230601","1206"
"6365","電業社機械製作所","東証ST","機械","16767","4776900","3.63","127.5","8.26","0.62","424.98","5647","351000","100","20230629","3700","20230104","3060"
"6366","千代田化工建設","東証ST","建設","91895","260324529","-","-","6.09","-","57.92","-201.02","35300","100","20230302","432","20230601","340"
"6367","ダイキン工業","東証PR","機械","8473925","293113973","0.83","240","32.06","3.79","901.87","7635.27","2891000","100","20230703","31330","20230104","19655"
"6368","オルガノ","東証PR","機械","190075","46359700","1.61","66","16.8","2.18","244.07","1877.8","410000","100","20230703","4340","20230105","2795"
"6369","トーヨーカネツ","東証PR","機械","34262","9323074","4.08","150","12.38","0.78","296.76","4708.95","367500","100","20230725","3740","20230105","2506"
"6370","栗田工業","東証PR","機械","647122","116200694","1.51","84","23.18","2.13","240.21","2615.42","556900","100","20230309","6310","20230104","5240"
"6371","椿本チエイン","東証PR","機械","147192","38281393","3.38","130","9.89","0.63","388.85","6059.46","384500","100","20230725","3845","20230105","2927"
"6373","大同工業","東証ST","機械","8248","10924201","3.31","25","6.16","0.3","122.5","2533.73","75500","100","20230404","800","20230601","705"
"6376","日機装","東証PR","精密機器","63157","69175664","2.74","25","20.83","0.53","43.83","1710.89","91300","100","20230210","1074","20230601","858"
"6378","木村化工機","東証ST","機械","14935","20600000","2.07","15","14.89","0.93","48.68","782.13","72500","100","20230607","770","20230320","641"
"6379","レイズネクスト","東証PR","建設","78327","54168053","4.5","65","11.02","0.95","131.24","1524.55","144600","100","20230309","1523","20230105","1248"
"6380","オリエンタルチエン工業","東証ST","機械","2191","1467233","2.01","30","20.69","1.33","72.15","1119.81","149300","100","20230713","1522","20230112","824"
"6381","アネスト岩田","東証PR","機械","48550","41745505","3.44","40","10.68","1.18","108.9","989.09","116300","100","20230703","1212","20230105","821"
"6382","トリニティ工業","東証ST","機械","17947","18220000","3.05","30","11.3","0.58","87.2","1699.77","98500","100","20230725","985","20230106","643"
"6383","ダイフク","東証PR","機械","1152025","379830231","1.22","37","28.31","3.45","107.13","878.24","303300","100","20230725","3091","20230104","2040"
"6384","昭和真空","東証ST","機械","9183","6499000","4.95","70","15.27","0.76","92.54","1870.14","141300","100","20230309","1473","20230501","1373"
"6387","サムコ","東証PR","機械","41823","8042881","0.67","35","38.68","3.9","134.45","1334.84","520000","100","20230613","6930","20230106","3200"
"6390","加藤製作所","東証PR","機械","14198","11743587","3.31","40","7.08","0.31","170.69","3899.4","120900","100","20230509","1359","20230120","690"
"6391","加地テック","東証ST","機械","8779","1718000","0.78","40","20.13","1.24","253.82","4106.48","511000","100","20230612","6100","20230104","3190"
"6392","ヤマダコーポレーション","東証ST","機械","8100","2400000","3.85","130","8.08","0.6","417.71","5622.49","337500","100","20230720","3410","20230119","2661"
"6393","油研工業","東証ST","機械","9405","4510676","4.8","100","12.92","0.39","161.39","5325.87","208500","100","20230306","2154","20230105","1774"
"6395","タダノ","東証PR","機械","146141","129500355","0.89","10","28.63","0.85","39.42","1327.24","112850","100","20230703","1172","20230105","888"
"6396","宇野澤組鐵工所","東証ST","機械","2948","1120000","1.9","50","10.77","1.15","244.45","2294.05","263200","100","20230703","2690","20230110","2471"
"6400","不二精機","東証ST","機械","3151","9054000","2.01","7","7.99","1.04","43.55","333.24","34800","100","20230718","350","20230605","317"
"6402","兼松エンジニアリング","東証ST","機械","6677","5564000","3.17","38","10.46","0.93","114.71","1288.01","120000","100","20230327","1359","20230104","1140"
"6403","水道機工","東証ST","機械","6302","4295968","3.75","55","104.64","0.65","14.02","2269.18","146700","100","20230324","1501","20230104","1251"
"6405","鈴茂器工","東証ST","機械","14476","12960000","2.78","31","14.16","1.05","78.91","1059.19","111700","100","20230424","1179","20230530","1020"
"6406","フジテック","東証PR","機械","286013","78900000","2.07","75","27.18","2.21","133.38","1640.29","362500","100","20230622","3874","20230105","2921"
"6407","CKD","東証PR","機械","146956","67909449","2.77","60","14.44","1.21","149.87","1794.44","216400","100","20230623","2450","20230104","1826"
"6408","小倉クラッチ","東証ST","機械","4644","1553323","-","-","12.78","0.3","233.87","10049.69","299000","100","20230404","3915","20230117","2337"
"6411","中野冷機","東証ST","機械","28736","5068000","4.62","262","21.62","1.2","262.22","4741.59","567000","100","20230111","6100","20230315","5330"
"6412","平和","東証PR","機械","240340","99809060","3.32","80","11.31","1.03","212.92","2342.18","240800","100","20230329","2720","20230203","2235"
"6413","理想科学工業","東証PR","機械","84528","36000000","4.05","95","24.51","1.22","95.8","1924.95","234800","100","20230309","2566","20230106","1976"
"6416","桂川電機","東証ST","機械","1119","1552500","0","0","-","0.26","-","2774.8","72100","100","20230714","779","20230220","517"
"6417","SANKYO","東証PR","機械","386027","66339100","2.58","150","8.14","1.1","714.74","5311.78","581900","100","20230518","6210","20230112","4850"
"6418","日本金銭機械","東証PR","機械","33530","29672651","1.06","12","30.14","1.22","37.49","925.68","113000","100","20230413","1474","20230105","988"
"6419","マースグループホールディングス","東証PR","機械","64911","22720000","2.98","85","10.42","0.83","274.07","3429.37","285700","100","20230517","3650","20230106","2139"
"6420","フクシマガリレイ","東証PR","機械","108014","22066160","1.49","73","13.8","1.23","354.63","3979.14","489500","100","20230615","5700","20230106","4025"
"6424","高見沢サイバネティックス","東証ST","機械","5498","4525000","1.15","14","13.7","1.25","88.66","972.49","121500","100","20230309","2038","20230215","867"
"6425","ユニバーサルエンターテインメント","東証ST","機械","206422","80195000","-","-","9.97","0.55","258.12","4645.76","257400","100","20230414","3235","20230320","2006"
"6428","オーイズミ","東証PR","機械","11520","22500000","2.34","12","18.58","0.63","27.56","811.7","51200","100","20230508","598","20230214","438"
"6430","ダイコク電機","東証PR","機械","58175","14783900","1.27","50","19.39","1.74","202.94","2259.36","393500","100","20230714","4220","20230106","1786"
"6432","竹内製作所","東証PR","機械","227600","48999000","2.48","115","12.87","1.79","360.83","2598.06","464500","100","20230705","4680","20230118","2606"
"6433","ヒーハイスト","東証ST","機械","1560","6316700","0.4","1","257.29","0.48","0.96","515.74","24700","100","20230524","292","20230118","232"
"6436","アマノ","東証PR","機械","227290","76657829","3.88","115","17.29","1.79","171.46","1656.43","296500","100","20230703","3085","20230117","2282"
"6440","JUKI","東証PR","機械","17387","29874179","4.3","25","9","0.49","64.69","1198.76","58200","100","20230306","673","20230601","552"
"6444","サンデン","東証PR","機械","21669","111693313","0","0","-","0.94","-14.36","207.13","19400","100","20230130","232","20230601","185"
"6445","ジャノメ","東証PR","機械","12748","19521444","3.83","25","8.42","0.39","77.59","1687.25","65300","100","20230308","665","20230105","565"
"6448","ブラザー工業","東証PR","電気機器","573120","257755930","3.06","68","11.37","0.95","195.63","2334.34","222350","100","20230622","2246","20230316","1881"
"6454","マックス","東証PR","機械","123978","47537426","2.99","78","16.02","1.39","162.78","1877.19","260800","100","20230703","2760","20230106","1852"
"6455","モリタホールディングス","東証PR","輸送用機器","72911","46918542","3.09","48","12.38","0.82","125.55","1899.79","155400","100","20230512","1606","20230106","1125"
"6457","グローリー","東証PR","機械","167620","58938210","2.53","72","7.97","0.82","356.73","3474.76","284400","100","20230518","3015","20230116","2113"
"6458","新晃工業","東証PR","機械","52329","27212263","3.12","60","10.54","0.88","182.4","2187.08","192300","100","20230621","2185","20230106","1423"
"6459","大和冷機工業","東証PR","機械","74421","51717215","2.08","30","15.68","1.17","91.77","1226.67","143900","100","20230519","1496","20230105","1098"
"6460","セガサミーホールディングス","東証PR","機械","730443","241229476","1.55","47","16.71","2.02","181.2","1498.75","302800","100","20230703","3124","20230116","1881"
"6461","日本ピストンリング","東証PR","機械","14203","8374157","-","-","6.29","0.37","269.56","4632.77","169600","100","20230706","1780","20230106","1204"
"6462","リケン","東証PR","機械","35380","10688866","-","-","7.73","0.38","428.19","8810.3","331000","100","20230706","3475","20230105","2225"
"6463","TPR","東証PR","機械","61329","34300099","3.36","60","8.86","0.45","201.79","3969.29","178800","100","20230706","1808","20230105","1198"
"6464","ツバキ・ナカシマ","東証PR","機械","33945","41599600","3.68","30","19.07","0.63","42.79","1293.29","81600","100","20230208","1189","20230630","793"
"6465","ホシザキ","東証PR","機械","753789","144875900","1.35","70","32.35","2.54","160.84","2045.92","520300","100","20230515","5420","20230116","4345"
"6466","TVE","東証ST","機械","4453","2461600","1.66","30","40.24","0.45","44.95","4045.19","180900","100","20230330","1970","20230720","1777"
"6467","ニチダイ","東証ST","機械","3467","9053300","2.09","8","30.13","0.34","12.71","1121.18","38300","100","20230308","412","20230105","335"
"6469","放電精密加工研究所","東証ST","機械","4134","7407800","1.25","7","67.23","0.99","8.3","565.21","55800","100","20230704","640","20230105","542"
"6470","大豊工業","東証PR","機械","27918","29172457","2.09","20","22.97","0.41","41.67","2307.3","95700","100","20230703","958","20230317","596"
"6471","日本精工","東証PR","機械","505237","551268104","3.27","30","18.44","0.76","49.7","1200.92","91650","100","20230703","932","20230116","681"
"6472","NTN","東証PR","機械","168791","532463527","3.15","10","15.3","0.76","20.72","415.64","31700","100","20230309","378","20230116","252"
"6473","ジェイテクト","東証PR","機械","466183","343286307","2.36","32","13.31","0.7","102.05","1945.44","135800","100","20230725","1358","20230116","873"
"6474","不二越","東証PR","機械","96064","24919343","2.85","110","8.21","0.59","469.75","6517.97","385500","100","20230704","4245","20230116","3505"
"6479","ミネベアミツミ","東証PR","電気機器","1150128","427080606","-","-","15.71","1.74","171.41","1549.67","269300","100","20230615","2829","20230104","1928"
"6480","日本トムソン","東証PR","機械","43292","73501425","3.23","19","9.33","0.59","63.11","1003.28","58900","100","20230214","648","20230105","502"
"6481","THK","東証PR","機械","378078","129856903","-","-","15.93","1.06","182.74","2754.54","291150","100","20230309","3295","20230104","2454"
"6482","ユーシン精機","東証PR","機械","25267","35638066","2.82","20","15.08","0.75","47.01","948.36","70900","100","20230510","806","20230106","656"
"6484","KVK","東証ST","機械","14733","8347078","3.12","55","7.79","0.57","226.64","3106.13","176500","100","20230704","1841","20230420","1474"
"6485","前澤給装工業","東証PR","機械","26611","23000000","3.11","36","16.11","0.67","71.8","1737","115700","100","20230515","1222","20230113","897"
"6486","イーグル工業","東証PR","機械","88718","49757821","3.93","70","11.76","0.82","151.67","2169.53","178300","100","20230711","1817","20230105","1051"
"6488","ヨシタケ","東証ST","機械","11538","13934946","3.26","27","9.59","0.73","86.31","1130.02","82800","100","20230714","977","20230105","640"
"6489","前澤工業","東証ST","機械","19412","21425548","3.09","28","6.58","0.67","137.78","1357.68","90600","100","20230724","921","20230117","585"
"6490","日本ピラー工業","東証PR","機械","111439","25042406","2.7","120","12.2","1.75","364.83","2548.19","445000","100","20230704","4840","20230104","2677"
"6492","岡野バルブ製造","東証ST","機械","4732","1793000","0.76","20","12.76","0.44","206.83","5945.43","263900","100","20230110","3395","20230712","2605"
"6493","NITTAN","東証ST","輸送用機器","9041","28978860","3.21","10","8.29","0.36","37.64","869.5","31200","100","20230619","344","20230202","243"
"6494","NFKホールディングス","東証ST","機械","4890","44051274","0","0","10.86","1.12","10.22","98.68","11100","100","20230419","124","20230322","91"
"6495","宮入バルブ製作所","東証ST","機械","6937","48849935","1.41","2","34.13","1.67","4.16","84.87","14200","100","20230607","159","20230106","133"
"6496","中北製作所","東証ST","機械","9774","3832800","2.75","70","11.83","0.39","215.62","6523.47","255000","100","20230725","2570","20230116","2063"
"6497","ハマイ","東証ST","機械","7224","7424140","3.08","30","6.83","0.45","142.38","2181.66","97300","100","20230607","1084","20230406","950"
"6498","キッツ","東証PR","機械","94103","90396511","3.55","37","9.62","1.01","108.19","1027.44","104100","100","20230704","1118","20230105","762"
"6501","日立製作所","東証PR","電気機器","8337212","938241277","-","-","16.66","1.69","533.29","5271.97","888600","100","20230703","9065","20230104","6295"
"6502","東芝","東証PR","電気機器","1967624","433397301","-","-","-","1.57","-","2883.27","454000","100","20230208","4728","20230314","4023"
"6503","三菱電機","東証PR","電気機器","4511270","2147201551","-","-","17.06","1.37","123.13","1533.98","210100","100","20230725","2105","20230112","1273"
"6504","富士電機","東証PR","電気機器","905785","149296991","-","-","13.87","1.68","437.57","3620.23","606700","100","20230614","6553","20230316","4870"
"6505","東洋電機製造","東証ST","電気機器","9453","9735000","3.09","30","11.45","0.37","84.81","2605.99","97100","100","20230509","1081","20230116","825"
"6506","安川電機","東証PR","電気機器","1694818","266690497","1.01","64","32.39","4.68","196.2","1359.33","635500","100","20230623","6859","20230106","4065"
"6507","シンフォニアテクノロジー","東証PR","電気機器","52935","29789122","2.81","50","8.95","0.8","198.62","2220.55","177700","100","20230308","1804","20230106","1424"
"6508","明電舎","東証PR","電気機器","92740","45527540","-","-","13.2","0.86","154.29","2378.26","203700","100","20230703","2066","20230427","1784"
"6513","オリジン","東証ST","電気機器","8777","6699986","3.05","40","77.42","0.32","16.92","4106.29","131000","100","20230309","1345","20230105","1192"
"6516","山洋電気","東証PR","電気機器","97032","12972187","1.87","140","7.25","0.97","1032.03","7695.26","748000","100","20230622","7990","20230206","5510"
"6517","デンヨー","東証PR","電気機器","48531","22859660","2.4","51","11.84","0.66","179.33","3193.67","212300","100","20230725","2139","20230116","1470"
"6518","三相電機","東証ST","電気機器","5264","4650500","2.39","27","10.27","0.46","110.23","2451.88","113200","100","20230706","1190","20230112","1002"
"6521","オキサイド","東証GR","電気機器","34361","9988800","0","0","79.72","6.95","43.15","495.27","344000","100","20230203","5000","20230427","3130"
"6522","アスタリスク","東証GR","電気機器","5834","7105400","0","0","-","2.98","-20.35","275.57","82100","100","20230309","1355","20230721","775"
"6523","PHCホールディングス","東証PR","電気機器","187611","125828850","4.83","72","11.98","1.35","124.49","1101.33","149100","100","20230530","1650","20230316","1362"
"6524","湖北工業","東証ST","電気機器","55170","9000000","0.98","60","19.56","2.99","313.34","2053.32","613000","100","20230119","7010","20230515","4575"
"6526","ソシオネクスト","東証PR","電気機器","540692","34838421","1.35","210","29.86","4.76","519.8","3262.93","1552000","100","20230621","28330","20230104","5720"
"6532","ベイカレント・コンサルティング","東証PR","サービス","731055","155411410","0.85","40","28.25","12.63","166.53","372.31","470400","100","20230622","5939","20230106","4010"
"6533","Orchestraホールディングス","東証PR","サービス","11673","9817800","0.84","10","11.67","2.18","101.91","546.24","118900","100","20230124","2116","20230602","1120"
"6535","アイモバイル","東証PR","サービス","26130","20382396","3.12","40","9.54","1.73","134.39","739.71","128200","100","20230403","1354","20230106","1127"
"6537","WASHハウス","東証GR","サービス","2173","6919400","0","0","46.24","1.27","6.79","248.07","31400","100","20230608","380","20230105","221"
"6538","キャリアインデックス","東証PR","サービス","6207","20968800","0.84","2.5","14.87","1.63","19.9","182.07","29600","100","20230303","358","20230602","280"
"6539","MS-Japan","東証PR","サービス","29396","24996600","4.76","56","21.03","2.8","55.93","419.65","117600","100","20230720","1200","20230406","951"
"6540","船場","東証ST","サービス","7909","10433647","4.62","35","15.59","0.72","48.63","1058.17","75800","100","20230425","809","20230105","691"
"6542","FCホールディングス","東証ST","サービス","4973","6859483","3.39","24.55","7.63","0.7","95","1029.24","72500","100","20230501","788","20230118","704"
"6543","日宣","東証ST","サービス","2324","4070080","3.68","21","8.76","0.7","65.15","818.97","57100","100","20230224","597","20230116","536"
"6544","ジャパンエレベーターサービスホールディングス","東証PR","サービス","157025","89067200","-","-","44.23","11.62","39.86","151.74","176300","100","20230403","2193","20230116","1531"
"6545","インターネットインフィニティー","東証GR","サービス","2812","5427771","0.77","4","26.39","2.17","19.63","238.79","51800","100","20230626","598","20230116","341"
"6546","フルテック","東証ST","サービス","5990","5367800","2.51","28","35.24","0.97","31.67","1151.34","111600","100","20230104","1195","20230123","1045"
"6547","グリーンズ","東証ST","サービス","18646","12886200","0.62","9","7.17","5.19","201.92","278.88","144700","100","20230509","1561","20230104","972"
"6548","旅工房","東証GR","サービス","3371","9209800","0","0","-","-","-","-136.73","36600","100","20230421","545","20230329","320"
"6549","ディーエムソリューションズ","東証ST","サービス","3271","2810000","-","-","9.77","1.34","119.15","868.37","116400","100","20230125","1361","20230519","1035"
"6550","Unipos","東証GR","サービス","2304","13014600","0","0","-","-","-48.06","-216","17700","100","20230309","284","20230104","137"
"6551","ツナググループ・ホールディングス","東証ST","サービス","5823","8575622","1.18","8","-","3.72","-","182.41","67900","100","20230509","754","20230116","432"
"6552","GameWith","東証ST","サービス","5816","18348200","0","0","29.74","1.68","10.66","188.48","31700","100","20230607","420","20230106","301"
"6554","エスユーエス","東証GR","サービス","8683","9007200","2.59","25","13.95","2.66","69.1","362.55","96400","100","20230621","1116","20230601","810"
"6555","MS＆Consulting","東証ST","サービス","2917","4530100","2.8","18","13.64","0.95","47.22","676.99","64400","100","20230707","670","20230217","553"
"6556","ウェルビー","東証PR","サービス","13099","28788000","1.8","8.2","13.86","3.7","32.84","122.83","45500","100","20230124","757","20230721","405"
"6557","AIAIグループ","東証GR","サービス","2764","3074381","0","0","13.73","2.08","65.5","433.12","89900","100","20230207","1383","20230105","566"
"6558","クックビズ","東証GR","サービス","3720","2773691","-","-","20.52","2.74","65.34","488.67","134100","100","20230718","1480","20230118","993"
"6560","エル・ティー・エス","東証PR","サービス","16030","4515375","0","0","28.5","4.63","124.57","766.79","355000","100","20230711","3815","20230215","2321"
"6561","HANATOUR_JAPAN","東証GR","サービス","24506","12664700","0","0","25.3","23.84","76.47","81.17","193500","100","20230517","2463","20230105","1481"
"6562","ジーニー","東証GR","サービス","22488","18048200","0","0","14.69","4.41","84.83","282.42","124600","100","20230323","2320","20230612","1080"
"6563","みらいワークス","東証GR","サービス","5735","5181000","0","0","36.6","5.3","30.25","208.79","110700","100","20230724","1165","20230105","655"
"6564","ミダックホールディングス","東証PR","サービス","47270","27773500","0.29","5","27.14","4.28","62.71","397.26","170200","100","20230209","3025","20230627","1499"
"6565","ABホテル","東証ST","サービス","44938","14176000","0.38","12","24.96","5.42","126.98","584.88","317000","100","20230720","3180","20230116","1771"
"6566","要興業","東証ST","サービス","13316","15871400","-","-","10.98","0.76","76.43","1098.19","83900","100","20230725","839","20230116","742"
"6567","SERIOホールディングス","東証GR","サービス","4342","6329400","1.24","8.5","16.42","2.01","41.78","341","68600","100","20230222","803","20230104","390"
"6568","神戸天然物化学","東証GR","サービス","14338","7779900","1.63","30","12.04","1.21","153.05","1523.41","184300","100","20230706","2167","20230106","1004"
"6569","日総工産","東証PR","サービス","30059","34353200","2.34","20.5","12.94","2.01","67.6","435.2","87500","100","20230623","957","20230116","555"
"6570","共和コーポレーション","東証ST","サービス","4080","6080130","2.61","17.5","9.04","1.17","74.25","571.95","67100","100","20230306","733","20230405","583"
"6571","キュービーネットホールディングス","東証PR","サービス","19059","13045100","1.3","19","14.37","1.57","101.66","928.6","146100","100","20230516","1710","20230106","1300"
"6572","RPAホールディングス","東証PR","サービス","24320","62040000","-","-","124.84","2","3.14","196.3","39200","100","20230620","487","20230106","262"
"6573","アジャイルメディア・ネットワーク","東証GR","サービス","1299","5504440","0","0","-","-","-36.1","-7.74","23600","100","20230123","325","20230329","184"
"6574","コンヴァノ","東証GR","サービス","1463","2271560","0","0","41.79","1.79","15.41","359.09","64400","100","20230524","869","20230104","464"
"6577","ベストワンドットコム","東証GR","サービス","6350","1406360","0","0","-","12.13","-","372.27","451500","100","20230725","4565","20230116","1616"
"6578","エヌリンクス","東証ST","サービス","2563","7302960","0","0","29.8","2.44","11.78","144.05","35100","100","20230720","463","20230104","175"
"6579","ログリー","東証GR","サービス","2677","3803000","0","0","198.31","4.26","3.55","165.45","70400","100","20230411","1231","20230529","634"
"6580","ライトアップ","東証GR","サービス","6892","5806000","0","0","14.4","2.49","82.42","476.49","118700","100","20230620","1437","20230215","770"
"6584","三櫻工業","東証PR","輸送用機器","32399","37112000","2.86","25","22.49","0.86","38.82","1012.77","87300","100","20230706","906","20230104","602"
"6586","マキタ","東証PR","機械","1129311","280017520","-","-","32.89","1.42","122.63","2832.89","403300","100","20230704","4255","20230104","3025"
"6588","東芝テック","東証PR","電気機器","229076","57629140","1.13","45","31.43","2.29","126.47","1738.02","397500","100","20230605","4420","20230105","3470"
"6590","芝浦メカトロニクス","東証PR","電気機器","111729","4657300","1.5","360","20.39","3.21","1176.31","7466.67","2399000","100","20230719","24660","20230106","9720"
"6592","マブチモーター","東証PR","電気機器","266360","67076362","3.4","135","21.57","0.91","184.11","4386.64","397100","100","20230427","4140","20230120","3575"
"6594","ニデック","東証PR","電気機器","4986131","596284468","0.84","70","29.12","3.16","287.16","2643.93","836200","100","20230724","8706","20230316","6145"
"6597","HPCシステムズ","東証GR","電気機器","9514","4358000","1.15","25","76.52","4.17","28.53","523.52","218300","100","20230714","2360","20230530","1760"
"6599","エブレン","東証ST","電気機器","3732","1536000","1.36","33","8.51","0.87","285.62","2781.38","243000","100","20230309","2695","20230104","2221"
"6612","バルミューダ","東証GR","電気機器","16873","8436700","0","0","-","3.25","-148.39","614.55","200000","100","20230105","2614","20230725","1998"
"6613","QDレーザ","東証GR","電気機器","35879","41527080","0","0","-","7.51","-15.11","115.04","86400","100","20230711","984","20230215","494"
"6614","シキノハイテック","東証ST","電気機器","12144","4424000","0.55","15","28.24","5.84","97.2","470.37","274500","100","20230421","4500","20230106","2476"
"6615","ユー・エム・シー・エレクトロニクス","東証PR","電気機器","14846","28277620","-","-","9.9","1.35","53.05","387.91","52500","100","20230615","635","20230323","460"
"6616","トレックス・セミコンダクター","東証PR","電気機器","27453","11554200","2.36","56","24.89","1.06","95.47","2236.24","237600","100","20230210","2843","20230515","1912"
"6617","東光高岳","東証PR","電気機器","34587","16276305","2.35","50","10.1","0.64","210.47","3329.49","212500","100","20230308","2641","20230106","1776"
"6618","大泉製作所","東証GR","電気機器","7185","9258968","1.03","8","34.22","1.61","22.68","483.4","77600","100","20230309","997","20230712","744"
"6619","ダブル・スコープ","東証PR","電気機器","80629","55225600","0","0","47.39","1.62","30.81","902.61","146000","100","20230210","1554","20230526","1009"
"6620","宮越ホールディングス","東証PR","不動産","40655","40014943","0","0","90.31","1.67","11.25","607.33","101600","100","20230721","1115","20230106","700"
"6622","ダイヘン","東証PR","電気機器","148255","27103291","3.02","165","9.94","1.18","550.14","4637.52","547000","100","20230614","5750","20230104","3805"
"6625","JALCOホールディングス","東証ST","不動産","22408","112604118","3.02","6","17.07","1.35","11.66","147.72","19900","100","20230214","310","20230515","184"
"6626","SEMITEC","東証ST","電気機器","25745","11371600","0.88","20","14.97","1.36","151.28","1666.23","226400","100","20230227","2570","20230525","1822"
"6627","テラプローブ","東証ST","電気機器","35506","9282500","-","-","-","1.14","-","3344.24","382500","100","20230705","4305","20230104","1568"
"6629","テクノホライゾン","東証ST","電気機器","11690","21063300","1.8","10","14.96","0.86","37.1","645.91","55500","100","20230622","628","20230316","408"
"6630","ヤーマン","東証PR","電気機器","58991","58348880","0.84","8.5","12.79","2.19","79.06","462.29","101100","100","20230228","1590","20230316","968"
"6632","JVCケンウッド","東証PR","電気機器","80032","164000201","1.64","8","9.97","0.81","48.93","604.39","48800","100","20230509","546","20230106","342"
"6633","C＆Gシステムズ","東証ST","電気機器","3146","9801549","3.12","10","14.66","1.02","21.89","314.59","32100","100","20230130","368","20230316","295"
"6634","ネクスグループ","東証ST","電気機器","4341","27301871","0","0","30.4","1.35","5.23","118.08","15900","100","20230406","206","20230328","156"
"6635","大日光・エンジニアリング","東証ST","電気機器","3972","6800600","2.05","12","7.47","0.73","78.13","798.49","58400","100","20230412","810","20230104","475"
"6637","寺崎電気産業","東証ST","電気機器","17708","13030000","2.21","30","10.42","0.44","130.48","3114.96","135900","100","20230428","1474","20230104","957"
"6638","ミマキエンジニアリング","東証PR","電気機器","30758","32040000","2.08","20","9.69","1.26","99.03","762.78","96000","100","20230704","983","20230213","543"
"6640","I-PEX","東証PR","電気機器","24620","18722800","3.04","40","-","0.43","-40.43","3084.97","131500","100","20230510","1478","20230106","1084"
"6643","戸上電機製作所","東証ST","電気機器","10193","5028658","4.19","85","6.7","0.54","302.76","3780.11","202700","100","20230703","2042","20230330","1699"
"6644","大崎電気工業","東証PR","電気機器","27245","49267180","3.62","20","25.88","0.56","21.37","981.44","55300","100","20230511","612","20230110","506"
"6645","オムロン","東証PR","電気機器","1752256","206244872","1.22","104","22.45","2.3","378.5","3701.08","849600","100","20230616","9329","20230104","6321"
"6647","森尾電機","東証ST","電気機器","2579","1425000","1.66","30","19.15","0.57","94.52","3164.39","181000","100","20230206","1881","20230615","1620"
"6648","かわでん","東証ST","電気機器","7659","4192000","4.38","80","14.63","0.38","124.87","4795.96","182700","100","20230322","1879","20230421","1740"
"6651","日東工業","東証PR","電気機器","147065","40458000","5.17","188","19.42","1.36","187.18","2666.95","363500","100","20230719","3720","20230110","2240"
"6652","IDEC","東証PR","電気機器","101169","33224485","4.27","130","9.38","1.52","324.7","1998.3","304500","100","20230309","3630","20230106","2766"
"6653","正興電機製作所","東証PR","電気機器","13007","12603595","3.39","35","9.15","1.06","112.84","975.28","103200","100","20230414","1091","20230118","910"
"6654","不二電機工業","東証ST","電気機器","7903","6669000","2.7","32","27.28","0.65","43.44","1836.35","118500","100","20230607","1266","20230206","1070"
"6656","インスペック","東証ST","電気機器","5441","4006800","0.22","3","180.35","4.39","7.53","309.68","135800","100","20230529","2280","20230104","901"
"6658","シライ電子工業","東証ST","電気機器","7533","13976000","3.15","17","6.24","1.27","86.43","425.04","53900","100","20230309","888","20230104","450"
"6659","メディアリンクス","東証ST","電気機器","1228","26695300","0","0","-","0.64","-5.75","72.09","4600","100","20230120","90","20230721","44"
"6662","ユビテック","東証ST","電気機器","3875","14791600","-","-","-","1.6","-","163.34","26200","100","20230417","305","20230410","220"
"6663","太洋工業","東証ST","電気機器","2154","5951600","0.83","3","93.54","0.84","3.87","432.94","36200","100","20230523","429","20230519","351"
"6664","オプトエレクトロニクス","東証ST","電気機器","2460","6578000","0","0","6.55","0.41","57.14","919.4","37400","100","20230322","447","20230116","338"
"6666","リバーエレテック","東証ST","電気機器","5137","8692652","1.69","10","14.21","1.06","41.6","556.79","59100","100","20230125","778","20230602","526"
"6668","アドテックプラズマテクノロジー","東証ST","電気機器","13566","8586000","1.01","16","11.3","1.35","139.88","1171.33","158000","100","20230113","1794","20230420","1269"
"6670","MCJ","東証ST","電気機器","108390","101774700","3.19","34","10.36","1.56","102.79","684.13","106500","100","20230719","1076","20230330","912"
"6674","ジーエス・ユアサコーポレーション","東証PR","電気機器","229708","80599442","1.75","50","16.38","0.99","174.01","2867.23","285000","100","20230707","2910","20230104","2081"
"6675","サクサホールディングス","東証PR","電気機器","13439","6244962","2.79","60","11.42","0.5","188.37","4263.55","215200","100","20230707","2276","20230113","1171"
"6676","メルコホールディングス","東証PR","電気機器","53947","16937873","3.77","120","17.9","0.86","177.98","3705.7","318500","100","20230301","3535","20230105","2910"
"6677","エスケーエレクトロニクス","東証ST","電気機器","18280","11368400","2.05","33","6.68","0.58","240.75","2796.42","160800","100","20230529","1956","20230104","1104"
"6678","テクノメディカ","東証PR","電気機器","18370","8760000","2.62","55","19.74","1.08","106.21","1933.89","209700","100","20230720","2193","20230203","1651"
"6694","ズーム","東証ST","電気機器","4990","4594824","2.76","30","11.64","0.78","93.31","1398.12","108600","100","20230214","1158","20230215","978"
"6696","トラース・オン・プロダクト","東証GR","電気機器","1815","4815491","0","0","201.6","4.72","1.87","79.95","37700","100","20230301","842","20230106","261"
"6697","テックポイント・インク（外国株）","東証GR","電気機器","-","-","-","-","-","-","-","-","97800","100","20230125","1105","20230106","895"
"6698","ヴィスコ・テクノロジーズ","東証ST","電気機器","5332","6448000","1.21","10","14.87","1.48","55.63","557.62","82700","100","20230721","830","20230120","570"
"6699","ダイヤモンドエレクトリックホールディングス","東証PR","電気機器","8097","9128001","2.82","25","35.37","0.69","25.08","1287.38","88700","100","20230201","1419","20230619","744"
"6701","日本電気","東証PR","電気機器","1874206","272849863","1.75","120","-","1.13","-","6096.59","686900","100","20230703","7105","20230120","4405"
"6702","富士通","東証PR","電気機器","3816079","207001821","1.41","260","15.93","2.19","1157.48","8425.37","1843500","100","20230614","19780","20230410","16945"
"6703","沖電気工業","東証PR","電気機器","76839","87217602","3.41","30","19.08","0.77","46.18","1143.96","88100","100","20230703","917","20230210","687"
"6704","岩崎通信機","東証PR","電気機器","8004","10080344","3.15","25","6.09","0.33","130.41","2425.27","79400","100","20230524","884","20230126","728"
"6706","電気興業","東証PR","電気機器","28943","12100000","2.51","60","50.05","0.61","47.79","3942.82","239200","100","20230720","2415","20230117","1863"
"6707","サンケン電気","東証PR","電気機器","339577","25098060","0.22","30","23.33","2.94","579.89","4601.59","1353000","100","20230704","14100","20230104","6410"
"6715","ナカヨ","東証ST","電気機器","5653","4794963","3.39","40","13.47","0.31","87.5","3790.7","117900","100","20230403","1204","20230117","1034"
"6718","アイホン","東証PR","電気機器","45131","18220000","3.23","80","12.26","0.69","202.03","3574.8","247700","100","20230719","2522","20230105","1783"
"6721","ウインテスト","東証ST","電気機器","4677","39972000","0","0","86.67","3.04","1.35","38.5","11700","100","20230221","174","20230525","105"
"6723","ルネサスエレクトロニクス","東証PR","電気機器","5280971","1958454023","-","-","-","2.93","-","920.97","269650","100","20230705","2900","20230104","1166"
"6724","セイコーエプソン","東証PR","電気機器","878043","385022278","3.24","74","11.45","1.04","199.09","2194.02","228050","100","20230629","2286","20230316","1781"
"6727","ワコム","東証PR","電気機器","97802","158000000","3.23","20","29.31","2.39","21.12","259.15","61900","100","20230509","751","20230105","566"
"6728","アルバック","東証PR","電気機器","298061","49355938","2.04","123","18.59","1.54","324.88","3917.18","603900","100","20230210","6330","20230316","4975"
"6730","アクセル","東証ST","電気機器","17704","11211989","3.23","51","15.62","1.48","101.07","1064.72","157900","100","20230324","2020","20230525","1306"
"6731","ピクセラ","東証ST","電気機器","1581","527027658","0","0","-","1.33","-","2.25","300","100","20230104","8","20230414","2"
"6734","ニューテック","東証ST","電気機器","3040","2081000","2.74","40","8.78","1.24","166.43","1180.13","146100","100","20230705","1648","20230425","1338"
"6736","サン電子","東証ST","電気機器","48376","24007728","-","-","-","1.31","-","1542.39","201500","100","20230207","2490","20230531","1694"
"6737","EIZO","東証PR","電気機器","105180","21981160","4.18","200","16.41","0.82","291.65","5861.22","478500","100","20230517","5030","20230105","3330"
"6740","ジャパンディスプレイ","東証PR","電気機器","147455","3880388022","0","0","-","3.42","-12.32","11.12","3800","100","20230411","56","20230602","37"
"6741","日本信号","東証PR","電気機器","70458","68339704","2.62","27","13.68","0.72","75.36","1432.57","103100","100","20230510","1179","20230105","987"
"6742","京三製作所","東証PR","電気機器","32176","62844251","3.52","18","11.47","0.69","44.64","737.36","51200","100","20230704","524","20230105","396"
"6743","大同信号","東証ST","電気機器","7784","18018000","2.31","10","10.98","0.34","39.35","1286.66","43200","100","20230518","470","20230125","402"
"6744","能美防災","東証PR","電気機器","103598","60832771","2.7","46","14.21","0.89","119.84","1905.14","170300","100","20230524","1890","20230110","1525"
"6745","ホーチキ","東証PR","電気機器","51602","28812000","2.85","51","9.94","0.97","180.27","1849.83","179100","100","20230630","1836","20230105","1360"
"6748","星和電機","東証ST","電気機器","6964","13238700","2.85","15","6.01","0.49","87.47","1079.29","52600","100","20230705","549","20230104","426"
"6750","エレコム","東証PR","電気機器","138793","92221420","2.92","44","15.09","1.57","99.73","957.74","150500","100","20230607","1596","20230410","1225"
"6752","パナソニックホールディングス","東証PR","電気機器","4310910","2454261297","-","-","11.71","1.13","149.95","1550.23","175650","100","20230706","1796","20230105","1074"
"6753","シャープ","東証PR","電気機器","523187","650406538","-","-","52.23","2.51","15.4","321.05","80440","100","20230207","1093","20230602","756"
"6754","アンリツ","東証PR","電気機器","168273","135868594","3.23","40","16.31","1.39","75.95","890.75","123850","100","20230125","1293","20230316","1180"
"6755","富士通ゼネラル","東証PR","電気機器","361367","109339548","1.09","36","26.62","2.6","124.15","1272.8","330500","100","20230412","4005","20230106","3030"
"6757","OSGコーポレーション","東証ST","電気機器","4494","5500000","4.9","40","16.32","1.57","50.05","520.59","81700","100","20230106","952","20230426","749"
"6758","ソニーグループ","東証PR","電気機器","16589531","1261081781","-","-","19.33","2.25","680.44","5856.4","1315500","100","20230615","14100","20230104","10035"
"6762","TDK","東証PR","電気機器","2106367","388771977","2.14","116","13.98","1.41","387.57","3845.28","541800","100","20230704","5786","20230106","4180"
"6763","帝国通信工業","東証PR","電気機器","16734","10141833","4.24","70","13.46","0.64","122.58","2567.03","165000","100","20230703","1706","20230106","1346"
"6768","タムラ製作所","東証PR","電気機器","51484","82771473","1.61","10","39.07","0.97","15.92","644.49","62200","100","20230404","850","20230713","618"
"6769","ザインエレクトロニクス","東証ST","電気機器","11415","12340100","1.62","15","20.95","1.06","44.15","872.61","92500","100","20230719","1000","20230320","793"
"6770","アルプスアルパイン","東証PR","電気機器","273554","219281450","3.21","40","12.82","0.64","97.33","1937.47","124750","100","20230216","1450","20230116","1164"
"6771","池上通信機","東証ST","電気機器","5253","7285746","4.16","30","11.53","0.36","62.52","1986.53","72100","100","20230725","723","20230106","520"
"6772","東京コスモス電機","東証ST","電気機器","4434","1581250","2.14","60","11.38","0.67","246.29","4162.86","280400","100","20230620","3035","20230106","1835"
"6775","TBグループ","東証ST","電気機器","3653","13996942","0","0","166.24","3.69","1.57","70.78","26100","100","20230419","393","20230105","148"
"6776","天昇電気工業","東証ST","化学","6142","17014000","0.83","3","12.28","0.77","29.39","465.86","36100","100","20230515","390","20230105","299"
"6777","santec_Holdings","東証ST","電気機器","35883","11961100","2.67","80","13.07","2.46","229.58","1218.86","300000","100","20230703","3240","20230426","2221"
"6778","アルチザネットワークス","東証ST","電気機器","9285","9562000","3.09","30","13.47","1.14","72.06","849.89","97100","100","20230410","1029","20230609","908"
"6779","日本電波工業","東証PR","電気機器","27870","23128605","1.66","20","7.15","1.16","168.63","1037.66","120500","100","20230207","1621","20230427","1133"
"6785","鈴木","東証PR","電気機器","13396","14404400","3.23","30","7.57","0.6","122.93","1549.89","93000","100","20230310","1067","20230105","812"
"6786","RVH","東証ST","サービス","1443","25321760","0","0","-","0.81","-","70.78","5700","100","20230113","77","20230517","54"
"6787","メイコー","東証PR","電気機器","73093","26803320","1.83","50","11.28","1","241.77","2736.07","272700","100","20230207","3115","20230104","2315"
"6788","日本トリム","東証PR","電気機器","27875","8656780","2.64","85","13.2","1.17","243.96","2743.39","322000","100","20230703","3560","20230106","2571"
"6789","ローランドディー.ジー.","東証PR","電気機器","43612","12319911","3.81","135","7.97","1.34","444.04","2634.8","354000","100","20230703","3795","20230104","2701"
"6794","フォスター電機","東証PR","電気機器","23100","25000000","2.16","20","15.77","0.4","58.58","2302.49","92400","100","20230509","1271","20230104","824"
"6798","SMK","東証PR","電気機器","18115","7200000","3.97","100","14.96","0.51","168.13","4932.86","251600","100","20230309","2620","20230106","2230"
"6800","ヨコオ","東証PR","電気機器","44337","23849878","2.37","44","21.67","0.92","85.8","2022.92","185900","100","20230206","2305","20230602","1675"
"6803","ティアック","東証ST","電気機器","3443","28931713","0.84","1","10.71","1.1","11.11","108.02","11900","100","20230607","130","20230323","112"
"6804","ホシデン","東証PR","電気機器","113796","63010084","2.66","48","11.32","0.76","159.54","2379.08","180600","100","20230515","1920","20230213","1476"
"6806","ヒロセ電機","東証PR","電気機器","663383","36250438","2.73","500","17.03","1.8","1074.71","10160.72","1830000","100","20230614","19830","20230116","15980"
"6807","日本航空電子工業","東証PR","電気機器","270631","92302608","1.71","50","19.79","1.56","148.19","1878.81","293200","100","20230705","3130","20230130","2062"
"6809","TOA","東証PR","電気機器","33351","34136635","4.09","40","20.27","0.68","48.19","1437.61","97700","100","20230724","994","20230106","750"
"6810","マクセル","東証PR","電気機器","77625","49695800","2.56","40","13.76","0.86","113.48","1807.25","156200","100","20230320","1691","20230106","1322"
"6814","古野電気","東証PR","電気機器","39485","31894554","2.02","25","15.63","0.74","79.2","1680.95","123800","100","20230718","1347","20230119","897"
"6817","スミダコーポレーション","東証PR","電気機器","48168","32879317","3.21","47","7.81","0.83","187.54","1763.81","146500","100","20230210","1764","20230608","1271"
"6819","伊豆シャボテンリゾート","東証ST","サービス","11642","36496537","0","0","16.51","2.78","19.32","114.72","31900","100","20230628","372","20230105","139"
"6820","アイコム","東証PR","電気機器","42516","14850000","2.27","65","17.64","0.68","162.34","4211.85","286300","100","20230621","3085","20230320","2462"
"6822","大井電気","東証ST","電気機器","2984","1470000","0","0","13.21","0.52","153.69","3917.04","203000","100","20230331","2688","20230719","1995"
"6823","リオン","東証PR","電気機器","24379","12319100","2.27","45","11.07","0.91","178.84","2163.3","197900","100","20230621","2029","20230106","1718"
"6824","新コスモス電機","東証ST","電気機器","31013","12561000","1.9","47","10.65","0.76","231.82","3250.91","246900","100","20230710","2690","20230106","1858"
"6832","アオイ電子","東証ST","電気機器","21708","12000000","2.99","54","62.02","0.43","29.17","4211.84","180900","100","20230404","1980","20230217","1729"
"6834","精工技研","東証ST","電気機器","14747","9333654","3.48","55","12.53","0.55","126.05","2898.91","158000","100","20230310","1889","20230605","1510"
"6835","アライドテレシスホールディングス","東証ST","電気機器","14485","109731545","-","-","-","0.86","-","153.09","13200","100","20230724","135","20230329","101"
"6836","ぷらっとホーム","東証ST","電気機器","1743","1529900","0","0","216.13","3.73","5.27","305.74","113900","100","20230725","1370","20230515","543"
"6837","京写","東証ST","電気機器","4943","14624000","2.66","9","8.69","0.67","38.9","502.53","33800","100","20230622","358","20230105","256"
"6838","多摩川ホールディングス","東証ST","電気機器","4934","6213900","0.63","5","1185.07","0.96","0.67","829.73","79400","100","20230705","956","20230518","627"
"6840","AKIBAホールディングス","東証ST","電気機器","5240","9192560","0","0","8.72","1.67","65.33","340.36","57000","100","20230607","605","20230105","373"
"6841","横河電機","東証PR","電気機器","715750","268624510","1.28","34","16.16","1.87","164.84","1422.2","266450","100","20230607","2786","20230224","2011"
"6844","新電元工業","東証PR","電気機器","33912","10338884","3.96","130","17.8","0.54","184.3","6066.34","328000","100","20230308","3900","20230104","2994"
"6845","アズビル","東証PR","電気機器","646941","143700884","1.62","73","25.27","2.97","178.13","1518.01","450200","100","20230607","4747","20230105","3190"
"6848","東亜ディーケーケー","東証ST","電気機器","16819","19880620","2.36","20","12.82","0.83","65.99","1019.66","84600","100","20230629","886","20230127","751"
"6849","日本光電工業","東証PR","電気機器","328131","88230980","1.64","61","21.58","1.87","172.36","1992.3","371900","100","20230615","3961","20230106","3010"
"6850","チノー","東証PR","電気機器","20946","9260116","2.43","55","12.38","1.02","182.71","2214.16","226200","100","20230705","2584","20230105","1700"
"6853","共和電業","東証PR","電気機器","9944","27775900","3.63","13","13.98","0.58","25.6","621.95","35800","100","20230704","376","20230116","325"
"6855","日本電子材料","東証ST","電気機器","22179","12644938","2.28","40","15.8","0.91","111.03","1922.55","175400","100","20230707","1885","20230104","1304"
"6856","堀場製作所","東証PR","電気機器","343580","42532752","3.16","255","10.03","1.37","805.08","5880.07","807800","100","20230703","8428","20230104","5650"
"6857","アドバンテスト","東証PR","電気機器","3927574","191542265","-","-","48.43","10.24","423.42","2002.43","2050500","100","20230718","22375","20230104","8190"
"6858","小野測器","東証ST","電気機器","5478","12200000","2.23","10","23.29","0.36","19.28","1251.26","44900","100","20230425","531","20230116","372"
"6859","エスペック","東証PR","電気機器","55434","23781394","3","70","13.94","1.08","167.18","2150.64","233100","100","20230614","2390","20230106","1797"
"6861","キーエンス","東証PR","電気機器","16107645","243207684","0.45","300","-","6.45","-","10273.68","6623000","100","20230605","71890","20230104","49950"
"6862","ミナトホールディングス","東証ST","電気機器","4385","7857714","2.15","12","2.87","0.96","194.49","580.36","55800","100","20230529","699","20230105","410"
"6863","ニレコ","東証ST","電気機器","9119","7715249","4.06","48","9.96","0.6","118.7","1978.77","118200","100","20230710","1218","20230213","960"
"6864","エヌエフホールディングス","東証ST","電気機器","8555","7070000","2.64","32","17.69","0.68","68.39","1766.59","121000","100","20230620","1335","20230104","880"
"6866","日置電機","東証PR","電気機器","113738","14024365","2.22","180","18.21","3.12","445.27","2597.54","811000","100","20230418","9870","20230106","5970"
"6867","リーダー電子","東証ST","電気機器","2385","4483601","1.88","10","19.88","0.59","26.76","904.79","53200","100","20230515","575","20230105","441"
"6869","シスメックス","東証PR","電気機器","2006391","209741942","0.88","84","38.49","5.16","248.51","1852.68","956600","100","20230622","10440","20230106","7380"
"6870","日本フェンオール","東証ST","電気機器","9105","5893000","4.66","72","12.16","0.7","127.02","2216.56","154500","100","20230629","1552","20230124","1292"
"6871","日本マイクロニクス","東証PR","電気機器","84814","40025316","-","-","-","2.18","-","970.47","211900","100","20230703","2259","20230427","1201"
"6874","協立電機","東証ST","電気機器","12579","4369200","2.43","70","7.72","0.75","372.74","3840.55","287900","100","20230619","3195","20230112","1921"
"6875","メガチップス","東証PR","電気機器","90177","21967700","-","-","23.87","1.06","171.94","3883.46","410500","100","20230720","4255","20230116","2410"
"6877","OBARA　GROUP","東証ST","電気機器","85773","20869380","3.65","150","10.1","1","407.08","4113.55","411000","100","20230501","4335","20230116","3480"
"6879","IMAGICA_GROUP","東証PR","情報通信","29708","44741467","2.26","15","13.46","0.82","49.34","809.83","66400","100","20230713","720","20230602","542"
"6881","キョウデン","東証ST","電気機器","24153","52279051","2.6","12","7.92","0.87","58.37","532.78","46200","100","20230302","530","20230601","417"
"6882","三社電機製作所","東証ST","電気機器","21229","14950000","2.82","40","13.49","0.9","105.26","1583.87","142000","100","20230620","1475","20230104","844"
"6888","アクモス","東証ST","情報通信","3984","10215400","3.08","12","10.45","1.37","37.31","284.68","39000","100","20230613","421","20230106","340"
"6890","フェローテックホールディングス","東証ST","電気機器","159621","47016567","2.95","100","8.85","0.87","383.66","3916.07","339500","100","20230704","3925","20230104","2743"
"6894","パルステック工業","東証ST","電気機器","2243","1393459","3.42","55","9.3","0.64","173.2","2497.84","161000","100","20230725","1639","20230330","1444"
"6897","ツインバード","東証ST","電気機器","5562","10906300","2.55","13","30.09","0.68","16.95","754.22","51000","100","20230412","550","20230622","503"
"6898","トミタ電機","東証ST","電気機器","1868","816979","0","0","15.71","0.42","145.58","5397.18","228700","100","20230314","4055","20230628","2051"
"6899","ASTI","東証ST","電気機器","10371","3417006","-","-","6.33","0.45","479.83","6745.65","303500","100","20230511","3460","20230117","2510"
"6901","澤藤電機","東証ST","電気機器","5269","4322000","2.3","28","14.61","0.51","83.43","2393.34","121900","100","20230612","1375","20230116","1060"
"6902","デンソー","東証PR","輸送用機器","7669856","787944951","1.95","190","19.03","1.67","511.47","5845.08","973400","100","20230706","9783","20230104","6389"
"6904","原田工業","東証PR","電気機器","17885","21758000","0.91","7.5","11.92","1.6","68.96","513.38","82200","100","20230306","895","20230531","786"
"6905","コーセル","東証PR","電気機器","44640","35712000","3.04","38","10.77","0.98","116.05","1273.83","125000","100","20230620","1395","20230110","980"
"6907","ジオマテック","東証ST","電気機器","4512","9152400","0","0","149.85","0.38","3.29","1281.1","49300","100","20230509","628","20230523","482"
"6908","イリソ電子工業","東証PR","電気機器","96245","24583698","2.3","90","16.16","1.37","242.31","2865.97","391500","100","20230403","5200","20230721","3865"
"6912","菊水ホールディングス","東証ST","電気機器","13088","9900000","2.87","38","10.24","0.92","129.07","1442.74","132200","100","20230310","1417","20230106","1001"
"6914","オプテックスグループ","東証PR","電気機器","70302","37735784","2.15","40","12.49","1.64","149.19","1133.68","186300","100","20230202","2150","20230105","1731"
"6915","千代田インテグレ","東証ST","電気機器","28572","11628929","4.48","110","12.14","0.75","202.31","3269.93","245700","100","20230720","2497","20230106","2090"
"6918","アバールデータ","東証ST","電気機器","32379","7417842","2.54","111","13.78","1.29","316.8","3391.38","436500","100","20230301","5200","20230517","3625"
"6919","ケル","東証ST","電気機器","14572","7743000","5.05","95","10.06","0.91","187.16","2069.89","188200","100","20230131","1949","20230105","1632"
"6920","レーザーテック","東証PR","電気機器","1947486","94286400","0.86","178","41.39","22.47","498.99","919.19","2065500","100","20230124","27000","20230502","17485"
"6923","スタンレー電気","東証PR","電気機器","469858","171200000","1.89","52","17.83","0.95","153.96","2875.15","274450","100","20230501","3075","20230104","2441"
"6925","ウシオ電機","東証PR","電気機器","242307","123500000","2.55","50","23.09","0.95","84.98","2074.27","196200","100","20230512","1997","20230213","1517"
"6926","岡谷電機産業","東証ST","電気機器","6418","22921562","1.43","4","17.89","0.76","15.65","367.9","28000","100","20230310","348","20230104","242"
"6927","ヘリオステクノホールディング","東証ST","電気機器","11175","22806900","1.63","8","5.2","0.59","94.24","827.45","49000","100","20230705","1375","20230316","330"
"6928","エノモト","東証PR","電気機器","12241","6865360","3.93","70","9.53","0.58","187.16","3081.37","178300","100","20230221","1961","20230515","1608"
"6929","日本セラミック","東証PR","電気機器","69086","27231257","3.94","100","15.96","1.27","158.93","1995.51","253700","100","20230309","2830","20230106","2229"
"6930","日本アンテナ","東証ST","電気機器","7322","14300000","4.1","21","-","0.36","-230.02","1414.49","51200","100","20230323","585","20230104","491"
"6932","遠藤照明","東証PR","電気機器","19431","14776321","2.66","35","6.07","0.62","216.56","2134.19","131500","100","20230510","1435","20230104","709"
"6937","古河電池","東証PR","電気機器","33358","32800000","2.06","21","15.15","0.99","67.12","1028.38","101700","100","20230309","1180","20230707","996"
"6938","双信電機","東証ST","電気機器","6106","17102504","2.24","8","18.5","0.53","19.3","676.85","35700","100","20230307","407","20230712","351"
"6941","山一電機","東証PR","電気機器","49837","21829775","2.89","66","10.52","1.29","217.01","1770.47","228300","100","20230703","2444","20230104","1670"
"6942","ソフィアホールディングス","東証ST","情報通信","2078","2737720","0","0","-","1.01","-1.86","753.48","75900","100","20230418","920","20230110","574"
"6943","NKKスイッチズ","東証ST","電気機器","4398","842520","1.92","100","8.59","0.35","607.61","14973.44","522000","100","20230404","6880","20230725","5100"
"6946","日本アビオニクス","東証ST","電気機器","15365","3191162","0.62","30","8.08","1.31","596.23","3672.74","481500","100","20230622","5510","20230106","3370"
"6947","図研","東証PR","電気機器","91673","23267169","1.27","50","27.34","2.24","144.09","1758.56","394000","100","20230620","4290","20230105","2852"
"6951","日本電子","東証PR","電気機器","249625","51532800","1.36","66","15.96","2.43","303.56","1995.55","484400","100","20230615","5383","20230106","3410"
"6952","カシオ計算機","東証PR","電気機器","298078","249020914","-","-","27.27","1.29","43.89","926.35","119700","100","20230127","1374","20230531","1151"
"6954","ファナック","東証PR","電気機器","4782657","1003073989","-","-","33.14","2.81","143.87","1695.19","476800","100","20230619","5334","20230104","3931"
"6955","FDK","東証ST","電気機器","29287","34536302","0","0","292.41","2.22","2.9","382.26","84800","100","20230116","1033","20230601","807"
"6957","芝浦電子","東証ST","電気機器","54770","7779865","3.13","220","13.7","1.68","513.96","4182.72","704000","100","20230725","7160","20230104","4775"
"6958","日本シイエムケイ","東証PR","電気機器","32485","63077770","1.94","10","16.05","0.54","32.09","960.06","51500","100","20230704","574","20230406","431"
"6960","フクダ電子","東証ST","電気機器","178643","39176000","3.07","140","9.85","0.85","462.82","5390.09","456000","100","20230627","4880","20230414","4050"
"6961","エンプラス","東証PR","電気機器","51682","9732897","1.13","60","9.37","1.01","566.74","5276.1","531000","100","20230620","6270","20230116","3460"
"6962","大真空","東証PR","電気機器","23202","36196968","-","-","31.83","0.58","20.14","1112.24","64100","100","20230309","779","20230515","613"
"6963","ローム","東証PR","電気機器","1356510","103000000","1.52","200","18.46","1.41","713.25","9321.95","1317000","100","20230705","14255","20230104","9310"
"6964","サンコー","東証ST","電気機器","4347","9000000","2.69","13","10.2","0.3","47.33","1626.59","48300","100","20230313","549","20230104","437"
"6965","浜松ホトニクス","東証PR","電気機器","1124924","165065948","1.12","76","26.65","3.59","255.74","1899.55","681500","100","20230508","7590","20230104","6170"
"6966","三井ハイテック","東証PR","電気機器","370199","39466865","0.77","72","20.65","4.14","454.15","2267.23","938000","100","20230623","10160","20230104","6030"
"6967","新光電気工業","東証PR","電気機器","773724","135171942","0.87","50","32.22","3.08","177.64","1857.9","572400","100","20230705","6350","20230104","3290"
"6969","松尾電機","東証ST","電気機器","2465","3210000","0","0","5.47","1.08","140.3","711.07","76800","100","20230412","959","20230331","665"
"6971","京セラ","東証PR","電気機器","2872167","377618580","2.63","200","18.83","0.9","404","8424.82","760600","100","20230615","8045","20230116","6355"
"6973","協栄産業","東証ST","卸売","6457","3193545","3.96","80","8.1","0.4","249.51","5081.81","202200","100","20230228","2380","20230104","1564"
"6976","太陽誘電","東証PR","電気機器","567101","130218481","2.07","90","67.83","1.71","64.2","2548.15","435500","100","20230124","4625","20230104","3735"
"6977","日本抵抗器製作所","東証ST","電気機器","1354","1240000","2.75","30","13.51","0.81","80.82","1345.68","109200","100","20230213","1278","20230104","1019"
"6981","村田製作所","東証PR","電気機器","5581550","675814281","1.82","150","31.71","2.16","260.43","3815.18","825900","100","20230614","8662","20230104","6438"
"6982","リード","東証ST","輸送用機器","1930","2632960","1.36","10","18.86","0.73","38.87","1010.59","73300","100","20230510","975","20230104","567"
"6986","双葉電子工業","東証PR","電気機器","21001","42426739","-","-","-","0.28","-89.59","1739.57","49500","100","20230130","569","20230626","476"
"6988","日東電工","東証PR","化学","1551497","149758428","2.51","260","13.74","1.68","753.85","6183.01","1036000","100","20230619","10955","20230105","7500"
"6989","北陸電気工業","東証PR","電気機器","11748","9250099","4.33","55","6.25","0.62","203.07","2043.56","127000","100","20230309","1488","20230531","1157"
"6993","大黒屋ホールディングス","東証ST","小売","6902","116982866","0","0","1966.67","11.97","0.03","4.93","5900","100","20230221","67","20230605","52"
"6994","指月電機製作所","東証ST","電気機器","17754","33061003","1.58","8.5","19.68","0.7","27.28","767.4","53700","100","20230724","550","20230106","446"
"6995","東海理化電機製作所","東証PR","輸送用機器","205525","94234171","2.93","64","18.11","0.72","120.45","3037.31","218100","100","20230706","2201","20230116","1378"
"6996","ニチコン","東証PR","電気機器","114270","78000000","2.18","32","12.22","1.01","119.85","1444.66","146500","100","20230705","1549","20230105","1197"
"6997","日本ケミコン","東証PR","電気機器","28420","20314833","-","-","4.58","0.56","305.75","2478.43","139900","100","20230310","2354","20230601","1196"
"6998","日本タングステン","東証ST","電気機器","6323","2577760","4.08","100","10.79","0.53","227.42","4648.25","245300","100","20230127","2810","20230522","2350"
"6999","KOA","東証PR","電気機器","75495","40479724","2.68","50","12.35","0.94","151.04","1988.46","186500","100","20230127","1996","20230426","1542"
"7003","三井E＆S","東証PR","機械","45857","92267517","0.6","3","14.5","0.45","34.28","1107.02","49700","100","20230510","570","20230116","364"
"7004","日立造船","東証PR","機械","156427","170214843","1.96","18","12.91","1.11","71.2","828.47","91900","100","20230307","974","20230116","775"
"7011","三菱重工業","東証PR","機械","2249886","337364781","2.4","160","11.79","1.29","565.65","5183.1","666900","100","20230622","6991","20230316","4439"
"7012","川崎重工業","東証PR","輸送用機器","613418","167921800","2.19","80","13.02","1.06","280.63","3440.39","365300","100","20230706","3868","20230316","2671"
"7013","IHI","東証PR","機械","576956","154679954","2.68","100","11.29","1.31","330.49","2850.48","373000","100","20230703","4088","20230316","3065"
"7014","名村造船所","東証ST","輸送用機器","40636","69345051","-","-","7.38","0.82","79.43","717.83","58600","100","20230704","700","20230327","308"
"7018","内海造船","東証ST","輸送用機器","4168","2253000","2.16","40","10.45","0.42","176.98","4383.2","185000","100","20230703","1900","20230117","1150"
"7021","ニッチツ","東証ST","機械","2912","2130000","2.19","30","94.86","0.28","14.41","4937.57","136700","100","20230706","1394","20230116","1200"
"7022","サノヤスホールディングス","東証ST","機械","4789","33728182","3.52","5","15.83","0.6","8.97","237.4","14200","100","20230104","144","20230112","122"
"7030","スプリックス","東証PR","サービス","14177","17633250","4.73","38","20.6","1.42","39.02","567.32","80400","100","20230509","955","20230614","765"
"7031","インバウンドテック","東証GR","サービス","3561","2616600","0","0","16.94","1.7","80.32","799.74","136100","100","20230424","1770","20230106","1120"
"7033","マネジメントソリューションズ","東証PR","サービス","62558","16816800","0.05","2","47.8","19.74","77.82","188.47","372000","100","20230619","4700","20230316","2632"
"7034","プロレド・パートナーズ","東証PR","サービス","5777","11195600","0","0","-","0.93","-","556.62","51600","100","20230216","567","20230407","441"
"7035","and_factory","東証PR","サービス","4099","11261970","0","0","54.33","3.77","6.7","96.43","36400","100","20230713","442","20230213","350"
"7036","イーエムネットジャパン","東証GR","サービス","4123","3878800","3.01","32","11.67","2.77","91.05","383.07","106300","100","20230210","1947","20230517","1030"
"7037","テノ.ホールディングス","東証PR","サービス","3030","4690500","1.39","9","21.48","1.36","30.07","473.48","64600","100","20230203","1268","20230104","500"
"7038","フロンティア・マネジメント","東証PR","サービス","15551","11501997","-","-","22.15","5.38","61.03","251.3","135200","100","20230210","1593","20230407","904"
"7039","ブリッジインターナショナル","東証GR","サービス","8558","3768600","0","0","13.57","2.33","167.34","974.2","227100","100","20230201","2929","20230601","2120"
"7040","サン・ライフホールディング","東証ST","サービス","6022","6820000","3.74","33","10.81","1.07","81.66","828.38","88300","100","20230310","915","20230104","808"
"7041","CRGホールディングス","東証GR","サービス","3444","5484000","0","0","10.76","1.08","58.35","579.33","62800","100","20230220","646","20230110","456"
"7042","アクセスグループ・ホールディングス","東証ST","サービス","1427","1310800","1.38","15","12.83","2.65","84.88","410.32","108900","100","20230609","1530","20230104","654"
"7043","アルー","東証GR","サービス","3275","2554400","0.55","7","18.68","2.88","68.62","445.63","128200","100","20230308","1577","20230203","900"
"7044","ピアラ","東証PR","サービス","3377","7124160","-","-","47.54","2.24","9.97","211.53","47400","100","20230330","764","20230721","458"
"7046","TDSE","東証GR","サービス","5931","2200000","0.37","10","28.6","2.98","94.28","903.78","269600","100","20230613","3925","20230119","1480"
"7047","ポート","東証GR","サービス","26378","12657490","-","-","15.88","7.15","131.2","291.39","208400","100","20230711","2566","20230106","1031"
"7048","ベルトラ","東証GR","サービス","25189","35577100","0","0","-","19.98","-5.32","35.44","70800","100","20230714","780","20230105","565"
"7049","識学","東証GR","サービス","5126","9136600","0","0","140.95","2.18","3.98","257.29","56100","100","20230123","614","20230714","465"
"7050","フロンティアインターナショナル","東証GR","サービス","9404","4619000","-","-","8.24","1.14","247.2","1791.44","203600","100","20230313","2448","20230616","1953"
"7057","エヌ・シー・エヌ","東証ST","サービス","3143","3217500","2.25","22","17.57","1.42","55.6","687.16","97700","100","20230105","1349","20230515","866"
"7058","共栄セキュリティーサービス","東証ST","サービス","4527","1506500","3","90","9.03","0.95","332.62","3164.68","300500","100","20230417","3045","20230104","2602"
"7059","コプロ・ホールディングス","東証PR","サービス","21690","10000000","3.69","80","17.27","2.86","125.57","757.66","216900","100","20230621","2346","20230106","979"
"7060","ギークス","東証PR","サービス","7329","10322629","2.11","15","20.32","1.7","34.94","416.94","71000","100","20230322","1280","20230721","688"
"7061","日本ホスピスホールディングス","東証GR","サービス","21960","8038000","0","0","30.93","10.18","88.33","268.24","273200","100","20230414","3830","20230119","2213"
"7062","フレアス","東証GR","サービス","2541","2352600","0.98","10.57","49.82","1.47","21.68","732.82","108000","100","20230509","1125","20230116","745"
"7063","Birdman","東証GR","サービス","6440","5119300","0","0","23.63","10","53.23","125.83","125800","100","20230412","1965","20230529","1052"
"7064","ハウテレビジョン","東証GR","サービス","4289","1359400","0","0","14.9","5.9","211.7","534.64","315500","100","20230307","4930","20230609","2920"
"7065","ユーピーアール","東証ST","サービス","19510","7660000","0.51","13","26.01","2.35","97.92","1085.19","254700","100","20230720","2692","20230104","1021"
"7066","ピアズ","東証GR","サービス","7785","9647400","3.15","25.45","15.24","3.42","52.94","236.13","80700","100","20230620","1416","20230127","260"
"7067","ブランディングテクノロジー","東証GR","サービス","1855","1599415","1.38","16","16.87","1.54","68.78","751.03","116000","100","20230331","1498","20230104","932"
"7068","フィードフォースグループ","東証GR","サービス","23785","26223658","0","0","26.45","8.4","34.29","108.01","90700","100","20230703","1131","20230106","345"
"7069","サイバー・バズ","東証GR","サービス","5216","3987600","0","0","25.62","2.58","51.05","506.08","130800","100","20230201","1649","20230516","1150"
"7071","アンビスホールディングス","東証PR","サービス","277787","97950200","0.11","3","51.39","11.95","55.19","237.26","283600","100","20230213","3840","20230512","2729"
"7072","インティメート・マージャー","東証GR","サービス","5401","3289350","0","0","55.95","3.62","29.35","453.29","164200","100","20230324","2560","20230105","1190"
"7073","ジェイック","東証GR","サービス","2260","931000","2.35","57","12.79","2.51","189.85","966.68","242800","100","20230614","3125","20230725","2349"
"7074","トゥエンティーフォーセブン","東証GR","サービス","1633","4560400","0","0","-","18.98","-","18.86","35800","100","20230524","600","20230427","283"
"7077","ALiNKインターネット","東証GR","サービス","2466","2136900","0","0","21.14","1.34","54.6","860.25","115400","100","20230602","1514","20230428","893"
"7078","INCLUSIVE","東証GR","サービス","9428","9986889","0","0","-","3.86","-24.79","244.28","94400","100","20230411","1136","20230316","897"
"7079","WDBココ","東証GR","サービス","15133","2402000","1.19","75","19.5","5.4","323.08","1166.91","630000","100","20230630","6440","20230510","4555"
"7080","スポーツフィールド","東証GR","サービス","6403","3629600","0","0","14.51","6.49","121.59","271.83","176400","100","20230719","1894","20230105","876"
"7081","コーユーレンティア","東証ST","サービス","9948","5412300","2.72","50","6.77","1.19","271.61","1539.87","183800","100","20230711","1877","20230112","1460"
"7082","ジモティー","東証GR","サービス","11279","5996365","0","0","23.33","8.07","80.62","233.12","188100","100","20230619","2126","20230106","1539"
"7083","AHCグループ","東証GR","サービス","1297","2102844","0","0","107.87","1.27","5.72","487.69","61700","100","20230117","758","20230713","611"
"7084","Kids_Smile_Holdings","東証GR","サービス","3376","3242950","0","0","42.2","0.54","24.67","1910.67","104100","100","20230110","1301","20230104","886"
"7085","カーブスホールディングス","東証PR","サービス","71426","93857493","1.31","10","28.92","5.36","26.31","141.98","76100","100","20230112","872","20230601","678"
"7086","きずなホールディングス","東証GR","サービス","12384","6899426","0","0","13.76","2.36","130.45","761.88","179500","100","20230718","1969","20230116","947"
"7087","ウイルテック","東証ST","サービス","5909","6451000","4.37","40","9.1","0.8","100.61","1141.38","91600","100","20230209","1104","20230105","838"
"7088","フォーラムエンジニアリング","東証PR","サービス","32693","26709600","4.9","60","16.12","2.64","75.94","463.84","122400","100","20230619","1243","20230406","820"
"7089","フォースタートアップス","東証GR","サービス","6069","3549200","0","0","25.27","3.43","67.67","498.4","171000","100","20230113","2355","20230511","1417"
"7090","リグア","東証GR","サービス","2653","1418800","0","0","29.15","7.43","64.14","251.71","187000","100","20230704","2152","20230105","1086"
"7091","リビングプラットフォーム","東証GR","サービス","5957","4492200","0","0","32.41","4.07","40.91","326.11","132600","100","20230214","1850","20230519","921"
"7092","Fast_Fitness_Japan","東証PR","サービス","27547","18739180","1.7","25","19.64","2.45","74.84","599.9","147000","100","20230511","1830","20230116","1101"
"7093","アディッシュ","東証GR","サービス","2154","1802160","0","0","65.05","3.1","18.37","385.89","119500","100","20230201","1910","20230601","1165"
"7094","NexTone","東証GR","サービス","19902","9813600","0","0","28.14","5.51","72.07","368.03","202800","100","20230208","4950","20230725","1986"
"7095","Macbee_Planet","東証GR","サービス","74889","3578068","-","-","40.99","9.11","510.57","2296.88","2093000","100","20230711","23450","20230106","9910"
"7096","ステムセル研究所","東証GR","サービス","31201","10246600","0","0","104","13.57","29.28","224.33","304500","100","20230630","3285","20230512","2052"
"7097","さくらさくプラス","東証GR","サービス","3182","4513900","1.7","12","11.27","0.66","62.57","1065.6","70500","100","20230206","985","20230316","642"
"7102","日本車輌製造","東証PR","輸送用機器","30054","14675012","0.98","20","9.24","0.58","221.74","3531.25","204800","100","20230425","2122","20230106","1910"
"7105","三菱ロジスネクスト","東証ST","輸送用機器","139686","106712013","1.22","16","10.74","1.85","121.84","707.19","130900","100","20230703","1365","20230116","635"
"7110","クラシコム","東証GR","小売","11203","7370400","2.63","40","17.53","2.71","86.72","560.76","152000","100","20230626","1801","20230316","1109"
"7111","INEST","東証ST","卸売","3752","68217085","-","-","-","1.4","-2.2","39.4","5500","100","20230203","65","20230501","53"
"7112","キューブ","東証GR","小売","6177","6074000","0","0","9.37","1.63","108.5","623.31","101700","100","20230116","1415","20230529","905"
"7114","フーディソン","東証GR","卸売","8701","4414540","0","0","50.49","4.47","39.04","441.19","197100","100","20230210","3440","20230516","1550"
"7115","アルファパーチェス","東証ST","卸売","11660","9472000","1.46","18","17.16","2.48","71.73","496.38","123100","100","20230605","1394","20230106","646"
"7116","ダイワ通信","東証ST","卸売","5333","2707000","0","0","18.26","2.2","107.87","896.69","197000","100","20230308","2515","20230201","1170"
"7119","ハルメクホールディングス","東証GR","小売","20201","10848990","0","0","13.6","2.94","136.96","633.81","186200","100","20230327","3020","20230602","1544"
"7120","SHINKO","東証ST","卸売","4479","1834000","3.28","80","8.98","2.7","272.02","905.95","244200","100","20230329","3200","20230601","1907"
"7122","近畿車輛","東証ST","輸送用機器","11330","6908359","3.05","50","7.52","0.41","217.99","3966.58","164000","100","20230705","1810","20230104","1038"
"7126","グローバルスタイル","東証ST","小売","6424","3502744","1.42","26","13.62","2.92","134.63","627.3","183400","100","20230707","2200","20230104","1066"
"7127","一家ホールディングス","東証ST","小売","4987","7083700","0","0","27.71","5.46","25.41","128.9","70400","100","20230725","705","20230330","572"
"7128","フルサト・マルカホールディングス","東証PR","卸売","65418","25563814","2.38","61","14.8","0.93","172.93","2752.62","255900","100","20230202","3595","20230627","2251"
"7129","ミアヘルサホールディングス","東証ST","小売","2633","2488700","2.84","30","20.25","0.79","52.24","1341.2","105800","100","20230523","1140","20230330","989"
"7130","ヤマエグループホールディングス","東証PR","卸売","76508","23686752","1.55","50","8.69","1.19","371.52","2719.94","323000","100","20230704","3285","20230125","1367"
"7131","のむら産業","東証ST","卸売","2051","1391575","2.51","37","9.79","1.29","150.49","1141.92","147400","100","20230725","1474","20230210","1000"
"7133","HYUGA_PRIMARY_CARE","東証GR","小売","13869","7156600","0","0","27.91","9.33","69.43","207.61","193800","100","20230126","2895","20230524","1827"
"7134","アップガレージグループ","東証ST","小売","6690","7880400","2.59","22","11.47","1.89","74.01","448.77","84900","100","20230725","850","20230104","518"
"7135","ジャパンクラフトホールディングス","東証PR","小売","7442","30501680","-","-","-","1.12","-72.18","217.91","24400","100","20230104","318","20230712","242"
"7138","TORICO","東証GR","小売","1619","1258100","0","0","46.16","1.35","27.88","952.87","128700","100","20230315","2299","20230106","975"
"7140","ペットゴー","東証GR","小売","2598","1842300","0","0","14.27","2.78","98.79","507.75","141000","100","20230329","1768","20230106","1020"
"7148","FPG","東証PR","証券・先物","118379","89073600","4.63","61.5","10.81","2.89","122.95","460.64","132900","100","20230705","1332","20230131","1017"
"7150","島根銀行","東証ST","銀行","4258","8416000","1.98","10","13.08","0.42","38.69","1207.54","50600","100","20230309","567","20230104","459"
"7157","ライフネット生命保険","東証GR","保険","70015","69736419","0","0","13.21","4.5","76","223.33","100400","100","20230215","1447","20230530","867"
"7161","じもとホールディングス","東証ST","銀行","8767","21540263","2.46","10","5.13","0.5","79.3","810.27","40700","100","20230113","475","20230531","358"
"7162","アストマックス","東証ST","証券・先物","3014","13160300","-","-","-","0.57","-","403.28","22900","100","20230123","260","20230426","220"
"7163","住信SBIネット銀行","東証ST","銀行","243080","150793800","0.96","15.5","10.39","1.85","155.18","872.74","161200","100","20230515","1860","20230329","1172"
"7164","全国保証","東証PR","その他金融","343119","68871790","3.41","170","11.63","1.67","428.53","2992.01","498200","100","20230307","5620","20230117","4725"
"7167","めぶきフィナンシャルグループ","東証PR","銀行","378991","1089055218","3.16","11","9.26","0.41","37.58","849.92","34800","100","20230310","382","20230327","310"
"7172","ジャパンインベストメントアドバイザー","東証PR","証券・先物","39397","30731200","2.5","32","16.13","0.84","79.49","1525.76","128200","100","20230721","1290","20230320","1007"
"7173","東京きらぼしフィナンシャルグループ","東証PR","銀行","102218","30650115","3.9","130","4.56","0.37","730.59","9025.41","333500","100","20230704","3435","20230316","2400"
"7175","今村証券","東証ST","証券・先物","5533","5320000","-","-","-","0.5","-","2080.11","104000","100","20230725","1041","20230106","730"
"7177","GMOフィナンシャルホールディングス","東証ST","証券・先物","90470","122091903","-","-","-","2.04","-","363.05","74100","100","20230725","742","20230104","510"
"7180","九州フィナンシャルグループ","東証PR","銀行","298136","463375978","2.8","18","10.71","0.43","60.1","1506.25","64340","100","20230719","670","20230110","432"
"7181","かんぽ生命保険","東証PR","保険","856052","383192300","4.21","94","11.87","0.36","188.13","6206.8","223400","100","20230309","2526","20230324","2030"
"7182","ゆうちょ銀行","東証PR","銀行","4113214","3617602420","4.4","50","12.45","0.43","91.32","2621.17","113700","100","20230302","1246","20230601","1031"
"7183","あんしん保証","東証ST","その他金融","5645","17976600","0.96","3","10.26","2.61","30.6","120.24","31400","100","20230512","339","20230314","254"
"7184","富山第一銀行","東証PR","銀行","48682","64309700","2.64","20","11.27","0.42","67.18","1798.58","75700","100","20230705","790","20230316","555"
"7185","ヒロセ通商","東証ST","証券・先物","20356","6830900","-","-","-","1.22","-","2447.01","298000","100","20230704","3075","20230106","2432"
"7186","コンコルディア・フィナンシャルグループ","東証PR","銀行","695147","1177616065","3.73","22","11","0.6","53.66","984.08","59029","100","20230116","609","20230327","465"
"7187","ジェイリース","東証PR","その他金融","20808","8934400","3.01","70","11.96","5.98","194.75","389.5","232900","100","20230104","2861","20230601","1906"
"7189","西日本フィナンシャルホールディングス","東証PR","銀行","209225","148596955","3.55","50","8.3","0.38","169.62","3744.47","140800","100","20230719","1468","20230106","943"
"7191","イントラスト","東証PR","その他金融","21689","22360122","1.86","18","16.94","4.17","57.25","232.53","97000","100","20230515","1079","20230104","799"
"7192","日本モーゲージサービス","東証ST","その他金融","8322","14704000","3.53","20","10.95","1.11","51.69","510.62","56600","100","20230209","901","20230531","510"
"7196","Casa","東証PR","その他金融","10622","11300100","3.19","30","17.29","1.47","54.37","641.26","94000","100","20230706","943","20230314","793"
"7198","アルヒ","東証PR","その他金融","35720","36080600","4.04","40","17.17","1.07","57.65","921.43","99000","100","20230221","1137","20230602","964"
"7199","プレミアグループ","東証PR","その他金融","69606","40327770","1.51","26","15.98","5.02","108","343.94","172600","100","20230620","1902","20230116","1489"
"7201","日産自動車","東証PR","輸送用機器","2806776","4220715112","2.26","15","8.27","0.51","80.41","1310.74","66500","100","20230725","665","20230104","408"
"7202","いすゞ自動車","東証PR","輸送用機器","1446820","777442069","4.3","80","9.31","1.1","199.95","1688.01","186100","100","20230725","1863","20230116","1461"
"7203","トヨタ自動車","東証PR","輸送用機器","38250488","16314987460","-","-","12.33","1.12","190.19","2089.08","234450","100","20230615","2358","20230320","1764"
"7205","日野自動車","東証PR","輸送用機器","362790","574580850","-","-","36.25","0.99","17.42","640.94","63140","100","20230614","645","20230116","478"
"7208","カネミツ","東証ST","輸送用機器","4068","5129577","3.66","29","18.43","0.41","43.03","1914.72","79300","100","20230512","873","20230112","723"
"7211","三菱自動車工業","東証PR","輸送用機器","870623","1490282496","1.71","10","7.9","1","73.91","582.97","58420","100","20230725","586.9","20230601","443"
"7212","エフテック","東証PR","輸送用機器","17720","18712244","2.11","20","11.74","0.35","80.69","2691.6","94700","100","20230613","1020","20230105","498"
"7213","レシップホールディングス","東証PR","輸送用機器","7713","14178200","1.38","7.5","16.35","1.57","33.27","346.64","54400","100","20230512","555","20230112","450"
"7214","GMB","東証ST","輸送用機器","7408","5298835","2.15","30","10.56","0.34","132.33","4172.09","139800","100","20230612","3350","20230105","683"
"7215","ファルテック","東証ST","輸送用機器","5712","9378600","0","0","19.04","0.34","31.99","1790.48","60900","100","20230515","749","20230316","580"
"7217","テイン","東証ST","輸送用機器","4984","5400000","4.12","38","8.56","0.83","107.83","1117.8","92300","100","20230712","957","20230104","822"
"7218","田中精密工業","東証ST","輸送用機器","7743","9763600","1.26","10","7.04","0.42","112.7","1903.42","79300","100","20230619","851","20230123","608"
"7219","エッチ・ケー・エス","東証ST","輸送用機器","3574","1600000","3.58","80","8.11","0.32","275.63","6880.25","223400","100","20230718","2270","20230320","1801"
"7220","武蔵精密工業","東証PR","輸送用機器","116943","65367901","1.96","35","16.69","1.14","107.19","1573.23","178900","100","20230404","1904","20230104","1508"
"7222","日産車体","東証PR","輸送用機器","154409","157239691","1.32","13","23.75","0.77","41.34","1277.11","98200","100","20230725","985","20230110","804"
"7224","新明和工業","東証PR","輸送用機器","98770","70000000","3.19","45","12.74","0.94","110.75","1498.16","141100","100","20230725","1423","20230105","1008"
"7226","極東開発工業","東証PR","輸送用機器","73434","40150000","3.17","58","31.86","0.63","57.4","2910.33","182900","100","20230724","1862","20230210","1412"
"7228","デイトナ","東証ST","輸送用機器","11931","3604600","3.66","121","5.45","1.19","607.37","2780.36","331000","100","20230104","3575","20230511","2942"
"7229","ユタカ技研","東証ST","輸送用機器","29684","14820000","3.59","72","14.84","0.34","134.97","5950.52","200300","100","20230725","2018","20230113","1660"
"7231","トピー工業","東証PR","輸送用機器","59062","24077510","3.59","88","8.61","0.47","284.77","5268.92","245300","100","20230724","2487","20230106","1520"
"7235","東京ラヂエーター製造","東証ST","輸送用機器","8611","14400000","3.01","18","10.21","0.32","58.59","1844.51","59800","100","20230119","771","20230316","497"
"7236","ティラド","東証PR","輸送用機器","12599","6712411","0.53","10","61.22","0.29","30.66","6479.13","187700","100","20230131","2766","20230608","1720"
"7238","曙ブレーキ工業","東証PR","輸送用機器","19447","135992343","0","0","-","0.94","0","151.54","14300","100","20230126","155","20230531","128"
"7239","タチエス","東証PR","輸送用機器","55120","35242846","5.93","92.8","-","0.67","-","2346.9","156400","100","20230706","1611","20230104","1095"
"7240","NOK","東証PR","輸送用機器","368958","173138537","3.52","75","19.63","0.69","108.58","3082.93","213100","100","20230725","2139.5","20230116","1139"
"7241","フタバ産業","東証PR","輸送用機器","53480","89580827","3.02","18","9.71","0.57","61.5","1051.94","59700","100","20230725","604","20230105","342"
"7242","KYB","東証PR","輸送用機器","130030","25748431","3.96","200","6.45","0.76","782.79","6658.3","505000","100","20230706","5270","20230104","3290"
"7244","市光工業","東証PR","電気機器","51731","96334226","2.05","11","9.74","0.91","55.14","587.87","53700","100","20230619","618","20230116","350"
"7245","大同メタル工業","東証PR","輸送用機器","25566","47520253","1.49","8","126.59","0.41","4.25","1297.76","53800","100","20230707","584","20230531","461"
"7246","プレス工業","東証PR","輸送用機器","69392","108594270","4.07","26","8.45","0.66","75.64","972.37","63900","100","20230725","644","20230116","410"
"7247","ミクニ","東証PR","輸送用機器","17978","34049423","3.79","20","11.08","0.56","47.67","936.5","52800","100","20230706","540","20230316","309"
"7250","太平洋工業","東証PR","輸送用機器","84183","61312896","3.06","42","9.1","0.59","150.9","2309.07","137300","100","20230725","1374","20230116","980"
"7254","ユニバンス","東証ST","輸送用機器","9382","23396787","1.75","7","9.28","0.41","43.21","986.35","40100","100","20230308","486","20230213","345"
"7255","桜井製作所","東証ST","輸送用機器","2036","4000000","1.96","10","14.81","0.4","34.36","1276.45","50900","100","20230724","514","20230105","474"
"7256","河西工業","東証PR","輸送用機器","6757","39511728","0","0","-","0.58","-","296.83","17100","100","20230302","239","20230116","125"
"7259","アイシン","東証PR","輸送用機器","1387328","294674634","3.61","170","10.15","0.72","463.78","6497.86","470800","100","20230725","4716","20230320","3400"
"7261","マツダ","東証PR","輸送用機器","916432","631803979","3.1","45","7.03","0.63","206.36","2285.21","145050","100","20230725","1461","20230116","932"
"7264","ムロコーポレーション","東証ST","輸送用機器","7692","6546200","3.74","44","9.66","0.36","121.65","3266.36","117500","100","20230711","1196","20230110","1037"
"7265","エイケン工業","東証ST","輸送用機器","3695","1240000","3.69","110","30.71","0.54","97.03","5535.59","298000","100","20230706","3010","20230104","2481"
"7266","今仙電機製作所","東証PR","輸送用機器","14343","23475352","-","-","-","0.28","-87.71","2159.8","61100","100","20230307","864","20230718","585"
"7267","本田技研工業","東証PR","輸送用機器","8117011","1811428430","3.35","150","9.32","0.67","480.67","6719.93","448100","100","20230614","4583","20230116","2990"
"7268","タツミ","東証ST","輸送用機器","1542","6000000","-","-","38.53","0.63","6.67","411.01","25700","100","20230410","297","20230303","236"
"7269","スズキ","東証PR","輸送用機器","2739616","491146600","1.79","100","14.27","1.3","390.92","4275.47","557800","100","20230725","5608","20230116","4094"
"7270","SUBARU","東証PR","輸送用機器","2092928","769175873","2.79","76","9.94","0.99","273.8","2739.27","272100","100","20230704","2775","20230116","1938"
"7271","安永","東証PR","輸送用機器","12227","12938639","1.27","12","22.61","1.11","41.79","849.58","94500","100","20230307","1329","20230117","637"
"7272","ヤマハ発動機","東証PR","輸送用機器","1457955","350217467","3.12","130","8.8","1.36","473.07","3056.73","416300","100","20230703","4195","20230104","2913"
"7273","イクヨ","東証ST","輸送用機器","2091","1538500","1.47","20","8.42","0.4","161.33","3437.44","135900","100","20230221","1895","20230106","1317"
"7276","小糸製作所","東証PR","電気機器","854274","321578872","-","-","20.33","1.36","130.64","1955.44","265650","100","20230615","2866","20230104","1952"
"7277","TBK","東証PR","輸送用機器","12476","29424635","2.36","10","17.2","0.45","24.65","947.66","42400","100","20230705","437","20230105","228"
"7278","エクセディ","東証PR","輸送用機器","120755","48593736","4.83","120","16.67","0.52","149.08","4803.89","248500","100","20230725","2501","20230105","1585"
"7279","ハイレックスコーポレーション","東証ST","輸送用機器","45058","38216759","2.88","34","34.03","0.27","34.65","4419.91","117900","100","20230306","1356","20230106","1041"
"7280","ミツバ","東証PR","電気機器","38425","45581809","0.36","3","4.72","0.74","178.75","1143.28","84300","100","20230704","863","20230316","447"
"7282","豊田合成","東証PR","輸送用機器","371397","130086647","2.1","60","14.79","0.82","193.07","3463.17","285500","100","20230725","2864","20230116","1969"
"7283","愛三工業","東証PR","輸送用機器","73534","63173379","3.44","40","8.43","0.69","138.06","1688.64","116400","100","20230706","1206","20230116","669"
"7284","盟和産業","東証ST","輸送用機器","3555","3502859","4.93","50","22.2","0.32","45.72","3162.06","101500","100","20230706","1038","20230113","915"
"7287","日本精機","東証ST","輸送用機器","61517","60907599","3.96","40","33.86","0.31","29.83","3307.76","101000","100","20230725","1018","20230105","777"
"7291","日本プラスト","東証ST","輸送用機器","8967","19410000","2.71","12.5","22.09","0.34","20.91","1370.54","46200","100","20230523","470","20230215","388"
"7292","村上開明堂","東証ST","輸送用機器","37977","13100000","3.45","100","7.83","0.46","370.15","6260.36","289900","100","20230322","3150","20230106","2335"
"7294","ヨロズ","東証PR","輸送用機器","23803","25055636","2.74","26","15.29","0.36","62.13","2635.58","95000","100","20230703","962","20230104","676"
"7296","エフ・シー・シー","東証PR","輸送用機器","97918","52644030","3.23","60","9.63","0.58","193.05","3218.63","186000","100","20230706","1942","20230113","1316"
"7297","カーメイト","東証ST","輸送用機器","7215","7928885","3.3","30","12.89","0.44","70.6","2053.89","91000","100","20230309","1318","20230106","840"
"7298","八千代工業","東証ST","輸送用機器","33251","24042700","0","0","10.04","0.47","137.77","2912.29","138300","100","20230705","1447","20230207","924"
"7299","フジオーゼックス","東証ST","輸送用機器","6630","2055950","4.03","130","10.68","0.24","301.87","13336.12","322500","100","20230411","3685","20230105","2995"
"7305","新家工業","東証ST","鉄鋼","15180","6045326","4.78","120","10.75","0.44","233.6","5725.97","251100","100","20230724","2571","20230105","1915"
"7309","シマノ","東証PR","輸送用機器","2137570","90460000","1.21","285","30.79","2.84","767.51","8317.06","2363000","100","20230711","24840","20230426","19960"
"7313","テイ・エステック","東証PR","輸送用機器","250240","136000000","3.97","73","23.46","0.79","78.43","2343.38","184000","100","20230615","1943","20230105","1473"
"7314","小田原機器","東証ST","輸送用機器","1841","3146700","2.56","15","18.15","0.51","32.23","1158.36","58500","100","20230629","600","20230104","481"
"7315","IJTT","東証ST","輸送用機器","30132","49154282","4.08","25","12.5","0.36","49.03","1702.59","61300","100","20230705","635","20230105","497"
"7317","松屋アールアンドディ","東証GR","輸送用機器","10020","21140000","0.26","1.25","18.89","2.65","25.09","178.69","47400","100","20230703","525","20230104","265"
"7318","セレンディップ・ホールディングス","東証GR","輸送用機器","5893","4561441","0","0","24.28","1.25","53.22","1036.4","129200","100","20230330","1466","20230106","683"
"7320","日本リビング保証","東証GR","その他金融","11951","5118300","0.43","10","17.1","7.17","136.54","325.53","233500","100","20230705","2488","20230105","1886"
"7322","三十三フィナンシャルグループ","東証PR","銀行","43098","26167585","4.37","72","8.08","0.22","203.83","7486.03","164700","100","20230309","1811","20230601","1500"
"7325","アイリックコーポレーション","東証GR","保険","6453","8708000","2.02","15","460.25","1.73","1.61","427.98","74100","100","20230221","810","20230104","690"
"7326","SBIインシュアランスグループ","東証GR","保険","26012","24820530","1.43","15","18.99","0.67","55.2","1560.77","104800","100","20230131","1082","20230323","865"
"7327","第四北越フィナンシャルグループ","東証PR","銀行","150004","45942978","4.29","140","7.3","0.35","447.34","9245.5","326500","100","20230720","3340","20230111","2759"
"7330","レオス・キャピタルワークス","東証GR","証券・先物","16742","12374300","-","-","-","2.85","-","474.39","135300","100","20230425","1745","20230516","1180"
"7337","ひろぎんホールディングス","東証PR","銀行","260361","312370921","4.32","36","9.42","0.52","88.48","1603.3","83350","100","20230719","868","20230331","619"
"7338","インヴァスト","東証ST","証券・先物","4566","5876331","4.89","38","-","0.39","-","1995.38","77700","100","20230310","789","20230531","727"
"7342","ウェルスナビ","東証GR","証券・先物","63063","49037955","0","0","-","5.58","-","230.54","128600","100","20230620","1557","20230316","1096"
"7343","ブロードマインド","東証GR","保険","6311","5478416","2.08","24","13.41","1.74","85.93","663.49","115200","100","20230125","1249","20230110","927"
"7345","アイ・パートナーズフィナンシャル","東証GR","その他金融","1498","3452500","-","-","-","2.18","-24.13","199.1","43400","100","20230308","554","20230515","390"
"7347","マーキュリアホールディングス","東証PR","証券・先物","16391","21482700","2.75","21","8.9","0.93","85.72","816.19","76300","100","20230213","849","20230106","555"
"7350","おきなわフィナンシャルグループ","東証PR","銀行","48910","23016564","3.76","80","7.98","0.32","266.43","6704.99","212500","100","20230113","2493","20230512","2007"
"7351","グッドパッチ","東証GR","サービス","8290","9130380","0","0","40.77","2.13","22.27","427.18","90800","100","20230719","1165","20230106","546"
"7352","TWOSTONE＆Sons","東証GR","サービス","31752","20986080","0.07","1","188.89","34.55","8.01","43.79","151300","100","20230719","1611","20230320","785"
"7353","KIYOラーニング","東証GR","サービス","7067","6802000","0","0","87.98","10.22","11.81","101.7","103900","100","20230517","1321","20230106","556"
"7354","ダイレクトマーケティングミックス","東証PR","サービス","36229","47172800","2.34","18","9.45","2.53","81.24","302.96","76800","100","20230216","1800","20230725","766"
"7356","Retty","東証GR","サービス","2952","14910374","0","0","-","4.76","-39.36","41.6","19800","100","20230425","296","20230106","179"
"7357","ジオコード","東証ST","サービス","2239","2727700","-","-","-","1.89","-","433.55","82100","100","20230522","1293","20230113","515"
"7358","ポピンズ","東証PR","サービス","14391","10177300","2.83","40","16.04","1.82","88.17","776.51","141400","100","20230202","2150","20230725","1412"
"7359","東京通信グループ","東証GR","サービス","11097","10069890","0","0","-","13.64","-11.13","80.78","110200","100","20230309","2170","20230106","552"
"7360","オンデック","東証GR","サービス","2918","2863500","0","0","19.07","2.54","53.43","400.93","101900","100","20230113","1530","20230510","920"
"7361","ヒューマンクリエイションホールディングス","東証GR","サービス","5250","1926550","1.87","51","13.3","5.24","204.88","520.04","272500","100","20230626","2966","20230117","1832"
"7362","T.S.I","東証GR","サービス","2229","1533100","0","0","17.63","2.06","82.46","707.49","145400","100","20230213","2228","20230518","1300"
"7363","ベビーカレンダー","東証GR","サービス","1998","941700","0","0","37.52","2.34","56.56","906.1","212200","100","20230613","2884","20230104","1980"
"7366","LITALICO","東証PR","サービス","78243","35678512","-","-","23.69","10.94","92.57","200.43","219300","100","20230202","2856","20230106","2165"
"7367","セルム","東証ST","サービス","17158","13704400","1.36","17","24.18","4.63","51.77","270.51","125200","100","20230621","1370","20230106","560"
"7368","表示灯","東証ST","サービス","6726","4720245","4.21","60","16.29","0.92","87.5","1544.89","142500","100","20230725","1446","20230206","1222"
"7369","メイホーホールディングス","東証GR","サービス","5623","1564100","0","0","37.42","2.58","96.06","1393.45","359500","100","20230725","4520","20230214","1103"
"7370","Enjin","東証GR","サービス","9459","7253800","2.82","36.8","13.87","2.27","94.02","573.24","130400","100","20230113","1925","20230602","1054"
"7371","全研本社","東証GR","サービス","7740","12227200","3.16","20","20.57","0.62","30.77","1025.12","63300","100","20230124","763","20230706","567"
"7372","デコルテ・ホールディングス","東証GR","サービス","3901","5670000","0","0","6.58","0.76","104.55","902.3","68800","100","20230306","1348","20230712","655"
"7373","アイドマ・ホールディングス","東証GR","サービス","34656","15226840","0","0","26.63","6.64","85.47","342.97","227600","100","20230201","5100","20230714","2105"
"7374","コンフィデンス","東証GR","サービス","7998","4625800","-","-","-","3.97","-","435.27","172900","100","20230209","2100","20230713","1623"
"7375","リファインバースグループ","東証GR","サービス","6566","3338221","0","0","19.62","9.87","100.26","199.21","196700","100","20230126","2381","20230602","1584"
"7376","BCC","東証GR","サービス","2309","1113800","0","0","57.42","3.68","36.1","563.49","207300","100","20230621","2649","20230113","1450"
"7377","DNホールディングス","東証ST","サービス","11367","8420000","4.44","60","6.99","1","193.17","1348.99","135000","100","20230512","1548","20230106","1253"
"7378","アシロ","東証GR","サービス","6402","7350568","1.56","13.61","196.17","2.75","4.44","316.52","87100","100","20230704","980","20230112","628"
"7379","サーキュレーション","東証GR","サービス","7316","8342000","0","0","20.93","2.78","41.91","315.82","87700","100","20230118","1525","20230508","621"
"7380","十六フィナンシャルグループ","東証PR","銀行","125339","37924134","3.93","130","7.11","0.31","464.72","10626.43","330500","100","20230309","3410","20230327","2726"
"7381","北國フィナンシャルホールディングス","東証PR","銀行","114951","25208582","2.41","110","10.4","0.5","438.26","9149.42","456000","100","20230518","4980","20230323","3750"
"7383","ネットプロテクションズホールディングス","東証PR","その他金融","31189","96861285","0","0","-","1.71","-8.99","188.11","32200","100","20230216","630","20230707","312"
"7384","プロクレアホールディングス","東証PR","銀行","59009","28658957","2.43","50","27.83","0.36","73.98","5788.81","205900","100","20230201","2387","20230316","1995"
"7386","ジャパンワランティサポート","東証GR","その他金融","7493","2291400","0.92","30","16.56","3.91","197.49","836.78","327000","100","20230509","4270","20230105","2490"
"7388","FPパートナー","東証GR","保険","97175","23000000","1.78","75","25.71","9.38","164.31","450.35","422500","100","20230619","4955","20230106","1875"
"7389","あいちフィナンシャルグループ","東証PR","銀行","115001","49124671","4.27","100","20.45","0.36","114.46","6507.51","234100","100","20230302","2686","20230413","2042"
"7399","ナンシン","東証ST","輸送用機器","3931","7708000","3.92","20","13.8","0.3","36.95","1686.43","51000","100","20230509","588","20230120","461"
"7408","ジャムコ","東証PR","輸送用機器","42257","26863974","0.95","15","18.51","3.24","85","485.37","157300","100","20230220","1855","20230105","1273"
"7409","AeroEdge","東証GR","輸送用機器","17641","3702230","0","0","27.61","11.3","172.6","421.64","476500","100","20230710","7400","20230725","4360"
"7412","アトム","東証ST","小売","169364","193559297","-","-","444.16","28.24","1.97","30.98","87500","100","20230725","881","20230104","777"
"7413","創健社","東証ST","卸売","1403","705500","0.5","10","139.12","1.28","14.29","1557.9","198800","100","20230322","2300","20230713","1891"
"7414","小野建","東証PR","卸売","42806","25254114","4.78","81","6.32","0.47","268.33","3584.38","169500","100","20230725","1700","20230105","1439"
"7416","はるやまホールディングス","東証ST","小売","8407","16485078","3.04","15.5","33.38","0.35","15.28","1452.12","51000","100","20230515","536","20230118","430"
"7417","南陽","東証ST","卸売","14282","6615070","3.94","85","7.65","0.61","282.19","3562.4","215900","100","20230308","2378","20230105","1901"
"7419","ノジマ","東証PR","小売","142688","102579232","2.16","30","5.05","0.87","275.37","1596.29","139100","100","20230516","1557","20230209","1285"
"7420","佐鳥電機","東証PR","卸売","26777","17946826","4.69","70","12.27","0.73","121.55","2052.73","149200","100","20230307","1868","20230106","1219"
"7421","カッパ・クリエイト","東証PR","小売","75357","49414578","-","-","65.99","8.72","23.11","174.79","152500","100","20230515","1561","20230104","1363"
"7422","東邦レマック","東証ST","卸売","1412","512070","3.84","106","32.65","0.31","84.47","8882.85","275800","100","20230614","3300","20230329","2563"
"7425","初穂商事","東証ST","卸売","5482","1740330","2.7","85","5.93","0.65","531.59","4857.68","315000","100","20230707","3170","20230202","2050"
"7426","山大","東証ST","卸売","1215","1187368","2.93","30","6.85","0.3","149.44","3421.84","102300","100","20230609","1241","20230420","898"
"7427","エコートレーディング","東証ST","卸売","7111","6036546","2.04","24","11.34","0.72","103.88","1631.74","117800","100","20230720","1304","20230104","648"
"7433","伯東","東証PR","卸売","128874","23137213","5.03","280","19.28","1.63","288.87","3416.27","557000","100","20230704","5960","20230105","3845"
"7434","オータケ","東証ST","卸売","7181","4284500","1.97","33","9.31","0.48","180.01","3494.52","167600","100","20230627","1850","20230317","1514"
"7435","ナ・デックス","東証ST","卸売","10201","9605800","3.3","35","9.17","0.53","115.82","2013.22","106200","100","20230703","1195","20230206","830"
"7438","コンドーテック","東証PR","卸売","32246","26344400","3.27","40","10.75","1","113.82","1227.81","122400","100","20230711","1233","20230330","954"
"7442","中山福","東証ST","卸売","7014","20214480","2.88","10","16.34","0.31","21.23","1126.91","34700","100","20230329","355","20230119","319"
"7443","横浜魚類","東証ST","卸売","3315","6290000","0.57","3","65.96","1.52","7.99","347.15","52700","100","20230329","564","20230331","520"
"7444","ハリマ共和物産","東証ST","卸売","8679","5441568","2.57","41","5.83","0.39","273.53","4129.85","159500","100","20230512","1728","20230523","1527"
"7445","ライトオン","東証PR","小売","17542","29631500","0","0","-","1.19","-18.59","496.73","59200","100","20230711","632","20230118","550"
"7446","東北化学薬品","東証ST","卸売","3466","960000","2.49","90","7.74","0.47","466.14","7671.69","361000","100","20230501","3755","20230106","3220"
"7447","ナガイレーベン","東証PR","卸売","81264","35736000","2.64","60","23.19","1.71","98.06","1326.01","227400","100","20230616","2318","20230113","1830"
"7450","サンデー","東証ST","小売","14647","10770100","1.1","15","29.26","1.24","46.48","1099.26","136000","100","20230725","1361","20230117","1196"
"7451","三菱食品","東証ST","卸売","161958","43537200","3.49","130","9.23","0.88","402.87","4203.59","372000","100","20230526","3825","20230117","2962"
"7453","良品計画","東証PR","小売","504281","280780000","2.23","40","25.49","1.9","70.45","944.34","179600","100","20230725","1838","20230302","1310"
"7455","パリミキホールディングス","東証PR","小売","18275","56057474","1.84","6","27.14","0.6","12.01","542.74","32600","100","20230328","355","20230116","252"
"7456","松田産業","東証PR","卸売","61970","26908581","2.61","60","9.24","0.71","249.18","3238.61","230300","100","20230308","2449","20230601","2050"
"7458","第一興商","東証PR","卸売","309960","109468400","2.01","57","28.89","2.9","98","974.95","283150","100","20230725","2838","20230116","1850"
"7459","メディパルホールディングス","東証PR","卸売","543366","225463242","2.49","60","14.38","0.9","167.65","2673.62","241000","100","20230721","2432","20230113","1663"
"7460","ヤギ","東証ST","卸売","12376","9140000","3.55","48","7.49","0.31","180.83","4373.24","135400","100","20230720","1363","20230104","1110"
"7461","キムラ","東証ST","卸売","8243","15180000","2.58","14","6.62","0.56","81.98","966.99","54300","100","20230104","606","20230331","500"
"7462","CAPITA","東証ST","小売","1538","4111000","0.53","2","38.52","0.9","9.71","413.58","37400","100","20230202","468","20230511","325"
"7463","アドヴァングループ","東証ST","小売","53544","53812692","4.02","40","10.89","0.82","91.35","1215.19","99500","100","20230706","1073","20230110","808"
"7464","セフテック","東証ST","卸売","4200","500000","4.05","340","6.9","0.57","1218.04","14734.94","840000","100","20230404","8690","20230104","7660"
"7466","SPK","東証PR","卸売","18869","10453800","2.77","50","8.43","0.82","214.1","2208.26","180500","100","20230508","1898","20230105","1365"
"7467","萩原電気ホールディングス","東証PR","卸売","30601","9503300","4.5","145","7.31","0.69","440.2","4672.91","322000","100","20230515","3600","20230105","2381"
"7472","鳥羽洋行","東証ST","卸売","15604","4700000","3.61","120","10.58","0.69","313.71","4811.67","332000","100","20230718","3350","20230104","2782"
"7475","アルビス","東証PR","小売","22594","9255926","2.87","70","16.99","0.7","143.68","3494.36","244100","100","20230425","2580","20230531","2344"
"7476","アズワン","東証PR","卸売","221036","40276270","1.84","101","27.02","3.1","203.11","1767.66","548800","100","20230209","6150","20230320","5150"
"7477","ムラキ","東証ST","卸売","1923","1470000","1.53","20","15.47","0.76","84.53","1719.6","130800","100","20230130","1651","20230515","1278"
"7480","スズデン","東証ST","卸売","32206","14652600","5.19","114","15.53","1.65","141.49","1329.89","219800","100","20230309","2877","20230713","2146"
"7481","尾家産業","東証ST","卸売","12300","9255000","3.01","40","8.41","1.09","158.05","1220.5","132900","100","20230704","1390","20230105","896"
"7482","シモジマ","東証PR","卸売","25932","24257826","2.06","22","15.57","0.76","68.66","1399.7","106900","100","20230509","1168","20230116","905"
"7483","ドウシシャ","東証PR","卸売","84731","37375636","3.09","70","12.69","0.99","178.67","2283.42","226700","100","20230703","2355","20230116","1590"
"7486","サンリン","東証ST","卸売","8143","12300000","3.32","22","10.16","0.43","65.14","1533.74","66200","100","20230206","719","20230519","653"
"7487","小津産業","東証PR","卸売","13387","8435225","1.58","25","35.06","0.74","45.27","2145.03","158700","100","20230404","1812","20230116","1480"
"7490","日新商事","東証ST","卸売","6931","7600000","1.97","18","20.3","0.31","44.93","2961.71","91200","100","20230307","975","20230330","889"
"7494","コナカ","東証PR","小売","12428","31146685","5.01","20","-","0.58","-8.51","689.21","39900","100","20230704","412","20230104","335"
"7500","西川計測","東証ST","卸売","20183","3432475","2.38","140","13.22","1.34","444.68","4376.11","588000","100","20230404","6240","20230116","4785"
"7501","ティムコ","東証ST","卸売","2555","3339995","1.57","12","14.8","0.41","51.69","1886.57","76500","100","20230120","983","20230316","720"
"7502","プラザホールディングス","東証ST","サービス","5548","13836258","2.49","10","96.86","2.1","4.14","191.3","40100","100","20230328","437","20230104","388"
"7504","高速","東証PR","卸売","42976","20973920","2.34","48","12.85","1.15","159.48","1774.37","204900","100","20230510","2192","20230106","1655"
"7505","扶桑電通","東証ST","卸売","9683","6960980","2.95","41","16.16","0.75","86.08","1855.11","139100","100","20230724","1425","20230412","1025"
"7506","ハウスオブローゼ","東証ST","小売","7553","4703063","1.56","25","30.57","1.32","52.53","1221.03","160600","100","20230329","1681","20230530","1600"
"7508","G-7ホールディングス","東証PR","小売","54903","44063754","3.21","40","9.98","2.05","124.82","607.25","124600","100","20230104","1649","20230707","1191"
"7509","アイエーグループ","東証ST","小売","6055","1645360","3.26","120","5.34","0.4","688.51","9186.82","368000","100","20230725","3680","20230105","3270"
"7510","たけびし","東証PR","卸売","27740","15961000","3.34","58","10.01","0.78","173.56","2230.29","173800","100","20230403","1770","20230116","1512"
"7512","イオン北海道","東証ST","小売","120041","139420284","1.39","12","24.96","1.8","34.49","477.55","86100","100","20230110","1121","20230407","772"
"7513","コジマ","東証PR","小売","50098","77912716","2.18","14","16.01","0.79","40.17","815.5","64300","100","20230725","667","20230111","526"
"7514","ヒマラヤ","東証PR","小売","11803","12320787","2.71","26","7.95","0.7","120.56","1376.58","95800","100","20230704","975","20230320","909"
"7515","マルヨシセンター","東証ST","小売","2754","934999","1.02","30","18.23","0.94","161.58","3133.5","294500","100","20230614","3080","20230330","2770"
"7516","コーナン商事","東証PR","小売","119827","34682113","2.75","95","7.79","0.68","443.46","5071.59","345500","100","20230519","3795","20230314","3080"
"7518","ネットワンシステムズ","東証PR","情報通信","250884","83267300","2.85","86","14.57","3.27","206.84","920.08","301300","100","20230127","3580","20230316","2880"
"7520","エコス","東証PR","小売","23647","11648917","2.71","55","10.28","1.11","197.43","1821.74","203000","100","20230719","2078","20230320","1795"
"7521","ムサシ","東証ST","卸売","13682","7950000","1.39","24","38.83","0.41","44.32","4211.39","172100","100","20230615","1905","20230106","1438"
"7522","ワタミ","東証PR","小売","38118","42684880","-","-","24.63","6.9","36.26","129.4","89300","100","20230126","991","20230316","873"
"7523","アールビバン","東証ST","小売","13129","12999016","5.94","60","9.22","0.72","109.56","1405.48","101000","100","20230724","1030","20230106","577"
"7524","マルシェ","東証ST","小売","2189","8550400","-","-","-","32.95","-","7.77","25600","100","20230511","440","20230720","246"
"7525","リックス","東証PR","卸売","27130","8640000","3.82","120","10.44","1.19","300.68","2632.88","314000","100","20230703","3350","20230105","2093"
"7527","システムソフト","東証PR","情報通信","6956","84834140","-","-","63.08","1.25","1.3","65.66","8200","100","20230104","94","20230523","73"
"7531","清和中央ホールディングス","東証ST","卸売","5563","3945100","1.77","25","12.62","0.36","111.74","3971.36","141000","100","20230330","1789","20230627","1399"
"7532","パン・パシフィック・インターナショナルホールディングス","東証PR","小売","1725023","634666240","0.66","18","26.14","3.7","103.96","735.31","271800","100","20230724","2810","20230116","2241"
"7537","丸文","東証PR","卸売","34138","28051200","4.11","50","10.6","0.67","114.79","1826.99","121700","100","20230309","1572","20230106","891"
"7538","大水","東証ST","卸売","4160","13774819","1.66","5","6.75","0.49","44.72","613.68","30200","100","20230519","457","20230330","248"
"7539","アイナボホールディングス","東証ST","卸売","13628","11647820","3.93","46","8.2","0.57","142.66","2066.78","117000","100","20230705","1235","20230131","974"
"7544","スリーエフ","東証ST","小売","2420","7707095","3.18","10","79.29","0.68","3.96","460.9","31400","100","20230501","354","20230330","279"
"7545","西松屋チェーン","東証PR","小売","118858","69588856","1.52","26","11.05","1.29","154.58","1324.72","170800","100","20230724","1771","20230113","1473"
"7550","ゼンショーホールディングス","東証PR","小売","1108198","154862825","0.56","40","47.23","9.4","151.51","761.63","715600","100","20230725","7172","20230104","3215"
"7551","ウェッズ","東証ST","輸送用機器","10493","16118166","4.15","27","7.3","0.69","89.16","941.53","65100","100","20230227","789","20230104","497"
"7552","ハピネット","東証PR","卸売","52237","24050000","2.3","50","13.03","1.08","166.75","2014.27","217200","100","20230629","2240","20230406","1790"
"7554","幸楽苑ホールディングス","東証PR","小売","17060","16774841","-","-","764.66","18.3","1.33","55.58","101700","100","20230518","1110","20230623","997"
"7555","大田花き","東証ST","卸売","4395","5500000","1.5","12","27.66","0.82","28.89","969.89","79900","100","20230512","1060","20230601","737"
"7559","ジーエフシー","東証ST","卸売","8544","5769040","1.55","23","22.43","0.5","66.02","2967.1","148100","100","20230710","1689","20230207","1350"
"7561","ハークスレイ","東証PR","小売","14509","22050064","2.74","18","8.65","0.54","76.09","1226.1","65800","100","20230130","849","20230601","605"
"7562","安楽亭","東証ST","小売","15340","2139434","0","0","55.73","3.32","128.65","2161.89","717000","100","20230303","7300","20230105","6920"
"7564","ワークマン","東証ST","小売","404733","81846816","1.38","68","22.98","3.53","215.21","1399.78","494500","100","20230301","5900","20230707","4730"
"7565","萬世電機","東証ST","卸売","7337","2300000","-","-","13.77","0.59","231.67","5391.45","319000","100","20230419","3835","20230518","2897"
"7567","栄電子","東証ST","卸売","2275","5090000","1.79","8","14.55","0.55","30.72","814.95","44700","100","20230308","600","20230516","410"
"7570","橋本総業ホールディングス","東証PR","卸売","26190","21293052","3.41","42","8.91","0.89","138.09","1386.44","123000","100","20230622","1307","20230105","1004"
"7571","ヤマノホールディングス","東証ST","小売","2508","35830058","2.14","1.5","17.46","1.83","4.01","38.18","7000","100","20230207","88","20230517","63"
"7575","日本ライフライン","東証PR","卸売","81925","82919976","3.85","38","11.23","1.37","87.96","721.2","98800","100","20230522","1095","20230116","885"
"7578","ニチリョク","東証ST","小売","5691","16030005","0","0","20.64","1.23","17.2","289.11","35500","100","20230705","448","20230316","109"
"7581","サイゼリヤ","東証PR","小売","227907","52272342","0.41","18","50.67","2.27","86.05","1924.29","436000","100","20230725","4395","20230106","2906"
"7585","かんなん丸","東証ST","小売","1701","4351308","-","-","-","1.73","-78.71","225.63","39100","100","20230510","464","20230117","360"
"7590","タカショー","東証PR","卸売","11768","17590114","2.39","16","17.85","0.89","37.48","751.99","66900","100","20230523","753","20230721","661"
"7593","VTホールディングス","東証PR","小売","63272","119381034","4.53","24","8.2","0.95","64.66","556.1","53000","100","20230629","553","20230104","464"
"7595","アルゴグラフィックス","東証PR","情報通信","79580","22354000","2.25","80","13.75","1.81","258.92","1961.49","356000","100","20230605","4230","20230406","3450"
"7596","魚力","東証PR","小売","31491","14620000","2.23","48","34.94","1.84","61.64","1169.53","215400","100","20230703","2248","20230314","2070"
"7599","IDOM","東証PR","卸売","87114","106888000","4.39","35.8","6.82","1.34","119.51","610.48","81500","100","20230712","984","20230104","647"
"7600","日本エム・ディ・エム","東証PR","精密機器","25708","26475880","1.44","14","17.03","1.1","57.03","880.64","97100","100","20230501","1153","20230116","810"
"7601","ポプラ","東証ST","小売","2747","11787822","0","0","10.29","17.72","22.65","13.15","23300","100","20230502","399","20230316","129"
"7602","カーチスホールディングス","東証ST","卸売","4649","24087009","-","-","22.84","0.85","8.45","227.79","19300","100","20230417","264","20230327","184"
"7603","マックハウス","東証ST","小売","6083","15597638","0","0","-","1.61","-48.51","242.02","39000","100","20230714","393","20230227","372"
"7604","梅の花","東証ST","小売","7725","8209200","1.06","10","23.42","17.72","40.18","53.1","94100","100","20230316","990","20230328","894"
"7605","フジ・コーポレーション","東証PR","小売","35287","19970000","1.41","25","9.22","1.39","191.72","1275.22","176700","100","20230720","1812","20230222","1216"
"7606","ユナイテッドアローズ","東証PR","小売","72694","30213676","2.29","55","14.19","2.03","169.5","1182.72","240600","100","20230705","2560","20230117","1631"
"7607","進和","東証PR","卸売","31944","14415319","3.25","72","9.88","0.78","224.35","2825.85","221600","100","20230710","2426","20230106","1951"
"7608","エスケイジャパン","東証ST","卸売","5705","8490103","2.08","14","13.25","1.31","50.71","513.3","67200","100","20230719","720","20230314","504"
"7609","ダイトロン","東証PR","卸売","34249","11155979","3.75","115","8.74","1.27","351.34","2417.11","307000","100","20230704","3265","20230105","2177"
"7610","テイツー","東証ST","小売","14831","68664338","1.85","4","12.68","2.46","17.03","87.91","21600","100","20230614","245","20230119","123"
"7611","ハイデイ日高","東証PR","小売","96207","38147116","1.15","29","51.77","4.09","48.72","616.73","252200","100","20230725","2573","20230110","1870"
"7613","シークス","東証PR","卸売","76306","50400000","2.11","32","9.3","0.9","162.78","1683.95","151400","100","20230622","1638","20230106","1220"
"7614","オーエムツーネットワーク","東証ST","小売","8803","7335634","2","24","9.85","0.52","121.84","2301.58","120000","100","20230512","1252","20230316","1060"
"7615","YU-WA_Creation_Holdings","東証ST","小売","2300","12498200","3.26","6","55.76","0.5","3.3","366.71","18400","100","20230310","209","20230720","184"
"7616","コロワイド","東証PR","小売","179282","86903541","0.24","5","158.21","6.57","13.04","314.11","206300","100","20230516","2172","20230105","1724"
"7618","ピーシーデポコーポレーション","東証PR","小売","25259","52622400","-","-","-","0.92","-","523.44","48000","100","20230620","480","20230105","267"
"7619","田中商事","東証ST","卸売","5767","8832000","-","-","6.04","0.41","108.03","1600.78","65300","100","20230515","663","20230106","546"
"7621","うかい","東証ST","小売","20716","5606540","0.41","15","39.15","5.31","94.38","695.57","369500","100","20230623","3900","20230116","3060"
"7623","サンオータス","東証ST","小売","2022","3230500","3.04","19","7.22","0.64","86.74","972.23","62600","100","20230302","1024","20230104","417"
"7624","NaITO","東証ST","卸売","8109","54789510","2.7","4","16.21","0.65","9.13","228.94","14800","100","20230127","163","20230329","147"
"7625","グローバルダイニング","東証ST","小売","3962","10370800","0","0","13.16","1.08","29.03","353.82","38200","100","20230125","431","20230519","340"
"7628","オーハシテクニカ","東証PR","卸売","21640","13678960","3.79","60","14.2","0.61","111.41","2610.06","158200","100","20230523","1645","20230104","1377"
"7630","壱番屋","東証PR","小売","174954","31926000","1.46","80","60.72","5.8","90.25","944.78","548000","100","20230627","5810","20230110","4545"
"7634","星医療酸器","東証ST","卸売","14296","3420000","1.67","70","9.87","0.85","423.65","4931.68","418000","100","20230718","4280","20230310","3810"
"7635","杉田エース","東証ST","卸売","5605","5374000","3.84","40","8.68","0.52","120.22","2024.11","104300","100","20230511","1050","20230331","983"
"7636","ハンズマン","東証ST","小売","15250","14509800","2.85","30","12.82","0.86","81.98","1215.23","105100","100","20230207","1377","20230106","942"
"7637","白銅","東証PR","卸売","26884","11343300","3.25","77","12.5","1.27","189.56","1869.66","237000","100","20230508","2752","20230713","2248"
"7638","NEW_ARTホールディングス","東証ST","小売","29462","16626375","5.64","100","13.62","2.9","130.14","611.54","177200","100","20230323","1895","20230616","1486"
"7640","トップカルチャー","東証ST","小売","2461","12688000","3.09","6","-","2.6","-","74.59","19400","100","20230214","208","20230106","178"
"7643","ダイイチ","東証ST","小売","9608","11438640","2.5","21","10.15","0.63","82.79","1340.91","84000","100","20230502","949","20230120","753"
"7646","PLANT","東証ST","小売","6148","8090000","2.89","22","5.96","0.35","127.51","2166.83","76000","100","20230724","817","20230112","639"
"7647","音通","東証ST","小売","5891","203142645","0.83","0.24","29.59","1.99","0.98","14.54","2900","100","20230602","34","20230124","25"
"7649","スギホールディングス","東証PR","小売","391131","63330838","1.3","80","18.63","1.7","331.58","3642.58","617600","100","20230628","6723","20230302","5410"
"7670","オーウエル","東証ST","卸売","8610","10500000","3.9","32","10.46","0.44","78.38","1877.62","82000","100","20230307","1014","20230116","510"
"7671","AmidAホールディングス","東証GR","小売","1986","4208200","3.92","18.5","8.87","0.85","53.23","554.68","47200","100","20230621","529","20230123","435"
"7673","ダイコー通産","東証ST","卸売","6026","5332780","4.34","49","9.13","0.8","123.77","1408.53","113000","100","20230525","1358","20230116","1050"
"7674","NATTY_SWANKYホールディングス","東証GR","小売","8640","2187460","-","-","30.77","5.43","128.38","727.24","395000","100","20230614","4230","20230130","3000"
"7676","グッドスピード","東証GR","小売","5641","3780800","0.67","10","20.42","1.81","73.05","824.18","149200","100","20230111","2333","20230515","1030"
"7677","ヤシマキザイ","東証ST","卸売","6250","2880000","1.15","25","13.43","0.7","161.59","3105.63","217000","100","20230627","2174","20230331","1977"
"7678","あさくま","東証ST","小売","8728","5384070","-","-","81.25","3.63","19.95","446.47","162100","100","20230307","1650","20230410","1560"
"7679","薬王堂ホールディングス","東証PR","小売","50377","19740219","1.02","26","14.99","1.65","170.25","1551.01","255200","100","20230111","2919","20230407","2274"
"7681","レオクラン","東証ST","卸売","5488","1960800","1.79","50","15.24","1.01","183.61","2768.37","279900","100","20230711","2848","20230309","2339"
"7682","浜木綿","東証ST","小売","7618","1077500","0.28","20","691.78","5.02","10.22","1409.26","707000","100","20230713","7480","20230111","4435"
"7683","ダブルエー","東証GR","小売","22682","4765140","0.74","35","23.52","2.59","202.34","1840.27","476000","100","20230719","4900","20230105","2707"
"7685","BuySell_Technologies","東証GR","卸売","73208","14583240","0.5","25","26.09","9","192.41","557.57","502000","100","20230214","6840","20230427","4420"
"7686","カクヤスグループ","東証ST","卸売","18215","9597000","-","-","15.45","6.31","122.87","300.83","189800","100","20230713","2135","20230417","1283"
"7687","ミクリード","東証GR","卸売","3129","2179000","1.02","14.7","19.55","3.12","73.46","460.51","143600","100","20230705","1477","20230316","855"
"7689","コパ・コーポレーション","東証GR","卸売","1926","2963000","0","0","275.42","0.72","2.36","904.52","65000","100","20230127","733","20230530","639"
"7692","アースインフィニティ","東証ST","小売","19713","110131200","0.47","0.84","49.72","23.28","3.6","7.69","17900","100","20230414","890","20230130","121"
"7694","いつも","東証GR","小売","4731","5833000","0","0","18.9","2.14","42.92","378.93","81100","100","20230508","1310","20230206","663"
"7695","交換できるくん","東証GR","小売","6914","2274400","0","0","36.22","6.57","83.92","462.68","304000","100","20230104","4540","20230721","3000"
"7698","アイスコ","東証ST","卸売","3071","1931500","1.89","30","14.93","0.97","106.5","1644.18","159000","100","20230619","1666","20230111","1303"
"7699","オムニ・プラス・システム・リミテッド（外国株）","東証GR","卸売","-","-","-","-","-","-","-","-","58000","100","20230725","644","20230320","482"
"7701","島津製作所","東証PR","精密機器","1285833","296070227","1.29","56","24.15","3.02","179.86","1437.19","434300","100","20230616","4637","20230105","3570"
"7702","JMS","東証PR","精密機器","14395","24733466","2.92","17","17.79","0.37","32.72","1575.95","58200","100","20230704","608","20230106","483"
"7705","ジーエルサイエンス","東証ST","精密機器","27348","11190000","2.45","60","7.96","0.84","307.02","2913.37","244400","100","20230517","2490","20230104","2251"
"7707","プレシジョン・システム・サイエンス","東証GR","精密機器","9877","27666900","-","-","-","1.68","-30.76","212.26","35700","100","20230124","425","20230602","330"
"7709","クボテック","東証ST","精密機器","4149","13830000","0","0","-","5.74","-20.34","52.31","30000","100","20230711","466","20230112","199"
"7711","助川電気工業","東証ST","精密機器","7249","5870000","2.27","28","23.74","2.03","52.02","609.8","123500","100","20230111","1712","20230407","1212"
"7713","シグマ光機","東証ST","精密機器","12160","7552628","2.61","42","11.88","0.7","135.55","2293.4","161000","100","20230705","1735","20230120","1470"
"7715","長野計器","東証PR","精密機器","40421","19432984","1.73","36","9.9","1.22","210.06","1707.13","208000","100","20230703","2442","20230106","1067"
"7716","ナカニシ","東証ST","精密機器","304458","94259400","1.49","48","25.05","2.98","128.96","1083.51","323000","100","20230629","3330","20230104","2441"
"7717","ブイ・テクノロジー","東証PR","精密機器","24520","10057600","2.46","60","42.86","0.7","56.88","3475.25","243800","100","20230411","3170","20230316","2329"
"7718","スター精密","東証PR","機械","74908","42465134","3.4","60","8.21","0.89","214.86","1987.48","176400","100","20230523","1906","20230106","1560"
"7719","東京衡機","東証ST","精密機器","1248","7133791","0","0","15.6","0.88","11.22","198.71","17500","100","20230425","370","20230403","132"
"7721","東京計器","東証PR","精密機器","22387","17076439","2.48","32.5","17.79","0.65","73.71","2005.89","131100","100","20230703","1346","20230427","1183"
"7722","国際計測器","東証ST","精密機器","7540","14200000","3.77","20","91.24","0.66","5.82","801.91","53100","100","20230306","543","20230104","480"
"7723","愛知時計電機","東証PR","精密機器","23870","15420000","3.36","52","8.16","0.62","189.62","2510.14","154800","100","20230615","1687","20230110","1315"
"7725","インターアクション","東証PR","精密機器","13110","11510200","2.19","25","18.85","1.22","60.44","934.91","113900","100","20230112","1610","20230725","1117"
"7726","黒田精工","東証ST","機械","8648","5693135","2.3","35","15.42","0.82","98.5","1849.56","151900","100","20230207","2015","20230516","1431"
"7727","オーバル","東証PR","精密機器","10315","26180000","2.28","9","10.9","0.64","36.15","618.87","39400","100","20230224","515","20230602","371"
"7729","東京精密","東証PR","精密機器","313667","41990181","2.28","170","17.74","2.09","421.07","3573.81","747000","100","20230705","8300","20230104","4215"
"7730","マニー","東証PR","精密機器","199681","106981502","1.77","33","36.76","3.91","50.78","477.12","186650","100","20230104","2013","20230707","1602"
"7731","ニコン","東証PR","精密機器","642675","351476686","2.73","50","18.08","1.03","101.11","1776.47","182850","100","20230703","1944","20230105","1154"
"7732","トプコン","東証PR","精密機器","222324","108265842","2.05","42","19.66","2.27","104.47","905.17","205350","100","20230703","2164","20230104","1460"
"7733","オリンパス","東証PR","精密機器","2895751","1266178700","0.79","18","8.53","4.48","268.04","510.62","228700","100","20230418","2532","20230531","2100"
"7734","理研計器","東証PR","精密機器","126586","23661000","1.5","80","14.32","1.97","373.66","2722.26","535000","100","20230704","6050","20230106","4035"
"7735","SCREENホールディングス","東証PR","電気機器","775384","50794866","2.41","368","12.48","2.41","1223.37","6325.44","1526500","100","20230704","16865","20230104","8250"
"7739","キヤノン電子","東証PR","電気機器","79813","42206540","-","-","11.03","0.71","171.51","2644.78","189100","100","20230628","2095","20230106","1489"
"7740","タムロン","東証PR","精密機器","102258","23400000","2.86","125","10.91","1.49","400.61","2925.35","437000","100","20230725","4390","20230105","2855"
"7741","HOYA","東証PR","精密機器","5610533","354088520","-","-","-","6.85","-","2311.72","1584500","100","20230605","18350","20230106","12265"
"7743","シード","東証PR","精密機器","14970","25033422","2.01","12","21.39","1.26","27.96","473.83","59800","100","20230508","612","20230105","491"
"7744","ノーリツ鋼機","東証PR","精密機器","89066","36190872","1.99","49","20.41","0.45","120.59","5429.32","246100","100","20230724","2518","20230217","2068"
"7745","A＆Dホロンホールディングス","東証PR","精密機器","51179","27845208","1.9","35","9.87","1.55","186.15","1183.98","183800","100","20230725","1943","20230105","974"
"7746","岡本硝子","東証ST","精密機器","3752","23305543","0","0","37.44","2.44","4.3","65.89","16100","100","20230721","174","20230601","129"
"7747","朝日インテック","東証PR","精密機器","772933","271633600","0.48","13.71","62.31","6.03","45.67","471.87","284550","100","20230519","2912","20230106","2019"
"7749","メディキット","東証ST","精密機器","48597","18880000","2.72","70","16.76","0.91","153.57","2817.2","257400","100","20230706","2687","20230424","2363"
"7751","キヤノン","東証PR","電気機器","5014951","1333763464","3.19","120","13.4","1.22","280.69","3094.57","376000","100","20230622","3912","20230116","2754"
"7752","リコー","東証PR","電気機器","764950","609521978","2.87","36","15.29","0.82","82.09","1529.46","125500","100","20230615","1272","20230116","937"
"7760","IMV","東証ST","精密機器","9835","16957016","1.72","10","13.7","1.08","42.35","537.08","58000","100","20230712","602","20230106","414"
"7762","シチズン時計","東証PR","精密機器","222384","246000000","4.42","40","11.69","1.04","77.32","866.68","90400","100","20230704","921","20230106","561"
"7769","リズム","東証PR","精密機器","13064","8385093","3.11","48.5","16.08","0.45","96.89","3496.81","155800","100","20230515","2087","20230116","1499"
"7771","日本精密","東証ST","精密機器","1957","22238299","0","0","22.56","1.54","3.9","57.28","8800","100","20230202","118","20230106","77"
"7774","ジャパン・ティッシュエンジニアリング","東証GR","精密機器","22660","40610200","0","0","301.62","3.82","1.85","146.2","55800","100","20230424","684","20230104","456"
"7775","大研医器","東証PR","精密機器","16334","31840000","3.9","20","16.37","2.24","31.33","228.91","51300","100","20230530","530","20230116","442"
"7776","セルシード","東証GR","精密機器","7948","28385419","0","0","-","4.82","-31.26","58.06","28000","100","20230324","984","20230104","158"
"7777","スリー・ディー・マトリックス","東証GR","精密機器","10331","65384509","0","0","-","686.96","-29.9","0.23","15800","100","20230113","346","20230502","149"
"7779","CYBERDYNE","東証GR","精密機器","41371","137445809","-","-","-","1.51","-","199.32","30100","100","20230621","357","20230517","255"
"7780","メニコン","東証PR","精密機器","190722","76564388","1","25","24.9","2.61","100.03","953.74","249100","100","20230216","3060","20230707","2366"
"7781","平山ホールディングス","東証ST","精密機器","6651","7852800","2.95","25","11.92","1.59","71.07","533.85","84700","100","20230609","978","20230106","666"
"7782","シンシア","東証ST","精密機器","4001","6862200","1.72","10","17.92","1.78","32.53","326.9","58300","100","20230306","622","20230118","487"
"7791","ドリームベッド","東証ST","その他製品","3526","4152820","3.77","32","7.74","0.86","109.72","987.6","84900","100","20230721","879","20230214","706"
"7792","コラントッテ","東証GR","その他製品","8900","8980500","2.02","20","13.07","2.9","75.83","341.19","99100","100","20230224","1345","20230110","801"
"7793","イメージ・マジック","東証GR","その他製品","2590","2312353","0","0","60.22","1.97","18.6","567.99","112000","100","20230406","2105","20230105","698"
"7794","イーディーピー","東証GR","その他製品","31880","13135400","0","0","31.69","6.46","76.59","375.74","242700","100","20230208","6050","20230602","1828"
"7795","KYORITSU","東証ST","その他製品","8912","49235000","3.31","6","8.38","0.49","21.59","370.55","18100","100","20230721","197","20230116","117"
"7800","アミファ","東証ST","その他製品","2222","3235000","3.49","24","21.79","0.87","31.53","785.17","68700","100","20230710","687","20230123","611"
"7803","ブシロード","東証GR","その他製品","53656","71256550","0.53","4","23.05","2.63","32.67","285.95","75300","100","20230517","969","20230106","638"
"7804","ビーアンドピー","東証ST","その他製品","3312","2300000","2.64","38","12.62","1.11","114.1","1301.47","144000","100","20230615","1547","20230104","1087"
"7805","プリントネット","東証ST","その他製品","4232","5460400","1.55","12","10.23","1.04","75.79","745.71","77500","100","20230714","820","20230111","496"
"7806","MTG","東証GR","その他製品","62344","40092368","0.64","10","38.29","1.47","40.61","1056.31","155500","100","20230201","1633","20230301","1288"
"7807","幸和製作所","東証ST","その他製品","4807","4986790","1.14","11","10.18","1.81","94.65","533.52","96400","100","20230718","1055","20230104","656"
"7808","シー・エス・ランバー","東証ST","その他製品","5837","1850100","2.54","80","3.47","0.65","908.18","4860.17","315500","100","20230501","3300","20230106","2606"
"7809","壽屋","東証ST","その他製品","20687","8440200","1.22","30","12.07","3.27","203.08","748.48","245100","100","20230207","4627","20230721","2351"
"7810","クロスフォー","東証ST","その他製品","4294","17745000","0.31","0.75","-","2.24","-18.26","108.16","24200","100","20230711","249","20230116","191"
"7811","中本パックス","東証PR","その他製品","13298","8173320","3.81","62","10.61","0.86","153.32","1895.23","162700","100","20230623","1708","20230411","1510"
"7812","クレステック","東証ST","その他製品","6745","3248900","3.95","82","7.62","1","272.53","2066.1","207600","100","20230627","2175","20230111","1189"
"7813","プラッツ","東証GR","その他製品","2448","3726000","1.22","8","23.24","0.78","28.27","843.88","65700","100","20230622","738","20230222","604"
"7814","日本創発グループ","東証ST","その他製品","36092","55271736","1.68","11","14.32","2.32","45.6","281.77","65300","100","20230725","660","20230110","483"
"7815","東京ボード工業","東証ST","その他製品","1995","3660369","0","0","-","0.64","-123.85","848.35","54500","100","20230403","770","20230619","499"
"7816","スノーピーク","東証PR","その他製品","66249","38140000","0.69","12","23.06","4.38","75.34","396.43","173700","100","20230110","2433","20230724","1708"
"7817","パラマウントベッドホールディングス","東証PR","その他製品","142407","61754974","2.69","62","13.72","1.04","168.12","2207.86","230600","100","20230104","2568","20230707","2251"
"7818","トランザクション","東証PR","その他製品","52905","29375400","1.78","32","17.15","3.49","104.99","515.75","180100","100","20230703","2080","20230104","1156"
"7819","粧美堂","東証PR","その他製品","5579","13410000","2.4","10","14.46","0.96","28.77","433.24","41600","100","20230629","500","20230116","341"
"7820","ニホンフラッシュ","東証PR","その他製品","24258","25060000","3.72","36","10.55","0.77","91.79","1261.8","96800","100","20230515","1100","20230105","852"
"7821","前田工繊","東証PR","その他製品","100329","32260200","0.9","28","19.84","2.31","156.79","1348","311000","100","20230214","3430","20230526","2971"
"7822","永大産業","東証ST","その他製品","10199","46783800","4.59","10","-","0.24","-4.53","918.88","21800","100","20230309","239","20230601","205"
"7823","アートネイチャー","東証PR","その他製品","27274","34393200","3.53","28","12.03","1","65.9","790.26","79300","100","20230509","800","20230116","727"
"7826","フルヤ金属","東証ST","その他製品","80717","7265212","2.3","255","8.16","1.86","1361.01","5980","1111000","100","20230622","12670","20230106","8670"
"7827","オービス","東証ST","その他製品","2342","1760787","3.76","50","4.07","0.49","327.15","2704.26","133000","100","20230725","1331","20230113","1055"
"7829","サマンサタバサジャパンリミテッド","東証GR","その他製品","10931","65851417","0","0","38.6","7.05","4.3","23.54","16600","100","20230711","168","20230405","87"
"7831","ウイルコホールディングス","東証ST","その他製品","3254","24650800","1.52","2","32.43","0.53","4.07","246.73","13200","100","20230221","140","20230322","125"
"7832","バンダイナムコホールディングス","東証PR","その他製品","2077920","666000000","0.64","20","22.63","3.16","137.87","987.58","312000","100","20230619","3521","20230116","2620"
"7833","アイフィスジャパン","東証ST","その他製品","6268","10242000","3.02","18.5","13.62","1.14","44.93","536.02","61200","100","20230519","632","20230120","586"
"7836","アビックス","東証ST","その他製品","3513","35129566","0","0","357.14","2.4","0.28","41.65","10000","100","20230518","150","20230104","81"
"7837","アールシーコア","東証ST","その他製品","2273","4536400","0","0","0.76","2.41","660.26","207.92","50100","100","20230704","535","20230105","368"
"7839","SHOEI","東証PR","その他製品","136433","53713716","2.28","58","21.78","5.84","116.64","434.6","254000","100","20230404","2874","20230414","2423"
"7840","フランスベッドホールディングス","東証PR","その他製品","45501","38397500","3.21","38","14","1.12","84.67","1058.41","118500","100","20230725","1193","20230105","934"
"7841","遠藤製作所","東証ST","その他製品","7280","9441800","2.33","18","6.75","0.36","114.29","2136.57","77100","100","20230105","840","20230215","721"
"7844","マーベラス","東証PR","情報通信","42432","62216400","4.84","33","16.37","1.41","41.67","482.69","68200","100","20230227","729","20230406","656"
"7846","パイロットコーポレーション","東証PR","その他製品","189503","41814400","2.21","100","11.17","1.5","405.58","3012.21","453200","100","20230523","4785","20230320","3935"
"7847","グラファイトデザイン","東証ST","その他製品","5605","6945600","4.96","40","8.73","1.08","92.48","748.94","80700","100","20230221","999","20230419","774"
"7849","スターツ出版","東証ST","情報通信","16378","3840000","0.76","32.5","13.1","2.41","325.55","1768.93","426500","100","20230512","4800","20230105","2830"
"7850","総合商研","東証ST","その他製品","2763","3060110","2.21","20","18.06","0.96","50.01","939.18","90300","100","20230705","932","20230104","780"
"7851","カワセコンピュータサプライ","東証ST","その他製品","1063","5160000","0","0","490.48","0.41","0.42","505.36","20600","100","20230329","210","20230106","198"
"7856","萩原工業","東証PR","その他製品","22987","14897600","3.24","50","7.99","0.78","193.07","1974.75","154300","100","20230724","1553","20230119","1146"
"7857","セキ","東証ST","その他製品","6041","4508000","1.79","24","16.32","0.39","82.1","3433.66","134000","100","20230116","1480","20230602","1300"
"7859","アルメディオ","東証ST","その他製品","8675","18696316","0","0","21.09","2.54","22","182.41","46400","100","20230203","639","20230512","334"
"7860","エイベックス","東証PR","情報通信","68520","45558800","3.32","50","30.86","1.17","48.73","1286.29","150400","100","20230208","1800","20230530","1434"
"7863","平賀","東証ST","その他製品","3935","4015585","3.06","30","7.65","0.84","128.1","1166.69","98000","100","20230623","1120","20230606","884"
"7864","フジシールインターナショナル","東証PR","その他製品","92770","60161956","2.27","35","13.62","0.7","113.2","2201.4","154200","100","20230201","1699","20230323","1436"
"7865","ピープル","東証ST","その他製品","4952","4437500","-","-","-","2.34","-","476.79","111600","100","20230105","1379","20230602","953"
"7867","タカラトミー","東証PR","その他製品","175438","93616650","1.87","35","19.06","1.97","98.3","950.39","187400","100","20230719","1905","20230118","1207"
"7868","広済堂ホールディングス","東証PR","その他製品","65374","28547769","2.07","47.3","14.52","1.58","157.72","1445.68","229000","100","20230414","3025","20230118","1690"
"7871","フクビ化学工業","東証ST","化学","14172","20688425","3.94","27","9.13","0.41","75.04","1688.19","68500","100","20230612","694","20230120","557"
"7872","エステールホールディングス","東証ST","その他製品","7116","11459223","4.35","27","10.15","0.48","61.16","1294.97","62100","100","20230309","645","20230330","602"
"7874","レック","東証PR","化学","32326","38165340","2.36","20","41.95","0.85","20.19","993.22","84700","100","20230208","1020","20230330","787"
"7875","竹田iPホールディングス","東証ST","その他製品","6287","8781000","2.79","20","13.09","0.38","54.7","1908.11","71600","100","20230329","764","20230113","640"
"7877","永大化工","東証ST","化学","2259","1460000","3.23","50","68.6","0.31","22.55","5053.06","154700","100","20230308","1595","20230419","1432"
"7878","光・彩","東証ST","その他製品","2198","396000","0.72","40","29.66","1.6","187.1","3463.93","555000","100","20230329","9480","20230303","3930"
"7879","ノダ","東証ST","その他製品","20876","17339200","4.98","60","5.37","0.51","224.22","2340.14","120400","100","20230524","1316","20230118","1028"
"7883","サンメッセ","東証ST","その他製品","6488","17825050","1.92","7","28.2","0.52","12.91","704.45","36400","100","20230227","391","20230330","350"
"7885","タカノ","東証ST","その他製品","13080","15721000","2.4","20","12.66","0.41","65.7","2016","83200","100","20230704","870","20230113","652"
"7886","ヤマト・インダストリー","東証ST","化学","1569","1332179","-","-","25.91","0.96","45.47","1222.09","117800","100","20230619","1519","20230106","845"
"7887","南海プライウッド","東証ST","その他製品","5442","1009580","2.78","150","8.7","0.23","619.83","23207.32","539000","100","20230407","6480","20230104","4810"
"7888","三光合成","東証PR","化学","19794","30688569","2.79","18","8.55","0.77","75.45","835.82","64500","100","20230703","734","20230106","391"
"7893","プロネクサス","東証PR","その他製品","29019","27716688","3.44","36","16.19","1.09","64.68","956.34","104700","100","20230725","1054","20230106","937"
"7896","セブン工業","東証ST","その他製品","2379","4673250","3.93","20","11.36","0.32","44.8","1588.17","50900","100","20230414","545","20230112","485"
"7897","ホクシン","東証ST","その他製品","3859","28373005","-","-","27.53","0.67","4.94","204.24","13600","100","20230629","160","20230522","129"
"7898","ウッドワン","東証ST","その他製品","11712","9841969","2.02","24","13.85","0.26","85.93","4643.67","119000","100","20230331","1473","20230105","881"
"7899","MICS化学","東証ST","化学","2498","5850000","2.58","11","19.91","0.71","21.45","603.42","42700","100","20230614","472","20230106","307"
"7901","マツモト","東証ST","その他製品","4423","381300","0","0","156.33","2.89","74.2","4012.98","1160000","100","20230614","15170","20230307","4200"
"7902","ソノコム","東証ST","その他製品","4185","5000000","1.43","12","27.28","0.35","30.68","2365.33","83700","100","20230306","858","20230104","800"
"7905","大建工業","東証PR","その他製品","62961","27080043","5.16","120","10.1","0.73","230.13","3203.58","232500","100","20230510","2454","20230106","2052"
"7906","ヨネックス","東証ST","その他製品","129384","93620800","1.01","14","15.44","2.28","89.5","607.28","138200","100","20230509","1645","20230106","1115"
"7908","きもと","東証ST","化学","10626","54772564","3.09","6","89.4","0.51","2.17","383.38","19400","100","20230126","235","20230516","179"
"7911","凸版印刷","東証PR","その他製品","1065337","328706240","1.48","48","24.6","0.8","131.74","4059.82","324100","100","20230725","3254","20230117","1847"
"7912","大日本印刷","東証PR","その他製品","1175975","292240346","1.59","64","11.96","0.97","336.5","4158.46","402400","100","20230310","4160","20230117","2497"
"7914","共同印刷","東証PR","その他製品","26826","8370000","3.12","100","16.27","0.42","196.98","7575.8","320500","100","20230725","3255","20230320","2634"
"7915","NISSHA","東証PR","その他製品","86099","50855638","2.95","50","83.11","0.76","20.37","2227.32","169300","100","20230201","1947","20230616","1543"
"7916","光村印刷","東証ST","その他製品","3845","3103420","4.04","50","25.3","0.22","48.97","5666.96","123900","100","20230310","1332","20230112","1150"
"7917","藤森工業","東証PR","化学","67341","19267760","2.4","84","14.14","0.8","247.2","4362.66","349500","100","20230629","3670","20230106","3000"
"7918","ヴィア・ホールディングス","東証PR","小売","3547","40770933","0","0","13.36","-","6.51","-120.19","8700","100","20230120","103","20230616","81"
"7919","野崎印刷紙業","東証ST","その他製品","2983","21460000","2.16","3","9.18","0.67","15.14","208.61","13900","100","20230306","170","20230110","112"
"7921","TAKARA＆COMPANY","東証PR","その他製品","30463","13153293","3.45","80","11.63","1.22","199.06","1895.87","231600","100","20230509","2482","20230105","1988"
"7922","三光産業","東証ST","その他製品","3948","7378800","1.31","7","26.72","0.41","20.02","1299.71","53500","100","20230403","730","20230106","319"
"7923","トーイン","東証ST","その他製品","3540","6377500","2.7","15","69.81","0.3","7.95","1829.4","55500","100","20230725","559","20230113","450"
"7925","前澤化成工業","東証PR","化学","24133","15732000","3.26","50","18.95","0.59","80.96","2581.72","153400","100","20230425","1658","20230105","1292"
"7927","ムトー精工","東証ST","化学","11973","7739548","5.11","79","7.84","0.72","197.4","2163.45","154700","100","20230704","1669","20230104","631"
"7928","旭化学工業","東証ST","化学","2365","3896000","2.14","13","23.73","0.37","25.58","1640.83","60700","100","20230228","712","20230601","590"
"7931","未来工業","東証PR","化学","71060","25607086","4.11","114","12.25","0.97","226.44","2869.36","277500","100","20230704","2814","20230106","1430"
"7932","ニッピ","東証ST","その他製品","11065","2889000","1.83","70","11.02","0.32","347.7","11982.71","383000","100","20230705","4100","20230113","3425"
"7936","アシックス","東証PR","その他製品","813026","189870559","1.03","44","39.22","4.28","109.19","1000.07","428200","100","20230703","4556","20230105","2802"
"7937","ツツミ","東証ST","その他製品","34449","15630000","2.27","50","59.39","0.52","37.11","4257.65","220400","100","20230330","2375","20230112","1827"
"7938","リーガルコーポレーション","東証ST","その他製品","6754","3250000","2.41","50","22.13","0.61","93.9","3410.71","207800","100","20230725","2112","20230105","1850"
"7939","研創","東証ST","その他製品","2007","4022774","3.21","16","10.42","0.62","47.89","801.46","49900","100","20230320","525","20230104","445"
"7940","ウェーブロックホールディングス","東証ST","化学","6728","11120538","4.96","30","30.02","0.32","20.15","1870.81","60500","100","20230307","636","20230601","552"
"7942","JSP","東証PR","化学","57864","31413473","2.71","50","16.15","0.6","114.06","3076.73","184200","100","20230710","1935","20230105","1463"
"7943","ニチハ","東証PR","ガラス土石","122050","37324264","3.49","114","11.54","0.99","283.45","3294.99","327000","100","20230725","3295","20230203","2500"
"7944","ローランド","東証PR","その他製品","115468","28163038","4.15","170","12.03","3.39","340.87","1209.61","410000","100","20230615","4425","20230106","3210"
"7946","光陽社","東証ST","その他製品","2149","1400100","0","0","6.18","0.58","248.4","2652.89","153500","100","20230424","2070","20230104","1351"
"7947","エフピコ","東証PR","化学","243684","84568424","1.63","47","19.97","1.69","144.27","1703.56","288150","100","20230201","3875","20230714","2802"
"7949","小松ウオール工業","東証PR","その他製品","29929","10903240","4.37","120","12.88","0.7","213.19","3900.42","274500","100","20230720","2766","20230106","1800"
"7951","ヤマハ","東証PR","その他製品","1002242","187300000","1.38","74","21.71","2","246.42","2680.32","535100","100","20230615","5876","20230116","4605"
"7952","河合楽器製作所","東証PR","その他製品","31631","9011560","2.42","85","8.38","0.79","418.86","4451.73","351000","100","20230705","3815","20230106","2502"
"7953","菊水化学工業","東証ST","その他製品","5149","12744054","3.96","16","13.33","0.56","30.31","722.89","40400","100","20230117","454","20230314","367"
"7955","クリナップ","東証PR","その他製品","27221","37442374","3.58","26","8.13","0.48","89.45","1514.13","72700","100","20230501","760","20230116","617"
"7956","ピジョン","東証PR","その他製品","232419","121653486","3.98","76","28.22","3.04","67.69","629.21","191050","100","20230516","2237","20230719","1903"
"7957","フジコピアン","東証ST","その他製品","3114","1789487","2.87","50","12.68","0.25","137.19","7025.4","174000","100","20230327","1959","20230517","1661"
"7958","天馬","東証PR","化学","63068","24313026","3.16","82","18.19","0.72","142.64","3603.34","259400","100","20230614","2750","20230105","1992"
"7962","キングジム","東証PR","その他製品","27685","31459692","1.59","14","96.49","1.04","9.12","847.33","88000","100","20230517","933","20230707","868"
"7963","興研","東証ST","その他製品","8707","5104003","1.47","25","16.21","0.71","105.24","2405.09","170600","100","20230127","1780","20230605","1600"
"7965","象印マホービン","東証PR","電気機器","143385","72600000","1.72","34","31.44","1.62","62.81","1216.01","197500","100","20230713","2180","20230116","1391"
"7966","リンテック","東証PR","その他製品","177419","76688740","3.8","88","16.65","0.69","138.97","3341.8","231350","100","20230706","2333","20230316","2092"
"7970","信越ポリマー","東証PR","化学","118647","82623376","3.06","44","12.91","1.11","111.2","1294.09","143600","100","20230704","1569","20230104","1110"
"7971","東リ","東証PR","化学","24460","66829249","2.73","10","8.31","0.54","44.03","674.8","36600","100","20230724","369","20230118","220"
"7972","イトーキ","東証PR","その他製品","49455","45664437","2.31","25","13.25","0.95","81.71","1140.93","108300","100","20230724","1104","20230105","570"
"7974","任天堂","東証PR","その他製品","8367460","1298690000","2.28","147","22.06","3.31","292.04","1946.55","644300","100","20230629","6640","20230316","4996"
"7975","リヒトラブ","東証ST","その他製品","3644","3815700","2.62","25","14.73","0.32","64.83","2989.21","95500","100","20230516","999","20230113","847"
"7976","三菱鉛筆","東証PR","その他製品","103663","63286292","2.2","36","12.61","0.86","129.92","1915.25","163800","100","20230502","1850","20230113","1359"
"7979","松風","東証PR","精密機器","42033","17894089","2","47","15.02","1.18","156.43","1996.64","234900","100","20230124","2368","20230320","1942"
"7980","重松製作所","東証ST","その他製品","6062","7200000","1.19","10","11.98","0.81","70.31","1033.33","84200","100","20230313","868","20230516","777"
"7981","タカラスタンダード","東証PR","その他製品","131026","70368194","2.9","54","13.79","0.72","135.02","2579.88","186200","100","20230712","1897","20230201","1338"
"7983","ミロク","東証ST","その他製品","4800","3005441","2.82","45","7.6","0.31","210.15","5160.88","159700","100","20230515","1670","20230106","1401"
"7984","コクヨ","東証PR","その他製品","261733","128742463","2.85","58","15.04","0.96","135.18","2122.75","203300","100","20230517","2067","20230112","1753"
"7985","ネポン","東証ST","金属製品","1379","962948","2.09","30","45.71","0.53","31.33","2724.89","143200","100","20230612","2024","20230511","1390"
"7986","日本アイ・エス・ケイ","東証ST","その他製品","2186","1776000","2.44","30","15.49","0.54","79.46","2275.91","123100","100","20230202","1302","20230220","1171"
"7987","ナカバヤシ","東証PR","その他製品","14685","28794294","4.31","22","8.22","0.53","62.03","956.15","51000","100","20230704","519","20230110","470"
"7988","ニフコ","東証PR","化学","435304","107508954","1.58","64","19.09","1.81","212.15","2237.06","404900","100","20230629","4316","20230105","2989"
"7989","立川ブラインド工業","東証PR","金属製品","25913","20763600","2.88","36","8.82","0.53","141.44","2334.06","124800","100","20230425","1392","20230104","1108"
"7990","グローブライド","東証PR","その他製品","53592","24000000","3.13","70","5.83","1.08","383.08","2058.92","223300","100","20230210","2714","20230601","2098"
"7991","マミヤ・オーピー","東証ST","機械","13448","9358670","3.48","50","6.95","0.76","206.8","1893.65","143700","100","20230306","1779","20230619","1305"
"7992","セーラー万年筆","東証ST","その他製品","4894","29659554","0","0","-","1.27","0","129.88","16500","100","20230509","208","20230316","151"
"7994","オカムラ","東証PR","その他製品","197720","100621021","3.36","66","11.34","1.23","173.27","1592.79","196500","100","20230704","2035","20230206","1272"
"7995","バルカー","東証PR","化学","70924","18688733","3.95","150","12.57","1.47","301.98","2575.01","379500","100","20230703","4020","20230105","2583"
"7997","くろがね工作所","東証ST","その他製品","1527","1857113","0","0","1.25","0.43","657.48","1924.9","82200","100","20230414","1159","20230213","408"
"7999","MUTOHホールディングス","東証ST","電気機器","9048","5054818","3.07","55","12.02","0.38","148.97","4727.93","179000","100","20230309","1832","20230104","1517"
"8001","伊藤忠商事","東証PR","卸売","8910249","1584889504","2.85","160","10.49","1.7","535.99","3311.78","562200","100","20230622","5900","20230106","3947"
"8002","丸紅","東証PR","卸売","4168375","1698604207","3.18","78","9.91","1.52","247.64","1610.81","245400","100","20230623","2705","20230105","1476"
"8005","スクロール","東証PR","小売","33028","35098550","5.1","48","7.84","1.03","120.1","914.94","94100","100","20230623","974","20230105","693"
"8006","ユアサ・フナショク","東証ST","卸売","14693","4897723","-","-","9.63","0.41","311.57","7363.57","300000","100","20230711","3165","20230119","2540"
"8007","高島","東証PR","卸売","16012","4466273","4.74","170","9.97","0.82","359.68","4392.45","358500","100","20230621","3675","20230316","2768"
"8008","ヨンドシーホールディングス","東証PR","小売","46230","24331356","4.37","83","31.34","1.08","60.63","1761.67","190000","100","20230707","1969","20230110","1690"
"8011","三陽商会","東証PR","繊維製品","25915","12622934","2.87","59","9.57","0.64","214.46","3193.57","205300","100","20230712","2153","20230117","1264"
"8012","長瀬産業","東証PR","卸売","284395","117908285","3.32","80","11.77","0.77","204.92","3139.26","241200","100","20230614","2445","20230116","1929"
"8013","ナイガイ","東証ST","繊維製品","2367","8217281","0","0","10.48","0.41","27.49","708.86","28800","100","20230127","335","20230428","256"
"8014","蝶理","東証PR","卸売","76417","25303478","3.84","116","7.91","1.03","382","2932.46","302000","100","20230711","3070","20230104","2119"
"8015","豊田通商","東証PR","卸売","2686935","354056516","2.69","204","9.54","1.39","795.76","5440.54","758900","100","20230725","7589","20230105","4770"
"8016","オンワードホールディングス","東証PR","繊維製品","88910","157921669","2.84","16","15.28","1.01","36.84","558.09","56300","100","20230720","584","20230116","301"
"8018","三共生興","東証ST","卸売","35672","56000000","3.92","25","11.52","0.67","55.3","957.76","63700","100","20230725","640","20230106","455"
"8020","兼松","東証PR","卸売","175169","84500202","4.34","90","7.37","1.35","281.29","1538.42","207300","100","20230622","2105","20230116","1447"
"8022","美津濃","東証PR","その他製品","98472","26578243","1.89","70","8.61","0.77","430.3","4840.37","370500","100","20230623","3935","20230116","2634"
"8023","大興電子通信","東証ST","情報通信","8210","13868408","3.38","20","6.79","0.79","87.13","746.92","59200","100","20230725","599","20230104","455"
"8025","ツカモトコーポレーション","東証ST","卸売","5295","4069747","2.31","30","43.57","0.44","29.86","2960.93","130100","100","20230331","1660","20230531","1230"
"8029","ルックホールディングス","東証ST","繊維製品","20932","7755313","2.59","70","7.09","0.65","380.66","4154.51","269900","100","20230720","2770","20230316","2096"
"8030","中央魚類","東証ST","卸売","13183","4315300","2.29","70","9.04","0.5","337.96","6127.13","305500","100","20230228","3200","20230124","2910"
"8031","三井物産","東証PR","卸売","8360403","1544789968","2.77","150","9.37","1.3","577.31","4177.49","541200","100","20230622","5928","20230324","3700"
"8032","日本紙パルプ商事","東証PR","卸売","68348","15021551","2.86","130","5.67","0.53","801.87","8627.79","455000","100","20230309","5740","20230714","4500"
"8035","東京エレクトロン","東証PR","電気機器","9274658","471632733","1.63","320","30.7","5.8","640.53","3389.68","1966500","100","20230704","21630","20230104","12740"
"8037","カメイ","東証PR","卸売","56087","37591969","2.68","40","5.45","0.37","273.81","4079.6","149200","100","20230510","1672","20230106","1168"
"8038","東都水産","東証ST","卸売","26169","4026000","2.08","135","17","1.09","382.32","5951.11","650000","100","20230330","6990","20230130","4905"
"8039","築地魚市場","東証ST","卸売","6772","2253520","1.16","35","19.2","1.09","156.54","2764.64","300500","100","20230622","3545","20230110","2595"
"8040","東京ソワール","東証ST","繊維製品","3648","3860000","2.12","20","5.37","0.35","176","2729.08","94500","100","20230201","1043","20230112","773"
"8041","OUGホールディングス","東証ST","卸売","13678","5562292","2.44","60","6.02","0.51","408.67","4816.39","245900","100","20230509","2550","20230117","2321"
"8043","スターゼン","東証PR","卸売","45800","19522552","3.2","75","7.5","0.65","312.84","3610.96","234600","100","20230509","2429","20230116","2029"
"8045","横浜丸魚","東証ST","卸売","5737","7261706","2.78","22","14.79","0.39","53.4","2014.3","79000","100","20230724","910","20230117","727"
"8046","丸藤シートパイル","東証ST","卸売","9308","4000000","3.87","90","6.88","0.3","338.05","7883.81","232700","100","20230725","2347","20230117","1906"
"8050","セイコーグループ","東証PR","精密機器","108355","41404261","2.87","75","13.5","0.83","193.84","3144.81","261700","100","20230106","3085","20230526","2485"
"8051","山善","東証PR","卸売","111889","95305435","3.83","45","10.43","0.85","112.56","1383.65","117400","100","20230725","1174","20230105","975"
"8052","椿本興業","東証PR","卸売","29793","6497969","3.05","140","9.42","0.85","486.9","5396.74","458500","100","20230725","4625","20230105","3765"
"8053","住友商事","東証PR","卸売","3709366","1230303667","3.98","120","7.75","0.98","388.95","3062.59","301500","100","20230622","3202","20230105","2134"
"8056","BIPROGY","東証PR","情報通信","370334","109663524","2.67","90","15.43","2.43","218.9","1391.89","337700","100","20230619","3729","20230220","2903"
"8057","内田洋行","東証PR","卸売","54702","10419371","2.86","150","9.74","1.02","538.96","5140.6","525000","100","20230606","5980","20230106","4435"
"8058","三菱商事","東証PR","卸売","10282394","1437493951","2.8","200","11.11","1.27","643.9","5648.84","715300","100","20230622","7455","20230104","4194"
"8059","第一実業","東証PR","卸売","59756","11086400","3.34","180","10.54","0.9","511.42","6013.95","539000","100","20230531","6070","20230105","4270"
"8060","キヤノンマーケティングジャパン","東証PR","卸売","484340","131079972","2.44","90","13.46","1.19","274.53","3113.58","369500","100","20230719","3735","20230116","2839"
"8061","西華産業","東証PR","卸売","24604","12320650","4.01","80","8.29","0.69","240.92","2907.2","199700","100","20230510","2339","20230106","1515"
"8065","佐藤商事","東証PR","卸売","32720","21799050","4.33","65","7.03","0.57","213.54","2644.27","150100","100","20230309","1538","20230106","1190"
"8066","三谷商事","東証ST","卸売","166692","120008548","2.16","30","10.88","0.84","127.67","1651.48","138900","100","20230214","1499","20230118","1270"
"8068","菱洋エレクトロ","東証PR","卸売","96882","26800000","4.43","160","9.73","1.49","371.45","2422.69","361500","100","20230704","3770","20230130","2285"
"8070","東京産業","東証PR","卸売","24922","28678486","4.14","36","9.39","0.84","92.5","1029.24","86900","100","20230623","929","20230324","700"
"8072","日本出版貿易","東証ST","卸売","1505","700000","1.4","30","7.5","0.7","286.78","3060.77","215000","100","20230315","2848","20230104","1472"
"8074","ユアサ商事","東証PR","卸売","100997","22100000","3.76","172","8.25","1.02","554.12","4483.99","457000","100","20230725","4585","20230203","3460"
"8075","神鋼商事","東証PR","卸売","52277","8860562","4.15","245","7.31","0.72","806.83","8235.14","590000","100","20230307","6380","20230105","4985"
"8076","カノークス","東証ST","卸売","21230","11103500","5.02","96","10.02","0.71","190.82","2710.2","191200","100","20230705","1963","20230117","1412"
"8077","トルク","東証PR","卸売","6946","28007448","2.42","6","10.26","0.5","24.18","494.82","24800","100","20230614","302","20230106","199"
"8078","阪和興業","東証PR","卸売","205313","42332640","3.51","170","5.47","0.65","885.89","7459.39","485000","100","20230724","4875","20230105","3500"
"8079","正栄食品工業","東証PR","卸売","72761","17100000","1.13","48","44.78","1.49","95.02","2863.05","425500","100","20230309","4470","20230105","3825"
"8081","カナデン","東証PR","卸売","31836","23600000","3.41","46","10.54","0.71","128.03","1893.95","134900","100","20230301","1372","20230106","1064"
"8084","RYODEN","東証PR","卸売","49097","22824977","3.72","80","9.79","0.59","219.78","3652.29","215100","100","20230710","2257","20230105","1651"
"8085","ナラサキ産業","東証ST","卸売","12228","5325600","3.27","75","5.74","0.55","399.99","4153.66","229600","100","20230629","2348","20230105","1714"
"8086","ニプロ","東証PR","精密機器","176860","171459479","2.42","25","15.02","0.82","68.67","1265","103150","100","20230221","1091","20230531","987"
"8088","岩谷産業","東証PR","卸売","432419","58561649","1.29","95","12.68","1.41","582.36","5249.53","738400","100","20230608","7890","20230110","5360"
"8089","ナイス","東証ST","卸売","18536","12170719","3.28","50","4.73","0.37","322.22","4070.35","152300","100","20230725","1537","20230123","1252"
"8091","ニチモウ","東証PR","卸売","18153","4504400","4.47","180","6.3","0.65","639.31","6157.88","403000","100","20230703","4120","20230106","2780"
"8093","極東貿易","東証PR","卸売","23099","12991836","5.03","89.5","19.91","0.93","89.31","1911.8","177800","100","20230706","1783","20230105","1324"
"8095","アステナホールディングス","東証PR","卸売","18194","40884504","4.04","18","1780","0.66","0.25","671.4","44500","100","20230612","461","20230116","400"
"8097","三愛オブリ","東証PR","卸売","107984","68000000","3.78","60","10.63","0.95","149.33","1668.6","158800","100","20230725","1594","20230105","1200"
"8098","稲畑産業","東証PR","卸売","188762","57114127","3.63","120","8.79","1.03","376.14","3214.42","330500","100","20230622","3375","20230105","2323"
"8101","GSIクレオス","東証PR","卸売","25601","12629942","3.95","80","12.75","0.96","159.02","2114.55","202700","100","20230622","2125","20230106","1420"
"8103","明和産業","東証PR","卸売","28619","41780000","3.94","27","13","0.81","52.68","849.44","68500","100","20230309","719","20230116","642"
"8104","クワザワホールディングス","東証ST","卸売","9182","16694496","1.82","10","12.72","0.57","43.25","971.26","55000","100","20230705","620","20230105","410"
"8105","堀田丸正","東証ST","卸売","3340","59640348","0","0","81.16","1.04","0.69","53.81","5600","100","20230209","68","20230105","51"
"8107","キムラタン","東証ST","繊維製品","4925","234531410","0","0","210","28.38","0.1","0.74","2100","100","20230407","24","20230213","20"
"8111","ゴールドウイン","東証PR","繊維製品","546603","47448172","1","115","23.91","6.49","481.77","1774.2","1152000","100","20230619","13735","20230106","8980"
"8113","ユニ・チャーム","東証PR","化学","3238893","620834319","0.77","40","38.26","4.89","136.36","1067.1","521700","100","20230607","5646","20230105","4730"
"8114","デサント","東証PR","繊維製品","313466","76924176","1.08","44","27.97","3.09","145.69","1319.63","407500","100","20230515","4450","20230120","3045"
"8115","ムーンバット","東証ST","卸売","3256","4774719","1.76","12","15.73","0.69","43.36","987.73","68200","100","20230724","720","20230105","457"
"8117","中央自動車工業","東証ST","卸売","71672","20020000","2.68","96","10.12","1.57","353.61","2281.23","358000","100","20230725","3580","20230210","2363"
"8118","キング","東証ST","繊維製品","15854","24771561","2.81","18","13.31","0.49","48.09","1299.9","64000","100","20230621","670","20230412","480"
"8119","三栄コーポレーション","東証ST","卸売","4486","2552946","1.14","20","140","0.42","12.55","4217.42","175700","100","20230725","1787","20230105","1347"
"8123","川辺","東証ST","卸売","2075","1861000","1.79","20","20.35","0.32","54.78","3509.96","111500","100","20230511","1279","20230106","902"
"8125","ワキタ","東証PR","卸売","66431","52021297","3.37","43","15.24","0.65","83.79","1952.26","127700","100","20230523","1427","20230320","1116"
"8127","ヤマトインターナショナル","東証ST","繊維製品","6604","21302936","1.94","6","17.69","0.38","17.52","808.15","31000","100","20230707","314","20230106","233"
"8129","東邦ホールディングス","東証PR","卸売","216534","78270142","1.3","36","15.06","0.76","183.67","3623.81","276650","100","20230516","2803","20230116","2000"
"8130","サンゲツ","東証PR","卸売","152914","59200000","5.03","130","14.44","1.58","178.93","1631.57","258300","100","20230517","2648","20230105","2082"
"8131","ミツウロコグループホールディングス","東証ST","卸売","81542","60134401","2.88","39","11.2","0.87","121.07","1561.61","135600","100","20230629","1460","20230112","1047"
"8132","シナネンホールディングス","東証PR","卸売","50099","13046591","1.95","75","32.3","0.78","118.87","4902.63","384000","100","20230130","3975","20230320","3060"
"8133","伊藤忠エネクス","東証PR","卸売","159660","116881106","3.81","52","11.42","1.01","119.62","1355.37","136600","100","20230725","1367","20230106","1025"
"8135","ゼット","東証ST","卸売","6091","20102000","2.64","8","9.89","0.46","30.65","660.79","30300","100","20230310","420","20230512","265"
"8136","サンリオ","東証PR","卸売","542319","89065301","0.57","35","59.88","8.77","101.68","694.48","608900","100","20230518","6490","20230216","3820"
"8137","サンワテクノス","東証PR","卸売","37703","16044000","3.83","90","9.21","0.82","255.14","2873.36","235000","100","20230704","2542","20230106","1530"
"8138","三京化成","東証ST","卸売","5039","1560000","2.79","90","12.31","0.46","262.35","6978.82","323000","100","20230203","4000","20230106","3035"
"8139","ナガホリ","東証ST","卸売","15868","16773376","0.85","8","48.36","1.2","19.56","790.87","94600","100","20230227","1221","20230426","842"
"8140","リョーサン","東証PR","卸売","110500","25000000","2.26","100","20.72","1.01","213.33","4383.09","442000","100","20230705","4590","20230106","2744"
"8141","新光商事","東証PR","卸売","43218","38010566","4.66","53","10.75","0.73","105.81","1567.87","113700","100","20230302","1353","20230516","1042"
"8142","トーホー","東証PR","卸売","28764","11012166","2.3","60","12.77","1.21","204.53","2153.37","261200","100","20230622","3145","20230116","1535"
"8143","ラピーヌ","東証ST","繊維製品","821","2567064","0","0","-","0.67","0","480.9","32000","100","20230118","460","20230116","302"
"8144","デンキョーグループホールディングス","東証ST","卸売","8711","6665021","3.06","40","9.93","0.3","131.62","4334.7","130700","100","20230712","1315","20230510","1127"
"8147","トミタ","東証ST","卸売","6595","6158000","1.77","19","11.11","0.52","96.43","2063.29","107100","100","20230329","1188","20230508","994"
"8150","三信電気","東証PR","卸売","34924","16281373","4.66","100","10.06","0.77","213.25","2803.65","214500","100","20230203","2669","20230531","1998"
"8151","東陽テクニカ","東証PR","卸売","36284","26085000","3.88","54","16.01","1.1","86.86","1259","139100","100","20230703","1469","20230106","1260"
"8152","ソマール","東証ST","卸売","4309","1958734","2.27","50","8.53","0.29","257.82","7620.72","220000","100","20230501","2202","20230104","1800"
"8153","モスフードサービス","東証PR","卸売","103552","32009910","0.87","28","71.27","2.08","45.39","1551.72","323500","100","20230629","3290","20230330","3000"
"8154","加賀電子","東証PR","卸売","181110","28702118","3.49","220","9.21","1.28","685.42","4935.36","631000","100","20230703","6660","20230105","3900"
"8155","三益半導体工業","東証PR","金属製品","103474","35497183","-","-","-","1.23","-","2378.18","291500","100","20230703","3225","20230106","2253"
"8157","都築電気","東証PR","情報通信","39730","20177894","3.86","76","7.93","1.01","248.32","1950.05","196900","100","20230623","2066","20230106","1270"
"8158","ソーダニッカ","東証PR","卸売","19316","22968000","3.33","28","12.07","0.73","69.69","1151.52","84100","100","20230306","920","20230116","687"
"8159","立花エレテック","東証PR","卸売","68194","25025242","3.67","100","9.72","0.8","280.24","3388.58","272500","100","20230622","3200","20230106","1713"
"8160","木曽路","東証PR","小売","70018","28543889","0.65","16","75.08","2.53","32.67","970.53","245300","100","20230516","2515","20230110","2050"
"8163","SRSホールディングス","東証PR","小売","41387","41470184","0.5","5","51.58","3.01","19.35","331.7","99800","100","20230516","1040","20230105","865"
"8165","千趣会","東証PR","小売","20563","52056993","0","0","-","0.94","-89.7","421.31","39500","100","20230518","431","20230106","379"
"8166","タカキュー","東証ST","小売","2080","24470822","0","0","51.83","-","1.64","-72.7","8500","100","20230712","117","20230104","73"
"8167","リテールパートナーズ","東証PR","小売","71695","46646059","1.56","24","18.88","0.87","81.43","1767.11","153700","100","20230614","1739","20230110","1195"
"8168","ケーヨー","東証PR","小売","56151","65140184","1.68","14.5","13.4","1.09","64.31","794.31","86200","100","20230220","899","20230531","772"
"8173","上新電機","東証PR","小売","56168","28000000","3.74","75","8.83","0.53","227.1","3811.42","200600","100","20230309","2103","20230601","1877"
"8174","日本瓦斯","東証PR","小売","224868","115317098","3.85","75","20.18","3.02","96.62","645.82","195000","100","20230126","2090","20230420","1689"
"8179","ロイヤルホールディングス","東証PR","小売","131286","49861862","0.57","15","46.31","2.91","56.85","905.53","263300","100","20230516","2968","20230104","2252"
"8181","東天紅","東証ST","小売","2159","2572871","-","-","-","0.35","-159.64","2395.72","83900","100","20230725","839","20230328","733"
"8182","いなげや","東証PR","小売","77158","52381447","1.02","15","379.64","1.25","3.88","1180.73","147300","100","20230427","2000","20230106","1197"
"8185","チヨダ","東証PR","小売","40000","38609996","2.7","28","95.66","0.72","10.83","1439.99","103600","100","20230724","1054","20230104","756"
"8194","ライフコーポレーション","東証PR","小売","172583","49450800","2.29","80","12.13","1.31","287.67","2657.64","349000","100","20230725","3570","20230316","2453"
"8198","マックスバリュ東海","東証ST","小売","88376","31973848","2.17","60","15.44","1.2","179.03","2306.83","276400","100","20230106","2890","20230314","2622"
"8200","リンガーハット","東証PR","小売","63893","26067972","0.41","10","158.74","5.32","15.44","460.46","245100","100","20230628","2545","20230104","2165"
"8202","ラオックスホールディングス","東証ST","小売","22867","93335103","0","0","111.87","1.14","2.19","215.18","24500","100","20230414","305","20230106","206"
"8203","ミスターマックス・ホールディングス","東証PR","小売","23687","39611134","3.51","21","7.95","0.62","75.25","963.1","59800","100","20230309","693","20230718","591"
"8207","テンアライド","東証ST","小売","9785","32946727","0","0","186.79","-","1.59","-28.22","29700","100","20230724","298","20230330","244"
"8208","エンチョー","東証ST","小売","6967","6857497","1.97","20","69.49","0.74","14.62","1377.59","101600","100","20230130","1080","20230424","970"
"8209","フレンドリー","東証ST","小売","1268","2855699","0","0","25.33","-","17.53","-718.96","44400","100","20230113","817","20230331","400"
"8214","AOKIホールディングス","東証PR","小売","79718","86649504","2.93","27","13.47","0.59","68.31","1554.37","92000","100","20230501","981","20230118","648"
"8215","銀座山形屋","東証ST","小売","1785","1804471","4.04","40","8.53","0.77","115.95","1284.69","98900","100","20230725","990","20230104","780"
"8217","オークワ","東証PR","小売","38723","45237297","3.04","26","31.3","0.49","27.35","1755.16","85600","100","20230124","932","20230316","804"
"8218","コメリ","東証PR","小売","161704","54409168","1.75","52","8.35","0.64","355.75","4675.08","297200","100","20230426","3185","20230203","2567"
"8219","青山商事","東証PR","小売","64958","50394016","3.26","42","9.18","0.39","140.44","3339.33","128900","100","20230703","1356","20230118","812"
"8225","タカチホ","東証ST","卸売","1434","727500","0","0","5.45","0.91","361.56","2160.16","197100","100","20230623","2101","20230215","1615"
"8226","理経","東証ST","卸売","3553","15514721","1.31","3","34.64","0.78","6.61","294.12","22900","100","20230104","276","20230529","221"
"8227","しまむら","東証PR","小売","508850","36913299","1.96","270","12.82","1.14","1075.38","12118.33","1378500","100","20230623","14575","20230116","12000"
"8230","はせがわ","東証ST","小売","6881","18646376","4.07","15","8.95","0.61","41.24","601.9","36900","100","20230403","401","20230113","316"
"8233","高島屋","東証PR","小売","352408","177759481","1.41","28","12.76","0.74","155.33","2670.26","198250","100","20230425","2091","20230118","1665"
"8237","松屋","東証PR","小売","54196","53289640","0.49","5","89.92","2.39","11.31","426.16","101700","100","20230712","1286","20230113","966"
"8242","エイチ・ツー・オーリテイリング","東証PR","小売","189680","125201396","1.65","25","22.04","0.71","68.74","2137.87","151500","100","20230425","1652","20230118","1154"
"8244","近鉄百貨店","東証ST","小売","98669","40437940","0.41","10","65.42","2.83","37.3","863.33","244000","100","20230110","2610","20230320","2328"
"8247","大和","東証ST","小売","2720","6003400","0","0","31.77","0.69","14.26","659.29","45300","100","20230712","531","20230104","397"
"8252","丸井グループ","東証PR","小売","512366","208660417","4.11","101","17.88","1.89","137.31","1299.97","245550","100","20230510","2616","20230324","1956"
"8253","クレディセゾン","東証PR","その他金融","418549","185444772","3.54","80","7.2","0.59","313.44","3827.22","225700","100","20230706","2326","20230116","1599"
"8254","さいか屋","東証ST","小売","1809","4970314","0","0","360.4","3.57","1.01","101.93","36400","100","20230307","407","20230117","300"
"8255","アクシアルリテイリング","東証PR","小売","86068","23388039","2.31","85","14.13","1.08","260.4","3415.81","368000","100","20230725","3745","20230531","3250"
"8256","プロルート丸光","東証ST","卸売","2068","45964725","-","-","204.55","97.83","0.22","0.46","4500","100","20230110","77","20230721","41"
"8260","井筒屋","東証ST","小売","4144","11480495","1.39","5","6.89","0.4","52.37","905.17","36100","100","20230104","413","20230531","302"
"8267","イオン","東証PR","小売","2573049","871924572","1.22","36","100.92","2.51","29.24","1174.11","295100","100","20230712","3019","20230316","2468"
"8273","イズミ","東証PR","小売","252262","71665200","2.5","88","13.18","0.94","267.15","3742.58","352000","100","20230725","3543","20230111","2796"
"8275","フォーバル","東証PR","卸売","33640","27732622","2.31","28","16.41","2.13","73.9","569.13","121300","100","20230725","1218","20230118","961"
"8276","平和堂","東証PR","小売","124745","52546470","1.77","42","27.07","0.69","87.71","3449.83","237400","100","20230725","2396","20230405","1942"
"8278","フジ","東証PR","小売","156690","86856954","1.66","30","30.66","0.75","58.84","2419.81","180400","100","20230123","1864","20230316","1627"
"8279","ヤオコー","東証PR","小売","300623","40013722","1.13","85","18.24","2.06","411.82","3644.95","751300","100","20230724","7615","20230116","6560"
"8281","ゼビオホールディングス","東証PR","小売","53133","47911023","2.71","30","8.69","0.4","127.64","2760.04","110900","100","20230512","1291","20230116","889"
"8282","ケーズホールディングス","東証PR","小売","257600","200000000","3.42","44","10.96","0.84","117.51","1529.9","128800","100","20230511","1313","20230111","1107"
"8283","PALTAC","東証PR","卸売","302832","63553485","1.89","90","14.75","1.15","323.01","4132.28","476500","100","20230425","5330","20230105","4520"
"8285","三谷産業","東証PR","卸売","20014","61772500","2.78","9","19.95","0.48","16.24","673.81","32400","100","20230329","333","20230110","303"
"8289","Olympicグループ","東証ST","小売","12331","23354223","3.79","20","12.13","0.46","43.53","1139.29","52800","100","20230713","575","20230118","494"
"8291","日産東京販売ホールディングス","東証PR","小売","26521","66635063","3.77","15","8","0.54","49.73","741.38","39800","100","20230725","400","20230116","281"
"8301","日本銀行（優先出資証券）","東証","銀行","30300","1000000","-","-","-","-","-","-","3030000","100","20230721","39900","20230330","24200"
"8303","SBI新生銀行","東証ST","銀行","577993","205034689","-","-","12.79","0.6","220.43","4712.33","281900","100","20230718","2839","20230104","2130"
"8304","あおぞら銀行","東証PR","銀行","332985","118289418","5.47","154","13.7","0.75","205.51","3751.95","281500","100","20230725","2815","20230316","2302"
"8306","三菱UFJフィナンシャル・グループ","東証PR","銀行","13588538","12687710920","3.83","41","-","0.75","-","1433.12","107100","100","20230704","1115","20230316","805"
"8308","りそなホールディングス","東証PR","銀行","1673877","2377665889","3.13","22","11.08","0.66","63.52","1065.31","70400","100","20230310","795","20230324","586"
"8309","三井住友トラスト・ホールディングス","東証PR","銀行","1922420","364025840","4.17","220","9.59","0.69","550.59","7686.52","528100","100","20230710","5392","20230316","4427"
"8316","三井住友フィナンシャルグループ","東証PR","銀行","8482253","1337051194","3.94","250","10.4","0.67","609.84","9430.52","634400","100","20230720","6534","20230316","4997"
"8331","千葉銀行","東証PR","銀行","750116","815521087","3.26","30","10.93","0.63","84.19","1464.45","91980","100","20230309","1038","20230327","814"
"8334","群馬銀行","東証PR","銀行","235133","425888177","3.62","20","8.02","0.44","68.87","1268.77","55210","100","20230710","569","20230316","428"
"8336","武蔵野銀行","東証PR","銀行","79916","33805456","4.23","100","7.26","0.31","325.8","7557.42","236400","100","20230309","2654","20230104","2046"
"8337","千葉興業銀行","東証PR","銀行","39262","62222045","0.79","5","5.73","0.32","110.09","1964.23","63100","100","20230705","712","20230110","436"
"8338","筑波銀行","東証PR","銀行","17254","82553721","2.39","5","5.22","0.31","40","678.94","20900","100","20230113","255","20230526","193"
"8341","七十七銀行","東証PR","銀行","207814","76655746","3.87","105","7.87","0.4","344.66","6818.61","271100","100","20230710","2791","20230316","2058"
"8343","秋田銀行","東証PR","銀行","31754","18093643","3.99","70","8.8","0.21","199.39","8503.1","175500","100","20230302","2039","20230531","1620"
"8344","山形銀行","東証PR","銀行","35263","32500000","3.23","35","9.92","0.26","109.4","4174.44","108500","100","20230224","1330","20230330","998"
"8345","岩手銀行","東証PR","銀行","39493","18497786","3.75","80","9.26","0.2","230.55","10664.54","213500","100","20230309","2569","20230110","1907"
"8346","東邦銀行","東証PR","銀行","59085","252500000","2.99","7","11.13","0.31","21.03","757.81","23400","100","20230224","251","20230316","213"
"8349","東北銀行","東証ST","銀行","9881","9509963","4.81","50","7.04","0.34","147.5","3028","103900","100","20230301","1069","20230316","960"
"8354","ふくおかフィナンシャルグループ","東証PR","銀行","591955","191138265","3.71","115","9.53","0.65","324.98","4796.99","309700","100","20230113","3250","20230327","2467"
"8358","スルガ銀行","東証PR","銀行","133712","232139248","2.43","14","12.77","0.4","45.12","1438.33","57600","100","20230705","615","20230118","403"
"8359","八十二銀行","東証PR","銀行","344943","513767424","2.98","20","13.76","0.35","48.79","1936.29","67140","100","20230719","681","20230118","528"
"8360","山梨中央銀行","東証PR","銀行","42618","32783000","3.85","50","7.63","0.21","170.31","6129.98","130000","100","20230224","1421","20230106","1070"
"8361","大垣共立銀行","東証PR","銀行","77556","41831897","3.78","70","11.18","0.27","165.77","6918.58","185400","100","20230309","2124","20230330","1757"
"8362","福井銀行","東証PR","銀行","36434","24144669","3.31","50","23.18","0.28","65.09","5342.7","150900","100","20230208","1779","20230601","1397"
"8364","清水銀行","東証PR","銀行","17148","11641318","4.07","60","14.14","0.23","104.16","6384.27","147300","100","20230113","1629","20230531","1402"
"8365","富山銀行","東証ST","銀行","9163","5444400","2.97","50","12.15","0.31","138.54","5430.82","168300","100","20230130","1887","20230316","1596"
"8366","滋賀銀行","東証PR","銀行","150351","53090081","3.18","90","8.79","0.3","322.26","9293.39","283200","100","20230224","3020","20230106","2561"
"8367","南都銀行","東証PR","銀行","80616","33025656","4.26","104","7.05","0.29","346.44","8276.62","244100","100","20230309","2818","20230316","2265"
"8368","百五銀行","東証PR","銀行","113083","254119000","3.15","14","7.78","0.29","57.18","1545.56","44500","100","20230710","453","20230316","356"
"8369","京都銀行","東証PR","銀行","581926","75840688","2.09","160","20.37","0.58","376.62","13307.69","767300","100","20230720","7829","20230106","5710"
"8370","紀陽銀行","東証PR","銀行","97585","67300000","2.76","40","6.62","0.43","219.18","3401.78","145000","100","20230309","1726","20230316","1438"
"8377","ほくほくフィナンシャルグループ","東証PR","銀行","152014","128770814","3.13","37","8.9","0.26","132.69","4491.95","118050","100","20230710","1241","20230330","908"
"8381","山陰合同銀行","東証PR","銀行","134844","156977472","4.19","36","8.29","0.42","103.58","2023.95","85900","100","20230309","887","20230316","718"
"8383","鳥取銀行","東証ST","銀行","11371","9619938","4.23","50","11.06","0.23","106.83","5103","118200","100","20230221","1294","20230118","1122"
"8386","百十四銀行","東証PR","銀行","58549","29100000","3.48","70","8.95","0.21","224.76","9719.34","201200","100","20230130","2083","20230608","1733"
"8387","四国銀行","東証PR","銀行","38267","42900000","3.92","35","7.29","0.25","122.44","3595.38","89200","100","20230113","1053","20230601","825"
"8388","阿波銀行","東証PR","銀行","83845","41040000","3.43","70","7.86","0.3","260.02","6838.08","204300","100","20230224","2290","20230316","1872"
"8392","大分銀行","東証PR","銀行","36954","16243634","3.96","90","6.91","0.19","329.47","11861.14","227500","100","20230309","2392","20230111","1955"
"8393","宮崎銀行","東証PR","銀行","43519","17633400","4.05","100","6.87","0.26","359.06","9431.67","246800","100","20230224","2838","20230601","2243"
"8395","佐賀銀行","東証PR","銀行","29628","17135909","4.05","70","5.58","0.27","309.7","6462.14","172900","100","20230302","1936","20230411","1582"
"8399","琉球銀行","東証PR","銀行","41169","43108470","3.87","37","7.78","0.29","122.75","3321.4","95500","100","20230224","1159","20230105","858"
"8410","セブン銀行","東証PR","銀行","344476","1179308000","3.77","11","20.82","1.37","14.03","213.08","29210","100","20230704","296","20230106","257"
"8411","みずほフィナンシャルグループ","東証PR","銀行","5689189","2539249894","4.24","95","9.31","0.62","240.7","3603.98","224050","100","20230719","2302","20230316","1744"
"8416","高知銀行","東証ST","銀行","8688","10244800","2.95","25","6.12","0.17","138.58","5129.67","84800","100","20230725","850","20230531","646"
"8418","山口フィナンシャルグループ","東証PR","銀行","244158","234767616","4.13","43","9.75","0.38","106.62","2718.04","104000","100","20230710","1068","20230316","787"
"8421","信金中央金庫（優先出資証券）","東証","銀行","194903","708222","-","-","-","-","-","-","275200","1","20230104","290700","20230316","265200"
"8424","芙蓉総合リース","東証PR","その他金融","347098","30287810","3.4","390","7.99","0.94","1434.09","12227.88","1146000","100","20230622","11720","20230106","8360"
"8425","みずほリース","東証PR","その他金融","231054","49004000","3.52","166","7.36","0.87","640.35","5427.77","471500","100","20230622","4795","20230106","3255"
"8439","東京センチュリー","東証PR","その他金融","660293","123028320","3.73","200","9.38","0.86","571.89","6222.16","536700","100","20230615","5409","20230116","4265"
"8462","フューチャーベンチャーキャピタル","東証ST","証券・先物","5991","8902600","-","-","-","1.63","-","413.14","67300","100","20230328","1200","20230106","562"
"8473","SBIホールディングス","東証PR","証券・先物","795764","272381890","-","-","-","0.78","-","3722.8","292150","100","20230309","2988","20230104","2505"
"8508","Jトラスト","東証ST","その他金融","69402","147038315","2.97","14","4.72","0.47","99.95","1006.75","47200","100","20230126","590","20230316","371"
"8511","日本証券金融","東証PR","その他金融","101200","88000000","2.96","34","16.25","0.73","70.77","1574.64","115000","100","20230605","1200","20230320","943"
"8515","アイフル","東証PR","その他金融","164771","484620136","0.29","1","7.28","0.93","46.72","364.01","34000","100","20230104","399","20230601","323"
"8518","日本アジア投資","東証ST","証券・先物","4131","17884392","0","0","-","0.54","-","428.22","23100","100","20230308","289","20230213","215"
"8522","名古屋銀行","東証PR","銀行","62653","17355487","3.32","120","7.34","0.25","492.02","14200.93","361000","100","20230116","3740","20230316","3040"
"8524","北洋銀行","東証PR","銀行","114131","399060179","3.5","10","9.92","0.27","28.82","1047.18","28600","100","20230309","334","20230104","253"
"8537","大光銀行","東証ST","銀行","11083","9671400","4.36","50","10.13","0.15","113.11","7705.97","114600","100","20230302","1299","20230601","1022"
"8541","愛媛銀行","東証PR","銀行","33237","39426777","3.56","30","7.01","0.26","120.27","3263.7","84300","100","20230309","1014","20230601","784"
"8542","トマト銀行","東証ST","銀行","12485","11679030","4.68","50","7.23","0.28","147.92","3839.12","106900","100","20230301","1147","20230118","1000"
"8544","京葉銀行","東証PR","銀行","75267","133927858","3.91","22","7.75","0.24","72.47","2313.85","56200","100","20230309","688","20230601","505"
"8550","栃木銀行","東証PR","銀行","28717","109608000","2.29","6","13.56","0.18","19.32","1481.7","26200","100","20230309","365","20230525","233"
"8551","北日本銀行","東証PR","銀行","17851","8793776","2.96","60","7.42","0.23","273.7","8942.49","203000","100","20230113","2348","20230601","1918"
"8558","東和銀行","東証PR","銀行","20970","37180273","4.43","25","10.41","0.2","54.16","2754.45","56400","100","20230130","635","20230601","509"
"8562","福島銀行","東証ST","銀行","6076","28000000","2.3","5","12.14","0.25","17.87","862.71","21700","100","20230113","279","20230531","203"
"8563","大東銀行","東証ST","銀行","8345","12701462","4.57","30","6.93","0.23","94.78","2836.37","65700","100","20230131","774","20230531","613"
"8566","リコーリース","東証PR","その他金融","134346","31243223","3.49","150","9.2","0.63","467.16","6868.14","430000","100","20230705","4315","20230120","3715"
"8570","イオンフィナンシャルサービス","東証PR","その他金融","268933","216010128","4.26","53","9.95","0.61","125.08","2031.26","124500","100","20230110","1431","20230316","1165"
"8572","アコム","東証ST","その他金融","563354","1566614098","3.34","12","9.73","0.97","36.96","370.92","35960","100","20230719","365","20230117","301"
"8584","ジャックス","東証PR","その他金融","181008","35079161","3.88","200","7.78","0.88","663.21","5883.59","516000","100","20230622","5320","20230106","3875"
"8585","オリエントコーポレーション","東証PR","その他金融","195774","171882370","3.51","40","9.77","0.86","116.61","1324.44","113900","100","20230309","1203","20230601","1054"
"8591","オリックス","東証PR","その他金融","3279142","1234849342","3.54","94","9.44","0.93","281.3","2868.13","265550","100","20230629","2666","20230110","2092"
"8593","三菱HCキャピタル","東証PR","その他金融","1324475","1466912244","4.1","37","10.81","0.85","83.55","1064.46","90290","100","20230725","905.4","20230106","635"
"8595","ジャフコグループ","東証PR","証券・先物","101805","56060000","-","-","-","0.76","-","2404.11","181600","100","20230127","2507","20230601","1681"
"8596","九州リースサービス","東証ST","その他金融","22734","25952374","2.91","25.5","7.66","0.53","114.35","1651.72","87600","100","20230308","1024","20230106","695"
"8600","トモニホールディングス","東証PR","銀行","62217","163728911","2.63","10","5.7","0.25","66.64","1506.76","38000","100","20230309","416","20230324","337"
"8601","大和証券グループ本社","東証PR","証券・先物","1192257","1569378772","-","-","-","0.78","-","968.93","75970","100","20230725","761","20230105","578"
"8604","野村ホールディングス","東証PR","証券・先物","1827906","3163562601","-","-","-","0.55","-","1048.24","57779","100","20230725","580.9","20230508","477"
"8609","岡三証券グループ","東証PR","証券・先物","120695","231217073","-","-","-","0.62","-","843.45","52200","100","20230725","527","20230104","377"
"8613","丸三証券","東証PR","証券・先物","33767","67398262","-","-","-","0.72","-","700.13","50100","100","20230725","510","20230531","396"
"8614","東洋証券","東証PR","証券・先物","29963","87355253","-","-","-","0.8","-","429.1","34300","100","20230328","371","20230531","258"
"8616","東海東京フィナンシャル・ホールディングス","東証PR","証券・先物","107881","260582115","-","-","-","0.61","-","679.99","41400","100","20230725","418","20230428","349"
"8617","光世証券","東証ST","証券・先物","6081","9486400","-","-","-","0.39","-","1662.52","64100","100","20230725","648","20230106","353"
"8622","水戸証券","東証PR","証券・先物","27427","70689033","-","-","-","0.64","-","603.83","38800","100","20230725","395","20230105","208"
"8624","いちよし証券","東証PR","証券・先物","26078","40431386","-","-","-","0.78","-","823.78","64500","100","20230220","653","20230601","566"
"8628","松井証券","東証PR","証券・先物","206893","259264702","-","-","-","2.7","-","295.93","79800","100","20230309","823","20230511","766"
"8630","SOMPOホールディングス","東証PR","保険","2164077","347698689","4.82","300","9.01","1.12","690.52","5566.64","622400","100","20230706","6685","20230406","5177"
"8697","日本取引所グループ","東証PR","その他金融","1261981","528578441","2.39","57","25.42","3.98","93.93","599.47","238750","100","20230623","2632","20230111","1828"
"8698","マネックスグループ","東証PR","証券・先物","141613","257947100","-","-","-","1.41","-","388.67","54900","100","20230623","579","20230104","415"
"8699","HSホールディングス","東証ST","証券・先物","42592","40953500","-","-","-","0.54","-","1908.27","104000","100","20230127","1271","20230320","925"
"8700","丸八証券","東証ST","証券・先物","5502","4042970","-","-","-","0.74","-","1842.73","136100","100","20230329","1438","20230523","1261"
"8704","トレイダーズホールディングス","東証ST","証券・先物","18816","29538647","-","-","6.1","1.53","104.44","416.91","63700","100","20230720","659","20230105","370"
"8705","日産証券グループ","東証ST","証券・先物","9268","59033867","-","-","-","0.73","-","215.73","15700","100","20230601","190","20230531","145"
"8706","極東証券","東証PR","証券・先物","23699","32779000","-","-","-","0.49","-","1482.41","72300","100","20230725","725","20230106","565"
"8707","岩井コスモホールディングス","東証PR","証券・先物","40421","25012800","-","-","-","0.65","-","2497.61","161600","100","20230725","1617","20230106","1279"
"8708","アイザワ証券グループ","東証PR","証券・先物","39161","47525649","-","-","-","0.61","-","1350.08","82400","100","20230621","846","20230105","674"
"8713","フィデアホールディングス","東証PR","銀行","26070","18142122","5.22","75","14.42","0.29","99.67","5011.71","143700","100","20230301","1573","20230601","1294"
"8714","池田泉州ホールディングス","東証PR","銀行","68566","281008632","4.1","10","7.95","0.3","30.68","807.64","24400","100","20230309","274","20230601","224"
"8715","アニコムホールディングス","東証PR","保険","49924","81309160","0.9","5.5","19.95","1.77","30.77","346.9","61400","100","20230526","660","20230323","482"
"8725","MS＆ADインシュアランスグループホールディングス","東証PR","保険","2743081","535967347","4.69","240","9.11","0.91","561.51","5633.94","511800","100","20230705","5328","20230407","4033"
"8732","マネーパートナーズグループ","東証PR","証券・先物","9059","33801900","-","-","-","0.63","-","425.97","26800","100","20230104","291","20230314","238"
"8737","あかつき本社","東証ST","証券・先物","13101","34029544","4.94","19","7.41","0.83","51.98","464.72","38500","100","20230725","385","20230104","306"
"8739","スパークス・グループ","東証PR","証券・先物","62244","41915480","-","-","-","2.27","-","655.21","148500","100","20230201","1818","20230512","1340"
"8742","小林洋行","東証ST","証券・先物","2888","12554379","-","-","-","0.32","-","712.49","23000","100","20230502","247","20230106","218"
"8746","第一商品","東証ST","証券・先物","3007","30070543","-","-","-","0.6","-","165.29","10000","100","20230314","165","20230725","98"
"8747","豊トラスティ証券","東証ST","証券・先物","9209","8897472","-","-","-","0.52","-","1976.67","103500","100","20230327","1060","20230110","838"
"8750","第一生命ホールディングス","東証PR","保険","2635579","989888900","3.23","86","9.59","0.91","277.67","2921.75","266250","100","20230131","3130","20230316","2295"
"8766","東京海上ホールディングス","東証PR","保険","6367950","2002500000","3.81","121","11.95","1.74","266.18","1823.65","318000","100","20230619","3421","20230330","2511"
"8769","アドバンテッジリスクマネジメント","東証PR","サービス","10126","17280200","2.05","12","17.46","2.72","33.57","215.14","58600","100","20230621","665","20230105","357"
"8771","イー・ギャランティ","東証PR","その他金融","98880","47515700","1.68","35","30.87","4.85","67.42","428.68","208100","100","20230131","2463","20230619","1868"
"8772","アサックス","東証ST","その他金融","21371","32980500","2.78","18","7.14","0.49","90.73","1323.13","64800","100","20230301","678","20230106","584"
"8783","GFA","東証ST","その他金融","4110","52692700","0","0","-","3.29","-7.52","23.68","7800","100","20230301","164","20230529","70"
"8789","フィンテックグローバル","東証ST","その他金融","13689","201305200","-","-","9.13","1.93","7.45","35.17","6800","100","20230509","81","20230120","54"
"8793","NECキャピタルソリューション","東証PR","その他金融","68369","21533400","4.09","130","9.11","0.62","348.37","5085.69","317500","100","20230705","3295","20230104","2128"
"8795","T＆Dホールディングス","東証PR","保険","1249564","589000000","3.3","70","13.34","1.18","159.02","1803.27","212150","100","20230707","2284","20230327","1518"
"8798","アドバンスクリエイト","東証PR","保険","27407","22557200","2.88","35","15.64","3.75","77.7","324.14","121500","100","20230705","1248","20230324","1007"
"8801","三井不動産","東証PR","不動産","2675302","936566427","2.38","68","12.7","0.92","224.96","3107.37","285650","100","20230623","2944","20230116","2224"
"8802","三菱地所","東証PR","不動産","2301613","1324288306","2.3","40","13.57","1.04","128.06","1664.47","173800","100","20230619","1782","20230324","1539"
"8803","平和不動産","東証PR","不動産","150777","38859996","2.99","116","16.93","1.16","229.14","3334.34","388000","100","20230522","4010","20230203","3450"
"8804","東京建物","東証PR","不動産","398255","209167674","3.78","72","8.94","0.87","213.03","2196.12","190400","100","20230623","1982","20230116","1484"
"8818","京阪神ビルディング","東証PR","不動産","59398","49211498","2.98","36","18.47","0.83","65.34","1445.53","120700","100","20230118","1390","20230516","1135"
"8830","住友不動産","東証PR","不動産","1767707","476085978","1.59","59","10.06","0.98","369.25","3796.64","371300","100","20230613","3789","20230324","2854"
"8835","太平洋興発","東証ST","卸売","6024","7783448","5.04","39","10.38","0.39","74.56","1968.85","77400","100","20230227","1054","20230601","710"
"8836","RISE","東証ST","不動産","2016","96013277","0","0","-","-","-0.51","-20.09","2100","100","20230215","23","20230209","19"
"8841","テーオーシー","東証ST","不動産","57358","95279352","1.66","10","81.68","0.57","7.37","1050.49","60200","100","20230131","692","20230531","597"
"8842","東京楽天地","東証PR","不動産","26003","6191218","1.43","60","35.9","0.76","117","5494.81","420000","100","20230308","4595","20230323","4005"
"8844","コスモスイニシア","東証ST","不動産","21059","33911219","2.58","16","6.38","0.52","97.34","1205.03","62100","100","20230616","640","20230320","462"
"8848","レオパレス21","東証PR","不動産","101123","329389515","0","0","13.65","4.19","22.49","73.29","30700","100","20230510","394","20230628","261"
"8850","スターツコーポレーション","東証PR","不動産","156757","53998205","3.62","105","6.87","1.01","422.81","2869.5","290300","100","20230623","3015","20230407","2393"
"8854","日住サービス","東証ST","不動産","2790","1989845","3.57","50","52.22","0.5","26.85","2797.66","140200","100","20230331","1471","20230419","1394"
"8860","フジ住宅","東証PR","不動産","25684","36849912","3.87","27","6.23","0.53","111.88","1316.94","69700","100","20230501","728","20230110","640"
"8864","空港施設","東証PR","不動産","29562","52979350","2.51","14","21.54","0.51","25.9","1095.16","55800","100","20230509","582","20230116","510"
"8869","明和地所","東証PR","不動産","26660","23447684","4.4","50","7.02","0.89","162.06","1279.38","113700","100","20230725","1140","20230105","700"
"8871","ゴールドクレスト","東証PR","不動産","67345","35784000","4.25","80","20.89","0.48","90.08","3916.71","188200","100","20230724","1893","20230118","1605"
"8876","リログループ","東証PR","サービス","294480","153016200","1.92","37","15.48","4.29","124.3","448.9","192450","100","20230125","2242","20230718","1893"
"8877","エスリード","東証PR","不動産","44850","15465600","3.45","100","6.3","0.73","460.15","3951.19","290000","100","20230725","2900","20230105","1828"
"8881","日神グループホールディングス","東証PR","不動産","24180","46951260","4.27","22","11.46","0.37","44.93","1406.12","51500","100","20230621","544","20230105","425"
"8886","ウッドフレンズ","東証ST","不動産","2739","1480000","0","0","300","0.4","6.17","4685.05","185100","100","20230113","2382","20230718","1787"
"8887","リベレステ","東証ST","不動産","8028","10789800","5.38","40","10.19","0.68","72.99","1089.58","74400","100","20230427","835","20230530","646"
"8889","APAMAN","東証ST","不動産","8555","18438060","4.31","20","27.68","2.14","16.76","216.97","46400","100","20230210","471","20230626","453"
"8890","レーサム","東証ST","不動産","86343","29081400","5.89","175","7.72","1.61","384.63","1842.43","296900","100","20230619","3330","20230320","1244"
"8891","AMGホールディングス","東証ST","不動産","4824","2906048","3.31","55","5.03","0.51","329.72","3266.52","166000","100","20230308","1938","20230117","1298"
"8892","日本エスコン","東証PR","不動産","84287","98580887","4.44","38","8.67","1.25","98.66","683.05","85500","100","20230309","889","20230112","750"
"8893","新日本建物","東証ST","不動産","11232","19914617","5.32","30","6.68","1.23","84.42","457.09","56400","100","20230629","582","20230105","449"
"8894","REVOLUTION","東証ST","不動産","6000","400000510","0","0","-","3.93","-0.21","3.82","1500","100","20230417","17","20230214","12"
"8897","MIRARTHホールディングス","東証PR","不動産","57717","121000000","5.03","24","6.16","0.85","77.41","558.95","47700","100","20230725","478","20230207","354"
"8898","センチュリー21・ジャパン","東証ST","不動産","11755","11325000","4.34","45","16.39","1.71","63.33","605.64","103800","100","20230224","1040","20230119","1000"
"8903","サンウッド","東証ST","不動産","3935","4894000","4.98","40","5.36","0.66","149.89","1222.57","80400","100","20230418","850","20230413","674"
"8904","AVANTIA","東証PR","不動産","13187","14884300","4.29","38","9.74","0.47","91.01","1877.14","88600","100","20230711","894","20230116","778"
"8905","イオンモール","東証PR","不動産","400277","227559339","2.84","50","14.83","0.89","118.65","1975.43","175900","100","20230629","1904","20230106","1652"
"8908","毎日コムネット","東証ST","不動産","13194","18000000","3.82","28","9.29","1.17","78.88","625.73","73300","100","20230509","847","20230113","644"
"8912","エリアクエスト","東証ST","不動産","2329","20250000","1.74","2","18.31","1.39","6.28","82.91","11500","100","20230724","131","20230213","95"
"8914","エリアリンク","東証ST","不動産","30346","12940900","2.64","62","11.43","1.3","205.09","1806.43","234500","100","20230612","2673","20230106","1754"
"8917","ファースト住建","東証PR","不動産","18812","16901900","3.86","43","6.58","0.42","169.12","2680.46","111300","100","20230426","1172","20230106","1001"
"8918","ランド","東証ST","不動産","11528","1440974000","1.25","0.1","9.52","1.61","0.84","4.96","800","100","20230104","10","20230511","8"
"8919","カチタス","東証PR","不動産","201739","78650640","2.11","54","22.49","5.59","114.06","458.69","256500","100","20230201","3220","20230612","2201"
"8920","東祥","東証ST","サービス","50116","38315000","0.31","4","31.31","1.33","41.77","980.29","130800","100","20230508","1387","20230116","1020"
"8923","トーセイ","東証PR","不動産","88556","48683800","3.3","60","9.18","1.11","198.18","1645.52","181900","100","20230706","1949","20230106","1334"
"8925","アルデプロ","東証ST","不動産","13961","33723415","3.62","15","5.48","1.86","75.59","223.13","41400","100","20230704","460","20230316","351"
"8927","明豊エンタープライズ","東証ST","不動産","7391","30539900","3.72","9","9.77","1.05","24.77","230.63","24200","100","20230619","263","20230118","182"
"8928","穴吹興産","東証ST","不動産","24940","11535600","2.68","58","5.77","0.62","374.99","3513.38","216200","100","20230511","2395","20230104","1921"
"8929","青山財産ネットワークス","東証ST","不動産","24349","24520859","3.83","38","12.19","3.01","81.48","330.44","99300","100","20230215","1208","20230512","918"
"8931","和田興産","東証ST","不動産","13009","11100000","4.44","52","5.91","0.44","198.2","2645.01","117200","100","20230725","1179","20230105","915"
"8934","サンフロンティア不動産","東証PR","不動産","72256","48755500","3.51","52","6.54","0.89","226.72","1663.33","148200","100","20230725","1485","20230116","1059"
"8935","FJネクストホールディングス","東証PR","不動産","35894","34646500","4.63","48","6.77","0.54","152.97","1928.17","103600","100","20230510","1048","20230105","948"
"8938","グローム・ホールディングス","東証GR","不動産","12337","9051000","0","0","232.59","1.57","5.86","867.29","136300","100","20230720","1423","20230313","938"
"8940","インテリックス","東証PR","不動産","4600","8932100","3.5","18","17.46","0.37","29.5","1403.89","51500","100","20230404","597","20230116","493"
"8944","ランドビジネス","東証ST","不動産","7311","26780800","2.2","6","16.27","0.29","16.78","938.37","27300","100","20230621","310","20230105","221"
"8945","サンネクスタグループ","東証PR","不動産","10459","10749700","3.7","36","16.39","1.2","59.35","811.77","97300","100","20230628","1035","20230120","896"
"8946","ASIANSTAR","東証ST","不動産","1776","19308200","0","0","55.42","1.07","1.66","86.07","9200","100","20230222","158","20230104","81"
"8995","誠建設工業","東証ST","不動産","1404","2012000","3.58","25","7.8","0.37","89.47","1884.46","69800","100","20230622","755","20230113","613"
"8996","ハウスフリーダム","東証ST","不動産","3087","4110000","5.33","40","8.19","1.04","91.74","722.27","75100","100","20230714","765","20230118","645"
"8999","グランディハウス","東証PR","不動産","18679","30823200","5.28","32","8.1","0.68","74.78","889.12","60600","100","20230309","616","20230330","532"
"9001","東武鉄道","東証PR","陸運","765826","209815421","0.82","30","26.47","1.59","137.87","2296.65","365000","100","20230629","3963","20230118","2919"
"9003","相鉄ホールディングス","東証PR","陸運","244137","98145499","1.21","30","23.21","1.67","107.17","1487.07","248750","100","20230517","2804","20230117","2139"
"9005","東急","東証PR","陸運","1074464","624869876","0.87","15","26.42","1.43","65.08","1204.93","171950","100","20230518","2036","20230112","1571"
"9006","京浜急行電鉄","東証PR","陸運","363866","275760547","0.91","12","21.37","1.34","61.75","984.76","131950","100","20230518","1412","20230316","1220"
"9007","小田急電鉄","東証PR","陸運","705489","368497717","1.15","22","11.08","1.8","172.82","1066.07","191450","100","20230518","2188","20230316","1580"
"9008","京王電鉄","東証PR","陸運","572437","128550830","1.01","45","34.42","1.55","129.39","2879.29","445300","100","20230518","5350","20230710","4234"
"9009","京成電鉄","東証PR","陸運","1001192","172411185","0.34","20","29.21","2.46","198.83","2357.93","580700","100","20230629","6152","20230117","3460"
"9010","富士急行","東証PR","陸運","299122","54884738","0.33","18","91.29","11.18","59.7","487.38","545000","100","20230515","5670","20230222","4040"
"9012","秩父鉄道","東証ST","陸運","3332","1500000","0","0","165.01","0.66","13.46","3378.74","222100","100","20230105","2530","20230714","2200"
"9017","新潟交通","東証ST","陸運","7863","3864000","-","-","22.34","0.46","91.11","4421.41","203500","100","20230419","2210","20230330","2001"
"9020","東日本旅客鉄道","東証PR","陸運","2978863","377932400","1.4","110","21.67","1.2","363.74","6566.64","788200","100","20230518","8325","20230222","6706"
"9021","西日本旅客鉄道","東証PR","陸運","1397641","244001600","1.75","100","20.99","1.35","272.89","4245.13","572800","100","20230518","6350","20230222","5115"
"9022","東海旅客鉄道","東証PR","陸運","3656500","206000000","0.79","140","13.97","0.93","1270.33","19101.99","1775000","100","20230629","18465","20230224","14920"
"9024","西武ホールディングス","東証PR","陸運","486650","323462920","1.66","25","18.87","1.22","79.74","1237.46","150450","100","20230522","1618","20230316","1278"
"9025","鴻池運輸","東証PR","陸運","102116","56952442","2.68","48","11.18","0.78","160.41","2289","179300","100","20230725","1796","20230320","1403"
"9028","ゼロ","東証ST","陸運","23039","17560242","3.11","40.8","8.04","0.68","163.2","1932.15","131200","100","20230704","1366","20230105","1144"
"9029","ヒガシトゥエンティワン","東証ST","陸運","12190","13264000","3.48","32","9.14","1.11","100.6","828.51","91900","100","20230425","997","20230105","716"
"9031","西日本鉄道","東証PR","陸運","196377","79360186","1.41","35","20.32","1","121.78","2471.07","247450","100","20230510","2550","20230324","2306"
"9033","広島電鉄","東証ST","陸運","24509","30445500","0.75","6","40.74","0.64","19.76","1263.07","80500","100","20230324","835","20230216","800"
"9034","南総通運","東証ST","陸運","6990","5000000","4.29","60","6.31","0.34","221.72","4101.4","139800","100","20230704","1430","20230216","1235"
"9036","東部ネットワーク","東証ST","陸運","5663","5749000","1.52","15","12.21","0.27","80.64","3659.39","98500","100","20230725","994","20230105","803"
"9037","ハマキョウレックス","東証PR","陸運","73291","19012000","2.59","100","9.41","0.94","409.85","4118.72","385500","100","20230621","3880","20230113","2947"
"9039","サカイ引越センター","東証PR","陸運","108349","21162000","2.05","105","11.7","1.26","437.63","4051.42","512000","100","20230719","5140","20230105","4180"
"9041","近鉄グループホールディングス","東証PR","陸運","884481","190662061","1.08","50","20.05","2","231.36","2323.34","463900","100","20230629","5157","20230222","4000"
"9042","阪急阪神ホールディングス","東証PR","陸運","1174017","254281385","1.08","50","21.39","1.23","215.85","3764.17","461700","100","20230629","4908","20230112","3710"
"9044","南海電気鉄道","東証PR","陸運","338563","113402446","0.84","25","18.57","1.29","160.74","2306.15","298550","100","20230518","3400","20230222","2691"
"9045","京阪ホールディングス","東証PR","陸運","429076","113182703","0.79","30","21.97","1.52","172.57","2502.22","379100","100","20230629","3883","20230224","3250"
"9046","神戸電鉄","東証PR","陸運","24306","8061566","0","0","39.08","1.14","77.15","2643.57","301500","100","20230509","3260","20230706","2950"
"9048","名古屋鉄道","東証PR","陸運","435692","196700692","1.13","25","20.73","1.08","106.85","2057.89","221500","100","20230522","2472","20230316","1980"
"9049","京福電気鉄道","東証ST","陸運","8300","2000000","0.48","20","5.89","0.96","704.42","4302.33","415000","100","20230512","4230","20230116","3200"
"9051","センコン物流","東証ST","陸運","4464","5651000","1.9","15","9.02","0.76","87.61","1034.01","79000","100","20230327","810","20230407","758"
"9052","山陽電気鉄道","東証PR","陸運","48792","22330598","1.37","30","23.69","0.98","92.22","2234.38","218500","100","20230518","2465","20230105","2095"
"9055","アルプス物流","東証PR","陸運","55895","35488600","2.79","44","14.68","0.97","107.26","1618.1","157500","100","20230629","1651","20230106","1101"
"9057","遠州トラック","東証ST","陸運","18405","7546000","3.85","94","8.09","0.9","301.42","2699.21","243900","100","20230309","2549","20230531","2356"
"9058","トランコム","東証PR","倉庫・運輸","71546","10324150","1.9","132","13.2","1.36","525.03","5090.63","693000","100","20230125","7740","20230627","6420"
"9059","カンダホールディングス","東証ST","陸運","16200","23308720","2.59","18","7.3","0.68","95.24","1023.25","69500","100","20230705","740","20230118","561"
"9060","日本ロジテム","東証ST","陸運","4821","1383310","2.3","80","8.67","0.35","401.95","9993.71","348500","100","20230712","3545","20230330","3315"
"9063","岡山県貨物運送","東証ST","陸運","6666","2200000","2.31","70","2.33","0.31","1302.42","9831.65","303000","100","20230721","3060","20230119","2642"
"9064","ヤマトホールディングス","東証PR","陸運","1013563","379824892","1.72","46","19.33","1.58","138.02","1684.87","266850","100","20230725","2679","20230116","2008"
"9065","山九","東証PR","陸運","299279","61757978","3.47","168","11.57","1.05","418.84","4603.55","484600","100","20230130","5350","20230106","4540"
"9066","日新","東証PR","倉庫・運輸","52405","20272769","3.87","100","7.77","0.62","332.48","4201.29","258500","100","20230523","2612","20230323","1984"
"9067","丸運","東証ST","陸運","6981","28965449","3.32","8","14.5","0.29","16.62","836.63","24100","100","20230511","255","20230104","215"
"9068","丸全昭和運輸","東証PR","陸運","85131","20612844","2.42","100","8.38","0.73","493.01","5628.39","413000","100","20230720","4175","20230117","2882"
"9069","センコーグループホールディングス","東証PR","陸運","162097","157070496","3.49","36","9.22","0.96","111.92","1075.69","103200","100","20230703","1050","20230601","911"
"9070","トナミホールディングス","東証PR","陸運","49195","9761011","2.78","140","7.87","0.52","640.11","9634.57","504000","100","20230725","5110","20230116","3475"
"9072","ニッコンホールディングス","東証PR","陸運","193078","65739892","3.4","100","11.78","0.82","249.31","3566.33","293700","100","20230724","2944","20230105","2283"
"9073","京極運輸商事","東証ST","陸運","2016","3200000","1.59","10","12.82","0.49","49.13","1285.37","63000","100","20230725","630","20230111","544"
"9074","日本石油輸送","東証ST","陸運","9460","3322935","3.51","100","7.85","0.42","362.78","6829.33","284700","100","20230703","2922","20230117","2114"
"9075","福山通運","東証PR","陸運","207143","50770363","1.72","70","11.88","0.62","343.44","6589.57","408000","100","20230704","4155","20230106","2960"
"9076","セイノーホールディングス","東証PR","陸運","406702","187679783","4.38","95","18.39","0.88","117.86","2449.98","216700","100","20230725","2173","20230116","1136"
"9078","エスライングループ本社","東証ST","陸運","9509","11095203","2.57","22","8.85","0.35","96.81","2465.71","85700","100","20230706","898","20230113","770"
"9081","神奈川中央交通","東証PR","陸運","40068","12600000","1.26","40","12.84","0.81","247.73","3930.67","318000","100","20230308","3365","20230531","3085"
"9082","大和自動車交通","東証ST","陸運","4526","5250000","0.93","8","23.24","0.39","37.09","2185.06","86200","100","20230427","960","20230320","769"
"9083","神姫バス","東証ST","陸運","21633","6172000","1","35","14.16","0.47","247.47","7458.61","350500","100","20230328","3600","20230411","3300"
"9087","タカセ","東証ST","陸運","3169","1054513","2.33","70","15","0.44","200.38","6904.02","300500","100","20230407","3150","20230104","2125"
"9090","AZ-COM丸和ホールディングス","東証PR","陸運","253391","128952320","1.42","28","28.26","6.89","69.53","285.4","196500","100","20230517","2212","20230120","1530"
"9099","C＆Fロジホールディングス","東証PR","陸運","33886","25690766","2.12","28","12.92","0.69","102.08","1912.73","131900","100","20230309","1363","20230116","1107"
"9101","日本郵船","東証PR","海運","1760580","510165294","3.48","120","8.77","0.71","393.57","4877.55","345100","100","20230228","3724","20230105","2858"
"9104","商船三井","東証PR","海運","1350686","362114258","4.83","180","6.43","0.7","580.52","5322.35","373000","100","20230721","3768","20230105","3045"
"9107","川崎汽船","東証PR","海運","1069038","250712389","4.69","200","8.79","0.7","485.29","6128.41","426400","100","20230720","4334","20230105","2555"
"9110","NSユナイテッド海運","東証PR","海運","87253","23970679","-","-","7.8","0.62","466.77","5830.65","364000","100","20230310","4775","20230602","3180"
"9115","明治海運","東証ST","海運","21528","36000000","-","-","9.68","0.58","61.75","1038.96","59800","100","20230227","743","20230531","517"
"9119","飯野海運","東証PR","海運","97248","108900000","3.25","29","9.45","0.85","94.51","1045.99","89300","100","20230309","1166","20230516","786"
"9127","玉井商船","東証ST","海運","3093","1932000","5","80","4.07","0.48","393.72","3354.2","160100","100","20230310","1650","20230515","1280"
"9130","共栄タンカー","東証ST","海運","6656","7650000","2.3","20","95.08","0.37","9.15","2339.83","87000","100","20230309","992","20230601","818"
"9142","九州旅客鉄道","東証PR","陸運","481657","157301600","3.04","93","11.82","1.18","259.04","2584.35","306200","100","20230518","3225","20230112","2768"
"9143","SGホールディングス","東証PR","陸運","1385173","640394400","2.4","52","19.07","2.46","113.45","878.84","216300","100","20230523","2193","20230106","1744"
"9145","ビーイングホールディングス","東証ST","陸運","12801","5877500","1.33","29","14.22","2.6","153.13","836.42","217800","100","20230718","2355","20230105","1682"
"9147","NIPPON_EXPRESSホールディングス","東証PR","陸運","749437","90599225","3.63","300","10.24","0.97","807.49","8532.43","827200","100","20230622","8499","20230117","7040"
"9158","シーユーシー","東証GR","サービス","83223","29990400","0","0","40.94","6.88","67.79","403.16","277500","100","20230621","5130","20230724","2721"
"9159","W_TOKYO","東証GR","サービス","11931","2588000","0","0","28.2","12.33","163.45","374.03","461000","100","20230630","7700","20230718","4140"
"9160","ノバレーゼ","東証ST","サービス","12650","25000000","0","0","6.8","1.83","74.4","276.52","50600","100","20230630","590","20230724","500"
"9161","ID＆Eホールディングス","東証PR","サービス","52129","15066152","-","-","-","-","-","-","346000","100","20230703","3680","20230710","3100"
"9162","ブリーチ","東証GR","サービス","25827","25050000","0","0","19.45","9.02","53.01","114.33","103100","100","20230705","1658","20230725","1018"
"9163","ナレルグループ","東証GR","サービス","19696","8402630","3.84","90","13.26","1.84","176.73","1274.01","234400","100","20230721","2690","20230725","2340"
"9164","トライト","東証GR","サービス","82500","100000000","0","0","19.15","3.98","43.09","207.26","82500","100","20230724","1133","20230725","797"
"9171","栗林商船","東証ST","海運","9020","12739696","1.41","10","8.2","0.42","86.35","1685.5","70800","100","20230510","1084","20230111","453"
"9173","東海汽船","東証ST","海運","5478","2200000","-","-","54.65","1.16","45.56","2150.17","249000","100","20230628","2525","20230104","2350"
"9193","東京汽船","東証ST","倉庫・運輸","6176","10010000","3.24","20","9.11","0.3","67.76","2084.4","61700","100","20230509","643","20230117","451"
"9201","日本航空","東証PR","空運","1343779","437143500","1.3","40","24.42","1.65","125.86","1867.91","307400","100","20230629","3205","20230316","2461"
"9202","ANAホールディングス","東証PR","空運","1646598","484293561","-","-","19.99","1.85","170.09","1833.64","340000","100","20230629","3510","20230316","2681"
"9204","スカイマーク","東証GR","空運","72154","60329400","-","-","12.44","3.02","96.14","396.46","119600","100","20230203","1487","20230421","1058"
"9206","スターフライヤー","東証ST","空運","10684","3508840","-","-","8.69","-","350.58","-1953.4","304500","100","20230725","3045","20230113","2410"
"9211","エフ・コード","東証GR","サービス","9438","5243300","0","0","50.79","3.4","35.44","529.07","180000","100","20230111","2747","20230428","1526"
"9212","Green_Earth_Institute","東証GR","サービス","7928","11277700","0","0","-","3.84","-17.36","183.06","70300","100","20230609","945","20230105","415"
"9213","セイファート","東証ST","サービス","1318","1320800","4.21","42","7.41","1.33","134.77","750.3","99800","100","20230407","1180","20230705","970"
"9214","Recovery_International","東証GR","サービス","4327","1414000","0","0","34.89","7.42","87.7","412.32","306000","100","20230712","3335","20230104","1800"
"9215","CaSy","東証GR","サービス","1642","1892000","0","0","-","7.14","0","121.56","86800","100","20230426","975","20230123","718"
"9216","ビーウィズ","東証PR","サービス","34773","13914800","2","50","17.62","4.43","141.8","564.24","249900","100","20230714","2599","20230111","1061"
"9218","メンタルヘルステクノロジーズ","東証GR","サービス","10822","9901300","0","0","30.73","14.2","35.57","76.96","109300","100","20230203","1520","20230515","940"
"9219","ギックス","東証GR","サービス","14327","5581300","0","0","63.4","7.63","40.49","336.3","256700","100","20230502","3330","20230105","1177"
"9220","エフビー介護サービス","東証ST","サービス","2713","2676000","3.25","33","6.77","0.9","149.85","1130.2","101400","100","20230124","1226","20230530","1000"
"9221","フルハシEPO","東証ST","サービス","10573","11760800","2.22","20","13.95","2.09","64.45","430.71","89900","100","20230224","1233","20230529","721"
"9225","ブリッジコンサルティンググループ","東証GR","サービス","9151","2031400","0","0","118.87","12.5","37.9","360.34","450500","100","20230630","6800","20230627","4100"
"9227","マイクロ波化学","東証GR","サービス","28796","15382400","0","0","322.76","16.85","5.8","111.09","187200","100","20230112","2745","20230329","1591"
"9229","サンウェルズ","東証GR","サービス","109006","35220000","0.32","10","60.45","17.22","51.2","179.72","309500","100","20230622","3880","20230118","2157"
"9232","パスコ","東証ST","空運","26601","14418025","4.07","75","5.9","0.98","312.52","1888.93","184500","100","20230705","1902","20230105","1310"
"9233","アジア航測","東証ST","空運","17497","18614000","3.19","30","9.19","0.82","102.27","1141.92","94000","100","20230711","950","20230105","768"
"9240","デリバリーコンサルティング","東証GR","サービス","2275","4680600","0","0","34.42","2.41","14.12","201.27","48600","100","20230626","543","20230424","430"
"9241","フューチャーリンクネットワーク","東証GR","サービス","1098","832250","0","0","136.4","4.04","9.67","326.21","131900","100","20230613","2120","20230116","1050"
"9242","メディア総研","東証GR","サービス","1931","1198700","0","0","13.54","1.55","118.99","1040.39","161100","100","20230704","1897","20230104","1150"
"9244","デジタリフト","東証GR","サービス","1729","1556000","0","0","31.5","2.17","35.27","511.7","111100","100","20230713","1368","20230523","948"
"9245","リベロ","東証GR","サービス","5407","5316200","0","0","79.14","2.88","12.85","353.51","101700","100","20230306","1328","20230106","696"
"9246","プロジェクトカンパニー","東証GR","サービス","15893","5779200","0","0","18.84","5.38","145.98","511.53","275000","100","20230215","7070","20230721","2740"
"9247","TREホールディングス","東証PR","サービス","64764","52610712","3.25","40","11.71","0.97","105.14","1275.04","123100","100","20230307","1608","20230602","1026"
"9248","人・夢・技術グループ","東証PR","サービス","16356","9416000","3.45","60","12.92","0.73","134.49","2394.14","173700","100","20230720","1801","20230206","1360"
"9249","日本エコシステム","東証ST","サービス","4665","2696600","2.95","51","7.66","1.09","225.93","1584.96","173000","100","20230602","2320","20230517","1590"
"9250","GRCS","東証GR","サービス","3288","1313180","0","0","640.41","11.29","3.91","221.84","250400","100","20230710","4330","20230515","2306"
"9251","AB＆Company","東証GR","サービス","17231","15101914","2.46","28.07","16.85","2.14","67.73","534.34","114100","100","20230622","1266","20230130","896"
"9252","ラストワンマイル","東証GR","サービス","8990","2796118","0","0","53.31","6.52","60.31","493.3","321500","100","20230621","4840","20230116","736"
"9253","スローガン","東証GR","サービス","1949","2744575","1.13","8","125.22","1.3","5.67","545.33","71000","100","20230404","864","20230427","679"
"9254","ラバブルマーケティンググループ","東証GR","サービス","2027","1446775","0","0","54.79","3.8","25.57","369.1","140100","100","20230324","2588","20230214","1250"
"9256","サクシード","東証GR","サービス","3271","3501850","0","0","10.97","1.65","85.14","565.08","93400","100","20230209","1019","20230516","860"
"9257","YCPホールディングス（グローバル）リミテッド（外国株）","東証GR","サービス","-","-","-","-","-","-","-","-","73400","100","20230215","844","20230309","663"
"9258","CS-C","東証GR","サービス","3970","6572800","0","0","40.11","1.77","15.06","340.8","60400","100","20230605","748","20230214","466"
"9259","タカヨシ","東証GR","サービス","8100","5559080","0","0","16.33","3.89","89.23","374.88","145700","100","20230712","1494","20230316","1070"
"9260","西本Wismettacホールディングス","東証PR","卸売","65666","14353140","3.28","150","9","0.9","508.61","5110.32","457500","100","20230628","4730","20230323","3330"
"9262","シルバーライフ","東証PR","小売","14750","10822000","1.1","15","26.78","2.57","50.9","530.98","136300","100","20230306","2010","20230609","1197"
"9263","ビジョナリーホールディングス","東証ST","小売","4514","37931415","0","0","-","1.23","-","97.08","11900","100","20230302","213","20230602","96"
"9264","ポエック","東証ST","卸売","3933","3498837","-","-","18.75","0.96","59.94","1173.73","112400","100","20230127","1197","20230421","837"
"9265","ヤマシタヘルスケアホールディングス","東証ST","卸売","5193","2553000","2.7","55","11.19","0.66","181.76","3097.34","203400","100","20230425","2285","20230113","1535"
"9267","Genky_DrugStores","東証PR","小売","77048","15487084","0.5","25","15.42","1.86","322.71","2674.34","497500","100","20230725","5240","20230105","3510"
"9268","オプティマスグループ","東証ST","卸売","20527","16137780","4.32","55","7.35","1.06","172.96","1205.22","127200","100","20230725","1295","20230104","821"
"9270","バリュエンスホールディングス","東証GR","卸売","37785","13427550","1.07","30","29.25","4.52","96.19","622.84","281400","100","20230112","2979","20230406","1586"
"9271","和心","東証GR","小売","2336","6115700","-","-","-","-","-23.63","-134.96","38200","100","20230120","499","20230330","335"
"9272","ブティックス","東証GR","サービス","29628","10160400","-","-","45.39","16.95","64.24","171.99","291600","100","20230704","3090","20230215","1486"
"9273","コーア商事ホールディングス","東証PR","卸売","27417","39619980","1.73","12","11.19","1.35","61.84","512.18","69200","100","20230404","760","20230105","591"
"9274","KPPグループホールディングス","東証PR","卸売","45045","73244408","3.58","22","4.2","0.65","146.46","944.75","61500","100","20230202","926","20230601","566"
"9275","ナルミヤ・インターナショナル","東証ST","小売","10761","10122830","2.92","31","9.87","1.98","107.75","536.48","106300","100","20230712","1093","20230104","868"
"9278","ブックオフグループホールディングス","東証PR","小売","24123","20547413","2.13","25","14.5","1.23","80.95","954.2","117400","100","20230414","1475","20230118","1091"
"9279","ギフトホールディングス","東証PR","小売","46122","9972292","0.65","30","33.4","7.7","138.48","600.78","462500","100","20230616","5460","20230317","3785"
"9301","三菱倉庫","東証PR","倉庫・運輸","288256","81960739","2.84","100","11.45","0.78","307.12","4489.01","351700","100","20230623","3673","20230116","2792"
"9302","三井倉庫ホールディングス","東証PR","倉庫・運輸","89348","24957602","3.74","134","8.1","0.95","442.21","3750.18","358000","100","20230510","4100","20230601","3340"
"9303","住友倉庫","東証PR","倉庫・運輸","194873","79997315","4.15","101","15.6","0.89","156.19","2737.57","243600","100","20230725","2437","20230105","1894"
"9304","澁澤倉庫","東証PR","倉庫・運輸","44892","15217747","3.22","95","12.42","0.78","237.59","3766.62","295000","100","20230725","2980","20230112","2028"
"9305","ヤマタネ","東証PR","卸売","20635","11344181","3.13","57","8.54","0.42","213.12","4321.59","181900","100","20230725","1833","20230531","1596"
"9306","東陽倉庫","東証ST","倉庫・運輸","10775","39324953","3.65","10","8.99","0.45","30.47","615.72","27400","100","20230307","307","20230105","246"
"9307","杉村倉庫","東証ST","倉庫・運輸","10292","16414110","1.28","8","12.81","0.68","48.96","926.79","62700","100","20230414","899","20230316","598"
"9308","乾汽船","東証ST","海運","33582","26072960","2.66","34.23","11.29","0.95","114.09","1359.72","128800","100","20230228","2244","20230713","1224"
"9310","日本トランスシティ","東証PR","倉庫・運輸","42837","67142417","1.88","12","9.11","0.54","70.04","1192.45","63800","100","20230502","689","20230110","483"
"9311","アサガミ","東証ST","倉庫・運輸","6416","1418000","-","-","8.03","0.34","563.35","13394.15","452500","100","20230425","4550","20230106","4085"
"9312","ケイヒン","東証ST","倉庫・運輸","11831","6536445","3.48","63","4.92","0.48","367.6","3745.95","181000","100","20230630","1837","20230116","1415"
"9313","丸八倉庫","東証ST","倉庫・運輸","4942","7300000","2.36","16","11.13","0.37","60.8","1813.82","67700","100","20230313","733","20230215","632"
"9319","中央倉庫","東証PR","倉庫・運輸","21029","19064897","2.72","30","12.32","0.49","89.55","2242.32","110300","100","20230310","1130","20230106","926"
"9322","川西倉庫","東証ST","倉庫・運輸","8580","8258322","1.92","20","13.47","0.41","77.16","2520.96","103900","100","20230510","1057","20230118","979"
"9324","安田倉庫","東証PR","倉庫・運輸","30724","30360000","2.67","27","13.63","0.38","74.23","2658.28","101200","100","20230502","1075","20230105","916"
"9325","ファイズホールディングス","東証PR","倉庫・運輸","12955","10822800","2.67","32","13.96","4.59","85.75","260.58","119700","100","20230509","1582","20230105","768"
"9326","関通","東証GR","倉庫・運輸","6020","10308150","1.71","10","15.33","1.94","38.1","301.16","58400","100","20230719","696","20230316","382"
"9327","イー・ロジット","東証ST","倉庫・運輸","1712","3507400","-","-","-","1.41","-157.11","345.98","48800","100","20230404","749","20230606","477"
"9336","大栄環境","東証PR","サービス","241241","99892900","1.41","34","23.16","3.07","104.27","785.71","241500","100","20230623","2630","20230207","1620"
"9337","トリドリ","東証GR","サービス","8401","3096400","0","0","104.99","8.02","25.84","338.13","271300","100","20230714","2855","20230106","1703"
"9338","INFORICH","東証GR","サービス","21419","9292600","-","-","-","8.93","-115.79","258.22","230500","100","20230704","2464","20230502","1157"
"9339","コーチ・エィ","東証ST","サービス","3098","2320953","1.5","20","8.09","1.03","165","1293.28","133500","100","20230207","2192","20230529","1201"
"9340","アソインターナショナル","東証ST","サービス","3098","4855600","3.29","21","8.2","1.32","77.78","483.09","63800","100","20230213","846","20230714","625"
"9341","GENOVA","東証GR","サービス","31251","17726100","0","0","20.62","7.68","85.52","229.47","176300","100","20230619","2478","20230512","1168"
"9342","スマサポ","東証GR","サービス","5166","2405200","0","0","35.33","12.42","60.79","172.96","214800","100","20230104","3195","20230519","1158"
"9343","アイビス","東証GR","サービス","5687","3622160","0.64","10","22.28","5.61","70.47","280.04","157000","100","20230327","3125","20230712","1376"
"9344","アクシスコンサルティング","東証GR","サービス","9937","4919400","0","0","20.06","4.1","100.72","492.98","202000","100","20230413","4475","20230601","1820"
"9345","ビズメイツ","東証GR","サービス","4016","1580000","0","0","15.06","3.02","168.75","841.14","254200","100","20230330","5750","20230529","2260"
"9346","ココルポート","東証GR","サービス","10929","3577450","0","0","21.77","6.61","140.35","461.88","305500","100","20230426","6780","20230725","2999"
"9347","日本管財ホールディングス","東証PR","サービス","107645","41180306","-","-","-","-","-","-","261400","100","20230523","2759","20230410","2403"
"9348","ispace","東証GR","サービス","113168","81886840","0","0","-","-","-146.36","-47.28","138200","100","20230419","2373","20230512","793"
"9351","東洋埠頭","東証PR","倉庫・運輸","10867","7740000","3.92","55","8.83","0.45","158.97","3144.54","140400","100","20230427","1509","20230113","1215"
"9353","櫻島埠頭","東証ST","倉庫・運輸","2917","1540000","1.58","30","20.39","0.57","92.9","3296.84","189400","100","20230418","3585","20230117","1260"
"9355","リンコーコーポレーション","東証ST","倉庫・運輸","4396","2700000","1.84","30","12.55","0.27","129.75","5948.2","162800","100","20230418","1720","20230113","1359"
"9360","鈴与シンワート","東証ST","情報通信","5196","3000000","2.31","40","11.08","1.65","156.36","1049.3","173200","100","20230616","1949","20230417","1469"
"9361","伏木海陸運送","東証ST","倉庫・運輸","4224","2615400","3.1","50","5.97","0.4","270.38","4015.22","161500","100","20230303","2202","20230104","1300"
"9362","兵機海運","東証ST","倉庫・運輸","2518","1224000","4.86","100","6.07","0.61","338.81","3388.51","205700","100","20230303","2638","20230601","1856"
"9363","大運","東証ST","倉庫・運輸","2423","6228039","2.57","10","12.66","0.71","30.72","551.71","38900","100","20230418","685","20230111","288"
"9364","上組","東証PR","倉庫・運輸","377177","116376837","2.78","90","15.18","0.96","213.5","3372.82","324100","100","20230629","3366","20230113","2566"
"9365","トレーディア","東証ST","倉庫・運輸","1896","1470000","3.88","50","6.3","0.51","204.89","2513.49","129000","100","20230413","2054","20230106","1180"
"9366","サンリツ","東証ST","倉庫・運輸","4445","6006373","3.92","29","7.28","0.4","101.68","1834.96","74000","100","20230703","780","20230531","692"
"9367","大東港運","東証ST","倉庫・運輸","6816","9389000","2.89","21","7.34","0.74","98.88","978.98","72600","100","20230718","740","20230413","671"
"9368","キムラユニティー","東証ST","倉庫・運輸","30889","23543800","3.2","42","10.4","0.87","126.18","1507.55","131200","100","20230710","1353","20230113","762"
"9369","キユーソー流通システム","東証ST","倉庫・運輸","23632","25355800","2.47","23","14.48","0.56","64.37","1655.13","93200","100","20230501","1035","20230116","877"
"9376","ユーラシア旅行社","東証ST","サービス","1661","3690000","0","0","-","1.02","-","439.84","45000","100","20230508","496","20230111","419"
"9377","エージーピー","東証ST","倉庫・運輸","12605","13510000","3.22","30","29.03","1.33","32.14","702.5","93300","100","20230509","980","20230120","678"
"9380","東海運","東証ST","倉庫・運輸","8417","28923000","1.72","5","15.57","0.5","18.69","581.21","29100","100","20230417","381","20230530","276"
"9381","エーアイテイー","東証PR","倉庫・運輸","44264","23913600","4.32","80","11.75","2.72","157.49","681.59","185100","100","20230623","1928","20230105","1339"
"9384","内外トランスライン","東証PR","倉庫・運輸","28746","10698000","3.16","85","6.5","1.53","413.57","1750.93","268700","100","20230425","2765","20230106","2002"
"9385","ショーエイコーポレーション","東証PR","化学","4702","7850000","3.34","20","5.76","1.65","103.92","362.94","59900","100","20230703","612","20230407","550"
"9386","日本コンセプト","東証PR","倉庫・運輸","27917","13868500","2.48","50","16.15","1.66","124.61","1212.74","201300","100","20230714","2129","20230217","1291"
"9399","ビート・ホールディングス・リミテッド（外国株）","東証ST","情報通信","-","119359957","-","-","-","-","-","-","5","1","20230106","30","20230614","4"
"9401","TBSホールディングス","東証PR","情報通信","450427","171591065","1.68","44","17.69","0.56","148.35","4726.87","262500","100","20230704","2772","20230117","1456"
"9404","日本テレビホールディングス","東証PR","情報通信","356160","263822080","2.74","37","9.31","0.41","145.05","3280.35","135000","100","20230704","1408","20230117","1003"
"9405","朝日放送グループホールディングス","東証PR","情報通信","28530","41833000","2.05","14","16.74","0.41","40.74","1659.63","68200","100","20230310","695","20230106","630"
"9408","BSNメディアホールディングス","東証ST","情報通信","8772","6000000","0.68","10","16.87","0.47","86.68","3140.96","146200","100","20230623","1503","20230222","1322"
"9409","テレビ朝日ホールディングス","東証PR","情報通信","192313","108529000","2.82","50","12","0.46","147.63","3870.26","177200","100","20230720","1829","20230117","1278"
"9412","スカパーJSATホールディングス","東証PR","情報通信","175274","297578423","3.4","20","11.41","0.67","51.64","879.33","58900","100","20230704","598","20230202","465"
"9413","テレビ東京ホールディングス","東証PR","情報通信","95011","27579500","2.32","80","13.24","1.01","260.2","3414.1","344500","100","20230720","3565","20230105","1818"
"9414","日本BS放送","東証ST","情報通信","16741","17809632","2.77","26","13.34","0.75","70.47","1251.86","94000","100","20230704","956","20230110","869"
"9416","ビジョン","東証PR","情報通信","84237","50471700","0","0","41.04","6.3","40.67","265.12","166900","100","20230619","1952","20230117","1351"
"9417","スマートバリュー","東証ST","情報通信","4090","10679800","2.09","8","81.66","1.79","4.69","214.29","38300","100","20230222","512","20230725","378"
"9418","U-NEXT","東証PR","情報通信","203717","60093611","0.62","21","19.29","4.13","175.74","820.89","339000","100","20230711","3730","20230120","2057"
"9419","ワイヤレスゲート","東証PR","情報通信","2425","10779774","0","0","16.53","3.05","13.61","73.74","22500","100","20230215","287","20230530","221"
"9421","エヌジェイホールディングス","東証ST","情報通信","3167","5350400","1.69","10","-","2.01","-73.68","294.55","59200","100","20230626","750","20230213","481"
"9423","フォーバル・リアルストレート","東証ST","情報通信","2406","24058800","2.4","2.4","24.04","4.71","4.16","21.24","10000","100","20230213","113","20230120","95"
"9424","日本通信","東証PR","情報通信","38447","165009239","0","0","-","27.41","-","8.5","23300","100","20230512","312","20230117","213"
"9425","日本テレホン","東証ST","情報通信","1677","5741500","0","0","23.57","1.39","12.39","210.3","29200","100","20230323","305","20230215","245"
"9428","クロップス","東証ST","情報通信","9501","9597400","2.02","20","9.12","0.89","108.61","1112.66","99000","100","20230330","1460","20230105","922"
"9432","日本電信電話","東証PR","情報通信","14759702","90550316400","3.07","5","11.07","1.62","14.72","100.44","16300","100","20230629","179","20230110","148"
"9433","KDDI","東証PR","情報通信","9899360","2302712308","3.26","140","13.64","1.81","315.23","2374.65","429900","100","20230515","4560","20230117","3825"
"9434","ソフトバンク","東証PR","情報通信","7385359","4789467770","5.58","86","17.37","3.28","88.77","470.24","154200","100","20230329","1574","20230112","1454"
"9435","光通信","東証PR","情報通信","933429","45049642","2.72","564","12.19","1.62","1700.06","12773","2072000","100","20230614","21950","20230406","17380"
"9436","沖縄セルラー電話","東証ST","情報通信","155087","52323400","3.04","90","13.47","1.57","220.05","1892.01","296400","100","20230301","3240","20230117","2879"
"9438","エムティーアイ","東証PR","情報通信","34307","61263000","2.86","16","66.75","2.3","8.39","243.32","56000","100","20230615","669","20230213","481"
"9439","エム・エイチ・グループ","東証ST","サービス","2390","11492100","-","-","59.77","4.57","3.48","45.51","20800","100","20230529","350","20230104","158"
"9441","ベルパーク","東証ST","情報通信","33690","20197800","2.58","43","14.59","1.03","114.34","1624.69","166800","100","20230104","1900","20230316","1601"
"9444","トーシンホールディングス","東証ST","情報通信","4275","6536800","3.67","24","-","1.23","-","530.38","65400","100","20230426","668","20230524","630"
"9445","フォーバルテレコム","東証ST","情報通信","5932","16757700","4.8","17","11.63","2.43","30.43","145.67","35400","100","20230630","363","20230104","318"
"9446","サカイホールディングス","東証ST","情報通信","6289","10956500","4.36","25","7.49","1.55","76.67","370.21","57400","100","20230712","580","20230117","531"
"9449","GMOインターネットグループ","東証PR","情報通信","302426","110113337","-","-","-","3.89","-","706.86","274650","100","20230622","2995","20230110","2404"
"9450","ファイバーゲート","東証PR","情報通信","28642","20591200","0.65","9","21.83","6.5","63.73","214.08","139100","100","20230613","1608","20230316","826"
"9466","アイドママーケティングコミュニケーション","東証ST","情報通信","3718","13520000","3.27","9","17.12","1.26","16.06","218.94","27500","100","20230414","300","20230515","270"
"9467","アルファポリス","東証GR","情報通信","26185","9687400","0","0","18.36","2.55","147.21","1061.79","270300","100","20230508","3510","20230106","2259"
"9468","KADOKAWA","東証PR","情報通信","487454","141784120","0.87","30","44.05","2.37","78.05","1450.27","343800","100","20230621","3587","20230105","2287"
"9470","学研ホールディングス","東証PR","情報通信","39545","44633232","2.82","25","10.83","0.78","81.8","1136","88600","100","20230201","985","20230320","815"
"9474","ゼンリン","東証PR","情報通信","54035","57301365","2.86","27","27.97","1.1","33.72","859.43","94300","100","20230720","953","20230116","781"
"9475","昭文社ホールディングス","東証ST","情報通信","5708","18178173","-","-","285.45","0.54","1.1","578.4","31400","100","20230714","333","20230104","281"
"9476","中央経済社ホールディングス","東証ST","情報通信","1953","4398464","2.25","10","414.95","0.39","1.07","1132","44400","100","20230125","483","20230530","436"
"9478","SEホールディングス・アンド・インキュベーションズ","東証ST","情報通信","5296","21184226","1.2","3","5.61","0.7","44.54","357.57","25000","100","20230202","257","20230112","222"
"9479","インプレスホールディングス","東証ST","情報通信","8035","37371500","1.86","4","20.77","0.77","10.35","280.98","21500","100","20230705","248","20230213","198"
"9501","東京電力ホールディングス","東証PR","電気・ガス","841756","1607017531","0","0","-","0.4","-","1307.87","52379","100","20230706","559","20230113","416"
"9502","中部電力","東証PR","電気・ガス","1310582","758000000","2.89","50","5.68","0.63","304.18","2725.43","172900","100","20230703","1789","20230112","1252"
"9503","関西電力","東証PR","電気・ガス","1690658","938733028","2.78","50","5.27","0.9","341.74","2004.24","180100","100","20230623","1846","20230112","1181"
"9504","中国電力","東証PR","電気・ガス","383980","387154692","1.01","10","6.06","0.8","163.77","1242.16","99180","100","20230705","1014","20230303","645"
"9505","北陸電力","東証PR","電気・ガス","174703","210333694","-","-","8.67","0.74","95.81","1118.51","83060","100","20230725","832.9","20230124","498"
"9506","東北電力","東証PR","電気・ガス","452494","502882585","-","-","-","0.82","-","1097.95","89980","100","20230613","917","20230302","617"
"9507","四国電力","東証PR","電気・ガス","208877","207528202","2.98","30","7.26","0.7","138.59","1438.32","100650","100","20230612","1053","20230120","705"
"9508","九州電力","東証PR","電気・ガス","437719","474183951","2.17","20","4.85","0.91","190.37","1015.22","92310","100","20230703","942","20230120","702"
"9509","北海道電力","東証PR","電気・ガス","123513","215291912","-","-","-","0.6","-","956.63","57370","100","20230613","640","20230120","440"
"9511","沖縄電力","東証PR","電気・ガス","67118","56927965","-","-","16.01","0.57","73.65","2073.44","117900","100","20230613","1239","20230303","1002"
"9513","電源開発","東証PR","電気・ガス","404177","183051100","4.08","90","5.31","0.37","415.61","5931.68","220800","100","20230309","2257","20230110","1990"
"9514","エフオン","東証PR","電気・ガス","12051","21635439","1.44","8","7.98","0.65","69.81","853.16","55700","100","20230418","699","20230106","466"
"9517","イーレックス","東証PR","電気・ガス","66983","59382058","1.95","22","15.19","1.08","74.27","1047.73","112800","100","20230201","2488","20230707","1063"
"9519","レノバ","東証PR","電気・ガス","120103","79171200","0","0","9.95","2.78","152.52","545.93","151700","100","20230124","2451","20230719","1436"
"9522","リニューアブル・ジャパン","東証GR","電気・ガス","32454","29692730","0","0","42.55","3.24","25.69","336.99","109300","100","20230725","1153","20230316","302"
"9531","東京瓦斯","東証PR","電気・ガス","1385947","434875059","2.04","65","13.81","0.89","230.72","3595.6","318700","100","20230615","3235","20230104","2429"
"9532","大阪瓦斯","東証PR","電気・ガス","910237","416680000","2.98","65","7.83","0.65","279.06","3347.34","218450","100","20230517","2335","20230112","1996"
"9533","東邦瓦斯","東証PR","電気・ガス","259983","105256285","2.43","60","14.43","0.65","171.23","3828.97","247000","100","20230517","2665","20230117","2314"
"9534","北海道瓦斯","東証PR","電気・ガス","41861","17737806","2.97","70","4.29","0.63","550.57","3736.41","236000","100","20230704","2432","20230110","1610"
"9535","広島ガス","東証PR","電気・ガス","25777","68373036","3.18","12","8.89","0.4","42.42","943.96","37700","100","20230501","386","20230106","334"
"9536","西部ガスホールディングス","東証PR","電気・ガス","76160","37187567","3.42","70","10.83","0.87","189.06","2343.9","204800","100","20230614","2184","20230106","1659"
"9537","北陸瓦斯","東証ST","電気・ガス","14976","4800000","2.56","80","28.39","0.31","109.89","10122.7","312000","100","20230529","3370","20230407","2852"
"9539","京葉瓦斯","東証ST","電気・ガス","27392","10935000","2.4","60","7.67","0.3","326.55","8354.25","250500","100","20230621","2660","20230112","2301"
"9543","静岡ガス","東証PR","電気・ガス","81298","76192950","1.87","20","8.58","0.78","124.34","1371.45","106700","100","20230619","1278","20230117","1005"
"9551","メタウォーター","東証PR","電気・ガス","82274","45758500","2.45","44","12.25","1.2","146.82","1495.54","179800","100","20230619","1878","20230117","1581"
"9552","M＆A総研ホールディングス","東証GR","サービス","211356","57668844","0","0","79.97","46.88","45.83","78.17","366500","100","20230621","4690","20230106","1820"
"9553","マイクロアド","東証GR","サービス","44733","9119800","0","0","62.78","15.5","78.13","316.42","490500","100","20230623","6790","20230106","1361"
"9554","AViC","東証GR","サービス","5539","5775300","0","0","17.69","6.44","54.21","148.95","95900","100","20230206","1500","20230516","834"
"9556","INTLOOP","東証GR","サービス","26729","4624400","0","0","33.25","7.4","173.81","781.08","578000","100","20230420","8880","20230718","4770"
"9557","エアークローゼット","東証GR","サービス","3705","8197000","0","0","-","5.46","-46.31","82.84","45200","100","20230124","560","20230602","368"
"9558","ジャパニアス","東証GR","サービス","12520","4000000","2.27","71","21.71","4.96","144.19","631.07","313000","100","20230404","3880","20230104","2201"
"9560","プログリット","東証GR","サービス","12887","11844792","0","0","41.38","12.69","26.29","85.75","108800","100","20230620","2500","20230104","234"
"9561","グラッドキューブ","東証GR","サービス","4524","8136000","0","0","20.2","3.25","27.53","170.85","55600","100","20230209","1069","20230713","522"
"9562","ビジネスコーチ","東証GR","サービス","1881","1104000","2.93","50","11.69","2.81","145.8","606.91","170400","100","20230710","1917","20230516","1419"
"9563","Atlas_Technologies","東証GR","サービス","8674","7110000","0","0","19.42","3.49","62.82","349.15","122000","100","20230209","2315","20230516","965"
"9564","FCE_Holdings","東証ST","サービス","5604","3109800","0","0","14.61","3.42","123.3","527.52","180200","100","20230202","1958","20230314","1510"
"9565","ウェルプレイド・ライゼスト","東証GR","サービス","6864","2724998","0","0","40.91","14.17","61.58","177.79","251900","100","20230127","4790","20230515","2118"
"9600","アイネット","東証PR","情報通信","26378","16242424","3.2","52","12.85","1.48","126.37","1099.9","162400","100","20230704","1690","20230316","1237"
"9601","松竹","東証PR","情報通信","151156","13937857","0.28","30","148.97","1.65","72.8","6563.93","1084500","100","20230517","12660","20230116","10070"
"9602","東宝","東証PR","情報通信","1023461","186490633","1.09","60","30.91","2.28","177.57","2409.94","548800","100","20230714","5933","20230117","4500"
"9603","エイチ・アイ・エス","東証PR","サービス","159562","79860936","-","-","-","3.63","-","550.12","199800","100","20230130","2230","20230608","1889"
"9605","東映","東証PR","情報通信","255945","14768909","0.35","60","18.18","1.01","953.03","17172.5","1733000","100","20230620","19260","20230116","16100"
"9610","ウィルソン・ラーニングワールドワイド","東証ST","サービス","971","6184580","-","-","-","0.73","-19.4","215.29","15700","100","20230224","205","20230602","138"
"9612","ラックランド","東証PR","サービス","33201","10391600","0.47","15","72.66","3.26","43.97","979.59","319500","100","20230621","3555","20230104","2754"
"9613","NTTデータグループ","東証PR","情報通信","2756614","1402500000","1.17","23","19.14","1.9","102.71","1035.93","196550","100","20230619","2146","20230316","1656"
"9616","共立メンテナンス","東証PR","サービス","207708","39219818","0.6","32","33.86","2.77","156.41","1912.28","529600","100","20230131","5980","20230601","4800"
"9619","イチネンホールディングス","東証PR","サービス","32997","24262227","3.68","50","5.97","0.68","227.83","2009.64","136000","100","20230629","1386","20230330","1221"
"9621","建設技術研究所","東証PR","サービス","48424","14159086","2.92","100","9.78","0.98","349.84","3479.74","342000","100","20230629","3785","20230410","2930"
"9622","スペース","東証PR","サービス","29048","26600319","3.3","36","18.21","0.9","59.96","1213.9","109200","100","20230511","1105","20230105","866"
"9625","セレスポ","東証ST","サービス","5304","5703500","2.47","23","25.98","0.48","35.8","1933.56","93000","100","20230309","978","20230105","823"
"9627","アインホールディングス","東証PR","小売","178275","35428212","1.19","60","21.43","1.4","234.84","3599.47","503200","100","20230523","6100","20230607","4796"
"9628","燦ホールディングス","東証PR","サービス","26559","11700000","2.03","46","10.48","0.75","216.62","3016.92","227000","100","20230414","2404","20230104","1695"
"9629","ピー・シー・エー","東証PR","情報通信","33220","22000000","1.13","17","32.65","1.74","46.25","867.22","151000","100","20230725","1660","20230428","1068"
"9632","スバル興業","東証ST","サービス","26567","2662000","2.61","260","8.88","0.81","1124.42","12276.3","998000","100","20230706","10240","20230130","8800"
"9633","東京テアトル","東証ST","サービス","8943","8013000","0.9","10","53.71","0.67","20.78","1654.57","111600","100","20230329","1168","20230117","1096"
"9635","武蔵野興業","東証ST","サービス","2163","1050000","0","0","71.85","0.6","28.67","3417.92","206000","100","20230703","2078","20230330","1954"
"9636","きんえい","東証ST","サービス","9986","2821000","0.28","10","98.72","4.21","35.86","840.99","354000","100","20230710","3600","20230202","3195"
"9637","オーエス","東証ST","サービス","10976","3200000","0.73","25","68.16","0.99","50.32","3472.59","343000","100","20230713","3460","20230130","3080"
"9639","三協フロンテア","東証ST","サービス","44144","11678400","4.23","160","8.75","1.02","431.94","3717.16","378000","100","20230519","3810","20230110","3080"
"9640","セゾン情報システムズ","東証ST","情報通信","30019","16200000","4.86","90","23.09","2.04","80.25","910.08","185300","100","20230303","1918","20230104","1767"
"9644","タナベコンサルティンググループ","東証PR","サービス","17701","17508400","4.35","44","22.69","1.52","44.56","665.66","101100","100","20230713","1111","20230105","623"
"9647","協和コンサルタンツ","東証ST","サービス","2145","586100","0.82","30","6.3","0.67","581.39","5492.46","366000","100","20230419","4100","20230116","3180"
"9651","日本プロセス","東証ST","情報通信","9719","10645020","3.94","36","12.78","0.88","71.43","1043.28","91300","100","20230403","1040","20230105","829"
"9656","グリーンランドリゾート","東証ST","サービス","6115","10346683","2.03","12","14.55","0.65","40.63","916.09","59100","100","20230511","619","20230317","500"
"9658","ビジネスブレイン太田昭和","東証PR","情報通信","27957","12725000","3.28","72","1.74","1.69","1262.76","1300.71","219700","100","20230619","2574","20230106","1786"
"9661","歌舞伎座","東証ST","サービス","58538","12170000","0.1","5","425.66","5.37","11.3","896.22","481000","100","20230124","4950","20230301","4700"
"9663","ナガワ","東証PR","サービス","114337","16357214","0.86","60","29.71","2.06","235.31","3401.25","699000","100","20230201","8140","20230531","5980"
"9672","東京都競馬","東証PR","サービス","111176","28764854","1.94","75","13.06","1.32","295.87","2927.43","386500","100","20230420","4360","20230320","3285"
"9675","常磐興産","東証ST","サービス","10808","8808778","-","-","21.55","1.2","56.93","1022.38","122700","100","20230515","1284","20230118","1176"
"9678","カナモト","東証PR","サービス","94492","38742241","3.08","75","10.58","0.67","230.45","3625.5","243900","100","20230725","2476","20230320","2065"
"9679","ホウライ","東証ST","サービス","4746","1404000","1.63","55","11.24","0.54","300.83","6286.7","338000","100","20230628","3500","20230105","2822"
"9682","DTS","東証PR","情報通信","158953","47590832","2.84","95","17.98","2.37","185.79","1408.81","334000","100","20230605","3605","20230116","2851"
"9684","スクウェア・エニックス・ホールディングス","東証PR","情報通信","775380","122531596","1.53","97","19.68","2.4","321.56","2641.74","632800","100","20230621","7566","20230206","5920"
"9685","KYCOMホールディングス","東証ST","情報通信","2732","5115492","0.94","5","7.33","0.77","72.84","690.46","53400","100","20230706","550","20230315","415"
"9686","東洋テック","東証ST","サービス","11932","11440000","3.45","36","14.21","0.52","73.4","2018.27","104300","100","20230509","1140","20230105","921"
"9687","KSK","東証ST","情報通信","19358","7636368","3.39","86","8.85","1.04","286.3","2441.29","253500","100","20230725","2535","20230104","2170"
"9691","両毛システムズ","東証ST","情報通信","8757","3510000","1.48","37","7.27","0.79","342.98","3160.96","249500","100","20230725","2495","20230104","1769"
"9692","シーイーシー","東証PR","情報通信","64747","37600000","2.9","50","15.05","1.52","114.39","1130.04","172200","100","20230615","1882","20230406","1256"
"9696","ウィザス","東証ST","サービス","12827","10140000","2.37","30","10.34","2.02","122.36","627.1","126500","100","20230706","1319","20230316","805"
"9697","カプコン","東証PR","情報通信","1514551","266505623","0.95","54","29.71","7.38","191.28","770.54","568300","100","20230607","6063","20230116","3975"
"9698","クレオ","東証ST","情報通信","7942","8585688","4.32","40","10.21","1.06","90.63","869.04","92500","100","20230228","960","20230428","873"
"9699","ニシオホールディングス","東証PR","サービス","100506","28391464","2.82","100","10.68","0.83","331.46","4240.26","354000","100","20230725","3550","20230323","2918"
"9701","東京會舘","東証ST","サービス","11812","3463943","0.29","10","56.95","1.51","59.88","2255.07","341000","100","20230424","3600","20230104","2990"
"9702","アイ・エス・ビー","東証PR","情報通信","17721","11417900","2.71","42","11.12","1.63","139.61","949.81","155200","100","20230629","1715","20230105","1109"
"9704","アゴーラホスピタリティーグループ","東証ST","サービス","7043","281708934","-","-","64.1","1.83","0.39","13.64","2500","100","20230301","28","20230131","21"
"9706","日本空港ビルデング","東証PR","不動産","592125","93145400","0.5","32","65.79","3.94","96.63","1613.62","635700","100","20230518","7220","20230215","6100"
"9708","帝国ホテル","東証ST","サービス","117909","59400000","0.6","12","58.88","2.94","33.71","674.26","198500","100","20230605","2055","20230118","1870"
"9709","NCS＆A","東証ST","情報通信","12060","18000000","4.18","28","9.79","1.01","68.45","661.74","67000","100","20230301","707","20230104","576"
"9713","ロイヤルホテル","東証ST","サービス","20369","15303369","0","0","203.21","1.6","6.55","829.4","133100","100","20230425","1500","20230116","1290"
"9715","トランス・コスモス","東証PR","サービス","169803","48794046","-","-","-","1.26","-","2761.61","348000","100","20230616","3635","20230406","3015"
"9716","乃村工藝社","東証PR","サービス","106468","119896588","2.82","25","36.1","2.14","24.6","415.33","88800","100","20230619","1010","20230113","850"
"9717","ジャステック","東証PR","情報通信","24742","18287000","3.7","50","11.17","1.18","121.18","1148.03","135300","100","20230703","1375","20230106","1121"
"9719","SCSK","東証PR","情報通信","683118","312783158","2.56","56","17.95","2.51","121.66","870.56","218400","100","20230619","2354","20230316","1894"
"9720","ホテル、ニューグランド","東証ST","サービス","5057","1181448","0","0","30.27","1.7","141.4","2511.08","428000","100","20230712","4500","20230116","3700"
"9722","藤田観光","東証PR","サービス","46449","12207424","-","-","11.12","1.99","342.08","1908.73","380500","100","20230512","3960","20230105","2842"
"9723","京都ホテル","東証ST","サービス","8772","12065400","0.41","3","87.7","161.2","8.29","4.51","72700","100","20230425","836","20230111","661"
"9726","KNT-CTホールディングス","東証ST","サービス","38728","27331013","-","-","12.91","-","109.8","-198.35","141700","100","20230309","1816","20230602","1329"
"9729","トーカイ","東証PR","サービス","68190","36041346","2.7","51","13.02","0.82","145.37","2317.99","189200","100","20230501","2090","20230608","1808"
"9731","白洋舎","東証ST","サービス","10959","3900000","1.07","30","19.3","1.85","145.63","1517.18","281000","100","20230622","3045","20230301","1538"
"9733","ナガセ","東証ST","サービス","63905","30445227","4.76","100","15.18","2.09","138.27","1004.6","209900","100","20230327","2620","20230104","1827"
"9735","セコム","東証PR","サービス","2145193","233299898","2.07","190","22.91","1.69","401.33","5427.63","919500","100","20230629","9881","20230110","7301"
"9739","NSW","東証PR","情報通信","36326","14900000","2.26","55","9.2","1.22","265.11","2005.37","243800","100","20230615","2550","20230104","1980"
"9740","セントラル警備保障","東証PR","サービス","41828","14816692","2.13","60","7.35","1.16","383.89","2441.7","282300","100","20230713","3125","20230113","2177"
"9742","アイネス","東証PR","情報通信","31204","20900000","3.35","50","11.94","0.86","125.03","1744.92","149300","100","20230616","1521","20230116","1292"
"9743","丹青社","東証PR","サービス","38400","48424071","3.78","30","18.07","1.29","43.89","615.53","79300","100","20230510","840","20230116","695"
"9744","メイテック","東証PR","サービス","207075","82500000","3.55","89","17.12","4.21","146.64","595.74","251000","100","20230619","2538","20230410","2201"
"9746","TKC","東証PR","情報通信","198612","53462066","2.15","80","20.83","2.12","178.35","1753.36","371500","100","20230623","3970","20230116","3375"
"9749","富士ソフト","東証PR","情報通信","309703","67400000","1.49","68.5","23.47","2.13","195.75","2161.47","459500","100","20230629","4795","20230105","3665"
"9753","アイエックス・ナレッジ","東証ST","情報通信","10584","10800000","3.06","30","8.64","1.26","113.39","776.84","98000","100","20230509","1089","20230111","790"
"9755","応用地質","東証PR","サービス","64623","25664373","1.99","50","20.1","0.86","125.25","2930.08","251800","100","20230725","2520","20230609","1847"
"9757","船井総研ホールディングス","東証PR","サービス","133952","52000000","2.52","65","23.09","4.76","111.54","541.45","257600","100","20230309","2939","20230712","2439"
"9759","NSD","東証PR","情報通信","237858","87000000","2.49","68","24.16","3.84","113.18","711.73","273400","100","20230629","2960","20230106","2187"
"9760","進学会ホールディングス","東証ST","サービス","5829","20031000","1.72","5","172.19","0.45","1.69","652.68","29100","100","20230329","315","20230601","290"
"9761","東海リース","東証ST","サービス","4546","3494322","3.07","40","19.51","0.29","66.7","4425.9","130100","100","20230217","1440","20230606","1282"
"9763","丸紅建材リース","東証ST","卸売","8406","3429440","4.08","100","7.07","0.53","346.64","4640.74","245100","100","20230628","2628","20230112","1712"
"9765","オオバ","東証PR","サービス","14766","17250000","3.97","34","11.93","1.3","71.75","657.93","85600","100","20230721","881","20230106","644"
"9766","コナミグループ","東証PR","情報通信","1088878","143500000","1.63","124","25.09","2.73","302.45","2775.65","758800","100","20230614","7953","20230116","5580"
"9767","日建工学","東証ST","サービス","3345","1862254","1.67","30","8.19","0.8","219.4","2235.73","179600","100","20230623","1869","20230404","1281"
"9768","いであ","東証ST","サービス","12591","7499025","2.98","50","7.22","0.48","232.52","3515.49","167900","100","20230206","1758","20230220","1521"
"9769","学究社","東証PR","サービス","22474","10968356","4.25","87","11.07","3.88","185.08","528.16","204900","100","20230515","2257","20230106","1792"
"9776","札幌臨床検査センター","東証ST","サービス","4638","4216000","2.09","23","11.93","0.35","92.18","3178.25","110000","100","20230411","1347","20230725","1100"
"9778","昴","東証ST","サービス","4272","693576","1.95","120","15.82","1.05","389.32","5843.4","616000","100","20230725","6160","20230227","5050"
"9780","ハリマビステム","東証ST","サービス","4687","1924898","2.46","60","6.44","0.57","378.16","4283.69","243500","100","20230707","2577","20230306","2026"
"9782","ディーエムエス","東証ST","サービス","10595","7262020","3.43","50","4.82","0.56","302.69","2610.98","145900","100","20230302","1642","20230125","1163"
"9783","ベネッセホールディングス","東証PR","サービス","188690","102604773","3.26","60","15.42","1.15","119.24","1600","183900","100","20230309","2053","20230531","1762"
"9787","イオンディライト","東証PR","サービス","149881","50669633","2.91","86","13.98","1.48","211.58","1992.53","295800","100","20230113","3155","20230720","2845"
"9788","ナック","東証PR","サービス","22841","23306750","4.29","42","10.01","0.95","97.9","1032.62","98000","100","20230309","988","20230110","926"
"9790","福井コンピュータホールディングス","東証PR","情報通信","54482","20700000","2.47","65","15.37","2.51","171.27","1048.78","263200","100","20230621","3125","20230105","2580"
"9791","ビケンテクノ","東証ST","サービス","8815","7718722","2.45","28","5.07","0.44","225.35","2607.72","114200","100","20230703","1245","20230220","981"
"9793","ダイセキ","東証PR","サービス","223380","51000000","1.37","60","25.71","2.82","170.33","1553.91","438000","100","20230703","4630","20230602","3495"
"9795","ステップ","東証PR","サービス","29406","16670000","3.97","70","12.59","1.13","140.1","1567.84","176400","100","20230404","1936","20230113","1737"
"9799","旭情報サービス","東証ST","情報通信","10232","8264850","3.55","44","10.27","0.95","120.55","1308.39","123800","100","20230725","1263","20230118","1140"
"9812","テーオーホールディングス","東証ST","卸売","2080","8926896","0","0","9.33","4.53","24.97","51.47","23300","100","20230710","310","20230606","212"
"9816","ストライダーズ","東証ST","不動産","2121","8912089","2.1","5","36.34","0.8","6.55","296.42","23800","100","20230531","310","20230330","209"
"9818","大丸エナウィン","東証ST","卸売","10597","8046500","1.75","23","13.03","0.73","101.05","1811.07","131700","100","20230628","1343","20230125","1159"
"9820","エムティジェネックス","東証ST","不動産","2525","1079600","1.71","40","11.99","0.69","195.09","3414.09","233900","100","20230308","2640","20230116","2270"
"9823","マミーマート","東証ST","小売","29367","10796793","2.21","60","9.65","0.86","281.85","3152.92","272000","100","20230719","2750","20230116","2237"
"9824","泉州電業","東証PR","卸売","80850","21000000","2.6","100","12.03","1.42","320.02","2707.88","385000","100","20230725","3895","20230110","2970"
"9827","リリカラ","東証ST","卸売","7775","12662100","1.22","7.5","17.16","0.94","35.79","650.67","61400","100","20230210","750","20230216","396"
"9828","元気寿司","東証ST","小売","34555","8882908","0.51","20","42.39","3.33","91.76","1166.85","389000","100","20230725","3890","20230117","2866"
"9830","トラスコ中山","東証PR","卸売","142843","66008744","1.92","41.5","13.07","0.94","165.6","2310.34","216400","100","20230501","2419","20230116","1925"
"9831","ヤマダホールディングス","東証PR","小売","416669","966748539","-","-","9.57","0.5","45.04","853.67","43100","100","20230309","495","20230601","412"
"9832","オートバックスセブン","東証PR","卸売","127711","82050105","3.85","60","16.4","0.96","94.93","1624.44","155650","100","20230516","1578","20230118","1392"
"9835","ジュンテンドー","東証ST","小売","4790","8331164","2.61","15","15.54","0.37","36.99","1572.44","57500","100","20230412","618","20230316","545"
"9837","モリト","東証PR","卸売","34560","30000000","4.69","54","17.12","0.83","67.3","1380.3","115200","100","20230720","1169","20230110","714"
"9842","アークランズ","東証PR","小売","67990","41381686","2.43","40","5.09","0.61","323","2677.66","164300","100","20230515","1653","20230120","1381"
"9843","ニトリホールディングス","東証PR","小売","1944395","114443496","0.88","150","19.2","2.35","884.86","7239.04","1699000","100","20230518","19410","20230302","14920"
"9845","パーカーコーポレーション","東証ST","化学","19217","26801452","-","-","-","0.49","-","1465.26","71700","100","20230720","720","20230106","516"
"9846","天満屋ストア","東証ST","小売","12370","11550000","0.93","10","11.21","0.51","95.57","2082.41","107100","100","20230705","1184","20230227","1004"
"9849","共同紙販ホールディングス","東証ST","卸売","3357","735344","1.1","50","29.11","0.8","156.83","5724.7","456500","100","20230301","4740","20230330","4315"
"9850","グルメ杵屋","東証PR","小売","24033","22910275","-","-","58.67","3.12","17.88","335.94","104900","100","20230518","1100","20230105","981"
"9852","CBグループマネジメント","東証ST","卸売","10635","2461848","2.31","100","5.64","0.42","765.4","10396.98","432000","100","20230720","4385","20230113","2940"
"9853","銀座ルノアール","東証ST","小売","5320","6252004","0.35","3","62.62","1.61","13.59","529.42","85100","100","20230329","873","20230330","821"
"9854","愛眼","東証ST","小売","3899","21076154","0","0","27.82","0.3","6.65","625.78","18500","100","20230616","198","20230120","164"
"9856","ケーユーホールディングス","東証ST","小売","53657","44126024","4.36","53","6.98","0.67","174.23","1801.55","121600","100","20230309","1640","20230714","1169"
"9857","英和","東証ST","卸売","10158","6470000","3.5","55","7.5","0.71","209.36","2207.34","157000","100","20230724","1578","20230110","1231"
"9861","吉野家ホールディングス","東証PR","小売","177804","65129558","0.37","10","73.57","3.16","37.11","864.69","273000","100","20230724","2772","20230105","2238"
"9867","ソレキア","東証ST","卸売","4690","865301","0.92","50","7.1","0.52","763.71","10411.04","542000","100","20230315","7070","20230105","4535"
"9869","加藤産業","東証PR","卸売","133875","35000000","2.54","97","11.38","0.92","336.06","4170.03","382500","100","20230614","4030","20230411","3300"
"9872","北恵","東証ST","卸売","7959","10011841","3.84","30.5","11.49","0.57","69.2","1396.54","79500","100","20230703","820","20230104","660"
"9873","日本KFCホールディングス","東証ST","小売","66060","22423761","1.7","50","32.82","2.36","89.77","1247.83","294600","100","20230720","2975","20230104","2727"
"9876","コックス","東証ST","小売","4517","27711028","0","0","12.51","0.67","13.03","242.32","16300","100","20230111","199","20230217","145"
"9878","セキド","東証ST","小売","1394","2040928","1.46","10","33.14","1.61","20.61","424.45","68300","100","20230705","872","20230609","611"
"9880","イノテック","東証PR","電気機器","22838","13700000","4.2","70","10.95","0.93","152.19","1796.3","166700","100","20230704","1710","20230105","1263"
"9882","イエローハット","東証PR","卸売","92108","49923146","3.58","66","7.96","0.8","231.66","2306.5","184500","100","20230428","1944","20230116","1687"
"9885","シャルレ","東証ST","卸売","5727","16086250","2.25","8","-","0.32","-3.79","1124.45","35600","100","20230510","409","20230621","338"
"9887","松屋フーズホールディングス","東証PR","小売","79211","19063968","0.58","24","198.05","1.91","20.98","2171.84","415500","100","20230509","4355","20230110","3860"
"9888","UEX","東証ST","卸売","15792","12000000","-","-","7.25","0.88","181.5","1493.14","131600","100","20230309","1680","20230105","969"
"9889","JBCCホールディングス","東証PR","情報通信","44701","17773743","3.18","80","13.89","1.99","181.01","1262.77","251500","100","20230629","2624","20230106","1738"
"9890","マキヤ","東証ST","小売","8875","10540200","2.38","20","7.08","0.47","119","1781.07","84200","100","20230725","853","20230105","695"
"9895","コンセック","東証ST","卸売","2067","1864011","2.25","25","19.89","0.26","55.77","4219.9","110900","100","20230329","1160","20230113","1055"
"9896","JKホールディングス","東証PR","卸売","31350","31040016","3.96","40","5.84","0.52","172.88","1937.49","101000","100","20230308","1220","20230601","942"
"9900","サガミホールディングス","東証PR","小売","39514","30301784","0.38","5","98.71","2.47","13.21","528.51","130400","100","20230510","1364","20230105","1176"
"9902","日伝","東証PR","卸売","77228","31886000","2.68","65","17.69","0.88","136.93","2748.72","242200","100","20230706","2477","20230106","1671"
"9903","カンセキ","東証ST","小売","11914","8050000","1.62","24","12.18","0.99","121.51","1497.17","148000","100","20230113","1598","20230403","1386"
"9904","ベリテ","東証ST","小売","10266","27230825","5.33","20.1","18.01","2.29","20.93","164.32","37700","100","20230626","381","20230110","346"
"9906","藤井産業","東証ST","卸売","19930","10010000","3.26","65","6.02","0.54","330.8","3665.24","199100","100","20230704","2214","20230104","1328"
"9908","日本電計","東証ST","卸売","25883","11818507","3.65","80","9.05","1","242.05","2179.66","219000","100","20230725","2197","20230106","1447"
"9913","日邦産業","東証ST","卸売","9638","9127338","3.79","40","7.41","0.75","142.45","1405.26","105600","100","20230724","1125","20230113","690"
"9914","植松商会","東証ST","卸売","1781","2340000","3.29","25","22.36","0.62","34.04","1235.22","76100","100","20230309","915","20230330","625"
"9919","関西フードマーケット","東証ST","小売","90999","63858804","1.26","18","18.3","1.24","77.87","1152.05","142500","100","20230515","1753","20230106","1228"
"9927","ワットマン","東証ST","小売","8813","9094832","1.55","15","18.63","2.96","52.01","327.37","96900","100","20230703","1090","20230213","560"
"9928","ミロク情報サービス","東証PR","情報通信","57291","34806286","2.73","45","11.99","2.02","137.32","813.13","164600","100","20230209","1881","20230116","1409"
"9929","平和紙業","東証ST","卸売","4168","10116917","2.91","12","28.45","0.41","14.48","994.73","41200","100","20230213","446","20230330","402"
"9930","北沢産業","東証ST","卸売","8146","23818257","1.46","5","15.89","0.68","21.52","503.52","34200","100","20230508","503","20230112","189"
"9932","杉本商事","東証PR","卸売","24166","11399237","3.3","70","11.71","0.63","181.08","3357.85","212000","100","20230629","2257","20230110","1895"
"9934","因幡電機産業","東証PR","卸売","177720","56419000","3.81","120","12.26","1.17","256.85","2703.15","315000","100","20230622","3400","20230116","2632"
"9936","王将フードサービス","東証PR","小売","156251","23286230","2.01","135","23.42","2.01","286.52","3337.95","671000","100","20230703","6780","20230116","5870"
"9941","太洋物産","東証ST","卸売","1975","1934019","0","0","-","4.11","-","248.61","102100","100","20230707","1100","20230104","965"
"9946","ミニストップ","東証PR","小売","43060","29372774","1.36","20","456.7","1.06","3.21","1379.47","146600","100","20230712","1488","20230320","1370"
"9948","アークス","東証PR","小売","140493","57649868","2.38","58","13.69","0.79","177.98","3102.94","243700","100","20230705","2616","20230116","2069"
"9950","ハチバン","東証ST","小売","9711","3068111","0.63","20","114.34","2.87","27.68","1101.1","316500","100","20230501","3195","20230317","3055"
"9955","ヨンキュウ","東証ST","卸売","27660","12266022","-","-","19.68","0.79","114.58","2856.75","225500","100","20230118","3110","20230626","2205"
"9956","バローホールディングス","東証PR","小売","111268","53987499","2.91","60","11.87","0.72","173.64","2851.73","206100","100","20230516","2139","20230110","1757"
"9959","アシードホールディングス","東証ST","小売","7746","13495248","2.79","16","10.39","1.2","55.23","477.61","57400","100","20230419","660","20230406","536"
"9960","東テク","東証PR","卸売","73857","13988000","3.45","182","11.66","1.59","452.97","3323.65","528000","100","20230704","5590","20230105","3210"
"9962","ミスミグループ本社","東証PR","卸売","775643","284691897","1.22","33.22","20.51","2.49","132.84","1093.98","272450","100","20230519","3590","20230724","2716"
"9967","堺商事","東証ST","卸売","8503","1813090","0","0","22.37","0.89","209.62","5282.35","469000","100","20230616","4700","20230110","2940"
"9969","ショクブン","東証ST","小売","4458","17691669","1.98","5","19.03","1.47","13.24","171.44","25200","100","20230418","274","20230113","219"
"9972","アルテック","東証ST","卸売","3925","15153000","2.7","7","11.86","0.3","21.83","877.21","25900","100","20230308","332","20230602","242"
"9973","小僧寿し","東証ST","小売","4322","205821340","0","0","-","8.17","-0.1","2.57","2100","100","20230622","28","20230328","17"
"9974","ベルク","東証PR","小売","137310","20867800","1.43","94","14.87","1.47","442.38","4475.23","658000","100","20230711","7010","20230118","5320"
"9976","セキチュー","東証ST","小売","6955","5586150","1.61","20","14.9","0.62","83.55","2001.32","124500","100","20230330","1325","20230110","1170"
"9977","アオキスーパー","東証ST","小売","15969","6250000","2.35","60","36.85","0.69","69.34","3693.42","255500","100","20230706","2915","20230116","2115"
"9978","文教堂グループホールディングス","東証ST","小売","1674","42912340","0","0","16.74","-","2.33","-9.46","3900","100","20230125","48","20230501","39"
"9979","大庄","東証ST","小売","24188","21198962","-","-","-","2.64","-43.22","432.72","114100","100","20230510","1197","20230117","1001"
"9980","MRKホールディングス","東証ST","小売","11142","101295071","0.91","1","21.03","0.78","5.23","140.7","11000","100","20230310","124","20230104","105"
"9982","タキヒヨー","東証ST","卸売","11486","9500000","1.65","20","27.86","0.39","43.4","3123.85","120900","100","20230711","1390","20230106","812"
"9983","ファーストリテイリング","東証PR","小売","10879975","318220968","0.82","280","40.32","6.19","847.96","5527.11","3419000","100","20230619","37550","20230116","23690"
"9984","ソフトバンクグループ","東証PR","情報通信","10239987","1469995230","0.63","44","-","1.18","-","5888.94","696600","100","20230714","7139","20230316","4766"
"9986","蔵王産業","東証ST","卸売","15402","6266000","4.07","100","13.62","1.07","180.48","2296.65","245800","100","20230314","2507","20230106","1720"
"9987","スズケン","東証PR","卸売","339776","82831904","1.95","80","26.11","0.83","157.13","4970.38","410200","100","20230724","4109","20230323","3210"
"9989","サンドラッグ","東証PR","小売","493554","119331184","2.76","114","18.39","2.05","224.93","2020.97","413600","100","20230522","4395","20230316","3430"
"9990","サックスバーホールディングス","東証PR","小売","30786","29859900","2.91","30","13.83","1.16","74.54","892.02","103100","100","20230525","1066","20230105","725"
"9991","ジェコス","東証PR","卸売","30011","33795746","3.94","35","9.09","0.51","97.65","1748.77","88800","100","20230425","944","20230104","821"
"9993","ヤマザワ","東証ST","小売","13822","10960825","2.14","27","84.86","0.47","14.86","2706.07","126100","100","20230217","1477","20230316","1210"
"9994","やまや","東証ST","小売","29127","10847870","1.94","52","13.86","1.01","193.7","2660.96","268500","100","20230512","2770","20230113","2468"
"9995","グローセル","東証PR","卸売","12431","29526800","2.85","12","17.02","0.48","24.74","872.11","42100","100","20230313","440","20230601","395"
"9996","サトー商会","東証ST","卸売","11349","9152640","2.74","34","11.94","0.43","103.83","2916.52","124000","100","20230511","1300","20230104","1132"
"9997","ベルーナ","東証PR","小売","68557","97244472","2.91","20.5","7.25","0.54","97.22","1297.92","70500","100","20230515","769","20230113","661"
